ISO-10303-21;
HEADER;
/* Generated by software containing ST-Developer
 * from STEP Tools, Inc. (www.steptools.com) 
 */

FILE_DESCRIPTION(
/* description */ (''),
/* implementation_level */ '2;1');

FILE_NAME(
/* name */ 'JetsonAndBatteryV3.step',
/* time_stamp */ '2026-08-28T12:30:31+07:00',
/* author */ (''),
/* organization */ (''),
/* preprocessor_version */ 'ST-DEVELOPER v20.1',
/* originating_system */ 'Autodesk Translation Framework v15.8.0.0',
/* authorisation */ '');

FILE_SCHEMA (('AUTOMOTIVE_DESIGN { 1 0 10303 214 3 1 1 }'));
ENDSEC;

DATA;
#10=MECHANICAL_DESIGN_GEOMETRIC_PRESENTATION_REPRESENTATION('',(#13),#10247);
#11=SHAPE_REPRESENTATION_RELATIONSHIP('SRR','None',#10253,#12);
#12=ADVANCED_BREP_SHAPE_REPRESENTATION('',(#14),#10246);
#13=STYLED_ITEM('',(#10262),#14);
#14=MANIFOLD_SOLID_BREP('Chassis',#5820);
#15=TOROIDAL_SURFACE('',#6493,0.39,0.01);
#16=TOROIDAL_SURFACE('',#6498,0.39,0.01);
#17=(
BOUNDED_SURFACE()
B_SPLINE_SURFACE(2,2,((#8604,#8605,#8606),(#8607,#8608,#8609),(#8610,#8611,
#8612)),.UNSPECIFIED.,.F.,.F.,.F.)
B_SPLINE_SURFACE_WITH_KNOTS((3,3),(3,3),(-2.17499249278043,-1.5707963267949),
(2.01739383968448,3.14159265358979),.UNSPECIFIED.)
GEOMETRIC_REPRESENTATION_ITEM()
RATIONAL_B_SPLINE_SURFACE(((1.,0.846138068693725,1.),(0.954714360988857,
0.807820165561275,0.954714360988857),(1.,0.846138068693725,1.)))
REPRESENTATION_ITEM('')
SURFACE()
);
#18=(
BOUNDED_SURFACE()
B_SPLINE_SURFACE(2,2,((#8636,#8637,#8638),(#8639,#8640,#8641),(#8642,#8643,
#8644)),.UNSPECIFIED.,.F.,.F.,.F.)
B_SPLINE_SURFACE_WITH_KNOTS((3,3),(3,3),(-2.17499249278043,-1.5707963267949),
(-3.14159265358979,-2.01739383968448),.UNSPECIFIED.)
GEOMETRIC_REPRESENTATION_ITEM()
RATIONAL_B_SPLINE_SURFACE(((1.,0.846138068693725,1.),(0.954714360988858,
0.807820165561276,0.954714360988858),(1.,0.846138068693725,1.)))
REPRESENTATION_ITEM('')
SURFACE()
);
#19=ELLIPSE('',#5846,0.582494635168428,0.57);
#20=ELLIPSE('',#5847,0.582494635168428,0.57);
#21=ELLIPSE('',#5849,0.582494635168428,0.57);
#22=ELLIPSE('',#5850,0.582494635168428,0.57);
#23=ELLIPSE('',#5872,0.522015325445527,0.5);
#24=ELLIPSE('',#5873,0.522015325445527,0.5);
#25=ELLIPSE('',#6084,0.240002794136884,0.24);
#26=ELLIPSE('',#6085,0.240002794136884,0.24);
#27=ELLIPSE('',#6503,0.014142135623731,0.01);
#28=B_SPLINE_SURFACE_WITH_KNOTS('',3,3,((#8498,#8499,#8500,#8501,#8502,
#8503,#8504,#8505),(#8506,#8507,#8508,#8509,#8510,#8511,#8512,#8513),(#8514,
#8515,#8516,#8517,#8518,#8519,#8520,#8521),(#8522,#8523,#8524,#8525,#8526,
#8527,#8528,#8529),(#8530,#8531,#8532,#8533,#8534,#8535,#8536,#8537),(#8538,
#8539,#8540,#8541,#8542,#8543,#8544,#8545)),.UNSPECIFIED.,.F.,.F.,.F.,(4,
1,1,4),(4,1,1,1,1,4),(0.,0.285714285714286,0.571428571428571,1.),(3.75856753128308E-15,
0.224399475256417,0.44879895051283,0.673198425769244,1.12199737628207,1.5707963267949),
 .UNSPECIFIED.);
#29=B_SPLINE_SURFACE_WITH_KNOTS('',3,3,((#8551,#8552,#8553,#8554,#8555,
#8556,#8557),(#8558,#8559,#8560,#8561,#8562,#8563,#8564),(#8565,#8566,#8567,
#8568,#8569,#8570,#8571),(#8572,#8573,#8574,#8575,#8576,#8577,#8578),(#8579,
#8580,#8581,#8582,#8583,#8584,#8585),(#8586,#8587,#8588,#8589,#8590,#8591,
#8592)),.UNSPECIFIED.,.F.,.F.,.F.,(4,1,1,4),(4,1,1,1,4),(0.,0.285714285714286,
0.571428571428571,1.),(0.,0.224399475256414,0.673198425769241,1.12199737628207,
1.5707963267949),.UNSPECIFIED.);
#30=B_SPLINE_SURFACE_WITH_KNOTS('',3,3,((#8685,#8686,#8687,#8688,#8689,
#8690,#8691),(#8692,#8693,#8694,#8695,#8696,#8697,#8698),(#8699,#8700,#8701,
#8702,#8703,#8704,#8705),(#8706,#8707,#8708,#8709,#8710,#8711,#8712),(#8713,
#8714,#8715,#8716,#8717,#8718,#8719)),.UNSPECIFIED.,.F.,.F.,.F.,(4,1,4),
(4,1,1,1,4),(0.,0.571428571428571,1.),(-5.52798547677943E-17,0.224399475256414,
0.448798950512827,0.897597901025655,1.5707963267949),.UNSPECIFIED.);
#31=FACE_BOUND('',#681,.T.);
#32=FACE_BOUND('',#682,.T.);
#33=FACE_BOUND('',#683,.T.);
#34=FACE_BOUND('',#684,.T.);
#35=FACE_BOUND('',#688,.T.);
#36=FACE_BOUND('',#689,.T.);
#37=FACE_BOUND('',#690,.T.);
#38=FACE_BOUND('',#691,.T.);
#39=FACE_BOUND('',#700,.T.);
#40=FACE_BOUND('',#701,.T.);
#41=FACE_BOUND('',#702,.T.);
#42=FACE_BOUND('',#703,.T.);
#43=FACE_BOUND('',#704,.T.);
#44=FACE_BOUND('',#705,.T.);
#45=FACE_BOUND('',#706,.T.);
#46=FACE_BOUND('',#733,.T.);
#47=FACE_BOUND('',#736,.T.);
#48=FACE_BOUND('',#739,.T.);
#49=FACE_BOUND('',#742,.T.);
#50=FACE_BOUND('',#745,.T.);
#51=FACE_BOUND('',#748,.T.);
#52=FACE_BOUND('',#751,.T.);
#53=FACE_BOUND('',#762,.T.);
#54=FACE_BOUND('',#765,.T.);
#55=FACE_BOUND('',#768,.T.);
#56=FACE_BOUND('',#771,.T.);
#57=FACE_BOUND('',#782,.T.);
#58=FACE_BOUND('',#785,.T.);
#59=FACE_BOUND('',#788,.T.);
#60=FACE_BOUND('',#791,.T.);
#61=FACE_BOUND('',#800,.T.);
#62=FACE_BOUND('',#803,.T.);
#63=FACE_BOUND('',#806,.T.);
#64=FACE_BOUND('',#843,.T.);
#65=FACE_BOUND('',#846,.T.);
#66=FACE_BOUND('',#849,.T.);
#67=FACE_BOUND('',#852,.T.);
#68=FACE_BOUND('',#855,.T.);
#69=FACE_BOUND('',#858,.T.);
#70=FACE_BOUND('',#861,.T.);
#71=FACE_BOUND('',#864,.T.);
#72=FACE_BOUND('',#867,.T.);
#73=FACE_BOUND('',#870,.T.);
#74=FACE_BOUND('',#873,.T.);
#75=FACE_BOUND('',#876,.T.);
#76=FACE_BOUND('',#879,.T.);
#77=FACE_BOUND('',#882,.T.);
#78=FACE_BOUND('',#885,.T.);
#79=FACE_BOUND('',#912,.T.);
#80=FACE_BOUND('',#914,.T.);
#81=FACE_BOUND('',#916,.T.);
#82=FACE_BOUND('',#919,.T.);
#83=FACE_BOUND('',#921,.T.);
#84=FACE_BOUND('',#927,.T.);
#85=FACE_BOUND('',#930,.T.);
#86=FACE_BOUND('',#933,.T.);
#87=FACE_BOUND('',#936,.T.);
#88=FACE_BOUND('',#939,.T.);
#89=FACE_BOUND('',#942,.T.);
#90=FACE_BOUND('',#960,.T.);
#91=FACE_BOUND('',#963,.T.);
#92=FACE_BOUND('',#970,.T.);
#93=FACE_BOUND('',#972,.T.);
#94=FACE_BOUND('',#974,.T.);
#95=FACE_BOUND('',#976,.T.);
#96=FACE_BOUND('',#980,.T.);
#97=FACE_BOUND('',#982,.T.);
#98=FACE_BOUND('',#991,.T.);
#99=FACE_BOUND('',#995,.T.);
#100=FACE_BOUND('',#1077,.T.);
#101=FACE_BOUND('',#1078,.T.);
#102=FACE_BOUND('',#1079,.T.);
#103=FACE_BOUND('',#1080,.T.);
#104=FACE_BOUND('',#1081,.T.);
#105=FACE_BOUND('',#1085,.T.);
#106=FACE_BOUND('',#1086,.T.);
#107=FACE_BOUND('',#1087,.T.);
#108=FACE_BOUND('',#1088,.T.);
#109=FACE_BOUND('',#1089,.T.);
#110=FACE_BOUND('',#1100,.T.);
#111=FACE_BOUND('',#1101,.T.);
#112=FACE_BOUND('',#1102,.T.);
#113=FACE_BOUND('',#1103,.T.);
#114=FACE_BOUND('',#1104,.T.);
#115=FACE_BOUND('',#1105,.T.);
#116=FACE_BOUND('',#1106,.T.);
#117=FACE_BOUND('',#1107,.T.);
#118=FACE_BOUND('',#1108,.T.);
#119=FACE_BOUND('',#1109,.T.);
#120=FACE_BOUND('',#1110,.T.);
#121=FACE_BOUND('',#1111,.T.);
#122=FACE_BOUND('',#1112,.T.);
#123=FACE_BOUND('',#1113,.T.);
#124=FACE_BOUND('',#1114,.T.);
#125=FACE_BOUND('',#1115,.T.);
#126=FACE_BOUND('',#1116,.T.);
#127=FACE_BOUND('',#1117,.T.);
#128=FACE_BOUND('',#1118,.T.);
#129=FACE_BOUND('',#1124,.T.);
#130=FACE_BOUND('',#1125,.T.);
#131=FACE_BOUND('',#1126,.T.);
#132=FACE_BOUND('',#1127,.T.);
#133=FACE_BOUND('',#1128,.T.);
#134=FACE_BOUND('',#1129,.T.);
#135=FACE_BOUND('',#1130,.T.);
#136=PLANE('',#5828);
#137=PLANE('',#5832);
#138=PLANE('',#5838);
#139=PLANE('',#5839);
#140=PLANE('',#5840);
#141=PLANE('',#5859);
#142=PLANE('',#5871);
#143=PLANE('',#5879);
#144=PLANE('',#5880);
#145=PLANE('',#5881);
#146=PLANE('',#5887);
#147=PLANE('',#5891);
#148=PLANE('',#5895);
#149=PLANE('',#5899);
#150=PLANE('',#5903);
#151=PLANE('',#5907);
#152=PLANE('',#5911);
#153=PLANE('',#5914);
#154=PLANE('',#5917);
#155=PLANE('',#5920);
#156=PLANE('',#5923);
#157=PLANE('',#5926);
#158=PLANE('',#5929);
#159=PLANE('',#5932);
#160=PLANE('',#5936);
#161=PLANE('',#5940);
#162=PLANE('',#5944);
#163=PLANE('',#5948);
#164=PLANE('',#5952);
#165=PLANE('',#5956);
#166=PLANE('',#5960);
#167=PLANE('',#5964);
#168=PLANE('',#5968);
#169=PLANE('',#5972);
#170=PLANE('',#5976);
#171=PLANE('',#5980);
#172=PLANE('',#5983);
#173=PLANE('',#5986);
#174=PLANE('',#5989);
#175=PLANE('',#5992);
#176=PLANE('',#5996);
#177=PLANE('',#6000);
#178=PLANE('',#6004);
#179=PLANE('',#6007);
#180=PLANE('',#6010);
#181=PLANE('',#6013);
#182=PLANE('',#6017);
#183=PLANE('',#6021);
#184=PLANE('',#6025);
#185=PLANE('',#6029);
#186=PLANE('',#6033);
#187=PLANE('',#6037);
#188=PLANE('',#6041);
#189=PLANE('',#6045);
#190=PLANE('',#6049);
#191=PLANE('',#6050);
#192=PLANE('',#6056);
#193=PLANE('',#6062);
#194=PLANE('',#6068);
#195=PLANE('',#6074);
#196=PLANE('',#6080);
#197=PLANE('',#6086);
#198=PLANE('',#6090);
#199=PLANE('',#6093);
#200=PLANE('',#6094);
#201=PLANE('',#6098);
#202=PLANE('',#6102);
#203=PLANE('',#6106);
#204=PLANE('',#6110);
#205=PLANE('',#6114);
#206=PLANE('',#6118);
#207=PLANE('',#6122);
#208=PLANE('',#6126);
#209=PLANE('',#6130);
#210=PLANE('',#6134);
#211=PLANE('',#6138);
#212=PLANE('',#6142);
#213=PLANE('',#6146);
#214=PLANE('',#6150);
#215=PLANE('',#6154);
#216=PLANE('',#6155);
#217=PLANE('',#6157);
#218=PLANE('',#6160);
#219=PLANE('',#6162);
#220=PLANE('',#6164);
#221=PLANE('',#6166);
#222=PLANE('',#6168);
#223=PLANE('',#6170);
#224=PLANE('',#6173);
#225=PLANE('',#6175);
#226=PLANE('',#6177);
#227=PLANE('',#6178);
#228=PLANE('',#6179);
#229=PLANE('',#6180);
#230=PLANE('',#6181);
#231=PLANE('',#6182);
#232=PLANE('',#6183);
#233=PLANE('',#6184);
#234=PLANE('',#6187);
#235=PLANE('',#6188);
#236=PLANE('',#6189);
#237=PLANE('',#6190);
#238=PLANE('',#6191);
#239=PLANE('',#6192);
#240=PLANE('',#6193);
#241=PLANE('',#6201);
#242=PLANE('',#6207);
#243=PLANE('',#6211);
#244=PLANE('',#6216);
#245=PLANE('',#6220);
#246=PLANE('',#6224);
#247=PLANE('',#6228);
#248=PLANE('',#6232);
#249=PLANE('',#6236);
#250=PLANE('',#6237);
#251=PLANE('',#6238);
#252=PLANE('',#6245);
#253=PLANE('',#6249);
#254=PLANE('',#6256);
#255=PLANE('',#6263);
#256=PLANE('',#6273);
#257=PLANE('',#6277);
#258=PLANE('',#6291);
#259=PLANE('',#6294);
#260=PLANE('',#6297);
#261=PLANE('',#6299);
#262=PLANE('',#6305);
#263=PLANE('',#6307);
#264=PLANE('',#6321);
#265=PLANE('',#6322);
#266=PLANE('',#6323);
#267=PLANE('',#6324);
#268=PLANE('',#6325);
#269=PLANE('',#6326);
#270=PLANE('',#6327);
#271=PLANE('',#6339);
#272=PLANE('',#6353);
#273=PLANE('',#6354);
#274=PLANE('',#6356);
#275=PLANE('',#6376);
#276=PLANE('',#6378);
#277=PLANE('',#6382);
#278=PLANE('',#6383);
#279=PLANE('',#6390);
#280=PLANE('',#6395);
#281=PLANE('',#6397);
#282=PLANE('',#6399);
#283=PLANE('',#6400);
#284=PLANE('',#6401);
#285=PLANE('',#6403);
#286=PLANE('',#6415);
#287=PLANE('',#6416);
#288=PLANE('',#6435);
#289=PLANE('',#6436);
#290=PLANE('',#6437);
#291=PLANE('',#6456);
#292=PLANE('',#6458);
#293=PLANE('',#6460);
#294=PLANE('',#6461);
#295=PLANE('',#6468);
#296=PLANE('',#6470);
#297=PLANE('',#6474);
#298=PLANE('',#6475);
#299=PLANE('',#6479);
#300=PLANE('',#6486);
#301=PLANE('',#6487);
#302=PLANE('',#6491);
#303=PLANE('',#6492);
#304=PLANE('',#6500);
#305=PLANE('',#6501);
#306=PLANE('',#6504);
#307=PLANE('',#6505);
#308=PLANE('',#6509);
#309=PLANE('',#6511);
#310=PLANE('',#6512);
#311=PLANE('',#6513);
#312=PLANE('',#6514);
#313=PLANE('',#6515);
#314=PLANE('',#6516);
#315=PLANE('',#6517);
#316=PLANE('',#6518);
#317=PLANE('',#6519);
#318=PLANE('',#6520);
#319=PLANE('',#6521);
#320=PLANE('',#6522);
#321=PLANE('',#6523);
#322=PLANE('',#6524);
#323=FACE_OUTER_BOUND('',#676,.T.);
#324=FACE_OUTER_BOUND('',#677,.T.);
#325=FACE_OUTER_BOUND('',#678,.T.);
#326=FACE_OUTER_BOUND('',#679,.T.);
#327=FACE_OUTER_BOUND('',#680,.T.);
#328=FACE_OUTER_BOUND('',#685,.T.);
#329=FACE_OUTER_BOUND('',#686,.T.);
#330=FACE_OUTER_BOUND('',#687,.T.);
#331=FACE_OUTER_BOUND('',#692,.T.);
#332=FACE_OUTER_BOUND('',#693,.T.);
#333=FACE_OUTER_BOUND('',#694,.T.);
#334=FACE_OUTER_BOUND('',#695,.T.);
#335=FACE_OUTER_BOUND('',#696,.T.);
#336=FACE_OUTER_BOUND('',#697,.T.);
#337=FACE_OUTER_BOUND('',#698,.T.);
#338=FACE_OUTER_BOUND('',#699,.T.);
#339=FACE_OUTER_BOUND('',#707,.T.);
#340=FACE_OUTER_BOUND('',#708,.T.);
#341=FACE_OUTER_BOUND('',#709,.T.);
#342=FACE_OUTER_BOUND('',#710,.T.);
#343=FACE_OUTER_BOUND('',#711,.T.);
#344=FACE_OUTER_BOUND('',#712,.T.);
#345=FACE_OUTER_BOUND('',#713,.T.);
#346=FACE_OUTER_BOUND('',#714,.T.);
#347=FACE_OUTER_BOUND('',#715,.T.);
#348=FACE_OUTER_BOUND('',#716,.T.);
#349=FACE_OUTER_BOUND('',#717,.T.);
#350=FACE_OUTER_BOUND('',#718,.T.);
#351=FACE_OUTER_BOUND('',#719,.T.);
#352=FACE_OUTER_BOUND('',#720,.T.);
#353=FACE_OUTER_BOUND('',#721,.T.);
#354=FACE_OUTER_BOUND('',#722,.T.);
#355=FACE_OUTER_BOUND('',#723,.T.);
#356=FACE_OUTER_BOUND('',#724,.T.);
#357=FACE_OUTER_BOUND('',#725,.T.);
#358=FACE_OUTER_BOUND('',#726,.T.);
#359=FACE_OUTER_BOUND('',#727,.T.);
#360=FACE_OUTER_BOUND('',#728,.T.);
#361=FACE_OUTER_BOUND('',#729,.T.);
#362=FACE_OUTER_BOUND('',#730,.T.);
#363=FACE_OUTER_BOUND('',#731,.T.);
#364=FACE_OUTER_BOUND('',#732,.T.);
#365=FACE_OUTER_BOUND('',#734,.T.);
#366=FACE_OUTER_BOUND('',#735,.T.);
#367=FACE_OUTER_BOUND('',#737,.T.);
#368=FACE_OUTER_BOUND('',#738,.T.);
#369=FACE_OUTER_BOUND('',#740,.T.);
#370=FACE_OUTER_BOUND('',#741,.T.);
#371=FACE_OUTER_BOUND('',#743,.T.);
#372=FACE_OUTER_BOUND('',#744,.T.);
#373=FACE_OUTER_BOUND('',#746,.T.);
#374=FACE_OUTER_BOUND('',#747,.T.);
#375=FACE_OUTER_BOUND('',#749,.T.);
#376=FACE_OUTER_BOUND('',#750,.T.);
#377=FACE_OUTER_BOUND('',#752,.T.);
#378=FACE_OUTER_BOUND('',#753,.T.);
#379=FACE_OUTER_BOUND('',#754,.T.);
#380=FACE_OUTER_BOUND('',#755,.T.);
#381=FACE_OUTER_BOUND('',#756,.T.);
#382=FACE_OUTER_BOUND('',#757,.T.);
#383=FACE_OUTER_BOUND('',#758,.T.);
#384=FACE_OUTER_BOUND('',#759,.T.);
#385=FACE_OUTER_BOUND('',#760,.T.);
#386=FACE_OUTER_BOUND('',#761,.T.);
#387=FACE_OUTER_BOUND('',#763,.T.);
#388=FACE_OUTER_BOUND('',#764,.T.);
#389=FACE_OUTER_BOUND('',#766,.T.);
#390=FACE_OUTER_BOUND('',#767,.T.);
#391=FACE_OUTER_BOUND('',#769,.T.);
#392=FACE_OUTER_BOUND('',#770,.T.);
#393=FACE_OUTER_BOUND('',#772,.T.);
#394=FACE_OUTER_BOUND('',#773,.T.);
#395=FACE_OUTER_BOUND('',#774,.T.);
#396=FACE_OUTER_BOUND('',#775,.T.);
#397=FACE_OUTER_BOUND('',#776,.T.);
#398=FACE_OUTER_BOUND('',#777,.T.);
#399=FACE_OUTER_BOUND('',#778,.T.);
#400=FACE_OUTER_BOUND('',#779,.T.);
#401=FACE_OUTER_BOUND('',#780,.T.);
#402=FACE_OUTER_BOUND('',#781,.T.);
#403=FACE_OUTER_BOUND('',#783,.T.);
#404=FACE_OUTER_BOUND('',#784,.T.);
#405=FACE_OUTER_BOUND('',#786,.T.);
#406=FACE_OUTER_BOUND('',#787,.T.);
#407=FACE_OUTER_BOUND('',#789,.T.);
#408=FACE_OUTER_BOUND('',#790,.T.);
#409=FACE_OUTER_BOUND('',#792,.T.);
#410=FACE_OUTER_BOUND('',#793,.T.);
#411=FACE_OUTER_BOUND('',#794,.T.);
#412=FACE_OUTER_BOUND('',#795,.T.);
#413=FACE_OUTER_BOUND('',#796,.T.);
#414=FACE_OUTER_BOUND('',#797,.T.);
#415=FACE_OUTER_BOUND('',#798,.T.);
#416=FACE_OUTER_BOUND('',#799,.T.);
#417=FACE_OUTER_BOUND('',#801,.T.);
#418=FACE_OUTER_BOUND('',#802,.T.);
#419=FACE_OUTER_BOUND('',#804,.T.);
#420=FACE_OUTER_BOUND('',#805,.T.);
#421=FACE_OUTER_BOUND('',#807,.T.);
#422=FACE_OUTER_BOUND('',#808,.T.);
#423=FACE_OUTER_BOUND('',#809,.T.);
#424=FACE_OUTER_BOUND('',#810,.T.);
#425=FACE_OUTER_BOUND('',#811,.T.);
#426=FACE_OUTER_BOUND('',#812,.T.);
#427=FACE_OUTER_BOUND('',#813,.T.);
#428=FACE_OUTER_BOUND('',#814,.T.);
#429=FACE_OUTER_BOUND('',#815,.T.);
#430=FACE_OUTER_BOUND('',#816,.T.);
#431=FACE_OUTER_BOUND('',#817,.T.);
#432=FACE_OUTER_BOUND('',#818,.T.);
#433=FACE_OUTER_BOUND('',#819,.T.);
#434=FACE_OUTER_BOUND('',#820,.T.);
#435=FACE_OUTER_BOUND('',#821,.T.);
#436=FACE_OUTER_BOUND('',#822,.T.);
#437=FACE_OUTER_BOUND('',#823,.T.);
#438=FACE_OUTER_BOUND('',#824,.T.);
#439=FACE_OUTER_BOUND('',#825,.T.);
#440=FACE_OUTER_BOUND('',#826,.T.);
#441=FACE_OUTER_BOUND('',#827,.T.);
#442=FACE_OUTER_BOUND('',#828,.T.);
#443=FACE_OUTER_BOUND('',#829,.T.);
#444=FACE_OUTER_BOUND('',#830,.T.);
#445=FACE_OUTER_BOUND('',#831,.T.);
#446=FACE_OUTER_BOUND('',#832,.T.);
#447=FACE_OUTER_BOUND('',#833,.T.);
#448=FACE_OUTER_BOUND('',#834,.T.);
#449=FACE_OUTER_BOUND('',#835,.T.);
#450=FACE_OUTER_BOUND('',#836,.T.);
#451=FACE_OUTER_BOUND('',#837,.T.);
#452=FACE_OUTER_BOUND('',#838,.T.);
#453=FACE_OUTER_BOUND('',#839,.T.);
#454=FACE_OUTER_BOUND('',#840,.T.);
#455=FACE_OUTER_BOUND('',#841,.T.);
#456=FACE_OUTER_BOUND('',#842,.T.);
#457=FACE_OUTER_BOUND('',#844,.T.);
#458=FACE_OUTER_BOUND('',#845,.T.);
#459=FACE_OUTER_BOUND('',#847,.T.);
#460=FACE_OUTER_BOUND('',#848,.T.);
#461=FACE_OUTER_BOUND('',#850,.T.);
#462=FACE_OUTER_BOUND('',#851,.T.);
#463=FACE_OUTER_BOUND('',#853,.T.);
#464=FACE_OUTER_BOUND('',#854,.T.);
#465=FACE_OUTER_BOUND('',#856,.T.);
#466=FACE_OUTER_BOUND('',#857,.T.);
#467=FACE_OUTER_BOUND('',#859,.T.);
#468=FACE_OUTER_BOUND('',#860,.T.);
#469=FACE_OUTER_BOUND('',#862,.T.);
#470=FACE_OUTER_BOUND('',#863,.T.);
#471=FACE_OUTER_BOUND('',#865,.T.);
#472=FACE_OUTER_BOUND('',#866,.T.);
#473=FACE_OUTER_BOUND('',#868,.T.);
#474=FACE_OUTER_BOUND('',#869,.T.);
#475=FACE_OUTER_BOUND('',#871,.T.);
#476=FACE_OUTER_BOUND('',#872,.T.);
#477=FACE_OUTER_BOUND('',#874,.T.);
#478=FACE_OUTER_BOUND('',#875,.T.);
#479=FACE_OUTER_BOUND('',#877,.T.);
#480=FACE_OUTER_BOUND('',#878,.T.);
#481=FACE_OUTER_BOUND('',#880,.T.);
#482=FACE_OUTER_BOUND('',#881,.T.);
#483=FACE_OUTER_BOUND('',#883,.T.);
#484=FACE_OUTER_BOUND('',#884,.T.);
#485=FACE_OUTER_BOUND('',#886,.T.);
#486=FACE_OUTER_BOUND('',#887,.T.);
#487=FACE_OUTER_BOUND('',#888,.T.);
#488=FACE_OUTER_BOUND('',#889,.T.);
#489=FACE_OUTER_BOUND('',#890,.T.);
#490=FACE_OUTER_BOUND('',#891,.T.);
#491=FACE_OUTER_BOUND('',#892,.T.);
#492=FACE_OUTER_BOUND('',#893,.T.);
#493=FACE_OUTER_BOUND('',#894,.T.);
#494=FACE_OUTER_BOUND('',#895,.T.);
#495=FACE_OUTER_BOUND('',#896,.T.);
#496=FACE_OUTER_BOUND('',#897,.T.);
#497=FACE_OUTER_BOUND('',#898,.T.);
#498=FACE_OUTER_BOUND('',#899,.T.);
#499=FACE_OUTER_BOUND('',#900,.T.);
#500=FACE_OUTER_BOUND('',#901,.T.);
#501=FACE_OUTER_BOUND('',#902,.T.);
#502=FACE_OUTER_BOUND('',#903,.T.);
#503=FACE_OUTER_BOUND('',#904,.T.);
#504=FACE_OUTER_BOUND('',#905,.T.);
#505=FACE_OUTER_BOUND('',#906,.T.);
#506=FACE_OUTER_BOUND('',#907,.T.);
#507=FACE_OUTER_BOUND('',#908,.T.);
#508=FACE_OUTER_BOUND('',#909,.T.);
#509=FACE_OUTER_BOUND('',#910,.T.);
#510=FACE_OUTER_BOUND('',#911,.T.);
#511=FACE_OUTER_BOUND('',#913,.T.);
#512=FACE_OUTER_BOUND('',#915,.T.);
#513=FACE_OUTER_BOUND('',#917,.T.);
#514=FACE_OUTER_BOUND('',#918,.T.);
#515=FACE_OUTER_BOUND('',#920,.T.);
#516=FACE_OUTER_BOUND('',#922,.T.);
#517=FACE_OUTER_BOUND('',#923,.T.);
#518=FACE_OUTER_BOUND('',#924,.T.);
#519=FACE_OUTER_BOUND('',#925,.T.);
#520=FACE_OUTER_BOUND('',#926,.T.);
#521=FACE_OUTER_BOUND('',#928,.T.);
#522=FACE_OUTER_BOUND('',#929,.T.);
#523=FACE_OUTER_BOUND('',#931,.T.);
#524=FACE_OUTER_BOUND('',#932,.T.);
#525=FACE_OUTER_BOUND('',#934,.T.);
#526=FACE_OUTER_BOUND('',#935,.T.);
#527=FACE_OUTER_BOUND('',#937,.T.);
#528=FACE_OUTER_BOUND('',#938,.T.);
#529=FACE_OUTER_BOUND('',#940,.T.);
#530=FACE_OUTER_BOUND('',#941,.T.);
#531=FACE_OUTER_BOUND('',#943,.T.);
#532=FACE_OUTER_BOUND('',#944,.T.);
#533=FACE_OUTER_BOUND('',#945,.T.);
#534=FACE_OUTER_BOUND('',#946,.T.);
#535=FACE_OUTER_BOUND('',#947,.T.);
#536=FACE_OUTER_BOUND('',#948,.T.);
#537=FACE_OUTER_BOUND('',#949,.T.);
#538=FACE_OUTER_BOUND('',#950,.T.);
#539=FACE_OUTER_BOUND('',#951,.T.);
#540=FACE_OUTER_BOUND('',#952,.T.);
#541=FACE_OUTER_BOUND('',#953,.T.);
#542=FACE_OUTER_BOUND('',#954,.T.);
#543=FACE_OUTER_BOUND('',#955,.T.);
#544=FACE_OUTER_BOUND('',#956,.T.);
#545=FACE_OUTER_BOUND('',#957,.T.);
#546=FACE_OUTER_BOUND('',#958,.T.);
#547=FACE_OUTER_BOUND('',#959,.T.);
#548=FACE_OUTER_BOUND('',#961,.T.);
#549=FACE_OUTER_BOUND('',#962,.T.);
#550=FACE_OUTER_BOUND('',#964,.T.);
#551=FACE_OUTER_BOUND('',#965,.T.);
#552=FACE_OUTER_BOUND('',#966,.T.);
#553=FACE_OUTER_BOUND('',#967,.T.);
#554=FACE_OUTER_BOUND('',#968,.T.);
#555=FACE_OUTER_BOUND('',#969,.T.);
#556=FACE_OUTER_BOUND('',#971,.T.);
#557=FACE_OUTER_BOUND('',#973,.T.);
#558=FACE_OUTER_BOUND('',#975,.T.);
#559=FACE_OUTER_BOUND('',#977,.T.);
#560=FACE_OUTER_BOUND('',#978,.T.);
#561=FACE_OUTER_BOUND('',#979,.T.);
#562=FACE_OUTER_BOUND('',#981,.T.);
#563=FACE_OUTER_BOUND('',#983,.T.);
#564=FACE_OUTER_BOUND('',#984,.T.);
#565=FACE_OUTER_BOUND('',#985,.T.);
#566=FACE_OUTER_BOUND('',#986,.T.);
#567=FACE_OUTER_BOUND('',#987,.T.);
#568=FACE_OUTER_BOUND('',#988,.T.);
#569=FACE_OUTER_BOUND('',#989,.T.);
#570=FACE_OUTER_BOUND('',#990,.T.);
#571=FACE_OUTER_BOUND('',#992,.T.);
#572=FACE_OUTER_BOUND('',#993,.T.);
#573=FACE_OUTER_BOUND('',#994,.T.);
#574=FACE_OUTER_BOUND('',#996,.T.);
#575=FACE_OUTER_BOUND('',#997,.T.);
#576=FACE_OUTER_BOUND('',#998,.T.);
#577=FACE_OUTER_BOUND('',#999,.T.);
#578=FACE_OUTER_BOUND('',#1000,.T.);
#579=FACE_OUTER_BOUND('',#1001,.T.);
#580=FACE_OUTER_BOUND('',#1002,.T.);
#581=FACE_OUTER_BOUND('',#1003,.T.);
#582=FACE_OUTER_BOUND('',#1004,.T.);
#583=FACE_OUTER_BOUND('',#1005,.T.);
#584=FACE_OUTER_BOUND('',#1006,.T.);
#585=FACE_OUTER_BOUND('',#1007,.T.);
#586=FACE_OUTER_BOUND('',#1008,.T.);
#587=FACE_OUTER_BOUND('',#1009,.T.);
#588=FACE_OUTER_BOUND('',#1010,.T.);
#589=FACE_OUTER_BOUND('',#1011,.T.);
#590=FACE_OUTER_BOUND('',#1012,.T.);
#591=FACE_OUTER_BOUND('',#1013,.T.);
#592=FACE_OUTER_BOUND('',#1014,.T.);
#593=FACE_OUTER_BOUND('',#1015,.T.);
#594=FACE_OUTER_BOUND('',#1016,.T.);
#595=FACE_OUTER_BOUND('',#1017,.T.);
#596=FACE_OUTER_BOUND('',#1018,.T.);
#597=FACE_OUTER_BOUND('',#1019,.T.);
#598=FACE_OUTER_BOUND('',#1020,.T.);
#599=FACE_OUTER_BOUND('',#1021,.T.);
#600=FACE_OUTER_BOUND('',#1022,.T.);
#601=FACE_OUTER_BOUND('',#1023,.T.);
#602=FACE_OUTER_BOUND('',#1024,.T.);
#603=FACE_OUTER_BOUND('',#1025,.T.);
#604=FACE_OUTER_BOUND('',#1026,.T.);
#605=FACE_OUTER_BOUND('',#1027,.T.);
#606=FACE_OUTER_BOUND('',#1028,.T.);
#607=FACE_OUTER_BOUND('',#1029,.T.);
#608=FACE_OUTER_BOUND('',#1030,.T.);
#609=FACE_OUTER_BOUND('',#1031,.T.);
#610=FACE_OUTER_BOUND('',#1032,.T.);
#611=FACE_OUTER_BOUND('',#1033,.T.);
#612=FACE_OUTER_BOUND('',#1034,.T.);
#613=FACE_OUTER_BOUND('',#1035,.T.);
#614=FACE_OUTER_BOUND('',#1036,.T.);
#615=FACE_OUTER_BOUND('',#1037,.T.);
#616=FACE_OUTER_BOUND('',#1038,.T.);
#617=FACE_OUTER_BOUND('',#1039,.T.);
#618=FACE_OUTER_BOUND('',#1040,.T.);
#619=FACE_OUTER_BOUND('',#1041,.T.);
#620=FACE_OUTER_BOUND('',#1042,.T.);
#621=FACE_OUTER_BOUND('',#1043,.T.);
#622=FACE_OUTER_BOUND('',#1044,.T.);
#623=FACE_OUTER_BOUND('',#1045,.T.);
#624=FACE_OUTER_BOUND('',#1046,.T.);
#625=FACE_OUTER_BOUND('',#1047,.T.);
#626=FACE_OUTER_BOUND('',#1048,.T.);
#627=FACE_OUTER_BOUND('',#1049,.T.);
#628=FACE_OUTER_BOUND('',#1050,.T.);
#629=FACE_OUTER_BOUND('',#1051,.T.);
#630=FACE_OUTER_BOUND('',#1052,.T.);
#631=FACE_OUTER_BOUND('',#1053,.T.);
#632=FACE_OUTER_BOUND('',#1054,.T.);
#633=FACE_OUTER_BOUND('',#1055,.T.);
#634=FACE_OUTER_BOUND('',#1056,.T.);
#635=FACE_OUTER_BOUND('',#1057,.T.);
#636=FACE_OUTER_BOUND('',#1058,.T.);
#637=FACE_OUTER_BOUND('',#1059,.T.);
#638=FACE_OUTER_BOUND('',#1060,.T.);
#639=FACE_OUTER_BOUND('',#1061,.T.);
#640=FACE_OUTER_BOUND('',#1062,.T.);
#641=FACE_OUTER_BOUND('',#1063,.T.);
#642=FACE_OUTER_BOUND('',#1064,.T.);
#643=FACE_OUTER_BOUND('',#1065,.T.);
#644=FACE_OUTER_BOUND('',#1066,.T.);
#645=FACE_OUTER_BOUND('',#1067,.T.);
#646=FACE_OUTER_BOUND('',#1068,.T.);
#647=FACE_OUTER_BOUND('',#1069,.T.);
#648=FACE_OUTER_BOUND('',#1070,.T.);
#649=FACE_OUTER_BOUND('',#1071,.T.);
#650=FACE_OUTER_BOUND('',#1072,.T.);
#651=FACE_OUTER_BOUND('',#1073,.T.);
#652=FACE_OUTER_BOUND('',#1074,.T.);
#653=FACE_OUTER_BOUND('',#1075,.T.);
#654=FACE_OUTER_BOUND('',#1076,.T.);
#655=FACE_OUTER_BOUND('',#1082,.T.);
#656=FACE_OUTER_BOUND('',#1083,.T.);
#657=FACE_OUTER_BOUND('',#1084,.T.);
#658=FACE_OUTER_BOUND('',#1090,.T.);
#659=FACE_OUTER_BOUND('',#1091,.T.);
#660=FACE_OUTER_BOUND('',#1092,.T.);
#661=FACE_OUTER_BOUND('',#1093,.T.);
#662=FACE_OUTER_BOUND('',#1094,.T.);
#663=FACE_OUTER_BOUND('',#1095,.T.);
#664=FACE_OUTER_BOUND('',#1096,.T.);
#665=FACE_OUTER_BOUND('',#1097,.T.);
#666=FACE_OUTER_BOUND('',#1098,.T.);
#667=FACE_OUTER_BOUND('',#1099,.T.);
#668=FACE_OUTER_BOUND('',#1119,.T.);
#669=FACE_OUTER_BOUND('',#1120,.T.);
#670=FACE_OUTER_BOUND('',#1121,.T.);
#671=FACE_OUTER_BOUND('',#1122,.T.);
#672=FACE_OUTER_BOUND('',#1123,.T.);
#673=FACE_OUTER_BOUND('',#1131,.T.);
#674=FACE_OUTER_BOUND('',#1132,.T.);
#675=FACE_OUTER_BOUND('',#1133,.T.);
#676=EDGE_LOOP('',(#3700,#3701,#3702,#3703,#3704,#3705,#3706,#3707));
#677=EDGE_LOOP('',(#3708,#3709,#3710,#3711,#3712));
#678=EDGE_LOOP('',(#3713,#3714,#3715));
#679=EDGE_LOOP('',(#3716,#3717,#3718,#3719,#3720));
#680=EDGE_LOOP('',(#3721,#3722,#3723,#3724,#3725,#3726,#3727,#3728,#3729,
#3730,#3731,#3732));
#681=EDGE_LOOP('',(#3733));
#682=EDGE_LOOP('',(#3734));
#683=EDGE_LOOP('',(#3735));
#684=EDGE_LOOP('',(#3736));
#685=EDGE_LOOP('',(#3737,#3738,#3739));
#686=EDGE_LOOP('',(#3740,#3741,#3742,#3743));
#687=EDGE_LOOP('',(#3744,#3745,#3746,#3747,#3748,#3749,#3750,#3751,#3752,
#3753,#3754));
#688=EDGE_LOOP('',(#3755));
#689=EDGE_LOOP('',(#3756));
#690=EDGE_LOOP('',(#3757));
#691=EDGE_LOOP('',(#3758));
#692=EDGE_LOOP('',(#3759,#3760,#3761));
#693=EDGE_LOOP('',(#3762,#3763,#3764));
#694=EDGE_LOOP('',(#3765,#3766,#3767,#3768,#3769));
#695=EDGE_LOOP('',(#3770,#3771,#3772));
#696=EDGE_LOOP('',(#3773,#3774,#3775,#3776));
#697=EDGE_LOOP('',(#3777,#3778,#3779,#3780,#3781));
#698=EDGE_LOOP('',(#3782,#3783,#3784));
#699=EDGE_LOOP('',(#3785,#3786,#3787,#3788));
#700=EDGE_LOOP('',(#3789));
#701=EDGE_LOOP('',(#3790));
#702=EDGE_LOOP('',(#3791));
#703=EDGE_LOOP('',(#3792));
#704=EDGE_LOOP('',(#3793));
#705=EDGE_LOOP('',(#3794));
#706=EDGE_LOOP('',(#3795));
#707=EDGE_LOOP('',(#3796,#3797,#3798,#3799));
#708=EDGE_LOOP('',(#3800,#3801,#3802,#3803));
#709=EDGE_LOOP('',(#3804,#3805,#3806,#3807));
#710=EDGE_LOOP('',(#3808,#3809,#3810));
#711=EDGE_LOOP('',(#3811,#3812,#3813,#3814));
#712=EDGE_LOOP('',(#3815,#3816,#3817,#3818,#3819,#3820,#3821,#3822));
#713=EDGE_LOOP('',(#3823,#3824,#3825,#3826));
#714=EDGE_LOOP('',(#3827,#3828,#3829,#3830));
#715=EDGE_LOOP('',(#3831,#3832,#3833,#3834));
#716=EDGE_LOOP('',(#3835,#3836,#3837,#3838));
#717=EDGE_LOOP('',(#3839,#3840,#3841,#3842));
#718=EDGE_LOOP('',(#3843));
#719=EDGE_LOOP('',(#3844,#3845,#3846,#3847));
#720=EDGE_LOOP('',(#3848));
#721=EDGE_LOOP('',(#3849,#3850,#3851,#3852));
#722=EDGE_LOOP('',(#3853));
#723=EDGE_LOOP('',(#3854,#3855,#3856,#3857));
#724=EDGE_LOOP('',(#3858));
#725=EDGE_LOOP('',(#3859,#3860,#3861,#3862));
#726=EDGE_LOOP('',(#3863));
#727=EDGE_LOOP('',(#3864,#3865,#3866,#3867));
#728=EDGE_LOOP('',(#3868));
#729=EDGE_LOOP('',(#3869,#3870,#3871,#3872));
#730=EDGE_LOOP('',(#3873));
#731=EDGE_LOOP('',(#3874,#3875,#3876,#3877));
#732=EDGE_LOOP('',(#3878));
#733=EDGE_LOOP('',(#3879));
#734=EDGE_LOOP('',(#3880,#3881,#3882,#3883));
#735=EDGE_LOOP('',(#3884));
#736=EDGE_LOOP('',(#3885));
#737=EDGE_LOOP('',(#3886,#3887,#3888,#3889));
#738=EDGE_LOOP('',(#3890));
#739=EDGE_LOOP('',(#3891));
#740=EDGE_LOOP('',(#3892,#3893,#3894,#3895));
#741=EDGE_LOOP('',(#3896));
#742=EDGE_LOOP('',(#3897));
#743=EDGE_LOOP('',(#3898,#3899,#3900,#3901));
#744=EDGE_LOOP('',(#3902));
#745=EDGE_LOOP('',(#3903));
#746=EDGE_LOOP('',(#3904,#3905,#3906,#3907));
#747=EDGE_LOOP('',(#3908));
#748=EDGE_LOOP('',(#3909));
#749=EDGE_LOOP('',(#3910,#3911,#3912,#3913));
#750=EDGE_LOOP('',(#3914));
#751=EDGE_LOOP('',(#3915));
#752=EDGE_LOOP('',(#3916,#3917,#3918,#3919));
#753=EDGE_LOOP('',(#3920));
#754=EDGE_LOOP('',(#3921,#3922,#3923,#3924));
#755=EDGE_LOOP('',(#3925));
#756=EDGE_LOOP('',(#3926,#3927,#3928,#3929));
#757=EDGE_LOOP('',(#3930));
#758=EDGE_LOOP('',(#3931,#3932,#3933,#3934));
#759=EDGE_LOOP('',(#3935));
#760=EDGE_LOOP('',(#3936,#3937,#3938,#3939));
#761=EDGE_LOOP('',(#3940));
#762=EDGE_LOOP('',(#3941));
#763=EDGE_LOOP('',(#3942,#3943,#3944,#3945));
#764=EDGE_LOOP('',(#3946));
#765=EDGE_LOOP('',(#3947));
#766=EDGE_LOOP('',(#3948,#3949,#3950,#3951));
#767=EDGE_LOOP('',(#3952));
#768=EDGE_LOOP('',(#3953));
#769=EDGE_LOOP('',(#3954,#3955,#3956,#3957));
#770=EDGE_LOOP('',(#3958));
#771=EDGE_LOOP('',(#3959));
#772=EDGE_LOOP('',(#3960,#3961,#3962,#3963));
#773=EDGE_LOOP('',(#3964));
#774=EDGE_LOOP('',(#3965,#3966,#3967,#3968));
#775=EDGE_LOOP('',(#3969));
#776=EDGE_LOOP('',(#3970,#3971,#3972,#3973));
#777=EDGE_LOOP('',(#3974));
#778=EDGE_LOOP('',(#3975,#3976,#3977,#3978));
#779=EDGE_LOOP('',(#3979));
#780=EDGE_LOOP('',(#3980,#3981,#3982,#3983));
#781=EDGE_LOOP('',(#3984));
#782=EDGE_LOOP('',(#3985));
#783=EDGE_LOOP('',(#3986,#3987,#3988,#3989));
#784=EDGE_LOOP('',(#3990));
#785=EDGE_LOOP('',(#3991));
#786=EDGE_LOOP('',(#3992,#3993,#3994,#3995));
#787=EDGE_LOOP('',(#3996));
#788=EDGE_LOOP('',(#3997));
#789=EDGE_LOOP('',(#3998,#3999,#4000,#4001));
#790=EDGE_LOOP('',(#4002));
#791=EDGE_LOOP('',(#4003));
#792=EDGE_LOOP('',(#4004,#4005,#4006,#4007));
#793=EDGE_LOOP('',(#4008));
#794=EDGE_LOOP('',(#4009,#4010,#4011,#4012));
#795=EDGE_LOOP('',(#4013));
#796=EDGE_LOOP('',(#4014,#4015,#4016,#4017));
#797=EDGE_LOOP('',(#4018));
#798=EDGE_LOOP('',(#4019,#4020,#4021,#4022));
#799=EDGE_LOOP('',(#4023));
#800=EDGE_LOOP('',(#4024));
#801=EDGE_LOOP('',(#4025,#4026,#4027,#4028));
#802=EDGE_LOOP('',(#4029));
#803=EDGE_LOOP('',(#4030));
#804=EDGE_LOOP('',(#4031,#4032,#4033,#4034));
#805=EDGE_LOOP('',(#4035));
#806=EDGE_LOOP('',(#4036));
#807=EDGE_LOOP('',(#4037,#4038,#4039,#4040));
#808=EDGE_LOOP('',(#4041));
#809=EDGE_LOOP('',(#4042,#4043,#4044,#4045));
#810=EDGE_LOOP('',(#4046));
#811=EDGE_LOOP('',(#4047,#4048,#4049,#4050));
#812=EDGE_LOOP('',(#4051));
#813=EDGE_LOOP('',(#4052,#4053,#4054,#4055));
#814=EDGE_LOOP('',(#4056));
#815=EDGE_LOOP('',(#4057,#4058,#4059,#4060));
#816=EDGE_LOOP('',(#4061));
#817=EDGE_LOOP('',(#4062,#4063,#4064,#4065));
#818=EDGE_LOOP('',(#4066));
#819=EDGE_LOOP('',(#4067,#4068,#4069,#4070));
#820=EDGE_LOOP('',(#4071));
#821=EDGE_LOOP('',(#4072,#4073,#4074,#4075));
#822=EDGE_LOOP('',(#4076));
#823=EDGE_LOOP('',(#4077,#4078,#4079,#4080));
#824=EDGE_LOOP('',(#4081));
#825=EDGE_LOOP('',(#4082,#4083,#4084));
#826=EDGE_LOOP('',(#4085,#4086,#4087,#4088,#4089,#4090,#4091,#4092));
#827=EDGE_LOOP('',(#4093,#4094,#4095));
#828=EDGE_LOOP('',(#4096,#4097,#4098,#4099,#4100,#4101,#4102,#4103));
#829=EDGE_LOOP('',(#4104,#4105,#4106));
#830=EDGE_LOOP('',(#4107,#4108,#4109,#4110,#4111,#4112,#4113,#4114));
#831=EDGE_LOOP('',(#4115,#4116,#4117));
#832=EDGE_LOOP('',(#4118,#4119,#4120,#4121,#4122,#4123,#4124,#4125));
#833=EDGE_LOOP('',(#4126,#4127,#4128,#4129));
#834=EDGE_LOOP('',(#4130,#4131,#4132,#4133,#4134,#4135,#4136,#4137));
#835=EDGE_LOOP('',(#4138,#4139));
#836=EDGE_LOOP('',(#4140,#4141,#4142,#4143,#4144,#4145,#4146,#4147));
#837=EDGE_LOOP('',(#4148,#4149,#4150,#4151,#4152,#4153,#4154,#4155,#4156,
#4157,#4158,#4159,#4160,#4161,#4162,#4163,#4164,#4165,#4166,#4167,#4168,
#4169));
#838=EDGE_LOOP('',(#4170,#4171,#4172,#4173,#4174,#4175,#4176,#4177,#4178,
#4179,#4180,#4181,#4182,#4183,#4184,#4185,#4186,#4187,#4188,#4189,#4190,
#4191));
#839=EDGE_LOOP('',(#4192,#4193,#4194,#4195,#4196,#4197));
#840=EDGE_LOOP('',(#4198,#4199,#4200,#4201,#4202,#4203,#4204,#4205,#4206,
#4207,#4208,#4209,#4210));
#841=EDGE_LOOP('',(#4211,#4212,#4213,#4214));
#842=EDGE_LOOP('',(#4215));
#843=EDGE_LOOP('',(#4216));
#844=EDGE_LOOP('',(#4217,#4218,#4219,#4220));
#845=EDGE_LOOP('',(#4221));
#846=EDGE_LOOP('',(#4222));
#847=EDGE_LOOP('',(#4223,#4224,#4225,#4226));
#848=EDGE_LOOP('',(#4227));
#849=EDGE_LOOP('',(#4228));
#850=EDGE_LOOP('',(#4229,#4230,#4231,#4232));
#851=EDGE_LOOP('',(#4233));
#852=EDGE_LOOP('',(#4234));
#853=EDGE_LOOP('',(#4235,#4236,#4237,#4238));
#854=EDGE_LOOP('',(#4239));
#855=EDGE_LOOP('',(#4240));
#856=EDGE_LOOP('',(#4241,#4242,#4243,#4244));
#857=EDGE_LOOP('',(#4245));
#858=EDGE_LOOP('',(#4246));
#859=EDGE_LOOP('',(#4247,#4248,#4249,#4250));
#860=EDGE_LOOP('',(#4251));
#861=EDGE_LOOP('',(#4252));
#862=EDGE_LOOP('',(#4253,#4254,#4255,#4256));
#863=EDGE_LOOP('',(#4257));
#864=EDGE_LOOP('',(#4258));
#865=EDGE_LOOP('',(#4259,#4260,#4261,#4262));
#866=EDGE_LOOP('',(#4263));
#867=EDGE_LOOP('',(#4264));
#868=EDGE_LOOP('',(#4265,#4266,#4267,#4268));
#869=EDGE_LOOP('',(#4269));
#870=EDGE_LOOP('',(#4270));
#871=EDGE_LOOP('',(#4271,#4272,#4273,#4274));
#872=EDGE_LOOP('',(#4275));
#873=EDGE_LOOP('',(#4276));
#874=EDGE_LOOP('',(#4277,#4278,#4279,#4280));
#875=EDGE_LOOP('',(#4281));
#876=EDGE_LOOP('',(#4282));
#877=EDGE_LOOP('',(#4283,#4284,#4285,#4286));
#878=EDGE_LOOP('',(#4287));
#879=EDGE_LOOP('',(#4288));
#880=EDGE_LOOP('',(#4289,#4290,#4291,#4292));
#881=EDGE_LOOP('',(#4293));
#882=EDGE_LOOP('',(#4294));
#883=EDGE_LOOP('',(#4295,#4296,#4297,#4298));
#884=EDGE_LOOP('',(#4299));
#885=EDGE_LOOP('',(#4300));
#886=EDGE_LOOP('',(#4301));
#887=EDGE_LOOP('',(#4302,#4303,#4304));
#888=EDGE_LOOP('',(#4305));
#889=EDGE_LOOP('',(#4306));
#890=EDGE_LOOP('',(#4307));
#891=EDGE_LOOP('',(#4308));
#892=EDGE_LOOP('',(#4309,#4310,#4311,#4312));
#893=EDGE_LOOP('',(#4313,#4314,#4315,#4316,#4317,#4318,#4319,#4320,#4321,
#4322,#4323,#4324,#4325,#4326,#4327));
#894=EDGE_LOOP('',(#4328,#4329,#4330,#4331));
#895=EDGE_LOOP('',(#4332,#4333,#4334,#4335));
#896=EDGE_LOOP('',(#4336,#4337,#4338,#4339));
#897=EDGE_LOOP('',(#4340,#4341,#4342,#4343));
#898=EDGE_LOOP('',(#4344,#4345,#4346,#4347));
#899=EDGE_LOOP('',(#4348,#4349,#4350,#4351));
#900=EDGE_LOOP('',(#4352,#4353,#4354,#4355));
#901=EDGE_LOOP('',(#4356,#4357,#4358,#4359,#4360,#4361,#4362,#4363,#4364,
#4365,#4366,#4367,#4368,#4369,#4370,#4371,#4372,#4373));
#902=EDGE_LOOP('',(#4374,#4375,#4376,#4377));
#903=EDGE_LOOP('',(#4378,#4379,#4380,#4381,#4382,#4383,#4384,#4385,#4386,
#4387,#4388,#4389,#4390,#4391,#4392,#4393,#4394,#4395,#4396,#4397,#4398,
#4399,#4400));
#904=EDGE_LOOP('',(#4401,#4402,#4403,#4404,#4405,#4406));
#905=EDGE_LOOP('',(#4407,#4408,#4409,#4410));
#906=EDGE_LOOP('',(#4411,#4412,#4413,#4414));
#907=EDGE_LOOP('',(#4415,#4416,#4417,#4418));
#908=EDGE_LOOP('',(#4419,#4420,#4421,#4422));
#909=EDGE_LOOP('',(#4423,#4424,#4425,#4426,#4427,#4428,#4429,#4430,#4431,
#4432,#4433,#4434,#4435,#4436,#4437,#4438,#4439));
#910=EDGE_LOOP('',(#4440,#4441,#4442,#4443));
#911=EDGE_LOOP('',(#4444,#4445,#4446,#4447));
#912=EDGE_LOOP('',(#4448,#4449,#4450,#4451));
#913=EDGE_LOOP('',(#4452,#4453,#4454,#4455));
#914=EDGE_LOOP('',(#4456,#4457,#4458,#4459));
#915=EDGE_LOOP('',(#4460,#4461,#4462,#4463));
#916=EDGE_LOOP('',(#4464,#4465,#4466,#4467));
#917=EDGE_LOOP('',(#4468,#4469,#4470,#4471));
#918=EDGE_LOOP('',(#4472,#4473,#4474,#4475));
#919=EDGE_LOOP('',(#4476,#4477,#4478,#4479));
#920=EDGE_LOOP('',(#4480,#4481,#4482,#4483));
#921=EDGE_LOOP('',(#4484,#4485,#4486,#4487));
#922=EDGE_LOOP('',(#4488,#4489,#4490,#4491));
#923=EDGE_LOOP('',(#4492,#4493,#4494,#4495,#4496,#4497,#4498,#4499));
#924=EDGE_LOOP('',(#4500,#4501,#4502,#4503,#4504,#4505,#4506,#4507,#4508,
#4509,#4510));
#925=EDGE_LOOP('',(#4511,#4512,#4513,#4514));
#926=EDGE_LOOP('',(#4515));
#927=EDGE_LOOP('',(#4516));
#928=EDGE_LOOP('',(#4517,#4518,#4519,#4520));
#929=EDGE_LOOP('',(#4521));
#930=EDGE_LOOP('',(#4522));
#931=EDGE_LOOP('',(#4523,#4524,#4525,#4526));
#932=EDGE_LOOP('',(#4527));
#933=EDGE_LOOP('',(#4528));
#934=EDGE_LOOP('',(#4529,#4530,#4531,#4532));
#935=EDGE_LOOP('',(#4533));
#936=EDGE_LOOP('',(#4534));
#937=EDGE_LOOP('',(#4535,#4536,#4537,#4538));
#938=EDGE_LOOP('',(#4539));
#939=EDGE_LOOP('',(#4540));
#940=EDGE_LOOP('',(#4541,#4542,#4543,#4544));
#941=EDGE_LOOP('',(#4545));
#942=EDGE_LOOP('',(#4546));
#943=EDGE_LOOP('',(#4547,#4548,#4549,#4550));
#944=EDGE_LOOP('',(#4551,#4552,#4553,#4554,#4555,#4556));
#945=EDGE_LOOP('',(#4557,#4558,#4559,#4560));
#946=EDGE_LOOP('',(#4561,#4562,#4563,#4564));
#947=EDGE_LOOP('',(#4565,#4566,#4567,#4568,#4569,#4570));
#948=EDGE_LOOP('',(#4571,#4572,#4573,#4574,#4575,#4576));
#949=EDGE_LOOP('',(#4577,#4578,#4579,#4580));
#950=EDGE_LOOP('',(#4581,#4582,#4583,#4584,#4585,#4586));
#951=EDGE_LOOP('',(#4587,#4588,#4589,#4590));
#952=EDGE_LOOP('',(#4591,#4592,#4593,#4594));
#953=EDGE_LOOP('',(#4595,#4596,#4597,#4598));
#954=EDGE_LOOP('',(#4599,#4600,#4601,#4602,#4603,#4604));
#955=EDGE_LOOP('',(#4605,#4606,#4607,#4608));
#956=EDGE_LOOP('',(#4609,#4610,#4611,#4612));
#957=EDGE_LOOP('',(#4613,#4614,#4615,#4616));
#958=EDGE_LOOP('',(#4617,#4618,#4619,#4620));
#959=EDGE_LOOP('',(#4621));
#960=EDGE_LOOP('',(#4622));
#961=EDGE_LOOP('',(#4623,#4624,#4625,#4626));
#962=EDGE_LOOP('',(#4627));
#963=EDGE_LOOP('',(#4628));
#964=EDGE_LOOP('',(#4629,#4630,#4631,#4632));
#965=EDGE_LOOP('',(#4633,#4634,#4635,#4636));
#966=EDGE_LOOP('',(#4637,#4638,#4639,#4640));
#967=EDGE_LOOP('',(#4641,#4642,#4643,#4644));
#968=EDGE_LOOP('',(#4645,#4646,#4647,#4648));
#969=EDGE_LOOP('',(#4649));
#970=EDGE_LOOP('',(#4650));
#971=EDGE_LOOP('',(#4651));
#972=EDGE_LOOP('',(#4652));
#973=EDGE_LOOP('',(#4653));
#974=EDGE_LOOP('',(#4654));
#975=EDGE_LOOP('',(#4655));
#976=EDGE_LOOP('',(#4656));
#977=EDGE_LOOP('',(#4657,#4658,#4659,#4660));
#978=EDGE_LOOP('',(#4661,#4662,#4663,#4664));
#979=EDGE_LOOP('',(#4665));
#980=EDGE_LOOP('',(#4666));
#981=EDGE_LOOP('',(#4667));
#982=EDGE_LOOP('',(#4668));
#983=EDGE_LOOP('',(#4669,#4670,#4671,#4672));
#984=EDGE_LOOP('',(#4673,#4674,#4675,#4676));
#985=EDGE_LOOP('',(#4677,#4678,#4679,#4680));
#986=EDGE_LOOP('',(#4681,#4682,#4683,#4684));
#987=EDGE_LOOP('',(#4685,#4686,#4687,#4688));
#988=EDGE_LOOP('',(#4689,#4690,#4691,#4692));
#989=EDGE_LOOP('',(#4693,#4694,#4695,#4696));
#990=EDGE_LOOP('',(#4697,#4698,#4699,#4700));
#991=EDGE_LOOP('',(#4701));
#992=EDGE_LOOP('',(#4702,#4703,#4704,#4705));
#993=EDGE_LOOP('',(#4706,#4707,#4708,#4709));
#994=EDGE_LOOP('',(#4710,#4711,#4712,#4713));
#995=EDGE_LOOP('',(#4714));
#996=EDGE_LOOP('',(#4715,#4716,#4717,#4718));
#997=EDGE_LOOP('',(#4719,#4720,#4721,#4722));
#998=EDGE_LOOP('',(#4723,#4724,#4725,#4726));
#999=EDGE_LOOP('',(#4727,#4728,#4729,#4730));
#1000=EDGE_LOOP('',(#4731,#4732,#4733,#4734));
#1001=EDGE_LOOP('',(#4735,#4736,#4737,#4738));
#1002=EDGE_LOOP('',(#4739,#4740,#4741,#4742));
#1003=EDGE_LOOP('',(#4743,#4744,#4745,#4746));
#1004=EDGE_LOOP('',(#4747,#4748,#4749,#4750));
#1005=EDGE_LOOP('',(#4751,#4752,#4753,#4754));
#1006=EDGE_LOOP('',(#4755,#4756,#4757,#4758));
#1007=EDGE_LOOP('',(#4759,#4760,#4761,#4762));
#1008=EDGE_LOOP('',(#4763,#4764,#4765,#4766));
#1009=EDGE_LOOP('',(#4767,#4768,#4769,#4770));
#1010=EDGE_LOOP('',(#4771,#4772,#4773,#4774));
#1011=EDGE_LOOP('',(#4775,#4776,#4777,#4778));
#1012=EDGE_LOOP('',(#4779,#4780,#4781,#4782));
#1013=EDGE_LOOP('',(#4783,#4784,#4785,#4786));
#1014=EDGE_LOOP('',(#4787,#4788,#4789,#4790));
#1015=EDGE_LOOP('',(#4791,#4792,#4793,#4794));
#1016=EDGE_LOOP('',(#4795,#4796,#4797,#4798));
#1017=EDGE_LOOP('',(#4799,#4800,#4801,#4802));
#1018=EDGE_LOOP('',(#4803,#4804,#4805,#4806));
#1019=EDGE_LOOP('',(#4807,#4808,#4809,#4810));
#1020=EDGE_LOOP('',(#4811,#4812,#4813,#4814,#4815,#4816));
#1021=EDGE_LOOP('',(#4817,#4818,#4819,#4820,#4821,#4822));
#1022=EDGE_LOOP('',(#4823,#4824,#4825,#4826));
#1023=EDGE_LOOP('',(#4827,#4828,#4829,#4830));
#1024=EDGE_LOOP('',(#4831,#4832,#4833,#4834));
#1025=EDGE_LOOP('',(#4835,#4836,#4837,#4838));
#1026=EDGE_LOOP('',(#4839,#4840,#4841,#4842));
#1027=EDGE_LOOP('',(#4843,#4844,#4845,#4846));
#1028=EDGE_LOOP('',(#4847,#4848,#4849,#4850,#4851,#4852));
#1029=EDGE_LOOP('',(#4853,#4854,#4855,#4856,#4857,#4858));
#1030=EDGE_LOOP('',(#4859,#4860,#4861,#4862));
#1031=EDGE_LOOP('',(#4863,#4864,#4865,#4866));
#1032=EDGE_LOOP('',(#4867,#4868,#4869,#4870,#4871,#4872));
#1033=EDGE_LOOP('',(#4873,#4874,#4875,#4876,#4877,#4878));
#1034=EDGE_LOOP('',(#4879,#4880,#4881,#4882));
#1035=EDGE_LOOP('',(#4883,#4884,#4885,#4886));
#1036=EDGE_LOOP('',(#4887,#4888,#4889,#4890));
#1037=EDGE_LOOP('',(#4891,#4892,#4893,#4894));
#1038=EDGE_LOOP('',(#4895,#4896,#4897,#4898));
#1039=EDGE_LOOP('',(#4899,#4900,#4901,#4902));
#1040=EDGE_LOOP('',(#4903,#4904,#4905,#4906));
#1041=EDGE_LOOP('',(#4907,#4908,#4909,#4910));
#1042=EDGE_LOOP('',(#4911,#4912,#4913,#4914));
#1043=EDGE_LOOP('',(#4915,#4916,#4917,#4918));
#1044=EDGE_LOOP('',(#4919,#4920,#4921,#4922));
#1045=EDGE_LOOP('',(#4923,#4924,#4925,#4926,#4927,#4928,#4929,#4930));
#1046=EDGE_LOOP('',(#4931,#4932,#4933,#4934,#4935,#4936,#4937,#4938));
#1047=EDGE_LOOP('',(#4939,#4940,#4941,#4942));
#1048=EDGE_LOOP('',(#4943,#4944,#4945,#4946));
#1049=EDGE_LOOP('',(#4947,#4948,#4949,#4950));
#1050=EDGE_LOOP('',(#4951,#4952,#4953,#4954));
#1051=EDGE_LOOP('',(#4955,#4956,#4957,#4958));
#1052=EDGE_LOOP('',(#4959,#4960,#4961,#4962));
#1053=EDGE_LOOP('',(#4963,#4964,#4965,#4966));
#1054=EDGE_LOOP('',(#4967,#4968,#4969,#4970));
#1055=EDGE_LOOP('',(#4971,#4972,#4973,#4974));
#1056=EDGE_LOOP('',(#4975,#4976,#4977,#4978));
#1057=EDGE_LOOP('',(#4979,#4980,#4981,#4982));
#1058=EDGE_LOOP('',(#4983,#4984,#4985,#4986));
#1059=EDGE_LOOP('',(#4987,#4988,#4989,#4990));
#1060=EDGE_LOOP('',(#4991,#4992,#4993,#4994));
#1061=EDGE_LOOP('',(#4995,#4996,#4997,#4998,#4999,#5000));
#1062=EDGE_LOOP('',(#5001,#5002,#5003,#5004,#5005,#5006,#5007,#5008));
#1063=EDGE_LOOP('',(#5009,#5010,#5011,#5012,#5013,#5014,#5015,#5016));
#1064=EDGE_LOOP('',(#5017,#5018,#5019,#5020));
#1065=EDGE_LOOP('',(#5021,#5022,#5023,#5024));
#1066=EDGE_LOOP('',(#5025,#5026,#5027,#5028));
#1067=EDGE_LOOP('',(#5029,#5030,#5031,#5032,#5033,#5034));
#1068=EDGE_LOOP('',(#5035,#5036,#5037,#5038));
#1069=EDGE_LOOP('',(#5039,#5040,#5041,#5042));
#1070=EDGE_LOOP('',(#5043,#5044,#5045,#5046));
#1071=EDGE_LOOP('',(#5047,#5048,#5049,#5050,#5051,#5052));
#1072=EDGE_LOOP('',(#5053,#5054,#5055,#5056,#5057,#5058));
#1073=EDGE_LOOP('',(#5059,#5060,#5061,#5062));
#1074=EDGE_LOOP('',(#5063,#5064,#5065,#5066));
#1075=EDGE_LOOP('',(#5067,#5068,#5069,#5070));
#1076=EDGE_LOOP('',(#5071,#5072,#5073,#5074,#5075,#5076,#5077,#5078,#5079,
#5080,#5081,#5082,#5083,#5084,#5085,#5086,#5087,#5088,#5089,#5090,#5091,
#5092,#5093,#5094,#5095,#5096,#5097));
#1077=EDGE_LOOP('',(#5098));
#1078=EDGE_LOOP('',(#5099,#5100,#5101,#5102,#5103,#5104,#5105,#5106,#5107,
#5108,#5109,#5110));
#1079=EDGE_LOOP('',(#5111,#5112,#5113,#5114,#5115,#5116,#5117,#5118,#5119,
#5120,#5121,#5122));
#1080=EDGE_LOOP('',(#5123));
#1081=EDGE_LOOP('',(#5124));
#1082=EDGE_LOOP('',(#5125,#5126,#5127,#5128,#5129,#5130,#5131,#5132,#5133));
#1083=EDGE_LOOP('',(#5134,#5135,#5136,#5137));
#1084=EDGE_LOOP('',(#5138,#5139,#5140,#5141,#5142,#5143,#5144,#5145,#5146,
#5147,#5148,#5149,#5150,#5151,#5152,#5153,#5154,#5155,#5156));
#1085=EDGE_LOOP('',(#5157,#5158,#5159,#5160,#5161,#5162,#5163,#5164,#5165,
#5166,#5167,#5168));
#1086=EDGE_LOOP('',(#5169,#5170,#5171,#5172,#5173,#5174,#5175,#5176,#5177,
#5178,#5179,#5180));
#1087=EDGE_LOOP('',(#5181));
#1088=EDGE_LOOP('',(#5182));
#1089=EDGE_LOOP('',(#5183));
#1090=EDGE_LOOP('',(#5184,#5185,#5186,#5187,#5188));
#1091=EDGE_LOOP('',(#5189,#5190,#5191,#5192));
#1092=EDGE_LOOP('',(#5193,#5194,#5195,#5196,#5197));
#1093=EDGE_LOOP('',(#5198,#5199,#5200,#5201));
#1094=EDGE_LOOP('',(#5202,#5203,#5204,#5205));
#1095=EDGE_LOOP('',(#5206,#5207,#5208,#5209));
#1096=EDGE_LOOP('',(#5210,#5211,#5212,#5213));
#1097=EDGE_LOOP('',(#5214,#5215,#5216,#5217,#5218,#5219,#5220));
#1098=EDGE_LOOP('',(#5221,#5222,#5223,#5224));
#1099=EDGE_LOOP('',(#5225,#5226,#5227,#5228,#5229,#5230,#5231,#5232,#5233,
#5234,#5235,#5236,#5237));
#1100=EDGE_LOOP('',(#5238));
#1101=EDGE_LOOP('',(#5239));
#1102=EDGE_LOOP('',(#5240));
#1103=EDGE_LOOP('',(#5241));
#1104=EDGE_LOOP('',(#5242));
#1105=EDGE_LOOP('',(#5243));
#1106=EDGE_LOOP('',(#5244));
#1107=EDGE_LOOP('',(#5245));
#1108=EDGE_LOOP('',(#5246));
#1109=EDGE_LOOP('',(#5247));
#1110=EDGE_LOOP('',(#5248));
#1111=EDGE_LOOP('',(#5249));
#1112=EDGE_LOOP('',(#5250));
#1113=EDGE_LOOP('',(#5251));
#1114=EDGE_LOOP('',(#5252));
#1115=EDGE_LOOP('',(#5253));
#1116=EDGE_LOOP('',(#5254));
#1117=EDGE_LOOP('',(#5255));
#1118=EDGE_LOOP('',(#5256));
#1119=EDGE_LOOP('',(#5257,#5258,#5259,#5260));
#1120=EDGE_LOOP('',(#5261,#5262,#5263,#5264,#5265,#5266,#5267,#5268));
#1121=EDGE_LOOP('',(#5269,#5270,#5271,#5272));
#1122=EDGE_LOOP('',(#5273,#5274,#5275,#5276));
#1123=EDGE_LOOP('',(#5277,#5278,#5279,#5280,#5281,#5282,#5283));
#1124=EDGE_LOOP('',(#5284));
#1125=EDGE_LOOP('',(#5285));
#1126=EDGE_LOOP('',(#5286));
#1127=EDGE_LOOP('',(#5287));
#1128=EDGE_LOOP('',(#5288));
#1129=EDGE_LOOP('',(#5289));
#1130=EDGE_LOOP('',(#5290));
#1131=EDGE_LOOP('',(#5291,#5292,#5293,#5294));
#1132=EDGE_LOOP('',(#5295,#5296,#5297,#5298,#5299,#5300,#5301,#5302,#5303));
#1133=EDGE_LOOP('',(#5304,#5305,#5306,#5307));
#1134=CIRCLE('',#5823,0.56);
#1135=CIRCLE('',#5824,0.56);
#1136=CIRCLE('',#5826,1.06);
#1137=CIRCLE('',#5827,1.06);
#1138=CIRCLE('',#5830,1.25);
#1139=CIRCLE('',#5831,1.25);
#1140=CIRCLE('',#5833,0.57);
#1141=CIRCLE('',#5834,0.31);
#1142=CIRCLE('',#5835,0.31);
#1143=CIRCLE('',#5836,0.31);
#1144=CIRCLE('',#5837,0.31);
#1145=CIRCLE('',#5841,0.57);
#1146=CIRCLE('',#5842,0.31);
#1147=CIRCLE('',#5843,0.31);
#1148=CIRCLE('',#5844,0.31);
#1149=CIRCLE('',#5845,0.31);
#1150=CIRCLE('',#5848,0.45);
#1151=CIRCLE('',#5851,0.450000000000001);
#1152=CIRCLE('',#5853,0.57);
#1153=CIRCLE('',#5854,0.57);
#1154=CIRCLE('',#5857,0.57);
#1155=CIRCLE('',#5858,0.57);
#1156=CIRCLE('',#5860,0.31);
#1157=CIRCLE('',#5861,0.31);
#1158=CIRCLE('',#5862,0.31);
#1159=CIRCLE('',#5863,0.31);
#1160=CIRCLE('',#5864,0.31);
#1161=CIRCLE('',#5865,0.31);
#1162=CIRCLE('',#5866,0.31);
#1163=CIRCLE('',#5868,0.45);
#1164=CIRCLE('',#5870,0.45);
#1165=CIRCLE('',#5874,0.35);
#1166=CIRCLE('',#5876,0.5);
#1167=CIRCLE('',#5878,0.5);
#1168=CIRCLE('',#5883,0.35);
#1169=CIRCLE('',#5885,0.24);
#1170=CIRCLE('',#5886,0.24);
#1171=CIRCLE('',#5889,0.24);
#1172=CIRCLE('',#5890,0.24);
#1173=CIRCLE('',#5893,0.24);
#1174=CIRCLE('',#5894,0.24);
#1175=CIRCLE('',#5897,0.24);
#1176=CIRCLE('',#5898,0.24);
#1177=CIRCLE('',#5901,0.24);
#1178=CIRCLE('',#5902,0.24);
#1179=CIRCLE('',#5905,0.24);
#1180=CIRCLE('',#5906,0.24);
#1181=CIRCLE('',#5909,0.24);
#1182=CIRCLE('',#5910,0.24);
#1183=CIRCLE('',#5913,0.31);
#1184=CIRCLE('',#5916,0.31);
#1185=CIRCLE('',#5919,0.31);
#1186=CIRCLE('',#5922,0.31);
#1187=CIRCLE('',#5925,0.31);
#1188=CIRCLE('',#5928,0.31);
#1189=CIRCLE('',#5931,0.31);
#1190=CIRCLE('',#5934,0.24);
#1191=CIRCLE('',#5935,0.24);
#1192=CIRCLE('',#5938,0.24);
#1193=CIRCLE('',#5939,0.24);
#1194=CIRCLE('',#5942,0.24);
#1195=CIRCLE('',#5943,0.24);
#1196=CIRCLE('',#5946,0.24);
#1197=CIRCLE('',#5947,0.24);
#1198=CIRCLE('',#5950,0.31);
#1199=CIRCLE('',#5951,0.31);
#1200=CIRCLE('',#5954,0.31);
#1201=CIRCLE('',#5955,0.31);
#1202=CIRCLE('',#5958,0.31);
#1203=CIRCLE('',#5959,0.31);
#1204=CIRCLE('',#5962,0.31);
#1205=CIRCLE('',#5963,0.31);
#1206=CIRCLE('',#5966,0.24);
#1207=CIRCLE('',#5967,0.24);
#1208=CIRCLE('',#5970,0.24);
#1209=CIRCLE('',#5971,0.24);
#1210=CIRCLE('',#5974,0.24);
#1211=CIRCLE('',#5975,0.24);
#1212=CIRCLE('',#5978,0.24);
#1213=CIRCLE('',#5979,0.24);
#1214=CIRCLE('',#5982,0.31);
#1215=CIRCLE('',#5985,0.31);
#1216=CIRCLE('',#5988,0.31);
#1217=CIRCLE('',#5991,0.31);
#1218=CIRCLE('',#5994,0.24);
#1219=CIRCLE('',#5995,0.24);
#1220=CIRCLE('',#5998,0.24);
#1221=CIRCLE('',#5999,0.24);
#1222=CIRCLE('',#6002,0.24);
#1223=CIRCLE('',#6003,0.24);
#1224=CIRCLE('',#6006,0.31);
#1225=CIRCLE('',#6009,0.31);
#1226=CIRCLE('',#6012,0.31);
#1227=CIRCLE('',#6015,0.24);
#1228=CIRCLE('',#6016,0.24);
#1229=CIRCLE('',#6019,0.24);
#1230=CIRCLE('',#6020,0.24);
#1231=CIRCLE('',#6023,0.24);
#1232=CIRCLE('',#6024,0.24);
#1233=CIRCLE('',#6027,0.24);
#1234=CIRCLE('',#6028,0.24);
#1235=CIRCLE('',#6031,0.24);
#1236=CIRCLE('',#6032,0.24);
#1237=CIRCLE('',#6035,0.24);
#1238=CIRCLE('',#6036,0.24);
#1239=CIRCLE('',#6039,0.24);
#1240=CIRCLE('',#6040,0.24);
#1241=CIRCLE('',#6043,0.24);
#1242=CIRCLE('',#6044,0.24);
#1243=CIRCLE('',#6047,0.24);
#1244=CIRCLE('',#6048,0.24);
#1245=CIRCLE('',#6051,0.24);
#1246=CIRCLE('',#6052,0.24);
#1247=CIRCLE('',#6054,0.24);
#1248=CIRCLE('',#6055,0.24);
#1249=CIRCLE('',#6057,0.24);
#1250=CIRCLE('',#6058,0.24);
#1251=CIRCLE('',#6060,0.24);
#1252=CIRCLE('',#6061,0.24);
#1253=CIRCLE('',#6063,0.24);
#1254=CIRCLE('',#6064,0.24);
#1255=CIRCLE('',#6066,0.24);
#1256=CIRCLE('',#6067,0.24);
#1257=CIRCLE('',#6069,0.24);
#1258=CIRCLE('',#6070,0.24);
#1259=CIRCLE('',#6072,0.24);
#1260=CIRCLE('',#6073,0.24);
#1261=CIRCLE('',#6075,0.24);
#1262=CIRCLE('',#6076,0.24);
#1263=CIRCLE('',#6078,0.24);
#1264=CIRCLE('',#6079,0.24);
#1265=CIRCLE('',#6081,0.24);
#1266=CIRCLE('',#6083,0.24);
#1267=CIRCLE('',#6087,0.24);
#1268=CIRCLE('',#6088,0.24);
#1269=CIRCLE('',#6089,0.24);
#1270=CIRCLE('',#6091,0.24);
#1271=CIRCLE('',#6092,0.24);
#1272=CIRCLE('',#6096,0.31);
#1273=CIRCLE('',#6097,0.31);
#1274=CIRCLE('',#6100,0.31);
#1275=CIRCLE('',#6101,0.31);
#1276=CIRCLE('',#6104,0.31);
#1277=CIRCLE('',#6105,0.31);
#1278=CIRCLE('',#6108,0.31);
#1279=CIRCLE('',#6109,0.31);
#1280=CIRCLE('',#6112,0.31);
#1281=CIRCLE('',#6113,0.31);
#1282=CIRCLE('',#6116,0.31);
#1283=CIRCLE('',#6117,0.31);
#1284=CIRCLE('',#6120,0.31);
#1285=CIRCLE('',#6121,0.31);
#1286=CIRCLE('',#6124,0.31);
#1287=CIRCLE('',#6125,0.31);
#1288=CIRCLE('',#6128,0.31);
#1289=CIRCLE('',#6129,0.31);
#1290=CIRCLE('',#6132,0.31);
#1291=CIRCLE('',#6133,0.31);
#1292=CIRCLE('',#6136,0.31);
#1293=CIRCLE('',#6137,0.31);
#1294=CIRCLE('',#6140,0.31);
#1295=CIRCLE('',#6141,0.31);
#1296=CIRCLE('',#6144,0.31);
#1297=CIRCLE('',#6145,0.31);
#1298=CIRCLE('',#6148,0.31);
#1299=CIRCLE('',#6149,0.31);
#1300=CIRCLE('',#6152,0.31);
#1301=CIRCLE('',#6153,0.31);
#1302=CIRCLE('',#6156,0.24);
#1303=CIRCLE('',#6158,0.24);
#1304=CIRCLE('',#6159,0.24);
#1305=CIRCLE('',#6161,0.24);
#1306=CIRCLE('',#6163,0.24);
#1307=CIRCLE('',#6165,0.24);
#1308=CIRCLE('',#6167,0.24);
#1309=CIRCLE('',#6169,0.24);
#1310=CIRCLE('',#6171,0.01);
#1311=CIRCLE('',#6172,0.01);
#1312=CIRCLE('',#6174,0.24);
#1313=CIRCLE('',#6176,0.24);
#1314=CIRCLE('',#6185,0.01);
#1315=CIRCLE('',#6186,0.01);
#1316=CIRCLE('',#6195,0.24);
#1317=CIRCLE('',#6197,0.24);
#1318=CIRCLE('',#6199,0.24);
#1319=CIRCLE('',#6200,0.24);
#1320=CIRCLE('',#6203,0.24);
#1321=CIRCLE('',#6205,0.24);
#1322=CIRCLE('',#6206,0.24);
#1323=CIRCLE('',#6209,0.24);
#1324=CIRCLE('',#6210,0.24);
#1325=CIRCLE('',#6212,0.31);
#1326=CIRCLE('',#6214,0.31);
#1327=CIRCLE('',#6215,0.31);
#1328=CIRCLE('',#6218,0.31);
#1329=CIRCLE('',#6219,0.31);
#1330=CIRCLE('',#6222,0.31);
#1331=CIRCLE('',#6223,0.31);
#1332=CIRCLE('',#6226,0.31);
#1333=CIRCLE('',#6227,0.31);
#1334=CIRCLE('',#6230,0.31);
#1335=CIRCLE('',#6231,0.31);
#1336=CIRCLE('',#6234,0.31);
#1337=CIRCLE('',#6235,0.31);
#1338=CIRCLE('',#6239,0.01);
#1339=CIRCLE('',#6241,0.01);
#1340=CIRCLE('',#6242,0.01);
#1341=CIRCLE('',#6244,0.0099999999999989);
#1342=CIRCLE('',#6246,0.025);
#1343=CIRCLE('',#6247,0.4);
#1344=CIRCLE('',#6248,0.0250000000000004);
#1345=CIRCLE('',#6250,0.0250000000000004);
#1346=CIRCLE('',#6251,0.4);
#1347=CIRCLE('',#6252,0.025);
#1348=CIRCLE('',#6254,0.4);
#1349=CIRCLE('',#6255,0.4);
#1350=CIRCLE('',#6258,0.025);
#1351=CIRCLE('',#6260,0.4);
#1352=CIRCLE('',#6262,0.025);
#1353=CIRCLE('',#6265,0.025);
#1354=CIRCLE('',#6267,0.025);
#1355=CIRCLE('',#6269,0.4);
#1356=CIRCLE('',#6271,0.31);
#1357=CIRCLE('',#6272,0.31);
#1358=CIRCLE('',#6274,0.24);
#1359=CIRCLE('',#6276,0.24);
#1360=CIRCLE('',#6278,0.31);
#1361=CIRCLE('',#6280,0.31);
#1362=CIRCLE('',#6282,0.00999999999999979);
#1363=CIRCLE('',#6284,0.00999999999999979);
#1364=CIRCLE('',#6286,0.24);
#1365=CIRCLE('',#6287,0.24);
#1366=CIRCLE('',#6289,0.24);
#1367=CIRCLE('',#6290,0.24);
#1368=CIRCLE('',#6292,0.31);
#1369=CIRCLE('',#6293,0.24);
#1370=CIRCLE('',#6295,0.31);
#1371=CIRCLE('',#6296,0.24);
#1372=CIRCLE('',#6298,0.31);
#1373=CIRCLE('',#6300,0.31);
#1374=CIRCLE('',#6302,0.24);
#1375=CIRCLE('',#6304,0.24);
#1376=CIRCLE('',#6306,0.31);
#1377=CIRCLE('',#6308,0.31);
#1378=CIRCLE('',#6311,0.31);
#1379=CIRCLE('',#6313,0.31);
#1380=CIRCLE('',#6315,0.31);
#1381=CIRCLE('',#6316,0.31);
#1382=CIRCLE('',#6318,0.31);
#1383=CIRCLE('',#6320,0.31);
#1384=CIRCLE('',#6328,0.4);
#1385=CIRCLE('',#6330,0.31);
#1386=CIRCLE('',#6332,0.31);
#1387=CIRCLE('',#6334,0.4);
#1388=CIRCLE('',#6335,0.4);
#1389=CIRCLE('',#6337,0.025);
#1390=CIRCLE('',#6338,0.025);
#1391=CIRCLE('',#6340,0.4);
#1392=CIRCLE('',#6342,0.025);
#1393=CIRCLE('',#6343,0.025);
#1394=CIRCLE('',#6345,0.025);
#1395=CIRCLE('',#6346,0.025);
#1396=CIRCLE('',#6348,0.4);
#1397=CIRCLE('',#6349,0.4);
#1398=CIRCLE('',#6351,0.025);
#1399=CIRCLE('',#6352,0.025);
#1400=CIRCLE('',#6355,0.4);
#1401=CIRCLE('',#6357,0.4);
#1402=CIRCLE('',#6359,0.0249999999999999);
#1403=CIRCLE('',#6360,0.025);
#1404=CIRCLE('',#6362,0.0249999999999999);
#1405=CIRCLE('',#6363,0.025);
#1406=CIRCLE('',#6365,0.399999999999999);
#1407=CIRCLE('',#6366,0.4);
#1408=CIRCLE('',#6368,0.399999999999999);
#1409=CIRCLE('',#6369,0.4);
#1410=CIRCLE('',#6371,0.0249999999999998);
#1411=CIRCLE('',#6372,0.025);
#1412=CIRCLE('',#6374,0.0249999999999998);
#1413=CIRCLE('',#6375,0.025);
#1414=CIRCLE('',#6377,0.4);
#1415=CIRCLE('',#6379,0.4);
#1416=CIRCLE('',#6385,0.025);
#1417=CIRCLE('',#6386,0.025);
#1418=CIRCLE('',#6388,0.4);
#1419=CIRCLE('',#6389,0.4);
#1420=CIRCLE('',#6391,0.4);
#1421=CIRCLE('',#6393,0.025);
#1422=CIRCLE('',#6394,0.025);
#1423=CIRCLE('',#6396,0.4);
#1424=CIRCLE('',#6398,0.4);
#1425=CIRCLE('',#6402,0.4);
#1426=CIRCLE('',#6404,0.4);
#1427=CIRCLE('',#6406,0.4);
#1428=CIRCLE('',#6408,0.4);
#1429=CIRCLE('',#6410,0.025);
#1430=CIRCLE('',#6411,0.025);
#1431=CIRCLE('',#6413,0.025);
#1432=CIRCLE('',#6414,0.025);
#1433=CIRCLE('',#6418,0.4);
#1434=CIRCLE('',#6419,0.4);
#1435=CIRCLE('',#6421,0.4);
#1436=CIRCLE('',#6422,0.4);
#1437=CIRCLE('',#6424,0.025);
#1438=CIRCLE('',#6425,0.025);
#1439=CIRCLE('',#6427,0.025);
#1440=CIRCLE('',#6428,0.025);
#1441=CIRCLE('',#6430,0.025);
#1442=CIRCLE('',#6431,0.025);
#1443=CIRCLE('',#6433,0.025);
#1444=CIRCLE('',#6434,0.025);
#1445=CIRCLE('',#6439,0.4);
#1446=CIRCLE('',#6440,0.4);
#1447=CIRCLE('',#6442,0.4);
#1448=CIRCLE('',#6443,0.4);
#1449=CIRCLE('',#6445,0.0249999999999998);
#1450=CIRCLE('',#6446,0.025);
#1451=CIRCLE('',#6448,0.0249999999999998);
#1452=CIRCLE('',#6449,0.025);
#1453=CIRCLE('',#6451,0.025);
#1454=CIRCLE('',#6452,0.025);
#1455=CIRCLE('',#6454,0.025);
#1456=CIRCLE('',#6455,0.025);
#1457=CIRCLE('',#6457,0.4);
#1458=CIRCLE('',#6459,0.4);
#1459=CIRCLE('',#6463,0.0250000000000004);
#1460=CIRCLE('',#6464,0.025);
#1461=CIRCLE('',#6466,0.0250000000000004);
#1462=CIRCLE('',#6467,0.025);
#1463=CIRCLE('',#6469,0.4);
#1464=CIRCLE('',#6471,0.4);
#1465=CIRCLE('',#6473,0.4);
#1466=CIRCLE('',#6477,0.025);
#1467=CIRCLE('',#6478,0.025);
#1468=CIRCLE('',#6480,0.4);
#1469=CIRCLE('',#6482,0.4);
#1470=CIRCLE('',#6483,0.4);
#1471=CIRCLE('',#6485,0.4);
#1472=CIRCLE('',#6489,0.025);
#1473=CIRCLE('',#6490,0.025);
#1474=CIRCLE('',#6494,0.4);
#1475=CIRCLE('',#6495,0.39);
#1476=CIRCLE('',#6497,0.4);
#1477=CIRCLE('',#6499,0.39);
#1478=CIRCLE('',#6506,0.4);
#1479=CIRCLE('',#6508,0.4);
#1480=LINE('',#8395,#1925);
#1481=LINE('',#8397,#1926);
#1482=LINE('',#8399,#1927);
#1483=LINE('',#8416,#1928);
#1484=LINE('',#8422,#1929);
#1485=LINE('',#8425,#1930);
#1486=LINE('',#8427,#1931);
#1487=LINE('',#8430,#1932);
#1488=LINE('',#8434,#1933);
#1489=LINE('',#8438,#1934);
#1490=LINE('',#8440,#1935);
#1491=LINE('',#8442,#1936);
#1492=LINE('',#8444,#1937);
#1493=LINE('',#8446,#1938);
#1494=LINE('',#8448,#1939);
#1495=LINE('',#8450,#1940);
#1496=LINE('',#8454,#1941);
#1497=LINE('',#8455,#1942);
#1498=LINE('',#8465,#1943);
#1499=LINE('',#8468,#1944);
#1500=LINE('',#8470,#1945);
#1501=LINE('',#8471,#1946);
#1502=LINE('',#8474,#1947);
#1503=LINE('',#8476,#1948);
#1504=LINE('',#8480,#1949);
#1505=LINE('',#8482,#1950);
#1506=LINE('',#8484,#1951);
#1507=LINE('',#8486,#1952);
#1508=LINE('',#8488,#1953);
#1509=LINE('',#8489,#1954);
#1510=LINE('',#8600,#1955);
#1511=LINE('',#8628,#1956);
#1512=LINE('',#8629,#1957);
#1513=LINE('',#8635,#1958);
#1514=LINE('',#8661,#1959);
#1515=LINE('',#8663,#1960);
#1516=LINE('',#8664,#1961);
#1517=LINE('',#8684,#1962);
#1518=LINE('',#8727,#1963);
#1519=LINE('',#8731,#1964);
#1520=LINE('',#8735,#1965);
#1521=LINE('',#8737,#1966);
#1522=LINE('',#8739,#1967);
#1523=LINE('',#8741,#1968);
#1524=LINE('',#8742,#1969);
#1525=LINE('',#8745,#1970);
#1526=LINE('',#8747,#1971);
#1527=LINE('',#8748,#1972);
#1528=LINE('',#8751,#1973);
#1529=LINE('',#8753,#1974);
#1530=LINE('',#8754,#1975);
#1531=LINE('',#8757,#1976);
#1532=LINE('',#8758,#1977);
#1533=LINE('',#8762,#1978);
#1534=LINE('',#8767,#1979);
#1535=LINE('',#8774,#1980);
#1536=LINE('',#8781,#1981);
#1537=LINE('',#8788,#1982);
#1538=LINE('',#8795,#1983);
#1539=LINE('',#8802,#1984);
#1540=LINE('',#8809,#1985);
#1541=LINE('',#8814,#1986);
#1542=LINE('',#8819,#1987);
#1543=LINE('',#8824,#1988);
#1544=LINE('',#8829,#1989);
#1545=LINE('',#8834,#1990);
#1546=LINE('',#8839,#1991);
#1547=LINE('',#8844,#1992);
#1548=LINE('',#8851,#1993);
#1549=LINE('',#8858,#1994);
#1550=LINE('',#8865,#1995);
#1551=LINE('',#8872,#1996);
#1552=LINE('',#8879,#1997);
#1553=LINE('',#8886,#1998);
#1554=LINE('',#8893,#1999);
#1555=LINE('',#8900,#2000);
#1556=LINE('',#8907,#2001);
#1557=LINE('',#8914,#2002);
#1558=LINE('',#8921,#2003);
#1559=LINE('',#8928,#2004);
#1560=LINE('',#8933,#2005);
#1561=LINE('',#8938,#2006);
#1562=LINE('',#8943,#2007);
#1563=LINE('',#8948,#2008);
#1564=LINE('',#8955,#2009);
#1565=LINE('',#8962,#2010);
#1566=LINE('',#8969,#2011);
#1567=LINE('',#8974,#2012);
#1568=LINE('',#8979,#2013);
#1569=LINE('',#8984,#2014);
#1570=LINE('',#8991,#2015);
#1571=LINE('',#8998,#2016);
#1572=LINE('',#9005,#2017);
#1573=LINE('',#9012,#2018);
#1574=LINE('',#9019,#2019);
#1575=LINE('',#9026,#2020);
#1576=LINE('',#9033,#2021);
#1577=LINE('',#9040,#2022);
#1578=LINE('',#9047,#2023);
#1579=LINE('',#9053,#2024);
#1580=LINE('',#9060,#2025);
#1581=LINE('',#9062,#2026);
#1582=LINE('',#9065,#2027);
#1583=LINE('',#9069,#2028);
#1584=LINE('',#9076,#2029);
#1585=LINE('',#9078,#2030);
#1586=LINE('',#9081,#2031);
#1587=LINE('',#9085,#2032);
#1588=LINE('',#9092,#2033);
#1589=LINE('',#9094,#2034);
#1590=LINE('',#9097,#2035);
#1591=LINE('',#9101,#2036);
#1592=LINE('',#9108,#2037);
#1593=LINE('',#9110,#2038);
#1594=LINE('',#9113,#2039);
#1595=LINE('',#9117,#2040);
#1596=LINE('',#9122,#2041);
#1597=LINE('',#9126,#2042);
#1598=LINE('',#9128,#2043);
#1599=LINE('',#9131,#2044);
#1600=LINE('',#9135,#2045);
#1601=LINE('',#9141,#2046);
#1602=LINE('',#9144,#2047);
#1603=LINE('',#9146,#2048);
#1604=LINE('',#9150,#2049);
#1605=LINE('',#9152,#2050);
#1606=LINE('',#9156,#2051);
#1607=LINE('',#9158,#2052);
#1608=LINE('',#9159,#2053);
#1609=LINE('',#9161,#2054);
#1610=LINE('',#9165,#2055);
#1611=LINE('',#9166,#2056);
#1612=LINE('',#9168,#2057);
#1613=LINE('',#9170,#2058);
#1614=LINE('',#9174,#2059);
#1615=LINE('',#9175,#2060);
#1616=LINE('',#9178,#2061);
#1617=LINE('',#9180,#2062);
#1618=LINE('',#9184,#2063);
#1619=LINE('',#9185,#2064);
#1620=LINE('',#9187,#2065);
#1621=LINE('',#9189,#2066);
#1622=LINE('',#9193,#2067);
#1623=LINE('',#9194,#2068);
#1624=LINE('',#9195,#2069);
#1625=LINE('',#9197,#2070);
#1626=LINE('',#9198,#2071);
#1627=LINE('',#9201,#2072);
#1628=LINE('',#9202,#2073);
#1629=LINE('',#9205,#2074);
#1630=LINE('',#9207,#2075);
#1631=LINE('',#9208,#2076);
#1632=LINE('',#9210,#2077);
#1633=LINE('',#9212,#2078);
#1634=LINE('',#9214,#2079);
#1635=LINE('',#9215,#2080);
#1636=LINE('',#9220,#2081);
#1637=LINE('',#9227,#2082);
#1638=LINE('',#9234,#2083);
#1639=LINE('',#9241,#2084);
#1640=LINE('',#9248,#2085);
#1641=LINE('',#9255,#2086);
#1642=LINE('',#9262,#2087);
#1643=LINE('',#9269,#2088);
#1644=LINE('',#9276,#2089);
#1645=LINE('',#9283,#2090);
#1646=LINE('',#9290,#2091);
#1647=LINE('',#9297,#2092);
#1648=LINE('',#9304,#2093);
#1649=LINE('',#9311,#2094);
#1650=LINE('',#9318,#2095);
#1651=LINE('',#9327,#2096);
#1652=LINE('',#9348,#2097);
#1653=LINE('',#9350,#2098);
#1654=LINE('',#9351,#2099);
#1655=LINE('',#9354,#2100);
#1656=LINE('',#9358,#2101);
#1657=LINE('',#9360,#2102);
#1658=LINE('',#9362,#2103);
#1659=LINE('',#9366,#2104);
#1660=LINE('',#9367,#2105);
#1661=LINE('',#9369,#2106);
#1662=LINE('',#9371,#2107);
#1663=LINE('',#9373,#2108);
#1664=LINE('',#9374,#2109);
#1665=LINE('',#9380,#2110);
#1666=LINE('',#9382,#2111);
#1667=LINE('',#9383,#2112);
#1668=LINE('',#9389,#2113);
#1669=LINE('',#9391,#2114);
#1670=LINE('',#9392,#2115);
#1671=LINE('',#9394,#2116);
#1672=LINE('',#9395,#2117);
#1673=LINE('',#9397,#2118);
#1674=LINE('',#9398,#2119);
#1675=LINE('',#9401,#2120);
#1676=LINE('',#9403,#2121);
#1677=LINE('',#9404,#2122);
#1678=LINE('',#9407,#2123);
#1679=LINE('',#9409,#2124);
#1680=LINE('',#9410,#2125);
#1681=LINE('',#9412,#2126);
#1682=LINE('',#9413,#2127);
#1683=LINE('',#9415,#2128);
#1684=LINE('',#9417,#2129);
#1685=LINE('',#9419,#2130);
#1686=LINE('',#9420,#2131);
#1687=LINE('',#9422,#2132);
#1688=LINE('',#9424,#2133);
#1689=LINE('',#9426,#2134);
#1690=LINE('',#9427,#2135);
#1691=LINE('',#9429,#2136);
#1692=LINE('',#9431,#2137);
#1693=LINE('',#9435,#2138);
#1694=LINE('',#9437,#2139);
#1695=LINE('',#9439,#2140);
#1696=LINE('',#9441,#2141);
#1697=LINE('',#9443,#2142);
#1698=LINE('',#9446,#2143);
#1699=LINE('',#9448,#2144);
#1700=LINE('',#9449,#2145);
#1701=LINE('',#9452,#2146);
#1702=LINE('',#9454,#2147);
#1703=LINE('',#9455,#2148);
#1704=LINE('',#9458,#2149);
#1705=LINE('',#9460,#2150);
#1706=LINE('',#9461,#2151);
#1707=LINE('',#9463,#2152);
#1708=LINE('',#9464,#2153);
#1709=LINE('',#9466,#2154);
#1710=LINE('',#9467,#2155);
#1711=LINE('',#9472,#2156);
#1712=LINE('',#9476,#2157);
#1713=LINE('',#9480,#2158);
#1714=LINE('',#9486,#2159);
#1715=LINE('',#9490,#2160);
#1716=LINE('',#9496,#2161);
#1717=LINE('',#9500,#2162);
#1718=LINE('',#9502,#2163);
#1719=LINE('',#9504,#2164);
#1720=LINE('',#9506,#2165);
#1721=LINE('',#9510,#2166);
#1722=LINE('',#9512,#2167);
#1723=LINE('',#9513,#2168);
#1724=LINE('',#9518,#2169);
#1725=LINE('',#9525,#2170);
#1726=LINE('',#9532,#2171);
#1727=LINE('',#9539,#2172);
#1728=LINE('',#9546,#2173);
#1729=LINE('',#9553,#2174);
#1730=LINE('',#9558,#2175);
#1731=LINE('',#9560,#2176);
#1732=LINE('',#9562,#2177);
#1733=LINE('',#9563,#2178);
#1734=LINE('',#9566,#2179);
#1735=LINE('',#9568,#2180);
#1736=LINE('',#9570,#2181);
#1737=LINE('',#9572,#2182);
#1738=LINE('',#9579,#2183);
#1739=LINE('',#9582,#2184);
#1740=LINE('',#9587,#2185);
#1741=LINE('',#9589,#2186);
#1742=LINE('',#9596,#2187);
#1743=LINE('',#9600,#2188);
#1744=LINE('',#9602,#2189);
#1745=LINE('',#9609,#2190);
#1746=LINE('',#9613,#2191);
#1747=LINE('',#9617,#2192);
#1748=LINE('',#9619,#2193);
#1749=LINE('',#9620,#2194);
#1750=LINE('',#9623,#2195);
#1751=LINE('',#9627,#2196);
#1752=LINE('',#9631,#2197);
#1753=LINE('',#9635,#2198);
#1754=LINE('',#9637,#2199);
#1755=LINE('',#9638,#2200);
#1756=LINE('',#9641,#2201);
#1757=LINE('',#9644,#2202);
#1758=LINE('',#9647,#2203);
#1759=LINE('',#9650,#2204);
#1760=LINE('',#9657,#2205);
#1761=LINE('',#9664,#2206);
#1762=LINE('',#9671,#2207);
#1763=LINE('',#9675,#2208);
#1764=LINE('',#9678,#2209);
#1765=LINE('',#9681,#2210);
#1766=LINE('',#9684,#2211);
#1767=LINE('',#9689,#2212);
#1768=LINE('',#9695,#2213);
#1769=LINE('',#9715,#2214);
#1770=LINE('',#9719,#2215);
#1771=LINE('',#9728,#2216);
#1772=LINE('',#9732,#2217);
#1773=LINE('',#9735,#2218);
#1774=LINE('',#9737,#2219);
#1775=LINE('',#9742,#2220);
#1776=LINE('',#9746,#2221);
#1777=LINE('',#9750,#2222);
#1778=LINE('',#9754,#2223);
#1779=LINE('',#9758,#2224);
#1780=LINE('',#9759,#2225);
#1781=LINE('',#9762,#2226);
#1782=LINE('',#9763,#2227);
#1783=LINE('',#9765,#2228);
#1784=LINE('',#9769,#2229);
#1785=LINE('',#9770,#2230);
#1786=LINE('',#9771,#2231);
#1787=LINE('',#9774,#2232);
#1788=LINE('',#9775,#2233);
#1789=LINE('',#9778,#2234);
#1790=LINE('',#9779,#2235);
#1791=LINE('',#9783,#2236);
#1792=LINE('',#9787,#2237);
#1793=LINE('',#9788,#2238);
#1794=LINE('',#9792,#2239);
#1795=LINE('',#9796,#2240);
#1796=LINE('',#9802,#2241);
#1797=LINE('',#9805,#2242);
#1798=LINE('',#9810,#2243);
#1799=LINE('',#9815,#2244);
#1800=LINE('',#9819,#2245);
#1801=LINE('',#9820,#2246);
#1802=LINE('',#9826,#2247);
#1803=LINE('',#9832,#2248);
#1804=LINE('',#9835,#2249);
#1805=LINE('',#9841,#2250);
#1806=LINE('',#9847,#2251);
#1807=LINE('',#9851,#2252);
#1808=LINE('',#9853,#2253);
#1809=LINE('',#9855,#2254);
#1810=LINE('',#9856,#2255);
#1811=LINE('',#9860,#2256);
#1812=LINE('',#9862,#2257);
#1813=LINE('',#9863,#2258);
#1814=LINE('',#9868,#2259);
#1815=LINE('',#9871,#2260);
#1816=LINE('',#9872,#2261);
#1817=LINE('',#9878,#2262);
#1818=LINE('',#9883,#2263);
#1819=LINE('',#9890,#2264);
#1820=LINE('',#9895,#2265);
#1821=LINE('',#9902,#2266);
#1822=LINE('',#9907,#2267);
#1823=LINE('',#9911,#2268);
#1824=LINE('',#9912,#2269);
#1825=LINE('',#9916,#2270);
#1826=LINE('',#9918,#2271);
#1827=LINE('',#9920,#2272);
#1828=LINE('',#9922,#2273);
#1829=LINE('',#9930,#2274);
#1830=LINE('',#9936,#2275);
#1831=LINE('',#9939,#2276);
#1832=LINE('',#9941,#2277);
#1833=LINE('',#9948,#2278);
#1834=LINE('',#9951,#2279);
#1835=LINE('',#9953,#2280);
#1836=LINE('',#9957,#2281);
#1837=LINE('',#9960,#2282);
#1838=LINE('',#9962,#2283);
#1839=LINE('',#9964,#2284);
#1840=LINE('',#9968,#2285);
#1841=LINE('',#9971,#2286);
#1842=LINE('',#9972,#2287);
#1843=LINE('',#9976,#2288);
#1844=LINE('',#9978,#2289);
#1845=LINE('',#9979,#2290);
#1846=LINE('',#9983,#2291);
#1847=LINE('',#9987,#2292);
#1848=LINE('',#9994,#2293);
#1849=LINE('',#9999,#2294);
#1850=LINE('',#10003,#2295);
#1851=LINE('',#10005,#2296);
#1852=LINE('',#10006,#2297);
#1853=LINE('',#10009,#2298);
#1854=LINE('',#10011,#2299);
#1855=LINE('',#10012,#2300);
#1856=LINE('',#10018,#2301);
#1857=LINE('',#10023,#2302);
#1858=LINE('',#10030,#2303);
#1859=LINE('',#10041,#2304);
#1860=LINE('',#10044,#2305);
#1861=LINE('',#10045,#2306);
#1862=LINE('',#10053,#2307);
#1863=LINE('',#10056,#2308);
#1864=LINE('',#10062,#2309);
#1865=LINE('',#10065,#2310);
#1866=LINE('',#10071,#2311);
#1867=LINE('',#10076,#2312);
#1868=LINE('',#10083,#2313);
#1869=LINE('',#10088,#2314);
#1870=LINE('',#10092,#2315);
#1871=LINE('',#10093,#2316);
#1872=LINE('',#10097,#2317);
#1873=LINE('',#10100,#2318);
#1874=LINE('',#10103,#2319);
#1875=LINE('',#10105,#2320);
#1876=LINE('',#10106,#2321);
#1877=LINE('',#10109,#2322);
#1878=LINE('',#10111,#2323);
#1879=LINE('',#10112,#2324);
#1880=LINE('',#10118,#2325);
#1881=LINE('',#10123,#2326);
#1882=LINE('',#10127,#2327);
#1883=LINE('',#10129,#2328);
#1884=LINE('',#10133,#2329);
#1885=LINE('',#10136,#2330);
#1886=LINE('',#10139,#2331);
#1887=LINE('',#10141,#2332);
#1888=LINE('',#10144,#2333);
#1889=LINE('',#10150,#2334);
#1890=LINE('',#10153,#2335);
#1891=LINE('',#10154,#2336);
#1892=LINE('',#10161,#2337);
#1893=LINE('',#10164,#2338);
#1894=LINE('',#10167,#2339);
#1895=LINE('',#10168,#2340);
#1896=LINE('',#10171,#2341);
#1897=LINE('',#10173,#2342);
#1898=LINE('',#10174,#2343);
#1899=LINE('',#10185,#2344);
#1900=LINE('',#10189,#2345);
#1901=LINE('',#10190,#2346);
#1902=LINE('',#10191,#2347);
#1903=LINE('',#10193,#2348);
#1904=LINE('',#10197,#2349);
#1905=LINE('',#10199,#2350);
#1906=LINE('',#10200,#2351);
#1907=LINE('',#10201,#2352);
#1908=LINE('',#10209,#2353);
#1909=LINE('',#10211,#2354);
#1910=LINE('',#10214,#2355);
#1911=LINE('',#10216,#2356);
#1912=LINE('',#10217,#2357);
#1913=LINE('',#10220,#2358);
#1914=LINE('',#10221,#2359);
#1915=LINE('',#10224,#2360);
#1916=LINE('',#10225,#2361);
#1917=LINE('',#10227,#2362);
#1918=LINE('',#10229,#2363);
#1919=LINE('',#10232,#2364);
#1920=LINE('',#10233,#2365);
#1921=LINE('',#10234,#2366);
#1922=LINE('',#10236,#2367);
#1923=LINE('',#10238,#2368);
#1924=LINE('',#10242,#2369);
#1925=VECTOR('',#6529,1.);
#1926=VECTOR('',#6530,1.);
#1927=VECTOR('',#6531,1.);
#1928=VECTOR('',#6534,1.);
#1929=VECTOR('',#6541,1.);
#1930=VECTOR('',#6544,1.06);
#1931=VECTOR('',#6547,1.);
#1932=VECTOR('',#6550,1.25);
#1933=VECTOR('',#6553,1.);
#1934=VECTOR('',#6558,1.);
#1935=VECTOR('',#6559,1.);
#1936=VECTOR('',#6560,0.1);
#1937=VECTOR('',#6561,1.);
#1938=VECTOR('',#6562,1.);
#1939=VECTOR('',#6563,1.);
#1940=VECTOR('',#6564,1.);
#1941=VECTOR('',#6567,1.);
#1942=VECTOR('',#6568,1.);
#1943=VECTOR('',#6579,1.);
#1944=VECTOR('',#6582,1.);
#1945=VECTOR('',#6583,1.);
#1946=VECTOR('',#6584,1.);
#1947=VECTOR('',#6587,1.);
#1948=VECTOR('',#6588,1.);
#1949=VECTOR('',#6591,1.);
#1950=VECTOR('',#6592,1.);
#1951=VECTOR('',#6593,1.);
#1952=VECTOR('',#6594,1.);
#1953=VECTOR('',#6595,1.);
#1954=VECTOR('',#6596,1.);
#1955=VECTOR('',#6619,1.);
#1956=VECTOR('',#6626,1.);
#1957=VECTOR('',#6627,1.);
#1958=VECTOR('',#6634,1.);
#1959=VECTOR('',#6637,1.);
#1960=VECTOR('',#6638,1.);
#1961=VECTOR('',#6639,1.);
#1962=VECTOR('',#6664,1.);
#1963=VECTOR('',#6673,1.);
#1964=VECTOR('',#6678,1.);
#1965=VECTOR('',#6681,1.);
#1966=VECTOR('',#6682,1.);
#1967=VECTOR('',#6683,1.);
#1968=VECTOR('',#6684,1.);
#1969=VECTOR('',#6685,1.);
#1970=VECTOR('',#6688,1.);
#1971=VECTOR('',#6689,1.);
#1972=VECTOR('',#6690,1.);
#1973=VECTOR('',#6693,1.);
#1974=VECTOR('',#6694,1.);
#1975=VECTOR('',#6695,1.);
#1976=VECTOR('',#6698,1.);
#1977=VECTOR('',#6699,1.);
#1978=VECTOR('',#6704,1.);
#1979=VECTOR('',#6709,0.24);
#1980=VECTOR('',#6718,0.24);
#1981=VECTOR('',#6727,0.24);
#1982=VECTOR('',#6736,0.24);
#1983=VECTOR('',#6745,0.24);
#1984=VECTOR('',#6754,0.24);
#1985=VECTOR('',#6763,0.24);
#1986=VECTOR('',#6770,0.31);
#1987=VECTOR('',#6777,0.31);
#1988=VECTOR('',#6784,0.31);
#1989=VECTOR('',#6791,0.31);
#1990=VECTOR('',#6798,0.31);
#1991=VECTOR('',#6805,0.31);
#1992=VECTOR('',#6812,0.31);
#1993=VECTOR('',#6821,0.24);
#1994=VECTOR('',#6830,0.24);
#1995=VECTOR('',#6839,0.24);
#1996=VECTOR('',#6848,0.24);
#1997=VECTOR('',#6857,0.31);
#1998=VECTOR('',#6866,0.31);
#1999=VECTOR('',#6875,0.31);
#2000=VECTOR('',#6884,0.31);
#2001=VECTOR('',#6893,0.24);
#2002=VECTOR('',#6902,0.24);
#2003=VECTOR('',#6911,0.24);
#2004=VECTOR('',#6920,0.24);
#2005=VECTOR('',#6927,0.31);
#2006=VECTOR('',#6934,0.31);
#2007=VECTOR('',#6941,0.31);
#2008=VECTOR('',#6948,0.31);
#2009=VECTOR('',#6957,0.24);
#2010=VECTOR('',#6966,0.24);
#2011=VECTOR('',#6975,0.24);
#2012=VECTOR('',#6982,0.31);
#2013=VECTOR('',#6989,0.31);
#2014=VECTOR('',#6996,0.31);
#2015=VECTOR('',#7005,0.24);
#2016=VECTOR('',#7014,0.24);
#2017=VECTOR('',#7023,0.24);
#2018=VECTOR('',#7032,0.24);
#2019=VECTOR('',#7041,0.24);
#2020=VECTOR('',#7050,0.24);
#2021=VECTOR('',#7059,0.24);
#2022=VECTOR('',#7068,0.24);
#2023=VECTOR('',#7077,0.24);
#2024=VECTOR('',#7084,1.);
#2025=VECTOR('',#7093,0.24);
#2026=VECTOR('',#7094,1.);
#2027=VECTOR('',#7097,1.);
#2028=VECTOR('',#7100,1.);
#2029=VECTOR('',#7109,0.24);
#2030=VECTOR('',#7110,1.);
#2031=VECTOR('',#7113,1.);
#2032=VECTOR('',#7116,1.);
#2033=VECTOR('',#7125,0.24);
#2034=VECTOR('',#7126,1.);
#2035=VECTOR('',#7129,1.);
#2036=VECTOR('',#7132,1.);
#2037=VECTOR('',#7141,0.24);
#2038=VECTOR('',#7142,1.);
#2039=VECTOR('',#7145,1.);
#2040=VECTOR('',#7148,1.);
#2041=VECTOR('',#7153,1.);
#2042=VECTOR('',#7158,0.24);
#2043=VECTOR('',#7159,1.);
#2044=VECTOR('',#7162,1.);
#2045=VECTOR('',#7165,1.);
#2046=VECTOR('',#7172,0.24);
#2047=VECTOR('',#7175,1.);
#2048=VECTOR('',#7176,1.);
#2049=VECTOR('',#7181,1.);
#2050=VECTOR('',#7182,1.);
#2051=VECTOR('',#7185,1.);
#2052=VECTOR('',#7186,1.);
#2053=VECTOR('',#7187,1.);
#2054=VECTOR('',#7188,1.);
#2055=VECTOR('',#7191,1.);
#2056=VECTOR('',#7192,1.);
#2057=VECTOR('',#7193,1.);
#2058=VECTOR('',#7194,1.);
#2059=VECTOR('',#7197,1.);
#2060=VECTOR('',#7198,1.);
#2061=VECTOR('',#7201,1.);
#2062=VECTOR('',#7202,1.);
#2063=VECTOR('',#7205,1.);
#2064=VECTOR('',#7206,1.);
#2065=VECTOR('',#7207,1.);
#2066=VECTOR('',#7208,1.);
#2067=VECTOR('',#7211,1.);
#2068=VECTOR('',#7212,1.);
#2069=VECTOR('',#7213,1.);
#2070=VECTOR('',#7214,1.);
#2071=VECTOR('',#7215,1.);
#2072=VECTOR('',#7218,1.);
#2073=VECTOR('',#7219,1.);
#2074=VECTOR('',#7222,1.);
#2075=VECTOR('',#7223,1.);
#2076=VECTOR('',#7224,1.);
#2077=VECTOR('',#7225,1.);
#2078=VECTOR('',#7226,1.);
#2079=VECTOR('',#7227,1.);
#2080=VECTOR('',#7228,1.);
#2081=VECTOR('',#7233,0.31);
#2082=VECTOR('',#7242,0.31);
#2083=VECTOR('',#7251,0.31);
#2084=VECTOR('',#7260,0.31);
#2085=VECTOR('',#7269,0.31);
#2086=VECTOR('',#7278,0.31);
#2087=VECTOR('',#7287,0.31);
#2088=VECTOR('',#7296,0.31);
#2089=VECTOR('',#7305,0.31);
#2090=VECTOR('',#7314,0.31);
#2091=VECTOR('',#7323,0.31);
#2092=VECTOR('',#7332,0.31);
#2093=VECTOR('',#7341,0.31);
#2094=VECTOR('',#7350,0.31);
#2095=VECTOR('',#7359,0.31);
#2096=VECTOR('',#7370,1.);
#2097=VECTOR('',#7395,1.);
#2098=VECTOR('',#7396,1.);
#2099=VECTOR('',#7397,1.);
#2100=VECTOR('',#7400,1.);
#2101=VECTOR('',#7403,1.);
#2102=VECTOR('',#7404,1.);
#2103=VECTOR('',#7405,1.);
#2104=VECTOR('',#7408,1.);
#2105=VECTOR('',#7409,1.);
#2106=VECTOR('',#7410,1.);
#2107=VECTOR('',#7411,1.);
#2108=VECTOR('',#7412,1.);
#2109=VECTOR('',#7413,1.);
#2110=VECTOR('',#7418,1.);
#2111=VECTOR('',#7419,1.);
#2112=VECTOR('',#7420,1.);
#2113=VECTOR('',#7425,1.);
#2114=VECTOR('',#7426,1.);
#2115=VECTOR('',#7427,1.);
#2116=VECTOR('',#7430,1.);
#2117=VECTOR('',#7431,1.);
#2118=VECTOR('',#7434,1.);
#2119=VECTOR('',#7435,1.);
#2120=VECTOR('',#7438,1.);
#2121=VECTOR('',#7439,1.);
#2122=VECTOR('',#7440,1.);
#2123=VECTOR('',#7443,1.);
#2124=VECTOR('',#7444,1.);
#2125=VECTOR('',#7445,1.);
#2126=VECTOR('',#7448,1.);
#2127=VECTOR('',#7449,1.);
#2128=VECTOR('',#7452,1.);
#2129=VECTOR('',#7453,1.);
#2130=VECTOR('',#7454,1.);
#2131=VECTOR('',#7455,1.);
#2132=VECTOR('',#7458,1.);
#2133=VECTOR('',#7461,1.);
#2134=VECTOR('',#7462,1.);
#2135=VECTOR('',#7463,1.);
#2136=VECTOR('',#7464,1.);
#2137=VECTOR('',#7465,1.);
#2138=VECTOR('',#7468,1.);
#2139=VECTOR('',#7469,1.);
#2140=VECTOR('',#7470,1.);
#2141=VECTOR('',#7471,1.);
#2142=VECTOR('',#7472,1.);
#2143=VECTOR('',#7477,1.);
#2144=VECTOR('',#7480,1.);
#2145=VECTOR('',#7481,1.);
#2146=VECTOR('',#7484,1.);
#2147=VECTOR('',#7485,1.);
#2148=VECTOR('',#7486,1.);
#2149=VECTOR('',#7489,1.);
#2150=VECTOR('',#7490,1.);
#2151=VECTOR('',#7491,1.);
#2152=VECTOR('',#7494,1.);
#2153=VECTOR('',#7495,1.);
#2154=VECTOR('',#7498,1.);
#2155=VECTOR('',#7499,1.);
#2156=VECTOR('',#7506,0.24);
#2157=VECTOR('',#7511,0.24);
#2158=VECTOR('',#7516,0.24);
#2159=VECTOR('',#7525,0.24);
#2160=VECTOR('',#7530,0.24);
#2161=VECTOR('',#7539,0.24);
#2162=VECTOR('',#7544,1.);
#2163=VECTOR('',#7545,0.1);
#2164=VECTOR('',#7546,0.1);
#2165=VECTOR('',#7547,0.1);
#2166=VECTOR('',#7550,0.1);
#2167=VECTOR('',#7551,0.1);
#2168=VECTOR('',#7552,1.);
#2169=VECTOR('',#7557,0.31);
#2170=VECTOR('',#7566,0.31);
#2171=VECTOR('',#7575,0.31);
#2172=VECTOR('',#7584,0.31);
#2173=VECTOR('',#7593,0.31);
#2174=VECTOR('',#7602,0.31);
#2175=VECTOR('',#7609,1.);
#2176=VECTOR('',#7610,1.);
#2177=VECTOR('',#7611,1.);
#2178=VECTOR('',#7612,1.);
#2179=VECTOR('',#7615,1.);
#2180=VECTOR('',#7616,1.);
#2181=VECTOR('',#7617,1.);
#2182=VECTOR('',#7618,1.);
#2183=VECTOR('',#7627,1.);
#2184=VECTOR('',#7630,1.);
#2185=VECTOR('',#7635,1.);
#2186=VECTOR('',#7636,1.);
#2187=VECTOR('',#7643,1.);
#2188=VECTOR('',#7646,1.);
#2189=VECTOR('',#7647,1.);
#2190=VECTOR('',#7654,1.);
#2191=VECTOR('',#7657,1.);
#2192=VECTOR('',#7664,1.);
#2193=VECTOR('',#7665,1.);
#2194=VECTOR('',#7666,0.1);
#2195=VECTOR('',#7669,1.);
#2196=VECTOR('',#7674,1.);
#2197=VECTOR('',#7679,1.);
#2198=VECTOR('',#7684,1.);
#2199=VECTOR('',#7685,1.);
#2200=VECTOR('',#7686,0.1);
#2201=VECTOR('',#7689,1.);
#2202=VECTOR('',#7692,1.);
#2203=VECTOR('',#7695,1.);
#2204=VECTOR('',#7698,1.);
#2205=VECTOR('',#7707,0.31);
#2206=VECTOR('',#7716,0.24);
#2207=VECTOR('',#7725,0.31);
#2208=VECTOR('',#7730,1.);
#2209=VECTOR('',#7733,1.);
#2210=VECTOR('',#7736,1.);
#2211=VECTOR('',#7739,1.);
#2212=VECTOR('',#7744,0.24);
#2213=VECTOR('',#7751,0.24);
#2214=VECTOR('',#7776,0.24);
#2215=VECTOR('',#7781,0.24);
#2216=VECTOR('',#7794,0.31);
#2217=VECTOR('',#7799,0.31);
#2218=VECTOR('',#7802,0.1);
#2219=VECTOR('',#7803,0.1);
#2220=VECTOR('',#7808,0.1);
#2221=VECTOR('',#7811,0.1);
#2222=VECTOR('',#7816,0.31);
#2223=VECTOR('',#7821,0.31);
#2224=VECTOR('',#7826,0.1);
#2225=VECTOR('',#7827,0.1);
#2226=VECTOR('',#7830,0.1);
#2227=VECTOR('',#7831,0.1);
#2228=VECTOR('',#7834,0.1);
#2229=VECTOR('',#7837,0.1);
#2230=VECTOR('',#7838,0.1);
#2231=VECTOR('',#7839,0.1);
#2232=VECTOR('',#7842,0.1);
#2233=VECTOR('',#7843,0.1);
#2234=VECTOR('',#7846,0.1);
#2235=VECTOR('',#7847,0.1);
#2236=VECTOR('',#7850,1.);
#2237=VECTOR('',#7853,0.1);
#2238=VECTOR('',#7854,1.);
#2239=VECTOR('',#7859,0.31);
#2240=VECTOR('',#7864,0.31);
#2241=VECTOR('',#7869,1.);
#2242=VECTOR('',#7872,1.);
#2243=VECTOR('',#7877,1.);
#2244=VECTOR('',#7882,1.);
#2245=VECTOR('',#7885,0.1);
#2246=VECTOR('',#7886,1.);
#2247=VECTOR('',#7893,1.);
#2248=VECTOR('',#7898,1.);
#2249=VECTOR('',#7901,1.);
#2250=VECTOR('',#7908,1.);
#2251=VECTOR('',#7915,1.);
#2252=VECTOR('',#7918,1.);
#2253=VECTOR('',#7919,1.);
#2254=VECTOR('',#7920,0.999999999999999);
#2255=VECTOR('',#7921,1.);
#2256=VECTOR('',#7924,1.);
#2257=VECTOR('',#7925,1.);
#2258=VECTOR('',#7926,0.1);
#2259=VECTOR('',#7931,1.);
#2260=VECTOR('',#7934,0.1);
#2261=VECTOR('',#7935,1.);
#2262=VECTOR('',#7942,1.);
#2263=VECTOR('',#7947,1.);
#2264=VECTOR('',#7956,1.);
#2265=VECTOR('',#7961,1.);
#2266=VECTOR('',#7970,1.);
#2267=VECTOR('',#7975,1.);
#2268=VECTOR('',#7980,1.);
#2269=VECTOR('',#7981,0.1);
#2270=VECTOR('',#7986,1.);
#2271=VECTOR('',#7989,0.1);
#2272=VECTOR('',#7992,1.);
#2273=VECTOR('',#7995,1.);
#2274=VECTOR('',#8006,1.);
#2275=VECTOR('',#8013,1.);
#2276=VECTOR('',#8016,1.);
#2277=VECTOR('',#8017,0.1);
#2278=VECTOR('',#8026,1.);
#2279=VECTOR('',#8029,1.);
#2280=VECTOR('',#8030,0.1);
#2281=VECTOR('',#8035,1.);
#2282=VECTOR('',#8038,0.1);
#2283=VECTOR('',#8041,1.);
#2284=VECTOR('',#8044,1.);
#2285=VECTOR('',#8047,1.);
#2286=VECTOR('',#8050,0.1);
#2287=VECTOR('',#8051,1.);
#2288=VECTOR('',#8054,1.);
#2289=VECTOR('',#8055,1.);
#2290=VECTOR('',#8056,0.1);
#2291=VECTOR('',#8061,1.);
#2292=VECTOR('',#8066,1.);
#2293=VECTOR('',#8075,1.);
#2294=VECTOR('',#8080,1.);
#2295=VECTOR('',#8085,1.);
#2296=VECTOR('',#8086,0.1);
#2297=VECTOR('',#8087,1.);
#2298=VECTOR('',#8090,1.);
#2299=VECTOR('',#8091,1.);
#2300=VECTOR('',#8092,0.1);
#2301=VECTOR('',#8099,1.);
#2302=VECTOR('',#8104,1.);
#2303=VECTOR('',#8113,1.);
#2304=VECTOR('',#8130,1.);
#2305=VECTOR('',#8135,1.);
#2306=VECTOR('',#8136,0.999999999999999);
#2307=VECTOR('',#8145,1.);
#2308=VECTOR('',#8148,1.);
#2309=VECTOR('',#8153,1.);
#2310=VECTOR('',#8156,1.);
#2311=VECTOR('',#8163,1.);
#2312=VECTOR('',#8168,1.);
#2313=VECTOR('',#8177,1.);
#2314=VECTOR('',#8182,1.);
#2315=VECTOR('',#8187,1.);
#2316=VECTOR('',#8188,0.1);
#2317=VECTOR('',#8193,1.);
#2318=VECTOR('',#8196,0.1);
#2319=VECTOR('',#8199,1.);
#2320=VECTOR('',#8200,0.999999999999999);
#2321=VECTOR('',#8201,1.);
#2322=VECTOR('',#8204,1.);
#2323=VECTOR('',#8205,1.);
#2324=VECTOR('',#8206,0.999999999999999);
#2325=VECTOR('',#8213,1.);
#2326=VECTOR('',#8218,1.);
#2327=VECTOR('',#8223,1.);
#2328=VECTOR('',#8224,0.1);
#2329=VECTOR('',#8229,1.);
#2330=VECTOR('',#8232,0.1);
#2331=VECTOR('',#8235,1.);
#2332=VECTOR('',#8238,1.);
#2333=VECTOR('',#8243,1.);
#2334=VECTOR('',#8250,1.);
#2335=VECTOR('',#8253,1.);
#2336=VECTOR('',#8254,0.1);
#2337=VECTOR('',#8263,1.);
#2338=VECTOR('',#8266,1.);
#2339=VECTOR('',#8271,1.);
#2340=VECTOR('',#8272,0.1);
#2341=VECTOR('',#8275,1.);
#2342=VECTOR('',#8276,1.);
#2343=VECTOR('',#8277,0.1);
#2344=VECTOR('',#8298,0.1);
#2345=VECTOR('',#8305,0.1);
#2346=VECTOR('',#8306,0.1);
#2347=VECTOR('',#8307,1.);
#2348=VECTOR('',#8310,1.);
#2349=VECTOR('',#8315,1.);
#2350=VECTOR('',#8318,0.1);
#2351=VECTOR('',#8319,0.1);
#2352=VECTOR('',#8320,1.);
#2353=VECTOR('',#8335,1.);
#2354=VECTOR('',#8338,1.);
#2355=VECTOR('',#8341,1.);
#2356=VECTOR('',#8342,1.);
#2357=VECTOR('',#8343,1.);
#2358=VECTOR('',#8346,1.);
#2359=VECTOR('',#8347,1.);
#2360=VECTOR('',#8350,1.);
#2361=VECTOR('',#8351,1.);
#2362=VECTOR('',#8354,1.);
#2363=VECTOR('',#8357,1.);
#2364=VECTOR('',#8360,1.);
#2365=VECTOR('',#8361,1.);
#2366=VECTOR('',#8362,1.);
#2367=VECTOR('',#8365,1.);
#2368=VECTOR('',#8368,1.);
#2369=VECTOR('',#8375,1.);
#2370=B_SPLINE_CURVE_WITH_KNOTS('',3,(#8382,#8383,#8384,#8385,#8386,#8387,
#8388,#8389,#8390,#8391,#8392,#8393),.UNSPECIFIED.,.F.,.F.,(4,2,2,2,2,4),
(0.0454976470711825,0.211225238269354,0.422450476538707,0.643222155259515,
0.863993833980323,0.864359030465461),.UNSPECIFIED.);
#2371=B_SPLINE_CURVE_WITH_KNOTS('',3,(#8401,#8402,#8403,#8404,#8405,#8406,
#8407,#8408,#8409,#8410,#8411,#8412),.UNSPECIFIED.,.F.,.F.,(4,2,2,2,2,4),
(2.24734203190092,2.38678485441995,2.57095316525208,2.75512147608421,2.9356356681268,
3.0595135331791),.UNSPECIFIED.);
#2372=B_SPLINE_CURVE_WITH_KNOTS('',3,(#8613,#8614,#8615,#8616,#8617,#8618,
#8619,#8620,#8621,#8622,#8623,#8624,#8625,#8626),.UNSPECIFIED.,.F.,.F.,
(4,2,2,2,2,2,4),(0.,0.137211182762526,0.185648424969525,0.228406147114383,
0.305798303308729,0.399971116751507,0.494143930194285),.UNSPECIFIED.);
#2373=B_SPLINE_CURVE_WITH_KNOTS('',3,(#8645,#8646,#8647,#8648,#8649,#8650,
#8651,#8652,#8653,#8654,#8655,#8656,#8657,#8658),.UNSPECIFIED.,.F.,.F.,
(4,2,2,2,2,2,4),(-0.494143930194285,-0.399971116751507,-0.305798303308729,
-0.228406147114384,-0.185648424969527,-0.137211182762528,0.),
 .UNSPECIFIED.);
#2374=VERTEX_POINT('',#8380);
#2375=VERTEX_POINT('',#8381);
#2376=VERTEX_POINT('',#8394);
#2377=VERTEX_POINT('',#8396);
#2378=VERTEX_POINT('',#8398);
#2379=VERTEX_POINT('',#8400);
#2380=VERTEX_POINT('',#8413);
#2381=VERTEX_POINT('',#8415);
#2382=VERTEX_POINT('',#8419);
#2383=VERTEX_POINT('',#8421);
#2384=VERTEX_POINT('',#8423);
#2385=VERTEX_POINT('',#8429);
#2386=VERTEX_POINT('',#8431);
#2387=VERTEX_POINT('',#8433);
#2388=VERTEX_POINT('',#8437);
#2389=VERTEX_POINT('',#8439);
#2390=VERTEX_POINT('',#8441);
#2391=VERTEX_POINT('',#8443);
#2392=VERTEX_POINT('',#8445);
#2393=VERTEX_POINT('',#8447);
#2394=VERTEX_POINT('',#8449);
#2395=VERTEX_POINT('',#8451);
#2396=VERTEX_POINT('',#8453);
#2397=VERTEX_POINT('',#8456);
#2398=VERTEX_POINT('',#8458);
#2399=VERTEX_POINT('',#8460);
#2400=VERTEX_POINT('',#8462);
#2401=VERTEX_POINT('',#8467);
#2402=VERTEX_POINT('',#8469);
#2403=VERTEX_POINT('',#8473);
#2404=VERTEX_POINT('',#8475);
#2405=VERTEX_POINT('',#8477);
#2406=VERTEX_POINT('',#8479);
#2407=VERTEX_POINT('',#8481);
#2408=VERTEX_POINT('',#8483);
#2409=VERTEX_POINT('',#8485);
#2410=VERTEX_POINT('',#8487);
#2411=VERTEX_POINT('',#8490);
#2412=VERTEX_POINT('',#8492);
#2413=VERTEX_POINT('',#8494);
#2414=VERTEX_POINT('',#8496);
#2415=VERTEX_POINT('',#8546);
#2416=VERTEX_POINT('',#8548);
#2417=VERTEX_POINT('',#8593);
#2418=VERTEX_POINT('',#8594);
#2419=VERTEX_POINT('',#8599);
#2420=VERTEX_POINT('',#8601);
#2421=VERTEX_POINT('',#8631);
#2422=VERTEX_POINT('',#8633);
#2423=VERTEX_POINT('',#8660);
#2424=VERTEX_POINT('',#8662);
#2425=VERTEX_POINT('',#8665);
#2426=VERTEX_POINT('',#8667);
#2427=VERTEX_POINT('',#8669);
#2428=VERTEX_POINT('',#8671);
#2429=VERTEX_POINT('',#8673);
#2430=VERTEX_POINT('',#8675);
#2431=VERTEX_POINT('',#8677);
#2432=VERTEX_POINT('',#8720);
#2433=VERTEX_POINT('',#8721);
#2434=VERTEX_POINT('',#8726);
#2435=VERTEX_POINT('',#8730);
#2436=VERTEX_POINT('',#8732);
#2437=VERTEX_POINT('',#8734);
#2438=VERTEX_POINT('',#8736);
#2439=VERTEX_POINT('',#8738);
#2440=VERTEX_POINT('',#8740);
#2441=VERTEX_POINT('',#8744);
#2442=VERTEX_POINT('',#8746);
#2443=VERTEX_POINT('',#8750);
#2444=VERTEX_POINT('',#8752);
#2445=VERTEX_POINT('',#8756);
#2446=VERTEX_POINT('',#8760);
#2447=VERTEX_POINT('',#8764);
#2448=VERTEX_POINT('',#8766);
#2449=VERTEX_POINT('',#8771);
#2450=VERTEX_POINT('',#8773);
#2451=VERTEX_POINT('',#8778);
#2452=VERTEX_POINT('',#8780);
#2453=VERTEX_POINT('',#8785);
#2454=VERTEX_POINT('',#8787);
#2455=VERTEX_POINT('',#8792);
#2456=VERTEX_POINT('',#8794);
#2457=VERTEX_POINT('',#8799);
#2458=VERTEX_POINT('',#8801);
#2459=VERTEX_POINT('',#8806);
#2460=VERTEX_POINT('',#8808);
#2461=VERTEX_POINT('',#8813);
#2462=VERTEX_POINT('',#8818);
#2463=VERTEX_POINT('',#8823);
#2464=VERTEX_POINT('',#8828);
#2465=VERTEX_POINT('',#8833);
#2466=VERTEX_POINT('',#8838);
#2467=VERTEX_POINT('',#8843);
#2468=VERTEX_POINT('',#8848);
#2469=VERTEX_POINT('',#8850);
#2470=VERTEX_POINT('',#8855);
#2471=VERTEX_POINT('',#8857);
#2472=VERTEX_POINT('',#8862);
#2473=VERTEX_POINT('',#8864);
#2474=VERTEX_POINT('',#8869);
#2475=VERTEX_POINT('',#8871);
#2476=VERTEX_POINT('',#8876);
#2477=VERTEX_POINT('',#8878);
#2478=VERTEX_POINT('',#8883);
#2479=VERTEX_POINT('',#8885);
#2480=VERTEX_POINT('',#8890);
#2481=VERTEX_POINT('',#8892);
#2482=VERTEX_POINT('',#8897);
#2483=VERTEX_POINT('',#8899);
#2484=VERTEX_POINT('',#8904);
#2485=VERTEX_POINT('',#8906);
#2486=VERTEX_POINT('',#8911);
#2487=VERTEX_POINT('',#8913);
#2488=VERTEX_POINT('',#8918);
#2489=VERTEX_POINT('',#8920);
#2490=VERTEX_POINT('',#8925);
#2491=VERTEX_POINT('',#8927);
#2492=VERTEX_POINT('',#8932);
#2493=VERTEX_POINT('',#8937);
#2494=VERTEX_POINT('',#8942);
#2495=VERTEX_POINT('',#8947);
#2496=VERTEX_POINT('',#8952);
#2497=VERTEX_POINT('',#8954);
#2498=VERTEX_POINT('',#8959);
#2499=VERTEX_POINT('',#8961);
#2500=VERTEX_POINT('',#8966);
#2501=VERTEX_POINT('',#8968);
#2502=VERTEX_POINT('',#8973);
#2503=VERTEX_POINT('',#8978);
#2504=VERTEX_POINT('',#8983);
#2505=VERTEX_POINT('',#8988);
#2506=VERTEX_POINT('',#8990);
#2507=VERTEX_POINT('',#8995);
#2508=VERTEX_POINT('',#8997);
#2509=VERTEX_POINT('',#9002);
#2510=VERTEX_POINT('',#9004);
#2511=VERTEX_POINT('',#9009);
#2512=VERTEX_POINT('',#9011);
#2513=VERTEX_POINT('',#9016);
#2514=VERTEX_POINT('',#9018);
#2515=VERTEX_POINT('',#9023);
#2516=VERTEX_POINT('',#9025);
#2517=VERTEX_POINT('',#9030);
#2518=VERTEX_POINT('',#9032);
#2519=VERTEX_POINT('',#9037);
#2520=VERTEX_POINT('',#9039);
#2521=VERTEX_POINT('',#9044);
#2522=VERTEX_POINT('',#9046);
#2523=VERTEX_POINT('',#9051);
#2524=VERTEX_POINT('',#9052);
#2525=VERTEX_POINT('',#9054);
#2526=VERTEX_POINT('',#9058);
#2527=VERTEX_POINT('',#9061);
#2528=VERTEX_POINT('',#9063);
#2529=VERTEX_POINT('',#9067);
#2530=VERTEX_POINT('',#9068);
#2531=VERTEX_POINT('',#9070);
#2532=VERTEX_POINT('',#9074);
#2533=VERTEX_POINT('',#9077);
#2534=VERTEX_POINT('',#9079);
#2535=VERTEX_POINT('',#9083);
#2536=VERTEX_POINT('',#9084);
#2537=VERTEX_POINT('',#9086);
#2538=VERTEX_POINT('',#9090);
#2539=VERTEX_POINT('',#9093);
#2540=VERTEX_POINT('',#9095);
#2541=VERTEX_POINT('',#9099);
#2542=VERTEX_POINT('',#9100);
#2543=VERTEX_POINT('',#9102);
#2544=VERTEX_POINT('',#9106);
#2545=VERTEX_POINT('',#9109);
#2546=VERTEX_POINT('',#9111);
#2547=VERTEX_POINT('',#9115);
#2548=VERTEX_POINT('',#9116);
#2549=VERTEX_POINT('',#9118);
#2550=VERTEX_POINT('',#9120);
#2551=VERTEX_POINT('',#9124);
#2552=VERTEX_POINT('',#9127);
#2553=VERTEX_POINT('',#9129);
#2554=VERTEX_POINT('',#9133);
#2555=VERTEX_POINT('',#9134);
#2556=VERTEX_POINT('',#9138);
#2557=VERTEX_POINT('',#9140);
#2558=VERTEX_POINT('',#9142);
#2559=VERTEX_POINT('',#9145);
#2560=VERTEX_POINT('',#9149);
#2561=VERTEX_POINT('',#9151);
#2562=VERTEX_POINT('',#9153);
#2563=VERTEX_POINT('',#9155);
#2564=VERTEX_POINT('',#9157);
#2565=VERTEX_POINT('',#9160);
#2566=VERTEX_POINT('',#9162);
#2567=VERTEX_POINT('',#9164);
#2568=VERTEX_POINT('',#9167);
#2569=VERTEX_POINT('',#9169);
#2570=VERTEX_POINT('',#9171);
#2571=VERTEX_POINT('',#9173);
#2572=VERTEX_POINT('',#9177);
#2573=VERTEX_POINT('',#9179);
#2574=VERTEX_POINT('',#9181);
#2575=VERTEX_POINT('',#9183);
#2576=VERTEX_POINT('',#9186);
#2577=VERTEX_POINT('',#9188);
#2578=VERTEX_POINT('',#9190);
#2579=VERTEX_POINT('',#9192);
#2580=VERTEX_POINT('',#9196);
#2581=VERTEX_POINT('',#9200);
#2582=VERTEX_POINT('',#9204);
#2583=VERTEX_POINT('',#9206);
#2584=VERTEX_POINT('',#9209);
#2585=VERTEX_POINT('',#9211);
#2586=VERTEX_POINT('',#9213);
#2587=VERTEX_POINT('',#9217);
#2588=VERTEX_POINT('',#9219);
#2589=VERTEX_POINT('',#9224);
#2590=VERTEX_POINT('',#9226);
#2591=VERTEX_POINT('',#9231);
#2592=VERTEX_POINT('',#9233);
#2593=VERTEX_POINT('',#9238);
#2594=VERTEX_POINT('',#9240);
#2595=VERTEX_POINT('',#9245);
#2596=VERTEX_POINT('',#9247);
#2597=VERTEX_POINT('',#9252);
#2598=VERTEX_POINT('',#9254);
#2599=VERTEX_POINT('',#9259);
#2600=VERTEX_POINT('',#9261);
#2601=VERTEX_POINT('',#9266);
#2602=VERTEX_POINT('',#9268);
#2603=VERTEX_POINT('',#9273);
#2604=VERTEX_POINT('',#9275);
#2605=VERTEX_POINT('',#9280);
#2606=VERTEX_POINT('',#9282);
#2607=VERTEX_POINT('',#9287);
#2608=VERTEX_POINT('',#9289);
#2609=VERTEX_POINT('',#9294);
#2610=VERTEX_POINT('',#9296);
#2611=VERTEX_POINT('',#9301);
#2612=VERTEX_POINT('',#9303);
#2613=VERTEX_POINT('',#9308);
#2614=VERTEX_POINT('',#9310);
#2615=VERTEX_POINT('',#9315);
#2616=VERTEX_POINT('',#9317);
#2617=VERTEX_POINT('',#9322);
#2618=VERTEX_POINT('',#9325);
#2619=VERTEX_POINT('',#9326);
#2620=VERTEX_POINT('',#9328);
#2621=VERTEX_POINT('',#9332);
#2622=VERTEX_POINT('',#9335);
#2623=VERTEX_POINT('',#9338);
#2624=VERTEX_POINT('',#9341);
#2625=VERTEX_POINT('',#9344);
#2626=VERTEX_POINT('',#9345);
#2627=VERTEX_POINT('',#9347);
#2628=VERTEX_POINT('',#9349);
#2629=VERTEX_POINT('',#9353);
#2630=VERTEX_POINT('',#9355);
#2631=VERTEX_POINT('',#9357);
#2632=VERTEX_POINT('',#9359);
#2633=VERTEX_POINT('',#9361);
#2634=VERTEX_POINT('',#9363);
#2635=VERTEX_POINT('',#9365);
#2636=VERTEX_POINT('',#9368);
#2637=VERTEX_POINT('',#9370);
#2638=VERTEX_POINT('',#9372);
#2639=VERTEX_POINT('',#9376);
#2640=VERTEX_POINT('',#9377);
#2641=VERTEX_POINT('',#9379);
#2642=VERTEX_POINT('',#9381);
#2643=VERTEX_POINT('',#9385);
#2644=VERTEX_POINT('',#9386);
#2645=VERTEX_POINT('',#9388);
#2646=VERTEX_POINT('',#9390);
#2647=VERTEX_POINT('',#9400);
#2648=VERTEX_POINT('',#9402);
#2649=VERTEX_POINT('',#9406);
#2650=VERTEX_POINT('',#9408);
#2651=VERTEX_POINT('',#9416);
#2652=VERTEX_POINT('',#9418);
#2653=VERTEX_POINT('',#9425);
#2654=VERTEX_POINT('',#9428);
#2655=VERTEX_POINT('',#9430);
#2656=VERTEX_POINT('',#9432);
#2657=VERTEX_POINT('',#9434);
#2658=VERTEX_POINT('',#9436);
#2659=VERTEX_POINT('',#9438);
#2660=VERTEX_POINT('',#9440);
#2661=VERTEX_POINT('',#9442);
#2662=VERTEX_POINT('',#9451);
#2663=VERTEX_POINT('',#9453);
#2664=VERTEX_POINT('',#9457);
#2665=VERTEX_POINT('',#9459);
#2666=VERTEX_POINT('',#9470);
#2667=VERTEX_POINT('',#9474);
#2668=VERTEX_POINT('',#9478);
#2669=VERTEX_POINT('',#9484);
#2670=VERTEX_POINT('',#9488);
#2671=VERTEX_POINT('',#9494);
#2672=VERTEX_POINT('',#9499);
#2673=VERTEX_POINT('',#9501);
#2674=VERTEX_POINT('',#9503);
#2675=VERTEX_POINT('',#9505);
#2676=VERTEX_POINT('',#9507);
#2677=VERTEX_POINT('',#9509);
#2678=VERTEX_POINT('',#9511);
#2679=VERTEX_POINT('',#9515);
#2680=VERTEX_POINT('',#9517);
#2681=VERTEX_POINT('',#9522);
#2682=VERTEX_POINT('',#9524);
#2683=VERTEX_POINT('',#9529);
#2684=VERTEX_POINT('',#9531);
#2685=VERTEX_POINT('',#9536);
#2686=VERTEX_POINT('',#9538);
#2687=VERTEX_POINT('',#9543);
#2688=VERTEX_POINT('',#9545);
#2689=VERTEX_POINT('',#9550);
#2690=VERTEX_POINT('',#9552);
#2691=VERTEX_POINT('',#9557);
#2692=VERTEX_POINT('',#9559);
#2693=VERTEX_POINT('',#9561);
#2694=VERTEX_POINT('',#9565);
#2695=VERTEX_POINT('',#9567);
#2696=VERTEX_POINT('',#9569);
#2697=VERTEX_POINT('',#9571);
#2698=VERTEX_POINT('',#9575);
#2699=VERTEX_POINT('',#9577);
#2700=VERTEX_POINT('',#9581);
#2701=VERTEX_POINT('',#9585);
#2702=VERTEX_POINT('',#9586);
#2703=VERTEX_POINT('',#9588);
#2704=VERTEX_POINT('',#9590);
#2705=VERTEX_POINT('',#9592);
#2706=VERTEX_POINT('',#9594);
#2707=VERTEX_POINT('',#9598);
#2708=VERTEX_POINT('',#9599);
#2709=VERTEX_POINT('',#9601);
#2710=VERTEX_POINT('',#9603);
#2711=VERTEX_POINT('',#9605);
#2712=VERTEX_POINT('',#9607);
#2713=VERTEX_POINT('',#9611);
#2714=VERTEX_POINT('',#9612);
#2715=VERTEX_POINT('',#9618);
#2716=VERTEX_POINT('',#9622);
#2717=VERTEX_POINT('',#9626);
#2718=VERTEX_POINT('',#9630);
#2719=VERTEX_POINT('',#9634);
#2720=VERTEX_POINT('',#9636);
#2721=VERTEX_POINT('',#9640);
#2722=VERTEX_POINT('',#9642);
#2723=VERTEX_POINT('',#9646);
#2724=VERTEX_POINT('',#9648);
#2725=VERTEX_POINT('',#9654);
#2726=VERTEX_POINT('',#9656);
#2727=VERTEX_POINT('',#9660);
#2728=VERTEX_POINT('',#9663);
#2729=VERTEX_POINT('',#9667);
#2730=VERTEX_POINT('',#9670);
#2731=VERTEX_POINT('',#9674);
#2732=VERTEX_POINT('',#9676);
#2733=VERTEX_POINT('',#9680);
#2734=VERTEX_POINT('',#9682);
#2735=VERTEX_POINT('',#9686);
#2736=VERTEX_POINT('',#9688);
#2737=VERTEX_POINT('',#9692);
#2738=VERTEX_POINT('',#9694);
#2739=VERTEX_POINT('',#9698);
#2740=VERTEX_POINT('',#9700);
#2741=VERTEX_POINT('',#9703);
#2742=VERTEX_POINT('',#9705);
#2743=VERTEX_POINT('',#9708);
#2744=VERTEX_POINT('',#9711);
#2745=VERTEX_POINT('',#9714);
#2746=VERTEX_POINT('',#9718);
#2747=VERTEX_POINT('',#9722);
#2748=VERTEX_POINT('',#9725);
#2749=VERTEX_POINT('',#9730);
#2750=VERTEX_POINT('',#9734);
#2751=VERTEX_POINT('',#9736);
#2752=VERTEX_POINT('',#9740);
#2753=VERTEX_POINT('',#9741);
#2754=VERTEX_POINT('',#9743);
#2755=VERTEX_POINT('',#9745);
#2756=VERTEX_POINT('',#9749);
#2757=VERTEX_POINT('',#9753);
#2758=VERTEX_POINT('',#9757);
#2759=VERTEX_POINT('',#9761);
#2760=VERTEX_POINT('',#9767);
#2761=VERTEX_POINT('',#9768);
#2762=VERTEX_POINT('',#9773);
#2763=VERTEX_POINT('',#9777);
#2764=VERTEX_POINT('',#9781);
#2765=VERTEX_POINT('',#9782);
#2766=VERTEX_POINT('',#9784);
#2767=VERTEX_POINT('',#9786);
#2768=VERTEX_POINT('',#9790);
#2769=VERTEX_POINT('',#9794);
#2770=VERTEX_POINT('',#9798);
#2771=VERTEX_POINT('',#9799);
#2772=VERTEX_POINT('',#9801);
#2773=VERTEX_POINT('',#9803);
#2774=VERTEX_POINT('',#9807);
#2775=VERTEX_POINT('',#9809);
#2776=VERTEX_POINT('',#9813);
#2777=VERTEX_POINT('',#9814);
#2778=VERTEX_POINT('',#9816);
#2779=VERTEX_POINT('',#9818);
#2780=VERTEX_POINT('',#9822);
#2781=VERTEX_POINT('',#9824);
#2782=VERTEX_POINT('',#9828);
#2783=VERTEX_POINT('',#9829);
#2784=VERTEX_POINT('',#9831);
#2785=VERTEX_POINT('',#9833);
#2786=VERTEX_POINT('',#9837);
#2787=VERTEX_POINT('',#9839);
#2788=VERTEX_POINT('',#9843);
#2789=VERTEX_POINT('',#9845);
#2790=VERTEX_POINT('',#9849);
#2791=VERTEX_POINT('',#9850);
#2792=VERTEX_POINT('',#9852);
#2793=VERTEX_POINT('',#9854);
#2794=VERTEX_POINT('',#9858);
#2795=VERTEX_POINT('',#9859);
#2796=VERTEX_POINT('',#9861);
#2797=VERTEX_POINT('',#9866);
#2798=VERTEX_POINT('',#9867);
#2799=VERTEX_POINT('',#9870);
#2800=VERTEX_POINT('',#9874);
#2801=VERTEX_POINT('',#9876);
#2802=VERTEX_POINT('',#9880);
#2803=VERTEX_POINT('',#9882);
#2804=VERTEX_POINT('',#9886);
#2805=VERTEX_POINT('',#9888);
#2806=VERTEX_POINT('',#9892);
#2807=VERTEX_POINT('',#9894);
#2808=VERTEX_POINT('',#9898);
#2809=VERTEX_POINT('',#9900);
#2810=VERTEX_POINT('',#9904);
#2811=VERTEX_POINT('',#9906);
#2812=VERTEX_POINT('',#9910);
#2813=VERTEX_POINT('',#9915);
#2814=VERTEX_POINT('',#9926);
#2815=VERTEX_POINT('',#9928);
#2816=VERTEX_POINT('',#9932);
#2817=VERTEX_POINT('',#9934);
#2818=VERTEX_POINT('',#9938);
#2819=VERTEX_POINT('',#9940);
#2820=VERTEX_POINT('',#9944);
#2821=VERTEX_POINT('',#9946);
#2822=VERTEX_POINT('',#9950);
#2823=VERTEX_POINT('',#9952);
#2824=VERTEX_POINT('',#9956);
#2825=VERTEX_POINT('',#9958);
#2826=VERTEX_POINT('',#9966);
#2827=VERTEX_POINT('',#9967);
#2828=VERTEX_POINT('',#9970);
#2829=VERTEX_POINT('',#9974);
#2830=VERTEX_POINT('',#9975);
#2831=VERTEX_POINT('',#9977);
#2832=VERTEX_POINT('',#9982);
#2833=VERTEX_POINT('',#9986);
#2834=VERTEX_POINT('',#9990);
#2835=VERTEX_POINT('',#9992);
#2836=VERTEX_POINT('',#9996);
#2837=VERTEX_POINT('',#9998);
#2838=VERTEX_POINT('',#10002);
#2839=VERTEX_POINT('',#10004);
#2840=VERTEX_POINT('',#10008);
#2841=VERTEX_POINT('',#10010);
#2842=VERTEX_POINT('',#10014);
#2843=VERTEX_POINT('',#10016);
#2844=VERTEX_POINT('',#10020);
#2845=VERTEX_POINT('',#10022);
#2846=VERTEX_POINT('',#10026);
#2847=VERTEX_POINT('',#10028);
#2848=VERTEX_POINT('',#10038);
#2849=VERTEX_POINT('',#10040);
#2850=VERTEX_POINT('',#10049);
#2851=VERTEX_POINT('',#10050);
#2852=VERTEX_POINT('',#10052);
#2853=VERTEX_POINT('',#10054);
#2854=VERTEX_POINT('',#10058);
#2855=VERTEX_POINT('',#10059);
#2856=VERTEX_POINT('',#10061);
#2857=VERTEX_POINT('',#10063);
#2858=VERTEX_POINT('',#10067);
#2859=VERTEX_POINT('',#10069);
#2860=VERTEX_POINT('',#10073);
#2861=VERTEX_POINT('',#10075);
#2862=VERTEX_POINT('',#10079);
#2863=VERTEX_POINT('',#10081);
#2864=VERTEX_POINT('',#10085);
#2865=VERTEX_POINT('',#10087);
#2866=VERTEX_POINT('',#10091);
#2867=VERTEX_POINT('',#10096);
#2868=VERTEX_POINT('',#10098);
#2869=VERTEX_POINT('',#10102);
#2870=VERTEX_POINT('',#10104);
#2871=VERTEX_POINT('',#10108);
#2872=VERTEX_POINT('',#10110);
#2873=VERTEX_POINT('',#10114);
#2874=VERTEX_POINT('',#10116);
#2875=VERTEX_POINT('',#10120);
#2876=VERTEX_POINT('',#10122);
#2877=VERTEX_POINT('',#10126);
#2878=VERTEX_POINT('',#10128);
#2879=VERTEX_POINT('',#10132);
#2880=VERTEX_POINT('',#10134);
#2881=VERTEX_POINT('',#10138);
#2882=VERTEX_POINT('',#10146);
#2883=VERTEX_POINT('',#10148);
#2884=VERTEX_POINT('',#10152);
#2885=VERTEX_POINT('',#10157);
#2886=VERTEX_POINT('',#10159);
#2887=VERTEX_POINT('',#10163);
#2888=VERTEX_POINT('',#10170);
#2889=VERTEX_POINT('',#10172);
#2890=VERTEX_POINT('',#10195);
#2891=VERTEX_POINT('',#10213);
#2892=VERTEX_POINT('',#10215);
#2893=VERTEX_POINT('',#10219);
#2894=VERTEX_POINT('',#10223);
#2895=VERTEX_POINT('',#10231);
#2896=EDGE_CURVE('',#2374,#2375,#2370,.T.);
#2897=EDGE_CURVE('',#2375,#2376,#1480,.T.);
#2898=EDGE_CURVE('',#2376,#2377,#1481,.T.);
#2899=EDGE_CURVE('',#2377,#2378,#1482,.T.);
#2900=EDGE_CURVE('',#2378,#2379,#2371,.T.);
#2901=EDGE_CURVE('',#2379,#2380,#1134,.T.);
#2902=EDGE_CURVE('',#2380,#2381,#1483,.T.);
#2903=EDGE_CURVE('',#2381,#2374,#1135,.T.);
#2904=EDGE_CURVE('',#2378,#2382,#1136,.T.);
#2905=EDGE_CURVE('',#2382,#2383,#1484,.T.);
#2906=EDGE_CURVE('',#2384,#2383,#1137,.T.);
#2907=EDGE_CURVE('',#2384,#2379,#1485,.T.);
#2908=EDGE_CURVE('',#2377,#2382,#1486,.T.);
#2909=EDGE_CURVE('',#2374,#2385,#1487,.T.);
#2910=EDGE_CURVE('',#2385,#2386,#1138,.F.);
#2911=EDGE_CURVE('',#2386,#2387,#1488,.T.);
#2912=EDGE_CURVE('',#2387,#2375,#1139,.T.);
#2913=EDGE_CURVE('',#2381,#2388,#1489,.T.);
#2914=EDGE_CURVE('',#2389,#2388,#1490,.T.);
#2915=EDGE_CURVE('',#2390,#2389,#1491,.F.);
#2916=EDGE_CURVE('',#2391,#2390,#1492,.T.);
#2917=EDGE_CURVE('',#2391,#2392,#1493,.T.);
#2918=EDGE_CURVE('',#2393,#2392,#1494,.T.);
#2919=EDGE_CURVE('',#2394,#2393,#1495,.T.);
#2920=EDGE_CURVE('',#2395,#2394,#1140,.T.);
#2921=EDGE_CURVE('',#2395,#2396,#1496,.T.);
#2922=EDGE_CURVE('',#2385,#2396,#1497,.T.);
#2923=EDGE_CURVE('',#2397,#2397,#1141,.T.);
#2924=EDGE_CURVE('',#2398,#2398,#1142,.T.);
#2925=EDGE_CURVE('',#2399,#2399,#1143,.T.);
#2926=EDGE_CURVE('',#2400,#2400,#1144,.T.);
#2927=EDGE_CURVE('',#2376,#2387,#1498,.T.);
#2928=EDGE_CURVE('',#2377,#2401,#1499,.T.);
#2929=EDGE_CURVE('',#2376,#2402,#1500,.T.);
#2930=EDGE_CURVE('',#2401,#2402,#1501,.T.);
#2931=EDGE_CURVE('',#2384,#2403,#1502,.T.);
#2932=EDGE_CURVE('',#2403,#2404,#1503,.T.);
#2933=EDGE_CURVE('',#2405,#2404,#1145,.T.);
#2934=EDGE_CURVE('',#2406,#2405,#1504,.T.);
#2935=EDGE_CURVE('',#2407,#2406,#1505,.T.);
#2936=EDGE_CURVE('',#2407,#2408,#1506,.T.);
#2937=EDGE_CURVE('',#2409,#2408,#1507,.T.);
#2938=EDGE_CURVE('',#2410,#2409,#1508,.T.);
#2939=EDGE_CURVE('',#2410,#2380,#1509,.T.);
#2940=EDGE_CURVE('',#2411,#2411,#1146,.T.);
#2941=EDGE_CURVE('',#2412,#2412,#1147,.T.);
#2942=EDGE_CURVE('',#2413,#2413,#1148,.T.);
#2943=EDGE_CURVE('',#2414,#2414,#1149,.T.);
#2944=EDGE_CURVE('',#2406,#2415,#19,.T.);
#2945=EDGE_CURVE('',#2415,#2416,#20,.T.);
#2946=EDGE_CURVE('',#2416,#2406,#1150,.T.);
#2947=EDGE_CURVE('',#2417,#2418,#21,.T.);
#2948=EDGE_CURVE('',#2418,#2393,#22,.T.);
#2949=EDGE_CURVE('',#2393,#2417,#1151,.T.);
#2950=EDGE_CURVE('',#2418,#2419,#1510,.T.);
#2951=EDGE_CURVE('',#2419,#2420,#1152,.T.);
#2952=EDGE_CURVE('',#2420,#2394,#1153,.T.);
#2953=EDGE_CURVE('',#2420,#2395,#2372,.T.);
#2954=EDGE_CURVE('',#2415,#2418,#1511,.T.);
#2955=EDGE_CURVE('',#2417,#2416,#1512,.T.);
#2956=EDGE_CURVE('',#2405,#2421,#1154,.T.);
#2957=EDGE_CURVE('',#2421,#2422,#1155,.T.);
#2958=EDGE_CURVE('',#2422,#2415,#1513,.T.);
#2959=EDGE_CURVE('',#2404,#2421,#2373,.T.);
#2960=EDGE_CURVE('',#2423,#2417,#1514,.T.);
#2961=EDGE_CURVE('',#2423,#2424,#1515,.T.);
#2962=EDGE_CURVE('',#2416,#2424,#1516,.T.);
#2963=EDGE_CURVE('',#2425,#2425,#1156,.T.);
#2964=EDGE_CURVE('',#2426,#2426,#1157,.T.);
#2965=EDGE_CURVE('',#2427,#2427,#1158,.T.);
#2966=EDGE_CURVE('',#2428,#2428,#1159,.T.);
#2967=EDGE_CURVE('',#2429,#2429,#1160,.T.);
#2968=EDGE_CURVE('',#2430,#2430,#1161,.T.);
#2969=EDGE_CURVE('',#2431,#2431,#1162,.T.);
#2970=EDGE_CURVE('',#2392,#2423,#1163,.T.);
#2971=EDGE_CURVE('',#2424,#2407,#1164,.T.);
#2972=EDGE_CURVE('',#2422,#2419,#1517,.T.);
#2973=EDGE_CURVE('',#2432,#2433,#23,.T.);
#2974=EDGE_CURVE('',#2433,#2409,#24,.T.);
#2975=EDGE_CURVE('',#2409,#2432,#1165,.T.);
#2976=EDGE_CURVE('',#2433,#2434,#1518,.T.);
#2977=EDGE_CURVE('',#2434,#2410,#1166,.F.);
#2978=EDGE_CURVE('',#2432,#2435,#1519,.T.);
#2979=EDGE_CURVE('',#2435,#2436,#1167,.T.);
#2980=EDGE_CURVE('',#2436,#2437,#1520,.T.);
#2981=EDGE_CURVE('',#2437,#2438,#1521,.T.);
#2982=EDGE_CURVE('',#2438,#2439,#1522,.T.);
#2983=EDGE_CURVE('',#2439,#2440,#1523,.T.);
#2984=EDGE_CURVE('',#2440,#2433,#1524,.T.);
#2985=EDGE_CURVE('',#2438,#2441,#1525,.T.);
#2986=EDGE_CURVE('',#2442,#2441,#1526,.T.);
#2987=EDGE_CURVE('',#2442,#2439,#1527,.T.);
#2988=EDGE_CURVE('',#2436,#2443,#1528,.T.);
#2989=EDGE_CURVE('',#2444,#2443,#1529,.T.);
#2990=EDGE_CURVE('',#2444,#2437,#1530,.T.);
#2991=EDGE_CURVE('',#2440,#2445,#1531,.T.);
#2992=EDGE_CURVE('',#2434,#2445,#1532,.T.);
#2993=EDGE_CURVE('',#2408,#2446,#1168,.T.);
#2994=EDGE_CURVE('',#2446,#2432,#1533,.T.);
#2995=EDGE_CURVE('',#2447,#2447,#1169,.T.);
#2996=EDGE_CURVE('',#2447,#2448,#1534,.T.);
#2997=EDGE_CURVE('',#2448,#2448,#1170,.T.);
#2998=EDGE_CURVE('',#2449,#2449,#1171,.T.);
#2999=EDGE_CURVE('',#2449,#2450,#1535,.T.);
#3000=EDGE_CURVE('',#2450,#2450,#1172,.T.);
#3001=EDGE_CURVE('',#2451,#2451,#1173,.T.);
#3002=EDGE_CURVE('',#2451,#2452,#1536,.T.);
#3003=EDGE_CURVE('',#2452,#2452,#1174,.T.);
#3004=EDGE_CURVE('',#2453,#2453,#1175,.T.);
#3005=EDGE_CURVE('',#2453,#2454,#1537,.T.);
#3006=EDGE_CURVE('',#2454,#2454,#1176,.T.);
#3007=EDGE_CURVE('',#2455,#2455,#1177,.T.);
#3008=EDGE_CURVE('',#2455,#2456,#1538,.T.);
#3009=EDGE_CURVE('',#2456,#2456,#1178,.T.);
#3010=EDGE_CURVE('',#2457,#2457,#1179,.T.);
#3011=EDGE_CURVE('',#2457,#2458,#1539,.T.);
#3012=EDGE_CURVE('',#2458,#2458,#1180,.T.);
#3013=EDGE_CURVE('',#2459,#2459,#1181,.T.);
#3014=EDGE_CURVE('',#2459,#2460,#1540,.T.);
#3015=EDGE_CURVE('',#2460,#2460,#1182,.T.);
#3016=EDGE_CURVE('',#2425,#2461,#1541,.T.);
#3017=EDGE_CURVE('',#2461,#2461,#1183,.T.);
#3018=EDGE_CURVE('',#2426,#2462,#1542,.T.);
#3019=EDGE_CURVE('',#2462,#2462,#1184,.T.);
#3020=EDGE_CURVE('',#2427,#2463,#1543,.T.);
#3021=EDGE_CURVE('',#2463,#2463,#1185,.T.);
#3022=EDGE_CURVE('',#2428,#2464,#1544,.T.);
#3023=EDGE_CURVE('',#2464,#2464,#1186,.T.);
#3024=EDGE_CURVE('',#2429,#2465,#1545,.T.);
#3025=EDGE_CURVE('',#2465,#2465,#1187,.T.);
#3026=EDGE_CURVE('',#2430,#2466,#1546,.T.);
#3027=EDGE_CURVE('',#2466,#2466,#1188,.T.);
#3028=EDGE_CURVE('',#2431,#2467,#1547,.T.);
#3029=EDGE_CURVE('',#2467,#2467,#1189,.T.);
#3030=EDGE_CURVE('',#2468,#2468,#1190,.T.);
#3031=EDGE_CURVE('',#2468,#2469,#1548,.T.);
#3032=EDGE_CURVE('',#2469,#2469,#1191,.T.);
#3033=EDGE_CURVE('',#2470,#2470,#1192,.T.);
#3034=EDGE_CURVE('',#2470,#2471,#1549,.T.);
#3035=EDGE_CURVE('',#2471,#2471,#1193,.T.);
#3036=EDGE_CURVE('',#2472,#2472,#1194,.T.);
#3037=EDGE_CURVE('',#2472,#2473,#1550,.T.);
#3038=EDGE_CURVE('',#2473,#2473,#1195,.T.);
#3039=EDGE_CURVE('',#2474,#2474,#1196,.T.);
#3040=EDGE_CURVE('',#2474,#2475,#1551,.T.);
#3041=EDGE_CURVE('',#2475,#2475,#1197,.T.);
#3042=EDGE_CURVE('',#2476,#2476,#1198,.T.);
#3043=EDGE_CURVE('',#2476,#2477,#1552,.T.);
#3044=EDGE_CURVE('',#2477,#2477,#1199,.T.);
#3045=EDGE_CURVE('',#2478,#2478,#1200,.T.);
#3046=EDGE_CURVE('',#2478,#2479,#1553,.T.);
#3047=EDGE_CURVE('',#2479,#2479,#1201,.T.);
#3048=EDGE_CURVE('',#2480,#2480,#1202,.T.);
#3049=EDGE_CURVE('',#2480,#2481,#1554,.T.);
#3050=EDGE_CURVE('',#2481,#2481,#1203,.T.);
#3051=EDGE_CURVE('',#2482,#2482,#1204,.T.);
#3052=EDGE_CURVE('',#2482,#2483,#1555,.T.);
#3053=EDGE_CURVE('',#2483,#2483,#1205,.T.);
#3054=EDGE_CURVE('',#2484,#2484,#1206,.T.);
#3055=EDGE_CURVE('',#2484,#2485,#1556,.T.);
#3056=EDGE_CURVE('',#2485,#2485,#1207,.T.);
#3057=EDGE_CURVE('',#2486,#2486,#1208,.T.);
#3058=EDGE_CURVE('',#2486,#2487,#1557,.T.);
#3059=EDGE_CURVE('',#2487,#2487,#1209,.T.);
#3060=EDGE_CURVE('',#2488,#2488,#1210,.T.);
#3061=EDGE_CURVE('',#2488,#2489,#1558,.T.);
#3062=EDGE_CURVE('',#2489,#2489,#1211,.T.);
#3063=EDGE_CURVE('',#2490,#2490,#1212,.T.);
#3064=EDGE_CURVE('',#2490,#2491,#1559,.T.);
#3065=EDGE_CURVE('',#2491,#2491,#1213,.T.);
#3066=EDGE_CURVE('',#2414,#2492,#1560,.T.);
#3067=EDGE_CURVE('',#2492,#2492,#1214,.T.);
#3068=EDGE_CURVE('',#2411,#2493,#1561,.T.);
#3069=EDGE_CURVE('',#2493,#2493,#1215,.T.);
#3070=EDGE_CURVE('',#2413,#2494,#1562,.T.);
#3071=EDGE_CURVE('',#2494,#2494,#1216,.T.);
#3072=EDGE_CURVE('',#2412,#2495,#1563,.T.);
#3073=EDGE_CURVE('',#2495,#2495,#1217,.T.);
#3074=EDGE_CURVE('',#2496,#2496,#1218,.T.);
#3075=EDGE_CURVE('',#2496,#2497,#1564,.T.);
#3076=EDGE_CURVE('',#2497,#2497,#1219,.T.);
#3077=EDGE_CURVE('',#2498,#2498,#1220,.T.);
#3078=EDGE_CURVE('',#2498,#2499,#1565,.T.);
#3079=EDGE_CURVE('',#2499,#2499,#1221,.T.);
#3080=EDGE_CURVE('',#2500,#2500,#1222,.T.);
#3081=EDGE_CURVE('',#2500,#2501,#1566,.T.);
#3082=EDGE_CURVE('',#2501,#2501,#1223,.T.);
#3083=EDGE_CURVE('',#2400,#2502,#1567,.T.);
#3084=EDGE_CURVE('',#2502,#2502,#1224,.T.);
#3085=EDGE_CURVE('',#2399,#2503,#1568,.T.);
#3086=EDGE_CURVE('',#2503,#2503,#1225,.T.);
#3087=EDGE_CURVE('',#2398,#2504,#1569,.T.);
#3088=EDGE_CURVE('',#2504,#2504,#1226,.T.);
#3089=EDGE_CURVE('',#2505,#2505,#1227,.T.);
#3090=EDGE_CURVE('',#2505,#2506,#1570,.T.);
#3091=EDGE_CURVE('',#2506,#2506,#1228,.T.);
#3092=EDGE_CURVE('',#2507,#2507,#1229,.T.);
#3093=EDGE_CURVE('',#2507,#2508,#1571,.T.);
#3094=EDGE_CURVE('',#2508,#2508,#1230,.T.);
#3095=EDGE_CURVE('',#2509,#2509,#1231,.T.);
#3096=EDGE_CURVE('',#2509,#2510,#1572,.T.);
#3097=EDGE_CURVE('',#2510,#2510,#1232,.T.);
#3098=EDGE_CURVE('',#2511,#2511,#1233,.T.);
#3099=EDGE_CURVE('',#2511,#2512,#1573,.T.);
#3100=EDGE_CURVE('',#2512,#2512,#1234,.T.);
#3101=EDGE_CURVE('',#2513,#2513,#1235,.T.);
#3102=EDGE_CURVE('',#2513,#2514,#1574,.T.);
#3103=EDGE_CURVE('',#2514,#2514,#1236,.T.);
#3104=EDGE_CURVE('',#2515,#2515,#1237,.T.);
#3105=EDGE_CURVE('',#2515,#2516,#1575,.T.);
#3106=EDGE_CURVE('',#2516,#2516,#1238,.T.);
#3107=EDGE_CURVE('',#2517,#2517,#1239,.T.);
#3108=EDGE_CURVE('',#2517,#2518,#1576,.T.);
#3109=EDGE_CURVE('',#2518,#2518,#1240,.T.);
#3110=EDGE_CURVE('',#2519,#2519,#1241,.T.);
#3111=EDGE_CURVE('',#2519,#2520,#1577,.T.);
#3112=EDGE_CURVE('',#2520,#2520,#1242,.T.);
#3113=EDGE_CURVE('',#2521,#2521,#1243,.T.);
#3114=EDGE_CURVE('',#2521,#2522,#1578,.T.);
#3115=EDGE_CURVE('',#2522,#2522,#1244,.T.);
#3116=EDGE_CURVE('',#2523,#2524,#1579,.T.);
#3117=EDGE_CURVE('',#2525,#2523,#1245,.T.);
#3118=EDGE_CURVE('',#2524,#2525,#1246,.T.);
#3119=EDGE_CURVE('',#2526,#2526,#1247,.T.);
#3120=EDGE_CURVE('',#2526,#2525,#1580,.T.);
#3121=EDGE_CURVE('',#2527,#2523,#1581,.T.);
#3122=EDGE_CURVE('',#2528,#2527,#1248,.T.);
#3123=EDGE_CURVE('',#2524,#2528,#1582,.T.);
#3124=EDGE_CURVE('',#2529,#2530,#1583,.T.);
#3125=EDGE_CURVE('',#2531,#2529,#1249,.T.);
#3126=EDGE_CURVE('',#2530,#2531,#1250,.T.);
#3127=EDGE_CURVE('',#2532,#2532,#1251,.T.);
#3128=EDGE_CURVE('',#2532,#2531,#1584,.T.);
#3129=EDGE_CURVE('',#2533,#2529,#1585,.T.);
#3130=EDGE_CURVE('',#2534,#2533,#1252,.T.);
#3131=EDGE_CURVE('',#2530,#2534,#1586,.T.);
#3132=EDGE_CURVE('',#2535,#2536,#1587,.T.);
#3133=EDGE_CURVE('',#2537,#2535,#1253,.T.);
#3134=EDGE_CURVE('',#2536,#2537,#1254,.T.);
#3135=EDGE_CURVE('',#2538,#2538,#1255,.T.);
#3136=EDGE_CURVE('',#2538,#2537,#1588,.T.);
#3137=EDGE_CURVE('',#2539,#2535,#1589,.T.);
#3138=EDGE_CURVE('',#2540,#2539,#1256,.T.);
#3139=EDGE_CURVE('',#2536,#2540,#1590,.T.);
#3140=EDGE_CURVE('',#2541,#2542,#1591,.T.);
#3141=EDGE_CURVE('',#2543,#2541,#1257,.T.);
#3142=EDGE_CURVE('',#2542,#2543,#1258,.T.);
#3143=EDGE_CURVE('',#2544,#2544,#1259,.T.);
#3144=EDGE_CURVE('',#2544,#2543,#1592,.T.);
#3145=EDGE_CURVE('',#2545,#2541,#1593,.T.);
#3146=EDGE_CURVE('',#2546,#2545,#1260,.T.);
#3147=EDGE_CURVE('',#2542,#2546,#1594,.T.);
#3148=EDGE_CURVE('',#2547,#2548,#1595,.T.);
#3149=EDGE_CURVE('',#2549,#2547,#1261,.T.);
#3150=EDGE_CURVE('',#2550,#2549,#1262,.T.);
#3151=EDGE_CURVE('',#2548,#2550,#1596,.T.);
#3152=EDGE_CURVE('',#2551,#2551,#1263,.T.);
#3153=EDGE_CURVE('',#2551,#2549,#1597,.T.);
#3154=EDGE_CURVE('',#2552,#2547,#1598,.T.);
#3155=EDGE_CURVE('',#2553,#2552,#1264,.T.);
#3156=EDGE_CURVE('',#2550,#2553,#1599,.T.);
#3157=EDGE_CURVE('',#2554,#2555,#1600,.T.);
#3158=EDGE_CURVE('',#2555,#2554,#1265,.T.);
#3159=EDGE_CURVE('',#2556,#2556,#1266,.T.);
#3160=EDGE_CURVE('',#2556,#2557,#1601,.T.);
#3161=EDGE_CURVE('',#2558,#2557,#25,.T.);
#3162=EDGE_CURVE('',#2555,#2558,#1602,.T.);
#3163=EDGE_CURVE('',#2559,#2554,#1603,.T.);
#3164=EDGE_CURVE('',#2557,#2559,#26,.T.);
#3165=EDGE_CURVE('',#2528,#2560,#1604,.T.);
#3166=EDGE_CURVE('',#2560,#2561,#1605,.T.);
#3167=EDGE_CURVE('',#2561,#2562,#1267,.T.);
#3168=EDGE_CURVE('',#2562,#2563,#1606,.T.);
#3169=EDGE_CURVE('',#2563,#2564,#1607,.T.);
#3170=EDGE_CURVE('',#2564,#2440,#1608,.T.);
#3171=EDGE_CURVE('',#2565,#2439,#1609,.T.);
#3172=EDGE_CURVE('',#2565,#2566,#1268,.T.);
#3173=EDGE_CURVE('',#2566,#2567,#1610,.T.);
#3174=EDGE_CURVE('',#2567,#2539,#1611,.T.);
#3175=EDGE_CURVE('',#2540,#2568,#1612,.T.);
#3176=EDGE_CURVE('',#2568,#2569,#1613,.T.);
#3177=EDGE_CURVE('',#2569,#2570,#1269,.T.);
#3178=EDGE_CURVE('',#2570,#2571,#1614,.T.);
#3179=EDGE_CURVE('',#2571,#2527,#1615,.T.);
#3180=EDGE_CURVE('',#2534,#2572,#1616,.T.);
#3181=EDGE_CURVE('',#2572,#2573,#1617,.T.);
#3182=EDGE_CURVE('',#2573,#2574,#1270,.T.);
#3183=EDGE_CURVE('',#2574,#2575,#1618,.T.);
#3184=EDGE_CURVE('',#2575,#2545,#1619,.T.);
#3185=EDGE_CURVE('',#2546,#2576,#1620,.T.);
#3186=EDGE_CURVE('',#2576,#2577,#1621,.T.);
#3187=EDGE_CURVE('',#2577,#2578,#1271,.T.);
#3188=EDGE_CURVE('',#2578,#2579,#1622,.T.);
#3189=EDGE_CURVE('',#2579,#2552,#1623,.T.);
#3190=EDGE_CURVE('',#2548,#2438,#1624,.T.);
#3191=EDGE_CURVE('',#2580,#2437,#1625,.T.);
#3192=EDGE_CURVE('',#2580,#2533,#1626,.T.);
#3193=EDGE_CURVE('',#2553,#2581,#1627,.T.);
#3194=EDGE_CURVE('',#2441,#2581,#1628,.T.);
#3195=EDGE_CURVE('',#2582,#2558,#1629,.T.);
#3196=EDGE_CURVE('',#2583,#2582,#1630,.T.);
#3197=EDGE_CURVE('',#2583,#2402,#1631,.T.);
#3198=EDGE_CURVE('',#2584,#2386,#1632,.T.);
#3199=EDGE_CURVE('',#2585,#2584,#1633,.T.);
#3200=EDGE_CURVE('',#2586,#2585,#1634,.T.);
#3201=EDGE_CURVE('',#2559,#2586,#1635,.T.);
#3202=EDGE_CURVE('',#2587,#2587,#1272,.T.);
#3203=EDGE_CURVE('',#2587,#2588,#1636,.T.);
#3204=EDGE_CURVE('',#2588,#2588,#1273,.T.);
#3205=EDGE_CURVE('',#2589,#2589,#1274,.T.);
#3206=EDGE_CURVE('',#2589,#2590,#1637,.T.);
#3207=EDGE_CURVE('',#2590,#2590,#1275,.T.);
#3208=EDGE_CURVE('',#2591,#2591,#1276,.T.);
#3209=EDGE_CURVE('',#2591,#2592,#1638,.T.);
#3210=EDGE_CURVE('',#2592,#2592,#1277,.T.);
#3211=EDGE_CURVE('',#2593,#2593,#1278,.T.);
#3212=EDGE_CURVE('',#2593,#2594,#1639,.T.);
#3213=EDGE_CURVE('',#2594,#2594,#1279,.T.);
#3214=EDGE_CURVE('',#2595,#2595,#1280,.T.);
#3215=EDGE_CURVE('',#2595,#2596,#1640,.T.);
#3216=EDGE_CURVE('',#2596,#2596,#1281,.T.);
#3217=EDGE_CURVE('',#2597,#2597,#1282,.T.);
#3218=EDGE_CURVE('',#2597,#2598,#1641,.T.);
#3219=EDGE_CURVE('',#2598,#2598,#1283,.T.);
#3220=EDGE_CURVE('',#2599,#2599,#1284,.T.);
#3221=EDGE_CURVE('',#2599,#2600,#1642,.T.);
#3222=EDGE_CURVE('',#2600,#2600,#1285,.T.);
#3223=EDGE_CURVE('',#2601,#2601,#1286,.T.);
#3224=EDGE_CURVE('',#2601,#2602,#1643,.T.);
#3225=EDGE_CURVE('',#2602,#2602,#1287,.T.);
#3226=EDGE_CURVE('',#2603,#2603,#1288,.T.);
#3227=EDGE_CURVE('',#2603,#2604,#1644,.T.);
#3228=EDGE_CURVE('',#2604,#2604,#1289,.T.);
#3229=EDGE_CURVE('',#2605,#2605,#1290,.T.);
#3230=EDGE_CURVE('',#2605,#2606,#1645,.T.);
#3231=EDGE_CURVE('',#2606,#2606,#1291,.T.);
#3232=EDGE_CURVE('',#2607,#2607,#1292,.T.);
#3233=EDGE_CURVE('',#2607,#2608,#1646,.T.);
#3234=EDGE_CURVE('',#2608,#2608,#1293,.T.);
#3235=EDGE_CURVE('',#2609,#2609,#1294,.T.);
#3236=EDGE_CURVE('',#2609,#2610,#1647,.T.);
#3237=EDGE_CURVE('',#2610,#2610,#1295,.T.);
#3238=EDGE_CURVE('',#2611,#2611,#1296,.T.);
#3239=EDGE_CURVE('',#2611,#2612,#1648,.T.);
#3240=EDGE_CURVE('',#2612,#2612,#1297,.T.);
#3241=EDGE_CURVE('',#2613,#2613,#1298,.T.);
#3242=EDGE_CURVE('',#2613,#2614,#1649,.T.);
#3243=EDGE_CURVE('',#2614,#2614,#1299,.T.);
#3244=EDGE_CURVE('',#2615,#2615,#1300,.T.);
#3245=EDGE_CURVE('',#2615,#2616,#1650,.T.);
#3246=EDGE_CURVE('',#2616,#2616,#1301,.T.);
#3247=EDGE_CURVE('',#2617,#2617,#1302,.T.);
#3248=EDGE_CURVE('',#2618,#2619,#1651,.T.);
#3249=EDGE_CURVE('',#2620,#2618,#1303,.T.);
#3250=EDGE_CURVE('',#2619,#2620,#1304,.T.);
#3251=EDGE_CURVE('',#2621,#2621,#1305,.T.);
#3252=EDGE_CURVE('',#2622,#2622,#1306,.T.);
#3253=EDGE_CURVE('',#2623,#2623,#1307,.T.);
#3254=EDGE_CURVE('',#2624,#2624,#1308,.T.);
#3255=EDGE_CURVE('',#2625,#2626,#1309,.T.);
#3256=EDGE_CURVE('',#2627,#2626,#1652,.T.);
#3257=EDGE_CURVE('',#2628,#2627,#1653,.T.);
#3258=EDGE_CURVE('',#2625,#2628,#1654,.T.);
#3259=EDGE_CURVE('',#2629,#2435,#1655,.T.);
#3260=EDGE_CURVE('',#2629,#2630,#1310,.T.);
#3261=EDGE_CURVE('',#2630,#2631,#1656,.T.);
#3262=EDGE_CURVE('',#2631,#2632,#1657,.T.);
#3263=EDGE_CURVE('',#2632,#2633,#1658,.T.);
#3264=EDGE_CURVE('',#2633,#2634,#1311,.T.);
#3265=EDGE_CURVE('',#2634,#2635,#1659,.T.);
#3266=EDGE_CURVE('',#2635,#2618,#1660,.T.);
#3267=EDGE_CURVE('',#2619,#2636,#1661,.T.);
#3268=EDGE_CURVE('',#2636,#2637,#1662,.T.);
#3269=EDGE_CURVE('',#2638,#2637,#1663,.T.);
#3270=EDGE_CURVE('',#2443,#2638,#1664,.T.);
#3271=EDGE_CURVE('',#2639,#2640,#1312,.T.);
#3272=EDGE_CURVE('',#2640,#2641,#1665,.T.);
#3273=EDGE_CURVE('',#2642,#2641,#1666,.T.);
#3274=EDGE_CURVE('',#2639,#2642,#1667,.T.);
#3275=EDGE_CURVE('',#2643,#2644,#1313,.T.);
#3276=EDGE_CURVE('',#2644,#2645,#1668,.T.);
#3277=EDGE_CURVE('',#2646,#2645,#1669,.T.);
#3278=EDGE_CURVE('',#2643,#2646,#1670,.T.);
#3279=EDGE_CURVE('',#2562,#2643,#1671,.T.);
#3280=EDGE_CURVE('',#2563,#2646,#1672,.T.);
#3281=EDGE_CURVE('',#2566,#2625,#1673,.T.);
#3282=EDGE_CURVE('',#2567,#2628,#1674,.T.);
#3283=EDGE_CURVE('',#2647,#2569,#1675,.T.);
#3284=EDGE_CURVE('',#2648,#2568,#1676,.T.);
#3285=EDGE_CURVE('',#2647,#2648,#1677,.T.);
#3286=EDGE_CURVE('',#2570,#2649,#1678,.T.);
#3287=EDGE_CURVE('',#2649,#2650,#1679,.T.);
#3288=EDGE_CURVE('',#2571,#2650,#1680,.T.);
#3289=EDGE_CURVE('',#2644,#2561,#1681,.T.);
#3290=EDGE_CURVE('',#2645,#2560,#1682,.T.);
#3291=EDGE_CURVE('',#2650,#2648,#1683,.T.);
#3292=EDGE_CURVE('',#2651,#2627,#1684,.T.);
#3293=EDGE_CURVE('',#2652,#2651,#1685,.T.);
#3294=EDGE_CURVE('',#2564,#2652,#1686,.T.);
#3295=EDGE_CURVE('',#2445,#2652,#1687,.T.);
#3296=EDGE_CURVE('',#2651,#2442,#1688,.T.);
#3297=EDGE_CURVE('',#2581,#2653,#1689,.T.);
#3298=EDGE_CURVE('',#2653,#2444,#1690,.T.);
#3299=EDGE_CURVE('',#2638,#2654,#1691,.T.);
#3300=EDGE_CURVE('',#2654,#2655,#1692,.T.);
#3301=EDGE_CURVE('',#2655,#2656,#1314,.T.);
#3302=EDGE_CURVE('',#2656,#2657,#1693,.T.);
#3303=EDGE_CURVE('',#2657,#2658,#1694,.T.);
#3304=EDGE_CURVE('',#2658,#2659,#1695,.T.);
#3305=EDGE_CURVE('',#2659,#2660,#1696,.T.);
#3306=EDGE_CURVE('',#2660,#2661,#1697,.T.);
#3307=EDGE_CURVE('',#2661,#2388,#1315,.T.);
#3308=EDGE_CURVE('',#2626,#2565,#1698,.T.);
#3309=EDGE_CURVE('',#2578,#2639,#1699,.T.);
#3310=EDGE_CURVE('',#2579,#2642,#1700,.T.);
#3311=EDGE_CURVE('',#2662,#2573,#1701,.T.);
#3312=EDGE_CURVE('',#2663,#2572,#1702,.T.);
#3313=EDGE_CURVE('',#2662,#2663,#1703,.T.);
#3314=EDGE_CURVE('',#2574,#2664,#1704,.T.);
#3315=EDGE_CURVE('',#2664,#2665,#1705,.T.);
#3316=EDGE_CURVE('',#2575,#2665,#1706,.T.);
#3317=EDGE_CURVE('',#2640,#2577,#1707,.T.);
#3318=EDGE_CURVE('',#2641,#2576,#1708,.T.);
#3319=EDGE_CURVE('',#2653,#2580,#1709,.T.);
#3320=EDGE_CURVE('',#2665,#2663,#1710,.T.);
#3321=EDGE_CURVE('',#2666,#2666,#1316,.T.);
#3322=EDGE_CURVE('',#2666,#2622,#1711,.T.);
#3323=EDGE_CURVE('',#2667,#2667,#1317,.T.);
#3324=EDGE_CURVE('',#2667,#2624,#1712,.T.);
#3325=EDGE_CURVE('',#2668,#2668,#1318,.T.);
#3326=EDGE_CURVE('',#2668,#2623,#1713,.T.);
#3327=EDGE_CURVE('',#2664,#2662,#1319,.T.);
#3328=EDGE_CURVE('',#2669,#2669,#1320,.T.);
#3329=EDGE_CURVE('',#2669,#2617,#1714,.T.);
#3330=EDGE_CURVE('',#2670,#2670,#1321,.T.);
#3331=EDGE_CURVE('',#2670,#2621,#1715,.T.);
#3332=EDGE_CURVE('',#2649,#2647,#1322,.T.);
#3333=EDGE_CURVE('',#2671,#2671,#1323,.T.);
#3334=EDGE_CURVE('',#2671,#2620,#1716,.T.);
#3335=EDGE_CURVE('',#2636,#2635,#1324,.T.);
#3336=EDGE_CURVE('',#2672,#2634,#1717,.T.);
#3337=EDGE_CURVE('',#2673,#2672,#1718,.T.);
#3338=EDGE_CURVE('',#2674,#2673,#1719,.F.);
#3339=EDGE_CURVE('',#2675,#2674,#1720,.F.);
#3340=EDGE_CURVE('',#2676,#2675,#1325,.T.);
#3341=EDGE_CURVE('',#2677,#2676,#1721,.F.);
#3342=EDGE_CURVE('',#2677,#2678,#1722,.T.);
#3343=EDGE_CURVE('',#2678,#2637,#1723,.T.);
#3344=EDGE_CURVE('',#2679,#2679,#1326,.T.);
#3345=EDGE_CURVE('',#2679,#2680,#1724,.T.);
#3346=EDGE_CURVE('',#2680,#2680,#1327,.T.);
#3347=EDGE_CURVE('',#2681,#2681,#1328,.T.);
#3348=EDGE_CURVE('',#2681,#2682,#1725,.T.);
#3349=EDGE_CURVE('',#2682,#2682,#1329,.T.);
#3350=EDGE_CURVE('',#2683,#2683,#1330,.T.);
#3351=EDGE_CURVE('',#2683,#2684,#1726,.T.);
#3352=EDGE_CURVE('',#2684,#2684,#1331,.T.);
#3353=EDGE_CURVE('',#2685,#2685,#1332,.T.);
#3354=EDGE_CURVE('',#2685,#2686,#1727,.T.);
#3355=EDGE_CURVE('',#2686,#2686,#1333,.T.);
#3356=EDGE_CURVE('',#2687,#2687,#1334,.T.);
#3357=EDGE_CURVE('',#2687,#2688,#1728,.T.);
#3358=EDGE_CURVE('',#2688,#2688,#1335,.T.);
#3359=EDGE_CURVE('',#2689,#2689,#1336,.T.);
#3360=EDGE_CURVE('',#2689,#2690,#1729,.T.);
#3361=EDGE_CURVE('',#2690,#2690,#1337,.T.);
#3362=EDGE_CURVE('',#2654,#2691,#1730,.T.);
#3363=EDGE_CURVE('',#2692,#2691,#1731,.T.);
#3364=EDGE_CURVE('',#2693,#2692,#1732,.T.);
#3365=EDGE_CURVE('',#2654,#2693,#1733,.T.);
#3366=EDGE_CURVE('',#2637,#2694,#1734,.T.);
#3367=EDGE_CURVE('',#2695,#2678,#1735,.T.);
#3368=EDGE_CURVE('',#2696,#2695,#1736,.T.);
#3369=EDGE_CURVE('',#2697,#2696,#1737,.T.);
#3370=EDGE_CURVE('',#2694,#2697,#1338,.T.);
#3371=EDGE_CURVE('',#2698,#2391,#1339,.T.);
#3372=EDGE_CURVE('',#2699,#2390,#1340,.T.);
#3373=EDGE_CURVE('',#2699,#2698,#1738,.T.);
#3374=EDGE_CURVE('',#2661,#2700,#1739,.T.);
#3375=EDGE_CURVE('',#2389,#2700,#1341,.T.);
#3376=EDGE_CURVE('',#2701,#2702,#1740,.T.);
#3377=EDGE_CURVE('',#2701,#2703,#1741,.T.);
#3378=EDGE_CURVE('',#2704,#2703,#1342,.T.);
#3379=EDGE_CURVE('',#2704,#2705,#1343,.T.);
#3380=EDGE_CURVE('',#2706,#2705,#1344,.T.);
#3381=EDGE_CURVE('',#2706,#2702,#1742,.T.);
#3382=EDGE_CURVE('',#2707,#2708,#1743,.T.);
#3383=EDGE_CURVE('',#2709,#2707,#1744,.T.);
#3384=EDGE_CURVE('',#2710,#2709,#1345,.T.);
#3385=EDGE_CURVE('',#2711,#2710,#1346,.T.);
#3386=EDGE_CURVE('',#2712,#2711,#1347,.T.);
#3387=EDGE_CURVE('',#2708,#2712,#1745,.T.);
#3388=EDGE_CURVE('',#2713,#2714,#1746,.T.);
#3389=EDGE_CURVE('',#2713,#2707,#1348,.F.);
#3390=EDGE_CURVE('',#2708,#2714,#1349,.T.);
#3391=EDGE_CURVE('',#2714,#2691,#1747,.T.);
#3392=EDGE_CURVE('',#2715,#2712,#1748,.T.);
#3393=EDGE_CURVE('',#2692,#2715,#1749,.T.);
#3394=EDGE_CURVE('',#2711,#2716,#1750,.T.);
#3395=EDGE_CURVE('',#2716,#2715,#1350,.T.);
#3396=EDGE_CURVE('',#2717,#2710,#1751,.T.);
#3397=EDGE_CURVE('',#2716,#2717,#1351,.T.);
#3398=EDGE_CURVE('',#2709,#2718,#1752,.T.);
#3399=EDGE_CURVE('',#2718,#2717,#1352,.T.);
#3400=EDGE_CURVE('',#2719,#2713,#1753,.T.);
#3401=EDGE_CURVE('',#2719,#2720,#1754,.T.);
#3402=EDGE_CURVE('',#2718,#2720,#1755,.T.);
#3403=EDGE_CURVE('',#2703,#2721,#1756,.T.);
#3404=EDGE_CURVE('',#2721,#2722,#1353,.T.);
#3405=EDGE_CURVE('',#2722,#2704,#1757,.T.);
#3406=EDGE_CURVE('',#2705,#2723,#1758,.T.);
#3407=EDGE_CURVE('',#2723,#2724,#1354,.T.);
#3408=EDGE_CURVE('',#2724,#2706,#1759,.T.);
#3409=EDGE_CURVE('',#2722,#2723,#1355,.T.);
#3410=EDGE_CURVE('',#2725,#2725,#1356,.T.);
#3411=EDGE_CURVE('',#2725,#2726,#1760,.T.);
#3412=EDGE_CURVE('',#2726,#2726,#1357,.T.);
#3413=EDGE_CURVE('',#2727,#2727,#1358,.F.);
#3414=EDGE_CURVE('',#2727,#2728,#1761,.T.);
#3415=EDGE_CURVE('',#2728,#2728,#1359,.F.);
#3416=EDGE_CURVE('',#2729,#2729,#1360,.T.);
#3417=EDGE_CURVE('',#2729,#2730,#1762,.T.);
#3418=EDGE_CURVE('',#2730,#2730,#1361,.T.);
#3419=EDGE_CURVE('',#2629,#2731,#1763,.T.);
#3420=EDGE_CURVE('',#2731,#2732,#1362,.T.);
#3421=EDGE_CURVE('',#2732,#2630,#1764,.T.);
#3422=EDGE_CURVE('',#2697,#2733,#1765,.T.);
#3423=EDGE_CURVE('',#2734,#2733,#1363,.T.);
#3424=EDGE_CURVE('',#2734,#2694,#1766,.T.);
#3425=EDGE_CURVE('',#2735,#2735,#1364,.F.);
#3426=EDGE_CURVE('',#2735,#2736,#1767,.T.);
#3427=EDGE_CURVE('',#2736,#2736,#1365,.F.);
#3428=EDGE_CURVE('',#2737,#2737,#1366,.F.);
#3429=EDGE_CURVE('',#2737,#2738,#1768,.T.);
#3430=EDGE_CURVE('',#2738,#2738,#1367,.F.);
#3431=EDGE_CURVE('',#2739,#2739,#1368,.T.);
#3432=EDGE_CURVE('',#2740,#2740,#1369,.T.);
#3433=EDGE_CURVE('',#2741,#2741,#1370,.T.);
#3434=EDGE_CURVE('',#2742,#2742,#1371,.T.);
#3435=EDGE_CURVE('',#2743,#2743,#1372,.T.);
#3436=EDGE_CURVE('',#2744,#2744,#1373,.T.);
#3437=EDGE_CURVE('',#2742,#2745,#1769,.T.);
#3438=EDGE_CURVE('',#2745,#2745,#1374,.T.);
#3439=EDGE_CURVE('',#2740,#2746,#1770,.T.);
#3440=EDGE_CURVE('',#2746,#2746,#1375,.F.);
#3441=EDGE_CURVE('',#2747,#2747,#1376,.T.);
#3442=EDGE_CURVE('',#2748,#2748,#1377,.T.);
#3443=EDGE_CURVE('',#2397,#2739,#1771,.T.);
#3444=EDGE_CURVE('',#2749,#2749,#1378,.T.);
#3445=EDGE_CURVE('',#2749,#2741,#1772,.T.);
#3446=EDGE_CURVE('',#2676,#2750,#1773,.F.);
#3447=EDGE_CURVE('',#2675,#2751,#1774,.F.);
#3448=EDGE_CURVE('',#2750,#2751,#1379,.T.);
#3449=EDGE_CURVE('',#2752,#2753,#1775,.T.);
#3450=EDGE_CURVE('',#2752,#2754,#1380,.T.);
#3451=EDGE_CURVE('',#2754,#2755,#1776,.T.);
#3452=EDGE_CURVE('',#2753,#2755,#1381,.F.);
#3453=EDGE_CURVE('',#2743,#2756,#1777,.T.);
#3454=EDGE_CURVE('',#2756,#2756,#1382,.T.);
#3455=EDGE_CURVE('',#2744,#2757,#1778,.T.);
#3456=EDGE_CURVE('',#2757,#2757,#1383,.T.);
#3457=EDGE_CURVE('',#2758,#2677,#1779,.F.);
#3458=EDGE_CURVE('',#2758,#2750,#1780,.F.);
#3459=EDGE_CURVE('',#2751,#2759,#1781,.F.);
#3460=EDGE_CURVE('',#2759,#2758,#1782,.T.);
#3461=EDGE_CURVE('',#2759,#2674,#1783,.F.);
#3462=EDGE_CURVE('',#2760,#2761,#1784,.T.);
#3463=EDGE_CURVE('',#2761,#2752,#1785,.F.);
#3464=EDGE_CURVE('',#2760,#2753,#1786,.F.);
#3465=EDGE_CURVE('',#2755,#2762,#1787,.F.);
#3466=EDGE_CURVE('',#2762,#2760,#1788,.F.);
#3467=EDGE_CURVE('',#2762,#2763,#1789,.T.);
#3468=EDGE_CURVE('',#2754,#2763,#1790,.F.);
#3469=EDGE_CURVE('',#2764,#2765,#1791,.T.);
#3470=EDGE_CURVE('',#2766,#2765,#1384,.T.);
#3471=EDGE_CURVE('',#2767,#2766,#1792,.F.);
#3472=EDGE_CURVE('',#2764,#2767,#1793,.T.);
#3473=EDGE_CURVE('',#2768,#2768,#1385,.T.);
#3474=EDGE_CURVE('',#2768,#2747,#1794,.T.);
#3475=EDGE_CURVE('',#2769,#2769,#1386,.T.);
#3476=EDGE_CURVE('',#2769,#2748,#1795,.T.);
#3477=EDGE_CURVE('',#2770,#2771,#1387,.T.);
#3478=EDGE_CURVE('',#2772,#2771,#1796,.T.);
#3479=EDGE_CURVE('',#2773,#2772,#1388,.T.);
#3480=EDGE_CURVE('',#2770,#2773,#1797,.T.);
#3481=EDGE_CURVE('',#2771,#2774,#1389,.T.);
#3482=EDGE_CURVE('',#2774,#2775,#1798,.T.);
#3483=EDGE_CURVE('',#2775,#2772,#1390,.T.);
#3484=EDGE_CURVE('',#2776,#2777,#1799,.T.);
#3485=EDGE_CURVE('',#2778,#2777,#1391,.F.);
#3486=EDGE_CURVE('',#2778,#2779,#1800,.T.);
#3487=EDGE_CURVE('',#2776,#2779,#1801,.T.);
#3488=EDGE_CURVE('',#2780,#2770,#1392,.T.);
#3489=EDGE_CURVE('',#2773,#2781,#1393,.T.);
#3490=EDGE_CURVE('',#2781,#2780,#1802,.T.);
#3491=EDGE_CURVE('',#2782,#2783,#1394,.T.);
#3492=EDGE_CURVE('',#2783,#2784,#1803,.T.);
#3493=EDGE_CURVE('',#2784,#2785,#1395,.T.);
#3494=EDGE_CURVE('',#2785,#2782,#1804,.T.);
#3495=EDGE_CURVE('',#2786,#2782,#1396,.T.);
#3496=EDGE_CURVE('',#2785,#2787,#1397,.T.);
#3497=EDGE_CURVE('',#2786,#2787,#1805,.T.);
#3498=EDGE_CURVE('',#2788,#2764,#1398,.T.);
#3499=EDGE_CURVE('',#2767,#2789,#1399,.T.);
#3500=EDGE_CURVE('',#2789,#2788,#1806,.T.);
#3501=EDGE_CURVE('',#2790,#2791,#1807,.T.);
#3502=EDGE_CURVE('',#2792,#2791,#1808,.T.);
#3503=EDGE_CURVE('',#2792,#2793,#1809,.T.);
#3504=EDGE_CURVE('',#2790,#2793,#1810,.T.);
#3505=EDGE_CURVE('',#2794,#2795,#1811,.T.);
#3506=EDGE_CURVE('',#2796,#2794,#1812,.T.);
#3507=EDGE_CURVE('',#2796,#2632,#1813,.F.);
#3508=EDGE_CURVE('',#2795,#2632,#1400,.T.);
#3509=EDGE_CURVE('',#2797,#2798,#1814,.T.);
#3510=EDGE_CURVE('',#2695,#2798,#1401,.T.);
#3511=EDGE_CURVE('',#2799,#2695,#1815,.F.);
#3512=EDGE_CURVE('',#2797,#2799,#1816,.T.);
#3513=EDGE_CURVE('',#2800,#2797,#1402,.T.);
#3514=EDGE_CURVE('',#2799,#2801,#1403,.T.);
#3515=EDGE_CURVE('',#2801,#2800,#1817,.T.);
#3516=EDGE_CURVE('',#2794,#2802,#1404,.T.);
#3517=EDGE_CURVE('',#2802,#2803,#1818,.T.);
#3518=EDGE_CURVE('',#2803,#2796,#1405,.T.);
#3519=EDGE_CURVE('',#2804,#2800,#1406,.T.);
#3520=EDGE_CURVE('',#2805,#2801,#1407,.T.);
#3521=EDGE_CURVE('',#2804,#2805,#1819,.T.);
#3522=EDGE_CURVE('',#2806,#2802,#1408,.T.);
#3523=EDGE_CURVE('',#2807,#2806,#1820,.T.);
#3524=EDGE_CURVE('',#2807,#2803,#1409,.T.);
#3525=EDGE_CURVE('',#2808,#2804,#1410,.T.);
#3526=EDGE_CURVE('',#2805,#2809,#1411,.T.);
#3527=EDGE_CURVE('',#2809,#2808,#1821,.T.);
#3528=EDGE_CURVE('',#2806,#2810,#1412,.T.);
#3529=EDGE_CURVE('',#2810,#2811,#1822,.T.);
#3530=EDGE_CURVE('',#2811,#2807,#1413,.T.);
#3531=EDGE_CURVE('',#2812,#2808,#1823,.T.);
#3532=EDGE_CURVE('',#2696,#2809,#1824,.F.);
#3533=EDGE_CURVE('',#2812,#2696,#1414,.T.);
#3534=EDGE_CURVE('',#2813,#2810,#1825,.T.);
#3535=EDGE_CURVE('',#2631,#2813,#1415,.T.);
#3536=EDGE_CURVE('',#2631,#2811,#1826,.F.);
#3537=EDGE_CURVE('',#2813,#2795,#1827,.T.);
#3538=EDGE_CURVE('',#2798,#2812,#1828,.T.);
#3539=EDGE_CURVE('',#2814,#2786,#1416,.T.);
#3540=EDGE_CURVE('',#2787,#2815,#1417,.T.);
#3541=EDGE_CURVE('',#2815,#2814,#1829,.T.);
#3542=EDGE_CURVE('',#2816,#2788,#1418,.T.);
#3543=EDGE_CURVE('',#2817,#2789,#1419,.T.);
#3544=EDGE_CURVE('',#2816,#2817,#1830,.T.);
#3545=EDGE_CURVE('',#2818,#2814,#1831,.T.);
#3546=EDGE_CURVE('',#2815,#2819,#1832,.F.);
#3547=EDGE_CURVE('',#2818,#2819,#1420,.T.);
#3548=EDGE_CURVE('',#2820,#2816,#1421,.T.);
#3549=EDGE_CURVE('',#2817,#2821,#1422,.T.);
#3550=EDGE_CURVE('',#2821,#2820,#1833,.T.);
#3551=EDGE_CURVE('',#2822,#2820,#1834,.T.);
#3552=EDGE_CURVE('',#2823,#2821,#1835,.F.);
#3553=EDGE_CURVE('',#2822,#2823,#1423,.T.);
#3554=EDGE_CURVE('',#2783,#2824,#1836,.T.);
#3555=EDGE_CURVE('',#2825,#2824,#1424,.T.);
#3556=EDGE_CURVE('',#2825,#2784,#1837,.F.);
#3557=EDGE_CURVE('',#2824,#2818,#1838,.T.);
#3558=EDGE_CURVE('',#2765,#2822,#1839,.T.);
#3559=EDGE_CURVE('',#2826,#2827,#1840,.T.);
#3560=EDGE_CURVE('',#2819,#2827,#1425,.T.);
#3561=EDGE_CURVE('',#2819,#2828,#1841,.F.);
#3562=EDGE_CURVE('',#2826,#2828,#1842,.T.);
#3563=EDGE_CURVE('',#2829,#2830,#1843,.T.);
#3564=EDGE_CURVE('',#2831,#2830,#1844,.T.);
#3565=EDGE_CURVE('',#2766,#2831,#1845,.F.);
#3566=EDGE_CURVE('',#2829,#2766,#1426,.T.);
#3567=EDGE_CURVE('',#2832,#2829,#1846,.T.);
#3568=EDGE_CURVE('',#2823,#2832,#1427,.T.);
#3569=EDGE_CURVE('',#2827,#2833,#1847,.T.);
#3570=EDGE_CURVE('',#2833,#2825,#1428,.T.);
#3571=EDGE_CURVE('',#2834,#2826,#1429,.T.);
#3572=EDGE_CURVE('',#2828,#2835,#1430,.T.);
#3573=EDGE_CURVE('',#2835,#2834,#1848,.T.);
#3574=EDGE_CURVE('',#2830,#2836,#1431,.T.);
#3575=EDGE_CURVE('',#2836,#2837,#1849,.T.);
#3576=EDGE_CURVE('',#2837,#2831,#1432,.T.);
#3577=EDGE_CURVE('',#2838,#2832,#1850,.T.);
#3578=EDGE_CURVE('',#2839,#2823,#1851,.F.);
#3579=EDGE_CURVE('',#2838,#2839,#1852,.T.);
#3580=EDGE_CURVE('',#2833,#2840,#1853,.T.);
#3581=EDGE_CURVE('',#2841,#2840,#1854,.T.);
#3582=EDGE_CURVE('',#2841,#2825,#1855,.F.);
#3583=EDGE_CURVE('',#2842,#2834,#1433,.T.);
#3584=EDGE_CURVE('',#2835,#2843,#1434,.T.);
#3585=EDGE_CURVE('',#2842,#2843,#1856,.T.);
#3586=EDGE_CURVE('',#2836,#2844,#1435,.T.);
#3587=EDGE_CURVE('',#2845,#2844,#1857,.T.);
#3588=EDGE_CURVE('',#2837,#2845,#1436,.T.);
#3589=EDGE_CURVE('',#2846,#2838,#1437,.T.);
#3590=EDGE_CURVE('',#2839,#2847,#1438,.T.);
#3591=EDGE_CURVE('',#2847,#2846,#1858,.T.);
#3592=EDGE_CURVE('',#2840,#2790,#1439,.T.);
#3593=EDGE_CURVE('',#2793,#2841,#1440,.T.);
#3594=EDGE_CURVE('',#2791,#2842,#1441,.T.);
#3595=EDGE_CURVE('',#2843,#2792,#1442,.T.);
#3596=EDGE_CURVE('',#2844,#2848,#1443,.T.);
#3597=EDGE_CURVE('',#2848,#2849,#1859,.T.);
#3598=EDGE_CURVE('',#2849,#2845,#1444,.T.);
#3599=EDGE_CURVE('',#2848,#2846,#1860,.T.);
#3600=EDGE_CURVE('',#2847,#2849,#1861,.T.);
#3601=EDGE_CURVE('',#2850,#2851,#1445,.T.);
#3602=EDGE_CURVE('',#2852,#2850,#1862,.T.);
#3603=EDGE_CURVE('',#2853,#2852,#1446,.T.);
#3604=EDGE_CURVE('',#2851,#2853,#1863,.T.);
#3605=EDGE_CURVE('',#2854,#2855,#1447,.T.);
#3606=EDGE_CURVE('',#2856,#2855,#1864,.T.);
#3607=EDGE_CURVE('',#2856,#2857,#1448,.T.);
#3608=EDGE_CURVE('',#2854,#2857,#1865,.T.);
#3609=EDGE_CURVE('',#2854,#2858,#1449,.T.);
#3610=EDGE_CURVE('',#2857,#2859,#1450,.T.);
#3611=EDGE_CURVE('',#2859,#2858,#1866,.T.);
#3612=EDGE_CURVE('',#2860,#2850,#1451,.T.);
#3613=EDGE_CURVE('',#2860,#2861,#1867,.T.);
#3614=EDGE_CURVE('',#2861,#2852,#1452,.T.);
#3615=EDGE_CURVE('',#2851,#2862,#1453,.T.);
#3616=EDGE_CURVE('',#2853,#2863,#1454,.T.);
#3617=EDGE_CURVE('',#2863,#2862,#1868,.T.);
#3618=EDGE_CURVE('',#2864,#2855,#1455,.T.);
#3619=EDGE_CURVE('',#2864,#2865,#1869,.T.);
#3620=EDGE_CURVE('',#2865,#2856,#1456,.T.);
#3621=EDGE_CURVE('',#2866,#2858,#1870,.T.);
#3622=EDGE_CURVE('',#2859,#2778,#1871,.T.);
#3623=EDGE_CURVE('',#2866,#2778,#1457,.F.);
#3624=EDGE_CURVE('',#2867,#2860,#1872,.T.);
#3625=EDGE_CURVE('',#2868,#2867,#1458,.F.);
#3626=EDGE_CURVE('',#2861,#2868,#1873,.T.);
#3627=EDGE_CURVE('',#2862,#2869,#1874,.T.);
#3628=EDGE_CURVE('',#2870,#2863,#1875,.T.);
#3629=EDGE_CURVE('',#2869,#2870,#1876,.T.);
#3630=EDGE_CURVE('',#2864,#2871,#1877,.T.);
#3631=EDGE_CURVE('',#2872,#2871,#1878,.T.);
#3632=EDGE_CURVE('',#2872,#2865,#1879,.T.);
#3633=EDGE_CURVE('',#2869,#2873,#1459,.T.);
#3634=EDGE_CURVE('',#2870,#2874,#1460,.T.);
#3635=EDGE_CURVE('',#2874,#2873,#1880,.T.);
#3636=EDGE_CURVE('',#2875,#2871,#1461,.T.);
#3637=EDGE_CURVE('',#2875,#2876,#1881,.T.);
#3638=EDGE_CURVE('',#2876,#2872,#1462,.T.);
#3639=EDGE_CURVE('',#2873,#2877,#1882,.T.);
#3640=EDGE_CURVE('',#2878,#2874,#1883,.T.);
#3641=EDGE_CURVE('',#2877,#2878,#1463,.F.);
#3642=EDGE_CURVE('',#2875,#2879,#1884,.T.);
#3643=EDGE_CURVE('',#2880,#2879,#1464,.F.);
#3644=EDGE_CURVE('',#2880,#2876,#1885,.T.);
#3645=EDGE_CURVE('',#2777,#2881,#1886,.T.);
#3646=EDGE_CURVE('',#2881,#2880,#1465,.F.);
#3647=EDGE_CURVE('',#2879,#2866,#1887,.T.);
#3648=EDGE_CURVE('',#2867,#2877,#1888,.T.);
#3649=EDGE_CURVE('',#2882,#2776,#1466,.T.);
#3650=EDGE_CURVE('',#2779,#2883,#1467,.T.);
#3651=EDGE_CURVE('',#2883,#2882,#1889,.T.);
#3652=EDGE_CURVE('',#2884,#2780,#1890,.T.);
#3653=EDGE_CURVE('',#2868,#2781,#1891,.T.);
#3654=EDGE_CURVE('',#2884,#2868,#1468,.F.);
#3655=EDGE_CURVE('',#2885,#2882,#1469,.T.);
#3656=EDGE_CURVE('',#2883,#2886,#1470,.T.);
#3657=EDGE_CURVE('',#2885,#2886,#1892,.T.);
#3658=EDGE_CURVE('',#2887,#2884,#1893,.T.);
#3659=EDGE_CURVE('',#2878,#2887,#1471,.F.);
#3660=EDGE_CURVE('',#2774,#2887,#1894,.T.);
#3661=EDGE_CURVE('',#2775,#2878,#1895,.T.);
#3662=EDGE_CURVE('',#2881,#2888,#1896,.T.);
#3663=EDGE_CURVE('',#2889,#2888,#1897,.T.);
#3664=EDGE_CURVE('',#2889,#2880,#1898,.T.);
#3665=EDGE_CURVE('',#2888,#2885,#1472,.T.);
#3666=EDGE_CURVE('',#2886,#2889,#1473,.T.);
#3667=EDGE_CURVE('',#2390,#2734,#1474,.T.);
#3668=EDGE_CURVE('',#2733,#2699,#1475,.T.);
#3669=EDGE_CURVE('',#2731,#2389,#1476,.T.);
#3670=EDGE_CURVE('',#2734,#2731,#1899,.F.);
#3671=EDGE_CURVE('',#2700,#2732,#1477,.T.);
#3672=EDGE_CURVE('',#2673,#2761,#1900,.T.);
#3673=EDGE_CURVE('',#2693,#2763,#1901,.T.);
#3674=EDGE_CURVE('',#2720,#2698,#1902,.T.);
#3675=EDGE_CURVE('',#2655,#2672,#1903,.T.);
#3676=EDGE_CURVE('',#2672,#2890,#27,.T.);
#3677=EDGE_CURVE('',#2890,#2656,#1904,.T.);
#3678=EDGE_CURVE('',#2724,#2660,#1905,.T.);
#3679=EDGE_CURVE('',#2657,#2721,#1906,.T.);
#3680=EDGE_CURVE('',#2633,#2890,#1907,.T.);
#3681=EDGE_CURVE('',#2658,#2701,#1478,.T.);
#3682=EDGE_CURVE('',#2702,#2659,#1479,.F.);
#3683=EDGE_CURVE('',#2719,#2391,#1908,.T.);
#3684=EDGE_CURVE('',#2691,#2719,#1909,.T.);
#3685=EDGE_CURVE('',#2891,#2585,#1910,.T.);
#3686=EDGE_CURVE('',#2891,#2892,#1911,.T.);
#3687=EDGE_CURVE('',#2892,#2586,#1912,.T.);
#3688=EDGE_CURVE('',#2892,#2893,#1913,.T.);
#3689=EDGE_CURVE('',#2893,#2582,#1914,.T.);
#3690=EDGE_CURVE('',#2893,#2894,#1915,.T.);
#3691=EDGE_CURVE('',#2894,#2583,#1916,.T.);
#3692=EDGE_CURVE('',#2694,#2446,#1917,.T.);
#3693=EDGE_CURVE('',#2421,#2420,#1918,.T.);
#3694=EDGE_CURVE('',#2403,#2895,#1919,.T.);
#3695=EDGE_CURVE('',#2895,#2584,#1920,.T.);
#3696=EDGE_CURVE('',#2584,#2396,#1921,.T.);
#3697=EDGE_CURVE('',#2895,#2891,#1922,.T.);
#3698=EDGE_CURVE('',#2383,#2895,#1923,.T.);
#3699=EDGE_CURVE('',#2894,#2401,#1924,.T.);
#3700=ORIENTED_EDGE('',*,*,#2896,.T.);
#3701=ORIENTED_EDGE('',*,*,#2897,.T.);
#3702=ORIENTED_EDGE('',*,*,#2898,.T.);
#3703=ORIENTED_EDGE('',*,*,#2899,.T.);
#3704=ORIENTED_EDGE('',*,*,#2900,.T.);
#3705=ORIENTED_EDGE('',*,*,#2901,.T.);
#3706=ORIENTED_EDGE('',*,*,#2902,.T.);
#3707=ORIENTED_EDGE('',*,*,#2903,.T.);
#3708=ORIENTED_EDGE('',*,*,#2900,.F.);
#3709=ORIENTED_EDGE('',*,*,#2904,.T.);
#3710=ORIENTED_EDGE('',*,*,#2905,.T.);
#3711=ORIENTED_EDGE('',*,*,#2906,.F.);
#3712=ORIENTED_EDGE('',*,*,#2907,.T.);
#3713=ORIENTED_EDGE('',*,*,#2904,.F.);
#3714=ORIENTED_EDGE('',*,*,#2899,.F.);
#3715=ORIENTED_EDGE('',*,*,#2908,.T.);
#3716=ORIENTED_EDGE('',*,*,#2896,.F.);
#3717=ORIENTED_EDGE('',*,*,#2909,.T.);
#3718=ORIENTED_EDGE('',*,*,#2910,.T.);
#3719=ORIENTED_EDGE('',*,*,#2911,.T.);
#3720=ORIENTED_EDGE('',*,*,#2912,.T.);
#3721=ORIENTED_EDGE('',*,*,#2903,.F.);
#3722=ORIENTED_EDGE('',*,*,#2913,.T.);
#3723=ORIENTED_EDGE('',*,*,#2914,.F.);
#3724=ORIENTED_EDGE('',*,*,#2915,.F.);
#3725=ORIENTED_EDGE('',*,*,#2916,.F.);
#3726=ORIENTED_EDGE('',*,*,#2917,.T.);
#3727=ORIENTED_EDGE('',*,*,#2918,.F.);
#3728=ORIENTED_EDGE('',*,*,#2919,.F.);
#3729=ORIENTED_EDGE('',*,*,#2920,.F.);
#3730=ORIENTED_EDGE('',*,*,#2921,.T.);
#3731=ORIENTED_EDGE('',*,*,#2922,.F.);
#3732=ORIENTED_EDGE('',*,*,#2909,.F.);
#3733=ORIENTED_EDGE('',*,*,#2923,.T.);
#3734=ORIENTED_EDGE('',*,*,#2924,.T.);
#3735=ORIENTED_EDGE('',*,*,#2925,.T.);
#3736=ORIENTED_EDGE('',*,*,#2926,.T.);
#3737=ORIENTED_EDGE('',*,*,#2912,.F.);
#3738=ORIENTED_EDGE('',*,*,#2927,.F.);
#3739=ORIENTED_EDGE('',*,*,#2897,.F.);
#3740=ORIENTED_EDGE('',*,*,#2928,.F.);
#3741=ORIENTED_EDGE('',*,*,#2898,.F.);
#3742=ORIENTED_EDGE('',*,*,#2929,.T.);
#3743=ORIENTED_EDGE('',*,*,#2930,.F.);
#3744=ORIENTED_EDGE('',*,*,#2901,.F.);
#3745=ORIENTED_EDGE('',*,*,#2907,.F.);
#3746=ORIENTED_EDGE('',*,*,#2931,.T.);
#3747=ORIENTED_EDGE('',*,*,#2932,.T.);
#3748=ORIENTED_EDGE('',*,*,#2933,.F.);
#3749=ORIENTED_EDGE('',*,*,#2934,.F.);
#3750=ORIENTED_EDGE('',*,*,#2935,.F.);
#3751=ORIENTED_EDGE('',*,*,#2936,.T.);
#3752=ORIENTED_EDGE('',*,*,#2937,.F.);
#3753=ORIENTED_EDGE('',*,*,#2938,.F.);
#3754=ORIENTED_EDGE('',*,*,#2939,.T.);
#3755=ORIENTED_EDGE('',*,*,#2940,.T.);
#3756=ORIENTED_EDGE('',*,*,#2941,.T.);
#3757=ORIENTED_EDGE('',*,*,#2942,.T.);
#3758=ORIENTED_EDGE('',*,*,#2943,.T.);
#3759=ORIENTED_EDGE('',*,*,#2944,.T.);
#3760=ORIENTED_EDGE('',*,*,#2945,.T.);
#3761=ORIENTED_EDGE('',*,*,#2946,.T.);
#3762=ORIENTED_EDGE('',*,*,#2947,.T.);
#3763=ORIENTED_EDGE('',*,*,#2948,.T.);
#3764=ORIENTED_EDGE('',*,*,#2949,.T.);
#3765=ORIENTED_EDGE('',*,*,#2948,.F.);
#3766=ORIENTED_EDGE('',*,*,#2950,.T.);
#3767=ORIENTED_EDGE('',*,*,#2951,.T.);
#3768=ORIENTED_EDGE('',*,*,#2952,.T.);
#3769=ORIENTED_EDGE('',*,*,#2919,.T.);
#3770=ORIENTED_EDGE('',*,*,#2953,.T.);
#3771=ORIENTED_EDGE('',*,*,#2920,.T.);
#3772=ORIENTED_EDGE('',*,*,#2952,.F.);
#3773=ORIENTED_EDGE('',*,*,#2945,.F.);
#3774=ORIENTED_EDGE('',*,*,#2954,.T.);
#3775=ORIENTED_EDGE('',*,*,#2947,.F.);
#3776=ORIENTED_EDGE('',*,*,#2955,.T.);
#3777=ORIENTED_EDGE('',*,*,#2944,.F.);
#3778=ORIENTED_EDGE('',*,*,#2934,.T.);
#3779=ORIENTED_EDGE('',*,*,#2956,.T.);
#3780=ORIENTED_EDGE('',*,*,#2957,.T.);
#3781=ORIENTED_EDGE('',*,*,#2958,.T.);
#3782=ORIENTED_EDGE('',*,*,#2959,.T.);
#3783=ORIENTED_EDGE('',*,*,#2956,.F.);
#3784=ORIENTED_EDGE('',*,*,#2933,.T.);
#3785=ORIENTED_EDGE('',*,*,#2955,.F.);
#3786=ORIENTED_EDGE('',*,*,#2960,.F.);
#3787=ORIENTED_EDGE('',*,*,#2961,.T.);
#3788=ORIENTED_EDGE('',*,*,#2962,.F.);
#3789=ORIENTED_EDGE('',*,*,#2963,.T.);
#3790=ORIENTED_EDGE('',*,*,#2964,.T.);
#3791=ORIENTED_EDGE('',*,*,#2965,.T.);
#3792=ORIENTED_EDGE('',*,*,#2966,.T.);
#3793=ORIENTED_EDGE('',*,*,#2967,.T.);
#3794=ORIENTED_EDGE('',*,*,#2968,.T.);
#3795=ORIENTED_EDGE('',*,*,#2969,.T.);
#3796=ORIENTED_EDGE('',*,*,#2949,.F.);
#3797=ORIENTED_EDGE('',*,*,#2918,.T.);
#3798=ORIENTED_EDGE('',*,*,#2970,.T.);
#3799=ORIENTED_EDGE('',*,*,#2960,.T.);
#3800=ORIENTED_EDGE('',*,*,#2946,.F.);
#3801=ORIENTED_EDGE('',*,*,#2962,.T.);
#3802=ORIENTED_EDGE('',*,*,#2971,.T.);
#3803=ORIENTED_EDGE('',*,*,#2935,.T.);
#3804=ORIENTED_EDGE('',*,*,#2958,.F.);
#3805=ORIENTED_EDGE('',*,*,#2972,.T.);
#3806=ORIENTED_EDGE('',*,*,#2950,.F.);
#3807=ORIENTED_EDGE('',*,*,#2954,.F.);
#3808=ORIENTED_EDGE('',*,*,#2973,.T.);
#3809=ORIENTED_EDGE('',*,*,#2974,.T.);
#3810=ORIENTED_EDGE('',*,*,#2975,.T.);
#3811=ORIENTED_EDGE('',*,*,#2974,.F.);
#3812=ORIENTED_EDGE('',*,*,#2976,.T.);
#3813=ORIENTED_EDGE('',*,*,#2977,.T.);
#3814=ORIENTED_EDGE('',*,*,#2938,.T.);
#3815=ORIENTED_EDGE('',*,*,#2973,.F.);
#3816=ORIENTED_EDGE('',*,*,#2978,.T.);
#3817=ORIENTED_EDGE('',*,*,#2979,.T.);
#3818=ORIENTED_EDGE('',*,*,#2980,.T.);
#3819=ORIENTED_EDGE('',*,*,#2981,.T.);
#3820=ORIENTED_EDGE('',*,*,#2982,.T.);
#3821=ORIENTED_EDGE('',*,*,#2983,.T.);
#3822=ORIENTED_EDGE('',*,*,#2984,.T.);
#3823=ORIENTED_EDGE('',*,*,#2982,.F.);
#3824=ORIENTED_EDGE('',*,*,#2985,.T.);
#3825=ORIENTED_EDGE('',*,*,#2986,.F.);
#3826=ORIENTED_EDGE('',*,*,#2987,.T.);
#3827=ORIENTED_EDGE('',*,*,#2980,.F.);
#3828=ORIENTED_EDGE('',*,*,#2988,.T.);
#3829=ORIENTED_EDGE('',*,*,#2989,.F.);
#3830=ORIENTED_EDGE('',*,*,#2990,.T.);
#3831=ORIENTED_EDGE('',*,*,#2976,.F.);
#3832=ORIENTED_EDGE('',*,*,#2984,.F.);
#3833=ORIENTED_EDGE('',*,*,#2991,.T.);
#3834=ORIENTED_EDGE('',*,*,#2992,.F.);
#3835=ORIENTED_EDGE('',*,*,#2975,.F.);
#3836=ORIENTED_EDGE('',*,*,#2937,.T.);
#3837=ORIENTED_EDGE('',*,*,#2993,.T.);
#3838=ORIENTED_EDGE('',*,*,#2994,.T.);
#3839=ORIENTED_EDGE('',*,*,#2995,.T.);
#3840=ORIENTED_EDGE('',*,*,#2996,.T.);
#3841=ORIENTED_EDGE('',*,*,#2997,.T.);
#3842=ORIENTED_EDGE('',*,*,#2996,.F.);
#3843=ORIENTED_EDGE('',*,*,#2997,.F.);
#3844=ORIENTED_EDGE('',*,*,#2998,.T.);
#3845=ORIENTED_EDGE('',*,*,#2999,.T.);
#3846=ORIENTED_EDGE('',*,*,#3000,.T.);
#3847=ORIENTED_EDGE('',*,*,#2999,.F.);
#3848=ORIENTED_EDGE('',*,*,#3000,.F.);
#3849=ORIENTED_EDGE('',*,*,#3001,.T.);
#3850=ORIENTED_EDGE('',*,*,#3002,.T.);
#3851=ORIENTED_EDGE('',*,*,#3003,.T.);
#3852=ORIENTED_EDGE('',*,*,#3002,.F.);
#3853=ORIENTED_EDGE('',*,*,#3003,.F.);
#3854=ORIENTED_EDGE('',*,*,#3004,.T.);
#3855=ORIENTED_EDGE('',*,*,#3005,.T.);
#3856=ORIENTED_EDGE('',*,*,#3006,.T.);
#3857=ORIENTED_EDGE('',*,*,#3005,.F.);
#3858=ORIENTED_EDGE('',*,*,#3006,.F.);
#3859=ORIENTED_EDGE('',*,*,#3007,.T.);
#3860=ORIENTED_EDGE('',*,*,#3008,.T.);
#3861=ORIENTED_EDGE('',*,*,#3009,.T.);
#3862=ORIENTED_EDGE('',*,*,#3008,.F.);
#3863=ORIENTED_EDGE('',*,*,#3009,.F.);
#3864=ORIENTED_EDGE('',*,*,#3010,.T.);
#3865=ORIENTED_EDGE('',*,*,#3011,.T.);
#3866=ORIENTED_EDGE('',*,*,#3012,.T.);
#3867=ORIENTED_EDGE('',*,*,#3011,.F.);
#3868=ORIENTED_EDGE('',*,*,#3012,.F.);
#3869=ORIENTED_EDGE('',*,*,#3013,.T.);
#3870=ORIENTED_EDGE('',*,*,#3014,.T.);
#3871=ORIENTED_EDGE('',*,*,#3015,.T.);
#3872=ORIENTED_EDGE('',*,*,#3014,.F.);
#3873=ORIENTED_EDGE('',*,*,#3015,.F.);
#3874=ORIENTED_EDGE('',*,*,#2963,.F.);
#3875=ORIENTED_EDGE('',*,*,#3016,.T.);
#3876=ORIENTED_EDGE('',*,*,#3017,.T.);
#3877=ORIENTED_EDGE('',*,*,#3016,.F.);
#3878=ORIENTED_EDGE('',*,*,#3017,.F.);
#3879=ORIENTED_EDGE('',*,*,#3010,.F.);
#3880=ORIENTED_EDGE('',*,*,#2964,.F.);
#3881=ORIENTED_EDGE('',*,*,#3018,.T.);
#3882=ORIENTED_EDGE('',*,*,#3019,.T.);
#3883=ORIENTED_EDGE('',*,*,#3018,.F.);
#3884=ORIENTED_EDGE('',*,*,#3019,.F.);
#3885=ORIENTED_EDGE('',*,*,#3013,.F.);
#3886=ORIENTED_EDGE('',*,*,#2965,.F.);
#3887=ORIENTED_EDGE('',*,*,#3020,.T.);
#3888=ORIENTED_EDGE('',*,*,#3021,.T.);
#3889=ORIENTED_EDGE('',*,*,#3020,.F.);
#3890=ORIENTED_EDGE('',*,*,#3021,.F.);
#3891=ORIENTED_EDGE('',*,*,#3001,.F.);
#3892=ORIENTED_EDGE('',*,*,#2966,.F.);
#3893=ORIENTED_EDGE('',*,*,#3022,.T.);
#3894=ORIENTED_EDGE('',*,*,#3023,.T.);
#3895=ORIENTED_EDGE('',*,*,#3022,.F.);
#3896=ORIENTED_EDGE('',*,*,#3023,.F.);
#3897=ORIENTED_EDGE('',*,*,#3007,.F.);
#3898=ORIENTED_EDGE('',*,*,#2967,.F.);
#3899=ORIENTED_EDGE('',*,*,#3024,.T.);
#3900=ORIENTED_EDGE('',*,*,#3025,.T.);
#3901=ORIENTED_EDGE('',*,*,#3024,.F.);
#3902=ORIENTED_EDGE('',*,*,#3025,.F.);
#3903=ORIENTED_EDGE('',*,*,#3004,.F.);
#3904=ORIENTED_EDGE('',*,*,#2968,.F.);
#3905=ORIENTED_EDGE('',*,*,#3026,.T.);
#3906=ORIENTED_EDGE('',*,*,#3027,.T.);
#3907=ORIENTED_EDGE('',*,*,#3026,.F.);
#3908=ORIENTED_EDGE('',*,*,#3027,.F.);
#3909=ORIENTED_EDGE('',*,*,#2995,.F.);
#3910=ORIENTED_EDGE('',*,*,#2969,.F.);
#3911=ORIENTED_EDGE('',*,*,#3028,.T.);
#3912=ORIENTED_EDGE('',*,*,#3029,.T.);
#3913=ORIENTED_EDGE('',*,*,#3028,.F.);
#3914=ORIENTED_EDGE('',*,*,#3029,.F.);
#3915=ORIENTED_EDGE('',*,*,#2998,.F.);
#3916=ORIENTED_EDGE('',*,*,#3030,.T.);
#3917=ORIENTED_EDGE('',*,*,#3031,.T.);
#3918=ORIENTED_EDGE('',*,*,#3032,.T.);
#3919=ORIENTED_EDGE('',*,*,#3031,.F.);
#3920=ORIENTED_EDGE('',*,*,#3032,.F.);
#3921=ORIENTED_EDGE('',*,*,#3033,.T.);
#3922=ORIENTED_EDGE('',*,*,#3034,.T.);
#3923=ORIENTED_EDGE('',*,*,#3035,.T.);
#3924=ORIENTED_EDGE('',*,*,#3034,.F.);
#3925=ORIENTED_EDGE('',*,*,#3035,.F.);
#3926=ORIENTED_EDGE('',*,*,#3036,.T.);
#3927=ORIENTED_EDGE('',*,*,#3037,.T.);
#3928=ORIENTED_EDGE('',*,*,#3038,.T.);
#3929=ORIENTED_EDGE('',*,*,#3037,.F.);
#3930=ORIENTED_EDGE('',*,*,#3038,.F.);
#3931=ORIENTED_EDGE('',*,*,#3039,.T.);
#3932=ORIENTED_EDGE('',*,*,#3040,.T.);
#3933=ORIENTED_EDGE('',*,*,#3041,.T.);
#3934=ORIENTED_EDGE('',*,*,#3040,.F.);
#3935=ORIENTED_EDGE('',*,*,#3041,.F.);
#3936=ORIENTED_EDGE('',*,*,#3042,.F.);
#3937=ORIENTED_EDGE('',*,*,#3043,.T.);
#3938=ORIENTED_EDGE('',*,*,#3044,.T.);
#3939=ORIENTED_EDGE('',*,*,#3043,.F.);
#3940=ORIENTED_EDGE('',*,*,#3044,.F.);
#3941=ORIENTED_EDGE('',*,*,#3030,.F.);
#3942=ORIENTED_EDGE('',*,*,#3045,.F.);
#3943=ORIENTED_EDGE('',*,*,#3046,.T.);
#3944=ORIENTED_EDGE('',*,*,#3047,.T.);
#3945=ORIENTED_EDGE('',*,*,#3046,.F.);
#3946=ORIENTED_EDGE('',*,*,#3047,.F.);
#3947=ORIENTED_EDGE('',*,*,#3033,.F.);
#3948=ORIENTED_EDGE('',*,*,#3048,.F.);
#3949=ORIENTED_EDGE('',*,*,#3049,.T.);
#3950=ORIENTED_EDGE('',*,*,#3050,.T.);
#3951=ORIENTED_EDGE('',*,*,#3049,.F.);
#3952=ORIENTED_EDGE('',*,*,#3050,.F.);
#3953=ORIENTED_EDGE('',*,*,#3036,.F.);
#3954=ORIENTED_EDGE('',*,*,#3051,.F.);
#3955=ORIENTED_EDGE('',*,*,#3052,.T.);
#3956=ORIENTED_EDGE('',*,*,#3053,.T.);
#3957=ORIENTED_EDGE('',*,*,#3052,.F.);
#3958=ORIENTED_EDGE('',*,*,#3053,.F.);
#3959=ORIENTED_EDGE('',*,*,#3039,.F.);
#3960=ORIENTED_EDGE('',*,*,#3054,.T.);
#3961=ORIENTED_EDGE('',*,*,#3055,.T.);
#3962=ORIENTED_EDGE('',*,*,#3056,.T.);
#3963=ORIENTED_EDGE('',*,*,#3055,.F.);
#3964=ORIENTED_EDGE('',*,*,#3056,.F.);
#3965=ORIENTED_EDGE('',*,*,#3057,.T.);
#3966=ORIENTED_EDGE('',*,*,#3058,.T.);
#3967=ORIENTED_EDGE('',*,*,#3059,.T.);
#3968=ORIENTED_EDGE('',*,*,#3058,.F.);
#3969=ORIENTED_EDGE('',*,*,#3059,.F.);
#3970=ORIENTED_EDGE('',*,*,#3060,.T.);
#3971=ORIENTED_EDGE('',*,*,#3061,.T.);
#3972=ORIENTED_EDGE('',*,*,#3062,.T.);
#3973=ORIENTED_EDGE('',*,*,#3061,.F.);
#3974=ORIENTED_EDGE('',*,*,#3062,.F.);
#3975=ORIENTED_EDGE('',*,*,#3063,.T.);
#3976=ORIENTED_EDGE('',*,*,#3064,.T.);
#3977=ORIENTED_EDGE('',*,*,#3065,.T.);
#3978=ORIENTED_EDGE('',*,*,#3064,.F.);
#3979=ORIENTED_EDGE('',*,*,#3065,.F.);
#3980=ORIENTED_EDGE('',*,*,#2943,.F.);
#3981=ORIENTED_EDGE('',*,*,#3066,.T.);
#3982=ORIENTED_EDGE('',*,*,#3067,.T.);
#3983=ORIENTED_EDGE('',*,*,#3066,.F.);
#3984=ORIENTED_EDGE('',*,*,#3067,.F.);
#3985=ORIENTED_EDGE('',*,*,#3054,.F.);
#3986=ORIENTED_EDGE('',*,*,#2940,.F.);
#3987=ORIENTED_EDGE('',*,*,#3068,.T.);
#3988=ORIENTED_EDGE('',*,*,#3069,.T.);
#3989=ORIENTED_EDGE('',*,*,#3068,.F.);
#3990=ORIENTED_EDGE('',*,*,#3069,.F.);
#3991=ORIENTED_EDGE('',*,*,#3057,.F.);
#3992=ORIENTED_EDGE('',*,*,#2942,.F.);
#3993=ORIENTED_EDGE('',*,*,#3070,.T.);
#3994=ORIENTED_EDGE('',*,*,#3071,.T.);
#3995=ORIENTED_EDGE('',*,*,#3070,.F.);
#3996=ORIENTED_EDGE('',*,*,#3071,.F.);
#3997=ORIENTED_EDGE('',*,*,#3060,.F.);
#3998=ORIENTED_EDGE('',*,*,#2941,.F.);
#3999=ORIENTED_EDGE('',*,*,#3072,.T.);
#4000=ORIENTED_EDGE('',*,*,#3073,.T.);
#4001=ORIENTED_EDGE('',*,*,#3072,.F.);
#4002=ORIENTED_EDGE('',*,*,#3073,.F.);
#4003=ORIENTED_EDGE('',*,*,#3063,.F.);
#4004=ORIENTED_EDGE('',*,*,#3074,.T.);
#4005=ORIENTED_EDGE('',*,*,#3075,.T.);
#4006=ORIENTED_EDGE('',*,*,#3076,.T.);
#4007=ORIENTED_EDGE('',*,*,#3075,.F.);
#4008=ORIENTED_EDGE('',*,*,#3076,.F.);
#4009=ORIENTED_EDGE('',*,*,#3077,.T.);
#4010=ORIENTED_EDGE('',*,*,#3078,.T.);
#4011=ORIENTED_EDGE('',*,*,#3079,.T.);
#4012=ORIENTED_EDGE('',*,*,#3078,.F.);
#4013=ORIENTED_EDGE('',*,*,#3079,.F.);
#4014=ORIENTED_EDGE('',*,*,#3080,.T.);
#4015=ORIENTED_EDGE('',*,*,#3081,.T.);
#4016=ORIENTED_EDGE('',*,*,#3082,.T.);
#4017=ORIENTED_EDGE('',*,*,#3081,.F.);
#4018=ORIENTED_EDGE('',*,*,#3082,.F.);
#4019=ORIENTED_EDGE('',*,*,#2926,.F.);
#4020=ORIENTED_EDGE('',*,*,#3083,.T.);
#4021=ORIENTED_EDGE('',*,*,#3084,.T.);
#4022=ORIENTED_EDGE('',*,*,#3083,.F.);
#4023=ORIENTED_EDGE('',*,*,#3084,.F.);
#4024=ORIENTED_EDGE('',*,*,#3074,.F.);
#4025=ORIENTED_EDGE('',*,*,#2925,.F.);
#4026=ORIENTED_EDGE('',*,*,#3085,.T.);
#4027=ORIENTED_EDGE('',*,*,#3086,.T.);
#4028=ORIENTED_EDGE('',*,*,#3085,.F.);
#4029=ORIENTED_EDGE('',*,*,#3086,.F.);
#4030=ORIENTED_EDGE('',*,*,#3077,.F.);
#4031=ORIENTED_EDGE('',*,*,#2924,.F.);
#4032=ORIENTED_EDGE('',*,*,#3087,.T.);
#4033=ORIENTED_EDGE('',*,*,#3088,.T.);
#4034=ORIENTED_EDGE('',*,*,#3087,.F.);
#4035=ORIENTED_EDGE('',*,*,#3088,.F.);
#4036=ORIENTED_EDGE('',*,*,#3080,.F.);
#4037=ORIENTED_EDGE('',*,*,#3089,.T.);
#4038=ORIENTED_EDGE('',*,*,#3090,.T.);
#4039=ORIENTED_EDGE('',*,*,#3091,.T.);
#4040=ORIENTED_EDGE('',*,*,#3090,.F.);
#4041=ORIENTED_EDGE('',*,*,#3091,.F.);
#4042=ORIENTED_EDGE('',*,*,#3092,.T.);
#4043=ORIENTED_EDGE('',*,*,#3093,.T.);
#4044=ORIENTED_EDGE('',*,*,#3094,.T.);
#4045=ORIENTED_EDGE('',*,*,#3093,.F.);
#4046=ORIENTED_EDGE('',*,*,#3094,.F.);
#4047=ORIENTED_EDGE('',*,*,#3095,.T.);
#4048=ORIENTED_EDGE('',*,*,#3096,.T.);
#4049=ORIENTED_EDGE('',*,*,#3097,.T.);
#4050=ORIENTED_EDGE('',*,*,#3096,.F.);
#4051=ORIENTED_EDGE('',*,*,#3097,.F.);
#4052=ORIENTED_EDGE('',*,*,#3098,.T.);
#4053=ORIENTED_EDGE('',*,*,#3099,.T.);
#4054=ORIENTED_EDGE('',*,*,#3100,.T.);
#4055=ORIENTED_EDGE('',*,*,#3099,.F.);
#4056=ORIENTED_EDGE('',*,*,#3100,.F.);
#4057=ORIENTED_EDGE('',*,*,#3101,.T.);
#4058=ORIENTED_EDGE('',*,*,#3102,.T.);
#4059=ORIENTED_EDGE('',*,*,#3103,.T.);
#4060=ORIENTED_EDGE('',*,*,#3102,.F.);
#4061=ORIENTED_EDGE('',*,*,#3103,.F.);
#4062=ORIENTED_EDGE('',*,*,#3104,.T.);
#4063=ORIENTED_EDGE('',*,*,#3105,.T.);
#4064=ORIENTED_EDGE('',*,*,#3106,.T.);
#4065=ORIENTED_EDGE('',*,*,#3105,.F.);
#4066=ORIENTED_EDGE('',*,*,#3106,.F.);
#4067=ORIENTED_EDGE('',*,*,#3107,.T.);
#4068=ORIENTED_EDGE('',*,*,#3108,.T.);
#4069=ORIENTED_EDGE('',*,*,#3109,.T.);
#4070=ORIENTED_EDGE('',*,*,#3108,.F.);
#4071=ORIENTED_EDGE('',*,*,#3109,.F.);
#4072=ORIENTED_EDGE('',*,*,#3110,.T.);
#4073=ORIENTED_EDGE('',*,*,#3111,.T.);
#4074=ORIENTED_EDGE('',*,*,#3112,.T.);
#4075=ORIENTED_EDGE('',*,*,#3111,.F.);
#4076=ORIENTED_EDGE('',*,*,#3112,.F.);
#4077=ORIENTED_EDGE('',*,*,#3113,.T.);
#4078=ORIENTED_EDGE('',*,*,#3114,.T.);
#4079=ORIENTED_EDGE('',*,*,#3115,.T.);
#4080=ORIENTED_EDGE('',*,*,#3114,.F.);
#4081=ORIENTED_EDGE('',*,*,#3115,.F.);
#4082=ORIENTED_EDGE('',*,*,#3116,.F.);
#4083=ORIENTED_EDGE('',*,*,#3117,.F.);
#4084=ORIENTED_EDGE('',*,*,#3118,.F.);
#4085=ORIENTED_EDGE('',*,*,#3119,.T.);
#4086=ORIENTED_EDGE('',*,*,#3120,.T.);
#4087=ORIENTED_EDGE('',*,*,#3117,.T.);
#4088=ORIENTED_EDGE('',*,*,#3121,.F.);
#4089=ORIENTED_EDGE('',*,*,#3122,.F.);
#4090=ORIENTED_EDGE('',*,*,#3123,.F.);
#4091=ORIENTED_EDGE('',*,*,#3118,.T.);
#4092=ORIENTED_EDGE('',*,*,#3120,.F.);
#4093=ORIENTED_EDGE('',*,*,#3124,.F.);
#4094=ORIENTED_EDGE('',*,*,#3125,.F.);
#4095=ORIENTED_EDGE('',*,*,#3126,.F.);
#4096=ORIENTED_EDGE('',*,*,#3127,.T.);
#4097=ORIENTED_EDGE('',*,*,#3128,.T.);
#4098=ORIENTED_EDGE('',*,*,#3125,.T.);
#4099=ORIENTED_EDGE('',*,*,#3129,.F.);
#4100=ORIENTED_EDGE('',*,*,#3130,.F.);
#4101=ORIENTED_EDGE('',*,*,#3131,.F.);
#4102=ORIENTED_EDGE('',*,*,#3126,.T.);
#4103=ORIENTED_EDGE('',*,*,#3128,.F.);
#4104=ORIENTED_EDGE('',*,*,#3132,.F.);
#4105=ORIENTED_EDGE('',*,*,#3133,.F.);
#4106=ORIENTED_EDGE('',*,*,#3134,.F.);
#4107=ORIENTED_EDGE('',*,*,#3135,.T.);
#4108=ORIENTED_EDGE('',*,*,#3136,.T.);
#4109=ORIENTED_EDGE('',*,*,#3133,.T.);
#4110=ORIENTED_EDGE('',*,*,#3137,.F.);
#4111=ORIENTED_EDGE('',*,*,#3138,.F.);
#4112=ORIENTED_EDGE('',*,*,#3139,.F.);
#4113=ORIENTED_EDGE('',*,*,#3134,.T.);
#4114=ORIENTED_EDGE('',*,*,#3136,.F.);
#4115=ORIENTED_EDGE('',*,*,#3140,.F.);
#4116=ORIENTED_EDGE('',*,*,#3141,.F.);
#4117=ORIENTED_EDGE('',*,*,#3142,.F.);
#4118=ORIENTED_EDGE('',*,*,#3143,.T.);
#4119=ORIENTED_EDGE('',*,*,#3144,.T.);
#4120=ORIENTED_EDGE('',*,*,#3141,.T.);
#4121=ORIENTED_EDGE('',*,*,#3145,.F.);
#4122=ORIENTED_EDGE('',*,*,#3146,.F.);
#4123=ORIENTED_EDGE('',*,*,#3147,.F.);
#4124=ORIENTED_EDGE('',*,*,#3142,.T.);
#4125=ORIENTED_EDGE('',*,*,#3144,.F.);
#4126=ORIENTED_EDGE('',*,*,#3148,.F.);
#4127=ORIENTED_EDGE('',*,*,#3149,.F.);
#4128=ORIENTED_EDGE('',*,*,#3150,.F.);
#4129=ORIENTED_EDGE('',*,*,#3151,.F.);
#4130=ORIENTED_EDGE('',*,*,#3152,.T.);
#4131=ORIENTED_EDGE('',*,*,#3153,.T.);
#4132=ORIENTED_EDGE('',*,*,#3149,.T.);
#4133=ORIENTED_EDGE('',*,*,#3154,.F.);
#4134=ORIENTED_EDGE('',*,*,#3155,.F.);
#4135=ORIENTED_EDGE('',*,*,#3156,.F.);
#4136=ORIENTED_EDGE('',*,*,#3150,.T.);
#4137=ORIENTED_EDGE('',*,*,#3153,.F.);
#4138=ORIENTED_EDGE('',*,*,#3157,.F.);
#4139=ORIENTED_EDGE('',*,*,#3158,.F.);
#4140=ORIENTED_EDGE('',*,*,#3159,.T.);
#4141=ORIENTED_EDGE('',*,*,#3160,.T.);
#4142=ORIENTED_EDGE('',*,*,#3161,.F.);
#4143=ORIENTED_EDGE('',*,*,#3162,.F.);
#4144=ORIENTED_EDGE('',*,*,#3158,.T.);
#4145=ORIENTED_EDGE('',*,*,#3163,.F.);
#4146=ORIENTED_EDGE('',*,*,#3164,.F.);
#4147=ORIENTED_EDGE('',*,*,#3160,.F.);
#4148=ORIENTED_EDGE('',*,*,#3121,.T.);
#4149=ORIENTED_EDGE('',*,*,#3116,.T.);
#4150=ORIENTED_EDGE('',*,*,#3123,.T.);
#4151=ORIENTED_EDGE('',*,*,#3165,.T.);
#4152=ORIENTED_EDGE('',*,*,#3166,.T.);
#4153=ORIENTED_EDGE('',*,*,#3167,.T.);
#4154=ORIENTED_EDGE('',*,*,#3168,.T.);
#4155=ORIENTED_EDGE('',*,*,#3169,.T.);
#4156=ORIENTED_EDGE('',*,*,#3170,.T.);
#4157=ORIENTED_EDGE('',*,*,#2983,.F.);
#4158=ORIENTED_EDGE('',*,*,#3171,.F.);
#4159=ORIENTED_EDGE('',*,*,#3172,.T.);
#4160=ORIENTED_EDGE('',*,*,#3173,.T.);
#4161=ORIENTED_EDGE('',*,*,#3174,.T.);
#4162=ORIENTED_EDGE('',*,*,#3137,.T.);
#4163=ORIENTED_EDGE('',*,*,#3132,.T.);
#4164=ORIENTED_EDGE('',*,*,#3139,.T.);
#4165=ORIENTED_EDGE('',*,*,#3175,.T.);
#4166=ORIENTED_EDGE('',*,*,#3176,.T.);
#4167=ORIENTED_EDGE('',*,*,#3177,.T.);
#4168=ORIENTED_EDGE('',*,*,#3178,.T.);
#4169=ORIENTED_EDGE('',*,*,#3179,.T.);
#4170=ORIENTED_EDGE('',*,*,#3129,.T.);
#4171=ORIENTED_EDGE('',*,*,#3124,.T.);
#4172=ORIENTED_EDGE('',*,*,#3131,.T.);
#4173=ORIENTED_EDGE('',*,*,#3180,.T.);
#4174=ORIENTED_EDGE('',*,*,#3181,.T.);
#4175=ORIENTED_EDGE('',*,*,#3182,.T.);
#4176=ORIENTED_EDGE('',*,*,#3183,.T.);
#4177=ORIENTED_EDGE('',*,*,#3184,.T.);
#4178=ORIENTED_EDGE('',*,*,#3145,.T.);
#4179=ORIENTED_EDGE('',*,*,#3140,.T.);
#4180=ORIENTED_EDGE('',*,*,#3147,.T.);
#4181=ORIENTED_EDGE('',*,*,#3185,.T.);
#4182=ORIENTED_EDGE('',*,*,#3186,.T.);
#4183=ORIENTED_EDGE('',*,*,#3187,.T.);
#4184=ORIENTED_EDGE('',*,*,#3188,.T.);
#4185=ORIENTED_EDGE('',*,*,#3189,.T.);
#4186=ORIENTED_EDGE('',*,*,#3154,.T.);
#4187=ORIENTED_EDGE('',*,*,#3148,.T.);
#4188=ORIENTED_EDGE('',*,*,#3190,.T.);
#4189=ORIENTED_EDGE('',*,*,#2981,.F.);
#4190=ORIENTED_EDGE('',*,*,#3191,.F.);
#4191=ORIENTED_EDGE('',*,*,#3192,.T.);
#4192=ORIENTED_EDGE('',*,*,#3151,.T.);
#4193=ORIENTED_EDGE('',*,*,#3156,.T.);
#4194=ORIENTED_EDGE('',*,*,#3193,.T.);
#4195=ORIENTED_EDGE('',*,*,#3194,.F.);
#4196=ORIENTED_EDGE('',*,*,#2985,.F.);
#4197=ORIENTED_EDGE('',*,*,#3190,.F.);
#4198=ORIENTED_EDGE('',*,*,#3163,.T.);
#4199=ORIENTED_EDGE('',*,*,#3157,.T.);
#4200=ORIENTED_EDGE('',*,*,#3162,.T.);
#4201=ORIENTED_EDGE('',*,*,#3195,.F.);
#4202=ORIENTED_EDGE('',*,*,#3196,.F.);
#4203=ORIENTED_EDGE('',*,*,#3197,.T.);
#4204=ORIENTED_EDGE('',*,*,#2929,.F.);
#4205=ORIENTED_EDGE('',*,*,#2927,.T.);
#4206=ORIENTED_EDGE('',*,*,#2911,.F.);
#4207=ORIENTED_EDGE('',*,*,#3198,.F.);
#4208=ORIENTED_EDGE('',*,*,#3199,.F.);
#4209=ORIENTED_EDGE('',*,*,#3200,.F.);
#4210=ORIENTED_EDGE('',*,*,#3201,.F.);
#4211=ORIENTED_EDGE('',*,*,#3202,.F.);
#4212=ORIENTED_EDGE('',*,*,#3203,.T.);
#4213=ORIENTED_EDGE('',*,*,#3204,.T.);
#4214=ORIENTED_EDGE('',*,*,#3203,.F.);
#4215=ORIENTED_EDGE('',*,*,#3204,.F.);
#4216=ORIENTED_EDGE('',*,*,#3089,.F.);
#4217=ORIENTED_EDGE('',*,*,#3205,.F.);
#4218=ORIENTED_EDGE('',*,*,#3206,.T.);
#4219=ORIENTED_EDGE('',*,*,#3207,.T.);
#4220=ORIENTED_EDGE('',*,*,#3206,.F.);
#4221=ORIENTED_EDGE('',*,*,#3207,.F.);
#4222=ORIENTED_EDGE('',*,*,#3092,.F.);
#4223=ORIENTED_EDGE('',*,*,#3208,.F.);
#4224=ORIENTED_EDGE('',*,*,#3209,.T.);
#4225=ORIENTED_EDGE('',*,*,#3210,.T.);
#4226=ORIENTED_EDGE('',*,*,#3209,.F.);
#4227=ORIENTED_EDGE('',*,*,#3210,.F.);
#4228=ORIENTED_EDGE('',*,*,#3119,.F.);
#4229=ORIENTED_EDGE('',*,*,#3211,.F.);
#4230=ORIENTED_EDGE('',*,*,#3212,.T.);
#4231=ORIENTED_EDGE('',*,*,#3213,.T.);
#4232=ORIENTED_EDGE('',*,*,#3212,.F.);
#4233=ORIENTED_EDGE('',*,*,#3213,.F.);
#4234=ORIENTED_EDGE('',*,*,#3127,.F.);
#4235=ORIENTED_EDGE('',*,*,#3214,.F.);
#4236=ORIENTED_EDGE('',*,*,#3215,.T.);
#4237=ORIENTED_EDGE('',*,*,#3216,.T.);
#4238=ORIENTED_EDGE('',*,*,#3215,.F.);
#4239=ORIENTED_EDGE('',*,*,#3216,.F.);
#4240=ORIENTED_EDGE('',*,*,#3135,.F.);
#4241=ORIENTED_EDGE('',*,*,#3217,.F.);
#4242=ORIENTED_EDGE('',*,*,#3218,.T.);
#4243=ORIENTED_EDGE('',*,*,#3219,.T.);
#4244=ORIENTED_EDGE('',*,*,#3218,.F.);
#4245=ORIENTED_EDGE('',*,*,#3219,.F.);
#4246=ORIENTED_EDGE('',*,*,#3095,.F.);
#4247=ORIENTED_EDGE('',*,*,#3220,.F.);
#4248=ORIENTED_EDGE('',*,*,#3221,.T.);
#4249=ORIENTED_EDGE('',*,*,#3222,.T.);
#4250=ORIENTED_EDGE('',*,*,#3221,.F.);
#4251=ORIENTED_EDGE('',*,*,#3222,.F.);
#4252=ORIENTED_EDGE('',*,*,#3098,.F.);
#4253=ORIENTED_EDGE('',*,*,#3223,.F.);
#4254=ORIENTED_EDGE('',*,*,#3224,.T.);
#4255=ORIENTED_EDGE('',*,*,#3225,.T.);
#4256=ORIENTED_EDGE('',*,*,#3224,.F.);
#4257=ORIENTED_EDGE('',*,*,#3225,.F.);
#4258=ORIENTED_EDGE('',*,*,#3101,.F.);
#4259=ORIENTED_EDGE('',*,*,#3226,.F.);
#4260=ORIENTED_EDGE('',*,*,#3227,.T.);
#4261=ORIENTED_EDGE('',*,*,#3228,.T.);
#4262=ORIENTED_EDGE('',*,*,#3227,.F.);
#4263=ORIENTED_EDGE('',*,*,#3228,.F.);
#4264=ORIENTED_EDGE('',*,*,#3104,.F.);
#4265=ORIENTED_EDGE('',*,*,#3229,.F.);
#4266=ORIENTED_EDGE('',*,*,#3230,.T.);
#4267=ORIENTED_EDGE('',*,*,#3231,.T.);
#4268=ORIENTED_EDGE('',*,*,#3230,.F.);
#4269=ORIENTED_EDGE('',*,*,#3231,.F.);
#4270=ORIENTED_EDGE('',*,*,#3107,.F.);
#4271=ORIENTED_EDGE('',*,*,#3232,.F.);
#4272=ORIENTED_EDGE('',*,*,#3233,.T.);
#4273=ORIENTED_EDGE('',*,*,#3234,.T.);
#4274=ORIENTED_EDGE('',*,*,#3233,.F.);
#4275=ORIENTED_EDGE('',*,*,#3234,.F.);
#4276=ORIENTED_EDGE('',*,*,#3143,.F.);
#4277=ORIENTED_EDGE('',*,*,#3235,.F.);
#4278=ORIENTED_EDGE('',*,*,#3236,.T.);
#4279=ORIENTED_EDGE('',*,*,#3237,.T.);
#4280=ORIENTED_EDGE('',*,*,#3236,.F.);
#4281=ORIENTED_EDGE('',*,*,#3237,.F.);
#4282=ORIENTED_EDGE('',*,*,#3152,.F.);
#4283=ORIENTED_EDGE('',*,*,#3238,.F.);
#4284=ORIENTED_EDGE('',*,*,#3239,.T.);
#4285=ORIENTED_EDGE('',*,*,#3240,.T.);
#4286=ORIENTED_EDGE('',*,*,#3239,.F.);
#4287=ORIENTED_EDGE('',*,*,#3240,.F.);
#4288=ORIENTED_EDGE('',*,*,#3110,.F.);
#4289=ORIENTED_EDGE('',*,*,#3241,.F.);
#4290=ORIENTED_EDGE('',*,*,#3242,.T.);
#4291=ORIENTED_EDGE('',*,*,#3243,.T.);
#4292=ORIENTED_EDGE('',*,*,#3242,.F.);
#4293=ORIENTED_EDGE('',*,*,#3243,.F.);
#4294=ORIENTED_EDGE('',*,*,#3113,.F.);
#4295=ORIENTED_EDGE('',*,*,#3244,.F.);
#4296=ORIENTED_EDGE('',*,*,#3245,.T.);
#4297=ORIENTED_EDGE('',*,*,#3246,.T.);
#4298=ORIENTED_EDGE('',*,*,#3245,.F.);
#4299=ORIENTED_EDGE('',*,*,#3246,.F.);
#4300=ORIENTED_EDGE('',*,*,#3159,.F.);
#4301=ORIENTED_EDGE('',*,*,#3247,.F.);
#4302=ORIENTED_EDGE('',*,*,#3248,.F.);
#4303=ORIENTED_EDGE('',*,*,#3249,.F.);
#4304=ORIENTED_EDGE('',*,*,#3250,.F.);
#4305=ORIENTED_EDGE('',*,*,#3251,.F.);
#4306=ORIENTED_EDGE('',*,*,#3252,.F.);
#4307=ORIENTED_EDGE('',*,*,#3253,.F.);
#4308=ORIENTED_EDGE('',*,*,#3254,.F.);
#4309=ORIENTED_EDGE('',*,*,#3255,.T.);
#4310=ORIENTED_EDGE('',*,*,#3256,.F.);
#4311=ORIENTED_EDGE('',*,*,#3257,.F.);
#4312=ORIENTED_EDGE('',*,*,#3258,.F.);
#4313=ORIENTED_EDGE('',*,*,#2979,.F.);
#4314=ORIENTED_EDGE('',*,*,#3259,.F.);
#4315=ORIENTED_EDGE('',*,*,#3260,.T.);
#4316=ORIENTED_EDGE('',*,*,#3261,.T.);
#4317=ORIENTED_EDGE('',*,*,#3262,.T.);
#4318=ORIENTED_EDGE('',*,*,#3263,.T.);
#4319=ORIENTED_EDGE('',*,*,#3264,.T.);
#4320=ORIENTED_EDGE('',*,*,#3265,.T.);
#4321=ORIENTED_EDGE('',*,*,#3266,.T.);
#4322=ORIENTED_EDGE('',*,*,#3248,.T.);
#4323=ORIENTED_EDGE('',*,*,#3267,.T.);
#4324=ORIENTED_EDGE('',*,*,#3268,.T.);
#4325=ORIENTED_EDGE('',*,*,#3269,.F.);
#4326=ORIENTED_EDGE('',*,*,#3270,.F.);
#4327=ORIENTED_EDGE('',*,*,#2988,.F.);
#4328=ORIENTED_EDGE('',*,*,#3271,.T.);
#4329=ORIENTED_EDGE('',*,*,#3272,.T.);
#4330=ORIENTED_EDGE('',*,*,#3273,.F.);
#4331=ORIENTED_EDGE('',*,*,#3274,.F.);
#4332=ORIENTED_EDGE('',*,*,#3275,.T.);
#4333=ORIENTED_EDGE('',*,*,#3276,.T.);
#4334=ORIENTED_EDGE('',*,*,#3277,.F.);
#4335=ORIENTED_EDGE('',*,*,#3278,.F.);
#4336=ORIENTED_EDGE('',*,*,#3279,.T.);
#4337=ORIENTED_EDGE('',*,*,#3278,.T.);
#4338=ORIENTED_EDGE('',*,*,#3280,.F.);
#4339=ORIENTED_EDGE('',*,*,#3168,.F.);
#4340=ORIENTED_EDGE('',*,*,#3281,.T.);
#4341=ORIENTED_EDGE('',*,*,#3258,.T.);
#4342=ORIENTED_EDGE('',*,*,#3282,.F.);
#4343=ORIENTED_EDGE('',*,*,#3173,.F.);
#4344=ORIENTED_EDGE('',*,*,#3283,.T.);
#4345=ORIENTED_EDGE('',*,*,#3176,.F.);
#4346=ORIENTED_EDGE('',*,*,#3284,.F.);
#4347=ORIENTED_EDGE('',*,*,#3285,.F.);
#4348=ORIENTED_EDGE('',*,*,#3286,.T.);
#4349=ORIENTED_EDGE('',*,*,#3287,.T.);
#4350=ORIENTED_EDGE('',*,*,#3288,.F.);
#4351=ORIENTED_EDGE('',*,*,#3178,.F.);
#4352=ORIENTED_EDGE('',*,*,#3289,.T.);
#4353=ORIENTED_EDGE('',*,*,#3166,.F.);
#4354=ORIENTED_EDGE('',*,*,#3290,.F.);
#4355=ORIENTED_EDGE('',*,*,#3276,.F.);
#4356=ORIENTED_EDGE('',*,*,#3122,.T.);
#4357=ORIENTED_EDGE('',*,*,#3179,.F.);
#4358=ORIENTED_EDGE('',*,*,#3288,.T.);
#4359=ORIENTED_EDGE('',*,*,#3291,.T.);
#4360=ORIENTED_EDGE('',*,*,#3284,.T.);
#4361=ORIENTED_EDGE('',*,*,#3175,.F.);
#4362=ORIENTED_EDGE('',*,*,#3138,.T.);
#4363=ORIENTED_EDGE('',*,*,#3174,.F.);
#4364=ORIENTED_EDGE('',*,*,#3282,.T.);
#4365=ORIENTED_EDGE('',*,*,#3257,.T.);
#4366=ORIENTED_EDGE('',*,*,#3292,.F.);
#4367=ORIENTED_EDGE('',*,*,#3293,.F.);
#4368=ORIENTED_EDGE('',*,*,#3294,.F.);
#4369=ORIENTED_EDGE('',*,*,#3169,.F.);
#4370=ORIENTED_EDGE('',*,*,#3280,.T.);
#4371=ORIENTED_EDGE('',*,*,#3277,.T.);
#4372=ORIENTED_EDGE('',*,*,#3290,.T.);
#4373=ORIENTED_EDGE('',*,*,#3165,.F.);
#4374=ORIENTED_EDGE('',*,*,#3294,.T.);
#4375=ORIENTED_EDGE('',*,*,#3295,.F.);
#4376=ORIENTED_EDGE('',*,*,#2991,.F.);
#4377=ORIENTED_EDGE('',*,*,#3170,.F.);
#4378=ORIENTED_EDGE('',*,*,#2902,.F.);
#4379=ORIENTED_EDGE('',*,*,#2939,.F.);
#4380=ORIENTED_EDGE('',*,*,#2977,.F.);
#4381=ORIENTED_EDGE('',*,*,#2992,.T.);
#4382=ORIENTED_EDGE('',*,*,#3295,.T.);
#4383=ORIENTED_EDGE('',*,*,#3293,.T.);
#4384=ORIENTED_EDGE('',*,*,#3296,.T.);
#4385=ORIENTED_EDGE('',*,*,#2986,.T.);
#4386=ORIENTED_EDGE('',*,*,#3194,.T.);
#4387=ORIENTED_EDGE('',*,*,#3297,.T.);
#4388=ORIENTED_EDGE('',*,*,#3298,.T.);
#4389=ORIENTED_EDGE('',*,*,#2989,.T.);
#4390=ORIENTED_EDGE('',*,*,#3270,.T.);
#4391=ORIENTED_EDGE('',*,*,#3299,.T.);
#4392=ORIENTED_EDGE('',*,*,#3300,.T.);
#4393=ORIENTED_EDGE('',*,*,#3301,.T.);
#4394=ORIENTED_EDGE('',*,*,#3302,.T.);
#4395=ORIENTED_EDGE('',*,*,#3303,.T.);
#4396=ORIENTED_EDGE('',*,*,#3304,.T.);
#4397=ORIENTED_EDGE('',*,*,#3305,.T.);
#4398=ORIENTED_EDGE('',*,*,#3306,.T.);
#4399=ORIENTED_EDGE('',*,*,#3307,.T.);
#4400=ORIENTED_EDGE('',*,*,#2913,.F.);
#4401=ORIENTED_EDGE('',*,*,#3292,.T.);
#4402=ORIENTED_EDGE('',*,*,#3256,.T.);
#4403=ORIENTED_EDGE('',*,*,#3308,.T.);
#4404=ORIENTED_EDGE('',*,*,#3171,.T.);
#4405=ORIENTED_EDGE('',*,*,#2987,.F.);
#4406=ORIENTED_EDGE('',*,*,#3296,.F.);
#4407=ORIENTED_EDGE('',*,*,#3309,.T.);
#4408=ORIENTED_EDGE('',*,*,#3274,.T.);
#4409=ORIENTED_EDGE('',*,*,#3310,.F.);
#4410=ORIENTED_EDGE('',*,*,#3188,.F.);
#4411=ORIENTED_EDGE('',*,*,#3311,.T.);
#4412=ORIENTED_EDGE('',*,*,#3181,.F.);
#4413=ORIENTED_EDGE('',*,*,#3312,.F.);
#4414=ORIENTED_EDGE('',*,*,#3313,.F.);
#4415=ORIENTED_EDGE('',*,*,#3314,.T.);
#4416=ORIENTED_EDGE('',*,*,#3315,.T.);
#4417=ORIENTED_EDGE('',*,*,#3316,.F.);
#4418=ORIENTED_EDGE('',*,*,#3183,.F.);
#4419=ORIENTED_EDGE('',*,*,#3317,.T.);
#4420=ORIENTED_EDGE('',*,*,#3186,.F.);
#4421=ORIENTED_EDGE('',*,*,#3318,.F.);
#4422=ORIENTED_EDGE('',*,*,#3272,.F.);
#4423=ORIENTED_EDGE('',*,*,#3130,.T.);
#4424=ORIENTED_EDGE('',*,*,#3192,.F.);
#4425=ORIENTED_EDGE('',*,*,#3319,.F.);
#4426=ORIENTED_EDGE('',*,*,#3297,.F.);
#4427=ORIENTED_EDGE('',*,*,#3193,.F.);
#4428=ORIENTED_EDGE('',*,*,#3155,.T.);
#4429=ORIENTED_EDGE('',*,*,#3189,.F.);
#4430=ORIENTED_EDGE('',*,*,#3310,.T.);
#4431=ORIENTED_EDGE('',*,*,#3273,.T.);
#4432=ORIENTED_EDGE('',*,*,#3318,.T.);
#4433=ORIENTED_EDGE('',*,*,#3185,.F.);
#4434=ORIENTED_EDGE('',*,*,#3146,.T.);
#4435=ORIENTED_EDGE('',*,*,#3184,.F.);
#4436=ORIENTED_EDGE('',*,*,#3316,.T.);
#4437=ORIENTED_EDGE('',*,*,#3320,.T.);
#4438=ORIENTED_EDGE('',*,*,#3312,.T.);
#4439=ORIENTED_EDGE('',*,*,#3180,.F.);
#4440=ORIENTED_EDGE('',*,*,#3319,.T.);
#4441=ORIENTED_EDGE('',*,*,#3191,.T.);
#4442=ORIENTED_EDGE('',*,*,#2990,.F.);
#4443=ORIENTED_EDGE('',*,*,#3298,.F.);
#4444=ORIENTED_EDGE('',*,*,#3321,.T.);
#4445=ORIENTED_EDGE('',*,*,#3322,.T.);
#4446=ORIENTED_EDGE('',*,*,#3252,.T.);
#4447=ORIENTED_EDGE('',*,*,#3322,.F.);
#4448=ORIENTED_EDGE('',*,*,#3317,.F.);
#4449=ORIENTED_EDGE('',*,*,#3271,.F.);
#4450=ORIENTED_EDGE('',*,*,#3309,.F.);
#4451=ORIENTED_EDGE('',*,*,#3187,.F.);
#4452=ORIENTED_EDGE('',*,*,#3323,.T.);
#4453=ORIENTED_EDGE('',*,*,#3324,.T.);
#4454=ORIENTED_EDGE('',*,*,#3254,.T.);
#4455=ORIENTED_EDGE('',*,*,#3324,.F.);
#4456=ORIENTED_EDGE('',*,*,#3289,.F.);
#4457=ORIENTED_EDGE('',*,*,#3275,.F.);
#4458=ORIENTED_EDGE('',*,*,#3279,.F.);
#4459=ORIENTED_EDGE('',*,*,#3167,.F.);
#4460=ORIENTED_EDGE('',*,*,#3325,.T.);
#4461=ORIENTED_EDGE('',*,*,#3326,.T.);
#4462=ORIENTED_EDGE('',*,*,#3253,.T.);
#4463=ORIENTED_EDGE('',*,*,#3326,.F.);
#4464=ORIENTED_EDGE('',*,*,#3311,.F.);
#4465=ORIENTED_EDGE('',*,*,#3327,.F.);
#4466=ORIENTED_EDGE('',*,*,#3314,.F.);
#4467=ORIENTED_EDGE('',*,*,#3182,.F.);
#4468=ORIENTED_EDGE('',*,*,#3327,.T.);
#4469=ORIENTED_EDGE('',*,*,#3313,.T.);
#4470=ORIENTED_EDGE('',*,*,#3320,.F.);
#4471=ORIENTED_EDGE('',*,*,#3315,.F.);
#4472=ORIENTED_EDGE('',*,*,#3328,.T.);
#4473=ORIENTED_EDGE('',*,*,#3329,.T.);
#4474=ORIENTED_EDGE('',*,*,#3247,.T.);
#4475=ORIENTED_EDGE('',*,*,#3329,.F.);
#4476=ORIENTED_EDGE('',*,*,#3308,.F.);
#4477=ORIENTED_EDGE('',*,*,#3255,.F.);
#4478=ORIENTED_EDGE('',*,*,#3281,.F.);
#4479=ORIENTED_EDGE('',*,*,#3172,.F.);
#4480=ORIENTED_EDGE('',*,*,#3330,.T.);
#4481=ORIENTED_EDGE('',*,*,#3331,.T.);
#4482=ORIENTED_EDGE('',*,*,#3251,.T.);
#4483=ORIENTED_EDGE('',*,*,#3331,.F.);
#4484=ORIENTED_EDGE('',*,*,#3283,.F.);
#4485=ORIENTED_EDGE('',*,*,#3332,.F.);
#4486=ORIENTED_EDGE('',*,*,#3286,.F.);
#4487=ORIENTED_EDGE('',*,*,#3177,.F.);
#4488=ORIENTED_EDGE('',*,*,#3332,.T.);
#4489=ORIENTED_EDGE('',*,*,#3285,.T.);
#4490=ORIENTED_EDGE('',*,*,#3291,.F.);
#4491=ORIENTED_EDGE('',*,*,#3287,.F.);
#4492=ORIENTED_EDGE('',*,*,#3333,.T.);
#4493=ORIENTED_EDGE('',*,*,#3334,.T.);
#4494=ORIENTED_EDGE('',*,*,#3249,.T.);
#4495=ORIENTED_EDGE('',*,*,#3266,.F.);
#4496=ORIENTED_EDGE('',*,*,#3335,.F.);
#4497=ORIENTED_EDGE('',*,*,#3267,.F.);
#4498=ORIENTED_EDGE('',*,*,#3250,.T.);
#4499=ORIENTED_EDGE('',*,*,#3334,.F.);
#4500=ORIENTED_EDGE('',*,*,#3335,.T.);
#4501=ORIENTED_EDGE('',*,*,#3265,.F.);
#4502=ORIENTED_EDGE('',*,*,#3336,.F.);
#4503=ORIENTED_EDGE('',*,*,#3337,.F.);
#4504=ORIENTED_EDGE('',*,*,#3338,.F.);
#4505=ORIENTED_EDGE('',*,*,#3339,.F.);
#4506=ORIENTED_EDGE('',*,*,#3340,.F.);
#4507=ORIENTED_EDGE('',*,*,#3341,.F.);
#4508=ORIENTED_EDGE('',*,*,#3342,.T.);
#4509=ORIENTED_EDGE('',*,*,#3343,.T.);
#4510=ORIENTED_EDGE('',*,*,#3268,.F.);
#4511=ORIENTED_EDGE('',*,*,#3344,.F.);
#4512=ORIENTED_EDGE('',*,*,#3345,.T.);
#4513=ORIENTED_EDGE('',*,*,#3346,.T.);
#4514=ORIENTED_EDGE('',*,*,#3345,.F.);
#4515=ORIENTED_EDGE('',*,*,#3346,.F.);
#4516=ORIENTED_EDGE('',*,*,#3321,.F.);
#4517=ORIENTED_EDGE('',*,*,#3347,.F.);
#4518=ORIENTED_EDGE('',*,*,#3348,.T.);
#4519=ORIENTED_EDGE('',*,*,#3349,.T.);
#4520=ORIENTED_EDGE('',*,*,#3348,.F.);
#4521=ORIENTED_EDGE('',*,*,#3349,.F.);
#4522=ORIENTED_EDGE('',*,*,#3323,.F.);
#4523=ORIENTED_EDGE('',*,*,#3350,.F.);
#4524=ORIENTED_EDGE('',*,*,#3351,.T.);
#4525=ORIENTED_EDGE('',*,*,#3352,.T.);
#4526=ORIENTED_EDGE('',*,*,#3351,.F.);
#4527=ORIENTED_EDGE('',*,*,#3352,.F.);
#4528=ORIENTED_EDGE('',*,*,#3325,.F.);
#4529=ORIENTED_EDGE('',*,*,#3353,.F.);
#4530=ORIENTED_EDGE('',*,*,#3354,.T.);
#4531=ORIENTED_EDGE('',*,*,#3355,.T.);
#4532=ORIENTED_EDGE('',*,*,#3354,.F.);
#4533=ORIENTED_EDGE('',*,*,#3355,.F.);
#4534=ORIENTED_EDGE('',*,*,#3328,.F.);
#4535=ORIENTED_EDGE('',*,*,#3356,.F.);
#4536=ORIENTED_EDGE('',*,*,#3357,.T.);
#4537=ORIENTED_EDGE('',*,*,#3358,.T.);
#4538=ORIENTED_EDGE('',*,*,#3357,.F.);
#4539=ORIENTED_EDGE('',*,*,#3358,.F.);
#4540=ORIENTED_EDGE('',*,*,#3330,.F.);
#4541=ORIENTED_EDGE('',*,*,#3359,.F.);
#4542=ORIENTED_EDGE('',*,*,#3360,.T.);
#4543=ORIENTED_EDGE('',*,*,#3361,.T.);
#4544=ORIENTED_EDGE('',*,*,#3360,.F.);
#4545=ORIENTED_EDGE('',*,*,#3361,.F.);
#4546=ORIENTED_EDGE('',*,*,#3333,.F.);
#4547=ORIENTED_EDGE('',*,*,#3362,.T.);
#4548=ORIENTED_EDGE('',*,*,#3363,.F.);
#4549=ORIENTED_EDGE('',*,*,#3364,.F.);
#4550=ORIENTED_EDGE('',*,*,#3365,.F.);
#4551=ORIENTED_EDGE('',*,*,#3366,.F.);
#4552=ORIENTED_EDGE('',*,*,#3343,.F.);
#4553=ORIENTED_EDGE('',*,*,#3367,.F.);
#4554=ORIENTED_EDGE('',*,*,#3368,.F.);
#4555=ORIENTED_EDGE('',*,*,#3369,.F.);
#4556=ORIENTED_EDGE('',*,*,#3370,.F.);
#4557=ORIENTED_EDGE('',*,*,#3371,.T.);
#4558=ORIENTED_EDGE('',*,*,#2916,.T.);
#4559=ORIENTED_EDGE('',*,*,#3372,.F.);
#4560=ORIENTED_EDGE('',*,*,#3373,.T.);
#4561=ORIENTED_EDGE('',*,*,#3307,.F.);
#4562=ORIENTED_EDGE('',*,*,#3374,.T.);
#4563=ORIENTED_EDGE('',*,*,#3375,.F.);
#4564=ORIENTED_EDGE('',*,*,#2914,.T.);
#4565=ORIENTED_EDGE('',*,*,#3376,.F.);
#4566=ORIENTED_EDGE('',*,*,#3377,.T.);
#4567=ORIENTED_EDGE('',*,*,#3378,.F.);
#4568=ORIENTED_EDGE('',*,*,#3379,.T.);
#4569=ORIENTED_EDGE('',*,*,#3380,.F.);
#4570=ORIENTED_EDGE('',*,*,#3381,.T.);
#4571=ORIENTED_EDGE('',*,*,#3382,.F.);
#4572=ORIENTED_EDGE('',*,*,#3383,.F.);
#4573=ORIENTED_EDGE('',*,*,#3384,.F.);
#4574=ORIENTED_EDGE('',*,*,#3385,.F.);
#4575=ORIENTED_EDGE('',*,*,#3386,.F.);
#4576=ORIENTED_EDGE('',*,*,#3387,.F.);
#4577=ORIENTED_EDGE('',*,*,#3388,.F.);
#4578=ORIENTED_EDGE('',*,*,#3389,.T.);
#4579=ORIENTED_EDGE('',*,*,#3382,.T.);
#4580=ORIENTED_EDGE('',*,*,#3390,.T.);
#4581=ORIENTED_EDGE('',*,*,#3363,.T.);
#4582=ORIENTED_EDGE('',*,*,#3391,.F.);
#4583=ORIENTED_EDGE('',*,*,#3390,.F.);
#4584=ORIENTED_EDGE('',*,*,#3387,.T.);
#4585=ORIENTED_EDGE('',*,*,#3392,.F.);
#4586=ORIENTED_EDGE('',*,*,#3393,.F.);
#4587=ORIENTED_EDGE('',*,*,#3386,.T.);
#4588=ORIENTED_EDGE('',*,*,#3394,.T.);
#4589=ORIENTED_EDGE('',*,*,#3395,.T.);
#4590=ORIENTED_EDGE('',*,*,#3392,.T.);
#4591=ORIENTED_EDGE('',*,*,#3385,.T.);
#4592=ORIENTED_EDGE('',*,*,#3396,.F.);
#4593=ORIENTED_EDGE('',*,*,#3397,.F.);
#4594=ORIENTED_EDGE('',*,*,#3394,.F.);
#4595=ORIENTED_EDGE('',*,*,#3384,.T.);
#4596=ORIENTED_EDGE('',*,*,#3398,.T.);
#4597=ORIENTED_EDGE('',*,*,#3399,.T.);
#4598=ORIENTED_EDGE('',*,*,#3396,.T.);
#4599=ORIENTED_EDGE('',*,*,#3400,.F.);
#4600=ORIENTED_EDGE('',*,*,#3401,.T.);
#4601=ORIENTED_EDGE('',*,*,#3402,.F.);
#4602=ORIENTED_EDGE('',*,*,#3398,.F.);
#4603=ORIENTED_EDGE('',*,*,#3383,.T.);
#4604=ORIENTED_EDGE('',*,*,#3389,.F.);
#4605=ORIENTED_EDGE('',*,*,#3378,.T.);
#4606=ORIENTED_EDGE('',*,*,#3403,.T.);
#4607=ORIENTED_EDGE('',*,*,#3404,.T.);
#4608=ORIENTED_EDGE('',*,*,#3405,.T.);
#4609=ORIENTED_EDGE('',*,*,#3380,.T.);
#4610=ORIENTED_EDGE('',*,*,#3406,.T.);
#4611=ORIENTED_EDGE('',*,*,#3407,.T.);
#4612=ORIENTED_EDGE('',*,*,#3408,.T.);
#4613=ORIENTED_EDGE('',*,*,#3379,.F.);
#4614=ORIENTED_EDGE('',*,*,#3405,.F.);
#4615=ORIENTED_EDGE('',*,*,#3409,.T.);
#4616=ORIENTED_EDGE('',*,*,#3406,.F.);
#4617=ORIENTED_EDGE('',*,*,#3410,.F.);
#4618=ORIENTED_EDGE('',*,*,#3411,.T.);
#4619=ORIENTED_EDGE('',*,*,#3412,.T.);
#4620=ORIENTED_EDGE('',*,*,#3411,.F.);
#4621=ORIENTED_EDGE('',*,*,#3412,.F.);
#4622=ORIENTED_EDGE('',*,*,#3413,.T.);
#4623=ORIENTED_EDGE('',*,*,#3413,.F.);
#4624=ORIENTED_EDGE('',*,*,#3414,.T.);
#4625=ORIENTED_EDGE('',*,*,#3415,.T.);
#4626=ORIENTED_EDGE('',*,*,#3414,.F.);
#4627=ORIENTED_EDGE('',*,*,#3416,.T.);
#4628=ORIENTED_EDGE('',*,*,#3415,.F.);
#4629=ORIENTED_EDGE('',*,*,#3416,.F.);
#4630=ORIENTED_EDGE('',*,*,#3417,.T.);
#4631=ORIENTED_EDGE('',*,*,#3418,.T.);
#4632=ORIENTED_EDGE('',*,*,#3417,.F.);
#4633=ORIENTED_EDGE('',*,*,#3260,.F.);
#4634=ORIENTED_EDGE('',*,*,#3419,.T.);
#4635=ORIENTED_EDGE('',*,*,#3420,.T.);
#4636=ORIENTED_EDGE('',*,*,#3421,.T.);
#4637=ORIENTED_EDGE('',*,*,#3370,.T.);
#4638=ORIENTED_EDGE('',*,*,#3422,.T.);
#4639=ORIENTED_EDGE('',*,*,#3423,.F.);
#4640=ORIENTED_EDGE('',*,*,#3424,.T.);
#4641=ORIENTED_EDGE('',*,*,#3425,.F.);
#4642=ORIENTED_EDGE('',*,*,#3426,.T.);
#4643=ORIENTED_EDGE('',*,*,#3427,.T.);
#4644=ORIENTED_EDGE('',*,*,#3426,.F.);
#4645=ORIENTED_EDGE('',*,*,#3428,.F.);
#4646=ORIENTED_EDGE('',*,*,#3429,.T.);
#4647=ORIENTED_EDGE('',*,*,#3430,.T.);
#4648=ORIENTED_EDGE('',*,*,#3429,.F.);
#4649=ORIENTED_EDGE('',*,*,#3431,.F.);
#4650=ORIENTED_EDGE('',*,*,#3432,.T.);
#4651=ORIENTED_EDGE('',*,*,#3433,.F.);
#4652=ORIENTED_EDGE('',*,*,#3434,.T.);
#4653=ORIENTED_EDGE('',*,*,#3435,.T.);
#4654=ORIENTED_EDGE('',*,*,#3427,.F.);
#4655=ORIENTED_EDGE('',*,*,#3436,.T.);
#4656=ORIENTED_EDGE('',*,*,#3430,.F.);
#4657=ORIENTED_EDGE('',*,*,#3434,.F.);
#4658=ORIENTED_EDGE('',*,*,#3437,.T.);
#4659=ORIENTED_EDGE('',*,*,#3438,.T.);
#4660=ORIENTED_EDGE('',*,*,#3437,.F.);
#4661=ORIENTED_EDGE('',*,*,#3432,.F.);
#4662=ORIENTED_EDGE('',*,*,#3439,.T.);
#4663=ORIENTED_EDGE('',*,*,#3440,.T.);
#4664=ORIENTED_EDGE('',*,*,#3439,.F.);
#4665=ORIENTED_EDGE('',*,*,#3441,.F.);
#4666=ORIENTED_EDGE('',*,*,#3425,.T.);
#4667=ORIENTED_EDGE('',*,*,#3442,.F.);
#4668=ORIENTED_EDGE('',*,*,#3428,.T.);
#4669=ORIENTED_EDGE('',*,*,#2923,.F.);
#4670=ORIENTED_EDGE('',*,*,#3443,.T.);
#4671=ORIENTED_EDGE('',*,*,#3431,.T.);
#4672=ORIENTED_EDGE('',*,*,#3443,.F.);
#4673=ORIENTED_EDGE('',*,*,#3444,.F.);
#4674=ORIENTED_EDGE('',*,*,#3445,.T.);
#4675=ORIENTED_EDGE('',*,*,#3433,.T.);
#4676=ORIENTED_EDGE('',*,*,#3445,.F.);
#4677=ORIENTED_EDGE('',*,*,#3446,.F.);
#4678=ORIENTED_EDGE('',*,*,#3340,.T.);
#4679=ORIENTED_EDGE('',*,*,#3447,.T.);
#4680=ORIENTED_EDGE('',*,*,#3448,.F.);
#4681=ORIENTED_EDGE('',*,*,#3449,.F.);
#4682=ORIENTED_EDGE('',*,*,#3450,.T.);
#4683=ORIENTED_EDGE('',*,*,#3451,.T.);
#4684=ORIENTED_EDGE('',*,*,#3452,.F.);
#4685=ORIENTED_EDGE('',*,*,#3435,.F.);
#4686=ORIENTED_EDGE('',*,*,#3453,.T.);
#4687=ORIENTED_EDGE('',*,*,#3454,.T.);
#4688=ORIENTED_EDGE('',*,*,#3453,.F.);
#4689=ORIENTED_EDGE('',*,*,#3436,.F.);
#4690=ORIENTED_EDGE('',*,*,#3455,.T.);
#4691=ORIENTED_EDGE('',*,*,#3456,.T.);
#4692=ORIENTED_EDGE('',*,*,#3455,.F.);
#4693=ORIENTED_EDGE('',*,*,#3457,.T.);
#4694=ORIENTED_EDGE('',*,*,#3341,.T.);
#4695=ORIENTED_EDGE('',*,*,#3446,.T.);
#4696=ORIENTED_EDGE('',*,*,#3458,.F.);
#4697=ORIENTED_EDGE('',*,*,#3458,.T.);
#4698=ORIENTED_EDGE('',*,*,#3448,.T.);
#4699=ORIENTED_EDGE('',*,*,#3459,.T.);
#4700=ORIENTED_EDGE('',*,*,#3460,.T.);
#4701=ORIENTED_EDGE('',*,*,#3438,.F.);
#4702=ORIENTED_EDGE('',*,*,#3461,.F.);
#4703=ORIENTED_EDGE('',*,*,#3459,.F.);
#4704=ORIENTED_EDGE('',*,*,#3447,.F.);
#4705=ORIENTED_EDGE('',*,*,#3339,.T.);
#4706=ORIENTED_EDGE('',*,*,#3462,.T.);
#4707=ORIENTED_EDGE('',*,*,#3463,.T.);
#4708=ORIENTED_EDGE('',*,*,#3449,.T.);
#4709=ORIENTED_EDGE('',*,*,#3464,.F.);
#4710=ORIENTED_EDGE('',*,*,#3464,.T.);
#4711=ORIENTED_EDGE('',*,*,#3452,.T.);
#4712=ORIENTED_EDGE('',*,*,#3465,.T.);
#4713=ORIENTED_EDGE('',*,*,#3466,.T.);
#4714=ORIENTED_EDGE('',*,*,#3440,.F.);
#4715=ORIENTED_EDGE('',*,*,#3467,.F.);
#4716=ORIENTED_EDGE('',*,*,#3465,.F.);
#4717=ORIENTED_EDGE('',*,*,#3451,.F.);
#4718=ORIENTED_EDGE('',*,*,#3468,.T.);
#4719=ORIENTED_EDGE('',*,*,#3469,.T.);
#4720=ORIENTED_EDGE('',*,*,#3470,.F.);
#4721=ORIENTED_EDGE('',*,*,#3471,.F.);
#4722=ORIENTED_EDGE('',*,*,#3472,.F.);
#4723=ORIENTED_EDGE('',*,*,#3473,.F.);
#4724=ORIENTED_EDGE('',*,*,#3474,.T.);
#4725=ORIENTED_EDGE('',*,*,#3441,.T.);
#4726=ORIENTED_EDGE('',*,*,#3474,.F.);
#4727=ORIENTED_EDGE('',*,*,#3475,.F.);
#4728=ORIENTED_EDGE('',*,*,#3476,.T.);
#4729=ORIENTED_EDGE('',*,*,#3442,.T.);
#4730=ORIENTED_EDGE('',*,*,#3476,.F.);
#4731=ORIENTED_EDGE('',*,*,#3477,.T.);
#4732=ORIENTED_EDGE('',*,*,#3478,.F.);
#4733=ORIENTED_EDGE('',*,*,#3479,.F.);
#4734=ORIENTED_EDGE('',*,*,#3480,.F.);
#4735=ORIENTED_EDGE('',*,*,#3481,.T.);
#4736=ORIENTED_EDGE('',*,*,#3482,.T.);
#4737=ORIENTED_EDGE('',*,*,#3483,.T.);
#4738=ORIENTED_EDGE('',*,*,#3478,.T.);
#4739=ORIENTED_EDGE('',*,*,#3484,.T.);
#4740=ORIENTED_EDGE('',*,*,#3485,.F.);
#4741=ORIENTED_EDGE('',*,*,#3486,.T.);
#4742=ORIENTED_EDGE('',*,*,#3487,.F.);
#4743=ORIENTED_EDGE('',*,*,#3488,.T.);
#4744=ORIENTED_EDGE('',*,*,#3480,.T.);
#4745=ORIENTED_EDGE('',*,*,#3489,.T.);
#4746=ORIENTED_EDGE('',*,*,#3490,.T.);
#4747=ORIENTED_EDGE('',*,*,#3491,.T.);
#4748=ORIENTED_EDGE('',*,*,#3492,.T.);
#4749=ORIENTED_EDGE('',*,*,#3493,.T.);
#4750=ORIENTED_EDGE('',*,*,#3494,.T.);
#4751=ORIENTED_EDGE('',*,*,#3495,.T.);
#4752=ORIENTED_EDGE('',*,*,#3494,.F.);
#4753=ORIENTED_EDGE('',*,*,#3496,.T.);
#4754=ORIENTED_EDGE('',*,*,#3497,.F.);
#4755=ORIENTED_EDGE('',*,*,#3498,.T.);
#4756=ORIENTED_EDGE('',*,*,#3472,.T.);
#4757=ORIENTED_EDGE('',*,*,#3499,.T.);
#4758=ORIENTED_EDGE('',*,*,#3500,.T.);
#4759=ORIENTED_EDGE('',*,*,#3501,.T.);
#4760=ORIENTED_EDGE('',*,*,#3502,.F.);
#4761=ORIENTED_EDGE('',*,*,#3503,.T.);
#4762=ORIENTED_EDGE('',*,*,#3504,.F.);
#4763=ORIENTED_EDGE('',*,*,#3505,.F.);
#4764=ORIENTED_EDGE('',*,*,#3506,.F.);
#4765=ORIENTED_EDGE('',*,*,#3507,.T.);
#4766=ORIENTED_EDGE('',*,*,#3508,.F.);
#4767=ORIENTED_EDGE('',*,*,#3509,.T.);
#4768=ORIENTED_EDGE('',*,*,#3510,.F.);
#4769=ORIENTED_EDGE('',*,*,#3511,.F.);
#4770=ORIENTED_EDGE('',*,*,#3512,.F.);
#4771=ORIENTED_EDGE('',*,*,#3513,.T.);
#4772=ORIENTED_EDGE('',*,*,#3512,.T.);
#4773=ORIENTED_EDGE('',*,*,#3514,.T.);
#4774=ORIENTED_EDGE('',*,*,#3515,.T.);
#4775=ORIENTED_EDGE('',*,*,#3516,.T.);
#4776=ORIENTED_EDGE('',*,*,#3517,.T.);
#4777=ORIENTED_EDGE('',*,*,#3518,.T.);
#4778=ORIENTED_EDGE('',*,*,#3506,.T.);
#4779=ORIENTED_EDGE('',*,*,#3519,.T.);
#4780=ORIENTED_EDGE('',*,*,#3515,.F.);
#4781=ORIENTED_EDGE('',*,*,#3520,.F.);
#4782=ORIENTED_EDGE('',*,*,#3521,.F.);
#4783=ORIENTED_EDGE('',*,*,#3522,.F.);
#4784=ORIENTED_EDGE('',*,*,#3523,.F.);
#4785=ORIENTED_EDGE('',*,*,#3524,.T.);
#4786=ORIENTED_EDGE('',*,*,#3517,.F.);
#4787=ORIENTED_EDGE('',*,*,#3525,.T.);
#4788=ORIENTED_EDGE('',*,*,#3521,.T.);
#4789=ORIENTED_EDGE('',*,*,#3526,.T.);
#4790=ORIENTED_EDGE('',*,*,#3527,.T.);
#4791=ORIENTED_EDGE('',*,*,#3528,.T.);
#4792=ORIENTED_EDGE('',*,*,#3529,.T.);
#4793=ORIENTED_EDGE('',*,*,#3530,.T.);
#4794=ORIENTED_EDGE('',*,*,#3523,.T.);
#4795=ORIENTED_EDGE('',*,*,#3531,.T.);
#4796=ORIENTED_EDGE('',*,*,#3527,.F.);
#4797=ORIENTED_EDGE('',*,*,#3532,.F.);
#4798=ORIENTED_EDGE('',*,*,#3533,.F.);
#4799=ORIENTED_EDGE('',*,*,#3534,.F.);
#4800=ORIENTED_EDGE('',*,*,#3535,.F.);
#4801=ORIENTED_EDGE('',*,*,#3536,.T.);
#4802=ORIENTED_EDGE('',*,*,#3529,.F.);
#4803=ORIENTED_EDGE('',*,*,#3262,.F.);
#4804=ORIENTED_EDGE('',*,*,#3535,.T.);
#4805=ORIENTED_EDGE('',*,*,#3537,.T.);
#4806=ORIENTED_EDGE('',*,*,#3508,.T.);
#4807=ORIENTED_EDGE('',*,*,#3368,.T.);
#4808=ORIENTED_EDGE('',*,*,#3510,.T.);
#4809=ORIENTED_EDGE('',*,*,#3538,.T.);
#4810=ORIENTED_EDGE('',*,*,#3533,.T.);
#4811=ORIENTED_EDGE('',*,*,#3537,.F.);
#4812=ORIENTED_EDGE('',*,*,#3534,.T.);
#4813=ORIENTED_EDGE('',*,*,#3528,.F.);
#4814=ORIENTED_EDGE('',*,*,#3522,.T.);
#4815=ORIENTED_EDGE('',*,*,#3516,.F.);
#4816=ORIENTED_EDGE('',*,*,#3505,.T.);
#4817=ORIENTED_EDGE('',*,*,#3538,.F.);
#4818=ORIENTED_EDGE('',*,*,#3509,.F.);
#4819=ORIENTED_EDGE('',*,*,#3513,.F.);
#4820=ORIENTED_EDGE('',*,*,#3519,.F.);
#4821=ORIENTED_EDGE('',*,*,#3525,.F.);
#4822=ORIENTED_EDGE('',*,*,#3531,.F.);
#4823=ORIENTED_EDGE('',*,*,#3539,.T.);
#4824=ORIENTED_EDGE('',*,*,#3497,.T.);
#4825=ORIENTED_EDGE('',*,*,#3540,.T.);
#4826=ORIENTED_EDGE('',*,*,#3541,.T.);
#4827=ORIENTED_EDGE('',*,*,#3542,.T.);
#4828=ORIENTED_EDGE('',*,*,#3500,.F.);
#4829=ORIENTED_EDGE('',*,*,#3543,.F.);
#4830=ORIENTED_EDGE('',*,*,#3544,.F.);
#4831=ORIENTED_EDGE('',*,*,#3545,.T.);
#4832=ORIENTED_EDGE('',*,*,#3541,.F.);
#4833=ORIENTED_EDGE('',*,*,#3546,.T.);
#4834=ORIENTED_EDGE('',*,*,#3547,.F.);
#4835=ORIENTED_EDGE('',*,*,#3548,.T.);
#4836=ORIENTED_EDGE('',*,*,#3544,.T.);
#4837=ORIENTED_EDGE('',*,*,#3549,.T.);
#4838=ORIENTED_EDGE('',*,*,#3550,.T.);
#4839=ORIENTED_EDGE('',*,*,#3551,.T.);
#4840=ORIENTED_EDGE('',*,*,#3550,.F.);
#4841=ORIENTED_EDGE('',*,*,#3552,.F.);
#4842=ORIENTED_EDGE('',*,*,#3553,.F.);
#4843=ORIENTED_EDGE('',*,*,#3554,.T.);
#4844=ORIENTED_EDGE('',*,*,#3555,.F.);
#4845=ORIENTED_EDGE('',*,*,#3556,.T.);
#4846=ORIENTED_EDGE('',*,*,#3492,.F.);
#4847=ORIENTED_EDGE('',*,*,#3557,.F.);
#4848=ORIENTED_EDGE('',*,*,#3554,.F.);
#4849=ORIENTED_EDGE('',*,*,#3491,.F.);
#4850=ORIENTED_EDGE('',*,*,#3495,.F.);
#4851=ORIENTED_EDGE('',*,*,#3539,.F.);
#4852=ORIENTED_EDGE('',*,*,#3545,.F.);
#4853=ORIENTED_EDGE('',*,*,#3558,.F.);
#4854=ORIENTED_EDGE('',*,*,#3469,.F.);
#4855=ORIENTED_EDGE('',*,*,#3498,.F.);
#4856=ORIENTED_EDGE('',*,*,#3542,.F.);
#4857=ORIENTED_EDGE('',*,*,#3548,.F.);
#4858=ORIENTED_EDGE('',*,*,#3551,.F.);
#4859=ORIENTED_EDGE('',*,*,#3559,.T.);
#4860=ORIENTED_EDGE('',*,*,#3560,.F.);
#4861=ORIENTED_EDGE('',*,*,#3561,.T.);
#4862=ORIENTED_EDGE('',*,*,#3562,.F.);
#4863=ORIENTED_EDGE('',*,*,#3563,.T.);
#4864=ORIENTED_EDGE('',*,*,#3564,.F.);
#4865=ORIENTED_EDGE('',*,*,#3565,.F.);
#4866=ORIENTED_EDGE('',*,*,#3566,.F.);
#4867=ORIENTED_EDGE('',*,*,#3567,.T.);
#4868=ORIENTED_EDGE('',*,*,#3566,.T.);
#4869=ORIENTED_EDGE('',*,*,#3470,.T.);
#4870=ORIENTED_EDGE('',*,*,#3558,.T.);
#4871=ORIENTED_EDGE('',*,*,#3553,.T.);
#4872=ORIENTED_EDGE('',*,*,#3568,.T.);
#4873=ORIENTED_EDGE('',*,*,#3569,.T.);
#4874=ORIENTED_EDGE('',*,*,#3570,.T.);
#4875=ORIENTED_EDGE('',*,*,#3555,.T.);
#4876=ORIENTED_EDGE('',*,*,#3557,.T.);
#4877=ORIENTED_EDGE('',*,*,#3547,.T.);
#4878=ORIENTED_EDGE('',*,*,#3560,.T.);
#4879=ORIENTED_EDGE('',*,*,#3571,.T.);
#4880=ORIENTED_EDGE('',*,*,#3562,.T.);
#4881=ORIENTED_EDGE('',*,*,#3572,.T.);
#4882=ORIENTED_EDGE('',*,*,#3573,.T.);
#4883=ORIENTED_EDGE('',*,*,#3574,.T.);
#4884=ORIENTED_EDGE('',*,*,#3575,.T.);
#4885=ORIENTED_EDGE('',*,*,#3576,.T.);
#4886=ORIENTED_EDGE('',*,*,#3564,.T.);
#4887=ORIENTED_EDGE('',*,*,#3577,.T.);
#4888=ORIENTED_EDGE('',*,*,#3568,.F.);
#4889=ORIENTED_EDGE('',*,*,#3578,.F.);
#4890=ORIENTED_EDGE('',*,*,#3579,.F.);
#4891=ORIENTED_EDGE('',*,*,#3580,.T.);
#4892=ORIENTED_EDGE('',*,*,#3581,.F.);
#4893=ORIENTED_EDGE('',*,*,#3582,.T.);
#4894=ORIENTED_EDGE('',*,*,#3570,.F.);
#4895=ORIENTED_EDGE('',*,*,#3583,.T.);
#4896=ORIENTED_EDGE('',*,*,#3573,.F.);
#4897=ORIENTED_EDGE('',*,*,#3584,.T.);
#4898=ORIENTED_EDGE('',*,*,#3585,.F.);
#4899=ORIENTED_EDGE('',*,*,#3586,.T.);
#4900=ORIENTED_EDGE('',*,*,#3587,.F.);
#4901=ORIENTED_EDGE('',*,*,#3588,.F.);
#4902=ORIENTED_EDGE('',*,*,#3575,.F.);
#4903=ORIENTED_EDGE('',*,*,#3589,.T.);
#4904=ORIENTED_EDGE('',*,*,#3579,.T.);
#4905=ORIENTED_EDGE('',*,*,#3590,.T.);
#4906=ORIENTED_EDGE('',*,*,#3591,.T.);
#4907=ORIENTED_EDGE('',*,*,#3592,.T.);
#4908=ORIENTED_EDGE('',*,*,#3504,.T.);
#4909=ORIENTED_EDGE('',*,*,#3593,.T.);
#4910=ORIENTED_EDGE('',*,*,#3581,.T.);
#4911=ORIENTED_EDGE('',*,*,#3594,.T.);
#4912=ORIENTED_EDGE('',*,*,#3585,.T.);
#4913=ORIENTED_EDGE('',*,*,#3595,.T.);
#4914=ORIENTED_EDGE('',*,*,#3502,.T.);
#4915=ORIENTED_EDGE('',*,*,#3596,.T.);
#4916=ORIENTED_EDGE('',*,*,#3597,.T.);
#4917=ORIENTED_EDGE('',*,*,#3598,.T.);
#4918=ORIENTED_EDGE('',*,*,#3587,.T.);
#4919=ORIENTED_EDGE('',*,*,#3599,.T.);
#4920=ORIENTED_EDGE('',*,*,#3591,.F.);
#4921=ORIENTED_EDGE('',*,*,#3600,.T.);
#4922=ORIENTED_EDGE('',*,*,#3597,.F.);
#4923=ORIENTED_EDGE('',*,*,#3567,.F.);
#4924=ORIENTED_EDGE('',*,*,#3577,.F.);
#4925=ORIENTED_EDGE('',*,*,#3589,.F.);
#4926=ORIENTED_EDGE('',*,*,#3599,.F.);
#4927=ORIENTED_EDGE('',*,*,#3596,.F.);
#4928=ORIENTED_EDGE('',*,*,#3586,.F.);
#4929=ORIENTED_EDGE('',*,*,#3574,.F.);
#4930=ORIENTED_EDGE('',*,*,#3563,.F.);
#4931=ORIENTED_EDGE('',*,*,#3569,.F.);
#4932=ORIENTED_EDGE('',*,*,#3559,.F.);
#4933=ORIENTED_EDGE('',*,*,#3571,.F.);
#4934=ORIENTED_EDGE('',*,*,#3583,.F.);
#4935=ORIENTED_EDGE('',*,*,#3594,.F.);
#4936=ORIENTED_EDGE('',*,*,#3501,.F.);
#4937=ORIENTED_EDGE('',*,*,#3592,.F.);
#4938=ORIENTED_EDGE('',*,*,#3580,.F.);
#4939=ORIENTED_EDGE('',*,*,#3601,.F.);
#4940=ORIENTED_EDGE('',*,*,#3602,.F.);
#4941=ORIENTED_EDGE('',*,*,#3603,.F.);
#4942=ORIENTED_EDGE('',*,*,#3604,.F.);
#4943=ORIENTED_EDGE('',*,*,#3605,.T.);
#4944=ORIENTED_EDGE('',*,*,#3606,.F.);
#4945=ORIENTED_EDGE('',*,*,#3607,.T.);
#4946=ORIENTED_EDGE('',*,*,#3608,.F.);
#4947=ORIENTED_EDGE('',*,*,#3609,.F.);
#4948=ORIENTED_EDGE('',*,*,#3608,.T.);
#4949=ORIENTED_EDGE('',*,*,#3610,.T.);
#4950=ORIENTED_EDGE('',*,*,#3611,.T.);
#4951=ORIENTED_EDGE('',*,*,#3612,.F.);
#4952=ORIENTED_EDGE('',*,*,#3613,.T.);
#4953=ORIENTED_EDGE('',*,*,#3614,.T.);
#4954=ORIENTED_EDGE('',*,*,#3602,.T.);
#4955=ORIENTED_EDGE('',*,*,#3615,.F.);
#4956=ORIENTED_EDGE('',*,*,#3604,.T.);
#4957=ORIENTED_EDGE('',*,*,#3616,.T.);
#4958=ORIENTED_EDGE('',*,*,#3617,.T.);
#4959=ORIENTED_EDGE('',*,*,#3618,.F.);
#4960=ORIENTED_EDGE('',*,*,#3619,.T.);
#4961=ORIENTED_EDGE('',*,*,#3620,.T.);
#4962=ORIENTED_EDGE('',*,*,#3606,.T.);
#4963=ORIENTED_EDGE('',*,*,#3621,.T.);
#4964=ORIENTED_EDGE('',*,*,#3611,.F.);
#4965=ORIENTED_EDGE('',*,*,#3622,.T.);
#4966=ORIENTED_EDGE('',*,*,#3623,.F.);
#4967=ORIENTED_EDGE('',*,*,#3624,.F.);
#4968=ORIENTED_EDGE('',*,*,#3625,.F.);
#4969=ORIENTED_EDGE('',*,*,#3626,.F.);
#4970=ORIENTED_EDGE('',*,*,#3613,.F.);
#4971=ORIENTED_EDGE('',*,*,#3627,.F.);
#4972=ORIENTED_EDGE('',*,*,#3617,.F.);
#4973=ORIENTED_EDGE('',*,*,#3628,.F.);
#4974=ORIENTED_EDGE('',*,*,#3629,.F.);
#4975=ORIENTED_EDGE('',*,*,#3630,.T.);
#4976=ORIENTED_EDGE('',*,*,#3631,.F.);
#4977=ORIENTED_EDGE('',*,*,#3632,.T.);
#4978=ORIENTED_EDGE('',*,*,#3619,.F.);
#4979=ORIENTED_EDGE('',*,*,#3633,.F.);
#4980=ORIENTED_EDGE('',*,*,#3629,.T.);
#4981=ORIENTED_EDGE('',*,*,#3634,.T.);
#4982=ORIENTED_EDGE('',*,*,#3635,.T.);
#4983=ORIENTED_EDGE('',*,*,#3636,.F.);
#4984=ORIENTED_EDGE('',*,*,#3637,.T.);
#4985=ORIENTED_EDGE('',*,*,#3638,.T.);
#4986=ORIENTED_EDGE('',*,*,#3631,.T.);
#4987=ORIENTED_EDGE('',*,*,#3639,.F.);
#4988=ORIENTED_EDGE('',*,*,#3635,.F.);
#4989=ORIENTED_EDGE('',*,*,#3640,.F.);
#4990=ORIENTED_EDGE('',*,*,#3641,.F.);
#4991=ORIENTED_EDGE('',*,*,#3642,.T.);
#4992=ORIENTED_EDGE('',*,*,#3643,.F.);
#4993=ORIENTED_EDGE('',*,*,#3644,.T.);
#4994=ORIENTED_EDGE('',*,*,#3637,.F.);
#4995=ORIENTED_EDGE('',*,*,#3645,.T.);
#4996=ORIENTED_EDGE('',*,*,#3646,.T.);
#4997=ORIENTED_EDGE('',*,*,#3643,.T.);
#4998=ORIENTED_EDGE('',*,*,#3647,.T.);
#4999=ORIENTED_EDGE('',*,*,#3623,.T.);
#5000=ORIENTED_EDGE('',*,*,#3485,.T.);
#5001=ORIENTED_EDGE('',*,*,#3647,.F.);
#5002=ORIENTED_EDGE('',*,*,#3642,.F.);
#5003=ORIENTED_EDGE('',*,*,#3636,.T.);
#5004=ORIENTED_EDGE('',*,*,#3630,.F.);
#5005=ORIENTED_EDGE('',*,*,#3618,.T.);
#5006=ORIENTED_EDGE('',*,*,#3605,.F.);
#5007=ORIENTED_EDGE('',*,*,#3609,.T.);
#5008=ORIENTED_EDGE('',*,*,#3621,.F.);
#5009=ORIENTED_EDGE('',*,*,#3648,.F.);
#5010=ORIENTED_EDGE('',*,*,#3624,.T.);
#5011=ORIENTED_EDGE('',*,*,#3612,.T.);
#5012=ORIENTED_EDGE('',*,*,#3601,.T.);
#5013=ORIENTED_EDGE('',*,*,#3615,.T.);
#5014=ORIENTED_EDGE('',*,*,#3627,.T.);
#5015=ORIENTED_EDGE('',*,*,#3633,.T.);
#5016=ORIENTED_EDGE('',*,*,#3639,.T.);
#5017=ORIENTED_EDGE('',*,*,#3649,.T.);
#5018=ORIENTED_EDGE('',*,*,#3487,.T.);
#5019=ORIENTED_EDGE('',*,*,#3650,.T.);
#5020=ORIENTED_EDGE('',*,*,#3651,.T.);
#5021=ORIENTED_EDGE('',*,*,#3652,.T.);
#5022=ORIENTED_EDGE('',*,*,#3490,.F.);
#5023=ORIENTED_EDGE('',*,*,#3653,.F.);
#5024=ORIENTED_EDGE('',*,*,#3654,.F.);
#5025=ORIENTED_EDGE('',*,*,#3655,.T.);
#5026=ORIENTED_EDGE('',*,*,#3651,.F.);
#5027=ORIENTED_EDGE('',*,*,#3656,.T.);
#5028=ORIENTED_EDGE('',*,*,#3657,.F.);
#5029=ORIENTED_EDGE('',*,*,#3658,.T.);
#5030=ORIENTED_EDGE('',*,*,#3654,.T.);
#5031=ORIENTED_EDGE('',*,*,#3625,.T.);
#5032=ORIENTED_EDGE('',*,*,#3648,.T.);
#5033=ORIENTED_EDGE('',*,*,#3641,.T.);
#5034=ORIENTED_EDGE('',*,*,#3659,.T.);
#5035=ORIENTED_EDGE('',*,*,#3660,.T.);
#5036=ORIENTED_EDGE('',*,*,#3659,.F.);
#5037=ORIENTED_EDGE('',*,*,#3661,.F.);
#5038=ORIENTED_EDGE('',*,*,#3482,.F.);
#5039=ORIENTED_EDGE('',*,*,#3662,.T.);
#5040=ORIENTED_EDGE('',*,*,#3663,.F.);
#5041=ORIENTED_EDGE('',*,*,#3664,.T.);
#5042=ORIENTED_EDGE('',*,*,#3646,.F.);
#5043=ORIENTED_EDGE('',*,*,#3665,.T.);
#5044=ORIENTED_EDGE('',*,*,#3657,.T.);
#5045=ORIENTED_EDGE('',*,*,#3666,.T.);
#5046=ORIENTED_EDGE('',*,*,#3663,.T.);
#5047=ORIENTED_EDGE('',*,*,#3658,.F.);
#5048=ORIENTED_EDGE('',*,*,#3660,.F.);
#5049=ORIENTED_EDGE('',*,*,#3481,.F.);
#5050=ORIENTED_EDGE('',*,*,#3477,.F.);
#5051=ORIENTED_EDGE('',*,*,#3488,.F.);
#5052=ORIENTED_EDGE('',*,*,#3652,.F.);
#5053=ORIENTED_EDGE('',*,*,#3645,.F.);
#5054=ORIENTED_EDGE('',*,*,#3484,.F.);
#5055=ORIENTED_EDGE('',*,*,#3649,.F.);
#5056=ORIENTED_EDGE('',*,*,#3655,.F.);
#5057=ORIENTED_EDGE('',*,*,#3665,.F.);
#5058=ORIENTED_EDGE('',*,*,#3662,.F.);
#5059=ORIENTED_EDGE('',*,*,#3372,.T.);
#5060=ORIENTED_EDGE('',*,*,#3667,.T.);
#5061=ORIENTED_EDGE('',*,*,#3423,.T.);
#5062=ORIENTED_EDGE('',*,*,#3668,.T.);
#5063=ORIENTED_EDGE('',*,*,#3669,.F.);
#5064=ORIENTED_EDGE('',*,*,#3670,.F.);
#5065=ORIENTED_EDGE('',*,*,#3667,.F.);
#5066=ORIENTED_EDGE('',*,*,#2915,.T.);
#5067=ORIENTED_EDGE('',*,*,#3375,.T.);
#5068=ORIENTED_EDGE('',*,*,#3671,.T.);
#5069=ORIENTED_EDGE('',*,*,#3420,.F.);
#5070=ORIENTED_EDGE('',*,*,#3669,.T.);
#5071=ORIENTED_EDGE('',*,*,#3367,.T.);
#5072=ORIENTED_EDGE('',*,*,#3342,.F.);
#5073=ORIENTED_EDGE('',*,*,#3457,.F.);
#5074=ORIENTED_EDGE('',*,*,#3460,.F.);
#5075=ORIENTED_EDGE('',*,*,#3461,.T.);
#5076=ORIENTED_EDGE('',*,*,#3338,.T.);
#5077=ORIENTED_EDGE('',*,*,#3672,.T.);
#5078=ORIENTED_EDGE('',*,*,#3462,.F.);
#5079=ORIENTED_EDGE('',*,*,#3466,.F.);
#5080=ORIENTED_EDGE('',*,*,#3467,.T.);
#5081=ORIENTED_EDGE('',*,*,#3673,.F.);
#5082=ORIENTED_EDGE('',*,*,#3364,.T.);
#5083=ORIENTED_EDGE('',*,*,#3393,.T.);
#5084=ORIENTED_EDGE('',*,*,#3395,.F.);
#5085=ORIENTED_EDGE('',*,*,#3397,.T.);
#5086=ORIENTED_EDGE('',*,*,#3399,.F.);
#5087=ORIENTED_EDGE('',*,*,#3402,.T.);
#5088=ORIENTED_EDGE('',*,*,#3674,.T.);
#5089=ORIENTED_EDGE('',*,*,#3373,.F.);
#5090=ORIENTED_EDGE('',*,*,#3668,.F.);
#5091=ORIENTED_EDGE('',*,*,#3422,.F.);
#5092=ORIENTED_EDGE('',*,*,#3369,.T.);
#5093=ORIENTED_EDGE('',*,*,#3532,.T.);
#5094=ORIENTED_EDGE('',*,*,#3526,.F.);
#5095=ORIENTED_EDGE('',*,*,#3520,.T.);
#5096=ORIENTED_EDGE('',*,*,#3514,.F.);
#5097=ORIENTED_EDGE('',*,*,#3511,.T.);
#5098=ORIENTED_EDGE('',*,*,#3454,.F.);
#5099=ORIENTED_EDGE('',*,*,#3578,.T.);
#5100=ORIENTED_EDGE('',*,*,#3552,.T.);
#5101=ORIENTED_EDGE('',*,*,#3549,.F.);
#5102=ORIENTED_EDGE('',*,*,#3543,.T.);
#5103=ORIENTED_EDGE('',*,*,#3499,.F.);
#5104=ORIENTED_EDGE('',*,*,#3471,.T.);
#5105=ORIENTED_EDGE('',*,*,#3565,.T.);
#5106=ORIENTED_EDGE('',*,*,#3576,.F.);
#5107=ORIENTED_EDGE('',*,*,#3588,.T.);
#5108=ORIENTED_EDGE('',*,*,#3598,.F.);
#5109=ORIENTED_EDGE('',*,*,#3600,.F.);
#5110=ORIENTED_EDGE('',*,*,#3590,.F.);
#5111=ORIENTED_EDGE('',*,*,#3661,.T.);
#5112=ORIENTED_EDGE('',*,*,#3640,.T.);
#5113=ORIENTED_EDGE('',*,*,#3634,.F.);
#5114=ORIENTED_EDGE('',*,*,#3628,.T.);
#5115=ORIENTED_EDGE('',*,*,#3616,.F.);
#5116=ORIENTED_EDGE('',*,*,#3603,.T.);
#5117=ORIENTED_EDGE('',*,*,#3614,.F.);
#5118=ORIENTED_EDGE('',*,*,#3626,.T.);
#5119=ORIENTED_EDGE('',*,*,#3653,.T.);
#5120=ORIENTED_EDGE('',*,*,#3489,.F.);
#5121=ORIENTED_EDGE('',*,*,#3479,.T.);
#5122=ORIENTED_EDGE('',*,*,#3483,.F.);
#5123=ORIENTED_EDGE('',*,*,#3456,.F.);
#5124=ORIENTED_EDGE('',*,*,#3418,.F.);
#5125=ORIENTED_EDGE('',*,*,#3300,.F.);
#5126=ORIENTED_EDGE('',*,*,#3365,.T.);
#5127=ORIENTED_EDGE('',*,*,#3673,.T.);
#5128=ORIENTED_EDGE('',*,*,#3468,.F.);
#5129=ORIENTED_EDGE('',*,*,#3450,.F.);
#5130=ORIENTED_EDGE('',*,*,#3463,.F.);
#5131=ORIENTED_EDGE('',*,*,#3672,.F.);
#5132=ORIENTED_EDGE('',*,*,#3337,.T.);
#5133=ORIENTED_EDGE('',*,*,#3675,.F.);
#5134=ORIENTED_EDGE('',*,*,#3301,.F.);
#5135=ORIENTED_EDGE('',*,*,#3675,.T.);
#5136=ORIENTED_EDGE('',*,*,#3676,.T.);
#5137=ORIENTED_EDGE('',*,*,#3677,.T.);
#5138=ORIENTED_EDGE('',*,*,#3261,.F.);
#5139=ORIENTED_EDGE('',*,*,#3421,.F.);
#5140=ORIENTED_EDGE('',*,*,#3671,.F.);
#5141=ORIENTED_EDGE('',*,*,#3374,.F.);
#5142=ORIENTED_EDGE('',*,*,#3306,.F.);
#5143=ORIENTED_EDGE('',*,*,#3678,.F.);
#5144=ORIENTED_EDGE('',*,*,#3407,.F.);
#5145=ORIENTED_EDGE('',*,*,#3409,.F.);
#5146=ORIENTED_EDGE('',*,*,#3404,.F.);
#5147=ORIENTED_EDGE('',*,*,#3679,.F.);
#5148=ORIENTED_EDGE('',*,*,#3302,.F.);
#5149=ORIENTED_EDGE('',*,*,#3677,.F.);
#5150=ORIENTED_EDGE('',*,*,#3680,.F.);
#5151=ORIENTED_EDGE('',*,*,#3263,.F.);
#5152=ORIENTED_EDGE('',*,*,#3507,.F.);
#5153=ORIENTED_EDGE('',*,*,#3518,.F.);
#5154=ORIENTED_EDGE('',*,*,#3524,.F.);
#5155=ORIENTED_EDGE('',*,*,#3530,.F.);
#5156=ORIENTED_EDGE('',*,*,#3536,.F.);
#5157=ORIENTED_EDGE('',*,*,#3486,.F.);
#5158=ORIENTED_EDGE('',*,*,#3622,.F.);
#5159=ORIENTED_EDGE('',*,*,#3610,.F.);
#5160=ORIENTED_EDGE('',*,*,#3607,.F.);
#5161=ORIENTED_EDGE('',*,*,#3620,.F.);
#5162=ORIENTED_EDGE('',*,*,#3632,.F.);
#5163=ORIENTED_EDGE('',*,*,#3638,.F.);
#5164=ORIENTED_EDGE('',*,*,#3644,.F.);
#5165=ORIENTED_EDGE('',*,*,#3664,.F.);
#5166=ORIENTED_EDGE('',*,*,#3666,.F.);
#5167=ORIENTED_EDGE('',*,*,#3656,.F.);
#5168=ORIENTED_EDGE('',*,*,#3650,.F.);
#5169=ORIENTED_EDGE('',*,*,#3556,.F.);
#5170=ORIENTED_EDGE('',*,*,#3582,.F.);
#5171=ORIENTED_EDGE('',*,*,#3593,.F.);
#5172=ORIENTED_EDGE('',*,*,#3503,.F.);
#5173=ORIENTED_EDGE('',*,*,#3595,.F.);
#5174=ORIENTED_EDGE('',*,*,#3584,.F.);
#5175=ORIENTED_EDGE('',*,*,#3572,.F.);
#5176=ORIENTED_EDGE('',*,*,#3561,.F.);
#5177=ORIENTED_EDGE('',*,*,#3546,.F.);
#5178=ORIENTED_EDGE('',*,*,#3540,.F.);
#5179=ORIENTED_EDGE('',*,*,#3496,.F.);
#5180=ORIENTED_EDGE('',*,*,#3493,.F.);
#5181=ORIENTED_EDGE('',*,*,#3473,.T.);
#5182=ORIENTED_EDGE('',*,*,#3475,.T.);
#5183=ORIENTED_EDGE('',*,*,#3410,.T.);
#5184=ORIENTED_EDGE('',*,*,#3303,.F.);
#5185=ORIENTED_EDGE('',*,*,#3679,.T.);
#5186=ORIENTED_EDGE('',*,*,#3403,.F.);
#5187=ORIENTED_EDGE('',*,*,#3377,.F.);
#5188=ORIENTED_EDGE('',*,*,#3681,.F.);
#5189=ORIENTED_EDGE('',*,*,#3304,.F.);
#5190=ORIENTED_EDGE('',*,*,#3681,.T.);
#5191=ORIENTED_EDGE('',*,*,#3376,.T.);
#5192=ORIENTED_EDGE('',*,*,#3682,.T.);
#5193=ORIENTED_EDGE('',*,*,#3305,.F.);
#5194=ORIENTED_EDGE('',*,*,#3682,.F.);
#5195=ORIENTED_EDGE('',*,*,#3381,.F.);
#5196=ORIENTED_EDGE('',*,*,#3408,.F.);
#5197=ORIENTED_EDGE('',*,*,#3678,.T.);
#5198=ORIENTED_EDGE('',*,*,#3264,.F.);
#5199=ORIENTED_EDGE('',*,*,#3680,.T.);
#5200=ORIENTED_EDGE('',*,*,#3676,.F.);
#5201=ORIENTED_EDGE('',*,*,#3336,.T.);
#5202=ORIENTED_EDGE('',*,*,#3683,.T.);
#5203=ORIENTED_EDGE('',*,*,#3371,.F.);
#5204=ORIENTED_EDGE('',*,*,#3674,.F.);
#5205=ORIENTED_EDGE('',*,*,#3401,.F.);
#5206=ORIENTED_EDGE('',*,*,#3400,.T.);
#5207=ORIENTED_EDGE('',*,*,#3388,.T.);
#5208=ORIENTED_EDGE('',*,*,#3391,.T.);
#5209=ORIENTED_EDGE('',*,*,#3684,.T.);
#5210=ORIENTED_EDGE('',*,*,#3685,.F.);
#5211=ORIENTED_EDGE('',*,*,#3686,.T.);
#5212=ORIENTED_EDGE('',*,*,#3687,.T.);
#5213=ORIENTED_EDGE('',*,*,#3200,.T.);
#5214=ORIENTED_EDGE('',*,*,#3161,.T.);
#5215=ORIENTED_EDGE('',*,*,#3164,.T.);
#5216=ORIENTED_EDGE('',*,*,#3201,.T.);
#5217=ORIENTED_EDGE('',*,*,#3687,.F.);
#5218=ORIENTED_EDGE('',*,*,#3688,.T.);
#5219=ORIENTED_EDGE('',*,*,#3689,.T.);
#5220=ORIENTED_EDGE('',*,*,#3195,.T.);
#5221=ORIENTED_EDGE('',*,*,#3689,.F.);
#5222=ORIENTED_EDGE('',*,*,#3690,.T.);
#5223=ORIENTED_EDGE('',*,*,#3691,.T.);
#5224=ORIENTED_EDGE('',*,*,#3196,.T.);
#5225=ORIENTED_EDGE('',*,*,#2971,.F.);
#5226=ORIENTED_EDGE('',*,*,#2961,.F.);
#5227=ORIENTED_EDGE('',*,*,#2970,.F.);
#5228=ORIENTED_EDGE('',*,*,#2917,.F.);
#5229=ORIENTED_EDGE('',*,*,#3683,.F.);
#5230=ORIENTED_EDGE('',*,*,#3684,.F.);
#5231=ORIENTED_EDGE('',*,*,#3362,.F.);
#5232=ORIENTED_EDGE('',*,*,#3299,.F.);
#5233=ORIENTED_EDGE('',*,*,#3269,.T.);
#5234=ORIENTED_EDGE('',*,*,#3366,.T.);
#5235=ORIENTED_EDGE('',*,*,#3692,.T.);
#5236=ORIENTED_EDGE('',*,*,#2993,.F.);
#5237=ORIENTED_EDGE('',*,*,#2936,.F.);
#5238=ORIENTED_EDGE('',*,*,#3202,.T.);
#5239=ORIENTED_EDGE('',*,*,#3205,.T.);
#5240=ORIENTED_EDGE('',*,*,#3208,.T.);
#5241=ORIENTED_EDGE('',*,*,#3211,.T.);
#5242=ORIENTED_EDGE('',*,*,#3214,.T.);
#5243=ORIENTED_EDGE('',*,*,#3217,.T.);
#5244=ORIENTED_EDGE('',*,*,#3220,.T.);
#5245=ORIENTED_EDGE('',*,*,#3223,.T.);
#5246=ORIENTED_EDGE('',*,*,#3226,.T.);
#5247=ORIENTED_EDGE('',*,*,#3229,.T.);
#5248=ORIENTED_EDGE('',*,*,#3232,.T.);
#5249=ORIENTED_EDGE('',*,*,#3235,.T.);
#5250=ORIENTED_EDGE('',*,*,#3238,.T.);
#5251=ORIENTED_EDGE('',*,*,#3241,.T.);
#5252=ORIENTED_EDGE('',*,*,#3244,.T.);
#5253=ORIENTED_EDGE('',*,*,#3051,.T.);
#5254=ORIENTED_EDGE('',*,*,#3048,.T.);
#5255=ORIENTED_EDGE('',*,*,#3045,.T.);
#5256=ORIENTED_EDGE('',*,*,#3042,.T.);
#5257=ORIENTED_EDGE('',*,*,#2957,.F.);
#5258=ORIENTED_EDGE('',*,*,#3693,.T.);
#5259=ORIENTED_EDGE('',*,*,#2951,.F.);
#5260=ORIENTED_EDGE('',*,*,#2972,.F.);
#5261=ORIENTED_EDGE('',*,*,#2959,.F.);
#5262=ORIENTED_EDGE('',*,*,#2932,.F.);
#5263=ORIENTED_EDGE('',*,*,#3694,.T.);
#5264=ORIENTED_EDGE('',*,*,#3695,.T.);
#5265=ORIENTED_EDGE('',*,*,#3696,.T.);
#5266=ORIENTED_EDGE('',*,*,#2921,.F.);
#5267=ORIENTED_EDGE('',*,*,#2953,.F.);
#5268=ORIENTED_EDGE('',*,*,#3693,.F.);
#5269=ORIENTED_EDGE('',*,*,#3695,.F.);
#5270=ORIENTED_EDGE('',*,*,#3697,.T.);
#5271=ORIENTED_EDGE('',*,*,#3685,.T.);
#5272=ORIENTED_EDGE('',*,*,#3199,.T.);
#5273=ORIENTED_EDGE('',*,*,#3698,.T.);
#5274=ORIENTED_EDGE('',*,*,#3694,.F.);
#5275=ORIENTED_EDGE('',*,*,#2931,.F.);
#5276=ORIENTED_EDGE('',*,*,#2906,.T.);
#5277=ORIENTED_EDGE('',*,*,#2978,.F.);
#5278=ORIENTED_EDGE('',*,*,#2994,.F.);
#5279=ORIENTED_EDGE('',*,*,#3692,.F.);
#5280=ORIENTED_EDGE('',*,*,#3424,.F.);
#5281=ORIENTED_EDGE('',*,*,#3670,.T.);
#5282=ORIENTED_EDGE('',*,*,#3419,.F.);
#5283=ORIENTED_EDGE('',*,*,#3259,.T.);
#5284=ORIENTED_EDGE('',*,*,#3444,.T.);
#5285=ORIENTED_EDGE('',*,*,#3359,.T.);
#5286=ORIENTED_EDGE('',*,*,#3356,.T.);
#5287=ORIENTED_EDGE('',*,*,#3353,.T.);
#5288=ORIENTED_EDGE('',*,*,#3350,.T.);
#5289=ORIENTED_EDGE('',*,*,#3347,.T.);
#5290=ORIENTED_EDGE('',*,*,#3344,.T.);
#5291=ORIENTED_EDGE('',*,*,#2922,.T.);
#5292=ORIENTED_EDGE('',*,*,#3696,.F.);
#5293=ORIENTED_EDGE('',*,*,#3198,.T.);
#5294=ORIENTED_EDGE('',*,*,#2910,.F.);
#5295=ORIENTED_EDGE('',*,*,#3697,.F.);
#5296=ORIENTED_EDGE('',*,*,#3698,.F.);
#5297=ORIENTED_EDGE('',*,*,#2905,.F.);
#5298=ORIENTED_EDGE('',*,*,#2908,.F.);
#5299=ORIENTED_EDGE('',*,*,#2928,.T.);
#5300=ORIENTED_EDGE('',*,*,#3699,.F.);
#5301=ORIENTED_EDGE('',*,*,#3690,.F.);
#5302=ORIENTED_EDGE('',*,*,#3688,.F.);
#5303=ORIENTED_EDGE('',*,*,#3686,.F.);
#5304=ORIENTED_EDGE('',*,*,#3691,.F.);
#5305=ORIENTED_EDGE('',*,*,#3699,.T.);
#5306=ORIENTED_EDGE('',*,*,#2930,.T.);
#5307=ORIENTED_EDGE('',*,*,#3197,.F.);
#5308=CYLINDRICAL_SURFACE('',#5822,0.56);
#5309=CYLINDRICAL_SURFACE('',#5825,1.06);
#5310=CYLINDRICAL_SURFACE('',#5829,1.25);
#5311=CYLINDRICAL_SURFACE('',#5852,0.57);
#5312=CYLINDRICAL_SURFACE('',#5855,0.57);
#5313=CYLINDRICAL_SURFACE('',#5856,0.57);
#5314=CYLINDRICAL_SURFACE('',#5867,0.45);
#5315=CYLINDRICAL_SURFACE('',#5869,0.45);
#5316=CYLINDRICAL_SURFACE('',#5875,0.5);
#5317=CYLINDRICAL_SURFACE('',#5877,0.5);
#5318=CYLINDRICAL_SURFACE('',#5882,0.35);
#5319=CYLINDRICAL_SURFACE('',#5884,0.24);
#5320=CYLINDRICAL_SURFACE('',#5888,0.24);
#5321=CYLINDRICAL_SURFACE('',#5892,0.24);
#5322=CYLINDRICAL_SURFACE('',#5896,0.24);
#5323=CYLINDRICAL_SURFACE('',#5900,0.24);
#5324=CYLINDRICAL_SURFACE('',#5904,0.24);
#5325=CYLINDRICAL_SURFACE('',#5908,0.24);
#5326=CYLINDRICAL_SURFACE('',#5912,0.31);
#5327=CYLINDRICAL_SURFACE('',#5915,0.31);
#5328=CYLINDRICAL_SURFACE('',#5918,0.31);
#5329=CYLINDRICAL_SURFACE('',#5921,0.31);
#5330=CYLINDRICAL_SURFACE('',#5924,0.31);
#5331=CYLINDRICAL_SURFACE('',#5927,0.31);
#5332=CYLINDRICAL_SURFACE('',#5930,0.31);
#5333=CYLINDRICAL_SURFACE('',#5933,0.24);
#5334=CYLINDRICAL_SURFACE('',#5937,0.24);
#5335=CYLINDRICAL_SURFACE('',#5941,0.24);
#5336=CYLINDRICAL_SURFACE('',#5945,0.24);
#5337=CYLINDRICAL_SURFACE('',#5949,0.31);
#5338=CYLINDRICAL_SURFACE('',#5953,0.31);
#5339=CYLINDRICAL_SURFACE('',#5957,0.31);
#5340=CYLINDRICAL_SURFACE('',#5961,0.31);
#5341=CYLINDRICAL_SURFACE('',#5965,0.24);
#5342=CYLINDRICAL_SURFACE('',#5969,0.24);
#5343=CYLINDRICAL_SURFACE('',#5973,0.24);
#5344=CYLINDRICAL_SURFACE('',#5977,0.24);
#5345=CYLINDRICAL_SURFACE('',#5981,0.31);
#5346=CYLINDRICAL_SURFACE('',#5984,0.31);
#5347=CYLINDRICAL_SURFACE('',#5987,0.31);
#5348=CYLINDRICAL_SURFACE('',#5990,0.31);
#5349=CYLINDRICAL_SURFACE('',#5993,0.24);
#5350=CYLINDRICAL_SURFACE('',#5997,0.24);
#5351=CYLINDRICAL_SURFACE('',#6001,0.24);
#5352=CYLINDRICAL_SURFACE('',#6005,0.31);
#5353=CYLINDRICAL_SURFACE('',#6008,0.31);
#5354=CYLINDRICAL_SURFACE('',#6011,0.31);
#5355=CYLINDRICAL_SURFACE('',#6014,0.24);
#5356=CYLINDRICAL_SURFACE('',#6018,0.24);
#5357=CYLINDRICAL_SURFACE('',#6022,0.24);
#5358=CYLINDRICAL_SURFACE('',#6026,0.24);
#5359=CYLINDRICAL_SURFACE('',#6030,0.24);
#5360=CYLINDRICAL_SURFACE('',#6034,0.24);
#5361=CYLINDRICAL_SURFACE('',#6038,0.24);
#5362=CYLINDRICAL_SURFACE('',#6042,0.24);
#5363=CYLINDRICAL_SURFACE('',#6046,0.24);
#5364=CYLINDRICAL_SURFACE('',#6053,0.24);
#5365=CYLINDRICAL_SURFACE('',#6059,0.24);
#5366=CYLINDRICAL_SURFACE('',#6065,0.24);
#5367=CYLINDRICAL_SURFACE('',#6071,0.24);
#5368=CYLINDRICAL_SURFACE('',#6077,0.24);
#5369=CYLINDRICAL_SURFACE('',#6082,0.24);
#5370=CYLINDRICAL_SURFACE('',#6095,0.31);
#5371=CYLINDRICAL_SURFACE('',#6099,0.31);
#5372=CYLINDRICAL_SURFACE('',#6103,0.31);
#5373=CYLINDRICAL_SURFACE('',#6107,0.31);
#5374=CYLINDRICAL_SURFACE('',#6111,0.31);
#5375=CYLINDRICAL_SURFACE('',#6115,0.31);
#5376=CYLINDRICAL_SURFACE('',#6119,0.31);
#5377=CYLINDRICAL_SURFACE('',#6123,0.31);
#5378=CYLINDRICAL_SURFACE('',#6127,0.31);
#5379=CYLINDRICAL_SURFACE('',#6131,0.31);
#5380=CYLINDRICAL_SURFACE('',#6135,0.31);
#5381=CYLINDRICAL_SURFACE('',#6139,0.31);
#5382=CYLINDRICAL_SURFACE('',#6143,0.31);
#5383=CYLINDRICAL_SURFACE('',#6147,0.31);
#5384=CYLINDRICAL_SURFACE('',#6151,0.31);
#5385=CYLINDRICAL_SURFACE('',#6194,0.24);
#5386=CYLINDRICAL_SURFACE('',#6196,0.24);
#5387=CYLINDRICAL_SURFACE('',#6198,0.24);
#5388=CYLINDRICAL_SURFACE('',#6202,0.24);
#5389=CYLINDRICAL_SURFACE('',#6204,0.24);
#5390=CYLINDRICAL_SURFACE('',#6208,0.24);
#5391=CYLINDRICAL_SURFACE('',#6213,0.31);
#5392=CYLINDRICAL_SURFACE('',#6217,0.31);
#5393=CYLINDRICAL_SURFACE('',#6221,0.31);
#5394=CYLINDRICAL_SURFACE('',#6225,0.31);
#5395=CYLINDRICAL_SURFACE('',#6229,0.31);
#5396=CYLINDRICAL_SURFACE('',#6233,0.31);
#5397=CYLINDRICAL_SURFACE('',#6240,0.01);
#5398=CYLINDRICAL_SURFACE('',#6243,0.01);
#5399=CYLINDRICAL_SURFACE('',#6253,0.4);
#5400=CYLINDRICAL_SURFACE('',#6257,0.025);
#5401=CYLINDRICAL_SURFACE('',#6259,0.4);
#5402=CYLINDRICAL_SURFACE('',#6261,0.025);
#5403=CYLINDRICAL_SURFACE('',#6264,0.025);
#5404=CYLINDRICAL_SURFACE('',#6266,0.025);
#5405=CYLINDRICAL_SURFACE('',#6268,0.4);
#5406=CYLINDRICAL_SURFACE('',#6270,0.31);
#5407=CYLINDRICAL_SURFACE('',#6275,0.24);
#5408=CYLINDRICAL_SURFACE('',#6279,0.31);
#5409=CYLINDRICAL_SURFACE('',#6281,0.01);
#5410=CYLINDRICAL_SURFACE('',#6283,0.01);
#5411=CYLINDRICAL_SURFACE('',#6285,0.24);
#5412=CYLINDRICAL_SURFACE('',#6288,0.24);
#5413=CYLINDRICAL_SURFACE('',#6301,0.24);
#5414=CYLINDRICAL_SURFACE('',#6303,0.24);
#5415=CYLINDRICAL_SURFACE('',#6309,0.31);
#5416=CYLINDRICAL_SURFACE('',#6310,0.31);
#5417=CYLINDRICAL_SURFACE('',#6312,0.31);
#5418=CYLINDRICAL_SURFACE('',#6314,0.31);
#5419=CYLINDRICAL_SURFACE('',#6317,0.31);
#5420=CYLINDRICAL_SURFACE('',#6319,0.31);
#5421=CYLINDRICAL_SURFACE('',#6329,0.31);
#5422=CYLINDRICAL_SURFACE('',#6331,0.31);
#5423=CYLINDRICAL_SURFACE('',#6333,0.4);
#5424=CYLINDRICAL_SURFACE('',#6336,0.025);
#5425=CYLINDRICAL_SURFACE('',#6341,0.025);
#5426=CYLINDRICAL_SURFACE('',#6344,0.025);
#5427=CYLINDRICAL_SURFACE('',#6347,0.4);
#5428=CYLINDRICAL_SURFACE('',#6350,0.025);
#5429=CYLINDRICAL_SURFACE('',#6358,0.025);
#5430=CYLINDRICAL_SURFACE('',#6361,0.025);
#5431=CYLINDRICAL_SURFACE('',#6364,0.4);
#5432=CYLINDRICAL_SURFACE('',#6367,0.4);
#5433=CYLINDRICAL_SURFACE('',#6370,0.025);
#5434=CYLINDRICAL_SURFACE('',#6373,0.025);
#5435=CYLINDRICAL_SURFACE('',#6380,0.4);
#5436=CYLINDRICAL_SURFACE('',#6381,0.4);
#5437=CYLINDRICAL_SURFACE('',#6384,0.025);
#5438=CYLINDRICAL_SURFACE('',#6387,0.4);
#5439=CYLINDRICAL_SURFACE('',#6392,0.025);
#5440=CYLINDRICAL_SURFACE('',#6405,0.4);
#5441=CYLINDRICAL_SURFACE('',#6407,0.4);
#5442=CYLINDRICAL_SURFACE('',#6409,0.025);
#5443=CYLINDRICAL_SURFACE('',#6412,0.025);
#5444=CYLINDRICAL_SURFACE('',#6417,0.4);
#5445=CYLINDRICAL_SURFACE('',#6420,0.4);
#5446=CYLINDRICAL_SURFACE('',#6423,0.025);
#5447=CYLINDRICAL_SURFACE('',#6426,0.025);
#5448=CYLINDRICAL_SURFACE('',#6429,0.025);
#5449=CYLINDRICAL_SURFACE('',#6432,0.025);
#5450=CYLINDRICAL_SURFACE('',#6438,0.4);
#5451=CYLINDRICAL_SURFACE('',#6441,0.4);
#5452=CYLINDRICAL_SURFACE('',#6444,0.025);
#5453=CYLINDRICAL_SURFACE('',#6447,0.025);
#5454=CYLINDRICAL_SURFACE('',#6450,0.025);
#5455=CYLINDRICAL_SURFACE('',#6453,0.025);
#5456=CYLINDRICAL_SURFACE('',#6462,0.025);
#5457=CYLINDRICAL_SURFACE('',#6465,0.025);
#5458=CYLINDRICAL_SURFACE('',#6472,0.4);
#5459=CYLINDRICAL_SURFACE('',#6476,0.025);
#5460=CYLINDRICAL_SURFACE('',#6481,0.4);
#5461=CYLINDRICAL_SURFACE('',#6484,0.4);
#5462=CYLINDRICAL_SURFACE('',#6488,0.025);
#5463=CYLINDRICAL_SURFACE('',#6496,0.4);
#5464=CYLINDRICAL_SURFACE('',#6502,0.01);
#5465=CYLINDRICAL_SURFACE('',#6507,0.4);
#5466=CYLINDRICAL_SURFACE('',#6510,0.01);
#5467=ADVANCED_FACE('',(#323),#5308,.T.);
#5468=ADVANCED_FACE('',(#324),#5309,.T.);
#5469=ADVANCED_FACE('',(#325),#136,.T.);
#5470=ADVANCED_FACE('',(#326),#5310,.T.);
#5471=ADVANCED_FACE('',(#327,#31,#32,#33,#34),#137,.T.);
#5472=ADVANCED_FACE('',(#328),#138,.T.);
#5473=ADVANCED_FACE('',(#329),#139,.F.);
#5474=ADVANCED_FACE('',(#330,#35,#36,#37,#38),#140,.T.);
#5475=ADVANCED_FACE('',(#331),#28,.F.);
#5476=ADVANCED_FACE('',(#332),#29,.F.);
#5477=ADVANCED_FACE('',(#333),#5311,.T.);
#5478=ADVANCED_FACE('',(#334),#17,.T.);
#5479=ADVANCED_FACE('',(#335),#5312,.T.);
#5480=ADVANCED_FACE('',(#336),#5313,.T.);
#5481=ADVANCED_FACE('',(#337),#18,.T.);
#5482=ADVANCED_FACE('',(#338,#39,#40,#41,#42,#43,#44,#45),#141,.T.);
#5483=ADVANCED_FACE('',(#339),#5314,.T.);
#5484=ADVANCED_FACE('',(#340),#5315,.T.);
#5485=ADVANCED_FACE('',(#341),#142,.T.);
#5486=ADVANCED_FACE('',(#342),#30,.F.);
#5487=ADVANCED_FACE('',(#343),#5316,.T.);
#5488=ADVANCED_FACE('',(#344),#5317,.T.);
#5489=ADVANCED_FACE('',(#345),#143,.T.);
#5490=ADVANCED_FACE('',(#346),#144,.T.);
#5491=ADVANCED_FACE('',(#347),#145,.T.);
#5492=ADVANCED_FACE('',(#348),#5318,.T.);
#5493=ADVANCED_FACE('',(#349),#5319,.F.);
#5494=ADVANCED_FACE('',(#350),#146,.T.);
#5495=ADVANCED_FACE('',(#351),#5320,.F.);
#5496=ADVANCED_FACE('',(#352),#147,.T.);
#5497=ADVANCED_FACE('',(#353),#5321,.F.);
#5498=ADVANCED_FACE('',(#354),#148,.T.);
#5499=ADVANCED_FACE('',(#355),#5322,.F.);
#5500=ADVANCED_FACE('',(#356),#149,.T.);
#5501=ADVANCED_FACE('',(#357),#5323,.F.);
#5502=ADVANCED_FACE('',(#358),#150,.T.);
#5503=ADVANCED_FACE('',(#359),#5324,.F.);
#5504=ADVANCED_FACE('',(#360),#151,.T.);
#5505=ADVANCED_FACE('',(#361),#5325,.F.);
#5506=ADVANCED_FACE('',(#362),#152,.T.);
#5507=ADVANCED_FACE('',(#363),#5326,.F.);
#5508=ADVANCED_FACE('',(#364,#46),#153,.T.);
#5509=ADVANCED_FACE('',(#365),#5327,.F.);
#5510=ADVANCED_FACE('',(#366,#47),#154,.T.);
#5511=ADVANCED_FACE('',(#367),#5328,.F.);
#5512=ADVANCED_FACE('',(#368,#48),#155,.T.);
#5513=ADVANCED_FACE('',(#369),#5329,.F.);
#5514=ADVANCED_FACE('',(#370,#49),#156,.T.);
#5515=ADVANCED_FACE('',(#371),#5330,.F.);
#5516=ADVANCED_FACE('',(#372,#50),#157,.T.);
#5517=ADVANCED_FACE('',(#373),#5331,.F.);
#5518=ADVANCED_FACE('',(#374,#51),#158,.T.);
#5519=ADVANCED_FACE('',(#375),#5332,.F.);
#5520=ADVANCED_FACE('',(#376,#52),#159,.T.);
#5521=ADVANCED_FACE('',(#377),#5333,.F.);
#5522=ADVANCED_FACE('',(#378),#160,.T.);
#5523=ADVANCED_FACE('',(#379),#5334,.F.);
#5524=ADVANCED_FACE('',(#380),#161,.T.);
#5525=ADVANCED_FACE('',(#381),#5335,.F.);
#5526=ADVANCED_FACE('',(#382),#162,.T.);
#5527=ADVANCED_FACE('',(#383),#5336,.F.);
#5528=ADVANCED_FACE('',(#384),#163,.T.);
#5529=ADVANCED_FACE('',(#385),#5337,.F.);
#5530=ADVANCED_FACE('',(#386,#53),#164,.T.);
#5531=ADVANCED_FACE('',(#387),#5338,.F.);
#5532=ADVANCED_FACE('',(#388,#54),#165,.T.);
#5533=ADVANCED_FACE('',(#389),#5339,.F.);
#5534=ADVANCED_FACE('',(#390,#55),#166,.T.);
#5535=ADVANCED_FACE('',(#391),#5340,.F.);
#5536=ADVANCED_FACE('',(#392,#56),#167,.T.);
#5537=ADVANCED_FACE('',(#393),#5341,.F.);
#5538=ADVANCED_FACE('',(#394),#168,.T.);
#5539=ADVANCED_FACE('',(#395),#5342,.F.);
#5540=ADVANCED_FACE('',(#396),#169,.T.);
#5541=ADVANCED_FACE('',(#397),#5343,.F.);
#5542=ADVANCED_FACE('',(#398),#170,.T.);
#5543=ADVANCED_FACE('',(#399),#5344,.F.);
#5544=ADVANCED_FACE('',(#400),#171,.T.);
#5545=ADVANCED_FACE('',(#401),#5345,.F.);
#5546=ADVANCED_FACE('',(#402,#57),#172,.T.);
#5547=ADVANCED_FACE('',(#403),#5346,.F.);
#5548=ADVANCED_FACE('',(#404,#58),#173,.T.);
#5549=ADVANCED_FACE('',(#405),#5347,.F.);
#5550=ADVANCED_FACE('',(#406,#59),#174,.T.);
#5551=ADVANCED_FACE('',(#407),#5348,.F.);
#5552=ADVANCED_FACE('',(#408,#60),#175,.T.);
#5553=ADVANCED_FACE('',(#409),#5349,.F.);
#5554=ADVANCED_FACE('',(#410),#176,.T.);
#5555=ADVANCED_FACE('',(#411),#5350,.F.);
#5556=ADVANCED_FACE('',(#412),#177,.T.);
#5557=ADVANCED_FACE('',(#413),#5351,.F.);
#5558=ADVANCED_FACE('',(#414),#178,.T.);
#5559=ADVANCED_FACE('',(#415),#5352,.F.);
#5560=ADVANCED_FACE('',(#416,#61),#179,.T.);
#5561=ADVANCED_FACE('',(#417),#5353,.F.);
#5562=ADVANCED_FACE('',(#418,#62),#180,.T.);
#5563=ADVANCED_FACE('',(#419),#5354,.F.);
#5564=ADVANCED_FACE('',(#420,#63),#181,.T.);
#5565=ADVANCED_FACE('',(#421),#5355,.F.);
#5566=ADVANCED_FACE('',(#422),#182,.T.);
#5567=ADVANCED_FACE('',(#423),#5356,.F.);
#5568=ADVANCED_FACE('',(#424),#183,.T.);
#5569=ADVANCED_FACE('',(#425),#5357,.F.);
#5570=ADVANCED_FACE('',(#426),#184,.T.);
#5571=ADVANCED_FACE('',(#427),#5358,.F.);
#5572=ADVANCED_FACE('',(#428),#185,.T.);
#5573=ADVANCED_FACE('',(#429),#5359,.F.);
#5574=ADVANCED_FACE('',(#430),#186,.T.);
#5575=ADVANCED_FACE('',(#431),#5360,.F.);
#5576=ADVANCED_FACE('',(#432),#187,.T.);
#5577=ADVANCED_FACE('',(#433),#5361,.F.);
#5578=ADVANCED_FACE('',(#434),#188,.T.);
#5579=ADVANCED_FACE('',(#435),#5362,.F.);
#5580=ADVANCED_FACE('',(#436),#189,.T.);
#5581=ADVANCED_FACE('',(#437),#5363,.F.);
#5582=ADVANCED_FACE('',(#438),#190,.T.);
#5583=ADVANCED_FACE('',(#439),#191,.T.);
#5584=ADVANCED_FACE('',(#440),#5364,.F.);
#5585=ADVANCED_FACE('',(#441),#192,.T.);
#5586=ADVANCED_FACE('',(#442),#5365,.F.);
#5587=ADVANCED_FACE('',(#443),#193,.T.);
#5588=ADVANCED_FACE('',(#444),#5366,.F.);
#5589=ADVANCED_FACE('',(#445),#194,.T.);
#5590=ADVANCED_FACE('',(#446),#5367,.F.);
#5591=ADVANCED_FACE('',(#447),#195,.T.);
#5592=ADVANCED_FACE('',(#448),#5368,.F.);
#5593=ADVANCED_FACE('',(#449),#196,.T.);
#5594=ADVANCED_FACE('',(#450),#5369,.F.);
#5595=ADVANCED_FACE('',(#451),#197,.T.);
#5596=ADVANCED_FACE('',(#452),#198,.T.);
#5597=ADVANCED_FACE('',(#453),#199,.T.);
#5598=ADVANCED_FACE('',(#454),#200,.F.);
#5599=ADVANCED_FACE('',(#455),#5370,.F.);
#5600=ADVANCED_FACE('',(#456,#64),#201,.T.);
#5601=ADVANCED_FACE('',(#457),#5371,.F.);
#5602=ADVANCED_FACE('',(#458,#65),#202,.T.);
#5603=ADVANCED_FACE('',(#459),#5372,.F.);
#5604=ADVANCED_FACE('',(#460,#66),#203,.T.);
#5605=ADVANCED_FACE('',(#461),#5373,.F.);
#5606=ADVANCED_FACE('',(#462,#67),#204,.T.);
#5607=ADVANCED_FACE('',(#463),#5374,.F.);
#5608=ADVANCED_FACE('',(#464,#68),#205,.T.);
#5609=ADVANCED_FACE('',(#465),#5375,.F.);
#5610=ADVANCED_FACE('',(#466,#69),#206,.T.);
#5611=ADVANCED_FACE('',(#467),#5376,.F.);
#5612=ADVANCED_FACE('',(#468,#70),#207,.T.);
#5613=ADVANCED_FACE('',(#469),#5377,.F.);
#5614=ADVANCED_FACE('',(#470,#71),#208,.T.);
#5615=ADVANCED_FACE('',(#471),#5378,.F.);
#5616=ADVANCED_FACE('',(#472,#72),#209,.T.);
#5617=ADVANCED_FACE('',(#473),#5379,.F.);
#5618=ADVANCED_FACE('',(#474,#73),#210,.T.);
#5619=ADVANCED_FACE('',(#475),#5380,.F.);
#5620=ADVANCED_FACE('',(#476,#74),#211,.T.);
#5621=ADVANCED_FACE('',(#477),#5381,.F.);
#5622=ADVANCED_FACE('',(#478,#75),#212,.T.);
#5623=ADVANCED_FACE('',(#479),#5382,.F.);
#5624=ADVANCED_FACE('',(#480,#76),#213,.T.);
#5625=ADVANCED_FACE('',(#481),#5383,.F.);
#5626=ADVANCED_FACE('',(#482,#77),#214,.T.);
#5627=ADVANCED_FACE('',(#483),#5384,.F.);
#5628=ADVANCED_FACE('',(#484,#78),#215,.T.);
#5629=ADVANCED_FACE('',(#485),#216,.T.);
#5630=ADVANCED_FACE('',(#486),#217,.T.);
#5631=ADVANCED_FACE('',(#487),#218,.T.);
#5632=ADVANCED_FACE('',(#488),#219,.T.);
#5633=ADVANCED_FACE('',(#489),#220,.T.);
#5634=ADVANCED_FACE('',(#490),#221,.T.);
#5635=ADVANCED_FACE('',(#491),#222,.T.);
#5636=ADVANCED_FACE('',(#492),#223,.T.);
#5637=ADVANCED_FACE('',(#493),#224,.T.);
#5638=ADVANCED_FACE('',(#494),#225,.T.);
#5639=ADVANCED_FACE('',(#495),#226,.T.);
#5640=ADVANCED_FACE('',(#496),#227,.T.);
#5641=ADVANCED_FACE('',(#497),#228,.T.);
#5642=ADVANCED_FACE('',(#498),#229,.T.);
#5643=ADVANCED_FACE('',(#499),#230,.T.);
#5644=ADVANCED_FACE('',(#500),#231,.T.);
#5645=ADVANCED_FACE('',(#501),#232,.T.);
#5646=ADVANCED_FACE('',(#502),#233,.T.);
#5647=ADVANCED_FACE('',(#503),#234,.T.);
#5648=ADVANCED_FACE('',(#504),#235,.T.);
#5649=ADVANCED_FACE('',(#505),#236,.T.);
#5650=ADVANCED_FACE('',(#506),#237,.T.);
#5651=ADVANCED_FACE('',(#507),#238,.T.);
#5652=ADVANCED_FACE('',(#508),#239,.T.);
#5653=ADVANCED_FACE('',(#509),#240,.T.);
#5654=ADVANCED_FACE('',(#510,#79),#5385,.F.);
#5655=ADVANCED_FACE('',(#511,#80),#5386,.F.);
#5656=ADVANCED_FACE('',(#512,#81),#5387,.F.);
#5657=ADVANCED_FACE('',(#513),#241,.T.);
#5658=ADVANCED_FACE('',(#514,#82),#5388,.F.);
#5659=ADVANCED_FACE('',(#515,#83),#5389,.F.);
#5660=ADVANCED_FACE('',(#516),#242,.T.);
#5661=ADVANCED_FACE('',(#517),#5390,.F.);
#5662=ADVANCED_FACE('',(#518),#243,.T.);
#5663=ADVANCED_FACE('',(#519),#5391,.F.);
#5664=ADVANCED_FACE('',(#520,#84),#244,.T.);
#5665=ADVANCED_FACE('',(#521),#5392,.F.);
#5666=ADVANCED_FACE('',(#522,#85),#245,.T.);
#5667=ADVANCED_FACE('',(#523),#5393,.F.);
#5668=ADVANCED_FACE('',(#524,#86),#246,.T.);
#5669=ADVANCED_FACE('',(#525),#5394,.F.);
#5670=ADVANCED_FACE('',(#526,#87),#247,.T.);
#5671=ADVANCED_FACE('',(#527),#5395,.F.);
#5672=ADVANCED_FACE('',(#528,#88),#248,.T.);
#5673=ADVANCED_FACE('',(#529),#5396,.F.);
#5674=ADVANCED_FACE('',(#530,#89),#249,.T.);
#5675=ADVANCED_FACE('',(#531),#250,.F.);
#5676=ADVANCED_FACE('',(#532),#251,.F.);
#5677=ADVANCED_FACE('',(#533),#5397,.T.);
#5678=ADVANCED_FACE('',(#534),#5398,.T.);
#5679=ADVANCED_FACE('',(#535),#252,.F.);
#5680=ADVANCED_FACE('',(#536),#253,.T.);
#5681=ADVANCED_FACE('',(#537),#5399,.T.);
#5682=ADVANCED_FACE('',(#538),#254,.F.);
#5683=ADVANCED_FACE('',(#539),#5400,.F.);
#5684=ADVANCED_FACE('',(#540),#5401,.T.);
#5685=ADVANCED_FACE('',(#541),#5402,.F.);
#5686=ADVANCED_FACE('',(#542),#255,.F.);
#5687=ADVANCED_FACE('',(#543),#5403,.F.);
#5688=ADVANCED_FACE('',(#544),#5404,.F.);
#5689=ADVANCED_FACE('',(#545),#5405,.T.);
#5690=ADVANCED_FACE('',(#546),#5406,.F.);
#5691=ADVANCED_FACE('',(#547,#90),#256,.T.);
#5692=ADVANCED_FACE('',(#548),#5407,.F.);
#5693=ADVANCED_FACE('',(#549,#91),#257,.F.);
#5694=ADVANCED_FACE('',(#550),#5408,.F.);
#5695=ADVANCED_FACE('',(#551),#5409,.T.);
#5696=ADVANCED_FACE('',(#552),#5410,.T.);
#5697=ADVANCED_FACE('',(#553),#5411,.F.);
#5698=ADVANCED_FACE('',(#554),#5412,.F.);
#5699=ADVANCED_FACE('',(#555,#92),#258,.T.);
#5700=ADVANCED_FACE('',(#556,#93),#259,.F.);
#5701=ADVANCED_FACE('',(#557,#94),#260,.F.);
#5702=ADVANCED_FACE('',(#558,#95),#261,.F.);
#5703=ADVANCED_FACE('',(#559),#5413,.F.);
#5704=ADVANCED_FACE('',(#560),#5414,.F.);
#5705=ADVANCED_FACE('',(#561,#96),#262,.T.);
#5706=ADVANCED_FACE('',(#562,#97),#263,.T.);
#5707=ADVANCED_FACE('',(#563),#5415,.F.);
#5708=ADVANCED_FACE('',(#564),#5416,.F.);
#5709=ADVANCED_FACE('',(#565),#5417,.F.);
#5710=ADVANCED_FACE('',(#566),#5418,.F.);
#5711=ADVANCED_FACE('',(#567),#5419,.F.);
#5712=ADVANCED_FACE('',(#568),#5420,.F.);
#5713=ADVANCED_FACE('',(#569),#264,.T.);
#5714=ADVANCED_FACE('',(#570,#98),#265,.T.);
#5715=ADVANCED_FACE('',(#571),#266,.T.);
#5716=ADVANCED_FACE('',(#572),#267,.F.);
#5717=ADVANCED_FACE('',(#573,#99),#268,.F.);
#5718=ADVANCED_FACE('',(#574),#269,.F.);
#5719=ADVANCED_FACE('',(#575),#270,.T.);
#5720=ADVANCED_FACE('',(#576),#5421,.F.);
#5721=ADVANCED_FACE('',(#577),#5422,.F.);
#5722=ADVANCED_FACE('',(#578),#5423,.T.);
#5723=ADVANCED_FACE('',(#579),#5424,.F.);
#5724=ADVANCED_FACE('',(#580),#271,.F.);
#5725=ADVANCED_FACE('',(#581),#5425,.F.);
#5726=ADVANCED_FACE('',(#582),#5426,.F.);
#5727=ADVANCED_FACE('',(#583),#5427,.T.);
#5728=ADVANCED_FACE('',(#584),#5428,.F.);
#5729=ADVANCED_FACE('',(#585),#272,.F.);
#5730=ADVANCED_FACE('',(#586),#273,.T.);
#5731=ADVANCED_FACE('',(#587),#274,.T.);
#5732=ADVANCED_FACE('',(#588),#5429,.F.);
#5733=ADVANCED_FACE('',(#589),#5430,.F.);
#5734=ADVANCED_FACE('',(#590),#5431,.T.);
#5735=ADVANCED_FACE('',(#591),#5432,.T.);
#5736=ADVANCED_FACE('',(#592),#5433,.F.);
#5737=ADVANCED_FACE('',(#593),#5434,.F.);
#5738=ADVANCED_FACE('',(#594),#275,.T.);
#5739=ADVANCED_FACE('',(#595),#276,.T.);
#5740=ADVANCED_FACE('',(#596),#5435,.T.);
#5741=ADVANCED_FACE('',(#597),#5436,.T.);
#5742=ADVANCED_FACE('',(#598),#277,.F.);
#5743=ADVANCED_FACE('',(#599),#278,.T.);
#5744=ADVANCED_FACE('',(#600),#5437,.F.);
#5745=ADVANCED_FACE('',(#601),#5438,.T.);
#5746=ADVANCED_FACE('',(#602),#279,.T.);
#5747=ADVANCED_FACE('',(#603),#5439,.F.);
#5748=ADVANCED_FACE('',(#604),#280,.T.);
#5749=ADVANCED_FACE('',(#605),#281,.T.);
#5750=ADVANCED_FACE('',(#606),#282,.T.);
#5751=ADVANCED_FACE('',(#607),#283,.F.);
#5752=ADVANCED_FACE('',(#608),#284,.T.);
#5753=ADVANCED_FACE('',(#609),#285,.T.);
#5754=ADVANCED_FACE('',(#610),#5440,.T.);
#5755=ADVANCED_FACE('',(#611),#5441,.T.);
#5756=ADVANCED_FACE('',(#612),#5442,.F.);
#5757=ADVANCED_FACE('',(#613),#5443,.F.);
#5758=ADVANCED_FACE('',(#614),#286,.T.);
#5759=ADVANCED_FACE('',(#615),#287,.T.);
#5760=ADVANCED_FACE('',(#616),#5444,.T.);
#5761=ADVANCED_FACE('',(#617),#5445,.T.);
#5762=ADVANCED_FACE('',(#618),#5446,.F.);
#5763=ADVANCED_FACE('',(#619),#5447,.F.);
#5764=ADVANCED_FACE('',(#620),#5448,.F.);
#5765=ADVANCED_FACE('',(#621),#5449,.F.);
#5766=ADVANCED_FACE('',(#622),#288,.F.);
#5767=ADVANCED_FACE('',(#623),#289,.F.);
#5768=ADVANCED_FACE('',(#624),#290,.T.);
#5769=ADVANCED_FACE('',(#625),#5450,.T.);
#5770=ADVANCED_FACE('',(#626),#5451,.T.);
#5771=ADVANCED_FACE('',(#627),#5452,.F.);
#5772=ADVANCED_FACE('',(#628),#5453,.F.);
#5773=ADVANCED_FACE('',(#629),#5454,.F.);
#5774=ADVANCED_FACE('',(#630),#5455,.F.);
#5775=ADVANCED_FACE('',(#631),#291,.F.);
#5776=ADVANCED_FACE('',(#632),#292,.F.);
#5777=ADVANCED_FACE('',(#633),#293,.F.);
#5778=ADVANCED_FACE('',(#634),#294,.F.);
#5779=ADVANCED_FACE('',(#635),#5456,.F.);
#5780=ADVANCED_FACE('',(#636),#5457,.F.);
#5781=ADVANCED_FACE('',(#637),#295,.F.);
#5782=ADVANCED_FACE('',(#638),#296,.F.);
#5783=ADVANCED_FACE('',(#639),#5458,.T.);
#5784=ADVANCED_FACE('',(#640),#297,.T.);
#5785=ADVANCED_FACE('',(#641),#298,.F.);
#5786=ADVANCED_FACE('',(#642),#5459,.F.);
#5787=ADVANCED_FACE('',(#643),#299,.F.);
#5788=ADVANCED_FACE('',(#644),#5460,.T.);
#5789=ADVANCED_FACE('',(#645),#5461,.T.);
#5790=ADVANCED_FACE('',(#646),#300,.F.);
#5791=ADVANCED_FACE('',(#647),#301,.F.);
#5792=ADVANCED_FACE('',(#648),#5462,.F.);
#5793=ADVANCED_FACE('',(#649),#302,.F.);
#5794=ADVANCED_FACE('',(#650),#303,.T.);
#5795=ADVANCED_FACE('',(#651),#15,.T.);
#5796=ADVANCED_FACE('',(#652),#5463,.T.);
#5797=ADVANCED_FACE('',(#653),#16,.T.);
#5798=ADVANCED_FACE('',(#654,#100,#101,#102,#103,#104),#304,.F.);
#5799=ADVANCED_FACE('',(#655),#305,.F.);
#5800=ADVANCED_FACE('',(#656),#5464,.T.);
#5801=ADVANCED_FACE('',(#657,#105,#106,#107,#108,#109),#306,.T.);
#5802=ADVANCED_FACE('',(#658),#307,.F.);
#5803=ADVANCED_FACE('',(#659),#5465,.T.);
#5804=ADVANCED_FACE('',(#660),#308,.F.);
#5805=ADVANCED_FACE('',(#661),#5466,.T.);
#5806=ADVANCED_FACE('',(#662),#309,.F.);
#5807=ADVANCED_FACE('',(#663),#310,.T.);
#5808=ADVANCED_FACE('',(#664),#311,.T.);
#5809=ADVANCED_FACE('',(#665),#312,.T.);
#5810=ADVANCED_FACE('',(#666),#313,.T.);
#5811=ADVANCED_FACE('',(#667,#110,#111,#112,#113,#114,#115,#116,#117,#118,
#119,#120,#121,#122,#123,#124,#125,#126,#127,#128),#314,.T.);
#5812=ADVANCED_FACE('',(#668),#315,.T.);
#5813=ADVANCED_FACE('',(#669),#316,.T.);
#5814=ADVANCED_FACE('',(#670),#317,.T.);
#5815=ADVANCED_FACE('',(#671),#318,.T.);
#5816=ADVANCED_FACE('',(#672,#129,#130,#131,#132,#133,#134,#135),#319,.T.);
#5817=ADVANCED_FACE('',(#673),#320,.T.);
#5818=ADVANCED_FACE('',(#674),#321,.F.);
#5819=ADVANCED_FACE('',(#675),#322,.F.);
#5820=CLOSED_SHELL('',(#5467,#5468,#5469,#5470,#5471,#5472,#5473,#5474,
#5475,#5476,#5477,#5478,#5479,#5480,#5481,#5482,#5483,#5484,#5485,#5486,
#5487,#5488,#5489,#5490,#5491,#5492,#5493,#5494,#5495,#5496,#5497,#5498,
#5499,#5500,#5501,#5502,#5503,#5504,#5505,#5506,#5507,#5508,#5509,#5510,
#5511,#5512,#5513,#5514,#5515,#5516,#5517,#5518,#5519,#5520,#5521,#5522,
#5523,#5524,#5525,#5526,#5527,#5528,#5529,#5530,#5531,#5532,#5533,#5534,
#5535,#5536,#5537,#5538,#5539,#5540,#5541,#5542,#5543,#5544,#5545,#5546,
#5547,#5548,#5549,#5550,#5551,#5552,#5553,#5554,#5555,#5556,#5557,#5558,
#5559,#5560,#5561,#5562,#5563,#5564,#5565,#5566,#5567,#5568,#5569,#5570,
#5571,#5572,#5573,#5574,#5575,#5576,#5577,#5578,#5579,#5580,#5581,#5582,
#5583,#5584,#5585,#5586,#5587,#5588,#5589,#5590,#5591,#5592,#5593,#5594,
#5595,#5596,#5597,#5598,#5599,#5600,#5601,#5602,#5603,#5604,#5605,#5606,
#5607,#5608,#5609,#5610,#5611,#5612,#5613,#5614,#5615,#5616,#5617,#5618,
#5619,#5620,#5621,#5622,#5623,#5624,#5625,#5626,#5627,#5628,#5629,#5630,
#5631,#5632,#5633,#5634,#5635,#5636,#5637,#5638,#5639,#5640,#5641,#5642,
#5643,#5644,#5645,#5646,#5647,#5648,#5649,#5650,#5651,#5652,#5653,#5654,
#5655,#5656,#5657,#5658,#5659,#5660,#5661,#5662,#5663,#5664,#5665,#5666,
#5667,#5668,#5669,#5670,#5671,#5672,#5673,#5674,#5675,#5676,#5677,#5678,
#5679,#5680,#5681,#5682,#5683,#5684,#5685,#5686,#5687,#5688,#5689,#5690,
#5691,#5692,#5693,#5694,#5695,#5696,#5697,#5698,#5699,#5700,#5701,#5702,
#5703,#5704,#5705,#5706,#5707,#5708,#5709,#5710,#5711,#5712,#5713,#5714,
#5715,#5716,#5717,#5718,#5719,#5720,#5721,#5722,#5723,#5724,#5725,#5726,
#5727,#5728,#5729,#5730,#5731,#5732,#5733,#5734,#5735,#5736,#5737,#5738,
#5739,#5740,#5741,#5742,#5743,#5744,#5745,#5746,#5747,#5748,#5749,#5750,
#5751,#5752,#5753,#5754,#5755,#5756,#5757,#5758,#5759,#5760,#5761,#5762,
#5763,#5764,#5765,#5766,#5767,#5768,#5769,#5770,#5771,#5772,#5773,#5774,
#5775,#5776,#5777,#5778,#5779,#5780,#5781,#5782,#5783,#5784,#5785,#5786,
#5787,#5788,#5789,#5790,#5791,#5792,#5793,#5794,#5795,#5796,#5797,#5798,
#5799,#5800,#5801,#5802,#5803,#5804,#5805,#5806,#5807,#5808,#5809,#5810,
#5811,#5812,#5813,#5814,#5815,#5816,#5817,#5818,#5819));
#5821=AXIS2_PLACEMENT_3D('',#8378,#6525,#6526);
#5822=AXIS2_PLACEMENT_3D('',#8379,#6527,#6528);
#5823=AXIS2_PLACEMENT_3D('',#8414,#6532,#6533);
#5824=AXIS2_PLACEMENT_3D('',#8417,#6535,#6536);
#5825=AXIS2_PLACEMENT_3D('',#8418,#6537,#6538);
#5826=AXIS2_PLACEMENT_3D('',#8420,#6539,#6540);
#5827=AXIS2_PLACEMENT_3D('',#8424,#6542,#6543);
#5828=AXIS2_PLACEMENT_3D('',#8426,#6545,#6546);
#5829=AXIS2_PLACEMENT_3D('',#8428,#6548,#6549);
#5830=AXIS2_PLACEMENT_3D('',#8432,#6551,#6552);
#5831=AXIS2_PLACEMENT_3D('',#8435,#6554,#6555);
#5832=AXIS2_PLACEMENT_3D('',#8436,#6556,#6557);
#5833=AXIS2_PLACEMENT_3D('',#8452,#6565,#6566);
#5834=AXIS2_PLACEMENT_3D('',#8457,#6569,#6570);
#5835=AXIS2_PLACEMENT_3D('',#8459,#6571,#6572);
#5836=AXIS2_PLACEMENT_3D('',#8461,#6573,#6574);
#5837=AXIS2_PLACEMENT_3D('',#8463,#6575,#6576);
#5838=AXIS2_PLACEMENT_3D('',#8464,#6577,#6578);
#5839=AXIS2_PLACEMENT_3D('',#8466,#6580,#6581);
#5840=AXIS2_PLACEMENT_3D('',#8472,#6585,#6586);
#5841=AXIS2_PLACEMENT_3D('',#8478,#6589,#6590);
#5842=AXIS2_PLACEMENT_3D('',#8491,#6597,#6598);
#5843=AXIS2_PLACEMENT_3D('',#8493,#6599,#6600);
#5844=AXIS2_PLACEMENT_3D('',#8495,#6601,#6602);
#5845=AXIS2_PLACEMENT_3D('',#8497,#6603,#6604);
#5846=AXIS2_PLACEMENT_3D('',#8547,#6605,#6606);
#5847=AXIS2_PLACEMENT_3D('',#8549,#6607,#6608);
#5848=AXIS2_PLACEMENT_3D('',#8550,#6609,#6610);
#5849=AXIS2_PLACEMENT_3D('',#8595,#6611,#6612);
#5850=AXIS2_PLACEMENT_3D('',#8596,#6613,#6614);
#5851=AXIS2_PLACEMENT_3D('',#8597,#6615,#6616);
#5852=AXIS2_PLACEMENT_3D('',#8598,#6617,#6618);
#5853=AXIS2_PLACEMENT_3D('',#8602,#6620,#6621);
#5854=AXIS2_PLACEMENT_3D('',#8603,#6622,#6623);
#5855=AXIS2_PLACEMENT_3D('',#8627,#6624,#6625);
#5856=AXIS2_PLACEMENT_3D('',#8630,#6628,#6629);
#5857=AXIS2_PLACEMENT_3D('',#8632,#6630,#6631);
#5858=AXIS2_PLACEMENT_3D('',#8634,#6632,#6633);
#5859=AXIS2_PLACEMENT_3D('',#8659,#6635,#6636);
#5860=AXIS2_PLACEMENT_3D('',#8666,#6640,#6641);
#5861=AXIS2_PLACEMENT_3D('',#8668,#6642,#6643);
#5862=AXIS2_PLACEMENT_3D('',#8670,#6644,#6645);
#5863=AXIS2_PLACEMENT_3D('',#8672,#6646,#6647);
#5864=AXIS2_PLACEMENT_3D('',#8674,#6648,#6649);
#5865=AXIS2_PLACEMENT_3D('',#8676,#6650,#6651);
#5866=AXIS2_PLACEMENT_3D('',#8678,#6652,#6653);
#5867=AXIS2_PLACEMENT_3D('',#8679,#6654,#6655);
#5868=AXIS2_PLACEMENT_3D('',#8680,#6656,#6657);
#5869=AXIS2_PLACEMENT_3D('',#8681,#6658,#6659);
#5870=AXIS2_PLACEMENT_3D('',#8682,#6660,#6661);
#5871=AXIS2_PLACEMENT_3D('',#8683,#6662,#6663);
#5872=AXIS2_PLACEMENT_3D('',#8722,#6665,#6666);
#5873=AXIS2_PLACEMENT_3D('',#8723,#6667,#6668);
#5874=AXIS2_PLACEMENT_3D('',#8724,#6669,#6670);
#5875=AXIS2_PLACEMENT_3D('',#8725,#6671,#6672);
#5876=AXIS2_PLACEMENT_3D('',#8728,#6674,#6675);
#5877=AXIS2_PLACEMENT_3D('',#8729,#6676,#6677);
#5878=AXIS2_PLACEMENT_3D('',#8733,#6679,#6680);
#5879=AXIS2_PLACEMENT_3D('',#8743,#6686,#6687);
#5880=AXIS2_PLACEMENT_3D('',#8749,#6691,#6692);
#5881=AXIS2_PLACEMENT_3D('',#8755,#6696,#6697);
#5882=AXIS2_PLACEMENT_3D('',#8759,#6700,#6701);
#5883=AXIS2_PLACEMENT_3D('',#8761,#6702,#6703);
#5884=AXIS2_PLACEMENT_3D('',#8763,#6705,#6706);
#5885=AXIS2_PLACEMENT_3D('',#8765,#6707,#6708);
#5886=AXIS2_PLACEMENT_3D('',#8768,#6710,#6711);
#5887=AXIS2_PLACEMENT_3D('',#8769,#6712,#6713);
#5888=AXIS2_PLACEMENT_3D('',#8770,#6714,#6715);
#5889=AXIS2_PLACEMENT_3D('',#8772,#6716,#6717);
#5890=AXIS2_PLACEMENT_3D('',#8775,#6719,#6720);
#5891=AXIS2_PLACEMENT_3D('',#8776,#6721,#6722);
#5892=AXIS2_PLACEMENT_3D('',#8777,#6723,#6724);
#5893=AXIS2_PLACEMENT_3D('',#8779,#6725,#6726);
#5894=AXIS2_PLACEMENT_3D('',#8782,#6728,#6729);
#5895=AXIS2_PLACEMENT_3D('',#8783,#6730,#6731);
#5896=AXIS2_PLACEMENT_3D('',#8784,#6732,#6733);
#5897=AXIS2_PLACEMENT_3D('',#8786,#6734,#6735);
#5898=AXIS2_PLACEMENT_3D('',#8789,#6737,#6738);
#5899=AXIS2_PLACEMENT_3D('',#8790,#6739,#6740);
#5900=AXIS2_PLACEMENT_3D('',#8791,#6741,#6742);
#5901=AXIS2_PLACEMENT_3D('',#8793,#6743,#6744);
#5902=AXIS2_PLACEMENT_3D('',#8796,#6746,#6747);
#5903=AXIS2_PLACEMENT_3D('',#8797,#6748,#6749);
#5904=AXIS2_PLACEMENT_3D('',#8798,#6750,#6751);
#5905=AXIS2_PLACEMENT_3D('',#8800,#6752,#6753);
#5906=AXIS2_PLACEMENT_3D('',#8803,#6755,#6756);
#5907=AXIS2_PLACEMENT_3D('',#8804,#6757,#6758);
#5908=AXIS2_PLACEMENT_3D('',#8805,#6759,#6760);
#5909=AXIS2_PLACEMENT_3D('',#8807,#6761,#6762);
#5910=AXIS2_PLACEMENT_3D('',#8810,#6764,#6765);
#5911=AXIS2_PLACEMENT_3D('',#8811,#6766,#6767);
#5912=AXIS2_PLACEMENT_3D('',#8812,#6768,#6769);
#5913=AXIS2_PLACEMENT_3D('',#8815,#6771,#6772);
#5914=AXIS2_PLACEMENT_3D('',#8816,#6773,#6774);
#5915=AXIS2_PLACEMENT_3D('',#8817,#6775,#6776);
#5916=AXIS2_PLACEMENT_3D('',#8820,#6778,#6779);
#5917=AXIS2_PLACEMENT_3D('',#8821,#6780,#6781);
#5918=AXIS2_PLACEMENT_3D('',#8822,#6782,#6783);
#5919=AXIS2_PLACEMENT_3D('',#8825,#6785,#6786);
#5920=AXIS2_PLACEMENT_3D('',#8826,#6787,#6788);
#5921=AXIS2_PLACEMENT_3D('',#8827,#6789,#6790);
#5922=AXIS2_PLACEMENT_3D('',#8830,#6792,#6793);
#5923=AXIS2_PLACEMENT_3D('',#8831,#6794,#6795);
#5924=AXIS2_PLACEMENT_3D('',#8832,#6796,#6797);
#5925=AXIS2_PLACEMENT_3D('',#8835,#6799,#6800);
#5926=AXIS2_PLACEMENT_3D('',#8836,#6801,#6802);
#5927=AXIS2_PLACEMENT_3D('',#8837,#6803,#6804);
#5928=AXIS2_PLACEMENT_3D('',#8840,#6806,#6807);
#5929=AXIS2_PLACEMENT_3D('',#8841,#6808,#6809);
#5930=AXIS2_PLACEMENT_3D('',#8842,#6810,#6811);
#5931=AXIS2_PLACEMENT_3D('',#8845,#6813,#6814);
#5932=AXIS2_PLACEMENT_3D('',#8846,#6815,#6816);
#5933=AXIS2_PLACEMENT_3D('',#8847,#6817,#6818);
#5934=AXIS2_PLACEMENT_3D('',#8849,#6819,#6820);
#5935=AXIS2_PLACEMENT_3D('',#8852,#6822,#6823);
#5936=AXIS2_PLACEMENT_3D('',#8853,#6824,#6825);
#5937=AXIS2_PLACEMENT_3D('',#8854,#6826,#6827);
#5938=AXIS2_PLACEMENT_3D('',#8856,#6828,#6829);
#5939=AXIS2_PLACEMENT_3D('',#8859,#6831,#6832);
#5940=AXIS2_PLACEMENT_3D('',#8860,#6833,#6834);
#5941=AXIS2_PLACEMENT_3D('',#8861,#6835,#6836);
#5942=AXIS2_PLACEMENT_3D('',#8863,#6837,#6838);
#5943=AXIS2_PLACEMENT_3D('',#8866,#6840,#6841);
#5944=AXIS2_PLACEMENT_3D('',#8867,#6842,#6843);
#5945=AXIS2_PLACEMENT_3D('',#8868,#6844,#6845);
#5946=AXIS2_PLACEMENT_3D('',#8870,#6846,#6847);
#5947=AXIS2_PLACEMENT_3D('',#8873,#6849,#6850);
#5948=AXIS2_PLACEMENT_3D('',#8874,#6851,#6852);
#5949=AXIS2_PLACEMENT_3D('',#8875,#6853,#6854);
#5950=AXIS2_PLACEMENT_3D('',#8877,#6855,#6856);
#5951=AXIS2_PLACEMENT_3D('',#8880,#6858,#6859);
#5952=AXIS2_PLACEMENT_3D('',#8881,#6860,#6861);
#5953=AXIS2_PLACEMENT_3D('',#8882,#6862,#6863);
#5954=AXIS2_PLACEMENT_3D('',#8884,#6864,#6865);
#5955=AXIS2_PLACEMENT_3D('',#8887,#6867,#6868);
#5956=AXIS2_PLACEMENT_3D('',#8888,#6869,#6870);
#5957=AXIS2_PLACEMENT_3D('',#8889,#6871,#6872);
#5958=AXIS2_PLACEMENT_3D('',#8891,#6873,#6874);
#5959=AXIS2_PLACEMENT_3D('',#8894,#6876,#6877);
#5960=AXIS2_PLACEMENT_3D('',#8895,#6878,#6879);
#5961=AXIS2_PLACEMENT_3D('',#8896,#6880,#6881);
#5962=AXIS2_PLACEMENT_3D('',#8898,#6882,#6883);
#5963=AXIS2_PLACEMENT_3D('',#8901,#6885,#6886);
#5964=AXIS2_PLACEMENT_3D('',#8902,#6887,#6888);
#5965=AXIS2_PLACEMENT_3D('',#8903,#6889,#6890);
#5966=AXIS2_PLACEMENT_3D('',#8905,#6891,#6892);
#5967=AXIS2_PLACEMENT_3D('',#8908,#6894,#6895);
#5968=AXIS2_PLACEMENT_3D('',#8909,#6896,#6897);
#5969=AXIS2_PLACEMENT_3D('',#8910,#6898,#6899);
#5970=AXIS2_PLACEMENT_3D('',#8912,#6900,#6901);
#5971=AXIS2_PLACEMENT_3D('',#8915,#6903,#6904);
#5972=AXIS2_PLACEMENT_3D('',#8916,#6905,#6906);
#5973=AXIS2_PLACEMENT_3D('',#8917,#6907,#6908);
#5974=AXIS2_PLACEMENT_3D('',#8919,#6909,#6910);
#5975=AXIS2_PLACEMENT_3D('',#8922,#6912,#6913);
#5976=AXIS2_PLACEMENT_3D('',#8923,#6914,#6915);
#5977=AXIS2_PLACEMENT_3D('',#8924,#6916,#6917);
#5978=AXIS2_PLACEMENT_3D('',#8926,#6918,#6919);
#5979=AXIS2_PLACEMENT_3D('',#8929,#6921,#6922);
#5980=AXIS2_PLACEMENT_3D('',#8930,#6923,#6924);
#5981=AXIS2_PLACEMENT_3D('',#8931,#6925,#6926);
#5982=AXIS2_PLACEMENT_3D('',#8934,#6928,#6929);
#5983=AXIS2_PLACEMENT_3D('',#8935,#6930,#6931);
#5984=AXIS2_PLACEMENT_3D('',#8936,#6932,#6933);
#5985=AXIS2_PLACEMENT_3D('',#8939,#6935,#6936);
#5986=AXIS2_PLACEMENT_3D('',#8940,#6937,#6938);
#5987=AXIS2_PLACEMENT_3D('',#8941,#6939,#6940);
#5988=AXIS2_PLACEMENT_3D('',#8944,#6942,#6943);
#5989=AXIS2_PLACEMENT_3D('',#8945,#6944,#6945);
#5990=AXIS2_PLACEMENT_3D('',#8946,#6946,#6947);
#5991=AXIS2_PLACEMENT_3D('',#8949,#6949,#6950);
#5992=AXIS2_PLACEMENT_3D('',#8950,#6951,#6952);
#5993=AXIS2_PLACEMENT_3D('',#8951,#6953,#6954);
#5994=AXIS2_PLACEMENT_3D('',#8953,#6955,#6956);
#5995=AXIS2_PLACEMENT_3D('',#8956,#6958,#6959);
#5996=AXIS2_PLACEMENT_3D('',#8957,#6960,#6961);
#5997=AXIS2_PLACEMENT_3D('',#8958,#6962,#6963);
#5998=AXIS2_PLACEMENT_3D('',#8960,#6964,#6965);
#5999=AXIS2_PLACEMENT_3D('',#8963,#6967,#6968);
#6000=AXIS2_PLACEMENT_3D('',#8964,#6969,#6970);
#6001=AXIS2_PLACEMENT_3D('',#8965,#6971,#6972);
#6002=AXIS2_PLACEMENT_3D('',#8967,#6973,#6974);
#6003=AXIS2_PLACEMENT_3D('',#8970,#6976,#6977);
#6004=AXIS2_PLACEMENT_3D('',#8971,#6978,#6979);
#6005=AXIS2_PLACEMENT_3D('',#8972,#6980,#6981);
#6006=AXIS2_PLACEMENT_3D('',#8975,#6983,#6984);
#6007=AXIS2_PLACEMENT_3D('',#8976,#6985,#6986);
#6008=AXIS2_PLACEMENT_3D('',#8977,#6987,#6988);
#6009=AXIS2_PLACEMENT_3D('',#8980,#6990,#6991);
#6010=AXIS2_PLACEMENT_3D('',#8981,#6992,#6993);
#6011=AXIS2_PLACEMENT_3D('',#8982,#6994,#6995);
#6012=AXIS2_PLACEMENT_3D('',#8985,#6997,#6998);
#6013=AXIS2_PLACEMENT_3D('',#8986,#6999,#7000);
#6014=AXIS2_PLACEMENT_3D('',#8987,#7001,#7002);
#6015=AXIS2_PLACEMENT_3D('',#8989,#7003,#7004);
#6016=AXIS2_PLACEMENT_3D('',#8992,#7006,#7007);
#6017=AXIS2_PLACEMENT_3D('',#8993,#7008,#7009);
#6018=AXIS2_PLACEMENT_3D('',#8994,#7010,#7011);
#6019=AXIS2_PLACEMENT_3D('',#8996,#7012,#7013);
#6020=AXIS2_PLACEMENT_3D('',#8999,#7015,#7016);
#6021=AXIS2_PLACEMENT_3D('',#9000,#7017,#7018);
#6022=AXIS2_PLACEMENT_3D('',#9001,#7019,#7020);
#6023=AXIS2_PLACEMENT_3D('',#9003,#7021,#7022);
#6024=AXIS2_PLACEMENT_3D('',#9006,#7024,#7025);
#6025=AXIS2_PLACEMENT_3D('',#9007,#7026,#7027);
#6026=AXIS2_PLACEMENT_3D('',#9008,#7028,#7029);
#6027=AXIS2_PLACEMENT_3D('',#9010,#7030,#7031);
#6028=AXIS2_PLACEMENT_3D('',#9013,#7033,#7034);
#6029=AXIS2_PLACEMENT_3D('',#9014,#7035,#7036);
#6030=AXIS2_PLACEMENT_3D('',#9015,#7037,#7038);
#6031=AXIS2_PLACEMENT_3D('',#9017,#7039,#7040);
#6032=AXIS2_PLACEMENT_3D('',#9020,#7042,#7043);
#6033=AXIS2_PLACEMENT_3D('',#9021,#7044,#7045);
#6034=AXIS2_PLACEMENT_3D('',#9022,#7046,#7047);
#6035=AXIS2_PLACEMENT_3D('',#9024,#7048,#7049);
#6036=AXIS2_PLACEMENT_3D('',#9027,#7051,#7052);
#6037=AXIS2_PLACEMENT_3D('',#9028,#7053,#7054);
#6038=AXIS2_PLACEMENT_3D('',#9029,#7055,#7056);
#6039=AXIS2_PLACEMENT_3D('',#9031,#7057,#7058);
#6040=AXIS2_PLACEMENT_3D('',#9034,#7060,#7061);
#6041=AXIS2_PLACEMENT_3D('',#9035,#7062,#7063);
#6042=AXIS2_PLACEMENT_3D('',#9036,#7064,#7065);
#6043=AXIS2_PLACEMENT_3D('',#9038,#7066,#7067);
#6044=AXIS2_PLACEMENT_3D('',#9041,#7069,#7070);
#6045=AXIS2_PLACEMENT_3D('',#9042,#7071,#7072);
#6046=AXIS2_PLACEMENT_3D('',#9043,#7073,#7074);
#6047=AXIS2_PLACEMENT_3D('',#9045,#7075,#7076);
#6048=AXIS2_PLACEMENT_3D('',#9048,#7078,#7079);
#6049=AXIS2_PLACEMENT_3D('',#9049,#7080,#7081);
#6050=AXIS2_PLACEMENT_3D('',#9050,#7082,#7083);
#6051=AXIS2_PLACEMENT_3D('',#9055,#7085,#7086);
#6052=AXIS2_PLACEMENT_3D('',#9056,#7087,#7088);
#6053=AXIS2_PLACEMENT_3D('',#9057,#7089,#7090);
#6054=AXIS2_PLACEMENT_3D('',#9059,#7091,#7092);
#6055=AXIS2_PLACEMENT_3D('',#9064,#7095,#7096);
#6056=AXIS2_PLACEMENT_3D('',#9066,#7098,#7099);
#6057=AXIS2_PLACEMENT_3D('',#9071,#7101,#7102);
#6058=AXIS2_PLACEMENT_3D('',#9072,#7103,#7104);
#6059=AXIS2_PLACEMENT_3D('',#9073,#7105,#7106);
#6060=AXIS2_PLACEMENT_3D('',#9075,#7107,#7108);
#6061=AXIS2_PLACEMENT_3D('',#9080,#7111,#7112);
#6062=AXIS2_PLACEMENT_3D('',#9082,#7114,#7115);
#6063=AXIS2_PLACEMENT_3D('',#9087,#7117,#7118);
#6064=AXIS2_PLACEMENT_3D('',#9088,#7119,#7120);
#6065=AXIS2_PLACEMENT_3D('',#9089,#7121,#7122);
#6066=AXIS2_PLACEMENT_3D('',#9091,#7123,#7124);
#6067=AXIS2_PLACEMENT_3D('',#9096,#7127,#7128);
#6068=AXIS2_PLACEMENT_3D('',#9098,#7130,#7131);
#6069=AXIS2_PLACEMENT_3D('',#9103,#7133,#7134);
#6070=AXIS2_PLACEMENT_3D('',#9104,#7135,#7136);
#6071=AXIS2_PLACEMENT_3D('',#9105,#7137,#7138);
#6072=AXIS2_PLACEMENT_3D('',#9107,#7139,#7140);
#6073=AXIS2_PLACEMENT_3D('',#9112,#7143,#7144);
#6074=AXIS2_PLACEMENT_3D('',#9114,#7146,#7147);
#6075=AXIS2_PLACEMENT_3D('',#9119,#7149,#7150);
#6076=AXIS2_PLACEMENT_3D('',#9121,#7151,#7152);
#6077=AXIS2_PLACEMENT_3D('',#9123,#7154,#7155);
#6078=AXIS2_PLACEMENT_3D('',#9125,#7156,#7157);
#6079=AXIS2_PLACEMENT_3D('',#9130,#7160,#7161);
#6080=AXIS2_PLACEMENT_3D('',#9132,#7163,#7164);
#6081=AXIS2_PLACEMENT_3D('',#9136,#7166,#7167);
#6082=AXIS2_PLACEMENT_3D('',#9137,#7168,#7169);
#6083=AXIS2_PLACEMENT_3D('',#9139,#7170,#7171);
#6084=AXIS2_PLACEMENT_3D('',#9143,#7173,#7174);
#6085=AXIS2_PLACEMENT_3D('',#9147,#7177,#7178);
#6086=AXIS2_PLACEMENT_3D('',#9148,#7179,#7180);
#6087=AXIS2_PLACEMENT_3D('',#9154,#7183,#7184);
#6088=AXIS2_PLACEMENT_3D('',#9163,#7189,#7190);
#6089=AXIS2_PLACEMENT_3D('',#9172,#7195,#7196);
#6090=AXIS2_PLACEMENT_3D('',#9176,#7199,#7200);
#6091=AXIS2_PLACEMENT_3D('',#9182,#7203,#7204);
#6092=AXIS2_PLACEMENT_3D('',#9191,#7209,#7210);
#6093=AXIS2_PLACEMENT_3D('',#9199,#7216,#7217);
#6094=AXIS2_PLACEMENT_3D('',#9203,#7220,#7221);
#6095=AXIS2_PLACEMENT_3D('',#9216,#7229,#7230);
#6096=AXIS2_PLACEMENT_3D('',#9218,#7231,#7232);
#6097=AXIS2_PLACEMENT_3D('',#9221,#7234,#7235);
#6098=AXIS2_PLACEMENT_3D('',#9222,#7236,#7237);
#6099=AXIS2_PLACEMENT_3D('',#9223,#7238,#7239);
#6100=AXIS2_PLACEMENT_3D('',#9225,#7240,#7241);
#6101=AXIS2_PLACEMENT_3D('',#9228,#7243,#7244);
#6102=AXIS2_PLACEMENT_3D('',#9229,#7245,#7246);
#6103=AXIS2_PLACEMENT_3D('',#9230,#7247,#7248);
#6104=AXIS2_PLACEMENT_3D('',#9232,#7249,#7250);
#6105=AXIS2_PLACEMENT_3D('',#9235,#7252,#7253);
#6106=AXIS2_PLACEMENT_3D('',#9236,#7254,#7255);
#6107=AXIS2_PLACEMENT_3D('',#9237,#7256,#7257);
#6108=AXIS2_PLACEMENT_3D('',#9239,#7258,#7259);
#6109=AXIS2_PLACEMENT_3D('',#9242,#7261,#7262);
#6110=AXIS2_PLACEMENT_3D('',#9243,#7263,#7264);
#6111=AXIS2_PLACEMENT_3D('',#9244,#7265,#7266);
#6112=AXIS2_PLACEMENT_3D('',#9246,#7267,#7268);
#6113=AXIS2_PLACEMENT_3D('',#9249,#7270,#7271);
#6114=AXIS2_PLACEMENT_3D('',#9250,#7272,#7273);
#6115=AXIS2_PLACEMENT_3D('',#9251,#7274,#7275);
#6116=AXIS2_PLACEMENT_3D('',#9253,#7276,#7277);
#6117=AXIS2_PLACEMENT_3D('',#9256,#7279,#7280);
#6118=AXIS2_PLACEMENT_3D('',#9257,#7281,#7282);
#6119=AXIS2_PLACEMENT_3D('',#9258,#7283,#7284);
#6120=AXIS2_PLACEMENT_3D('',#9260,#7285,#7286);
#6121=AXIS2_PLACEMENT_3D('',#9263,#7288,#7289);
#6122=AXIS2_PLACEMENT_3D('',#9264,#7290,#7291);
#6123=AXIS2_PLACEMENT_3D('',#9265,#7292,#7293);
#6124=AXIS2_PLACEMENT_3D('',#9267,#7294,#7295);
#6125=AXIS2_PLACEMENT_3D('',#9270,#7297,#7298);
#6126=AXIS2_PLACEMENT_3D('',#9271,#7299,#7300);
#6127=AXIS2_PLACEMENT_3D('',#9272,#7301,#7302);
#6128=AXIS2_PLACEMENT_3D('',#9274,#7303,#7304);
#6129=AXIS2_PLACEMENT_3D('',#9277,#7306,#7307);
#6130=AXIS2_PLACEMENT_3D('',#9278,#7308,#7309);
#6131=AXIS2_PLACEMENT_3D('',#9279,#7310,#7311);
#6132=AXIS2_PLACEMENT_3D('',#9281,#7312,#7313);
#6133=AXIS2_PLACEMENT_3D('',#9284,#7315,#7316);
#6134=AXIS2_PLACEMENT_3D('',#9285,#7317,#7318);
#6135=AXIS2_PLACEMENT_3D('',#9286,#7319,#7320);
#6136=AXIS2_PLACEMENT_3D('',#9288,#7321,#7322);
#6137=AXIS2_PLACEMENT_3D('',#9291,#7324,#7325);
#6138=AXIS2_PLACEMENT_3D('',#9292,#7326,#7327);
#6139=AXIS2_PLACEMENT_3D('',#9293,#7328,#7329);
#6140=AXIS2_PLACEMENT_3D('',#9295,#7330,#7331);
#6141=AXIS2_PLACEMENT_3D('',#9298,#7333,#7334);
#6142=AXIS2_PLACEMENT_3D('',#9299,#7335,#7336);
#6143=AXIS2_PLACEMENT_3D('',#9300,#7337,#7338);
#6144=AXIS2_PLACEMENT_3D('',#9302,#7339,#7340);
#6145=AXIS2_PLACEMENT_3D('',#9305,#7342,#7343);
#6146=AXIS2_PLACEMENT_3D('',#9306,#7344,#7345);
#6147=AXIS2_PLACEMENT_3D('',#9307,#7346,#7347);
#6148=AXIS2_PLACEMENT_3D('',#9309,#7348,#7349);
#6149=AXIS2_PLACEMENT_3D('',#9312,#7351,#7352);
#6150=AXIS2_PLACEMENT_3D('',#9313,#7353,#7354);
#6151=AXIS2_PLACEMENT_3D('',#9314,#7355,#7356);
#6152=AXIS2_PLACEMENT_3D('',#9316,#7357,#7358);
#6153=AXIS2_PLACEMENT_3D('',#9319,#7360,#7361);
#6154=AXIS2_PLACEMENT_3D('',#9320,#7362,#7363);
#6155=AXIS2_PLACEMENT_3D('',#9321,#7364,#7365);
#6156=AXIS2_PLACEMENT_3D('',#9323,#7366,#7367);
#6157=AXIS2_PLACEMENT_3D('',#9324,#7368,#7369);
#6158=AXIS2_PLACEMENT_3D('',#9329,#7371,#7372);
#6159=AXIS2_PLACEMENT_3D('',#9330,#7373,#7374);
#6160=AXIS2_PLACEMENT_3D('',#9331,#7375,#7376);
#6161=AXIS2_PLACEMENT_3D('',#9333,#7377,#7378);
#6162=AXIS2_PLACEMENT_3D('',#9334,#7379,#7380);
#6163=AXIS2_PLACEMENT_3D('',#9336,#7381,#7382);
#6164=AXIS2_PLACEMENT_3D('',#9337,#7383,#7384);
#6165=AXIS2_PLACEMENT_3D('',#9339,#7385,#7386);
#6166=AXIS2_PLACEMENT_3D('',#9340,#7387,#7388);
#6167=AXIS2_PLACEMENT_3D('',#9342,#7389,#7390);
#6168=AXIS2_PLACEMENT_3D('',#9343,#7391,#7392);
#6169=AXIS2_PLACEMENT_3D('',#9346,#7393,#7394);
#6170=AXIS2_PLACEMENT_3D('',#9352,#7398,#7399);
#6171=AXIS2_PLACEMENT_3D('',#9356,#7401,#7402);
#6172=AXIS2_PLACEMENT_3D('',#9364,#7406,#7407);
#6173=AXIS2_PLACEMENT_3D('',#9375,#7414,#7415);
#6174=AXIS2_PLACEMENT_3D('',#9378,#7416,#7417);
#6175=AXIS2_PLACEMENT_3D('',#9384,#7421,#7422);
#6176=AXIS2_PLACEMENT_3D('',#9387,#7423,#7424);
#6177=AXIS2_PLACEMENT_3D('',#9393,#7428,#7429);
#6178=AXIS2_PLACEMENT_3D('',#9396,#7432,#7433);
#6179=AXIS2_PLACEMENT_3D('',#9399,#7436,#7437);
#6180=AXIS2_PLACEMENT_3D('',#9405,#7441,#7442);
#6181=AXIS2_PLACEMENT_3D('',#9411,#7446,#7447);
#6182=AXIS2_PLACEMENT_3D('',#9414,#7450,#7451);
#6183=AXIS2_PLACEMENT_3D('',#9421,#7456,#7457);
#6184=AXIS2_PLACEMENT_3D('',#9423,#7459,#7460);
#6185=AXIS2_PLACEMENT_3D('',#9433,#7466,#7467);
#6186=AXIS2_PLACEMENT_3D('',#9444,#7473,#7474);
#6187=AXIS2_PLACEMENT_3D('',#9445,#7475,#7476);
#6188=AXIS2_PLACEMENT_3D('',#9447,#7478,#7479);
#6189=AXIS2_PLACEMENT_3D('',#9450,#7482,#7483);
#6190=AXIS2_PLACEMENT_3D('',#9456,#7487,#7488);
#6191=AXIS2_PLACEMENT_3D('',#9462,#7492,#7493);
#6192=AXIS2_PLACEMENT_3D('',#9465,#7496,#7497);
#6193=AXIS2_PLACEMENT_3D('',#9468,#7500,#7501);
#6194=AXIS2_PLACEMENT_3D('',#9469,#7502,#7503);
#6195=AXIS2_PLACEMENT_3D('',#9471,#7504,#7505);
#6196=AXIS2_PLACEMENT_3D('',#9473,#7507,#7508);
#6197=AXIS2_PLACEMENT_3D('',#9475,#7509,#7510);
#6198=AXIS2_PLACEMENT_3D('',#9477,#7512,#7513);
#6199=AXIS2_PLACEMENT_3D('',#9479,#7514,#7515);
#6200=AXIS2_PLACEMENT_3D('',#9481,#7517,#7518);
#6201=AXIS2_PLACEMENT_3D('',#9482,#7519,#7520);
#6202=AXIS2_PLACEMENT_3D('',#9483,#7521,#7522);
#6203=AXIS2_PLACEMENT_3D('',#9485,#7523,#7524);
#6204=AXIS2_PLACEMENT_3D('',#9487,#7526,#7527);
#6205=AXIS2_PLACEMENT_3D('',#9489,#7528,#7529);
#6206=AXIS2_PLACEMENT_3D('',#9491,#7531,#7532);
#6207=AXIS2_PLACEMENT_3D('',#9492,#7533,#7534);
#6208=AXIS2_PLACEMENT_3D('',#9493,#7535,#7536);
#6209=AXIS2_PLACEMENT_3D('',#9495,#7537,#7538);
#6210=AXIS2_PLACEMENT_3D('',#9497,#7540,#7541);
#6211=AXIS2_PLACEMENT_3D('',#9498,#7542,#7543);
#6212=AXIS2_PLACEMENT_3D('',#9508,#7548,#7549);
#6213=AXIS2_PLACEMENT_3D('',#9514,#7553,#7554);
#6214=AXIS2_PLACEMENT_3D('',#9516,#7555,#7556);
#6215=AXIS2_PLACEMENT_3D('',#9519,#7558,#7559);
#6216=AXIS2_PLACEMENT_3D('',#9520,#7560,#7561);
#6217=AXIS2_PLACEMENT_3D('',#9521,#7562,#7563);
#6218=AXIS2_PLACEMENT_3D('',#9523,#7564,#7565);
#6219=AXIS2_PLACEMENT_3D('',#9526,#7567,#7568);
#6220=AXIS2_PLACEMENT_3D('',#9527,#7569,#7570);
#6221=AXIS2_PLACEMENT_3D('',#9528,#7571,#7572);
#6222=AXIS2_PLACEMENT_3D('',#9530,#7573,#7574);
#6223=AXIS2_PLACEMENT_3D('',#9533,#7576,#7577);
#6224=AXIS2_PLACEMENT_3D('',#9534,#7578,#7579);
#6225=AXIS2_PLACEMENT_3D('',#9535,#7580,#7581);
#6226=AXIS2_PLACEMENT_3D('',#9537,#7582,#7583);
#6227=AXIS2_PLACEMENT_3D('',#9540,#7585,#7586);
#6228=AXIS2_PLACEMENT_3D('',#9541,#7587,#7588);
#6229=AXIS2_PLACEMENT_3D('',#9542,#7589,#7590);
#6230=AXIS2_PLACEMENT_3D('',#9544,#7591,#7592);
#6231=AXIS2_PLACEMENT_3D('',#9547,#7594,#7595);
#6232=AXIS2_PLACEMENT_3D('',#9548,#7596,#7597);
#6233=AXIS2_PLACEMENT_3D('',#9549,#7598,#7599);
#6234=AXIS2_PLACEMENT_3D('',#9551,#7600,#7601);
#6235=AXIS2_PLACEMENT_3D('',#9554,#7603,#7604);
#6236=AXIS2_PLACEMENT_3D('',#9555,#7605,#7606);
#6237=AXIS2_PLACEMENT_3D('',#9556,#7607,#7608);
#6238=AXIS2_PLACEMENT_3D('',#9564,#7613,#7614);
#6239=AXIS2_PLACEMENT_3D('',#9573,#7619,#7620);
#6240=AXIS2_PLACEMENT_3D('',#9574,#7621,#7622);
#6241=AXIS2_PLACEMENT_3D('',#9576,#7623,#7624);
#6242=AXIS2_PLACEMENT_3D('',#9578,#7625,#7626);
#6243=AXIS2_PLACEMENT_3D('',#9580,#7628,#7629);
#6244=AXIS2_PLACEMENT_3D('',#9583,#7631,#7632);
#6245=AXIS2_PLACEMENT_3D('',#9584,#7633,#7634);
#6246=AXIS2_PLACEMENT_3D('',#9591,#7637,#7638);
#6247=AXIS2_PLACEMENT_3D('',#9593,#7639,#7640);
#6248=AXIS2_PLACEMENT_3D('',#9595,#7641,#7642);
#6249=AXIS2_PLACEMENT_3D('',#9597,#7644,#7645);
#6250=AXIS2_PLACEMENT_3D('',#9604,#7648,#7649);
#6251=AXIS2_PLACEMENT_3D('',#9606,#7650,#7651);
#6252=AXIS2_PLACEMENT_3D('',#9608,#7652,#7653);
#6253=AXIS2_PLACEMENT_3D('',#9610,#7655,#7656);
#6254=AXIS2_PLACEMENT_3D('',#9614,#7658,#7659);
#6255=AXIS2_PLACEMENT_3D('',#9615,#7660,#7661);
#6256=AXIS2_PLACEMENT_3D('',#9616,#7662,#7663);
#6257=AXIS2_PLACEMENT_3D('',#9621,#7667,#7668);
#6258=AXIS2_PLACEMENT_3D('',#9624,#7670,#7671);
#6259=AXIS2_PLACEMENT_3D('',#9625,#7672,#7673);
#6260=AXIS2_PLACEMENT_3D('',#9628,#7675,#7676);
#6261=AXIS2_PLACEMENT_3D('',#9629,#7677,#7678);
#6262=AXIS2_PLACEMENT_3D('',#9632,#7680,#7681);
#6263=AXIS2_PLACEMENT_3D('',#9633,#7682,#7683);
#6264=AXIS2_PLACEMENT_3D('',#9639,#7687,#7688);
#6265=AXIS2_PLACEMENT_3D('',#9643,#7690,#7691);
#6266=AXIS2_PLACEMENT_3D('',#9645,#7693,#7694);
#6267=AXIS2_PLACEMENT_3D('',#9649,#7696,#7697);
#6268=AXIS2_PLACEMENT_3D('',#9651,#7699,#7700);
#6269=AXIS2_PLACEMENT_3D('',#9652,#7701,#7702);
#6270=AXIS2_PLACEMENT_3D('',#9653,#7703,#7704);
#6271=AXIS2_PLACEMENT_3D('',#9655,#7705,#7706);
#6272=AXIS2_PLACEMENT_3D('',#9658,#7708,#7709);
#6273=AXIS2_PLACEMENT_3D('',#9659,#7710,#7711);
#6274=AXIS2_PLACEMENT_3D('',#9661,#7712,#7713);
#6275=AXIS2_PLACEMENT_3D('',#9662,#7714,#7715);
#6276=AXIS2_PLACEMENT_3D('',#9665,#7717,#7718);
#6277=AXIS2_PLACEMENT_3D('',#9666,#7719,#7720);
#6278=AXIS2_PLACEMENT_3D('',#9668,#7721,#7722);
#6279=AXIS2_PLACEMENT_3D('',#9669,#7723,#7724);
#6280=AXIS2_PLACEMENT_3D('',#9672,#7726,#7727);
#6281=AXIS2_PLACEMENT_3D('',#9673,#7728,#7729);
#6282=AXIS2_PLACEMENT_3D('',#9677,#7731,#7732);
#6283=AXIS2_PLACEMENT_3D('',#9679,#7734,#7735);
#6284=AXIS2_PLACEMENT_3D('',#9683,#7737,#7738);
#6285=AXIS2_PLACEMENT_3D('',#9685,#7740,#7741);
#6286=AXIS2_PLACEMENT_3D('',#9687,#7742,#7743);
#6287=AXIS2_PLACEMENT_3D('',#9690,#7745,#7746);
#6288=AXIS2_PLACEMENT_3D('',#9691,#7747,#7748);
#6289=AXIS2_PLACEMENT_3D('',#9693,#7749,#7750);
#6290=AXIS2_PLACEMENT_3D('',#9696,#7752,#7753);
#6291=AXIS2_PLACEMENT_3D('',#9697,#7754,#7755);
#6292=AXIS2_PLACEMENT_3D('',#9699,#7756,#7757);
#6293=AXIS2_PLACEMENT_3D('',#9701,#7758,#7759);
#6294=AXIS2_PLACEMENT_3D('',#9702,#7760,#7761);
#6295=AXIS2_PLACEMENT_3D('',#9704,#7762,#7763);
#6296=AXIS2_PLACEMENT_3D('',#9706,#7764,#7765);
#6297=AXIS2_PLACEMENT_3D('',#9707,#7766,#7767);
#6298=AXIS2_PLACEMENT_3D('',#9709,#7768,#7769);
#6299=AXIS2_PLACEMENT_3D('',#9710,#7770,#7771);
#6300=AXIS2_PLACEMENT_3D('',#9712,#7772,#7773);
#6301=AXIS2_PLACEMENT_3D('',#9713,#7774,#7775);
#6302=AXIS2_PLACEMENT_3D('',#9716,#7777,#7778);
#6303=AXIS2_PLACEMENT_3D('',#9717,#7779,#7780);
#6304=AXIS2_PLACEMENT_3D('',#9720,#7782,#7783);
#6305=AXIS2_PLACEMENT_3D('',#9721,#7784,#7785);
#6306=AXIS2_PLACEMENT_3D('',#9723,#7786,#7787);
#6307=AXIS2_PLACEMENT_3D('',#9724,#7788,#7789);
#6308=AXIS2_PLACEMENT_3D('',#9726,#7790,#7791);
#6309=AXIS2_PLACEMENT_3D('',#9727,#7792,#7793);
#6310=AXIS2_PLACEMENT_3D('',#9729,#7795,#7796);
#6311=AXIS2_PLACEMENT_3D('',#9731,#7797,#7798);
#6312=AXIS2_PLACEMENT_3D('',#9733,#7800,#7801);
#6313=AXIS2_PLACEMENT_3D('',#9738,#7804,#7805);
#6314=AXIS2_PLACEMENT_3D('',#9739,#7806,#7807);
#6315=AXIS2_PLACEMENT_3D('',#9744,#7809,#7810);
#6316=AXIS2_PLACEMENT_3D('',#9747,#7812,#7813);
#6317=AXIS2_PLACEMENT_3D('',#9748,#7814,#7815);
#6318=AXIS2_PLACEMENT_3D('',#9751,#7817,#7818);
#6319=AXIS2_PLACEMENT_3D('',#9752,#7819,#7820);
#6320=AXIS2_PLACEMENT_3D('',#9755,#7822,#7823);
#6321=AXIS2_PLACEMENT_3D('',#9756,#7824,#7825);
#6322=AXIS2_PLACEMENT_3D('',#9760,#7828,#7829);
#6323=AXIS2_PLACEMENT_3D('',#9764,#7832,#7833);
#6324=AXIS2_PLACEMENT_3D('',#9766,#7835,#7836);
#6325=AXIS2_PLACEMENT_3D('',#9772,#7840,#7841);
#6326=AXIS2_PLACEMENT_3D('',#9776,#7844,#7845);
#6327=AXIS2_PLACEMENT_3D('',#9780,#7848,#7849);
#6328=AXIS2_PLACEMENT_3D('',#9785,#7851,#7852);
#6329=AXIS2_PLACEMENT_3D('',#9789,#7855,#7856);
#6330=AXIS2_PLACEMENT_3D('',#9791,#7857,#7858);
#6331=AXIS2_PLACEMENT_3D('',#9793,#7860,#7861);
#6332=AXIS2_PLACEMENT_3D('',#9795,#7862,#7863);
#6333=AXIS2_PLACEMENT_3D('',#9797,#7865,#7866);
#6334=AXIS2_PLACEMENT_3D('',#9800,#7867,#7868);
#6335=AXIS2_PLACEMENT_3D('',#9804,#7870,#7871);
#6336=AXIS2_PLACEMENT_3D('',#9806,#7873,#7874);
#6337=AXIS2_PLACEMENT_3D('',#9808,#7875,#7876);
#6338=AXIS2_PLACEMENT_3D('',#9811,#7878,#7879);
#6339=AXIS2_PLACEMENT_3D('',#9812,#7880,#7881);
#6340=AXIS2_PLACEMENT_3D('',#9817,#7883,#7884);
#6341=AXIS2_PLACEMENT_3D('',#9821,#7887,#7888);
#6342=AXIS2_PLACEMENT_3D('',#9823,#7889,#7890);
#6343=AXIS2_PLACEMENT_3D('',#9825,#7891,#7892);
#6344=AXIS2_PLACEMENT_3D('',#9827,#7894,#7895);
#6345=AXIS2_PLACEMENT_3D('',#9830,#7896,#7897);
#6346=AXIS2_PLACEMENT_3D('',#9834,#7899,#7900);
#6347=AXIS2_PLACEMENT_3D('',#9836,#7902,#7903);
#6348=AXIS2_PLACEMENT_3D('',#9838,#7904,#7905);
#6349=AXIS2_PLACEMENT_3D('',#9840,#7906,#7907);
#6350=AXIS2_PLACEMENT_3D('',#9842,#7909,#7910);
#6351=AXIS2_PLACEMENT_3D('',#9844,#7911,#7912);
#6352=AXIS2_PLACEMENT_3D('',#9846,#7913,#7914);
#6353=AXIS2_PLACEMENT_3D('',#9848,#7916,#7917);
#6354=AXIS2_PLACEMENT_3D('',#9857,#7922,#7923);
#6355=AXIS2_PLACEMENT_3D('',#9864,#7927,#7928);
#6356=AXIS2_PLACEMENT_3D('',#9865,#7929,#7930);
#6357=AXIS2_PLACEMENT_3D('',#9869,#7932,#7933);
#6358=AXIS2_PLACEMENT_3D('',#9873,#7936,#7937);
#6359=AXIS2_PLACEMENT_3D('',#9875,#7938,#7939);
#6360=AXIS2_PLACEMENT_3D('',#9877,#7940,#7941);
#6361=AXIS2_PLACEMENT_3D('',#9879,#7943,#7944);
#6362=AXIS2_PLACEMENT_3D('',#9881,#7945,#7946);
#6363=AXIS2_PLACEMENT_3D('',#9884,#7948,#7949);
#6364=AXIS2_PLACEMENT_3D('',#9885,#7950,#7951);
#6365=AXIS2_PLACEMENT_3D('',#9887,#7952,#7953);
#6366=AXIS2_PLACEMENT_3D('',#9889,#7954,#7955);
#6367=AXIS2_PLACEMENT_3D('',#9891,#7957,#7958);
#6368=AXIS2_PLACEMENT_3D('',#9893,#7959,#7960);
#6369=AXIS2_PLACEMENT_3D('',#9896,#7962,#7963);
#6370=AXIS2_PLACEMENT_3D('',#9897,#7964,#7965);
#6371=AXIS2_PLACEMENT_3D('',#9899,#7966,#7967);
#6372=AXIS2_PLACEMENT_3D('',#9901,#7968,#7969);
#6373=AXIS2_PLACEMENT_3D('',#9903,#7971,#7972);
#6374=AXIS2_PLACEMENT_3D('',#9905,#7973,#7974);
#6375=AXIS2_PLACEMENT_3D('',#9908,#7976,#7977);
#6376=AXIS2_PLACEMENT_3D('',#9909,#7978,#7979);
#6377=AXIS2_PLACEMENT_3D('',#9913,#7982,#7983);
#6378=AXIS2_PLACEMENT_3D('',#9914,#7984,#7985);
#6379=AXIS2_PLACEMENT_3D('',#9917,#7987,#7988);
#6380=AXIS2_PLACEMENT_3D('',#9919,#7990,#7991);
#6381=AXIS2_PLACEMENT_3D('',#9921,#7993,#7994);
#6382=AXIS2_PLACEMENT_3D('',#9923,#7996,#7997);
#6383=AXIS2_PLACEMENT_3D('',#9924,#7998,#7999);
#6384=AXIS2_PLACEMENT_3D('',#9925,#8000,#8001);
#6385=AXIS2_PLACEMENT_3D('',#9927,#8002,#8003);
#6386=AXIS2_PLACEMENT_3D('',#9929,#8004,#8005);
#6387=AXIS2_PLACEMENT_3D('',#9931,#8007,#8008);
#6388=AXIS2_PLACEMENT_3D('',#9933,#8009,#8010);
#6389=AXIS2_PLACEMENT_3D('',#9935,#8011,#8012);
#6390=AXIS2_PLACEMENT_3D('',#9937,#8014,#8015);
#6391=AXIS2_PLACEMENT_3D('',#9942,#8018,#8019);
#6392=AXIS2_PLACEMENT_3D('',#9943,#8020,#8021);
#6393=AXIS2_PLACEMENT_3D('',#9945,#8022,#8023);
#6394=AXIS2_PLACEMENT_3D('',#9947,#8024,#8025);
#6395=AXIS2_PLACEMENT_3D('',#9949,#8027,#8028);
#6396=AXIS2_PLACEMENT_3D('',#9954,#8031,#8032);
#6397=AXIS2_PLACEMENT_3D('',#9955,#8033,#8034);
#6398=AXIS2_PLACEMENT_3D('',#9959,#8036,#8037);
#6399=AXIS2_PLACEMENT_3D('',#9961,#8039,#8040);
#6400=AXIS2_PLACEMENT_3D('',#9963,#8042,#8043);
#6401=AXIS2_PLACEMENT_3D('',#9965,#8045,#8046);
#6402=AXIS2_PLACEMENT_3D('',#9969,#8048,#8049);
#6403=AXIS2_PLACEMENT_3D('',#9973,#8052,#8053);
#6404=AXIS2_PLACEMENT_3D('',#9980,#8057,#8058);
#6405=AXIS2_PLACEMENT_3D('',#9981,#8059,#8060);
#6406=AXIS2_PLACEMENT_3D('',#9984,#8062,#8063);
#6407=AXIS2_PLACEMENT_3D('',#9985,#8064,#8065);
#6408=AXIS2_PLACEMENT_3D('',#9988,#8067,#8068);
#6409=AXIS2_PLACEMENT_3D('',#9989,#8069,#8070);
#6410=AXIS2_PLACEMENT_3D('',#9991,#8071,#8072);
#6411=AXIS2_PLACEMENT_3D('',#9993,#8073,#8074);
#6412=AXIS2_PLACEMENT_3D('',#9995,#8076,#8077);
#6413=AXIS2_PLACEMENT_3D('',#9997,#8078,#8079);
#6414=AXIS2_PLACEMENT_3D('',#10000,#8081,#8082);
#6415=AXIS2_PLACEMENT_3D('',#10001,#8083,#8084);
#6416=AXIS2_PLACEMENT_3D('',#10007,#8088,#8089);
#6417=AXIS2_PLACEMENT_3D('',#10013,#8093,#8094);
#6418=AXIS2_PLACEMENT_3D('',#10015,#8095,#8096);
#6419=AXIS2_PLACEMENT_3D('',#10017,#8097,#8098);
#6420=AXIS2_PLACEMENT_3D('',#10019,#8100,#8101);
#6421=AXIS2_PLACEMENT_3D('',#10021,#8102,#8103);
#6422=AXIS2_PLACEMENT_3D('',#10024,#8105,#8106);
#6423=AXIS2_PLACEMENT_3D('',#10025,#8107,#8108);
#6424=AXIS2_PLACEMENT_3D('',#10027,#8109,#8110);
#6425=AXIS2_PLACEMENT_3D('',#10029,#8111,#8112);
#6426=AXIS2_PLACEMENT_3D('',#10031,#8114,#8115);
#6427=AXIS2_PLACEMENT_3D('',#10032,#8116,#8117);
#6428=AXIS2_PLACEMENT_3D('',#10033,#8118,#8119);
#6429=AXIS2_PLACEMENT_3D('',#10034,#8120,#8121);
#6430=AXIS2_PLACEMENT_3D('',#10035,#8122,#8123);
#6431=AXIS2_PLACEMENT_3D('',#10036,#8124,#8125);
#6432=AXIS2_PLACEMENT_3D('',#10037,#8126,#8127);
#6433=AXIS2_PLACEMENT_3D('',#10039,#8128,#8129);
#6434=AXIS2_PLACEMENT_3D('',#10042,#8131,#8132);
#6435=AXIS2_PLACEMENT_3D('',#10043,#8133,#8134);
#6436=AXIS2_PLACEMENT_3D('',#10046,#8137,#8138);
#6437=AXIS2_PLACEMENT_3D('',#10047,#8139,#8140);
#6438=AXIS2_PLACEMENT_3D('',#10048,#8141,#8142);
#6439=AXIS2_PLACEMENT_3D('',#10051,#8143,#8144);
#6440=AXIS2_PLACEMENT_3D('',#10055,#8146,#8147);
#6441=AXIS2_PLACEMENT_3D('',#10057,#8149,#8150);
#6442=AXIS2_PLACEMENT_3D('',#10060,#8151,#8152);
#6443=AXIS2_PLACEMENT_3D('',#10064,#8154,#8155);
#6444=AXIS2_PLACEMENT_3D('',#10066,#8157,#8158);
#6445=AXIS2_PLACEMENT_3D('',#10068,#8159,#8160);
#6446=AXIS2_PLACEMENT_3D('',#10070,#8161,#8162);
#6447=AXIS2_PLACEMENT_3D('',#10072,#8164,#8165);
#6448=AXIS2_PLACEMENT_3D('',#10074,#8166,#8167);
#6449=AXIS2_PLACEMENT_3D('',#10077,#8169,#8170);
#6450=AXIS2_PLACEMENT_3D('',#10078,#8171,#8172);
#6451=AXIS2_PLACEMENT_3D('',#10080,#8173,#8174);
#6452=AXIS2_PLACEMENT_3D('',#10082,#8175,#8176);
#6453=AXIS2_PLACEMENT_3D('',#10084,#8178,#8179);
#6454=AXIS2_PLACEMENT_3D('',#10086,#8180,#8181);
#6455=AXIS2_PLACEMENT_3D('',#10089,#8183,#8184);
#6456=AXIS2_PLACEMENT_3D('',#10090,#8185,#8186);
#6457=AXIS2_PLACEMENT_3D('',#10094,#8189,#8190);
#6458=AXIS2_PLACEMENT_3D('',#10095,#8191,#8192);
#6459=AXIS2_PLACEMENT_3D('',#10099,#8194,#8195);
#6460=AXIS2_PLACEMENT_3D('',#10101,#8197,#8198);
#6461=AXIS2_PLACEMENT_3D('',#10107,#8202,#8203);
#6462=AXIS2_PLACEMENT_3D('',#10113,#8207,#8208);
#6463=AXIS2_PLACEMENT_3D('',#10115,#8209,#8210);
#6464=AXIS2_PLACEMENT_3D('',#10117,#8211,#8212);
#6465=AXIS2_PLACEMENT_3D('',#10119,#8214,#8215);
#6466=AXIS2_PLACEMENT_3D('',#10121,#8216,#8217);
#6467=AXIS2_PLACEMENT_3D('',#10124,#8219,#8220);
#6468=AXIS2_PLACEMENT_3D('',#10125,#8221,#8222);
#6469=AXIS2_PLACEMENT_3D('',#10130,#8225,#8226);
#6470=AXIS2_PLACEMENT_3D('',#10131,#8227,#8228);
#6471=AXIS2_PLACEMENT_3D('',#10135,#8230,#8231);
#6472=AXIS2_PLACEMENT_3D('',#10137,#8233,#8234);
#6473=AXIS2_PLACEMENT_3D('',#10140,#8236,#8237);
#6474=AXIS2_PLACEMENT_3D('',#10142,#8239,#8240);
#6475=AXIS2_PLACEMENT_3D('',#10143,#8241,#8242);
#6476=AXIS2_PLACEMENT_3D('',#10145,#8244,#8245);
#6477=AXIS2_PLACEMENT_3D('',#10147,#8246,#8247);
#6478=AXIS2_PLACEMENT_3D('',#10149,#8248,#8249);
#6479=AXIS2_PLACEMENT_3D('',#10151,#8251,#8252);
#6480=AXIS2_PLACEMENT_3D('',#10155,#8255,#8256);
#6481=AXIS2_PLACEMENT_3D('',#10156,#8257,#8258);
#6482=AXIS2_PLACEMENT_3D('',#10158,#8259,#8260);
#6483=AXIS2_PLACEMENT_3D('',#10160,#8261,#8262);
#6484=AXIS2_PLACEMENT_3D('',#10162,#8264,#8265);
#6485=AXIS2_PLACEMENT_3D('',#10165,#8267,#8268);
#6486=AXIS2_PLACEMENT_3D('',#10166,#8269,#8270);
#6487=AXIS2_PLACEMENT_3D('',#10169,#8273,#8274);
#6488=AXIS2_PLACEMENT_3D('',#10175,#8278,#8279);
#6489=AXIS2_PLACEMENT_3D('',#10176,#8280,#8281);
#6490=AXIS2_PLACEMENT_3D('',#10177,#8282,#8283);
#6491=AXIS2_PLACEMENT_3D('',#10178,#8284,#8285);
#6492=AXIS2_PLACEMENT_3D('',#10179,#8286,#8287);
#6493=AXIS2_PLACEMENT_3D('',#10180,#8288,#8289);
#6494=AXIS2_PLACEMENT_3D('',#10181,#8290,#8291);
#6495=AXIS2_PLACEMENT_3D('',#10182,#8292,#8293);
#6496=AXIS2_PLACEMENT_3D('',#10183,#8294,#8295);
#6497=AXIS2_PLACEMENT_3D('',#10184,#8296,#8297);
#6498=AXIS2_PLACEMENT_3D('',#10186,#8299,#8300);
#6499=AXIS2_PLACEMENT_3D('',#10187,#8301,#8302);
#6500=AXIS2_PLACEMENT_3D('',#10188,#8303,#8304);
#6501=AXIS2_PLACEMENT_3D('',#10192,#8308,#8309);
#6502=AXIS2_PLACEMENT_3D('',#10194,#8311,#8312);
#6503=AXIS2_PLACEMENT_3D('',#10196,#8313,#8314);
#6504=AXIS2_PLACEMENT_3D('',#10198,#8316,#8317);
#6505=AXIS2_PLACEMENT_3D('',#10202,#8321,#8322);
#6506=AXIS2_PLACEMENT_3D('',#10203,#8323,#8324);
#6507=AXIS2_PLACEMENT_3D('',#10204,#8325,#8326);
#6508=AXIS2_PLACEMENT_3D('',#10205,#8327,#8328);
#6509=AXIS2_PLACEMENT_3D('',#10206,#8329,#8330);
#6510=AXIS2_PLACEMENT_3D('',#10207,#8331,#8332);
#6511=AXIS2_PLACEMENT_3D('',#10208,#8333,#8334);
#6512=AXIS2_PLACEMENT_3D('',#10210,#8336,#8337);
#6513=AXIS2_PLACEMENT_3D('',#10212,#8339,#8340);
#6514=AXIS2_PLACEMENT_3D('',#10218,#8344,#8345);
#6515=AXIS2_PLACEMENT_3D('',#10222,#8348,#8349);
#6516=AXIS2_PLACEMENT_3D('',#10226,#8352,#8353);
#6517=AXIS2_PLACEMENT_3D('',#10228,#8355,#8356);
#6518=AXIS2_PLACEMENT_3D('',#10230,#8358,#8359);
#6519=AXIS2_PLACEMENT_3D('',#10235,#8363,#8364);
#6520=AXIS2_PLACEMENT_3D('',#10237,#8366,#8367);
#6521=AXIS2_PLACEMENT_3D('',#10239,#8369,#8370);
#6522=AXIS2_PLACEMENT_3D('',#10240,#8371,#8372);
#6523=AXIS2_PLACEMENT_3D('',#10241,#8373,#8374);
#6524=AXIS2_PLACEMENT_3D('',#10243,#8376,#8377);
#6525=DIRECTION('axis',(0.,0.,1.));
#6526=DIRECTION('refdir',(1.,0.,0.));
#6527=DIRECTION('center_axis',(1.,0.,0.));
#6528=DIRECTION('ref_axis',(0.,-0.707106781186549,0.707106781186546));
#6529=DIRECTION('',(-1.,0.,0.));
#6530=DIRECTION('',(-1.,0.,0.));
#6531=DIRECTION('',(-1.,0.,0.));
#6532=DIRECTION('center_axis',(1.,0.,0.));
#6533=DIRECTION('ref_axis',(0.,-0.707106781186549,0.707106781186546));
#6534=DIRECTION('',(1.,0.,0.));
#6535=DIRECTION('center_axis',(-1.,0.,0.));
#6536=DIRECTION('ref_axis',(0.,-0.707106781186549,0.707106781186546));
#6537=DIRECTION('center_axis',(0.,-0.000583517424606051,0.999999829753693));
#6538=DIRECTION('ref_axis',(-0.0707547169811322,0.997493574534152,0.000582054980765976));
#6539=DIRECTION('center_axis',(-1.48029736616688E-16,0.00058351742460605,
-0.999999829753693));
#6540=DIRECTION('ref_axis',(-0.0707547169811322,0.997493574534152,0.000582054980765976));
#6541=DIRECTION('',(-1.52412150125674E-16,0.000583517424606051,-0.999999829753693));
#6542=DIRECTION('center_axis',(0.,0.000583517424605567,-0.999999829753693));
#6543=DIRECTION('ref_axis',(-0.0707547169811322,0.997493574534152,0.000582054980765976));
#6544=DIRECTION('',(0.,-0.000583517424606051,0.999999829753693));
#6545=DIRECTION('center_axis',(1.48029736616688E-16,-0.00058351742460605,
0.999999829753693));
#6546=DIRECTION('ref_axis',(1.,1.85900918575721E-17,-1.48018914173837E-16));
#6547=DIRECTION('',(0.,0.999999829753693,0.00058351742460605));
#6548=DIRECTION('center_axis',(0.,0.000583517424606051,-0.999999829753693));
#6549=DIRECTION('ref_axis',(0.532000000000001,0.84674420923617,0.000494090084390564));
#6550=DIRECTION('',(0.,0.000583517424606051,-0.999999829753693));
#6551=DIRECTION('center_axis',(0.,0.000583517424605567,-0.999999829753693));
#6552=DIRECTION('ref_axis',(0.532000000000001,0.84674420923617,0.000494090084390564));
#6553=DIRECTION('',(2.21690400182799E-16,-0.000583517424606051,0.999999829753693));
#6554=DIRECTION('center_axis',(-1.48029736616688E-16,0.00058351742460605,
-0.999999829753693));
#6555=DIRECTION('ref_axis',(0.532000000000001,0.84674420923617,0.000494090084390564));
#6556=DIRECTION('center_axis',(1.,0.,0.));
#6557=DIRECTION('ref_axis',(0.,0.,-1.));
#6558=DIRECTION('',(0.,2.79702596259155E-15,-1.));
#6559=DIRECTION('',(0.,1.,0.));
#6560=DIRECTION('',(0.,0.,-1.));
#6561=DIRECTION('',(0.,-1.,0.));
#6562=DIRECTION('',(0.,1.,2.7969300262086E-15));
#6563=DIRECTION('',(0.,2.22044604925031E-15,-1.));
#6564=DIRECTION('',(0.,1.,0.));
#6565=DIRECTION('center_axis',(1.,0.,0.));
#6566=DIRECTION('ref_axis',(0.,0.,1.));
#6567=DIRECTION('',(0.,-1.,0.));
#6568=DIRECTION('',(0.,0.999999829753693,0.000583517424605567));
#6569=DIRECTION('center_axis',(-1.,0.,0.));
#6570=DIRECTION('ref_axis',(0.,1.,0.));
#6571=DIRECTION('center_axis',(-1.,0.,0.));
#6572=DIRECTION('ref_axis',(0.,1.,0.));
#6573=DIRECTION('center_axis',(-1.,0.,0.));
#6574=DIRECTION('ref_axis',(0.,1.,0.));
#6575=DIRECTION('center_axis',(-1.,0.,0.));
#6576=DIRECTION('ref_axis',(0.,1.,0.));
#6577=DIRECTION('center_axis',(1.48029736616688E-16,-0.00058351742460605,
0.999999829753693));
#6578=DIRECTION('ref_axis',(1.,1.85900918575721E-17,-1.48018914173837E-16));
#6579=DIRECTION('',(0.,0.999999829753693,0.00058351742460605));
#6580=DIRECTION('center_axis',(0.,-0.999999829753693,-0.000583517424606051));
#6581=DIRECTION('ref_axis',(0.,0.000583517424606051,-0.999999829753693));
#6582=DIRECTION('',(0.,0.000583517424605514,-0.999999829753693));
#6583=DIRECTION('',(-2.21690400182799E-16,0.000583517424606051,-0.999999829753693));
#6584=DIRECTION('',(1.,0.,0.));
#6585=DIRECTION('center_axis',(-1.,0.,0.));
#6586=DIRECTION('ref_axis',(0.,0.,1.));
#6587=DIRECTION('',(0.,0.999999829753693,0.000583517424605567));
#6588=DIRECTION('',(0.,1.,0.));
#6589=DIRECTION('center_axis',(-1.,0.,0.));
#6590=DIRECTION('ref_axis',(0.,0.,1.));
#6591=DIRECTION('',(0.,-1.,0.));
#6592=DIRECTION('',(0.,-2.22044604925031E-15,1.));
#6593=DIRECTION('',(0.,-1.,-2.22044604925031E-15));
#6594=DIRECTION('',(0.,0.,-1.));
#6595=DIRECTION('',(0.,-1.,0.));
#6596=DIRECTION('',(0.,-1.4210854715202E-15,1.));
#6597=DIRECTION('center_axis',(1.,0.,0.));
#6598=DIRECTION('ref_axis',(0.,-1.,0.));
#6599=DIRECTION('center_axis',(1.,0.,0.));
#6600=DIRECTION('ref_axis',(0.,-1.,0.));
#6601=DIRECTION('center_axis',(1.,0.,0.));
#6602=DIRECTION('ref_axis',(0.,-1.,0.));
#6603=DIRECTION('center_axis',(1.,0.,0.));
#6604=DIRECTION('ref_axis',(0.,-1.,0.));
#6605=DIRECTION('center_axis',(0.206010481049842,0.978549784986749,0.));
#6606=DIRECTION('ref_axis',(-0.978549784986749,0.206010481049842,0.));
#6607=DIRECTION('center_axis',(-0.978549784986749,-0.206010481049842,0.));
#6608=DIRECTION('ref_axis',(-0.206010481049842,0.978549784986749,0.));
#6609=DIRECTION('center_axis',(3.94745964311167E-15,-3.94745964311167E-15,
1.));
#6610=DIRECTION('ref_axis',(0.,1.,3.94745964311167E-15));
#6611=DIRECTION('center_axis',(0.978549784986749,-0.206010481049841,0.));
#6612=DIRECTION('ref_axis',(0.206010481049841,0.978549784986749,0.));
#6613=DIRECTION('center_axis',(-0.206010481049841,0.978549784986749,0.));
#6614=DIRECTION('ref_axis',(0.978549784986749,0.20601048104984,0.));
#6615=DIRECTION('center_axis',(0.,0.,1.));
#6616=DIRECTION('ref_axis',(1.,0.,0.));
#6617=DIRECTION('center_axis',(0.,1.,0.));
#6618=DIRECTION('ref_axis',(0.707106781186548,0.,0.707106781186547));
#6619=DIRECTION('',(0.,-1.,0.));
#6620=DIRECTION('center_axis',(0.,1.,0.));
#6621=DIRECTION('ref_axis',(0.707106781186548,0.,0.707106781186547));
#6622=DIRECTION('center_axis',(0.,1.,0.));
#6623=DIRECTION('ref_axis',(0.,0.,1.));
#6624=DIRECTION('center_axis',(-1.,0.,0.));
#6625=DIRECTION('ref_axis',(0.,0.707106781186547,0.707106781186548));
#6626=DIRECTION('',(1.,0.,0.));
#6627=DIRECTION('',(-1.,0.,0.));
#6628=DIRECTION('center_axis',(0.,1.,0.));
#6629=DIRECTION('ref_axis',(-0.707106781186547,0.,0.707106781186547));
#6630=DIRECTION('center_axis',(0.,1.,0.));
#6631=DIRECTION('ref_axis',(-1.,0.,0.));
#6632=DIRECTION('center_axis',(0.,1.,0.));
#6633=DIRECTION('ref_axis',(-0.707106781186547,0.,0.707106781186547));
#6634=DIRECTION('',(0.,1.,0.));
#6635=DIRECTION('center_axis',(0.,1.,2.22044604925031E-15));
#6636=DIRECTION('ref_axis',(0.,-2.22044604925031E-15,1.));
#6637=DIRECTION('',(0.,-2.22044604925031E-15,1.));
#6638=DIRECTION('',(-1.,0.,0.));
#6639=DIRECTION('',(0.,2.22044604925031E-15,-1.));
#6640=DIRECTION('center_axis',(0.,-1.,-2.22044604925031E-15));
#6641=DIRECTION('ref_axis',(-1.,0.,0.));
#6642=DIRECTION('center_axis',(0.,-1.,-2.22044604925031E-15));
#6643=DIRECTION('ref_axis',(-1.,0.,0.));
#6644=DIRECTION('center_axis',(0.,-1.,-2.22044604925031E-15));
#6645=DIRECTION('ref_axis',(-1.,0.,0.));
#6646=DIRECTION('center_axis',(0.,-1.,-2.22044604925031E-15));
#6647=DIRECTION('ref_axis',(-1.,0.,0.));
#6648=DIRECTION('center_axis',(0.,-1.,-2.22044604925031E-15));
#6649=DIRECTION('ref_axis',(-1.,0.,0.));
#6650=DIRECTION('center_axis',(0.,-1.,-2.22044604925031E-15));
#6651=DIRECTION('ref_axis',(-1.,0.,0.));
#6652=DIRECTION('center_axis',(0.,-1.,-2.22044604925031E-15));
#6653=DIRECTION('ref_axis',(-1.,0.,0.));
#6654=DIRECTION('center_axis',(0.,2.22044604925031E-15,-1.));
#6655=DIRECTION('ref_axis',(0.707106781186547,0.707106781186548,1.39563774105225E-15));
#6656=DIRECTION('center_axis',(0.,-2.7969300262086E-15,1.));
#6657=DIRECTION('ref_axis',(0.707106781186547,0.707106781186548,1.39563774105225E-15));
#6658=DIRECTION('center_axis',(0.,2.22044604925031E-15,-1.));
#6659=DIRECTION('ref_axis',(-0.707106781186547,0.707106781186548,1.39563774105224E-15));
#6660=DIRECTION('center_axis',(0.,-2.7969300262086E-15,1.));
#6661=DIRECTION('ref_axis',(-0.707106781186547,0.707106781186548,1.39563774105224E-15));
#6662=DIRECTION('center_axis',(0.,0.,1.));
#6663=DIRECTION('ref_axis',(0.,-1.,0.));
#6664=DIRECTION('',(1.,0.,0.));
#6665=DIRECTION('center_axis',(-0.957826285221152,0.287347885566345,-8.50720636354964E-16));
#6666=DIRECTION('ref_axis',(-0.287347885566345,-0.957826285221152,0.));
#6667=DIRECTION('center_axis',(0.287347885566345,-0.957826285221152,0.));
#6668=DIRECTION('ref_axis',(-0.957826285221152,-0.287347885566345,0.));
#6669=DIRECTION('center_axis',(0.,0.,1.));
#6670=DIRECTION('ref_axis',(-1.,0.,0.));
#6671=DIRECTION('center_axis',(0.,-1.,0.));
#6672=DIRECTION('ref_axis',(-0.707106781186547,0.,0.707106781186548));
#6673=DIRECTION('',(0.,1.,0.));
#6674=DIRECTION('center_axis',(0.,1.,1.4210854715202E-15));
#6675=DIRECTION('ref_axis',(-0.707106781186547,0.,0.707106781186548));
#6676=DIRECTION('center_axis',(1.,0.,0.));
#6677=DIRECTION('ref_axis',(0.,-0.707106781186548,0.707106781186548));
#6678=DIRECTION('',(1.,0.,0.));
#6679=DIRECTION('center_axis',(-1.,-1.4210854715202E-15,0.));
#6680=DIRECTION('ref_axis',(0.,-0.707106781186548,0.707106781186548));
#6681=DIRECTION('',(-1.,0.,0.));
#6682=DIRECTION('',(-1.,2.43336553342498E-16,0.));
#6683=DIRECTION('',(-1.,0.,0.));
#6684=DIRECTION('',(-1.,2.43336553342498E-16,0.));
#6685=DIRECTION('',(-1.,0.,0.));
#6686=DIRECTION('center_axis',(0.,0.,1.));
#6687=DIRECTION('ref_axis',(1.,0.,0.));
#6688=DIRECTION('',(-8.88178419700122E-16,1.,0.));
#6689=DIRECTION('',(1.,0.,0.));
#6690=DIRECTION('',(0.,-1.,0.));
#6691=DIRECTION('center_axis',(0.,0.,1.));
#6692=DIRECTION('ref_axis',(1.,0.,0.));
#6693=DIRECTION('',(-1.4210854715202E-15,1.,0.));
#6694=DIRECTION('',(1.,0.,0.));
#6695=DIRECTION('',(1.77635683940024E-15,-1.,0.));
#6696=DIRECTION('center_axis',(0.,0.,1.));
#6697=DIRECTION('ref_axis',(1.,0.,0.));
#6698=DIRECTION('',(-8.88178419700122E-16,1.,0.));
#6699=DIRECTION('',(1.,0.,0.));
#6700=DIRECTION('center_axis',(0.,0.,1.));
#6701=DIRECTION('ref_axis',(-0.707106781186548,-0.707106781186547,0.));
#6702=DIRECTION('center_axis',(0.,-2.7969300262086E-15,1.));
#6703=DIRECTION('ref_axis',(-0.707106781186548,-0.707106781186547,0.));
#6704=DIRECTION('',(0.,0.,1.));
#6705=DIRECTION('center_axis',(0.,-1.,0.));
#6706=DIRECTION('ref_axis',(-1.,0.,0.));
#6707=DIRECTION('center_axis',(-2.18952885050752E-45,1.,0.));
#6708=DIRECTION('ref_axis',(-1.,-2.18952885050752E-45,0.));
#6709=DIRECTION('',(0.,-1.,0.));
#6710=DIRECTION('center_axis',(2.18952885050752E-45,-1.,0.));
#6711=DIRECTION('ref_axis',(-1.,-2.18952885050752E-45,0.));
#6712=DIRECTION('center_axis',(-2.18952885050752E-45,1.,0.));
#6713=DIRECTION('ref_axis',(-1.,-2.18952885050752E-45,0.));
#6714=DIRECTION('center_axis',(0.,-1.,0.));
#6715=DIRECTION('ref_axis',(-1.,0.,0.));
#6716=DIRECTION('center_axis',(-2.18952885050752E-45,1.,0.));
#6717=DIRECTION('ref_axis',(-1.,-2.18952885050752E-45,0.));
#6718=DIRECTION('',(0.,-1.,0.));
#6719=DIRECTION('center_axis',(2.18952885050752E-45,-1.,0.));
#6720=DIRECTION('ref_axis',(-1.,-2.18952885050752E-45,0.));
#6721=DIRECTION('center_axis',(-2.18952885050752E-45,1.,0.));
#6722=DIRECTION('ref_axis',(-1.,-2.18952885050752E-45,0.));
#6723=DIRECTION('center_axis',(0.,-1.,0.));
#6724=DIRECTION('ref_axis',(-1.,0.,0.));
#6725=DIRECTION('center_axis',(-2.18952885050752E-45,1.,0.));
#6726=DIRECTION('ref_axis',(-1.,-2.18952885050752E-45,0.));
#6727=DIRECTION('',(0.,-1.,0.));
#6728=DIRECTION('center_axis',(2.18952885050752E-45,-1.,0.));
#6729=DIRECTION('ref_axis',(-1.,-2.18952885050752E-45,0.));
#6730=DIRECTION('center_axis',(-2.18952885050752E-45,1.,0.));
#6731=DIRECTION('ref_axis',(-1.,-2.18952885050752E-45,0.));
#6732=DIRECTION('center_axis',(0.,-1.,0.));
#6733=DIRECTION('ref_axis',(-1.,0.,0.));
#6734=DIRECTION('center_axis',(-1.09476442525376E-45,1.,0.));
#6735=DIRECTION('ref_axis',(-1.,-1.09476442525376E-45,0.));
#6736=DIRECTION('',(0.,-1.,0.));
#6737=DIRECTION('center_axis',(1.09476442525376E-45,-1.,0.));
#6738=DIRECTION('ref_axis',(-1.,-1.09476442525376E-45,0.));
#6739=DIRECTION('center_axis',(-1.09476442525376E-45,1.,0.));
#6740=DIRECTION('ref_axis',(-1.,-1.09476442525376E-45,0.));
#6741=DIRECTION('center_axis',(0.,-1.,0.));
#6742=DIRECTION('ref_axis',(-1.,0.,0.));
#6743=DIRECTION('center_axis',(-2.18952885050752E-45,1.,0.));
#6744=DIRECTION('ref_axis',(-1.,-2.18952885050752E-45,0.));
#6745=DIRECTION('',(0.,-1.,0.));
#6746=DIRECTION('center_axis',(2.18952885050752E-45,-1.,0.));
#6747=DIRECTION('ref_axis',(-1.,-2.18952885050752E-45,0.));
#6748=DIRECTION('center_axis',(-2.18952885050752E-45,1.,0.));
#6749=DIRECTION('ref_axis',(-1.,-2.18952885050752E-45,0.));
#6750=DIRECTION('center_axis',(0.,-1.,0.));
#6751=DIRECTION('ref_axis',(-1.,0.,0.));
#6752=DIRECTION('center_axis',(-2.18952885050752E-45,1.,0.));
#6753=DIRECTION('ref_axis',(-1.,-2.18952885050752E-45,0.));
#6754=DIRECTION('',(0.,-1.,0.));
#6755=DIRECTION('center_axis',(2.18952885050752E-45,-1.,0.));
#6756=DIRECTION('ref_axis',(-1.,-2.18952885050752E-45,0.));
#6757=DIRECTION('center_axis',(-2.18952885050752E-45,1.,0.));
#6758=DIRECTION('ref_axis',(-1.,-2.18952885050752E-45,0.));
#6759=DIRECTION('center_axis',(0.,-1.,0.));
#6760=DIRECTION('ref_axis',(-1.,0.,0.));
#6761=DIRECTION('center_axis',(-1.09476442525376E-45,1.,0.));
#6762=DIRECTION('ref_axis',(-1.,-1.09476442525376E-45,0.));
#6763=DIRECTION('',(0.,-1.,0.));
#6764=DIRECTION('center_axis',(1.09476442525376E-45,-1.,0.));
#6765=DIRECTION('ref_axis',(-1.,-1.09476442525376E-45,0.));
#6766=DIRECTION('center_axis',(-1.09476442525376E-45,1.,0.));
#6767=DIRECTION('ref_axis',(-1.,-1.09476442525376E-45,0.));
#6768=DIRECTION('center_axis',(0.,-1.,0.));
#6769=DIRECTION('ref_axis',(-1.,0.,0.));
#6770=DIRECTION('',(0.,-1.,0.));
#6771=DIRECTION('center_axis',(2.18952885050752E-45,-1.,0.));
#6772=DIRECTION('ref_axis',(-1.,-2.18952885050752E-45,0.));
#6773=DIRECTION('center_axis',(-2.18952885050752E-45,1.,0.));
#6774=DIRECTION('ref_axis',(-1.,-2.18952885050752E-45,0.));
#6775=DIRECTION('center_axis',(0.,-1.,0.));
#6776=DIRECTION('ref_axis',(-1.,0.,0.));
#6777=DIRECTION('',(0.,-1.,0.));
#6778=DIRECTION('center_axis',(1.09476442525376E-45,-1.,0.));
#6779=DIRECTION('ref_axis',(-1.,-1.09476442525376E-45,0.));
#6780=DIRECTION('center_axis',(-1.09476442525376E-45,1.,0.));
#6781=DIRECTION('ref_axis',(-1.,-1.09476442525376E-45,0.));
#6782=DIRECTION('center_axis',(0.,-1.,0.));
#6783=DIRECTION('ref_axis',(-1.,0.,0.));
#6784=DIRECTION('',(0.,-1.,0.));
#6785=DIRECTION('center_axis',(2.18952885050752E-45,-1.,0.));
#6786=DIRECTION('ref_axis',(-1.,-2.18952885050753E-45,0.));
#6787=DIRECTION('center_axis',(-2.18952885050752E-45,1.,0.));
#6788=DIRECTION('ref_axis',(-1.,-2.18952885050752E-45,0.));
#6789=DIRECTION('center_axis',(0.,-1.,0.));
#6790=DIRECTION('ref_axis',(-1.,0.,0.));
#6791=DIRECTION('',(0.,-1.,0.));
#6792=DIRECTION('center_axis',(2.18952885050752E-45,-1.,0.));
#6793=DIRECTION('ref_axis',(-1.,-2.18952885050752E-45,0.));
#6794=DIRECTION('center_axis',(-2.18952885050752E-45,1.,0.));
#6795=DIRECTION('ref_axis',(-1.,-2.18952885050752E-45,0.));
#6796=DIRECTION('center_axis',(0.,-1.,0.));
#6797=DIRECTION('ref_axis',(-1.,0.,0.));
#6798=DIRECTION('',(0.,-1.,0.));
#6799=DIRECTION('center_axis',(1.09476442525376E-45,-1.,0.));
#6800=DIRECTION('ref_axis',(-1.,-1.09476442525376E-45,0.));
#6801=DIRECTION('center_axis',(-1.09476442525376E-45,1.,0.));
#6802=DIRECTION('ref_axis',(-1.,-1.09476442525376E-45,0.));
#6803=DIRECTION('center_axis',(0.,-1.,0.));
#6804=DIRECTION('ref_axis',(-1.,0.,0.));
#6805=DIRECTION('',(0.,-1.,0.));
#6806=DIRECTION('center_axis',(2.18952885050752E-45,-1.,0.));
#6807=DIRECTION('ref_axis',(-1.,-2.18952885050753E-45,0.));
#6808=DIRECTION('center_axis',(-2.18952885050752E-45,1.,0.));
#6809=DIRECTION('ref_axis',(-1.,-2.18952885050752E-45,0.));
#6810=DIRECTION('center_axis',(0.,-1.,0.));
#6811=DIRECTION('ref_axis',(-1.,0.,0.));
#6812=DIRECTION('',(0.,-1.,0.));
#6813=DIRECTION('center_axis',(2.18952885050752E-45,-1.,0.));
#6814=DIRECTION('ref_axis',(-1.,-2.18952885050752E-45,0.));
#6815=DIRECTION('center_axis',(-2.18952885050752E-45,1.,0.));
#6816=DIRECTION('ref_axis',(-1.,-2.18952885050752E-45,0.));
#6817=DIRECTION('center_axis',(0.,0.,1.));
#6818=DIRECTION('ref_axis',(1.,0.,0.));
#6819=DIRECTION('center_axis',(0.,0.,-1.));
#6820=DIRECTION('ref_axis',(1.,0.,0.));
#6821=DIRECTION('',(0.,0.,1.));
#6822=DIRECTION('center_axis',(0.,0.,1.));
#6823=DIRECTION('ref_axis',(1.,0.,0.));
#6824=DIRECTION('center_axis',(0.,0.,-1.));
#6825=DIRECTION('ref_axis',(1.,0.,0.));
#6826=DIRECTION('center_axis',(0.,0.,1.));
#6827=DIRECTION('ref_axis',(1.,0.,0.));
#6828=DIRECTION('center_axis',(0.,0.,-1.));
#6829=DIRECTION('ref_axis',(1.,0.,0.));
#6830=DIRECTION('',(0.,0.,1.));
#6831=DIRECTION('center_axis',(0.,0.,1.));
#6832=DIRECTION('ref_axis',(1.,0.,0.));
#6833=DIRECTION('center_axis',(0.,0.,-1.));
#6834=DIRECTION('ref_axis',(1.,0.,0.));
#6835=DIRECTION('center_axis',(0.,0.,1.));
#6836=DIRECTION('ref_axis',(1.,0.,0.));
#6837=DIRECTION('center_axis',(0.,0.,-1.));
#6838=DIRECTION('ref_axis',(1.,0.,0.));
#6839=DIRECTION('',(0.,0.,1.));
#6840=DIRECTION('center_axis',(0.,0.,1.));
#6841=DIRECTION('ref_axis',(1.,0.,0.));
#6842=DIRECTION('center_axis',(0.,0.,-1.));
#6843=DIRECTION('ref_axis',(1.,0.,0.));
#6844=DIRECTION('center_axis',(0.,0.,1.));
#6845=DIRECTION('ref_axis',(1.,0.,0.));
#6846=DIRECTION('center_axis',(0.,0.,-1.));
#6847=DIRECTION('ref_axis',(1.,0.,0.));
#6848=DIRECTION('',(0.,0.,1.));
#6849=DIRECTION('center_axis',(0.,0.,1.));
#6850=DIRECTION('ref_axis',(1.,0.,0.));
#6851=DIRECTION('center_axis',(0.,0.,-1.));
#6852=DIRECTION('ref_axis',(1.,0.,0.));
#6853=DIRECTION('center_axis',(0.,0.,1.));
#6854=DIRECTION('ref_axis',(1.,0.,0.));
#6855=DIRECTION('center_axis',(0.,-2.7969300262086E-15,1.));
#6856=DIRECTION('ref_axis',(1.,0.,0.));
#6857=DIRECTION('',(0.,0.,1.));
#6858=DIRECTION('center_axis',(0.,0.,1.));
#6859=DIRECTION('ref_axis',(1.,0.,0.));
#6860=DIRECTION('center_axis',(0.,0.,-1.));
#6861=DIRECTION('ref_axis',(1.,0.,0.));
#6862=DIRECTION('center_axis',(0.,0.,1.));
#6863=DIRECTION('ref_axis',(1.,0.,0.));
#6864=DIRECTION('center_axis',(0.,-2.7969300262086E-15,1.));
#6865=DIRECTION('ref_axis',(1.,0.,0.));
#6866=DIRECTION('',(0.,0.,1.));
#6867=DIRECTION('center_axis',(0.,0.,1.));
#6868=DIRECTION('ref_axis',(1.,0.,0.));
#6869=DIRECTION('center_axis',(0.,0.,-1.));
#6870=DIRECTION('ref_axis',(1.,0.,0.));
#6871=DIRECTION('center_axis',(0.,0.,1.));
#6872=DIRECTION('ref_axis',(1.,0.,0.));
#6873=DIRECTION('center_axis',(0.,-2.7969300262086E-15,1.));
#6874=DIRECTION('ref_axis',(1.,0.,0.));
#6875=DIRECTION('',(0.,0.,1.));
#6876=DIRECTION('center_axis',(0.,0.,1.));
#6877=DIRECTION('ref_axis',(1.,0.,0.));
#6878=DIRECTION('center_axis',(0.,0.,-1.));
#6879=DIRECTION('ref_axis',(1.,0.,0.));
#6880=DIRECTION('center_axis',(0.,0.,1.));
#6881=DIRECTION('ref_axis',(1.,0.,0.));
#6882=DIRECTION('center_axis',(0.,-2.7969300262086E-15,1.));
#6883=DIRECTION('ref_axis',(1.,0.,0.));
#6884=DIRECTION('',(0.,0.,1.));
#6885=DIRECTION('center_axis',(0.,0.,1.));
#6886=DIRECTION('ref_axis',(1.,0.,0.));
#6887=DIRECTION('center_axis',(0.,0.,-1.));
#6888=DIRECTION('ref_axis',(1.,0.,0.));
#6889=DIRECTION('center_axis',(1.,0.,0.));
#6890=DIRECTION('ref_axis',(0.,-1.,0.));
#6891=DIRECTION('center_axis',(-1.,0.,0.));
#6892=DIRECTION('ref_axis',(0.,-1.,0.));
#6893=DIRECTION('',(1.,0.,0.));
#6894=DIRECTION('center_axis',(1.,0.,0.));
#6895=DIRECTION('ref_axis',(0.,-1.,0.));
#6896=DIRECTION('center_axis',(-1.,0.,0.));
#6897=DIRECTION('ref_axis',(0.,-1.,0.));
#6898=DIRECTION('center_axis',(1.,0.,0.));
#6899=DIRECTION('ref_axis',(0.,-1.,0.));
#6900=DIRECTION('center_axis',(-1.,0.,0.));
#6901=DIRECTION('ref_axis',(0.,-1.,0.));
#6902=DIRECTION('',(1.,0.,0.));
#6903=DIRECTION('center_axis',(1.,0.,0.));
#6904=DIRECTION('ref_axis',(0.,-1.,0.));
#6905=DIRECTION('center_axis',(-1.,0.,0.));
#6906=DIRECTION('ref_axis',(0.,-1.,0.));
#6907=DIRECTION('center_axis',(1.,0.,0.));
#6908=DIRECTION('ref_axis',(0.,-1.,0.));
#6909=DIRECTION('center_axis',(-1.,0.,0.));
#6910=DIRECTION('ref_axis',(0.,-1.,0.));
#6911=DIRECTION('',(1.,0.,0.));
#6912=DIRECTION('center_axis',(1.,0.,0.));
#6913=DIRECTION('ref_axis',(0.,-1.,0.));
#6914=DIRECTION('center_axis',(-1.,0.,0.));
#6915=DIRECTION('ref_axis',(0.,-1.,0.));
#6916=DIRECTION('center_axis',(1.,0.,0.));
#6917=DIRECTION('ref_axis',(0.,-1.,0.));
#6918=DIRECTION('center_axis',(-1.,0.,0.));
#6919=DIRECTION('ref_axis',(0.,-1.,0.));
#6920=DIRECTION('',(1.,0.,0.));
#6921=DIRECTION('center_axis',(1.,0.,0.));
#6922=DIRECTION('ref_axis',(0.,-1.,0.));
#6923=DIRECTION('center_axis',(-1.,0.,0.));
#6924=DIRECTION('ref_axis',(0.,-1.,0.));
#6925=DIRECTION('center_axis',(1.,0.,0.));
#6926=DIRECTION('ref_axis',(0.,-1.,0.));
#6927=DIRECTION('',(1.,0.,0.));
#6928=DIRECTION('center_axis',(1.,0.,0.));
#6929=DIRECTION('ref_axis',(0.,-1.,0.));
#6930=DIRECTION('center_axis',(-1.,0.,0.));
#6931=DIRECTION('ref_axis',(0.,-1.,0.));
#6932=DIRECTION('center_axis',(1.,0.,0.));
#6933=DIRECTION('ref_axis',(0.,-1.,0.));
#6934=DIRECTION('',(1.,0.,0.));
#6935=DIRECTION('center_axis',(1.,0.,0.));
#6936=DIRECTION('ref_axis',(0.,-1.,0.));
#6937=DIRECTION('center_axis',(-1.,0.,0.));
#6938=DIRECTION('ref_axis',(0.,-1.,0.));
#6939=DIRECTION('center_axis',(1.,0.,0.));
#6940=DIRECTION('ref_axis',(0.,-1.,0.));
#6941=DIRECTION('',(1.,0.,0.));
#6942=DIRECTION('center_axis',(1.,0.,0.));
#6943=DIRECTION('ref_axis',(0.,-1.,0.));
#6944=DIRECTION('center_axis',(-1.,0.,0.));
#6945=DIRECTION('ref_axis',(0.,-1.,0.));
#6946=DIRECTION('center_axis',(1.,0.,0.));
#6947=DIRECTION('ref_axis',(0.,-1.,0.));
#6948=DIRECTION('',(1.,0.,0.));
#6949=DIRECTION('center_axis',(1.,0.,0.));
#6950=DIRECTION('ref_axis',(0.,-1.,0.));
#6951=DIRECTION('center_axis',(-1.,0.,0.));
#6952=DIRECTION('ref_axis',(0.,-1.,0.));
#6953=DIRECTION('center_axis',(-1.,0.,0.));
#6954=DIRECTION('ref_axis',(0.,1.,0.));
#6955=DIRECTION('center_axis',(1.,0.,0.));
#6956=DIRECTION('ref_axis',(0.,1.,0.));
#6957=DIRECTION('',(-1.,0.,0.));
#6958=DIRECTION('center_axis',(-1.,0.,0.));
#6959=DIRECTION('ref_axis',(0.,1.,0.));
#6960=DIRECTION('center_axis',(1.,0.,0.));
#6961=DIRECTION('ref_axis',(0.,1.,0.));
#6962=DIRECTION('center_axis',(-1.,0.,0.));
#6963=DIRECTION('ref_axis',(0.,1.,0.));
#6964=DIRECTION('center_axis',(1.,0.,0.));
#6965=DIRECTION('ref_axis',(0.,1.,0.));
#6966=DIRECTION('',(-1.,0.,0.));
#6967=DIRECTION('center_axis',(-1.,0.,0.));
#6968=DIRECTION('ref_axis',(0.,1.,0.));
#6969=DIRECTION('center_axis',(1.,0.,0.));
#6970=DIRECTION('ref_axis',(0.,1.,0.));
#6971=DIRECTION('center_axis',(-1.,0.,0.));
#6972=DIRECTION('ref_axis',(0.,1.,0.));
#6973=DIRECTION('center_axis',(1.,0.,0.));
#6974=DIRECTION('ref_axis',(0.,1.,0.));
#6975=DIRECTION('',(-1.,0.,0.));
#6976=DIRECTION('center_axis',(-1.,0.,0.));
#6977=DIRECTION('ref_axis',(0.,1.,0.));
#6978=DIRECTION('center_axis',(1.,0.,0.));
#6979=DIRECTION('ref_axis',(0.,1.,0.));
#6980=DIRECTION('center_axis',(-1.,0.,0.));
#6981=DIRECTION('ref_axis',(0.,1.,0.));
#6982=DIRECTION('',(-1.,0.,0.));
#6983=DIRECTION('center_axis',(-1.,0.,0.));
#6984=DIRECTION('ref_axis',(0.,1.,0.));
#6985=DIRECTION('center_axis',(1.,0.,0.));
#6986=DIRECTION('ref_axis',(0.,1.,0.));
#6987=DIRECTION('center_axis',(-1.,0.,0.));
#6988=DIRECTION('ref_axis',(0.,1.,0.));
#6989=DIRECTION('',(-1.,0.,0.));
#6990=DIRECTION('center_axis',(-1.,0.,0.));
#6991=DIRECTION('ref_axis',(0.,1.,0.));
#6992=DIRECTION('center_axis',(1.,0.,0.));
#6993=DIRECTION('ref_axis',(0.,1.,0.));
#6994=DIRECTION('center_axis',(-1.,0.,0.));
#6995=DIRECTION('ref_axis',(0.,1.,0.));
#6996=DIRECTION('',(-1.,0.,0.));
#6997=DIRECTION('center_axis',(-1.,0.,0.));
#6998=DIRECTION('ref_axis',(0.,1.,0.));
#6999=DIRECTION('center_axis',(1.,0.,0.));
#7000=DIRECTION('ref_axis',(0.,1.,0.));
#7001=DIRECTION('center_axis',(0.,0.,1.));
#7002=DIRECTION('ref_axis',(1.,0.,0.));
#7003=DIRECTION('center_axis',(0.,0.,-1.));
#7004=DIRECTION('ref_axis',(1.,0.,0.));
#7005=DIRECTION('',(0.,0.,1.));
#7006=DIRECTION('center_axis',(0.,0.,1.));
#7007=DIRECTION('ref_axis',(1.,0.,0.));
#7008=DIRECTION('center_axis',(0.,0.,-1.));
#7009=DIRECTION('ref_axis',(1.,0.,0.));
#7010=DIRECTION('center_axis',(0.,0.,1.));
#7011=DIRECTION('ref_axis',(1.,0.,0.));
#7012=DIRECTION('center_axis',(0.,0.,-1.));
#7013=DIRECTION('ref_axis',(1.,0.,0.));
#7014=DIRECTION('',(0.,0.,1.));
#7015=DIRECTION('center_axis',(0.,0.,1.));
#7016=DIRECTION('ref_axis',(1.,0.,0.));
#7017=DIRECTION('center_axis',(0.,0.,-1.));
#7018=DIRECTION('ref_axis',(1.,0.,0.));
#7019=DIRECTION('center_axis',(0.,0.,1.));
#7020=DIRECTION('ref_axis',(1.,0.,0.));
#7021=DIRECTION('center_axis',(0.,0.,-1.));
#7022=DIRECTION('ref_axis',(1.,0.,0.));
#7023=DIRECTION('',(0.,0.,1.));
#7024=DIRECTION('center_axis',(0.,0.,1.));
#7025=DIRECTION('ref_axis',(1.,0.,0.));
#7026=DIRECTION('center_axis',(0.,0.,-1.));
#7027=DIRECTION('ref_axis',(1.,0.,0.));
#7028=DIRECTION('center_axis',(0.,0.,1.));
#7029=DIRECTION('ref_axis',(1.,0.,0.));
#7030=DIRECTION('center_axis',(0.,0.,-1.));
#7031=DIRECTION('ref_axis',(1.,0.,0.));
#7032=DIRECTION('',(0.,0.,1.));
#7033=DIRECTION('center_axis',(0.,0.,1.));
#7034=DIRECTION('ref_axis',(1.,0.,0.));
#7035=DIRECTION('center_axis',(0.,0.,-1.));
#7036=DIRECTION('ref_axis',(1.,0.,0.));
#7037=DIRECTION('center_axis',(0.,0.,1.));
#7038=DIRECTION('ref_axis',(1.,0.,0.));
#7039=DIRECTION('center_axis',(0.,0.,-1.));
#7040=DIRECTION('ref_axis',(1.,0.,0.));
#7041=DIRECTION('',(0.,0.,1.));
#7042=DIRECTION('center_axis',(0.,0.,1.));
#7043=DIRECTION('ref_axis',(1.,0.,0.));
#7044=DIRECTION('center_axis',(0.,0.,-1.));
#7045=DIRECTION('ref_axis',(1.,0.,0.));
#7046=DIRECTION('center_axis',(0.,0.,1.));
#7047=DIRECTION('ref_axis',(1.,0.,0.));
#7048=DIRECTION('center_axis',(0.,0.,-1.));
#7049=DIRECTION('ref_axis',(1.,0.,0.));
#7050=DIRECTION('',(0.,0.,1.));
#7051=DIRECTION('center_axis',(0.,0.,1.));
#7052=DIRECTION('ref_axis',(1.,0.,0.));
#7053=DIRECTION('center_axis',(0.,0.,-1.));
#7054=DIRECTION('ref_axis',(1.,0.,0.));
#7055=DIRECTION('center_axis',(0.,0.,1.));
#7056=DIRECTION('ref_axis',(1.,0.,0.));
#7057=DIRECTION('center_axis',(0.,0.,-1.));
#7058=DIRECTION('ref_axis',(1.,0.,0.));
#7059=DIRECTION('',(0.,0.,1.));
#7060=DIRECTION('center_axis',(0.,0.,1.));
#7061=DIRECTION('ref_axis',(1.,0.,0.));
#7062=DIRECTION('center_axis',(0.,0.,-1.));
#7063=DIRECTION('ref_axis',(1.,0.,0.));
#7064=DIRECTION('center_axis',(0.,0.,1.));
#7065=DIRECTION('ref_axis',(1.,0.,0.));
#7066=DIRECTION('center_axis',(0.,0.,-1.));
#7067=DIRECTION('ref_axis',(1.,0.,0.));
#7068=DIRECTION('',(0.,0.,1.));
#7069=DIRECTION('center_axis',(0.,0.,1.));
#7070=DIRECTION('ref_axis',(1.,0.,0.));
#7071=DIRECTION('center_axis',(0.,0.,-1.));
#7072=DIRECTION('ref_axis',(1.,0.,0.));
#7073=DIRECTION('center_axis',(0.,0.,1.));
#7074=DIRECTION('ref_axis',(1.,0.,0.));
#7075=DIRECTION('center_axis',(0.,0.,-1.));
#7076=DIRECTION('ref_axis',(1.,0.,0.));
#7077=DIRECTION('',(0.,0.,1.));
#7078=DIRECTION('center_axis',(0.,0.,1.));
#7079=DIRECTION('ref_axis',(1.,0.,0.));
#7080=DIRECTION('center_axis',(0.,0.,-1.));
#7081=DIRECTION('ref_axis',(1.,0.,0.));
#7082=DIRECTION('center_axis',(0.,0.,-1.));
#7083=DIRECTION('ref_axis',(1.,0.,0.));
#7084=DIRECTION('',(-1.,2.43336553342498E-16,0.));
#7085=DIRECTION('center_axis',(0.,0.,1.));
#7086=DIRECTION('ref_axis',(1.,0.,0.));
#7087=DIRECTION('center_axis',(0.,0.,1.));
#7088=DIRECTION('ref_axis',(1.,0.,0.));
#7089=DIRECTION('center_axis',(0.,0.,1.));
#7090=DIRECTION('ref_axis',(1.,0.,0.));
#7091=DIRECTION('center_axis',(0.,0.,-1.));
#7092=DIRECTION('ref_axis',(1.,0.,0.));
#7093=DIRECTION('',(0.,0.,1.));
#7094=DIRECTION('',(0.,0.,1.));
#7095=DIRECTION('center_axis',(0.,0.,-1.));
#7096=DIRECTION('ref_axis',(1.,0.,0.));
#7097=DIRECTION('',(0.,0.,-1.));
#7098=DIRECTION('center_axis',(-5.60519385729927E-45,-8.36033503715202E-59,
-1.));
#7099=DIRECTION('ref_axis',(1.,0.,-5.60519385729927E-45));
#7100=DIRECTION('',(-1.,2.43336553342498E-16,5.60519385729927E-45));
#7101=DIRECTION('center_axis',(5.60519385729926E-45,-1.98477773921166E-61,
1.));
#7102=DIRECTION('ref_axis',(-1.,0.,5.60519385729926E-45));
#7103=DIRECTION('center_axis',(5.60519385729926E-45,-1.98477773921166E-61,
1.));
#7104=DIRECTION('ref_axis',(-1.,0.,5.60519385729926E-45));
#7105=DIRECTION('center_axis',(0.,0.,1.));
#7106=DIRECTION('ref_axis',(-1.,0.,0.));
#7107=DIRECTION('center_axis',(-5.60519385729926E-45,1.98477773921166E-61,
-1.));
#7108=DIRECTION('ref_axis',(-1.,0.,5.60519385729926E-45));
#7109=DIRECTION('',(0.,0.,1.));
#7110=DIRECTION('',(0.,0.,1.));
#7111=DIRECTION('center_axis',(0.,0.,-1.));
#7112=DIRECTION('ref_axis',(-1.,0.,0.));
#7113=DIRECTION('',(0.,0.,-1.));
#7114=DIRECTION('center_axis',(0.,0.,-1.));
#7115=DIRECTION('ref_axis',(1.,0.,0.));
#7116=DIRECTION('',(-1.,2.43336553342498E-16,0.));
#7117=DIRECTION('center_axis',(0.,0.,1.));
#7118=DIRECTION('ref_axis',(1.,0.,0.));
#7119=DIRECTION('center_axis',(0.,0.,1.));
#7120=DIRECTION('ref_axis',(1.,0.,0.));
#7121=DIRECTION('center_axis',(0.,0.,1.));
#7122=DIRECTION('ref_axis',(1.,0.,0.));
#7123=DIRECTION('center_axis',(0.,0.,-1.));
#7124=DIRECTION('ref_axis',(1.,0.,0.));
#7125=DIRECTION('',(0.,0.,1.));
#7126=DIRECTION('',(0.,0.,1.));
#7127=DIRECTION('center_axis',(0.,0.,-1.));
#7128=DIRECTION('ref_axis',(1.,0.,0.));
#7129=DIRECTION('',(0.,0.,-1.));
#7130=DIRECTION('center_axis',(0.,0.,-1.));
#7131=DIRECTION('ref_axis',(1.,0.,0.));
#7132=DIRECTION('',(-1.,2.43336553342498E-16,0.));
#7133=DIRECTION('center_axis',(0.,-1.98477773921166E-61,1.));
#7134=DIRECTION('ref_axis',(-1.,0.,0.));
#7135=DIRECTION('center_axis',(0.,-1.98477773921166E-61,1.));
#7136=DIRECTION('ref_axis',(-1.,0.,0.));
#7137=DIRECTION('center_axis',(0.,0.,1.));
#7138=DIRECTION('ref_axis',(-1.,0.,0.));
#7139=DIRECTION('center_axis',(0.,1.98477773921166E-61,-1.));
#7140=DIRECTION('ref_axis',(-1.,0.,0.));
#7141=DIRECTION('',(0.,0.,1.));
#7142=DIRECTION('',(0.,0.,1.));
#7143=DIRECTION('center_axis',(0.,0.,-1.));
#7144=DIRECTION('ref_axis',(-1.,0.,0.));
#7145=DIRECTION('',(0.,0.,-1.));
#7146=DIRECTION('center_axis',(0.,0.,-1.));
#7147=DIRECTION('ref_axis',(1.,0.,0.));
#7148=DIRECTION('',(-1.,2.43336553342498E-16,0.));
#7149=DIRECTION('center_axis',(0.,0.,1.));
#7150=DIRECTION('ref_axis',(1.,0.,0.));
#7151=DIRECTION('center_axis',(0.,0.,1.));
#7152=DIRECTION('ref_axis',(1.,0.,0.));
#7153=DIRECTION('',(-8.88178419700122E-16,1.,0.));
#7154=DIRECTION('center_axis',(0.,0.,1.));
#7155=DIRECTION('ref_axis',(1.,0.,0.));
#7156=DIRECTION('center_axis',(0.,0.,-1.));
#7157=DIRECTION('ref_axis',(1.,0.,0.));
#7158=DIRECTION('',(0.,0.,1.));
#7159=DIRECTION('',(0.,0.,1.));
#7160=DIRECTION('center_axis',(0.,0.,-1.));
#7161=DIRECTION('ref_axis',(1.,0.,0.));
#7162=DIRECTION('',(0.,0.,-1.));
#7163=DIRECTION('center_axis',(0.,0.,-1.));
#7164=DIRECTION('ref_axis',(1.,0.,0.));
#7165=DIRECTION('',(0.,-1.,0.));
#7166=DIRECTION('center_axis',(0.,0.,1.));
#7167=DIRECTION('ref_axis',(1.,0.,0.));
#7168=DIRECTION('center_axis',(0.,0.,1.));
#7169=DIRECTION('ref_axis',(1.,0.,0.));
#7170=DIRECTION('center_axis',(0.,0.,-1.));
#7171=DIRECTION('ref_axis',(1.,0.,0.));
#7172=DIRECTION('',(0.,0.,1.));
#7173=DIRECTION('center_axis',(0.,-0.00482535671329067,-0.999988357898525));
#7174=DIRECTION('ref_axis',(0.,0.999988357898525,-0.00482535671329067));
#7175=DIRECTION('',(0.,0.,-1.));
#7176=DIRECTION('',(0.,0.,1.));
#7177=DIRECTION('center_axis',(0.,-0.00482535671329067,-0.999988357898525));
#7178=DIRECTION('ref_axis',(0.,0.999988357898525,-0.00482535671329067));
#7179=DIRECTION('center_axis',(2.43336553342498E-16,1.,0.));
#7180=DIRECTION('ref_axis',(-1.,2.43336553342498E-16,0.));
#7181=DIRECTION('',(-1.,2.43336553342498E-16,0.));
#7182=DIRECTION('',(0.,0.,-1.));
#7183=DIRECTION('center_axis',(-2.43336553342498E-16,-1.,0.));
#7184=DIRECTION('ref_axis',(1.,0.,0.));
#7185=DIRECTION('',(0.,0.,1.));
#7186=DIRECTION('',(-1.,2.43336553342498E-16,0.));
#7187=DIRECTION('',(0.,0.,1.));
#7188=DIRECTION('',(0.,0.,1.));
#7189=DIRECTION('center_axis',(-2.43336553342498E-16,-1.,0.));
#7190=DIRECTION('ref_axis',(1.,0.,0.));
#7191=DIRECTION('',(0.,0.,1.));
#7192=DIRECTION('',(-1.,2.43336553342498E-16,0.));
#7193=DIRECTION('',(-1.,2.43336553342498E-16,0.));
#7194=DIRECTION('',(0.,0.,-1.));
#7195=DIRECTION('center_axis',(-2.43336553342498E-16,-1.,0.));
#7196=DIRECTION('ref_axis',(1.,0.,0.));
#7197=DIRECTION('',(0.,0.,1.));
#7198=DIRECTION('',(-1.,2.43336553342498E-16,0.));
#7199=DIRECTION('center_axis',(2.43336553342498E-16,1.,0.));
#7200=DIRECTION('ref_axis',(-1.,2.43336553342498E-16,0.));
#7201=DIRECTION('',(-1.,2.43336553342498E-16,0.));
#7202=DIRECTION('',(0.,0.,-1.));
#7203=DIRECTION('center_axis',(-2.43336553342498E-16,-1.,0.));
#7204=DIRECTION('ref_axis',(1.,0.,0.));
#7205=DIRECTION('',(0.,0.,1.));
#7206=DIRECTION('',(-1.,2.43336553342498E-16,0.));
#7207=DIRECTION('',(-1.,2.43336553342498E-16,0.));
#7208=DIRECTION('',(0.,0.,-1.));
#7209=DIRECTION('center_axis',(-2.43336553342498E-16,-1.,0.));
#7210=DIRECTION('ref_axis',(1.,0.,0.));
#7211=DIRECTION('',(0.,0.,1.));
#7212=DIRECTION('',(-1.,2.43336553342498E-16,0.));
#7213=DIRECTION('',(0.,0.,1.));
#7214=DIRECTION('',(0.,0.,1.));
#7215=DIRECTION('',(-1.,2.43336553342498E-16,0.));
#7216=DIRECTION('center_axis',(1.,8.88178419700122E-16,0.));
#7217=DIRECTION('ref_axis',(-8.88178419700122E-16,1.,0.));
#7218=DIRECTION('',(-8.88178419700122E-16,1.,0.));
#7219=DIRECTION('',(-1.26217744835362E-30,1.4210854715202E-15,-1.));
#7220=DIRECTION('center_axis',(1.,0.,0.));
#7221=DIRECTION('ref_axis',(0.,0.,-1.));
#7222=DIRECTION('',(0.,0.999988357898525,-0.00482535671329067));
#7223=DIRECTION('',(0.,1.,0.));
#7224=DIRECTION('',(0.,-0.999999829753693,-0.000583517424606051));
#7225=DIRECTION('',(0.,-0.999999829753693,-0.000583517424605567));
#7226=DIRECTION('',(0.,0.967704601926535,0.252086896546024));
#7227=DIRECTION('',(0.,-2.09660006530194E-15,1.));
#7228=DIRECTION('',(0.,0.999988357898525,-0.00482535671329067));
#7229=DIRECTION('center_axis',(0.,0.,1.));
#7230=DIRECTION('ref_axis',(1.,0.,0.));
#7231=DIRECTION('center_axis',(0.,-2.7969300262086E-15,1.));
#7232=DIRECTION('ref_axis',(1.,0.,0.));
#7233=DIRECTION('',(0.,0.,1.));
#7234=DIRECTION('center_axis',(0.,0.,1.));
#7235=DIRECTION('ref_axis',(1.,0.,0.));
#7236=DIRECTION('center_axis',(0.,0.,-1.));
#7237=DIRECTION('ref_axis',(1.,0.,0.));
#7238=DIRECTION('center_axis',(0.,0.,1.));
#7239=DIRECTION('ref_axis',(1.,0.,0.));
#7240=DIRECTION('center_axis',(0.,-2.7969300262086E-15,1.));
#7241=DIRECTION('ref_axis',(1.,0.,0.));
#7242=DIRECTION('',(0.,0.,1.));
#7243=DIRECTION('center_axis',(0.,0.,1.));
#7244=DIRECTION('ref_axis',(1.,0.,0.));
#7245=DIRECTION('center_axis',(0.,0.,-1.));
#7246=DIRECTION('ref_axis',(1.,0.,0.));
#7247=DIRECTION('center_axis',(0.,0.,1.));
#7248=DIRECTION('ref_axis',(1.,0.,0.));
#7249=DIRECTION('center_axis',(0.,-2.7969300262086E-15,1.));
#7250=DIRECTION('ref_axis',(1.,0.,0.));
#7251=DIRECTION('',(0.,0.,1.));
#7252=DIRECTION('center_axis',(0.,0.,1.));
#7253=DIRECTION('ref_axis',(1.,0.,0.));
#7254=DIRECTION('center_axis',(0.,0.,-1.));
#7255=DIRECTION('ref_axis',(1.,0.,0.));
#7256=DIRECTION('center_axis',(0.,0.,1.));
#7257=DIRECTION('ref_axis',(1.,0.,0.));
#7258=DIRECTION('center_axis',(0.,-2.7969300262086E-15,1.));
#7259=DIRECTION('ref_axis',(1.,0.,0.));
#7260=DIRECTION('',(0.,0.,1.));
#7261=DIRECTION('center_axis',(0.,0.,1.));
#7262=DIRECTION('ref_axis',(1.,0.,0.));
#7263=DIRECTION('center_axis',(0.,0.,-1.));
#7264=DIRECTION('ref_axis',(1.,0.,0.));
#7265=DIRECTION('center_axis',(0.,0.,1.));
#7266=DIRECTION('ref_axis',(1.,0.,0.));
#7267=DIRECTION('center_axis',(0.,-2.7969300262086E-15,1.));
#7268=DIRECTION('ref_axis',(1.,0.,0.));
#7269=DIRECTION('',(0.,0.,1.));
#7270=DIRECTION('center_axis',(0.,0.,1.));
#7271=DIRECTION('ref_axis',(1.,0.,0.));
#7272=DIRECTION('center_axis',(0.,0.,-1.));
#7273=DIRECTION('ref_axis',(1.,0.,0.));
#7274=DIRECTION('center_axis',(0.,0.,1.));
#7275=DIRECTION('ref_axis',(1.,0.,0.));
#7276=DIRECTION('center_axis',(0.,-2.7969300262086E-15,1.));
#7277=DIRECTION('ref_axis',(1.,0.,0.));
#7278=DIRECTION('',(0.,0.,1.));
#7279=DIRECTION('center_axis',(0.,0.,1.));
#7280=DIRECTION('ref_axis',(1.,0.,0.));
#7281=DIRECTION('center_axis',(0.,0.,-1.));
#7282=DIRECTION('ref_axis',(1.,0.,0.));
#7283=DIRECTION('center_axis',(0.,0.,1.));
#7284=DIRECTION('ref_axis',(1.,0.,0.));
#7285=DIRECTION('center_axis',(0.,-2.7969300262086E-15,1.));
#7286=DIRECTION('ref_axis',(1.,0.,0.));
#7287=DIRECTION('',(0.,0.,1.));
#7288=DIRECTION('center_axis',(0.,0.,1.));
#7289=DIRECTION('ref_axis',(1.,0.,0.));
#7290=DIRECTION('center_axis',(0.,0.,-1.));
#7291=DIRECTION('ref_axis',(1.,0.,0.));
#7292=DIRECTION('center_axis',(0.,0.,1.));
#7293=DIRECTION('ref_axis',(1.,0.,0.));
#7294=DIRECTION('center_axis',(0.,-2.7969300262086E-15,1.));
#7295=DIRECTION('ref_axis',(1.,0.,0.));
#7296=DIRECTION('',(0.,0.,1.));
#7297=DIRECTION('center_axis',(0.,0.,1.));
#7298=DIRECTION('ref_axis',(1.,0.,0.));
#7299=DIRECTION('center_axis',(0.,0.,-1.));
#7300=DIRECTION('ref_axis',(1.,0.,0.));
#7301=DIRECTION('center_axis',(0.,0.,1.));
#7302=DIRECTION('ref_axis',(1.,0.,0.));
#7303=DIRECTION('center_axis',(0.,-2.7969300262086E-15,1.));
#7304=DIRECTION('ref_axis',(1.,0.,0.));
#7305=DIRECTION('',(0.,0.,1.));
#7306=DIRECTION('center_axis',(0.,0.,1.));
#7307=DIRECTION('ref_axis',(1.,0.,0.));
#7308=DIRECTION('center_axis',(0.,0.,-1.));
#7309=DIRECTION('ref_axis',(1.,0.,0.));
#7310=DIRECTION('center_axis',(0.,0.,1.));
#7311=DIRECTION('ref_axis',(1.,0.,0.));
#7312=DIRECTION('center_axis',(0.,-2.7969300262086E-15,1.));
#7313=DIRECTION('ref_axis',(1.,0.,0.));
#7314=DIRECTION('',(0.,0.,1.));
#7315=DIRECTION('center_axis',(0.,0.,1.));
#7316=DIRECTION('ref_axis',(1.,0.,0.));
#7317=DIRECTION('center_axis',(0.,0.,-1.));
#7318=DIRECTION('ref_axis',(1.,0.,0.));
#7319=DIRECTION('center_axis',(0.,0.,1.));
#7320=DIRECTION('ref_axis',(1.,0.,0.));
#7321=DIRECTION('center_axis',(0.,-2.7969300262086E-15,1.));
#7322=DIRECTION('ref_axis',(1.,0.,0.));
#7323=DIRECTION('',(0.,0.,1.));
#7324=DIRECTION('center_axis',(0.,0.,1.));
#7325=DIRECTION('ref_axis',(1.,0.,0.));
#7326=DIRECTION('center_axis',(0.,0.,-1.));
#7327=DIRECTION('ref_axis',(1.,0.,0.));
#7328=DIRECTION('center_axis',(0.,0.,1.));
#7329=DIRECTION('ref_axis',(1.,0.,0.));
#7330=DIRECTION('center_axis',(0.,-2.7969300262086E-15,1.));
#7331=DIRECTION('ref_axis',(1.,0.,0.));
#7332=DIRECTION('',(0.,0.,1.));
#7333=DIRECTION('center_axis',(0.,0.,1.));
#7334=DIRECTION('ref_axis',(1.,0.,0.));
#7335=DIRECTION('center_axis',(0.,0.,-1.));
#7336=DIRECTION('ref_axis',(1.,0.,0.));
#7337=DIRECTION('center_axis',(0.,0.,1.));
#7338=DIRECTION('ref_axis',(1.,0.,0.));
#7339=DIRECTION('center_axis',(0.,-2.7969300262086E-15,1.));
#7340=DIRECTION('ref_axis',(1.,0.,0.));
#7341=DIRECTION('',(0.,0.,1.));
#7342=DIRECTION('center_axis',(0.,0.,1.));
#7343=DIRECTION('ref_axis',(1.,0.,0.));
#7344=DIRECTION('center_axis',(0.,0.,-1.));
#7345=DIRECTION('ref_axis',(1.,0.,0.));
#7346=DIRECTION('center_axis',(0.,0.,1.));
#7347=DIRECTION('ref_axis',(1.,0.,0.));
#7348=DIRECTION('center_axis',(0.,-2.7969300262086E-15,1.));
#7349=DIRECTION('ref_axis',(1.,0.,0.));
#7350=DIRECTION('',(0.,0.,1.));
#7351=DIRECTION('center_axis',(0.,0.,1.));
#7352=DIRECTION('ref_axis',(1.,0.,0.));
#7353=DIRECTION('center_axis',(0.,0.,-1.));
#7354=DIRECTION('ref_axis',(1.,0.,0.));
#7355=DIRECTION('center_axis',(0.,0.,1.));
#7356=DIRECTION('ref_axis',(1.,0.,0.));
#7357=DIRECTION('center_axis',(0.,-2.7969300262086E-15,1.));
#7358=DIRECTION('ref_axis',(1.,0.,0.));
#7359=DIRECTION('',(0.,0.,1.));
#7360=DIRECTION('center_axis',(0.,0.,1.));
#7361=DIRECTION('ref_axis',(1.,0.,0.));
#7362=DIRECTION('center_axis',(0.,0.,-1.));
#7363=DIRECTION('ref_axis',(1.,0.,0.));
#7364=DIRECTION('center_axis',(0.,-1.,0.));
#7365=DIRECTION('ref_axis',(1.,0.,0.));
#7366=DIRECTION('center_axis',(0.,1.,0.));
#7367=DIRECTION('ref_axis',(1.,0.,0.));
#7368=DIRECTION('center_axis',(0.,-1.,0.));
#7369=DIRECTION('ref_axis',(1.,0.,0.));
#7370=DIRECTION('',(0.,0.,-1.));
#7371=DIRECTION('center_axis',(0.,1.,0.));
#7372=DIRECTION('ref_axis',(1.,0.,0.));
#7373=DIRECTION('center_axis',(0.,1.,0.));
#7374=DIRECTION('ref_axis',(1.,0.,0.));
#7375=DIRECTION('center_axis',(0.,-1.,0.));
#7376=DIRECTION('ref_axis',(1.,0.,0.));
#7377=DIRECTION('center_axis',(0.,1.,0.));
#7378=DIRECTION('ref_axis',(1.,0.,0.));
#7379=DIRECTION('center_axis',(0.,-1.,0.));
#7380=DIRECTION('ref_axis',(1.,0.,0.));
#7381=DIRECTION('center_axis',(0.,1.,0.));
#7382=DIRECTION('ref_axis',(1.,0.,0.));
#7383=DIRECTION('center_axis',(0.,-1.,0.));
#7384=DIRECTION('ref_axis',(1.,0.,0.));
#7385=DIRECTION('center_axis',(0.,1.,0.));
#7386=DIRECTION('ref_axis',(1.,0.,0.));
#7387=DIRECTION('center_axis',(0.,-1.,0.));
#7388=DIRECTION('ref_axis',(1.,0.,0.));
#7389=DIRECTION('center_axis',(0.,1.,0.));
#7390=DIRECTION('ref_axis',(1.,0.,0.));
#7391=DIRECTION('center_axis',(0.,-1.,0.));
#7392=DIRECTION('ref_axis',(1.,0.,0.));
#7393=DIRECTION('center_axis',(0.,1.,0.));
#7394=DIRECTION('ref_axis',(1.,0.,0.));
#7395=DIRECTION('',(0.,0.,-1.));
#7396=DIRECTION('',(1.,0.,0.));
#7397=DIRECTION('',(0.,0.,1.));
#7398=DIRECTION('center_axis',(1.,1.4210854715202E-15,0.));
#7399=DIRECTION('ref_axis',(-1.4210854715202E-15,1.,0.));
#7400=DIRECTION('',(0.,0.,1.));
#7401=DIRECTION('center_axis',(-1.,-1.4210854715202E-15,0.));
#7402=DIRECTION('ref_axis',(0.,-0.70710678118654,0.707106781186555));
#7403=DIRECTION('',(-1.4210854715202E-15,1.,0.));
#7404=DIRECTION('',(0.,1.,0.));
#7405=DIRECTION('',(-1.4210854715202E-15,1.,0.));
#7406=DIRECTION('center_axis',(-1.,-1.4210854715202E-15,0.));
#7407=DIRECTION('ref_axis',(0.,0.70710678118654,0.707106781186555));
#7408=DIRECTION('',(0.,0.,-1.));
#7409=DIRECTION('',(0.,1.,0.));
#7410=DIRECTION('',(0.,-1.,0.));
#7411=DIRECTION('',(0.,0.,-1.));
#7412=DIRECTION('',(1.4210854715202E-15,-1.,0.));
#7413=DIRECTION('',(-2.01948391736579E-30,1.4210854715202E-15,-1.));
#7414=DIRECTION('center_axis',(0.,-1.,0.));
#7415=DIRECTION('ref_axis',(1.,0.,0.));
#7416=DIRECTION('center_axis',(0.,1.,0.));
#7417=DIRECTION('ref_axis',(1.,0.,0.));
#7418=DIRECTION('',(0.,0.,1.));
#7419=DIRECTION('',(1.,0.,0.));
#7420=DIRECTION('',(0.,0.,1.));
#7421=DIRECTION('center_axis',(0.,-1.,0.));
#7422=DIRECTION('ref_axis',(1.,0.,0.));
#7423=DIRECTION('center_axis',(0.,1.,0.));
#7424=DIRECTION('ref_axis',(1.,0.,0.));
#7425=DIRECTION('',(0.,0.,1.));
#7426=DIRECTION('',(1.,0.,0.));
#7427=DIRECTION('',(0.,0.,1.));
#7428=DIRECTION('center_axis',(1.,0.,0.));
#7429=DIRECTION('ref_axis',(0.,1.,0.));
#7430=DIRECTION('',(0.,1.,0.));
#7431=DIRECTION('',(0.,1.,0.));
#7432=DIRECTION('center_axis',(1.,0.,0.));
#7433=DIRECTION('ref_axis',(0.,1.,0.));
#7434=DIRECTION('',(0.,1.,0.));
#7435=DIRECTION('',(0.,1.,0.));
#7436=DIRECTION('center_axis',(-1.,0.,0.));
#7437=DIRECTION('ref_axis',(0.,-1.,0.));
#7438=DIRECTION('',(0.,-1.,0.));
#7439=DIRECTION('',(0.,-1.,0.));
#7440=DIRECTION('',(0.,0.,1.));
#7441=DIRECTION('center_axis',(1.,0.,0.));
#7442=DIRECTION('ref_axis',(0.,1.,0.));
#7443=DIRECTION('',(0.,1.,0.));
#7444=DIRECTION('',(0.,0.,1.));
#7445=DIRECTION('',(0.,1.,0.));
#7446=DIRECTION('center_axis',(-1.,0.,0.));
#7447=DIRECTION('ref_axis',(0.,-1.,0.));
#7448=DIRECTION('',(0.,-1.,0.));
#7449=DIRECTION('',(0.,-1.,0.));
#7450=DIRECTION('center_axis',(0.,0.,1.));
#7451=DIRECTION('ref_axis',(1.,0.,0.));
#7452=DIRECTION('',(1.,0.,0.));
#7453=DIRECTION('',(0.,-1.,0.));
#7454=DIRECTION('',(1.,0.,0.));
#7455=DIRECTION('',(-8.88178419700122E-16,1.,0.));
#7456=DIRECTION('center_axis',(1.,8.88178419700122E-16,0.));
#7457=DIRECTION('ref_axis',(-8.88178419700122E-16,1.,0.));
#7458=DIRECTION('',(-1.26217744835362E-30,1.4210854715202E-15,-1.));
#7459=DIRECTION('center_axis',(0.,-1.,-1.4210854715202E-15));
#7460=DIRECTION('ref_axis',(0.,1.4210854715202E-15,-1.));
#7461=DIRECTION('',(0.,-1.4210854715202E-15,1.));
#7462=DIRECTION('',(1.,0.,0.));
#7463=DIRECTION('',(2.52435489670723E-30,-1.4210854715202E-15,1.));
#7464=DIRECTION('',(1.,0.,0.));
#7465=DIRECTION('',(0.,-1.4210854715202E-15,1.));
#7466=DIRECTION('center_axis',(0.,1.,1.4210854715202E-15));
#7467=DIRECTION('ref_axis',(-0.70710678118654,0.,0.707106781186555));
#7468=DIRECTION('',(1.,0.,0.));
#7469=DIRECTION('',(0.,1.4210854715202E-15,-1.));
#7470=DIRECTION('',(1.,0.,0.));
#7471=DIRECTION('',(0.,-1.4210854715202E-15,1.));
#7472=DIRECTION('',(1.,0.,0.));
#7473=DIRECTION('center_axis',(0.,1.,1.4210854715202E-15));
#7474=DIRECTION('ref_axis',(0.70710678118654,0.,0.707106781186555));
#7475=DIRECTION('center_axis',(-1.,0.,0.));
#7476=DIRECTION('ref_axis',(0.,-1.,0.));
#7477=DIRECTION('',(0.,-1.,0.));
#7478=DIRECTION('center_axis',(1.,0.,0.));
#7479=DIRECTION('ref_axis',(0.,1.,0.));
#7480=DIRECTION('',(0.,1.,0.));
#7481=DIRECTION('',(0.,1.,0.));
#7482=DIRECTION('center_axis',(-1.,0.,0.));
#7483=DIRECTION('ref_axis',(0.,-1.,0.));
#7484=DIRECTION('',(0.,-1.,0.));
#7485=DIRECTION('',(0.,-1.,0.));
#7486=DIRECTION('',(0.,0.,1.));
#7487=DIRECTION('center_axis',(1.,0.,0.));
#7488=DIRECTION('ref_axis',(0.,1.,0.));
#7489=DIRECTION('',(0.,1.,0.));
#7490=DIRECTION('',(0.,0.,1.));
#7491=DIRECTION('',(0.,1.,0.));
#7492=DIRECTION('center_axis',(-1.,0.,0.));
#7493=DIRECTION('ref_axis',(0.,-1.,0.));
#7494=DIRECTION('',(0.,-1.,0.));
#7495=DIRECTION('',(0.,-1.,0.));
#7496=DIRECTION('center_axis',(0.,0.,1.));
#7497=DIRECTION('ref_axis',(1.,0.,0.));
#7498=DIRECTION('',(1.77635683940024E-15,-1.,0.));
#7499=DIRECTION('',(1.,0.,0.));
#7500=DIRECTION('center_axis',(-1.,-1.77635683940024E-15,0.));
#7501=DIRECTION('ref_axis',(1.77635683940024E-15,-1.,0.));
#7502=DIRECTION('center_axis',(0.,1.,0.));
#7503=DIRECTION('ref_axis',(1.,0.,0.));
#7504=DIRECTION('center_axis',(0.,-1.,0.));
#7505=DIRECTION('ref_axis',(1.,0.,0.));
#7506=DIRECTION('',(0.,1.,0.));
#7507=DIRECTION('center_axis',(0.,1.,0.));
#7508=DIRECTION('ref_axis',(1.,0.,0.));
#7509=DIRECTION('center_axis',(0.,-1.,0.));
#7510=DIRECTION('ref_axis',(1.,0.,0.));
#7511=DIRECTION('',(0.,1.,0.));
#7512=DIRECTION('center_axis',(0.,1.,0.));
#7513=DIRECTION('ref_axis',(1.,0.,0.));
#7514=DIRECTION('center_axis',(0.,-1.,0.));
#7515=DIRECTION('ref_axis',(1.,0.,0.));
#7516=DIRECTION('',(0.,1.,0.));
#7517=DIRECTION('center_axis',(0.,1.,0.));
#7518=DIRECTION('ref_axis',(1.,0.,0.));
#7519=DIRECTION('center_axis',(0.,-1.,0.));
#7520=DIRECTION('ref_axis',(1.,0.,0.));
#7521=DIRECTION('center_axis',(0.,1.,0.));
#7522=DIRECTION('ref_axis',(1.,0.,0.));
#7523=DIRECTION('center_axis',(0.,-1.,0.));
#7524=DIRECTION('ref_axis',(1.,0.,0.));
#7525=DIRECTION('',(0.,1.,0.));
#7526=DIRECTION('center_axis',(0.,1.,0.));
#7527=DIRECTION('ref_axis',(1.,0.,0.));
#7528=DIRECTION('center_axis',(0.,-1.,0.));
#7529=DIRECTION('ref_axis',(1.,0.,0.));
#7530=DIRECTION('',(0.,1.,0.));
#7531=DIRECTION('center_axis',(0.,1.,0.));
#7532=DIRECTION('ref_axis',(1.,0.,0.));
#7533=DIRECTION('center_axis',(0.,-1.,0.));
#7534=DIRECTION('ref_axis',(1.,0.,0.));
#7535=DIRECTION('center_axis',(0.,1.,0.));
#7536=DIRECTION('ref_axis',(1.,0.,0.));
#7537=DIRECTION('center_axis',(0.,-1.,0.));
#7538=DIRECTION('ref_axis',(1.,0.,0.));
#7539=DIRECTION('',(0.,1.,0.));
#7540=DIRECTION('center_axis',(0.,-1.,0.));
#7541=DIRECTION('ref_axis',(1.,0.,0.));
#7542=DIRECTION('center_axis',(0.,1.,0.));
#7543=DIRECTION('ref_axis',(-1.,0.,0.));
#7544=DIRECTION('',(-1.,0.,0.));
#7545=DIRECTION('',(0.,0.,1.));
#7546=DIRECTION('',(-1.,0.,0.));
#7547=DIRECTION('',(0.,0.,1.));
#7548=DIRECTION('center_axis',(0.,1.,0.));
#7549=DIRECTION('ref_axis',(0.,0.,-1.));
#7550=DIRECTION('',(0.,0.,-1.));
#7551=DIRECTION('',(-1.,0.,0.));
#7552=DIRECTION('',(0.,0.,1.));
#7553=DIRECTION('center_axis',(0.,1.,0.));
#7554=DIRECTION('ref_axis',(1.,0.,0.));
#7555=DIRECTION('center_axis',(0.,1.,0.));
#7556=DIRECTION('ref_axis',(1.,0.,0.));
#7557=DIRECTION('',(0.,1.,0.));
#7558=DIRECTION('center_axis',(0.,1.,0.));
#7559=DIRECTION('ref_axis',(1.,0.,0.));
#7560=DIRECTION('center_axis',(0.,-1.,0.));
#7561=DIRECTION('ref_axis',(1.,0.,0.));
#7562=DIRECTION('center_axis',(0.,1.,0.));
#7563=DIRECTION('ref_axis',(1.,0.,0.));
#7564=DIRECTION('center_axis',(0.,1.,0.));
#7565=DIRECTION('ref_axis',(1.,0.,0.));
#7566=DIRECTION('',(0.,1.,0.));
#7567=DIRECTION('center_axis',(0.,1.,0.));
#7568=DIRECTION('ref_axis',(1.,0.,0.));
#7569=DIRECTION('center_axis',(0.,-1.,0.));
#7570=DIRECTION('ref_axis',(1.,0.,0.));
#7571=DIRECTION('center_axis',(0.,1.,0.));
#7572=DIRECTION('ref_axis',(1.,0.,0.));
#7573=DIRECTION('center_axis',(0.,1.,0.));
#7574=DIRECTION('ref_axis',(1.,0.,0.));
#7575=DIRECTION('',(0.,1.,0.));
#7576=DIRECTION('center_axis',(0.,1.,0.));
#7577=DIRECTION('ref_axis',(1.,0.,0.));
#7578=DIRECTION('center_axis',(0.,-1.,0.));
#7579=DIRECTION('ref_axis',(1.,0.,0.));
#7580=DIRECTION('center_axis',(0.,1.,0.));
#7581=DIRECTION('ref_axis',(1.,0.,0.));
#7582=DIRECTION('center_axis',(0.,1.,0.));
#7583=DIRECTION('ref_axis',(1.,0.,0.));
#7584=DIRECTION('',(0.,1.,0.));
#7585=DIRECTION('center_axis',(0.,1.,0.));
#7586=DIRECTION('ref_axis',(1.,0.,0.));
#7587=DIRECTION('center_axis',(0.,-1.,0.));
#7588=DIRECTION('ref_axis',(1.,0.,0.));
#7589=DIRECTION('center_axis',(0.,1.,0.));
#7590=DIRECTION('ref_axis',(1.,0.,0.));
#7591=DIRECTION('center_axis',(0.,1.,0.));
#7592=DIRECTION('ref_axis',(1.,0.,0.));
#7593=DIRECTION('',(0.,1.,0.));
#7594=DIRECTION('center_axis',(0.,1.,0.));
#7595=DIRECTION('ref_axis',(1.,0.,0.));
#7596=DIRECTION('center_axis',(0.,-1.,0.));
#7597=DIRECTION('ref_axis',(1.,0.,0.));
#7598=DIRECTION('center_axis',(0.,1.,0.));
#7599=DIRECTION('ref_axis',(1.,0.,0.));
#7600=DIRECTION('center_axis',(0.,1.,0.));
#7601=DIRECTION('ref_axis',(1.,0.,0.));
#7602=DIRECTION('',(0.,1.,0.));
#7603=DIRECTION('center_axis',(0.,1.,0.));
#7604=DIRECTION('ref_axis',(1.,0.,0.));
#7605=DIRECTION('center_axis',(0.,-1.,0.));
#7606=DIRECTION('ref_axis',(1.,0.,0.));
#7607=DIRECTION('center_axis',(3.17206578464337E-16,-1.,0.));
#7608=DIRECTION('ref_axis',(-1.,-3.17206578464337E-16,0.));
#7609=DIRECTION('',(1.,0.,0.));
#7610=DIRECTION('',(0.,0.,1.));
#7611=DIRECTION('',(1.,3.17206578464337E-16,0.));
#7612=DIRECTION('',(0.,1.4210854715202E-15,-1.));
#7613=DIRECTION('center_axis',(1.,1.4210854715202E-15,0.));
#7614=DIRECTION('ref_axis',(1.4210854715202E-15,-1.,0.));
#7615=DIRECTION('',(1.4210854715202E-15,-1.,0.));
#7616=DIRECTION('',(-1.4210854715202E-15,1.,0.));
#7617=DIRECTION('',(0.,1.,0.));
#7618=DIRECTION('',(-1.4210854715202E-15,1.,0.));
#7619=DIRECTION('center_axis',(1.,1.4210854715202E-15,0.));
#7620=DIRECTION('ref_axis',(0.,-0.70710678118654,-0.707106781186555));
#7621=DIRECTION('center_axis',(0.,-1.,0.));
#7622=DIRECTION('ref_axis',(0.70710678118654,0.,-0.707106781186555));
#7623=DIRECTION('center_axis',(3.17206578464337E-16,-1.,0.));
#7624=DIRECTION('ref_axis',(0.70710678118654,0.,-0.707106781186555));
#7625=DIRECTION('center_axis',(0.,-1.,0.));
#7626=DIRECTION('ref_axis',(0.,0.,-1.));
#7627=DIRECTION('',(0.,1.,0.));
#7628=DIRECTION('center_axis',(0.,-1.,0.));
#7629=DIRECTION('ref_axis',(0.70710678118654,0.,0.707106781186555));
#7630=DIRECTION('',(0.,-1.,0.));
#7631=DIRECTION('center_axis',(0.,-1.,0.));
#7632=DIRECTION('ref_axis',(1.,0.,0.));
#7633=DIRECTION('center_axis',(0.,0.,-1.));
#7634=DIRECTION('ref_axis',(1.,0.,0.));
#7635=DIRECTION('',(1.,0.,0.));
#7636=DIRECTION('',(0.,-1.,0.));
#7637=DIRECTION('center_axis',(0.,0.,-1.));
#7638=DIRECTION('ref_axis',(0.599999999999987,-0.80000000000001,0.));
#7639=DIRECTION('center_axis',(0.,0.,-1.));
#7640=DIRECTION('ref_axis',(-0.599999999999998,0.800000000000002,0.));
#7641=DIRECTION('center_axis',(0.,0.,-1.));
#7642=DIRECTION('ref_axis',(1.,0.,0.));
#7643=DIRECTION('',(-1.93082265152201E-15,1.,0.));
#7644=DIRECTION('center_axis',(0.,0.,-1.));
#7645=DIRECTION('ref_axis',(1.,0.,0.));
#7646=DIRECTION('',(-1.,0.,0.));
#7647=DIRECTION('',(-1.93082265152201E-15,1.,0.));
#7648=DIRECTION('center_axis',(0.,0.,1.));
#7649=DIRECTION('ref_axis',(1.,0.,0.));
#7650=DIRECTION('center_axis',(0.,0.,-1.));
#7651=DIRECTION('ref_axis',(-0.599999999999998,0.800000000000002,0.));
#7652=DIRECTION('center_axis',(0.,0.,1.));
#7653=DIRECTION('ref_axis',(0.599999999999987,-0.80000000000001,0.));
#7654=DIRECTION('',(0.,-1.,0.));
#7655=DIRECTION('center_axis',(1.,0.,0.));
#7656=DIRECTION('ref_axis',(0.,1.,0.));
#7657=DIRECTION('',(-1.,0.,0.));
#7658=DIRECTION('center_axis',(1.,0.,0.));
#7659=DIRECTION('ref_axis',(0.,-1.,0.));
#7660=DIRECTION('center_axis',(1.,0.,0.));
#7661=DIRECTION('ref_axis',(0.,-1.,0.));
#7662=DIRECTION('center_axis',(-1.,0.,0.));
#7663=DIRECTION('ref_axis',(0.,-1.,0.));
#7664=DIRECTION('',(0.,1.4210854715202E-15,-1.));
#7665=DIRECTION('',(0.,0.,1.));
#7666=DIRECTION('',(0.,-1.,0.));
#7667=DIRECTION('center_axis',(0.,0.,1.));
#7668=DIRECTION('ref_axis',(-0.447213595500016,-0.894427190999887,0.));
#7669=DIRECTION('',(0.,0.,-1.));
#7670=DIRECTION('center_axis',(0.,0.,-1.));
#7671=DIRECTION('ref_axis',(-0.447213595500016,-0.894427190999887,0.));
#7672=DIRECTION('center_axis',(0.,0.,-1.));
#7673=DIRECTION('ref_axis',(1.,0.,0.));
#7674=DIRECTION('',(0.,0.,1.));
#7675=DIRECTION('center_axis',(0.,0.,-1.));
#7676=DIRECTION('ref_axis',(1.,0.,0.));
#7677=DIRECTION('center_axis',(0.,0.,1.));
#7678=DIRECTION('ref_axis',(0.447213595499882,-0.894427190999954,0.));
#7679=DIRECTION('',(0.,0.,-1.));
#7680=DIRECTION('center_axis',(0.,0.,-1.));
#7681=DIRECTION('ref_axis',(0.447213595499882,-0.894427190999954,0.));
#7682=DIRECTION('center_axis',(1.,0.,0.));
#7683=DIRECTION('ref_axis',(0.,1.,0.));
#7684=DIRECTION('',(0.,-1.4210854715202E-15,1.));
#7685=DIRECTION('',(0.,0.,-1.));
#7686=DIRECTION('',(0.,1.,0.));
#7687=DIRECTION('center_axis',(0.,0.,1.));
#7688=DIRECTION('ref_axis',(-0.447213595500016,-0.894427190999887,0.));
#7689=DIRECTION('',(0.,0.,1.));
#7690=DIRECTION('center_axis',(0.,0.,1.));
#7691=DIRECTION('ref_axis',(-0.447213595500016,-0.894427190999887,0.));
#7692=DIRECTION('',(0.,0.,-1.));
#7693=DIRECTION('center_axis',(0.,0.,1.));
#7694=DIRECTION('ref_axis',(0.447213595499882,-0.894427190999954,0.));
#7695=DIRECTION('',(0.,0.,1.));
#7696=DIRECTION('center_axis',(0.,0.,1.));
#7697=DIRECTION('ref_axis',(0.447213595499882,-0.894427190999954,0.));
#7698=DIRECTION('',(0.,0.,-1.));
#7699=DIRECTION('center_axis',(0.,0.,-1.));
#7700=DIRECTION('ref_axis',(1.,0.,0.));
#7701=DIRECTION('center_axis',(0.,0.,-1.));
#7702=DIRECTION('ref_axis',(1.,0.,0.));
#7703=DIRECTION('center_axis',(0.,0.,-1.));
#7704=DIRECTION('ref_axis',(1.,0.,0.));
#7705=DIRECTION('center_axis',(0.,0.,-1.));
#7706=DIRECTION('ref_axis',(1.,0.,0.));
#7707=DIRECTION('',(0.,0.,-1.));
#7708=DIRECTION('center_axis',(0.,0.,-1.));
#7709=DIRECTION('ref_axis',(1.,0.,0.));
#7710=DIRECTION('center_axis',(0.,0.,1.));
#7711=DIRECTION('ref_axis',(1.,0.,0.));
#7712=DIRECTION('center_axis',(0.,0.,1.));
#7713=DIRECTION('ref_axis',(-1.,0.,0.));
#7714=DIRECTION('center_axis',(0.,0.,-1.));
#7715=DIRECTION('ref_axis',(1.,0.,0.));
#7716=DIRECTION('',(0.,0.,-1.));
#7717=DIRECTION('center_axis',(0.,0.,1.));
#7718=DIRECTION('ref_axis',(-1.,0.,0.));
#7719=DIRECTION('center_axis',(0.,0.,1.));
#7720=DIRECTION('ref_axis',(1.,0.,0.));
#7721=DIRECTION('center_axis',(0.,0.,-1.));
#7722=DIRECTION('ref_axis',(1.,0.,0.));
#7723=DIRECTION('center_axis',(0.,0.,-1.));
#7724=DIRECTION('ref_axis',(1.,0.,0.));
#7725=DIRECTION('',(0.,0.,-1.));
#7726=DIRECTION('center_axis',(0.,0.,-1.));
#7727=DIRECTION('ref_axis',(1.,0.,0.));
#7728=DIRECTION('center_axis',(1.,0.,0.));
#7729=DIRECTION('ref_axis',(0.,-0.70710678118654,0.707106781186555));
#7730=DIRECTION('',(1.,0.,0.));
#7731=DIRECTION('center_axis',(-1.,0.,0.));
#7732=DIRECTION('ref_axis',(0.,-1.,0.));
#7733=DIRECTION('',(-1.,0.,0.));
#7734=DIRECTION('center_axis',(1.,0.,0.));
#7735=DIRECTION('ref_axis',(0.,-0.70710678118654,-0.707106781186555));
#7736=DIRECTION('',(1.,0.,0.));
#7737=DIRECTION('center_axis',(1.,0.,0.));
#7738=DIRECTION('ref_axis',(0.,-1.,0.));
#7739=DIRECTION('',(-1.,0.,0.));
#7740=DIRECTION('center_axis',(0.,0.,-1.));
#7741=DIRECTION('ref_axis',(1.,0.,0.));
#7742=DIRECTION('center_axis',(0.,0.,1.));
#7743=DIRECTION('ref_axis',(-1.,0.,0.));
#7744=DIRECTION('',(0.,0.,-1.));
#7745=DIRECTION('center_axis',(0.,0.,1.));
#7746=DIRECTION('ref_axis',(-1.,0.,0.));
#7747=DIRECTION('center_axis',(0.,0.,-1.));
#7748=DIRECTION('ref_axis',(1.,0.,0.));
#7749=DIRECTION('center_axis',(0.,0.,1.));
#7750=DIRECTION('ref_axis',(-1.,0.,0.));
#7751=DIRECTION('',(0.,0.,-1.));
#7752=DIRECTION('center_axis',(0.,0.,1.));
#7753=DIRECTION('ref_axis',(-1.,0.,0.));
#7754=DIRECTION('center_axis',(1.,0.,0.));
#7755=DIRECTION('ref_axis',(0.,1.,0.));
#7756=DIRECTION('center_axis',(-1.,0.,0.));
#7757=DIRECTION('ref_axis',(0.,1.,0.));
#7758=DIRECTION('center_axis',(-1.,0.,0.));
#7759=DIRECTION('ref_axis',(0.,1.,0.));
#7760=DIRECTION('center_axis',(0.,1.,0.));
#7761=DIRECTION('ref_axis',(-1.,0.,0.));
#7762=DIRECTION('center_axis',(0.,1.,0.));
#7763=DIRECTION('ref_axis',(0.,0.,-1.));
#7764=DIRECTION('center_axis',(0.,1.,0.));
#7765=DIRECTION('ref_axis',(0.,0.,-1.));
#7766=DIRECTION('center_axis',(0.,0.,1.));
#7767=DIRECTION('ref_axis',(1.,0.,0.));
#7768=DIRECTION('center_axis',(0.,0.,-1.));
#7769=DIRECTION('ref_axis',(1.,0.,0.));
#7770=DIRECTION('center_axis',(0.,0.,1.));
#7771=DIRECTION('ref_axis',(1.,0.,0.));
#7772=DIRECTION('center_axis',(0.,0.,-1.));
#7773=DIRECTION('ref_axis',(1.,0.,0.));
#7774=DIRECTION('center_axis',(0.,1.,0.));
#7775=DIRECTION('ref_axis',(-1.,0.,0.));
#7776=DIRECTION('',(0.,1.,0.));
#7777=DIRECTION('center_axis',(0.,1.,0.));
#7778=DIRECTION('ref_axis',(0.,0.,-1.));
#7779=DIRECTION('center_axis',(-1.,0.,0.));
#7780=DIRECTION('ref_axis',(0.,-1.,0.));
#7781=DIRECTION('',(-1.,0.,0.));
#7782=DIRECTION('center_axis',(1.,0.,0.));
#7783=DIRECTION('ref_axis',(0.,-1.,0.));
#7784=DIRECTION('center_axis',(0.,0.,1.));
#7785=DIRECTION('ref_axis',(1.,0.,0.));
#7786=DIRECTION('center_axis',(0.,0.,-1.));
#7787=DIRECTION('ref_axis',(1.,0.,0.));
#7788=DIRECTION('center_axis',(0.,0.,1.));
#7789=DIRECTION('ref_axis',(1.,0.,0.));
#7790=DIRECTION('center_axis',(0.,0.,-1.));
#7791=DIRECTION('ref_axis',(1.,0.,0.));
#7792=DIRECTION('center_axis',(-1.,0.,0.));
#7793=DIRECTION('ref_axis',(0.,-1.,0.));
#7794=DIRECTION('',(-1.,0.,0.));
#7795=DIRECTION('center_axis',(0.,1.,0.));
#7796=DIRECTION('ref_axis',(-1.,0.,0.));
#7797=DIRECTION('center_axis',(0.,1.,0.));
#7798=DIRECTION('ref_axis',(0.,0.,-1.));
#7799=DIRECTION('',(0.,1.,0.));
#7800=DIRECTION('center_axis',(0.,1.,0.));
#7801=DIRECTION('ref_axis',(-1.,0.,0.));
#7802=DIRECTION('',(0.,1.,0.));
#7803=DIRECTION('',(0.,1.,0.));
#7804=DIRECTION('center_axis',(0.,1.,0.));
#7805=DIRECTION('ref_axis',(0.,0.,-1.));
#7806=DIRECTION('center_axis',(-1.,0.,0.));
#7807=DIRECTION('ref_axis',(0.,-1.,0.));
#7808=DIRECTION('',(1.,0.,0.));
#7809=DIRECTION('center_axis',(-1.,0.,0.));
#7810=DIRECTION('ref_axis',(0.,1.,0.));
#7811=DIRECTION('',(1.,0.,0.));
#7812=DIRECTION('center_axis',(1.,0.,0.));
#7813=DIRECTION('ref_axis',(0.,-1.,0.));
#7814=DIRECTION('center_axis',(0.,0.,-1.));
#7815=DIRECTION('ref_axis',(1.,0.,0.));
#7816=DIRECTION('',(0.,0.,-1.));
#7817=DIRECTION('center_axis',(0.,0.,-1.));
#7818=DIRECTION('ref_axis',(1.,0.,0.));
#7819=DIRECTION('center_axis',(0.,0.,-1.));
#7820=DIRECTION('ref_axis',(1.,0.,0.));
#7821=DIRECTION('',(0.,0.,-1.));
#7822=DIRECTION('center_axis',(0.,0.,-1.));
#7823=DIRECTION('ref_axis',(1.,0.,0.));
#7824=DIRECTION('center_axis',(1.,0.,0.));
#7825=DIRECTION('ref_axis',(0.,0.,-1.));
#7826=DIRECTION('',(0.,-1.,0.));
#7827=DIRECTION('',(0.,0.,-1.));
#7828=DIRECTION('center_axis',(0.,1.,0.));
#7829=DIRECTION('ref_axis',(-1.,0.,0.));
#7830=DIRECTION('',(0.,0.,1.));
#7831=DIRECTION('',(-1.,0.,0.));
#7832=DIRECTION('center_axis',(-1.,0.,0.));
#7833=DIRECTION('ref_axis',(0.,0.,1.));
#7834=DIRECTION('',(0.,-1.,0.));
#7835=DIRECTION('center_axis',(0.,-1.,0.));
#7836=DIRECTION('ref_axis',(0.,0.,-1.));
#7837=DIRECTION('',(-1.,0.,0.));
#7838=DIRECTION('',(0.,0.,-1.));
#7839=DIRECTION('',(0.,0.,-1.));
#7840=DIRECTION('center_axis',(1.,0.,0.));
#7841=DIRECTION('ref_axis',(0.,1.,0.));
#7842=DIRECTION('',(0.,0.,1.));
#7843=DIRECTION('',(0.,1.,0.));
#7844=DIRECTION('center_axis',(0.,1.,0.));
#7845=DIRECTION('ref_axis',(0.,0.,1.));
#7846=DIRECTION('',(-1.,0.,0.));
#7847=DIRECTION('',(0.,0.,1.));
#7848=DIRECTION('center_axis',(0.,1.,0.));
#7849=DIRECTION('ref_axis',(-1.,0.,0.));
#7850=DIRECTION('',(1.,0.,0.));
#7851=DIRECTION('center_axis',(0.,1.,0.));
#7852=DIRECTION('ref_axis',(0.,0.,-1.));
#7853=DIRECTION('',(-1.,0.,0.));
#7854=DIRECTION('',(0.,0.,-1.));
#7855=DIRECTION('center_axis',(0.,0.,-1.));
#7856=DIRECTION('ref_axis',(1.,0.,0.));
#7857=DIRECTION('center_axis',(0.,0.,-1.));
#7858=DIRECTION('ref_axis',(1.,0.,0.));
#7859=DIRECTION('',(0.,0.,-1.));
#7860=DIRECTION('center_axis',(0.,0.,-1.));
#7861=DIRECTION('ref_axis',(1.,0.,0.));
#7862=DIRECTION('center_axis',(0.,0.,-1.));
#7863=DIRECTION('ref_axis',(1.,0.,0.));
#7864=DIRECTION('',(0.,0.,-1.));
#7865=DIRECTION('center_axis',(0.,0.,-1.));
#7866=DIRECTION('ref_axis',(1.,0.,0.));
#7867=DIRECTION('center_axis',(0.,0.,-1.));
#7868=DIRECTION('ref_axis',(1.,0.,0.));
#7869=DIRECTION('',(0.,0.,1.));
#7870=DIRECTION('center_axis',(0.,0.,-1.));
#7871=DIRECTION('ref_axis',(1.,0.,0.));
#7872=DIRECTION('',(0.,0.,-1.));
#7873=DIRECTION('center_axis',(0.,0.,1.));
#7874=DIRECTION('ref_axis',(-0.447213595500021,0.894427190999884,0.));
#7875=DIRECTION('center_axis',(0.,0.,1.));
#7876=DIRECTION('ref_axis',(-0.447213595500021,0.894427190999884,0.));
#7877=DIRECTION('',(0.,0.,-1.));
#7878=DIRECTION('center_axis',(0.,0.,-1.));
#7879=DIRECTION('ref_axis',(-0.447213595500021,0.894427190999884,0.));
#7880=DIRECTION('center_axis',(1.,0.,0.));
#7881=DIRECTION('ref_axis',(0.,1.,0.));
#7882=DIRECTION('',(0.,-1.,0.));
#7883=DIRECTION('center_axis',(1.,0.,0.));
#7884=DIRECTION('ref_axis',(0.,-1.,0.));
#7885=DIRECTION('',(0.,1.,0.));
#7886=DIRECTION('',(0.,0.,1.));
#7887=DIRECTION('center_axis',(0.,0.,1.));
#7888=DIRECTION('ref_axis',(0.447213595499942,0.894427190999924,0.));
#7889=DIRECTION('center_axis',(0.,0.,1.));
#7890=DIRECTION('ref_axis',(0.447213595499942,0.894427190999924,0.));
#7891=DIRECTION('center_axis',(0.,0.,-1.));
#7892=DIRECTION('ref_axis',(0.447213595499942,0.894427190999924,0.));
#7893=DIRECTION('',(0.,0.,1.));
#7894=DIRECTION('center_axis',(0.,0.,1.));
#7895=DIRECTION('ref_axis',(-0.894427190999932,0.447213595499926,0.));
#7896=DIRECTION('center_axis',(0.,0.,-1.));
#7897=DIRECTION('ref_axis',(-0.894427190999932,0.447213595499926,0.));
#7898=DIRECTION('',(0.,0.,1.));
#7899=DIRECTION('center_axis',(0.,0.,1.));
#7900=DIRECTION('ref_axis',(-0.894427190999932,0.447213595499926,0.));
#7901=DIRECTION('',(0.,0.,-1.));
#7902=DIRECTION('center_axis',(0.,0.,-1.));
#7903=DIRECTION('ref_axis',(1.,0.,0.));
#7904=DIRECTION('center_axis',(0.,0.,1.));
#7905=DIRECTION('ref_axis',(1.,0.,0.));
#7906=DIRECTION('center_axis',(0.,0.,-1.));
#7907=DIRECTION('ref_axis',(1.,0.,0.));
#7908=DIRECTION('',(0.,0.,1.));
#7909=DIRECTION('center_axis',(0.,0.,1.));
#7910=DIRECTION('ref_axis',(-0.894427190999916,-0.447213595499958,0.));
#7911=DIRECTION('center_axis',(0.,0.,1.));
#7912=DIRECTION('ref_axis',(-0.894427190999916,-0.447213595499958,0.));
#7913=DIRECTION('center_axis',(0.,0.,-1.));
#7914=DIRECTION('ref_axis',(-0.894427190999916,-0.447213595499958,0.));
#7915=DIRECTION('',(0.,0.,1.));
#7916=DIRECTION('center_axis',(0.707106781186548,0.707106781186548,0.));
#7917=DIRECTION('ref_axis',(-0.707106781186548,0.707106781186548,0.));
#7918=DIRECTION('',(0.707106781186548,-0.707106781186548,0.));
#7919=DIRECTION('',(0.,0.,-1.));
#7920=DIRECTION('',(-0.707106781186548,0.707106781186548,0.));
#7921=DIRECTION('',(0.,0.,1.));
#7922=DIRECTION('center_axis',(0.,-1.,0.));
#7923=DIRECTION('ref_axis',(1.,0.,0.));
#7924=DIRECTION('',(-1.,0.,0.));
#7925=DIRECTION('',(0.,0.,-1.));
#7926=DIRECTION('',(1.,0.,0.));
#7927=DIRECTION('center_axis',(0.,-1.,0.));
#7928=DIRECTION('ref_axis',(0.,0.,1.));
#7929=DIRECTION('center_axis',(0.,-1.,0.));
#7930=DIRECTION('ref_axis',(1.,0.,0.));
#7931=DIRECTION('',(-1.,0.,0.));
#7932=DIRECTION('center_axis',(0.,-1.,0.));
#7933=DIRECTION('ref_axis',(0.,0.,1.));
#7934=DIRECTION('',(1.,0.,0.));
#7935=DIRECTION('',(0.,0.,-1.));
#7936=DIRECTION('center_axis',(0.,0.,1.));
#7937=DIRECTION('ref_axis',(0.894427190999908,0.447213595499974,0.));
#7938=DIRECTION('center_axis',(0.,0.,1.));
#7939=DIRECTION('ref_axis',(0.,1.,0.));
#7940=DIRECTION('center_axis',(0.,0.,-1.));
#7941=DIRECTION('ref_axis',(0.894427190999908,0.447213595499974,0.));
#7942=DIRECTION('',(0.,0.,1.));
#7943=DIRECTION('center_axis',(0.,0.,1.));
#7944=DIRECTION('ref_axis',(0.894427190999908,0.447213595499974,0.));
#7945=DIRECTION('center_axis',(0.,0.,-1.));
#7946=DIRECTION('ref_axis',(0.,1.,0.));
#7947=DIRECTION('',(0.,0.,1.));
#7948=DIRECTION('center_axis',(0.,0.,1.));
#7949=DIRECTION('ref_axis',(0.894427190999908,0.447213595499974,0.));
#7950=DIRECTION('center_axis',(0.,0.,-1.));
#7951=DIRECTION('ref_axis',(-1.,-1.01064309961486E-15,0.));
#7952=DIRECTION('center_axis',(0.,0.,-1.));
#7953=DIRECTION('ref_axis',(-0.799999999999999,-0.600000000000002,0.));
#7954=DIRECTION('center_axis',(0.,0.,-1.));
#7955=DIRECTION('ref_axis',(1.,0.,0.));
#7956=DIRECTION('',(0.,0.,-1.));
#7957=DIRECTION('center_axis',(0.,0.,-1.));
#7958=DIRECTION('ref_axis',(-1.,-1.01064309961486E-15,0.));
#7959=DIRECTION('center_axis',(0.,0.,-1.));
#7960=DIRECTION('ref_axis',(-0.799999999999999,-0.600000000000002,0.));
#7961=DIRECTION('',(0.,0.,-1.));
#7962=DIRECTION('center_axis',(0.,0.,-1.));
#7963=DIRECTION('ref_axis',(1.,0.,0.));
#7964=DIRECTION('center_axis',(0.,0.,1.));
#7965=DIRECTION('ref_axis',(0.894427190999955,-0.447213595499879,0.));
#7966=DIRECTION('center_axis',(0.,0.,1.));
#7967=DIRECTION('ref_axis',(0.800000000000006,0.599999999999991,0.));
#7968=DIRECTION('center_axis',(0.,0.,-1.));
#7969=DIRECTION('ref_axis',(0.894427190999955,-0.447213595499879,0.));
#7970=DIRECTION('',(0.,0.,1.));
#7971=DIRECTION('center_axis',(0.,0.,1.));
#7972=DIRECTION('ref_axis',(0.894427190999955,-0.447213595499879,0.));
#7973=DIRECTION('center_axis',(0.,0.,-1.));
#7974=DIRECTION('ref_axis',(0.800000000000006,0.599999999999991,0.));
#7975=DIRECTION('',(0.,0.,1.));
#7976=DIRECTION('center_axis',(0.,0.,1.));
#7977=DIRECTION('ref_axis',(0.894427190999955,-0.447213595499879,0.));
#7978=DIRECTION('center_axis',(0.,1.,0.));
#7979=DIRECTION('ref_axis',(-1.,0.,0.));
#7980=DIRECTION('',(1.,0.,0.));
#7981=DIRECTION('',(-1.,0.,0.));
#7982=DIRECTION('center_axis',(0.,1.,0.));
#7983=DIRECTION('ref_axis',(0.,0.,-1.));
#7984=DIRECTION('center_axis',(0.,1.,0.));
#7985=DIRECTION('ref_axis',(-1.,0.,0.));
#7986=DIRECTION('',(1.,0.,0.));
#7987=DIRECTION('center_axis',(0.,1.,0.));
#7988=DIRECTION('ref_axis',(0.,0.,-1.));
#7989=DIRECTION('',(-1.,0.,0.));
#7990=DIRECTION('center_axis',(0.,1.,0.));
#7991=DIRECTION('ref_axis',(-1.,0.,0.));
#7992=DIRECTION('',(0.,1.,0.));
#7993=DIRECTION('center_axis',(0.,1.,0.));
#7994=DIRECTION('ref_axis',(-1.,0.,0.));
#7995=DIRECTION('',(0.,-1.,0.));
#7996=DIRECTION('center_axis',(0.,0.,-1.));
#7997=DIRECTION('ref_axis',(-1.,0.,0.));
#7998=DIRECTION('center_axis',(0.,0.,-1.));
#7999=DIRECTION('ref_axis',(-1.,0.,0.));
#8000=DIRECTION('center_axis',(0.,0.,1.));
#8001=DIRECTION('ref_axis',(-0.894427190999916,-0.447213595499958,0.));
#8002=DIRECTION('center_axis',(0.,0.,-1.));
#8003=DIRECTION('ref_axis',(-0.894427190999916,-0.447213595499958,0.));
#8004=DIRECTION('center_axis',(0.,0.,1.));
#8005=DIRECTION('ref_axis',(-0.894427190999916,-0.447213595499958,0.));
#8006=DIRECTION('',(0.,0.,-1.));
#8007=DIRECTION('center_axis',(0.,0.,-1.));
#8008=DIRECTION('ref_axis',(1.,0.,0.));
#8009=DIRECTION('center_axis',(0.,0.,-1.));
#8010=DIRECTION('ref_axis',(1.,0.,0.));
#8011=DIRECTION('center_axis',(0.,0.,-1.));
#8012=DIRECTION('ref_axis',(1.,0.,0.));
#8013=DIRECTION('',(0.,0.,-1.));
#8014=DIRECTION('center_axis',(0.,1.,0.));
#8015=DIRECTION('ref_axis',(-1.,0.,0.));
#8016=DIRECTION('',(-1.,0.,0.));
#8017=DIRECTION('',(-1.,0.,0.));
#8018=DIRECTION('center_axis',(0.,1.,0.));
#8019=DIRECTION('ref_axis',(0.,0.,-1.));
#8020=DIRECTION('center_axis',(0.,0.,1.));
#8021=DIRECTION('ref_axis',(-0.894427190999932,0.447213595499926,0.));
#8022=DIRECTION('center_axis',(0.,0.,1.));
#8023=DIRECTION('ref_axis',(-0.894427190999932,0.447213595499926,0.));
#8024=DIRECTION('center_axis',(0.,0.,-1.));
#8025=DIRECTION('ref_axis',(-0.894427190999932,0.447213595499926,0.));
#8026=DIRECTION('',(0.,0.,1.));
#8027=DIRECTION('center_axis',(0.,-1.,0.));
#8028=DIRECTION('ref_axis',(1.,0.,0.));
#8029=DIRECTION('',(-1.,0.,0.));
#8030=DIRECTION('',(1.,0.,0.));
#8031=DIRECTION('center_axis',(0.,-1.,0.));
#8032=DIRECTION('ref_axis',(0.,0.,1.));
#8033=DIRECTION('center_axis',(0.,-1.,0.));
#8034=DIRECTION('ref_axis',(1.,0.,0.));
#8035=DIRECTION('',(1.,0.,0.));
#8036=DIRECTION('center_axis',(0.,-1.,0.));
#8037=DIRECTION('ref_axis',(0.,0.,1.));
#8038=DIRECTION('',(1.,0.,0.));
#8039=DIRECTION('center_axis',(0.,0.,1.));
#8040=DIRECTION('ref_axis',(1.,0.,0.));
#8041=DIRECTION('',(0.,-1.,0.));
#8042=DIRECTION('center_axis',(0.,0.,1.));
#8043=DIRECTION('ref_axis',(1.,0.,0.));
#8044=DIRECTION('',(0.,1.,0.));
#8045=DIRECTION('center_axis',(0.,1.,0.));
#8046=DIRECTION('ref_axis',(-1.,0.,0.));
#8047=DIRECTION('',(-1.,0.,0.));
#8048=DIRECTION('center_axis',(0.,1.,0.));
#8049=DIRECTION('ref_axis',(0.,0.,-1.));
#8050=DIRECTION('',(-1.,0.,0.));
#8051=DIRECTION('',(0.,0.,1.));
#8052=DIRECTION('center_axis',(0.,1.,0.));
#8053=DIRECTION('ref_axis',(-1.,0.,0.));
#8054=DIRECTION('',(1.,0.,0.));
#8055=DIRECTION('',(0.,0.,1.));
#8056=DIRECTION('',(-1.,0.,0.));
#8057=DIRECTION('center_axis',(0.,1.,0.));
#8058=DIRECTION('ref_axis',(0.,0.,-1.));
#8059=DIRECTION('center_axis',(0.,1.,0.));
#8060=DIRECTION('ref_axis',(-1.,0.,0.));
#8061=DIRECTION('',(0.,-1.,0.));
#8062=DIRECTION('center_axis',(0.,-1.,0.));
#8063=DIRECTION('ref_axis',(0.,0.,1.));
#8064=DIRECTION('center_axis',(0.,1.,0.));
#8065=DIRECTION('ref_axis',(-1.,0.,0.));
#8066=DIRECTION('',(0.,1.,0.));
#8067=DIRECTION('center_axis',(0.,-1.,0.));
#8068=DIRECTION('ref_axis',(0.,0.,1.));
#8069=DIRECTION('center_axis',(0.,0.,1.));
#8070=DIRECTION('ref_axis',(0.894427190999963,-0.447213595499863,0.));
#8071=DIRECTION('center_axis',(0.,0.,-1.));
#8072=DIRECTION('ref_axis',(0.894427190999963,-0.447213595499863,0.));
#8073=DIRECTION('center_axis',(0.,0.,1.));
#8074=DIRECTION('ref_axis',(0.894427190999963,-0.447213595499863,0.));
#8075=DIRECTION('',(0.,0.,-1.));
#8076=DIRECTION('center_axis',(0.,0.,1.));
#8077=DIRECTION('ref_axis',(0.894427190999963,-0.447213595499863,0.));
#8078=DIRECTION('center_axis',(0.,0.,1.));
#8079=DIRECTION('ref_axis',(0.894427190999963,-0.447213595499863,0.));
#8080=DIRECTION('',(0.,0.,-1.));
#8081=DIRECTION('center_axis',(0.,0.,-1.));
#8082=DIRECTION('ref_axis',(0.894427190999963,-0.447213595499863,0.));
#8083=DIRECTION('center_axis',(0.,-1.,0.));
#8084=DIRECTION('ref_axis',(1.,0.,0.));
#8085=DIRECTION('',(-1.,0.,0.));
#8086=DIRECTION('',(1.,0.,0.));
#8087=DIRECTION('',(0.,0.,-1.));
#8088=DIRECTION('center_axis',(0.,-1.,0.));
#8089=DIRECTION('ref_axis',(1.,0.,0.));
#8090=DIRECTION('',(1.,0.,0.));
#8091=DIRECTION('',(0.,0.,-1.));
#8092=DIRECTION('',(1.,0.,0.));
#8093=DIRECTION('center_axis',(0.,0.,-1.));
#8094=DIRECTION('ref_axis',(-0.999418495019235,-0.0340979737446103,0.));
#8095=DIRECTION('center_axis',(0.,0.,1.));
#8096=DIRECTION('ref_axis',(1.,0.,0.));
#8097=DIRECTION('center_axis',(0.,0.,-1.));
#8098=DIRECTION('ref_axis',(1.,0.,0.));
#8099=DIRECTION('',(0.,0.,1.));
#8100=DIRECTION('center_axis',(0.,0.,-1.));
#8101=DIRECTION('ref_axis',(-0.999418495019235,-0.0340979737446103,0.));
#8102=DIRECTION('center_axis',(0.,0.,-1.));
#8103=DIRECTION('ref_axis',(1.,0.,0.));
#8104=DIRECTION('',(0.,0.,1.));
#8105=DIRECTION('center_axis',(0.,0.,-1.));
#8106=DIRECTION('ref_axis',(1.,0.,0.));
#8107=DIRECTION('center_axis',(0.,0.,1.));
#8108=DIRECTION('ref_axis',(0.382683432365103,0.923879532511281,0.));
#8109=DIRECTION('center_axis',(0.,0.,1.));
#8110=DIRECTION('ref_axis',(0.382683432365103,0.923879532511281,0.));
#8111=DIRECTION('center_axis',(0.,0.,-1.));
#8112=DIRECTION('ref_axis',(0.382683432365103,0.923879532511281,0.));
#8113=DIRECTION('',(0.,0.,1.));
#8114=DIRECTION('center_axis',(0.,0.,1.));
#8115=DIRECTION('ref_axis',(0.382683432365103,0.923879532511281,0.));
#8116=DIRECTION('center_axis',(0.,0.,-1.));
#8117=DIRECTION('ref_axis',(0.382683432365103,0.923879532511281,0.));
#8118=DIRECTION('center_axis',(0.,0.,1.));
#8119=DIRECTION('ref_axis',(0.382683432365103,0.923879532511281,0.));
#8120=DIRECTION('center_axis',(0.,0.,-1.));
#8121=DIRECTION('ref_axis',(0.994486994831152,0.104859988135152,0.));
#8122=DIRECTION('center_axis',(0.,0.,-1.));
#8123=DIRECTION('ref_axis',(0.994486994831152,0.104859988135152,0.));
#8124=DIRECTION('center_axis',(0.,0.,1.));
#8125=DIRECTION('ref_axis',(0.994486994831152,0.104859988135152,0.));
#8126=DIRECTION('center_axis',(0.,0.,-1.));
#8127=DIRECTION('ref_axis',(0.994486994831152,0.104859988135152,0.));
#8128=DIRECTION('center_axis',(0.,0.,1.));
#8129=DIRECTION('ref_axis',(0.994486994831152,0.104859988135152,0.));
#8130=DIRECTION('',(0.,0.,-1.));
#8131=DIRECTION('center_axis',(0.,0.,-1.));
#8132=DIRECTION('ref_axis',(0.994486994831152,0.104859988135152,0.));
#8133=DIRECTION('center_axis',(0.707106781186548,0.707106781186548,0.));
#8134=DIRECTION('ref_axis',(-0.707106781186548,0.707106781186548,0.));
#8135=DIRECTION('',(-0.707106781186548,0.707106781186548,0.));
#8136=DIRECTION('',(0.707106781186548,-0.707106781186548,0.));
#8137=DIRECTION('center_axis',(0.,0.,1.));
#8138=DIRECTION('ref_axis',(1.,0.,0.));
#8139=DIRECTION('center_axis',(0.,0.,1.));
#8140=DIRECTION('ref_axis',(1.,0.,0.));
#8141=DIRECTION('center_axis',(0.,0.,-1.));
#8142=DIRECTION('ref_axis',(1.,0.,0.));
#8143=DIRECTION('center_axis',(0.,0.,1.));
#8144=DIRECTION('ref_axis',(0.599999999999999,0.800000000000001,0.));
#8145=DIRECTION('',(0.,0.,1.));
#8146=DIRECTION('center_axis',(0.,0.,-1.));
#8147=DIRECTION('ref_axis',(1.,0.,0.));
#8148=DIRECTION('',(0.,0.,-1.));
#8149=DIRECTION('center_axis',(0.,0.,-1.));
#8150=DIRECTION('ref_axis',(1.,0.,0.));
#8151=DIRECTION('center_axis',(0.,0.,1.));
#8152=DIRECTION('ref_axis',(0.599999999999999,0.800000000000001,0.));
#8153=DIRECTION('',(0.,0.,-1.));
#8154=DIRECTION('center_axis',(0.,0.,-1.));
#8155=DIRECTION('ref_axis',(1.,0.,0.));
#8156=DIRECTION('',(0.,0.,1.));
#8157=DIRECTION('center_axis',(0.,0.,1.));
#8158=DIRECTION('ref_axis',(0.447213595499942,-0.894427190999924,0.));
#8159=DIRECTION('center_axis',(0.,0.,1.));
#8160=DIRECTION('ref_axis',(-0.599999999999991,-0.800000000000006,0.));
#8161=DIRECTION('center_axis',(0.,0.,1.));
#8162=DIRECTION('ref_axis',(0.447213595499942,-0.894427190999924,0.));
#8163=DIRECTION('',(0.,0.,-1.));
#8164=DIRECTION('center_axis',(0.,0.,1.));
#8165=DIRECTION('ref_axis',(0.447213595499942,-0.894427190999924,0.));
#8166=DIRECTION('center_axis',(0.,0.,-1.));
#8167=DIRECTION('ref_axis',(-0.599999999999991,-0.800000000000006,0.));
#8168=DIRECTION('',(0.,0.,-1.));
#8169=DIRECTION('center_axis',(0.,0.,-1.));
#8170=DIRECTION('ref_axis',(0.447213595499942,-0.894427190999924,0.));
#8171=DIRECTION('center_axis',(0.,0.,1.));
#8172=DIRECTION('ref_axis',(-0.104859988135174,-0.99448699483115,0.));
#8173=DIRECTION('center_axis',(0.,0.,-1.));
#8174=DIRECTION('ref_axis',(-0.707106781186548,-0.707106781186548,0.));
#8175=DIRECTION('center_axis',(0.,0.,-1.));
#8176=DIRECTION('ref_axis',(-0.104859988135174,-0.99448699483115,0.));
#8177=DIRECTION('',(0.,0.,1.));
#8178=DIRECTION('center_axis',(0.,0.,1.));
#8179=DIRECTION('ref_axis',(-0.104859988135174,-0.99448699483115,0.));
#8180=DIRECTION('center_axis',(0.,0.,1.));
#8181=DIRECTION('ref_axis',(-0.707106781186548,-0.707106781186548,0.));
#8182=DIRECTION('',(0.,0.,1.));
#8183=DIRECTION('center_axis',(0.,0.,1.));
#8184=DIRECTION('ref_axis',(-0.104859988135174,-0.99448699483115,0.));
#8185=DIRECTION('center_axis',(1.,0.,0.));
#8186=DIRECTION('ref_axis',(0.,1.,0.));
#8187=DIRECTION('',(0.,-1.,0.));
#8188=DIRECTION('',(0.,1.,0.));
#8189=DIRECTION('center_axis',(1.,0.,0.));
#8190=DIRECTION('ref_axis',(0.,-1.,0.));
#8191=DIRECTION('center_axis',(1.,0.,0.));
#8192=DIRECTION('ref_axis',(0.,1.,0.));
#8193=DIRECTION('',(0.,-1.,0.));
#8194=DIRECTION('center_axis',(1.,0.,0.));
#8195=DIRECTION('ref_axis',(0.,-1.,0.));
#8196=DIRECTION('',(0.,1.,0.));
#8197=DIRECTION('center_axis',(-0.707106781186548,-0.707106781186548,0.));
#8198=DIRECTION('ref_axis',(0.707106781186548,-0.707106781186548,0.));
#8199=DIRECTION('',(-0.707106781186541,0.707106781186554,0.));
#8200=DIRECTION('',(0.707106781186548,-0.707106781186548,0.));
#8201=DIRECTION('',(0.,0.,-1.));
#8202=DIRECTION('center_axis',(-0.707106781186548,-0.707106781186548,0.));
#8203=DIRECTION('ref_axis',(0.707106781186548,-0.707106781186548,0.));
#8204=DIRECTION('',(-0.707106781186541,0.707106781186554,0.));
#8205=DIRECTION('',(0.,0.,-1.));
#8206=DIRECTION('',(0.707106781186548,-0.707106781186548,0.));
#8207=DIRECTION('center_axis',(0.,0.,-1.));
#8208=DIRECTION('ref_axis',(-0.923879532511285,-0.382683432365094,0.));
#8209=DIRECTION('center_axis',(0.,0.,-1.));
#8210=DIRECTION('ref_axis',(-1.,0.,0.));
#8211=DIRECTION('center_axis',(0.,0.,-1.));
#8212=DIRECTION('ref_axis',(-0.923879532511285,-0.382683432365094,0.));
#8213=DIRECTION('',(0.,0.,1.));
#8214=DIRECTION('center_axis',(0.,0.,-1.));
#8215=DIRECTION('ref_axis',(-0.923879532511285,-0.382683432365094,0.));
#8216=DIRECTION('center_axis',(0.,0.,1.));
#8217=DIRECTION('ref_axis',(-1.,0.,0.));
#8218=DIRECTION('',(0.,0.,1.));
#8219=DIRECTION('center_axis',(0.,0.,1.));
#8220=DIRECTION('ref_axis',(-0.923879532511285,-0.382683432365094,0.));
#8221=DIRECTION('center_axis',(-1.,0.,0.));
#8222=DIRECTION('ref_axis',(0.,-1.,0.));
#8223=DIRECTION('',(0.,1.,0.));
#8224=DIRECTION('',(0.,-1.,0.));
#8225=DIRECTION('center_axis',(-1.,0.,0.));
#8226=DIRECTION('ref_axis',(0.,1.,0.));
#8227=DIRECTION('center_axis',(-1.,0.,0.));
#8228=DIRECTION('ref_axis',(0.,-1.,0.));
#8229=DIRECTION('',(0.,1.,0.));
#8230=DIRECTION('center_axis',(-1.,0.,0.));
#8231=DIRECTION('ref_axis',(0.,1.,0.));
#8232=DIRECTION('',(0.,-1.,0.));
#8233=DIRECTION('center_axis',(-1.,0.,0.));
#8234=DIRECTION('ref_axis',(0.,-1.,0.));
#8235=DIRECTION('',(-1.,0.,0.));
#8236=DIRECTION('center_axis',(-1.,0.,0.));
#8237=DIRECTION('ref_axis',(0.,1.,0.));
#8238=DIRECTION('',(1.,0.,0.));
#8239=DIRECTION('center_axis',(0.,0.,1.));
#8240=DIRECTION('ref_axis',(1.,0.,0.));
#8241=DIRECTION('center_axis',(0.,0.,1.));
#8242=DIRECTION('ref_axis',(1.,0.,0.));
#8243=DIRECTION('',(-1.,0.,0.));
#8244=DIRECTION('center_axis',(0.,0.,1.));
#8245=DIRECTION('ref_axis',(0.447213595499942,0.894427190999924,0.));
#8246=DIRECTION('center_axis',(0.,0.,-1.));
#8247=DIRECTION('ref_axis',(0.447213595499942,0.894427190999924,0.));
#8248=DIRECTION('center_axis',(0.,0.,1.));
#8249=DIRECTION('ref_axis',(0.447213595499942,0.894427190999924,0.));
#8250=DIRECTION('',(0.,0.,-1.));
#8251=DIRECTION('center_axis',(1.,0.,0.));
#8252=DIRECTION('ref_axis',(0.,1.,0.));
#8253=DIRECTION('',(0.,1.,0.));
#8254=DIRECTION('',(0.,1.,0.));
#8255=DIRECTION('center_axis',(1.,0.,0.));
#8256=DIRECTION('ref_axis',(0.,-1.,0.));
#8257=DIRECTION('center_axis',(0.,0.,-1.));
#8258=DIRECTION('ref_axis',(1.,0.,0.));
#8259=DIRECTION('center_axis',(0.,0.,1.));
#8260=DIRECTION('ref_axis',(1.,0.,0.));
#8261=DIRECTION('center_axis',(0.,0.,-1.));
#8262=DIRECTION('ref_axis',(1.,0.,0.));
#8263=DIRECTION('',(0.,0.,1.));
#8264=DIRECTION('center_axis',(-1.,0.,0.));
#8265=DIRECTION('ref_axis',(0.,-1.,0.));
#8266=DIRECTION('',(1.,0.,0.));
#8267=DIRECTION('center_axis',(-1.,0.,0.));
#8268=DIRECTION('ref_axis',(0.,1.,0.));
#8269=DIRECTION('center_axis',(-1.,0.,0.));
#8270=DIRECTION('ref_axis',(0.,-1.,0.));
#8271=DIRECTION('',(0.,-1.,0.));
#8272=DIRECTION('',(0.,-1.,0.));
#8273=DIRECTION('center_axis',(-1.,0.,0.));
#8274=DIRECTION('ref_axis',(0.,-1.,0.));
#8275=DIRECTION('',(0.,1.,0.));
#8276=DIRECTION('',(0.,0.,-1.));
#8277=DIRECTION('',(0.,-1.,0.));
#8278=DIRECTION('center_axis',(0.,0.,1.));
#8279=DIRECTION('ref_axis',(-0.447213595500021,0.894427190999884,0.));
#8280=DIRECTION('center_axis',(0.,0.,-1.));
#8281=DIRECTION('ref_axis',(-0.447213595500021,0.894427190999884,0.));
#8282=DIRECTION('center_axis',(0.,0.,1.));
#8283=DIRECTION('ref_axis',(-0.447213595500021,0.894427190999884,0.));
#8284=DIRECTION('center_axis',(0.,0.,1.));
#8285=DIRECTION('ref_axis',(1.,0.,0.));
#8286=DIRECTION('center_axis',(0.,0.,1.));
#8287=DIRECTION('ref_axis',(1.,0.,0.));
#8288=DIRECTION('center_axis',(0.,0.,-1.));
#8289=DIRECTION('ref_axis',(-1.,0.,0.));
#8290=DIRECTION('center_axis',(0.,0.,-1.));
#8291=DIRECTION('ref_axis',(0.707106781186548,-0.707106781186548,0.));
#8292=DIRECTION('center_axis',(0.,0.,1.));
#8293=DIRECTION('ref_axis',(0.707106781186548,-0.707106781186548,0.));
#8294=DIRECTION('center_axis',(0.,0.,-1.));
#8295=DIRECTION('ref_axis',(1.,0.,0.));
#8296=DIRECTION('center_axis',(0.,0.,1.));
#8297=DIRECTION('ref_axis',(0.707106781186548,-0.707106781186548,0.));
#8298=DIRECTION('',(0.,0.,-1.));
#8299=DIRECTION('center_axis',(0.,0.,-1.));
#8300=DIRECTION('ref_axis',(-1.,0.,0.));
#8301=DIRECTION('center_axis',(0.,0.,-1.));
#8302=DIRECTION('ref_axis',(0.707106781186548,-0.707106781186548,0.));
#8303=DIRECTION('center_axis',(0.,0.,1.));
#8304=DIRECTION('ref_axis',(1.,0.,0.));
#8305=DIRECTION('',(0.,1.,0.));
#8306=DIRECTION('',(0.,-1.,0.));
#8307=DIRECTION('',(1.,3.17206578464337E-16,0.));
#8308=DIRECTION('center_axis',(1.,0.,0.));
#8309=DIRECTION('ref_axis',(0.,1.,0.));
#8310=DIRECTION('',(0.,-1.,0.));
#8311=DIRECTION('center_axis',(0.,1.,0.));
#8312=DIRECTION('ref_axis',(-0.70710678118654,0.,0.707106781186555));
#8313=DIRECTION('center_axis',(0.707106781186548,0.707106781186548,0.));
#8314=DIRECTION('ref_axis',(0.707106781186547,-0.707106781186547,0.));
#8315=DIRECTION('',(0.,1.,0.));
#8316=DIRECTION('center_axis',(0.,0.,1.));
#8317=DIRECTION('ref_axis',(1.,0.,0.));
#8318=DIRECTION('',(0.,1.,0.));
#8319=DIRECTION('',(0.,-1.,0.));
#8320=DIRECTION('',(1.,0.,0.));
#8321=DIRECTION('center_axis',(-1.,0.,0.));
#8322=DIRECTION('ref_axis',(0.,-1.,0.));
#8323=DIRECTION('center_axis',(1.,0.,0.));
#8324=DIRECTION('ref_axis',(0.,-1.,0.));
#8325=DIRECTION('center_axis',(1.,0.,0.));
#8326=DIRECTION('ref_axis',(0.,1.,0.));
#8327=DIRECTION('center_axis',(1.,0.,0.));
#8328=DIRECTION('ref_axis',(0.,-1.,0.));
#8329=DIRECTION('center_axis',(1.,0.,0.));
#8330=DIRECTION('ref_axis',(0.,1.,0.));
#8331=DIRECTION('center_axis',(-1.,0.,0.));
#8332=DIRECTION('ref_axis',(0.,0.70710678118654,0.707106781186555));
#8333=DIRECTION('center_axis',(3.17206578464337E-16,-1.,0.));
#8334=DIRECTION('ref_axis',(-1.,-3.17206578464337E-16,0.));
#8335=DIRECTION('',(1.,0.,0.));
#8336=DIRECTION('center_axis',(0.,-1.,-1.4210854715202E-15));
#8337=DIRECTION('ref_axis',(0.,1.4210854715202E-15,-1.));
#8338=DIRECTION('',(1.,0.,0.));
#8339=DIRECTION('center_axis',(0.,-1.,-2.09660006530194E-15));
#8340=DIRECTION('ref_axis',(0.,2.09660006530194E-15,-1.));
#8341=DIRECTION('',(1.,0.,0.));
#8342=DIRECTION('',(0.,2.09660006530194E-15,-1.));
#8343=DIRECTION('',(1.,0.,0.));
#8344=DIRECTION('center_axis',(0.,0.00482535671329067,0.999988357898525));
#8345=DIRECTION('ref_axis',(0.,-0.999988357898525,0.00482535671329067));
#8346=DIRECTION('',(0.,-0.999988357898525,0.00482535671329067));
#8347=DIRECTION('',(1.,0.,0.));
#8348=DIRECTION('center_axis',(0.,0.,1.));
#8349=DIRECTION('ref_axis',(0.,-1.,0.));
#8350=DIRECTION('',(0.,-1.,0.));
#8351=DIRECTION('',(1.,0.,0.));
#8352=DIRECTION('center_axis',(0.,2.7969300262086E-15,-1.));
#8353=DIRECTION('ref_axis',(0.,1.,2.7969300262086E-15));
#8354=DIRECTION('',(-1.,0.,0.));
#8355=DIRECTION('center_axis',(0.,-1.,0.));
#8356=DIRECTION('ref_axis',(0.,0.,-1.));
#8357=DIRECTION('',(1.,0.,0.));
#8358=DIRECTION('center_axis',(0.,0.,1.));
#8359=DIRECTION('ref_axis',(0.,-1.,0.));
#8360=DIRECTION('',(1.,0.,0.));
#8361=DIRECTION('',(1.,0.,0.));
#8362=DIRECTION('',(1.,0.,0.));
#8363=DIRECTION('center_axis',(0.,-0.252086896546024,0.967704601926535));
#8364=DIRECTION('ref_axis',(0.,-0.967704601926535,-0.252086896546024));
#8365=DIRECTION('',(0.,-0.967704601926535,-0.252086896546024));
#8366=DIRECTION('center_axis',(0.,-0.000583517424605567,0.999999829753693));
#8367=DIRECTION('ref_axis',(0.,-0.999999829753693,-0.000583517424605567));
#8368=DIRECTION('',(0.,0.999999829753693,0.000583517424605567));
#8369=DIRECTION('center_axis',(0.,-1.,0.));
#8370=DIRECTION('ref_axis',(1.,0.,0.));
#8371=DIRECTION('center_axis',(0.,-0.000583517424605567,0.999999829753693));
#8372=DIRECTION('ref_axis',(0.,0.999999829753693,0.000583517424605567));
#8373=DIRECTION('center_axis',(-1.,0.,0.));
#8374=DIRECTION('ref_axis',(0.,0.,1.));
#8375=DIRECTION('',(0.,-0.999999829753693,-0.000583517424606051));
#8376=DIRECTION('center_axis',(0.,0.000583517424606051,-0.999999829753693));
#8377=DIRECTION('ref_axis',(1.,0.,0.));
#8378=CARTESIAN_POINT('',(0.,0.,0.));
#8379=CARTESIAN_POINT('Origin',(0.,-0.555286673992658,9.29));
#8380=CARTESIAN_POINT('',(10.4,-1.11341711214146,9.33572104561173));
#8381=CARTESIAN_POINT('',(10.2683270727918,-0.555286666113712,9.85));
#8382=CARTESIAN_POINT('Ctrl Pts',(10.4,-1.11341711214146,9.33572104561172));
#8383=CARTESIAN_POINT('Ctrl Pts',(10.4,-1.10879332485163,9.39216499590742));
#8384=CARTESIAN_POINT('Ctrl Pts',(10.4000669157898,-1.09512215554881,9.45003902704984));
#8385=CARTESIAN_POINT('Ctrl Pts',(10.3983990871537,-1.04413549111733,9.57320750657951));
#8386=CARTESIAN_POINT('Ctrl Pts',(10.3959263118384,-1.00104319517337,9.636145083557));
#8387=CARTESIAN_POINT('Ctrl Pts',(10.3826641150183,-0.899712488703408,9.73759411555786));
#8388=CARTESIAN_POINT('Ctrl Pts',(10.3705266032292,-0.834264793917951,9.78132759210298));
#8389=CARTESIAN_POINT('Ctrl Pts',(10.3300384556746,-0.695062356449352,9.83744343800455));
#8390=CARTESIAN_POINT('Ctrl Pts',(10.3013471165131,-0.621461687575891,9.84996148105787));
#8391=CARTESIAN_POINT('Ctrl Pts',(10.2684358364277,-0.555504518786252,9.84999996822169));
#8392=CARTESIAN_POINT('Ctrl Pts',(10.2683814647696,-0.555395592897014,9.85000000000153));
#8393=CARTESIAN_POINT('Ctrl Pts',(10.2683270727918,-0.555286666113712,9.85));
#8394=CARTESIAN_POINT('',(9.815,-0.555286666113716,9.85));
#8395=CARTESIAN_POINT('',(-0.6,-0.555286666113712,9.85));
#8396=CARTESIAN_POINT('',(-0.614999999999999,-0.555286666113716,9.85));
#8397=CARTESIAN_POINT('',(-0.6,-0.555286666113712,9.85));
#8398=CARTESIAN_POINT('',(-1.44164758581998,-0.555286666113712,9.85));
#8399=CARTESIAN_POINT('',(-0.6,-0.555286666113712,9.85));
#8400=CARTESIAN_POINT('',(-1.6,-1.11233685580927,9.34740291750498));
#8401=CARTESIAN_POINT('Ctrl Pts',(-1.44164758581998,-0.555286666113712,
9.85));
#8402=CARTESIAN_POINT('Ctrl Pts',(-1.46760456461136,-0.597278824894461,
9.85000000059081));
#8403=CARTESIAN_POINT('Ctrl Pts',(-1.4900942881432,-0.640410402047683,9.84513339438758));
#8404=CARTESIAN_POINT('Ctrl Pts',(-1.53297114382504,-0.73682774827578,9.82274391032982));
#8405=CARTESIAN_POINT('Ctrl Pts',(-1.55321234228089,-0.796132877554695,
9.79959519110351));
#8406=CARTESIAN_POINT('Ctrl Pts',(-1.58096996795556,-0.904877372751105,
9.73213179936079));
#8407=CARTESIAN_POINT('Ctrl Pts',(-1.58881625964207,-0.954200318634963,
9.68776565404009));
#8408=CARTESIAN_POINT('Ctrl Pts',(-1.59745927348248,-1.02997521153866,9.59310573458708));
#8409=CARTESIAN_POINT('Ctrl Pts',(-1.59903242800305,-1.06237295383214,9.53620584841794));
#8410=CARTESIAN_POINT('Ctrl Pts',(-1.60000861438721,-1.09835151678363,9.43365504533271));
#8411=CARTESIAN_POINT('Ctrl Pts',(-1.6,-1.10793772131403,9.39009305899812));
#8412=CARTESIAN_POINT('Ctrl Pts',(-1.6,-1.11233685580927,9.34740291750497));
#8413=CARTESIAN_POINT('',(-1.6,-1.11528667399266,9.29));
#8414=CARTESIAN_POINT('Origin',(-1.6,-0.555286673992658,9.29));
#8415=CARTESIAN_POINT('',(10.4,-1.11528667399267,9.29));
#8416=CARTESIAN_POINT('',(0.,-1.11528667399266,9.29));
#8417=CARTESIAN_POINT('Origin',(10.4,-0.555286673992658,9.29));
#8418=CARTESIAN_POINT('Origin',(-0.54,-1.10795434234955,1.83689418408151));
#8419=CARTESIAN_POINT('',(-0.614999999999999,-0.0552867512368697,9.8502917587123));
#8420=CARTESIAN_POINT('Origin',(-0.54,-1.11262994024307,9.84967478043269));
#8421=CARTESIAN_POINT('',(-0.615,-0.0506111533433502,1.83751116236112));
#8422=CARTESIAN_POINT('',(-0.615,-0.0506111533433501,1.83751116236112));
#8423=CARTESIAN_POINT('',(-1.6,-1.10795434234955,1.83689418408151));
#8424=CARTESIAN_POINT('Origin',(-0.54,-1.10795434234955,1.83689418408151));
#8425=CARTESIAN_POINT('',(-1.6,-1.10795434234955,1.83689418408151));
#8426=CARTESIAN_POINT('Origin',(-1.6,-0.555286666113716,9.85));
#8427=CARTESIAN_POINT('',(-0.614999999999999,-0.555286666113716,9.85));
#8428=CARTESIAN_POINT('Origin',(9.15,-1.10904141488856,1.83689354975563));
#8429=CARTESIAN_POINT('',(10.4,-1.10904141488856,1.83689354975563));
#8430=CARTESIAN_POINT('',(10.4,-1.10904141488856,1.83689354975563));
#8431=CARTESIAN_POINT('',(9.815,-0.0506111533433503,1.83751116236112));
#8432=CARTESIAN_POINT('Origin',(9.15,-1.10904141488856,1.83689354975563));
#8433=CARTESIAN_POINT('',(9.815,-0.0552867512368697,9.8502917587123));
#8434=CARTESIAN_POINT('',(9.815,-0.0506111533433502,1.83751116236112));
#8435=CARTESIAN_POINT('Origin',(9.15,-1.11371701278208,9.84967414610681));
#8436=CARTESIAN_POINT('Origin',(10.4,1.14235668833565,1.12968181736867));
#8437=CARTESIAN_POINT('',(10.4,-1.11528667399264,0.954999999999991));
#8438=CARTESIAN_POINT('',(10.4,-1.11528667399265,0.799999999999991));
#8439=CARTESIAN_POINT('',(10.4,-3.21528600000001,0.954999999999991));
#8440=CARTESIAN_POINT('',(10.4,2.78471399999999,0.954999999999991));
#8441=CARTESIAN_POINT('',(10.4,-3.21528600000001,0.174999999999991));
#8442=CARTESIAN_POINT('',(10.4,-3.21528600000001,0.564999999999991));
#8443=CARTESIAN_POINT('',(10.4,-1.11528667399264,0.174999999999991));
#8444=CARTESIAN_POINT('',(10.4,-0.415286000000006,0.174999999999991));
#8445=CARTESIAN_POINT('',(10.4,3.15000005066395,0.175000000000003));
#8446=CARTESIAN_POINT('',(10.4,-1.11528667399264,0.174999999999991));
#8447=CARTESIAN_POINT('',(10.4,3.15000005066395,1.51436363473735));
#8448=CARTESIAN_POINT('',(10.4,3.15000005066395,0.652340908684338));
#8449=CARTESIAN_POINT('',(10.4,3.02949514096222,1.51436363473735));
#8450=CARTESIAN_POINT('',(10.4,2.2711783694998,1.51436363473735));
#8451=CARTESIAN_POINT('',(10.4,2.51539968536551,1.83818105506362));
#8452=CARTESIAN_POINT('Origin',(10.4,3.02949514096222,2.08436363473735));
#8453=CARTESIAN_POINT('',(10.4,1.09741384162386,1.83818105506361));
#8454=CARTESIAN_POINT('',(10.4,2.9866,1.83818105506362));
#8455=CARTESIAN_POINT('',(10.4,0.320666087360153,1.83772780913731));
#8456=CARTESIAN_POINT('',(10.4,-2.10528600000001,0.564999999999991));
#8457=CARTESIAN_POINT('Origin',(10.4,-2.41528600000001,0.564999999999991));
#8458=CARTESIAN_POINT('',(10.4,2.07471399999999,0.564999999999991));
#8459=CARTESIAN_POINT('Origin',(10.4,2.38471399999999,0.564999999999991));
#8460=CARTESIAN_POINT('',(10.4,0.474713999999995,0.564999999999991));
#8461=CARTESIAN_POINT('Origin',(10.4,0.784713999999995,0.564999999999991));
#8462=CARTESIAN_POINT('',(10.4,-1.12528600000001,0.564999999999991));
#8463=CARTESIAN_POINT('Origin',(10.4,-0.815286000000006,0.564999999999991));
#8464=CARTESIAN_POINT('Origin',(9.815,-0.555286666113716,9.85));
#8465=CARTESIAN_POINT('',(9.815,-0.555286666113716,9.85));
#8466=CARTESIAN_POINT('Origin',(0.,-0.549999980311814,0.789970806470894));
#8467=CARTESIAN_POINT('',(-0.615,-0.549999980311814,0.789970806470894));
#8468=CARTESIAN_POINT('',(-0.615,-0.550152279931682,1.05097345612173));
#8469=CARTESIAN_POINT('',(9.815,-0.549999980311814,0.789970806470894));
#8470=CARTESIAN_POINT('',(9.815,-0.550305524266005,1.31359510505985));
#8471=CARTESIAN_POINT('',(0.,-0.549999980311814,0.789970806470894));
#8472=CARTESIAN_POINT('Origin',(-1.6,1.14235668833565,1.12968181736867));
#8473=CARTESIAN_POINT('',(-1.6,1.09741384162386,1.83818105506361));
#8474=CARTESIAN_POINT('',(-1.6,1.09741384162386,1.83818105506361));
#8475=CARTESIAN_POINT('',(-1.6,2.51539968536551,1.83818105506362));
#8476=CARTESIAN_POINT('',(-1.6,2.9866,1.83818105506362));
#8477=CARTESIAN_POINT('',(-1.6,3.02949514096222,1.51436363473735));
#8478=CARTESIAN_POINT('Origin',(-1.6,3.02949514096222,2.08436363473735));
#8479=CARTESIAN_POINT('',(-1.6,3.15000005066395,1.51436363473735));
#8480=CARTESIAN_POINT('',(-1.6,2.2711783694998,1.51436363473735));
#8481=CARTESIAN_POINT('',(-1.6,3.15000005066395,0.175000000000002));
#8482=CARTESIAN_POINT('',(-1.6,3.15000005066395,0.652340908684338));
#8483=CARTESIAN_POINT('',(-1.6,-3.26528667399264,0.174999999999988));
#8484=CARTESIAN_POINT('',(-1.6,3.40000005066395,0.175000000000003));
#8485=CARTESIAN_POINT('',(-1.6,-3.26528667399264,8.47499999999999));
#8486=CARTESIAN_POINT('',(-1.6,-3.26528667399264,0.65234090868433));
#8487=CARTESIAN_POINT('',(-1.6,-1.11528667399266,8.47499999999999));
#8488=CARTESIAN_POINT('',(-1.6,-0.611464992828495,8.47499999999999));
#8489=CARTESIAN_POINT('',(-1.6,-1.11528667399265,0.799999999999991));
#8490=CARTESIAN_POINT('',(-1.6,-0.505286000000003,0.564999999999991));
#8491=CARTESIAN_POINT('Origin',(-1.6,-0.815286000000003,0.564999999999991));
#8492=CARTESIAN_POINT('',(-1.6,-2.105286,0.564999999999991));
#8493=CARTESIAN_POINT('Origin',(-1.6,-2.415286,0.564999999999991));
#8494=CARTESIAN_POINT('',(-1.6,2.694714,0.564999999999991));
#8495=CARTESIAN_POINT('Origin',(-1.6,2.384714,0.564999999999991));
#8496=CARTESIAN_POINT('',(-1.6,1.094714,0.564999999999991));
#8497=CARTESIAN_POINT('Origin',(-1.6,0.784713999999999,0.564999999999991));
#8498=CARTESIAN_POINT('Ctrl Pts',(-1.6,3.15000005066395,1.51436363473735));
#8499=CARTESIAN_POINT('Ctrl Pts',(-1.6,3.15000005066395,1.55699953503607));
#8500=CARTESIAN_POINT('Ctrl Pts',(-1.59040846929427,3.14798078104169,1.64228067540344));
#8501=CARTESIAN_POINT('Ctrl Pts',(-1.5478684909559,3.13902499612835,1.76374144566202));
#8502=CARTESIAN_POINT('Ctrl Pts',(-1.45665148953363,3.11982141688156,1.90913714654906));
#8503=CARTESIAN_POINT('Ctrl Pts',(-1.28579518053969,3.08385166761967,2.04544415223079));
#8504=CARTESIAN_POINT('Ctrl Pts',(-1.11527180059744,3.04795200868446,2.08436363473735));
#8505=CARTESIAN_POINT('Ctrl Pts',(-1.03,3.03000005066395,2.08436363473735));
#8506=CARTESIAN_POINT('Ctrl Pts',(-1.6,3.21731989324087,1.51436363473735));
#8507=CARTESIAN_POINT('Ctrl Pts',(-1.6,3.21731989324087,1.56204306248977));
#8508=CARTESIAN_POINT('Ctrl Pts',(-1.58794793246708,3.21259196586089,1.65732804660035));
#8509=CARTESIAN_POINT('Ctrl Pts',(-1.53747558681069,3.19369175019709,1.78647767075499));
#8510=CARTESIAN_POINT('Ctrl Pts',(-1.43684538514583,3.15826835270629,1.93045685504216));
#8511=CARTESIAN_POINT('Ctrl Pts',(-1.2664880850435,3.10300138756689,2.05183077246279));
#8512=CARTESIAN_POINT('Ctrl Pts',(-1.10886038701868,3.05436342226322,2.08436363473735));
#8513=CARTESIAN_POINT('Ctrl Pts',(-1.03,3.03000005066395,2.08436363473735));
#8514=CARTESIAN_POINT('Ctrl Pts',(-1.56919184226819,3.35167854270022,1.51436363473735));
#8515=CARTESIAN_POINT('Ctrl Pts',(-1.56919184226819,3.35167854270022,1.56979896888501));
#8516=CARTESIAN_POINT('Ctrl Pts',(-1.55417370992087,3.34157574791496,1.68044407633104));
#8517=CARTESIAN_POINT('Ctrl Pts',(-1.49511373128425,3.3028697129321,1.8209075288591));
#8518=CARTESIAN_POINT('Ctrl Pts',(-1.38721023734177,3.23511303620242,1.96186334103063));
#8519=CARTESIAN_POINT('Ctrl Pts',(-1.22786341254293,3.14129023489743,2.06080607194668));
#8520=CARTESIAN_POINT('Ctrl Pts',(-1.09603755986117,3.06718624942073,2.08436363473735));
#8521=CARTESIAN_POINT('Ctrl Pts',(-1.03,3.03000005066395,2.08436363473735));
#8522=CARTESIAN_POINT('Ctrl Pts',(-1.4186527648769,3.54095048091315,1.51436363473735));
#8523=CARTESIAN_POINT('Ctrl Pts',(-1.4186527648769,3.54095048091315,1.57268108660101));
#8524=CARTESIAN_POINT('Ctrl Pts',(-1.40587012661263,3.52534013244051,1.6890424623868));
#8525=CARTESIAN_POINT('Ctrl Pts',(-1.3574167734607,3.46520208372298,1.83356574090811));
#8526=CARTESIAN_POINT('Ctrl Pts',(-1.2736019561266,3.35852315955441,1.97315935237304));
#8527=CARTESIAN_POINT('Ctrl Pts',(-1.16048561045904,3.20856992437712,2.06391028751203));
#8528=CARTESIAN_POINT('Ctrl Pts',(-1.07359761233553,3.08962619694637,2.08436363473735));
#8529=CARTESIAN_POINT('Ctrl Pts',(-1.03,3.03000005066395,2.08436363473735));
#8530=CARTESIAN_POINT('Ctrl Pts',(-1.25097976386539,3.60000005066395,1.51436363473735));
#8531=CARTESIAN_POINT('Ctrl Pts',(-1.25097976386539,3.60000005066395,1.56460311086547));
#8532=CARTESIAN_POINT('Ctrl Pts',(-1.2449068531782,3.58676818051181,1.66493191214127));
#8533=CARTESIAN_POINT('Ctrl Pts',(-1.22100302884482,3.53220043567081,1.79794782088278));
#8534=CARTESIAN_POINT('Ctrl Pts',(-1.17745900978858,3.42679823973504,1.94114807096093));
#8535=CARTESIAN_POINT('Ctrl Pts',(-1.11255688748323,3.25673463842882,2.05499627980524));
#8536=CARTESIAN_POINT('Ctrl Pts',(-1.05756907838865,3.10565473089325,2.08436363473735));
#8537=CARTESIAN_POINT('Ctrl Pts',(-1.03,3.03000005066395,2.08436363473735));
#8538=CARTESIAN_POINT('Ctrl Pts',(-1.15,3.60000005066395,1.51436363473735));
#8539=CARTESIAN_POINT('Ctrl Pts',(-1.15,3.60000005066395,1.55699953503607));
#8540=CARTESIAN_POINT('Ctrl Pts',(-1.14798073037774,3.59040851995822,1.64228067540344));
#8541=CARTESIAN_POINT('Ctrl Pts',(-1.1390249454644,3.54786854161985,1.76374144566202));
#8542=CARTESIAN_POINT('Ctrl Pts',(-1.11982136621761,3.45665154019758,1.90913714654906));
#8543=CARTESIAN_POINT('Ctrl Pts',(-1.08385161695572,3.28579523120364,2.04544415223079));
#8544=CARTESIAN_POINT('Ctrl Pts',(-1.04795195802051,3.11527185126139,2.08436363473735));
#8545=CARTESIAN_POINT('Ctrl Pts',(-1.03,3.03000005066395,2.08436363473735));
#8546=CARTESIAN_POINT('',(-1.03,3.03000005066395,2.08436363473735));
#8547=CARTESIAN_POINT('Origin',(-1.03,3.03000005066395,1.51436363473735));
#8548=CARTESIAN_POINT('',(-1.15,3.60000005066395,1.51436363473735));
#8549=CARTESIAN_POINT('Origin',(-1.03,3.03000005066395,1.51436363473735));
#8550=CARTESIAN_POINT('Origin',(-1.15,3.15000005066395,1.51436363473735));
#8551=CARTESIAN_POINT('Ctrl Pts',(9.95,3.60000005066395,1.51436363473735));
#8552=CARTESIAN_POINT('Ctrl Pts',(9.95,3.60000005066395,1.55699953503607));
#8553=CARTESIAN_POINT('Ctrl Pts',(9.94699295701603,3.58571659649012,1.68493196685636));
#8554=CARTESIAN_POINT('Ctrl Pts',(9.92703404247139,3.49091175240309,1.88189246396409));
#8555=CARTESIAN_POINT('Ctrl Pts',(9.88384217978122,3.28575040462476,2.04542164925143));
#8556=CARTESIAN_POINT('Ctrl Pts',(9.84795195802051,3.11527185126139,2.08436363473735));
#8557=CARTESIAN_POINT('Ctrl Pts',(9.83,3.03000005066395,2.08436363473735));
#8558=CARTESIAN_POINT('Ctrl Pts',(10.0173198425769,3.60000005066395,1.51436363473735));
#8559=CARTESIAN_POINT('Ctrl Pts',(10.0173198425769,3.60000005066395,1.56204306248977));
#8560=CARTESIAN_POINT('Ctrl Pts',(10.010111607555,3.58189131178614,1.70565819517615));
#8561=CARTESIAN_POINT('Ctrl Pts',(9.96923115818739,3.47088497475468,1.90666782541797));
#8562=CARTESIAN_POINT('Ctrl Pts',(9.90304017981575,3.26648935629019,2.05156590891641));
#8563=CARTESIAN_POINT('Ctrl Pts',(9.85436337159927,3.10886043768263,2.08436363473735));
#8564=CARTESIAN_POINT('Ctrl Pts',(9.83,3.03000005066395,2.08436363473735));
#8565=CARTESIAN_POINT('Ctrl Pts',(10.1516660711818,3.56918493218646,1.51436363473735));
#8566=CARTESIAN_POINT('Ctrl Pts',(10.1516660711818,3.56918493218646,1.569798968885));
#8567=CARTESIAN_POINT('Ctrl Pts',(10.1361149895699,3.54632640777201,1.7375509622727));
#8568=CARTESIAN_POINT('Ctrl Pts',(10.0535629940147,3.41879256431213,1.94330849629944));
#8569=CARTESIAN_POINT('Ctrl Pts',(9.9414171736106,3.22797763929708,2.0601403346607));
#8570=CARTESIAN_POINT('Ctrl Pts',(9.86718619875677,3.09603761052512,2.08436363473735));
#8571=CARTESIAN_POINT('Ctrl Pts',(9.82999999999999,3.03000005066395,2.08436363473735));
#8572=CARTESIAN_POINT('Ctrl Pts',(10.3409221991456,3.41864254986425,1.51436363473735));
#8573=CARTESIAN_POINT('Ctrl Pts',(10.3409221991456,3.41864254986425,1.572681086601));
#8574=CARTESIAN_POINT('Ctrl Pts',(10.3170476800706,3.39897605484359,1.74941469879505));
#8575=CARTESIAN_POINT('Ctrl Pts',(10.1881090400335,3.29581890108636,1.95651726032604));
#8576=CARTESIAN_POINT('Ctrl Pts',(10.0087342325086,3.16066433920179,2.06308419945339));
#8577=CARTESIAN_POINT('Ctrl Pts',(9.88962614628242,3.07359766299948,2.08436363473735));
#8578=CARTESIAN_POINT('Ctrl Pts',(9.83,3.03000005066395,2.08436363473735));
#8579=CARTESIAN_POINT('Ctrl Pts',(10.4,3.25097981452934,1.51436363473735));
#8580=CARTESIAN_POINT('Ctrl Pts',(10.4,3.25097981452934,1.56460311086546));
#8581=CARTESIAN_POINT('Ctrl Pts',(10.3799825153197,3.2416667075916,1.71616511230399));
#8582=CARTESIAN_POINT('Ctrl Pts',(10.2607005566732,3.19028829207674,1.91912756131828));
#8583=CARTESIAN_POINT('Ctrl Pts',(10.0567408455275,3.1126164630699,2.05461389477416));
#8584=CARTESIAN_POINT('Ctrl Pts',(9.9056546802293,3.05756912905259,2.08436363473735));
#8585=CARTESIAN_POINT('Ctrl Pts',(9.83,3.03000005066395,2.08436363473735));
#8586=CARTESIAN_POINT('Ctrl Pts',(10.4,3.15000005066395,1.51436363473735));
#8587=CARTESIAN_POINT('Ctrl Pts',(10.4,3.15000005066395,1.55699953503606));
#8588=CARTESIAN_POINT('Ctrl Pts',(10.3857165458262,3.14699300767998,1.68493196685636));
#8589=CARTESIAN_POINT('Ctrl Pts',(10.2909117017391,3.12703409313535,1.88189246396409));
#8590=CARTESIAN_POINT('Ctrl Pts',(10.0857503539608,3.08384223044517,2.04542164925143));
#8591=CARTESIAN_POINT('Ctrl Pts',(9.91527180059743,3.04795200868446,2.08436363473735));
#8592=CARTESIAN_POINT('Ctrl Pts',(9.83,3.03000005066395,2.08436363473735));
#8593=CARTESIAN_POINT('',(9.95,3.60000005066395,1.51436363473735));
#8594=CARTESIAN_POINT('',(9.83,3.03000005066395,2.08436363473735));
#8595=CARTESIAN_POINT('Origin',(9.83,3.03000005066395,1.51436363473735));
#8596=CARTESIAN_POINT('Origin',(9.83,3.03000005066395,1.51436363473735));
#8597=CARTESIAN_POINT('Origin',(9.95,3.15000005066395,1.51436363473735));
#8598=CARTESIAN_POINT('Origin',(9.83,2.2711783694998,1.51436363473735));
#8599=CARTESIAN_POINT('',(9.83,3.02949514096222,2.08436363473735));
#8600=CARTESIAN_POINT('',(9.83,2.2711783694998,2.08436363473735));
#8601=CARTESIAN_POINT('',(10.2990866426293,3.02949514096222,1.83818105506362));
#8602=CARTESIAN_POINT('Origin',(9.83,3.02949514096222,1.51436363473735));
#8603=CARTESIAN_POINT('Origin',(9.83,3.02949514096222,1.51436363473735));
#8604=CARTESIAN_POINT('Ctrl Pts',(10.2990866426293,2.80745769279145,1.97803756011487));
#8605=CARTESIAN_POINT('Ctrl Pts',(10.2990866426293,2.87443014863179,1.83818105506362));
#8606=CARTESIAN_POINT('Ctrl Pts',(10.2990866426293,3.02949514096222,1.83818105506362));
#8607=CARTESIAN_POINT('Ctrl Pts',(10.4,2.67561064122146,1.91490055525611));
#8608=CARTESIAN_POINT('Ctrl Pts',(10.4,2.78235170777002,1.69199649230052));
#8609=CARTESIAN_POINT('Ctrl Pts',(10.4,3.02949514096222,1.69199649230052));
#8610=CARTESIAN_POINT('Ctrl Pts',(10.4,2.51539968536551,1.83818105506362));
#8611=CARTESIAN_POINT('Ctrl Pts',(10.4,2.67046467769595,1.51436363473735));
#8612=CARTESIAN_POINT('Ctrl Pts',(10.4,3.02949514096222,1.51436363473735));
#8613=CARTESIAN_POINT('Ctrl Pts',(10.2990866426293,3.02949514096222,1.83818105506362));
#8614=CARTESIAN_POINT('Ctrl Pts',(10.2990866426293,2.98375808004138,1.83818105506362));
#8615=CARTESIAN_POINT('Ctrl Pts',(10.3107791906287,2.93013355478197,1.83818105506362));
#8616=CARTESIAN_POINT('Ctrl Pts',(10.3280496988909,2.87070955701736,1.83818105506362));
#8617=CARTESIAN_POINT('Ctrl Pts',(10.3337825775672,2.8522022414016,1.83818105506362));
#8618=CARTESIAN_POINT('Ctrl Pts',(10.3428341486337,2.82318281673046,1.83818105506362));
#8619=CARTESIAN_POINT('Ctrl Pts',(10.3479347205515,2.80685799469179,1.83818105506362));
#8620=CARTESIAN_POINT('Ctrl Pts',(10.3595637357389,2.76853352134342,1.83818105506362));
#8621=CARTESIAN_POINT('Ctrl Pts',(10.368030029782,2.73875686606382,1.83818105506362));
#8622=CARTESIAN_POINT('Ctrl Pts',(10.381679375284,2.68322129476748,1.83818105506362));
#8623=CARTESIAN_POINT('Ctrl Pts',(10.3885515028689,2.64939681831747,1.83818105506362));
#8624=CARTESIAN_POINT('Ctrl Pts',(10.3977310700163,2.58118407092411,1.83818105506362));
#8625=CARTESIAN_POINT('Ctrl Pts',(10.4,2.54679062317977,1.83818105506362));
#8626=CARTESIAN_POINT('Ctrl Pts',(10.4,2.51539968536551,1.83818105506362));
#8627=CARTESIAN_POINT('Origin',(0.,3.03000005066395,1.51436363473735));
#8628=CARTESIAN_POINT('',(0.,3.03000005066395,2.08436363473735));
#8629=CARTESIAN_POINT('',(0.,3.60000005066395,1.51436363473735));
#8630=CARTESIAN_POINT('Origin',(-1.03,2.2711783694998,1.51436363473735));
#8631=CARTESIAN_POINT('',(-1.49908664262931,3.02949514096222,1.83818105506362));
#8632=CARTESIAN_POINT('Origin',(-1.03,3.02949514096222,1.51436363473735));
#8633=CARTESIAN_POINT('',(-1.03,3.02949514096222,2.08436363473735));
#8634=CARTESIAN_POINT('Origin',(-1.03,3.02949514096222,1.51436363473735));
#8635=CARTESIAN_POINT('',(-1.03,2.2711783694998,2.08436363473735));
#8636=CARTESIAN_POINT('Ctrl Pts',(-1.49908664262931,3.02949514096222,1.83818105506362));
#8637=CARTESIAN_POINT('Ctrl Pts',(-1.49908664262931,2.87443014863179,1.83818105506362));
#8638=CARTESIAN_POINT('Ctrl Pts',(-1.49908664262931,2.80745769279145,1.97803756011487));
#8639=CARTESIAN_POINT('Ctrl Pts',(-1.6,3.02949514096222,1.69199649230052));
#8640=CARTESIAN_POINT('Ctrl Pts',(-1.6,2.78235170777002,1.69199649230052));
#8641=CARTESIAN_POINT('Ctrl Pts',(-1.6,2.67561064122146,1.91490055525611));
#8642=CARTESIAN_POINT('Ctrl Pts',(-1.6,3.02949514096222,1.51436363473735));
#8643=CARTESIAN_POINT('Ctrl Pts',(-1.6,2.67046467769595,1.51436363473735));
#8644=CARTESIAN_POINT('Ctrl Pts',(-1.6,2.51539968536551,1.83818105506362));
#8645=CARTESIAN_POINT('Ctrl Pts',(-1.6,2.51539968536551,1.83818105506362));
#8646=CARTESIAN_POINT('Ctrl Pts',(-1.6,2.54679062317977,1.83818105506362));
#8647=CARTESIAN_POINT('Ctrl Pts',(-1.59773107001634,2.58118407092412,1.83818105506362));
#8648=CARTESIAN_POINT('Ctrl Pts',(-1.5885515028689,2.64939681831747,1.83818105506362));
#8649=CARTESIAN_POINT('Ctrl Pts',(-1.58167937528398,2.68322129476748,1.83818105506362));
#8650=CARTESIAN_POINT('Ctrl Pts',(-1.56803002978202,2.73875686606382,1.83818105506362));
#8651=CARTESIAN_POINT('Ctrl Pts',(-1.55956373573886,2.76853352134342,1.83818105506362));
#8652=CARTESIAN_POINT('Ctrl Pts',(-1.54793472055147,2.80685799469179,1.83818105506362));
#8653=CARTESIAN_POINT('Ctrl Pts',(-1.54283414863369,2.82318281673046,1.83818105506362));
#8654=CARTESIAN_POINT('Ctrl Pts',(-1.53378257756722,2.8522022414016,1.83818105506362));
#8655=CARTESIAN_POINT('Ctrl Pts',(-1.52804969889087,2.87070955701736,1.83818105506362));
#8656=CARTESIAN_POINT('Ctrl Pts',(-1.51077919062868,2.93013355478197,1.83818105506362));
#8657=CARTESIAN_POINT('Ctrl Pts',(-1.49908664262931,2.98375808004138,1.83818105506362));
#8658=CARTESIAN_POINT('Ctrl Pts',(-1.49908664262931,3.02949514096222,1.83818105506362));
#8659=CARTESIAN_POINT('Origin',(0.,3.60000005066395,0.175000000000003));
#8660=CARTESIAN_POINT('',(9.95,3.60000005066395,0.175000000000003));
#8661=CARTESIAN_POINT('',(9.95,3.60000005066395,0.652340908684339));
#8662=CARTESIAN_POINT('',(-1.15,3.60000005066395,0.175000000000003));
#8663=CARTESIAN_POINT('',(0.,3.60000005066395,0.175000000000003));
#8664=CARTESIAN_POINT('',(-1.15,3.60000005066395,0.652340908684339));
#8665=CARTESIAN_POINT('',(3.10999999999999,3.60000005066395,0.564999999999983));
#8666=CARTESIAN_POINT('Origin',(2.79999999999999,3.60000005066395,0.564999999999983));
#8667=CARTESIAN_POINT('',(9.51,3.60000005066395,0.564999999999983));
#8668=CARTESIAN_POINT('Origin',(9.2,3.60000005066395,0.564999999999983));
#8669=CARTESIAN_POINT('',(4.70999999999999,3.60000005066395,0.564999999999983));
#8670=CARTESIAN_POINT('Origin',(4.39999999999999,3.60000005066395,0.564999999999983));
#8671=CARTESIAN_POINT('',(1.50999999999999,3.60000005066395,0.564999999999983));
#8672=CARTESIAN_POINT('Origin',(1.19999999999999,3.60000005066395,0.564999999999983));
#8673=CARTESIAN_POINT('',(7.90999999999999,3.60000005066395,0.564999999999983));
#8674=CARTESIAN_POINT('Origin',(7.6,3.60000005066395,0.564999999999983));
#8675=CARTESIAN_POINT('',(6.30999999999999,3.60000005066395,0.564999999999983));
#8676=CARTESIAN_POINT('Origin',(5.99999999999999,3.60000005066395,0.564999999999983));
#8677=CARTESIAN_POINT('',(-0.0900000000000065,3.60000005066395,0.564999999999983));
#8678=CARTESIAN_POINT('Origin',(-0.400000000000007,3.60000005066395,0.564999999999983));
#8679=CARTESIAN_POINT('Origin',(9.95,3.15000005066395,0.652340908684338));
#8680=CARTESIAN_POINT('Origin',(9.95,3.15000005066395,0.175000000000001));
#8681=CARTESIAN_POINT('Origin',(-1.15,3.15000005066395,0.652340908684338));
#8682=CARTESIAN_POINT('Origin',(-1.15,3.15000005066395,0.175000000000001));
#8683=CARTESIAN_POINT('Origin',(0.,3.40000005066395,2.08436363473735));
#8684=CARTESIAN_POINT('',(0.,3.02949514096222,2.08436363473735));
#8685=CARTESIAN_POINT('Ctrl Pts',(-1.25,-3.61528667399264,8.47499999999999));
#8686=CARTESIAN_POINT('Ctrl Pts',(-1.25,-3.61528667399264,8.51239991254273));
#8687=CARTESIAN_POINT('Ctrl Pts',(-1.24746191127096,-3.60682637822916,8.58718565274994));
#8688=CARTESIAN_POINT('Ctrl Pts',(-1.23256710717983,-3.55717703125876,8.72920395512535));
#8689=CARTESIAN_POINT('Ctrl Pts',(-1.18956815117509,-3.41384717790962,8.90945246834288));
#8690=CARTESIAN_POINT('Ctrl Pts',(-1.13365992128846,-3.22748641162085,8.97499999999999));
#8691=CARTESIAN_POINT('Ctrl Pts',(-1.1,-3.11528667399264,8.97499999999999));
#8692=CARTESIAN_POINT('Ctrl Pts',(-1.35471975511966,-3.61528667399264,8.47499999999999));
#8693=CARTESIAN_POINT('Ctrl Pts',(-1.35471975511966,-3.61528667399264,8.520341097046));
#8694=CARTESIAN_POINT('Ctrl Pts',(-1.34809045724944,-3.60321796827433,8.61078668316002));
#8695=CARTESIAN_POINT('Ctrl Pts',(-1.31206493120355,-3.53625570354592,8.76924642507249));
#8696=CARTESIAN_POINT('Ctrl Pts',(-1.22941259916597,-3.37483613506816,8.93087378401527));
#8697=CARTESIAN_POINT('Ctrl Pts',(-1.14861988630556,-3.21252644660376,8.97499999999999));
#8698=CARTESIAN_POINT('Ctrl Pts',(-1.1,-3.11528667399264,8.97499999999999));
#8699=CARTESIAN_POINT('Ctrl Pts',(-1.53601870893657,-3.52739966799748,8.47499999999999));
#8700=CARTESIAN_POINT('Ctrl Pts',(-1.53601870893657,-3.52739966799748,8.52720043950102));
#8701=CARTESIAN_POINT('Ctrl Pts',(-1.52245169979909,-3.51457246618329,8.63127502490486));
#8702=CARTESIAN_POINT('Ctrl Pts',(-1.45104462841924,-3.44717687142001,8.80263719392006));
#8703=CARTESIAN_POINT('Ctrl Pts',(-1.29997005842775,-3.30505860344694,8.94681045103636));
#8704=CARTESIAN_POINT('Ctrl Pts',(-1.17479982508547,-3.18634650782384,8.97499999999999));
#8705=CARTESIAN_POINT('Ctrl Pts',(-1.1,-3.11528667399265,8.97499999999999));
#8706=CARTESIAN_POINT('Ctrl Pts',(-1.6,-3.34382649033239,8.47499999999999));
#8707=CARTESIAN_POINT('Ctrl Pts',(-1.6,-3.34382649033239,8.51827332676926));
#8708=CARTESIAN_POINT('Ctrl Pts',(-1.58881721243659,-3.33820153069796,8.60467034753098));
#8709=CARTESIAN_POINT('Ctrl Pts',(-1.52638742906546,-3.30768175428407,8.75896906477894));
#8710=CARTESIAN_POINT('Ctrl Pts',(-1.36957713298913,-3.23504109295715,8.92558172356674));
#8711=CARTESIAN_POINT('Ctrl Pts',(-1.20097976386539,-3.16016656904393,8.97499999999999));
#8712=CARTESIAN_POINT('Ctrl Pts',(-1.1,-3.11528667399264,8.97499999999999));
#8713=CARTESIAN_POINT('Ctrl Pts',(-1.6,-3.26528667399264,8.47499999999999));
#8714=CARTESIAN_POINT('Ctrl Pts',(-1.6,-3.26528667399264,8.51239991254273));
#8715=CARTESIAN_POINT('Ctrl Pts',(-1.59153970423652,-3.2627485852636,8.58718565274994));
#8716=CARTESIAN_POINT('Ctrl Pts',(-1.54189035726612,-3.24785378117248,8.72920395512535));
#8717=CARTESIAN_POINT('Ctrl Pts',(-1.39856050391697,-3.20485482516774,8.90945246834288));
#8718=CARTESIAN_POINT('Ctrl Pts',(-1.21219973762821,-3.14894659528111,8.97499999999999));
#8719=CARTESIAN_POINT('Ctrl Pts',(-1.1,-3.11528667399264,8.97499999999999));
#8720=CARTESIAN_POINT('',(-1.25,-3.61528667399264,8.47499999999999));
#8721=CARTESIAN_POINT('',(-1.1,-3.11528667399264,8.97499999999999));
#8722=CARTESIAN_POINT('Origin',(-1.1,-3.11528667399264,8.47499999999999));
#8723=CARTESIAN_POINT('Origin',(-1.1,-3.11528667399264,8.47499999999999));
#8724=CARTESIAN_POINT('Origin',(-1.25,-3.26528667399264,8.47499999999999));
#8725=CARTESIAN_POINT('Origin',(-1.1,-0.611464992828495,8.47499999999999));
#8726=CARTESIAN_POINT('',(-1.1,-1.11528667399266,8.97499999999999));
#8727=CARTESIAN_POINT('',(-1.1,-0.611464992828495,8.97499999999999));
#8728=CARTESIAN_POINT('Origin',(-1.1,-1.11528667399265,8.47499999999999));
#8729=CARTESIAN_POINT('Origin',(1.00000000000002,-3.11528667399264,8.47499999999999));
#8730=CARTESIAN_POINT('',(7.60000000000006,-3.61528667399264,8.47499999999999));
#8731=CARTESIAN_POINT('',(1.00000000000002,-3.61528667399264,8.47499999999999));
#8732=CARTESIAN_POINT('',(7.60000000000006,-3.11528667399264,8.97499999999999));
#8733=CARTESIAN_POINT('Origin',(7.60000000000006,-3.11528667399264,8.47499999999999));
#8734=CARTESIAN_POINT('',(7.10000000000006,-3.11528667399265,8.97499999999999));
#8735=CARTESIAN_POINT('',(1.00000000000002,-3.11528667399264,8.97499999999999));
#8736=CARTESIAN_POINT('',(3.45000000000003,-3.11528667399265,8.97499999999999));
#8737=CARTESIAN_POINT('',(7.10000000000006,-3.11528667399265,8.97499999999999));
#8738=CARTESIAN_POINT('',(2.95000000000003,-3.11528667399265,8.97499999999999));
#8739=CARTESIAN_POINT('',(1.00000000000002,-3.11528667399264,8.97499999999999));
#8740=CARTESIAN_POINT('',(-0.699999999999998,-3.11528667399265,8.97499999999999));
#8741=CARTESIAN_POINT('',(2.95000000000003,-3.11528667399265,8.97499999999999));
#8742=CARTESIAN_POINT('',(1.00000000000002,-3.11528667399264,8.97499999999999));
#8743=CARTESIAN_POINT('Origin',(3.20000000000003,-2.36528667399264,8.97499999999999));
#8744=CARTESIAN_POINT('',(3.45000000000003,-1.11528667399264,8.97499999999999));
#8745=CARTESIAN_POINT('',(3.45000000000003,-3.11528667399265,8.97499999999999));
#8746=CARTESIAN_POINT('',(2.95000000000003,-1.11528667399264,8.97499999999999));
#8747=CARTESIAN_POINT('',(1.60000000000002,-1.11528667399266,8.97499999999999));
#8748=CARTESIAN_POINT('',(2.95000000000003,-1.11528667399264,8.97499999999999));
#8749=CARTESIAN_POINT('Origin',(3.20000000000003,-2.36528667399264,8.97499999999999));
#8750=CARTESIAN_POINT('',(7.60000000000006,-1.11528667399265,8.97499999999999));
#8751=CARTESIAN_POINT('',(7.60000000000006,-1.11528667399265,8.97499999999999));
#8752=CARTESIAN_POINT('',(7.10000000000006,-1.11528667399265,8.97499999999999));
#8753=CARTESIAN_POINT('',(1.60000000000002,-1.11528667399266,8.97499999999999));
#8754=CARTESIAN_POINT('',(7.10000000000006,-1.11528667399265,8.97499999999999));
#8755=CARTESIAN_POINT('Origin',(3.20000000000003,-2.36528667399264,8.97499999999999));
#8756=CARTESIAN_POINT('',(-0.7,-1.11528667399264,8.97499999999999));
#8757=CARTESIAN_POINT('',(-0.699999999999998,-3.11528667399265,8.97499999999999));
#8758=CARTESIAN_POINT('',(1.60000000000002,-1.11528667399266,8.97499999999999));
#8759=CARTESIAN_POINT('Origin',(-1.25,-3.26528667399264,0.65234090868433));
#8760=CARTESIAN_POINT('',(-1.25,-3.61528667399264,0.174999999999991));
#8761=CARTESIAN_POINT('Origin',(-1.25,-3.26528667399264,0.174999999999991));
#8762=CARTESIAN_POINT('',(-1.25,-3.61528667399264,0.65234090868433));
#8763=CARTESIAN_POINT('Origin',(5.99999999999999,3.60000005066395,0.564999999999983));
#8764=CARTESIAN_POINT('',(6.23999999999999,3.52000005066395,0.564999999999983));
#8765=CARTESIAN_POINT('Origin',(5.99999999999999,3.52000005066395,0.564999999999983));
#8766=CARTESIAN_POINT('',(6.23999999999999,2.79000005066395,0.564999999999983));
#8767=CARTESIAN_POINT('',(6.23999999999999,3.60000005066395,0.564999999999983));
#8768=CARTESIAN_POINT('Origin',(5.99999999999999,2.79000005066395,0.564999999999983));
#8769=CARTESIAN_POINT('Origin',(5.99999999999999,2.79000005066395,0.564999999999983));
#8770=CARTESIAN_POINT('Origin',(-0.400000000000007,3.60000005066395,0.564999999999983));
#8771=CARTESIAN_POINT('',(-0.160000000000007,3.52000005066395,0.564999999999983));
#8772=CARTESIAN_POINT('Origin',(-0.400000000000007,3.52000005066395,0.564999999999983));
#8773=CARTESIAN_POINT('',(-0.160000000000007,2.79000005066395,0.564999999999983));
#8774=CARTESIAN_POINT('',(-0.160000000000007,3.60000005066395,0.564999999999983));
#8775=CARTESIAN_POINT('Origin',(-0.400000000000007,2.79000005066395,0.564999999999983));
#8776=CARTESIAN_POINT('Origin',(-0.400000000000007,2.79000005066395,0.564999999999983));
#8777=CARTESIAN_POINT('Origin',(4.39999999999999,3.60000005066395,0.564999999999983));
#8778=CARTESIAN_POINT('',(4.63999999999999,3.52000005066395,0.564999999999983));
#8779=CARTESIAN_POINT('Origin',(4.39999999999999,3.52000005066395,0.564999999999983));
#8780=CARTESIAN_POINT('',(4.63999999999999,2.79000005066395,0.564999999999983));
#8781=CARTESIAN_POINT('',(4.63999999999999,3.60000005066395,0.564999999999983));
#8782=CARTESIAN_POINT('Origin',(4.39999999999999,2.79000005066395,0.564999999999983));
#8783=CARTESIAN_POINT('Origin',(4.39999999999999,2.79000005066395,0.564999999999983));
#8784=CARTESIAN_POINT('Origin',(7.6,3.60000005066395,0.564999999999983));
#8785=CARTESIAN_POINT('',(7.84,3.52000005066395,0.564999999999983));
#8786=CARTESIAN_POINT('Origin',(7.6,3.52000005066395,0.564999999999983));
#8787=CARTESIAN_POINT('',(7.84,2.79000005066395,0.564999999999983));
#8788=CARTESIAN_POINT('',(7.84,3.60000005066395,0.564999999999983));
#8789=CARTESIAN_POINT('Origin',(7.6,2.79000005066395,0.564999999999983));
#8790=CARTESIAN_POINT('Origin',(7.6,2.79000005066395,0.564999999999983));
#8791=CARTESIAN_POINT('Origin',(1.19999999999999,3.60000005066395,0.564999999999983));
#8792=CARTESIAN_POINT('',(1.43999999999999,3.52000005066395,0.564999999999983));
#8793=CARTESIAN_POINT('Origin',(1.19999999999999,3.52000005066395,0.564999999999983));
#8794=CARTESIAN_POINT('',(1.43999999999999,2.79000005066395,0.564999999999983));
#8795=CARTESIAN_POINT('',(1.43999999999999,3.60000005066395,0.564999999999983));
#8796=CARTESIAN_POINT('Origin',(1.19999999999999,2.79000005066395,0.564999999999983));
#8797=CARTESIAN_POINT('Origin',(1.19999999999999,2.79000005066395,0.564999999999983));
#8798=CARTESIAN_POINT('Origin',(2.79999999999999,3.60000005066395,0.564999999999983));
#8799=CARTESIAN_POINT('',(3.03999999999999,3.52000005066395,0.564999999999983));
#8800=CARTESIAN_POINT('Origin',(2.79999999999999,3.52000005066395,0.564999999999983));
#8801=CARTESIAN_POINT('',(3.03999999999999,2.79000005066395,0.564999999999983));
#8802=CARTESIAN_POINT('',(3.03999999999999,3.60000005066395,0.564999999999983));
#8803=CARTESIAN_POINT('Origin',(2.79999999999999,2.79000005066395,0.564999999999983));
#8804=CARTESIAN_POINT('Origin',(2.79999999999999,2.79000005066395,0.564999999999983));
#8805=CARTESIAN_POINT('Origin',(9.2,3.60000005066395,0.564999999999983));
#8806=CARTESIAN_POINT('',(9.44,3.52000005066395,0.564999999999983));
#8807=CARTESIAN_POINT('Origin',(9.2,3.52000005066395,0.564999999999983));
#8808=CARTESIAN_POINT('',(9.44,2.79000005066395,0.564999999999983));
#8809=CARTESIAN_POINT('',(9.44,3.60000005066395,0.564999999999983));
#8810=CARTESIAN_POINT('Origin',(9.2,2.79000005066395,0.564999999999983));
#8811=CARTESIAN_POINT('Origin',(9.2,2.79000005066395,0.564999999999983));
#8812=CARTESIAN_POINT('Origin',(2.79999999999999,3.60000005066395,0.564999999999983));
#8813=CARTESIAN_POINT('',(3.10999999999999,3.52000005066395,0.564999999999983));
#8814=CARTESIAN_POINT('',(3.10999999999999,3.60000005066395,0.564999999999983));
#8815=CARTESIAN_POINT('Origin',(2.79999999999999,3.52000005066395,0.564999999999983));
#8816=CARTESIAN_POINT('Origin',(2.79999999999999,3.52000005066395,0.564999999999983));
#8817=CARTESIAN_POINT('Origin',(9.2,3.60000005066395,0.564999999999983));
#8818=CARTESIAN_POINT('',(9.51,3.52000005066395,0.564999999999983));
#8819=CARTESIAN_POINT('',(9.51,3.60000005066395,0.564999999999983));
#8820=CARTESIAN_POINT('Origin',(9.2,3.52000005066395,0.564999999999983));
#8821=CARTESIAN_POINT('Origin',(9.2,3.52000005066395,0.564999999999983));
#8822=CARTESIAN_POINT('Origin',(4.39999999999999,3.60000005066395,0.564999999999983));
#8823=CARTESIAN_POINT('',(4.70999999999999,3.52000005066395,0.564999999999983));
#8824=CARTESIAN_POINT('',(4.70999999999999,3.60000005066395,0.564999999999983));
#8825=CARTESIAN_POINT('Origin',(4.39999999999999,3.52000005066395,0.564999999999983));
#8826=CARTESIAN_POINT('Origin',(4.39999999999999,3.52000005066395,0.564999999999983));
#8827=CARTESIAN_POINT('Origin',(1.19999999999999,3.60000005066395,0.564999999999983));
#8828=CARTESIAN_POINT('',(1.50999999999999,3.52000005066395,0.564999999999983));
#8829=CARTESIAN_POINT('',(1.50999999999999,3.60000005066395,0.564999999999983));
#8830=CARTESIAN_POINT('Origin',(1.19999999999999,3.52000005066395,0.564999999999983));
#8831=CARTESIAN_POINT('Origin',(1.19999999999999,3.52000005066395,0.564999999999983));
#8832=CARTESIAN_POINT('Origin',(7.6,3.60000005066395,0.564999999999983));
#8833=CARTESIAN_POINT('',(7.90999999999999,3.52000005066395,0.564999999999983));
#8834=CARTESIAN_POINT('',(7.90999999999999,3.60000005066395,0.564999999999983));
#8835=CARTESIAN_POINT('Origin',(7.6,3.52000005066395,0.564999999999983));
#8836=CARTESIAN_POINT('Origin',(7.6,3.52000005066395,0.564999999999983));
#8837=CARTESIAN_POINT('Origin',(5.99999999999999,3.60000005066395,0.564999999999983));
#8838=CARTESIAN_POINT('',(6.30999999999999,3.52000005066395,0.564999999999983));
#8839=CARTESIAN_POINT('',(6.30999999999999,3.60000005066395,0.564999999999983));
#8840=CARTESIAN_POINT('Origin',(5.99999999999999,3.52000005066395,0.564999999999983));
#8841=CARTESIAN_POINT('Origin',(5.99999999999999,3.52000005066395,0.564999999999983));
#8842=CARTESIAN_POINT('Origin',(-0.400000000000007,3.60000005066395,0.564999999999983));
#8843=CARTESIAN_POINT('',(-0.0900000000000065,3.52000005066395,0.564999999999983));
#8844=CARTESIAN_POINT('',(-0.0900000000000065,3.60000005066395,0.564999999999983));
#8845=CARTESIAN_POINT('Origin',(-0.400000000000007,3.52000005066395,0.564999999999983));
#8846=CARTESIAN_POINT('Origin',(-0.400000000000007,3.52000005066395,0.564999999999983));
#8847=CARTESIAN_POINT('Origin',(3.59999999999999,3.184714,0.174999999999994));
#8848=CARTESIAN_POINT('',(3.35999999999999,3.184714,0.254999999999994));
#8849=CARTESIAN_POINT('Origin',(3.59999999999999,3.184714,0.254999999999994));
#8850=CARTESIAN_POINT('',(3.35999999999999,3.184714,0.984999999999994));
#8851=CARTESIAN_POINT('',(3.35999999999999,3.184714,0.174999999999994));
#8852=CARTESIAN_POINT('Origin',(3.59999999999999,3.184714,0.984999999999994));
#8853=CARTESIAN_POINT('Origin',(3.59999999999999,3.184714,0.984999999999994));
#8854=CARTESIAN_POINT('Origin',(1.99999999999999,3.184714,0.174999999999994));
#8855=CARTESIAN_POINT('',(1.75999999999999,3.184714,0.254999999999994));
#8856=CARTESIAN_POINT('Origin',(1.99999999999999,3.184714,0.254999999999994));
#8857=CARTESIAN_POINT('',(1.75999999999999,3.184714,0.984999999999994));
#8858=CARTESIAN_POINT('',(1.75999999999999,3.184714,0.174999999999994));
#8859=CARTESIAN_POINT('Origin',(1.99999999999999,3.184714,0.984999999999994));
#8860=CARTESIAN_POINT('Origin',(1.99999999999999,3.184714,0.984999999999994));
#8861=CARTESIAN_POINT('Origin',(8.4,3.184714,0.174999999999994));
#8862=CARTESIAN_POINT('',(8.16,3.184714,0.254999999999994));
#8863=CARTESIAN_POINT('Origin',(8.4,3.184714,0.254999999999994));
#8864=CARTESIAN_POINT('',(8.16,3.184714,0.984999999999994));
#8865=CARTESIAN_POINT('',(8.16,3.184714,0.174999999999994));
#8866=CARTESIAN_POINT('Origin',(8.4,3.184714,0.984999999999994));
#8867=CARTESIAN_POINT('Origin',(8.4,3.184714,0.984999999999994));
#8868=CARTESIAN_POINT('Origin',(0.399999999999991,3.184714,0.174999999999994));
#8869=CARTESIAN_POINT('',(0.159999999999991,3.184714,0.254999999999994));
#8870=CARTESIAN_POINT('Origin',(0.399999999999991,3.184714,0.254999999999994));
#8871=CARTESIAN_POINT('',(0.159999999999991,3.184714,0.984999999999994));
#8872=CARTESIAN_POINT('',(0.159999999999991,3.184714,0.174999999999994));
#8873=CARTESIAN_POINT('Origin',(0.399999999999991,3.184714,0.984999999999994));
#8874=CARTESIAN_POINT('Origin',(0.399999999999991,3.184714,0.984999999999994));
#8875=CARTESIAN_POINT('Origin',(3.59999999999999,3.184714,0.174999999999994));
#8876=CARTESIAN_POINT('',(3.28999999999999,3.184714,0.174999999999994));
#8877=CARTESIAN_POINT('Origin',(3.59999999999999,3.184714,0.174999999999991));
#8878=CARTESIAN_POINT('',(3.28999999999999,3.184714,0.254999999999994));
#8879=CARTESIAN_POINT('',(3.28999999999999,3.184714,0.174999999999994));
#8880=CARTESIAN_POINT('Origin',(3.59999999999999,3.184714,0.254999999999994));
#8881=CARTESIAN_POINT('Origin',(3.59999999999999,3.184714,0.254999999999994));
#8882=CARTESIAN_POINT('Origin',(1.99999999999999,3.184714,0.174999999999994));
#8883=CARTESIAN_POINT('',(1.68999999999999,3.184714,0.174999999999994));
#8884=CARTESIAN_POINT('Origin',(1.99999999999999,3.184714,0.174999999999991));
#8885=CARTESIAN_POINT('',(1.68999999999999,3.184714,0.254999999999994));
#8886=CARTESIAN_POINT('',(1.68999999999999,3.184714,0.174999999999994));
#8887=CARTESIAN_POINT('Origin',(1.99999999999999,3.184714,0.254999999999994));
#8888=CARTESIAN_POINT('Origin',(1.99999999999999,3.184714,0.254999999999994));
#8889=CARTESIAN_POINT('Origin',(8.4,3.184714,0.174999999999994));
#8890=CARTESIAN_POINT('',(8.09,3.184714,0.174999999999994));
#8891=CARTESIAN_POINT('Origin',(8.4,3.184714,0.174999999999991));
#8892=CARTESIAN_POINT('',(8.09,3.184714,0.254999999999994));
#8893=CARTESIAN_POINT('',(8.09,3.184714,0.174999999999994));
#8894=CARTESIAN_POINT('Origin',(8.4,3.184714,0.254999999999994));
#8895=CARTESIAN_POINT('Origin',(8.4,3.184714,0.254999999999994));
#8896=CARTESIAN_POINT('Origin',(0.399999999999991,3.184714,0.174999999999994));
#8897=CARTESIAN_POINT('',(0.0899999999999905,3.184714,0.174999999999994));
#8898=CARTESIAN_POINT('Origin',(0.399999999999991,3.184714,0.174999999999991));
#8899=CARTESIAN_POINT('',(0.0899999999999905,3.184714,0.254999999999994));
#8900=CARTESIAN_POINT('',(0.0899999999999905,3.184714,0.174999999999994));
#8901=CARTESIAN_POINT('Origin',(0.399999999999991,3.184714,0.254999999999994));
#8902=CARTESIAN_POINT('Origin',(0.399999999999991,3.184714,0.254999999999994));
#8903=CARTESIAN_POINT('Origin',(-1.6,0.784713999999998,0.564999999999991));
#8904=CARTESIAN_POINT('',(-1.52,1.024714,0.564999999999991));
#8905=CARTESIAN_POINT('Origin',(-1.52,0.784713999999998,0.564999999999991));
#8906=CARTESIAN_POINT('',(-0.79,1.024714,0.564999999999991));
#8907=CARTESIAN_POINT('',(-1.6,1.024714,0.564999999999991));
#8908=CARTESIAN_POINT('Origin',(-0.79,0.784713999999998,0.564999999999991));
#8909=CARTESIAN_POINT('Origin',(-0.79,0.784713999999998,0.564999999999991));
#8910=CARTESIAN_POINT('Origin',(-1.6,-0.815286000000003,0.564999999999991));
#8911=CARTESIAN_POINT('',(-1.52,-0.575286000000003,0.564999999999991));
#8912=CARTESIAN_POINT('Origin',(-1.52,-0.815286000000003,0.564999999999991));
#8913=CARTESIAN_POINT('',(-0.79,-0.575286000000003,0.564999999999991));
#8914=CARTESIAN_POINT('',(-1.6,-0.575286000000003,0.564999999999991));
#8915=CARTESIAN_POINT('Origin',(-0.79,-0.815286000000003,0.564999999999991));
#8916=CARTESIAN_POINT('Origin',(-0.79,-0.815286000000003,0.564999999999991));
#8917=CARTESIAN_POINT('Origin',(-1.6,2.384714,0.564999999999991));
#8918=CARTESIAN_POINT('',(-1.52,2.624714,0.564999999999991));
#8919=CARTESIAN_POINT('Origin',(-1.52,2.384714,0.564999999999991));
#8920=CARTESIAN_POINT('',(-0.79,2.624714,0.564999999999991));
#8921=CARTESIAN_POINT('',(-1.6,2.624714,0.564999999999991));
#8922=CARTESIAN_POINT('Origin',(-0.79,2.384714,0.564999999999991));
#8923=CARTESIAN_POINT('Origin',(-0.79,2.384714,0.564999999999991));
#8924=CARTESIAN_POINT('Origin',(-1.6,-2.415286,0.564999999999991));
#8925=CARTESIAN_POINT('',(-1.52,-2.175286,0.564999999999991));
#8926=CARTESIAN_POINT('Origin',(-1.52,-2.415286,0.564999999999991));
#8927=CARTESIAN_POINT('',(-0.79,-2.175286,0.564999999999991));
#8928=CARTESIAN_POINT('',(-1.6,-2.175286,0.564999999999991));
#8929=CARTESIAN_POINT('Origin',(-0.79,-2.415286,0.564999999999991));
#8930=CARTESIAN_POINT('Origin',(-0.79,-2.415286,0.564999999999991));
#8931=CARTESIAN_POINT('Origin',(-1.6,0.784713999999999,0.564999999999991));
#8932=CARTESIAN_POINT('',(-1.52,1.094714,0.564999999999991));
#8933=CARTESIAN_POINT('',(-1.6,1.094714,0.564999999999991));
#8934=CARTESIAN_POINT('Origin',(-1.52,0.784713999999999,0.564999999999991));
#8935=CARTESIAN_POINT('Origin',(-1.52,0.784713999999999,0.564999999999991));
#8936=CARTESIAN_POINT('Origin',(-1.6,-0.815286000000003,0.564999999999991));
#8937=CARTESIAN_POINT('',(-1.52,-0.505286000000003,0.564999999999991));
#8938=CARTESIAN_POINT('',(-1.6,-0.505286000000003,0.564999999999991));
#8939=CARTESIAN_POINT('Origin',(-1.52,-0.815286000000003,0.564999999999991));
#8940=CARTESIAN_POINT('Origin',(-1.52,-0.815286000000003,0.564999999999991));
#8941=CARTESIAN_POINT('Origin',(-1.6,2.384714,0.564999999999991));
#8942=CARTESIAN_POINT('',(-1.52,2.694714,0.564999999999991));
#8943=CARTESIAN_POINT('',(-1.6,2.694714,0.564999999999991));
#8944=CARTESIAN_POINT('Origin',(-1.52,2.384714,0.564999999999991));
#8945=CARTESIAN_POINT('Origin',(-1.52,2.384714,0.564999999999991));
#8946=CARTESIAN_POINT('Origin',(-1.6,-2.415286,0.564999999999991));
#8947=CARTESIAN_POINT('',(-1.52,-2.105286,0.564999999999991));
#8948=CARTESIAN_POINT('',(-1.6,-2.105286,0.564999999999991));
#8949=CARTESIAN_POINT('Origin',(-1.52,-2.415286,0.564999999999991));
#8950=CARTESIAN_POINT('Origin',(-1.52,-2.415286,0.564999999999991));
#8951=CARTESIAN_POINT('Origin',(10.4,-0.815286000000006,0.564999999999991));
#8952=CARTESIAN_POINT('',(10.32,-1.05528600000001,0.564999999999991));
#8953=CARTESIAN_POINT('Origin',(10.32,-0.815286000000006,0.564999999999991));
#8954=CARTESIAN_POINT('',(9.59,-1.05528600000001,0.564999999999991));
#8955=CARTESIAN_POINT('',(10.4,-1.05528600000001,0.564999999999991));
#8956=CARTESIAN_POINT('Origin',(9.59,-0.815286000000006,0.564999999999991));
#8957=CARTESIAN_POINT('Origin',(9.59,-0.815286000000006,0.564999999999991));
#8958=CARTESIAN_POINT('Origin',(10.4,0.784713999999995,0.564999999999991));
#8959=CARTESIAN_POINT('',(10.32,0.544713999999995,0.564999999999991));
#8960=CARTESIAN_POINT('Origin',(10.32,0.784713999999995,0.564999999999991));
#8961=CARTESIAN_POINT('',(9.59,0.544713999999995,0.564999999999991));
#8962=CARTESIAN_POINT('',(10.4,0.544713999999995,0.564999999999991));
#8963=CARTESIAN_POINT('Origin',(9.59,0.784713999999995,0.564999999999991));
#8964=CARTESIAN_POINT('Origin',(9.59,0.784713999999995,0.564999999999991));
#8965=CARTESIAN_POINT('Origin',(10.4,2.38471399999999,0.564999999999991));
#8966=CARTESIAN_POINT('',(10.32,2.14471399999999,0.564999999999991));
#8967=CARTESIAN_POINT('Origin',(10.32,2.38471399999999,0.564999999999991));
#8968=CARTESIAN_POINT('',(9.59,2.14471399999999,0.564999999999991));
#8969=CARTESIAN_POINT('',(10.4,2.14471399999999,0.564999999999991));
#8970=CARTESIAN_POINT('Origin',(9.59,2.38471399999999,0.564999999999991));
#8971=CARTESIAN_POINT('Origin',(9.59,2.38471399999999,0.564999999999991));
#8972=CARTESIAN_POINT('Origin',(10.4,-0.815286000000006,0.564999999999991));
#8973=CARTESIAN_POINT('',(10.32,-1.12528600000001,0.564999999999991));
#8974=CARTESIAN_POINT('',(10.4,-1.12528600000001,0.564999999999991));
#8975=CARTESIAN_POINT('Origin',(10.32,-0.815286000000006,0.564999999999991));
#8976=CARTESIAN_POINT('Origin',(10.32,-0.815286000000006,0.564999999999991));
#8977=CARTESIAN_POINT('Origin',(10.4,0.784713999999995,0.564999999999991));
#8978=CARTESIAN_POINT('',(10.32,0.474713999999995,0.564999999999991));
#8979=CARTESIAN_POINT('',(10.4,0.474713999999995,0.564999999999991));
#8980=CARTESIAN_POINT('Origin',(10.32,0.784713999999995,0.564999999999991));
#8981=CARTESIAN_POINT('Origin',(10.32,0.784713999999995,0.564999999999991));
#8982=CARTESIAN_POINT('Origin',(10.4,2.38471399999999,0.564999999999991));
#8983=CARTESIAN_POINT('',(10.32,2.07471399999999,0.564999999999991));
#8984=CARTESIAN_POINT('',(10.4,2.07471399999999,0.564999999999991));
#8985=CARTESIAN_POINT('Origin',(10.32,2.38471399999999,0.564999999999991));
#8986=CARTESIAN_POINT('Origin',(10.32,2.38471399999999,0.564999999999991));
#8987=CARTESIAN_POINT('Origin',(9.99999999999999,3.184714,0.174999999999994));
#8988=CARTESIAN_POINT('',(9.75999999999999,3.184714,0.254999999999994));
#8989=CARTESIAN_POINT('Origin',(9.99999999999999,3.184714,0.254999999999994));
#8990=CARTESIAN_POINT('',(9.75999999999999,3.184714,0.985999999999994));
#8991=CARTESIAN_POINT('',(9.75999999999999,3.184714,0.174999999999994));
#8992=CARTESIAN_POINT('Origin',(9.99999999999999,3.184714,0.985999999999994));
#8993=CARTESIAN_POINT('Origin',(9.99999999999999,3.184714,0.985999999999994));
#8994=CARTESIAN_POINT('Origin',(-1.20000000000001,1.584714,0.174999999999994));
#8995=CARTESIAN_POINT('',(-1.44000000000001,1.584714,0.254999999999994));
#8996=CARTESIAN_POINT('Origin',(-1.20000000000001,1.584714,0.254999999999994));
#8997=CARTESIAN_POINT('',(-1.44000000000001,1.584714,0.985999999999994));
#8998=CARTESIAN_POINT('',(-1.44000000000001,1.584714,0.174999999999994));
#8999=CARTESIAN_POINT('Origin',(-1.20000000000001,1.584714,0.985999999999994));
#9000=CARTESIAN_POINT('Origin',(-1.20000000000001,1.584714,0.985999999999994));
#9001=CARTESIAN_POINT('Origin',(-1.20000000000001,-0.0152859999999999,0.174999999999994));
#9002=CARTESIAN_POINT('',(-1.44000000000001,-0.0152859999999999,0.254999999999994));
#9003=CARTESIAN_POINT('Origin',(-1.20000000000001,-0.0152859999999999,0.254999999999994));
#9004=CARTESIAN_POINT('',(-1.44000000000001,-0.0152859999999999,0.985999999999994));
#9005=CARTESIAN_POINT('',(-1.44000000000001,-0.0152859999999999,0.174999999999994));
#9006=CARTESIAN_POINT('Origin',(-1.20000000000001,-0.0152859999999999,0.985999999999994));
#9007=CARTESIAN_POINT('Origin',(-1.20000000000001,-0.0152859999999999,0.985999999999994));
#9008=CARTESIAN_POINT('Origin',(6.79999999999999,3.184714,0.174999999999994));
#9009=CARTESIAN_POINT('',(6.55999999999999,3.184714,0.254999999999994));
#9010=CARTESIAN_POINT('Origin',(6.79999999999999,3.184714,0.254999999999994));
#9011=CARTESIAN_POINT('',(6.55999999999999,3.184714,0.985999999999994));
#9012=CARTESIAN_POINT('',(6.55999999999999,3.184714,0.174999999999994));
#9013=CARTESIAN_POINT('Origin',(6.79999999999999,3.184714,0.985999999999994));
#9014=CARTESIAN_POINT('Origin',(6.79999999999999,3.184714,0.985999999999994));
#9015=CARTESIAN_POINT('Origin',(9.99999999999999,1.584714,0.174999999999994));
#9016=CARTESIAN_POINT('',(9.75999999999999,1.584714,0.254999999999994));
#9017=CARTESIAN_POINT('Origin',(9.99999999999999,1.584714,0.254999999999994));
#9018=CARTESIAN_POINT('',(9.75999999999999,1.584714,0.985999999999994));
#9019=CARTESIAN_POINT('',(9.75999999999999,1.584714,0.174999999999994));
#9020=CARTESIAN_POINT('Origin',(9.99999999999999,1.584714,0.985999999999994));
#9021=CARTESIAN_POINT('Origin',(9.99999999999999,1.584714,0.985999999999994));
#9022=CARTESIAN_POINT('Origin',(-1.20000000000001,3.184714,0.174999999999994));
#9023=CARTESIAN_POINT('',(-1.44000000000001,3.184714,0.254999999999994));
#9024=CARTESIAN_POINT('Origin',(-1.20000000000001,3.184714,0.254999999999994));
#9025=CARTESIAN_POINT('',(-1.44000000000001,3.184714,0.985999999999994));
#9026=CARTESIAN_POINT('',(-1.44000000000001,3.184714,0.174999999999994));
#9027=CARTESIAN_POINT('Origin',(-1.20000000000001,3.184714,0.985999999999994));
#9028=CARTESIAN_POINT('Origin',(-1.20000000000001,3.184714,0.985999999999994));
#9029=CARTESIAN_POINT('Origin',(-1.2,-3.215286,0.174999999999994));
#9030=CARTESIAN_POINT('',(-1.44,-3.215286,0.254999999999994));
#9031=CARTESIAN_POINT('Origin',(-1.2,-3.215286,0.254999999999994));
#9032=CARTESIAN_POINT('',(-1.44,-3.215286,0.985999999999994));
#9033=CARTESIAN_POINT('',(-1.44,-3.215286,0.174999999999994));
#9034=CARTESIAN_POINT('Origin',(-1.2,-3.215286,0.985999999999994));
#9035=CARTESIAN_POINT('Origin',(-1.2,-3.215286,0.985999999999994));
#9036=CARTESIAN_POINT('Origin',(-1.2,-1.615286,0.174999999999994));
#9037=CARTESIAN_POINT('',(-1.44,-1.615286,0.254999999999994));
#9038=CARTESIAN_POINT('Origin',(-1.2,-1.615286,0.254999999999994));
#9039=CARTESIAN_POINT('',(-1.44,-1.615286,0.985999999999994));
#9040=CARTESIAN_POINT('',(-1.44,-1.615286,0.174999999999994));
#9041=CARTESIAN_POINT('Origin',(-1.2,-1.615286,0.985999999999994));
#9042=CARTESIAN_POINT('Origin',(-1.2,-1.615286,0.985999999999994));
#9043=CARTESIAN_POINT('Origin',(5.19999999999999,3.184714,0.174999999999994));
#9044=CARTESIAN_POINT('',(4.95999999999999,3.184714,0.254999999999994));
#9045=CARTESIAN_POINT('Origin',(5.19999999999999,3.184714,0.254999999999994));
#9046=CARTESIAN_POINT('',(4.95999999999999,3.184714,0.985999999999994));
#9047=CARTESIAN_POINT('',(4.95999999999999,3.184714,0.174999999999994));
#9048=CARTESIAN_POINT('Origin',(5.19999999999999,3.184714,0.985999999999994));
#9049=CARTESIAN_POINT('Origin',(5.19999999999999,3.184714,0.985999999999994));
#9050=CARTESIAN_POINT('Origin',(0.399999999999994,-3.215286,0.985999999999994));
#9051=CARTESIAN_POINT('',(0.618174551215472,-3.11528667399265,0.985999999999994));
#9052=CARTESIAN_POINT('',(0.181825448784516,-3.11528667399265,0.985999999999994));
#9053=CARTESIAN_POINT('',(1.67500000000001,-3.11528667399265,0.985999999999994));
#9054=CARTESIAN_POINT('',(0.159999999999994,-3.215286,0.985999999999994));
#9055=CARTESIAN_POINT('Origin',(0.399999999999994,-3.215286,0.985999999999994));
#9056=CARTESIAN_POINT('Origin',(0.399999999999994,-3.215286,0.985999999999994));
#9057=CARTESIAN_POINT('Origin',(0.399999999999994,-3.215286,0.174999999999994));
#9058=CARTESIAN_POINT('',(0.159999999999994,-3.215286,0.254999999999994));
#9059=CARTESIAN_POINT('Origin',(0.399999999999994,-3.215286,0.254999999999994));
#9060=CARTESIAN_POINT('',(0.159999999999994,-3.215286,0.174999999999994));
#9061=CARTESIAN_POINT('',(0.618174551215472,-3.11528667399265,0.974999999999991));
#9062=CARTESIAN_POINT('',(0.618174551215472,-3.11528667399265,0.174999999999994));
#9063=CARTESIAN_POINT('',(0.181825448784516,-3.11528667399265,0.974999999999991));
#9064=CARTESIAN_POINT('Origin',(0.399999999999994,-3.215286,0.974999999999991));
#9065=CARTESIAN_POINT('',(0.181825448784516,-3.11528667399265,0.174999999999994));
#9066=CARTESIAN_POINT('Origin',(6.8,-3.215286,0.985999999999994));
#9067=CARTESIAN_POINT('',(7.01817455121547,-3.11528667399265,0.985999999999994));
#9068=CARTESIAN_POINT('',(6.58182544878452,-3.11528667399265,0.985999999999994));
#9069=CARTESIAN_POINT('',(6.95000000000003,-3.11528667399265,0.985999999999994));
#9070=CARTESIAN_POINT('',(7.04,-3.215286,0.985999999999994));
#9071=CARTESIAN_POINT('Origin',(6.8,-3.215286,0.985999999999994));
#9072=CARTESIAN_POINT('Origin',(6.8,-3.215286,0.985999999999994));
#9073=CARTESIAN_POINT('Origin',(6.8,-3.215286,0.174999999999994));
#9074=CARTESIAN_POINT('',(7.04,-3.215286,0.254999999999994));
#9075=CARTESIAN_POINT('Origin',(6.8,-3.215286,0.254999999999994));
#9076=CARTESIAN_POINT('',(7.04,-3.215286,0.174999999999994));
#9077=CARTESIAN_POINT('',(7.01817455121547,-3.11528667399265,0.974999999999991));
#9078=CARTESIAN_POINT('',(7.01817455121547,-3.11528667399265,0.174999999999994));
#9079=CARTESIAN_POINT('',(6.58182544878452,-3.11528667399265,0.974999999999991));
#9080=CARTESIAN_POINT('Origin',(6.8,-3.215286,0.974999999999991));
#9081=CARTESIAN_POINT('',(6.58182544878452,-3.11528667399265,0.174999999999994));
#9082=CARTESIAN_POINT('Origin',(2.,-3.215286,0.985999999999994));
#9083=CARTESIAN_POINT('',(2.21817455121547,-3.11528667399265,0.985999999999994));
#9084=CARTESIAN_POINT('',(1.78182544878452,-3.11528667399265,0.985999999999994));
#9085=CARTESIAN_POINT('',(2.47500000000001,-3.11528667399265,0.985999999999994));
#9086=CARTESIAN_POINT('',(1.76,-3.215286,0.985999999999994));
#9087=CARTESIAN_POINT('Origin',(2.,-3.215286,0.985999999999994));
#9088=CARTESIAN_POINT('Origin',(2.,-3.215286,0.985999999999994));
#9089=CARTESIAN_POINT('Origin',(2.,-3.215286,0.174999999999994));
#9090=CARTESIAN_POINT('',(1.76,-3.215286,0.254999999999994));
#9091=CARTESIAN_POINT('Origin',(2.,-3.215286,0.254999999999994));
#9092=CARTESIAN_POINT('',(1.76,-3.215286,0.174999999999994));
#9093=CARTESIAN_POINT('',(2.21817455121547,-3.11528667399265,0.974999999999991));
#9094=CARTESIAN_POINT('',(2.21817455121547,-3.11528667399265,0.174999999999994));
#9095=CARTESIAN_POINT('',(1.78182544878452,-3.11528667399265,0.974999999999991));
#9096=CARTESIAN_POINT('Origin',(2.,-3.215286,0.974999999999991));
#9097=CARTESIAN_POINT('',(1.78182544878452,-3.11528667399265,0.174999999999994));
#9098=CARTESIAN_POINT('Origin',(5.19999999999999,-3.215286,0.985999999999994));
#9099=CARTESIAN_POINT('',(5.41817455121547,-3.11528667399265,0.985999999999994));
#9100=CARTESIAN_POINT('',(4.98182544878452,-3.11528667399265,0.985999999999994));
#9101=CARTESIAN_POINT('',(6.15000000000003,-3.11528667399265,0.985999999999994));
#9102=CARTESIAN_POINT('',(5.44,-3.215286,0.985999999999994));
#9103=CARTESIAN_POINT('Origin',(5.19999999999999,-3.215286,0.985999999999994));
#9104=CARTESIAN_POINT('Origin',(5.19999999999999,-3.215286,0.985999999999994));
#9105=CARTESIAN_POINT('Origin',(5.19999999999999,-3.215286,0.174999999999994));
#9106=CARTESIAN_POINT('',(5.44,-3.215286,0.254999999999994));
#9107=CARTESIAN_POINT('Origin',(5.19999999999999,-3.215286,0.254999999999994));
#9108=CARTESIAN_POINT('',(5.44,-3.215286,0.174999999999994));
#9109=CARTESIAN_POINT('',(5.41817455121547,-3.11528667399265,0.974999999999991));
#9110=CARTESIAN_POINT('',(5.41817455121547,-3.11528667399265,0.174999999999994));
#9111=CARTESIAN_POINT('',(4.98182544878452,-3.11528667399265,0.974999999999991));
#9112=CARTESIAN_POINT('Origin',(5.19999999999999,-3.215286,0.974999999999991));
#9113=CARTESIAN_POINT('',(4.98182544878452,-3.11528667399265,0.174999999999994));
#9114=CARTESIAN_POINT('Origin',(3.6,-3.215286,0.985999999999994));
#9115=CARTESIAN_POINT('',(3.81817455121547,-3.11528667399265,0.985999999999994));
#9116=CARTESIAN_POINT('',(3.45000000000003,-3.11528667399265,0.985999999999994));
#9117=CARTESIAN_POINT('',(5.35000000000003,-3.11528667399265,0.985999999999994));
#9118=CARTESIAN_POINT('',(3.36,-3.215286,0.985999999999994));
#9119=CARTESIAN_POINT('Origin',(3.6,-3.215286,0.985999999999994));
#9120=CARTESIAN_POINT('',(3.45000000000003,-3.02793606004802,0.985999999999994));
#9121=CARTESIAN_POINT('Origin',(3.6,-3.215286,0.985999999999994));
#9122=CARTESIAN_POINT('',(3.45000000000003,-3.16528633699633,0.985999999999994));
#9123=CARTESIAN_POINT('Origin',(3.6,-3.215286,0.174999999999994));
#9124=CARTESIAN_POINT('',(3.36,-3.215286,0.254999999999994));
#9125=CARTESIAN_POINT('Origin',(3.6,-3.215286,0.254999999999994));
#9126=CARTESIAN_POINT('',(3.36,-3.215286,0.174999999999994));
#9127=CARTESIAN_POINT('',(3.81817455121547,-3.11528667399265,0.974999999999991));
#9128=CARTESIAN_POINT('',(3.81817455121547,-3.11528667399265,0.174999999999994));
#9129=CARTESIAN_POINT('',(3.45000000000003,-3.02793606004802,0.974999999999991));
#9130=CARTESIAN_POINT('Origin',(3.6,-3.215286,0.974999999999991));
#9131=CARTESIAN_POINT('',(3.45000000000003,-3.02793606004802,0.174999999999994));
#9132=CARTESIAN_POINT('Origin',(9.99999999999999,-0.0152860000000048,0.985999999999994));
#9133=CARTESIAN_POINT('',(9.815,0.137602848514212,0.985999999999994));
#9134=CARTESIAN_POINT('',(9.815,-0.168174848514222,0.985999999999994));
#9135=CARTESIAN_POINT('',(9.815,0.141557691222834,0.985999999999994));
#9136=CARTESIAN_POINT('Origin',(9.99999999999999,-0.0152860000000048,0.985999999999994));
#9137=CARTESIAN_POINT('Origin',(9.99999999999999,-0.0152860000000048,0.174999999999994));
#9138=CARTESIAN_POINT('',(9.75999999999999,-0.0152860000000047,0.254999999999994));
#9139=CARTESIAN_POINT('Origin',(9.99999999999999,-0.0152860000000048,0.254999999999994));
#9140=CARTESIAN_POINT('',(9.75999999999999,-0.0152860000000048,0.787709291339723));
#9141=CARTESIAN_POINT('',(9.75999999999999,-0.0152860000000048,0.174999999999994));
#9142=CARTESIAN_POINT('',(9.815,-0.168174848514222,0.78844704316027));
#9143=CARTESIAN_POINT('Origin',(9.99999999999999,-0.0152860000000048,0.787709291339723));
#9144=CARTESIAN_POINT('',(9.815,-0.168174848514222,0.174999999999994));
#9145=CARTESIAN_POINT('',(9.815,0.137602848514212,0.786971539519176));
#9146=CARTESIAN_POINT('',(9.815,0.137602848514212,0.174999999999994));
#9147=CARTESIAN_POINT('Origin',(9.99999999999999,-0.0152860000000048,0.787709291339723));
#9148=CARTESIAN_POINT('Origin',(2.95000000000003,-3.11528667399265,0.174999999999991));
#9149=CARTESIAN_POINT('',(-0.186692709922987,-3.11528667399265,0.974999999999991));
#9150=CARTESIAN_POINT('',(2.03750000000002,-3.11528667399265,0.974999999999991));
#9151=CARTESIAN_POINT('',(-0.186692709922987,-3.11528667399265,0.674999999999991));
#9152=CARTESIAN_POINT('',(-0.186692709922987,-3.11528667399265,0.424999999999991));
#9153=CARTESIAN_POINT('',(-0.613307290077017,-3.11528667399265,0.674999999999991));
#9154=CARTESIAN_POINT('Origin',(-0.400000000000002,-3.11528667399265,0.564999999999991));
#9155=CARTESIAN_POINT('',(-0.613307290077017,-3.11528667399265,0.974999999999991));
#9156=CARTESIAN_POINT('',(-0.613307290077017,-3.11528667399265,0.424999999999991));
#9157=CARTESIAN_POINT('',(-0.699999999999998,-3.11528667399265,0.974999999999991));
#9158=CARTESIAN_POINT('',(2.03750000000002,-3.11528667399265,0.974999999999991));
#9159=CARTESIAN_POINT('',(-0.699999999999998,-3.11528667399265,0.174999999999991));
#9160=CARTESIAN_POINT('',(2.95000000000003,-3.11528667399265,0.752349939951918));
#9161=CARTESIAN_POINT('',(2.95000000000003,-3.11528667399265,0.174999999999991));
#9162=CARTESIAN_POINT('',(2.58669270992298,-3.11528667399265,0.674999999999991));
#9163=CARTESIAN_POINT('Origin',(2.8,-3.11528667399265,0.564999999999991));
#9164=CARTESIAN_POINT('',(2.58669270992298,-3.11528667399265,0.974999999999991));
#9165=CARTESIAN_POINT('',(2.58669270992298,-3.11528667399265,0.424999999999991));
#9166=CARTESIAN_POINT('',(2.03750000000002,-3.11528667399265,0.974999999999991));
#9167=CARTESIAN_POINT('',(1.41330729007701,-3.11528667399265,0.974999999999991));
#9168=CARTESIAN_POINT('',(2.03750000000002,-3.11528667399265,0.974999999999991));
#9169=CARTESIAN_POINT('',(1.41330729007701,-3.11528667399265,0.674999999999991));
#9170=CARTESIAN_POINT('',(1.41330729007701,-3.11528667399265,0.424999999999991));
#9171=CARTESIAN_POINT('',(0.986692709922981,-3.11528667399265,0.674999999999991));
#9172=CARTESIAN_POINT('Origin',(1.2,-3.11528667399265,0.564999999999991));
#9173=CARTESIAN_POINT('',(0.986692709922981,-3.11528667399265,0.974999999999991));
#9174=CARTESIAN_POINT('',(0.986692709922981,-3.11528667399265,0.424999999999991));
#9175=CARTESIAN_POINT('',(2.03750000000002,-3.11528667399265,0.974999999999991));
#9176=CARTESIAN_POINT('Origin',(7.10000000000006,-3.11528667399265,0.174999999999991));
#9177=CARTESIAN_POINT('',(6.21330729007701,-3.11528667399265,0.974999999999991));
#9178=CARTESIAN_POINT('',(6.18750000000005,-3.11528667399265,0.974999999999991));
#9179=CARTESIAN_POINT('',(6.21330729007701,-3.11528667399265,0.674999999999991));
#9180=CARTESIAN_POINT('',(6.21330729007701,-3.11528667399265,0.424999999999991));
#9181=CARTESIAN_POINT('',(5.78669270992298,-3.11528667399265,0.674999999999991));
#9182=CARTESIAN_POINT('Origin',(6.,-3.11528667399265,0.564999999999991));
#9183=CARTESIAN_POINT('',(5.78669270992298,-3.11528667399265,0.974999999999991));
#9184=CARTESIAN_POINT('',(5.78669270992298,-3.11528667399265,0.424999999999991));
#9185=CARTESIAN_POINT('',(6.18750000000005,-3.11528667399265,0.974999999999991));
#9186=CARTESIAN_POINT('',(4.61330729007701,-3.11528667399265,0.974999999999991));
#9187=CARTESIAN_POINT('',(6.18750000000005,-3.11528667399265,0.974999999999991));
#9188=CARTESIAN_POINT('',(4.61330729007701,-3.11528667399265,0.674999999999991));
#9189=CARTESIAN_POINT('',(4.61330729007701,-3.11528667399265,0.424999999999991));
#9190=CARTESIAN_POINT('',(4.18669270992298,-3.11528667399265,0.674999999999991));
#9191=CARTESIAN_POINT('Origin',(4.4,-3.11528667399265,0.564999999999991));
#9192=CARTESIAN_POINT('',(4.18669270992298,-3.11528667399265,0.974999999999991));
#9193=CARTESIAN_POINT('',(4.18669270992298,-3.11528667399265,0.424999999999991));
#9194=CARTESIAN_POINT('',(6.18750000000005,-3.11528667399265,0.974999999999991));
#9195=CARTESIAN_POINT('',(3.45000000000003,-3.11528667399265,0.174999999999991));
#9196=CARTESIAN_POINT('',(7.10000000000006,-3.11528667399265,0.974999999999991));
#9197=CARTESIAN_POINT('',(7.10000000000006,-3.11528667399265,0.174999999999991));
#9198=CARTESIAN_POINT('',(6.18750000000005,-3.11528667399265,0.974999999999991));
#9199=CARTESIAN_POINT('Origin',(3.45000000000003,-3.11528667399265,0.174999999999991));
#9200=CARTESIAN_POINT('',(3.45000000000003,-1.11528667399264,0.974999999999991));
#9201=CARTESIAN_POINT('',(3.45000000000003,-2.61528667399265,0.974999999999991));
#9202=CARTESIAN_POINT('',(3.45000000000003,-1.11528667399265,0.487499999999993));
#9203=CARTESIAN_POINT('Origin',(9.815,0.298401382445673,1.31247134057408));
#9204=CARTESIAN_POINT('',(9.815,-0.489999989047647,0.789999982342124));
#9205=CARTESIAN_POINT('',(9.815,0.23848322245884,0.786484750062271));
#9206=CARTESIAN_POINT('',(9.815,-0.499999988824129,0.789999982342124));
#9207=CARTESIAN_POINT('',(9.815,-0.095799303300987,0.789999982342124));
#9208=CARTESIAN_POINT('',(9.815,-0.499999988824129,0.789999982342124));
#9209=CARTESIAN_POINT('',(9.815,1.09741384162386,1.83818105506361));
#9210=CARTESIAN_POINT('',(9.815,-0.101258091477743,1.83748160898518));
#9211=CARTESIAN_POINT('',(9.815,0.181104500987607,1.59948261599733));
#9212=CARTESIAN_POINT('',(9.815,0.659173056401004,1.7240193994646));
#9213=CARTESIAN_POINT('',(9.815,0.181104500987608,0.786761626084541));
#9214=CARTESIAN_POINT('',(9.815,0.181104500987607,1.4559769782857));
#9215=CARTESIAN_POINT('',(9.815,0.23848322245884,0.786484750062271));
#9216=CARTESIAN_POINT('Origin',(9.99999999999999,3.184714,0.174999999999994));
#9217=CARTESIAN_POINT('',(9.68999999999999,3.184714,0.174999999999994));
#9218=CARTESIAN_POINT('Origin',(9.99999999999999,3.184714,0.174999999999991));
#9219=CARTESIAN_POINT('',(9.68999999999999,3.184714,0.254999999999994));
#9220=CARTESIAN_POINT('',(9.68999999999999,3.184714,0.174999999999994));
#9221=CARTESIAN_POINT('Origin',(9.99999999999999,3.184714,0.254999999999994));
#9222=CARTESIAN_POINT('Origin',(9.99999999999999,3.184714,0.254999999999994));
#9223=CARTESIAN_POINT('Origin',(-1.20000000000001,1.584714,0.174999999999994));
#9224=CARTESIAN_POINT('',(-1.51000000000001,1.584714,0.174999999999994));
#9225=CARTESIAN_POINT('Origin',(-1.20000000000001,1.584714,0.174999999999991));
#9226=CARTESIAN_POINT('',(-1.51000000000001,1.584714,0.254999999999994));
#9227=CARTESIAN_POINT('',(-1.51000000000001,1.584714,0.174999999999994));
#9228=CARTESIAN_POINT('Origin',(-1.20000000000001,1.584714,0.254999999999994));
#9229=CARTESIAN_POINT('Origin',(-1.20000000000001,1.584714,0.254999999999994));
#9230=CARTESIAN_POINT('Origin',(0.399999999999994,-3.215286,0.174999999999994));
#9231=CARTESIAN_POINT('',(0.0899999999999941,-3.215286,0.174999999999994));
#9232=CARTESIAN_POINT('Origin',(0.399999999999994,-3.215286,0.174999999999991));
#9233=CARTESIAN_POINT('',(0.0899999999999941,-3.215286,0.254999999999994));
#9234=CARTESIAN_POINT('',(0.0899999999999941,-3.215286,0.174999999999994));
#9235=CARTESIAN_POINT('Origin',(0.399999999999994,-3.215286,0.254999999999994));
#9236=CARTESIAN_POINT('Origin',(0.399999999999994,-3.215286,0.254999999999994));
#9237=CARTESIAN_POINT('Origin',(6.8,-3.215286,0.174999999999994));
#9238=CARTESIAN_POINT('',(6.49,-3.215286,0.174999999999994));
#9239=CARTESIAN_POINT('Origin',(6.8,-3.215286,0.174999999999991));
#9240=CARTESIAN_POINT('',(6.49,-3.215286,0.254999999999994));
#9241=CARTESIAN_POINT('',(6.49,-3.215286,0.174999999999994));
#9242=CARTESIAN_POINT('Origin',(6.8,-3.215286,0.254999999999994));
#9243=CARTESIAN_POINT('Origin',(6.8,-3.215286,0.254999999999994));
#9244=CARTESIAN_POINT('Origin',(2.,-3.215286,0.174999999999994));
#9245=CARTESIAN_POINT('',(1.69,-3.215286,0.174999999999994));
#9246=CARTESIAN_POINT('Origin',(2.,-3.215286,0.174999999999991));
#9247=CARTESIAN_POINT('',(1.69,-3.215286,0.254999999999994));
#9248=CARTESIAN_POINT('',(1.69,-3.215286,0.174999999999994));
#9249=CARTESIAN_POINT('Origin',(2.,-3.215286,0.254999999999994));
#9250=CARTESIAN_POINT('Origin',(2.,-3.215286,0.254999999999994));
#9251=CARTESIAN_POINT('Origin',(-1.20000000000001,-0.0152860000000001,0.174999999999994));
#9252=CARTESIAN_POINT('',(-1.51000000000001,-0.0152860000000001,0.174999999999994));
#9253=CARTESIAN_POINT('Origin',(-1.20000000000001,-0.0152860000000001,0.174999999999991));
#9254=CARTESIAN_POINT('',(-1.51000000000001,-0.0152860000000001,0.254999999999994));
#9255=CARTESIAN_POINT('',(-1.51000000000001,-0.0152860000000002,0.174999999999994));
#9256=CARTESIAN_POINT('Origin',(-1.20000000000001,-0.0152860000000001,0.254999999999994));
#9257=CARTESIAN_POINT('Origin',(-1.20000000000001,-0.0152860000000001,0.254999999999994));
#9258=CARTESIAN_POINT('Origin',(6.79999999999999,3.184714,0.174999999999994));
#9259=CARTESIAN_POINT('',(6.48999999999999,3.184714,0.174999999999994));
#9260=CARTESIAN_POINT('Origin',(6.79999999999999,3.184714,0.174999999999991));
#9261=CARTESIAN_POINT('',(6.48999999999999,3.184714,0.254999999999994));
#9262=CARTESIAN_POINT('',(6.48999999999999,3.184714,0.174999999999994));
#9263=CARTESIAN_POINT('Origin',(6.79999999999999,3.184714,0.254999999999994));
#9264=CARTESIAN_POINT('Origin',(6.79999999999999,3.184714,0.254999999999994));
#9265=CARTESIAN_POINT('Origin',(9.99999999999999,1.584714,0.174999999999994));
#9266=CARTESIAN_POINT('',(9.68999999999999,1.584714,0.174999999999994));
#9267=CARTESIAN_POINT('Origin',(9.99999999999999,1.584714,0.174999999999991));
#9268=CARTESIAN_POINT('',(9.68999999999999,1.584714,0.254999999999994));
#9269=CARTESIAN_POINT('',(9.68999999999999,1.584714,0.174999999999994));
#9270=CARTESIAN_POINT('Origin',(9.99999999999999,1.584714,0.254999999999994));
#9271=CARTESIAN_POINT('Origin',(9.99999999999999,1.584714,0.254999999999994));
#9272=CARTESIAN_POINT('Origin',(-1.20000000000001,3.184714,0.174999999999994));
#9273=CARTESIAN_POINT('',(-1.51000000000001,3.184714,0.174999999999994));
#9274=CARTESIAN_POINT('Origin',(-1.20000000000001,3.184714,0.174999999999991));
#9275=CARTESIAN_POINT('',(-1.51000000000001,3.184714,0.254999999999994));
#9276=CARTESIAN_POINT('',(-1.51000000000001,3.184714,0.174999999999994));
#9277=CARTESIAN_POINT('Origin',(-1.20000000000001,3.184714,0.254999999999994));
#9278=CARTESIAN_POINT('Origin',(-1.20000000000001,3.184714,0.254999999999994));
#9279=CARTESIAN_POINT('Origin',(-1.2,-3.215286,0.174999999999994));
#9280=CARTESIAN_POINT('',(-1.51,-3.215286,0.174999999999994));
#9281=CARTESIAN_POINT('Origin',(-1.2,-3.215286,0.174999999999991));
#9282=CARTESIAN_POINT('',(-1.51,-3.215286,0.254999999999994));
#9283=CARTESIAN_POINT('',(-1.51,-3.215286,0.174999999999994));
#9284=CARTESIAN_POINT('Origin',(-1.2,-3.215286,0.254999999999994));
#9285=CARTESIAN_POINT('Origin',(-1.2,-3.215286,0.254999999999994));
#9286=CARTESIAN_POINT('Origin',(5.19999999999999,-3.215286,0.174999999999994));
#9287=CARTESIAN_POINT('',(4.89,-3.215286,0.174999999999994));
#9288=CARTESIAN_POINT('Origin',(5.19999999999999,-3.215286,0.174999999999991));
#9289=CARTESIAN_POINT('',(4.89,-3.215286,0.254999999999994));
#9290=CARTESIAN_POINT('',(4.89,-3.215286,0.174999999999994));
#9291=CARTESIAN_POINT('Origin',(5.19999999999999,-3.215286,0.254999999999994));
#9292=CARTESIAN_POINT('Origin',(5.19999999999999,-3.215286,0.254999999999994));
#9293=CARTESIAN_POINT('Origin',(3.6,-3.215286,0.174999999999994));
#9294=CARTESIAN_POINT('',(3.29,-3.215286,0.174999999999994));
#9295=CARTESIAN_POINT('Origin',(3.6,-3.215286,0.174999999999991));
#9296=CARTESIAN_POINT('',(3.29,-3.215286,0.254999999999994));
#9297=CARTESIAN_POINT('',(3.29,-3.215286,0.174999999999994));
#9298=CARTESIAN_POINT('Origin',(3.6,-3.215286,0.254999999999994));
#9299=CARTESIAN_POINT('Origin',(3.6,-3.215286,0.254999999999994));
#9300=CARTESIAN_POINT('Origin',(-1.2,-1.615286,0.174999999999994));
#9301=CARTESIAN_POINT('',(-1.51,-1.615286,0.174999999999994));
#9302=CARTESIAN_POINT('Origin',(-1.2,-1.615286,0.174999999999991));
#9303=CARTESIAN_POINT('',(-1.51,-1.615286,0.254999999999994));
#9304=CARTESIAN_POINT('',(-1.51,-1.615286,0.174999999999994));
#9305=CARTESIAN_POINT('Origin',(-1.2,-1.615286,0.254999999999994));
#9306=CARTESIAN_POINT('Origin',(-1.2,-1.615286,0.254999999999994));
#9307=CARTESIAN_POINT('Origin',(5.19999999999999,3.184714,0.174999999999994));
#9308=CARTESIAN_POINT('',(4.89,3.184714,0.174999999999994));
#9309=CARTESIAN_POINT('Origin',(5.19999999999999,3.184714,0.174999999999991));
#9310=CARTESIAN_POINT('',(4.89,3.184714,0.254999999999994));
#9311=CARTESIAN_POINT('',(4.89,3.184714,0.174999999999994));
#9312=CARTESIAN_POINT('Origin',(5.19999999999999,3.184714,0.254999999999994));
#9313=CARTESIAN_POINT('Origin',(5.19999999999999,3.184714,0.254999999999994));
#9314=CARTESIAN_POINT('Origin',(9.99999999999999,-0.015286000000005,0.174999999999994));
#9315=CARTESIAN_POINT('',(9.68999999999999,-0.015286000000005,0.174999999999994));
#9316=CARTESIAN_POINT('Origin',(9.99999999999999,-0.015286000000005,0.174999999999991));
#9317=CARTESIAN_POINT('',(9.68999999999999,-0.015286000000005,0.254999999999994));
#9318=CARTESIAN_POINT('',(9.68999999999999,-0.015286000000005,0.174999999999994));
#9319=CARTESIAN_POINT('Origin',(9.99999999999999,-0.015286000000005,0.254999999999994));
#9320=CARTESIAN_POINT('Origin',(9.99999999999999,-0.015286000000005,0.254999999999994));
#9321=CARTESIAN_POINT('Origin',(2.8,-2.80428600000001,0.564999999999991));
#9322=CARTESIAN_POINT('',(2.56,-2.80428600000001,0.564999999999991));
#9323=CARTESIAN_POINT('Origin',(2.8,-2.80428600000001,0.564999999999991));
#9324=CARTESIAN_POINT('Origin',(7.59999999999999,-2.80428600000001,0.564999999999991));
#9325=CARTESIAN_POINT('',(7.60000000000006,-2.80428600000001,0.804999999999991));
#9326=CARTESIAN_POINT('',(7.60000000000006,-2.80428600000001,0.32499999999999));
#9327=CARTESIAN_POINT('',(7.60000000000006,-2.80428600000001,0.369999999999991));
#9328=CARTESIAN_POINT('',(7.35999999999999,-2.80428600000001,0.564999999999991));
#9329=CARTESIAN_POINT('Origin',(7.59999999999999,-2.80428600000001,0.564999999999991));
#9330=CARTESIAN_POINT('Origin',(7.59999999999999,-2.80428600000001,0.564999999999991));
#9331=CARTESIAN_POINT('Origin',(1.2,-2.80428600000001,0.564999999999991));
#9332=CARTESIAN_POINT('',(0.959999999999996,-2.80428600000001,0.564999999999991));
#9333=CARTESIAN_POINT('Origin',(1.2,-2.80428600000001,0.564999999999991));
#9334=CARTESIAN_POINT('Origin',(4.4,-2.80428600000001,0.564999999999991));
#9335=CARTESIAN_POINT('',(4.16,-2.80428600000001,0.564999999999991));
#9336=CARTESIAN_POINT('Origin',(4.4,-2.80428600000001,0.564999999999991));
#9337=CARTESIAN_POINT('Origin',(6.,-2.80428600000001,0.564999999999991));
#9338=CARTESIAN_POINT('',(5.76,-2.80428600000001,0.564999999999991));
#9339=CARTESIAN_POINT('Origin',(6.,-2.80428600000001,0.564999999999991));
#9340=CARTESIAN_POINT('Origin',(-0.400000000000002,-2.80428600000001,0.564999999999991));
#9341=CARTESIAN_POINT('',(-0.640000000000002,-2.80428600000001,0.564999999999991));
#9342=CARTESIAN_POINT('Origin',(-0.400000000000002,-2.80428600000001,0.564999999999991));
#9343=CARTESIAN_POINT('Origin',(2.8,-2.80528600000001,0.564999999999991));
#9344=CARTESIAN_POINT('',(2.58669270992298,-2.80528600000001,0.674999999999991));
#9345=CARTESIAN_POINT('',(2.95000000000003,-2.80528600000001,0.752349939951918));
#9346=CARTESIAN_POINT('Origin',(2.8,-2.80528600000001,0.564999999999991));
#9347=CARTESIAN_POINT('',(2.95000000000003,-2.80528600000001,0.974999999999991));
#9348=CARTESIAN_POINT('',(2.95000000000003,-2.80528600000001,0.424999999999991));
#9349=CARTESIAN_POINT('',(2.58669270992298,-2.80528600000001,0.974999999999991));
#9350=CARTESIAN_POINT('',(1.96250000000001,-2.80528600000001,0.974999999999991));
#9351=CARTESIAN_POINT('',(2.58669270992298,-2.80528600000001,0.674999999999991));
#9352=CARTESIAN_POINT('Origin',(7.60000000000006,-3.61528667399264,0.174999999999991));
#9353=CARTESIAN_POINT('',(7.60000000000006,-3.61528667399264,0.954999999999991));
#9354=CARTESIAN_POINT('',(7.60000000000006,-3.61528667399264,0.174999999999991));
#9355=CARTESIAN_POINT('',(7.60000000000006,-3.60528600000001,0.964999999999991));
#9356=CARTESIAN_POINT('Origin',(7.60000000000006,-3.60528600000001,0.954999999999991));
#9357=CARTESIAN_POINT('',(7.59999999999999,-3.49528600000001,0.964999999999991));
#9358=CARTESIAN_POINT('',(7.60000000000006,-3.01528633699633,0.964999999999991));
#9359=CARTESIAN_POINT('',(7.59999999999999,-2.93528600000001,0.964999999999991));
#9360=CARTESIAN_POINT('',(7.60000000000005,4.784714,0.964999999999991));
#9361=CARTESIAN_POINT('',(7.60000000000006,-2.82528600000001,0.964999999999991));
#9362=CARTESIAN_POINT('',(7.60000000000006,-3.01528633699633,0.964999999999991));
#9363=CARTESIAN_POINT('',(7.60000000000006,-2.81528600000001,0.954999999999991));
#9364=CARTESIAN_POINT('Origin',(7.60000000000006,-2.82528600000001,0.954999999999991));
#9365=CARTESIAN_POINT('',(7.60000000000006,-2.81528600000001,0.804999999999991));
#9366=CARTESIAN_POINT('',(7.60000000000006,-2.81528600000001,0.369999999999991));
#9367=CARTESIAN_POINT('',(7.60000000000006,-3.61528600000001,0.804999999999991));
#9368=CARTESIAN_POINT('',(7.60000000000006,-2.81528600000001,0.32499999999999));
#9369=CARTESIAN_POINT('',(7.60000000000006,-3.61528600000001,0.32499999999999));
#9370=CARTESIAN_POINT('',(7.60000000000006,-2.81528600000001,0.174999999999986));
#9371=CARTESIAN_POINT('',(7.60000000000006,-2.81528600000001,0.369999999999991));
#9372=CARTESIAN_POINT('',(7.60000000000006,-1.11528667399265,0.174999999999991));
#9373=CARTESIAN_POINT('',(7.60000000000006,-1.11528667399265,0.174999999999991));
#9374=CARTESIAN_POINT('',(7.60000000000006,-1.11528667399265,0.487499999999993));
#9375=CARTESIAN_POINT('Origin',(4.4,-2.80528600000001,0.564999999999991));
#9376=CARTESIAN_POINT('',(4.18669270992298,-2.80528600000001,0.674999999999991));
#9377=CARTESIAN_POINT('',(4.61330729007701,-2.80528600000001,0.674999999999991));
#9378=CARTESIAN_POINT('Origin',(4.4,-2.80528600000001,0.564999999999991));
#9379=CARTESIAN_POINT('',(4.61330729007701,-2.80528600000001,0.974999999999991));
#9380=CARTESIAN_POINT('',(4.61330729007701,-2.80528600000001,0.674999999999991));
#9381=CARTESIAN_POINT('',(4.18669270992298,-2.80528600000001,0.974999999999991));
#9382=CARTESIAN_POINT('',(4.83750000000002,-2.80528600000001,0.974999999999991));
#9383=CARTESIAN_POINT('',(4.18669270992298,-2.80528600000001,0.674999999999991));
#9384=CARTESIAN_POINT('Origin',(-0.400000000000002,-2.80528600000001,0.564999999999991));
#9385=CARTESIAN_POINT('',(-0.613307290077017,-2.80528600000001,0.674999999999991));
#9386=CARTESIAN_POINT('',(-0.186692709922987,-2.80528600000001,0.674999999999991));
#9387=CARTESIAN_POINT('Origin',(-0.400000000000002,-2.80528600000001,0.564999999999991));
#9388=CARTESIAN_POINT('',(-0.186692709922987,-2.80528600000001,0.974999999999991));
#9389=CARTESIAN_POINT('',(-0.186692709922987,-2.80528600000001,0.674999999999991));
#9390=CARTESIAN_POINT('',(-0.613307290077017,-2.80528600000001,0.974999999999991));
#9391=CARTESIAN_POINT('',(0.362500000000007,-2.80528600000001,0.974999999999991));
#9392=CARTESIAN_POINT('',(-0.613307290077017,-2.80528600000001,0.674999999999991));
#9393=CARTESIAN_POINT('Origin',(-0.613307290077017,-3.11528667399265,0.674999999999991));
#9394=CARTESIAN_POINT('',(-0.613307290077017,-3.61528600000001,0.674999999999991));
#9395=CARTESIAN_POINT('',(-0.613307290077017,-3.61528600000001,0.974999999999991));
#9396=CARTESIAN_POINT('Origin',(2.58669270992298,-3.11528667399265,0.674999999999991));
#9397=CARTESIAN_POINT('',(2.58669270992298,-3.61528600000001,0.674999999999991));
#9398=CARTESIAN_POINT('',(2.58669270992298,-3.61528600000001,0.974999999999991));
#9399=CARTESIAN_POINT('Origin',(1.41330729007701,-2.80528600000001,0.674999999999991));
#9400=CARTESIAN_POINT('',(1.41330729007701,-2.80528600000001,0.674999999999991));
#9401=CARTESIAN_POINT('',(1.41330729007701,-3.61528600000001,0.674999999999991));
#9402=CARTESIAN_POINT('',(1.41330729007701,-2.80528600000001,0.974999999999991));
#9403=CARTESIAN_POINT('',(1.41330729007701,-3.61528600000001,0.974999999999991));
#9404=CARTESIAN_POINT('',(1.41330729007701,-2.80528600000001,0.674999999999991));
#9405=CARTESIAN_POINT('Origin',(0.986692709922981,-3.11528667399265,0.674999999999991));
#9406=CARTESIAN_POINT('',(0.986692709922981,-2.80528600000001,0.674999999999991));
#9407=CARTESIAN_POINT('',(0.986692709922981,-3.61528600000001,0.674999999999991));
#9408=CARTESIAN_POINT('',(0.986692709922981,-2.80528600000001,0.974999999999991));
#9409=CARTESIAN_POINT('',(0.986692709922981,-2.80528600000001,0.674999999999991));
#9410=CARTESIAN_POINT('',(0.986692709922981,-3.61528600000001,0.974999999999991));
#9411=CARTESIAN_POINT('Origin',(-0.186692709922987,-2.80528600000001,0.674999999999991));
#9412=CARTESIAN_POINT('',(-0.186692709922987,-3.61528600000001,0.674999999999991));
#9413=CARTESIAN_POINT('',(-0.186692709922987,-3.61528600000001,0.974999999999991));
#9414=CARTESIAN_POINT('Origin',(1.12500000000002,-2.11528667399265,0.974999999999991));
#9415=CARTESIAN_POINT('',(1.16250000000001,-2.80528600000001,0.974999999999991));
#9416=CARTESIAN_POINT('',(2.95000000000003,-1.11528667399264,0.974999999999991));
#9417=CARTESIAN_POINT('',(2.95000000000003,-1.61528667399265,0.974999999999991));
#9418=CARTESIAN_POINT('',(-0.7,-1.11528667399264,0.974999999999991));
#9419=CARTESIAN_POINT('',(0.562500000000008,-1.11528667399265,0.974999999999991));
#9420=CARTESIAN_POINT('',(-0.699999999999999,-2.61528667399265,0.974999999999991));
#9421=CARTESIAN_POINT('Origin',(-0.699999999999998,-3.11528667399265,0.174999999999991));
#9422=CARTESIAN_POINT('',(-0.7,-1.11528667399265,0.487499999999993));
#9423=CARTESIAN_POINT('Origin',(0.,-1.11528667399265,0.799999999999991));
#9424=CARTESIAN_POINT('',(2.95000000000003,-1.11528667399265,0.487499999999991));
#9425=CARTESIAN_POINT('',(7.10000000000006,-1.11528667399265,0.974999999999991));
#9426=CARTESIAN_POINT('',(2.63750000000002,-1.11528667399265,0.974999999999991));
#9427=CARTESIAN_POINT('',(7.10000000000006,-1.11528667399265,0.487499999999991));
#9428=CARTESIAN_POINT('',(9.59999999999999,-1.11528667399264,0.174999999999991));
#9429=CARTESIAN_POINT('',(0.,-1.11528667399264,0.174999999999991));
#9430=CARTESIAN_POINT('',(9.59999999999999,-1.11528667399264,0.954999999999991));
#9431=CARTESIAN_POINT('',(9.59999999999999,-1.11528667399265,0.682499999999991));
#9432=CARTESIAN_POINT('',(9.60999999999999,-1.11528667399264,0.964999999999991));
#9433=CARTESIAN_POINT('Origin',(9.60999999999999,-1.11528667399265,0.954999999999991));
#9434=CARTESIAN_POINT('',(9.71999999999999,-1.11528667399264,0.964999999999991));
#9435=CARTESIAN_POINT('',(3.8,-1.11528667399265,0.964999999999991));
#9436=CARTESIAN_POINT('',(9.71999999999999,-1.11528667399264,0.829574366868671));
#9437=CARTESIAN_POINT('',(9.72,-1.11528667399265,0.682499999999988));
#9438=CARTESIAN_POINT('',(10.28,-1.11528667399264,0.829574366868671));
#9439=CARTESIAN_POINT('',(9.99999999999999,-1.11528667399265,0.829574366868669));
#9440=CARTESIAN_POINT('',(10.28,-1.11528667399264,0.964999999999991));
#9441=CARTESIAN_POINT('',(10.28,-1.11528667399265,0.682499999999991));
#9442=CARTESIAN_POINT('',(10.39,-1.11528667399264,0.964999999999991));
#9443=CARTESIAN_POINT('',(3.8,-1.11528667399265,0.964999999999991));
#9444=CARTESIAN_POINT('Origin',(10.39,-1.11528667399265,0.954999999999991));
#9445=CARTESIAN_POINT('Origin',(2.95000000000003,-1.11528667399264,0.174999999999991));
#9446=CARTESIAN_POINT('',(2.95000000000003,-3.61528600000001,0.752349939951918));
#9447=CARTESIAN_POINT('Origin',(4.18669270992298,-3.11528667399265,0.674999999999991));
#9448=CARTESIAN_POINT('',(4.18669270992298,-3.61528600000001,0.674999999999991));
#9449=CARTESIAN_POINT('',(4.18669270992298,-3.61528600000001,0.974999999999991));
#9450=CARTESIAN_POINT('Origin',(6.21330729007701,-2.80528600000001,0.674999999999991));
#9451=CARTESIAN_POINT('',(6.21330729007701,-2.80528600000001,0.674999999999991));
#9452=CARTESIAN_POINT('',(6.21330729007701,-3.61528600000001,0.674999999999991));
#9453=CARTESIAN_POINT('',(6.21330729007701,-2.80528600000001,0.974999999999991));
#9454=CARTESIAN_POINT('',(6.21330729007701,-3.61528600000001,0.974999999999991));
#9455=CARTESIAN_POINT('',(6.21330729007701,-2.80528600000001,0.674999999999991));
#9456=CARTESIAN_POINT('Origin',(5.78669270992298,-3.11528667399265,0.674999999999991));
#9457=CARTESIAN_POINT('',(5.78669270992298,-2.80528600000001,0.674999999999991));
#9458=CARTESIAN_POINT('',(5.78669270992298,-3.61528600000001,0.674999999999991));
#9459=CARTESIAN_POINT('',(5.78669270992298,-2.80528600000001,0.974999999999991));
#9460=CARTESIAN_POINT('',(5.78669270992298,-2.80528600000001,0.674999999999991));
#9461=CARTESIAN_POINT('',(5.78669270992298,-3.61528600000001,0.974999999999991));
#9462=CARTESIAN_POINT('Origin',(4.61330729007701,-2.80528600000001,0.674999999999991));
#9463=CARTESIAN_POINT('',(4.61330729007701,-3.61528600000001,0.674999999999991));
#9464=CARTESIAN_POINT('',(4.61330729007701,-3.61528600000001,0.974999999999991));
#9465=CARTESIAN_POINT('Origin',(5.27500000000004,-2.11528667399265,0.974999999999991));
#9466=CARTESIAN_POINT('',(7.10000000000006,-1.61528667399265,0.974999999999991));
#9467=CARTESIAN_POINT('',(5.63750000000002,-2.80528600000001,0.974999999999991));
#9468=CARTESIAN_POINT('Origin',(7.10000000000006,-1.11528667399265,0.174999999999991));
#9469=CARTESIAN_POINT('Origin',(4.4,-3.61528600000001,0.564999999999991));
#9470=CARTESIAN_POINT('',(4.16,-3.53528600000001,0.564999999999991));
#9471=CARTESIAN_POINT('Origin',(4.4,-3.53528600000001,0.564999999999991));
#9472=CARTESIAN_POINT('',(4.16,-3.61528600000001,0.564999999999991));
#9473=CARTESIAN_POINT('Origin',(-0.400000000000002,-3.61528600000001,0.564999999999991));
#9474=CARTESIAN_POINT('',(-0.640000000000002,-3.53528600000001,0.564999999999991));
#9475=CARTESIAN_POINT('Origin',(-0.400000000000002,-3.53528600000001,0.564999999999991));
#9476=CARTESIAN_POINT('',(-0.640000000000002,-3.61528600000001,0.564999999999991));
#9477=CARTESIAN_POINT('Origin',(6.,-3.61528600000001,0.564999999999991));
#9478=CARTESIAN_POINT('',(5.76,-3.53528600000001,0.564999999999991));
#9479=CARTESIAN_POINT('Origin',(6.,-3.53528600000001,0.564999999999991));
#9480=CARTESIAN_POINT('',(5.76,-3.61528600000001,0.564999999999991));
#9481=CARTESIAN_POINT('Origin',(6.,-2.80528600000001,0.564999999999991));
#9482=CARTESIAN_POINT('Origin',(6.,-2.80528600000001,0.564999999999991));
#9483=CARTESIAN_POINT('Origin',(2.8,-3.61528600000001,0.564999999999991));
#9484=CARTESIAN_POINT('',(2.56,-3.53528600000001,0.564999999999991));
#9485=CARTESIAN_POINT('Origin',(2.8,-3.53528600000001,0.564999999999991));
#9486=CARTESIAN_POINT('',(2.56,-3.61528600000001,0.564999999999991));
#9487=CARTESIAN_POINT('Origin',(1.2,-3.61528600000001,0.564999999999991));
#9488=CARTESIAN_POINT('',(0.959999999999996,-3.53528600000001,0.564999999999991));
#9489=CARTESIAN_POINT('Origin',(1.2,-3.53528600000001,0.564999999999991));
#9490=CARTESIAN_POINT('',(0.959999999999996,-3.61528600000001,0.564999999999991));
#9491=CARTESIAN_POINT('Origin',(1.2,-2.80528600000001,0.564999999999991));
#9492=CARTESIAN_POINT('Origin',(1.2,-2.80528600000001,0.564999999999991));
#9493=CARTESIAN_POINT('Origin',(7.59999999999999,-3.61528600000001,0.564999999999991));
#9494=CARTESIAN_POINT('',(7.35999999999999,-3.53528600000001,0.564999999999991));
#9495=CARTESIAN_POINT('Origin',(7.59999999999999,-3.53528600000001,0.564999999999991));
#9496=CARTESIAN_POINT('',(7.35999999999999,-3.61528600000001,0.564999999999991));
#9497=CARTESIAN_POINT('Origin',(7.59999999999999,-2.81528600000001,0.564999999999991));
#9498=CARTESIAN_POINT('Origin',(12.8,-2.81528600000001,0.564999999999991));
#9499=CARTESIAN_POINT('',(9.59999999999999,-2.81528600000001,0.954999999999991));
#9500=CARTESIAN_POINT('',(6.99999999999999,-2.81528600000001,0.954999999999991));
#9501=CARTESIAN_POINT('',(9.59999999999999,-2.81528600000001,0.16499999999999));
#9502=CARTESIAN_POINT('',(9.59999999999999,-2.81528600000001,0.564999999999991));
#9503=CARTESIAN_POINT('',(9.50999999999999,-2.81528600000001,0.16499999999999));
#9504=CARTESIAN_POINT('',(9.55499999999999,-2.81528600000001,0.16499999999999));
#9505=CARTESIAN_POINT('',(9.50999999999999,-2.81528600000001,0.564999999999991));
#9506=CARTESIAN_POINT('',(9.50999999999999,-2.81528600000001,0.364999999999991));
#9507=CARTESIAN_POINT('',(8.88999999999999,-2.81528600000001,0.564999999999991));
#9508=CARTESIAN_POINT('Origin',(9.19999999999999,-2.81528600000001,0.564999999999991));
#9509=CARTESIAN_POINT('',(8.88999999999999,-2.81528600000001,0.16499999999999));
#9510=CARTESIAN_POINT('',(8.88999999999999,-2.81528600000001,0.364999999999991));
#9511=CARTESIAN_POINT('',(7.60000000000006,-2.81528600000001,0.16499999999999));
#9512=CARTESIAN_POINT('',(7.59999999999999,-2.81528600000001,0.16499999999999));
#9513=CARTESIAN_POINT('',(7.60000000000006,-2.81528600000001,2.15249999999999));
#9514=CARTESIAN_POINT('Origin',(4.4,-3.61528600000001,0.564999999999991));
#9515=CARTESIAN_POINT('',(4.09,-3.61528600000001,0.564999999999991));
#9516=CARTESIAN_POINT('Origin',(4.4,-3.61528667399264,0.564999999999991));
#9517=CARTESIAN_POINT('',(4.09,-3.53528600000001,0.564999999999991));
#9518=CARTESIAN_POINT('',(4.09,-3.61528600000001,0.564999999999991));
#9519=CARTESIAN_POINT('Origin',(4.4,-3.53528600000001,0.564999999999991));
#9520=CARTESIAN_POINT('Origin',(4.4,-3.53528600000001,0.564999999999991));
#9521=CARTESIAN_POINT('Origin',(-0.400000000000002,-3.61528600000001,0.564999999999991));
#9522=CARTESIAN_POINT('',(-0.710000000000002,-3.61528600000001,0.564999999999991));
#9523=CARTESIAN_POINT('Origin',(-0.400000000000002,-3.61528667399264,0.564999999999991));
#9524=CARTESIAN_POINT('',(-0.710000000000002,-3.53528600000001,0.564999999999991));
#9525=CARTESIAN_POINT('',(-0.710000000000002,-3.61528600000001,0.564999999999991));
#9526=CARTESIAN_POINT('Origin',(-0.400000000000002,-3.53528600000001,0.564999999999991));
#9527=CARTESIAN_POINT('Origin',(-0.400000000000002,-3.53528600000001,0.564999999999991));
#9528=CARTESIAN_POINT('Origin',(6.,-3.61528600000001,0.564999999999991));
#9529=CARTESIAN_POINT('',(5.69,-3.61528600000001,0.564999999999991));
#9530=CARTESIAN_POINT('Origin',(6.,-3.61528667399264,0.564999999999991));
#9531=CARTESIAN_POINT('',(5.69,-3.53528600000001,0.564999999999991));
#9532=CARTESIAN_POINT('',(5.69,-3.61528600000001,0.564999999999991));
#9533=CARTESIAN_POINT('Origin',(6.,-3.53528600000001,0.564999999999991));
#9534=CARTESIAN_POINT('Origin',(6.,-3.53528600000001,0.564999999999991));
#9535=CARTESIAN_POINT('Origin',(2.8,-3.61528600000001,0.564999999999991));
#9536=CARTESIAN_POINT('',(2.49,-3.61528600000001,0.564999999999991));
#9537=CARTESIAN_POINT('Origin',(2.8,-3.61528667399264,0.564999999999991));
#9538=CARTESIAN_POINT('',(2.49,-3.53528600000001,0.564999999999991));
#9539=CARTESIAN_POINT('',(2.49,-3.61528600000001,0.564999999999991));
#9540=CARTESIAN_POINT('Origin',(2.8,-3.53528600000001,0.564999999999991));
#9541=CARTESIAN_POINT('Origin',(2.8,-3.53528600000001,0.564999999999991));
#9542=CARTESIAN_POINT('Origin',(1.2,-3.61528600000001,0.564999999999991));
#9543=CARTESIAN_POINT('',(0.889999999999996,-3.61528600000001,0.564999999999991));
#9544=CARTESIAN_POINT('Origin',(1.2,-3.61528667399264,0.564999999999991));
#9545=CARTESIAN_POINT('',(0.889999999999996,-3.53528600000001,0.564999999999991));
#9546=CARTESIAN_POINT('',(0.889999999999996,-3.61528600000001,0.564999999999991));
#9547=CARTESIAN_POINT('Origin',(1.2,-3.53528600000001,0.564999999999991));
#9548=CARTESIAN_POINT('Origin',(1.2,-3.53528600000001,0.564999999999991));
#9549=CARTESIAN_POINT('Origin',(7.59999999999999,-3.61528600000001,0.564999999999991));
#9550=CARTESIAN_POINT('',(7.28999999999999,-3.61528600000001,0.564999999999991));
#9551=CARTESIAN_POINT('Origin',(7.59999999999999,-3.61528667399264,0.564999999999991));
#9552=CARTESIAN_POINT('',(7.28999999999999,-3.53528600000001,0.564999999999991));
#9553=CARTESIAN_POINT('',(7.28999999999999,-3.61528600000001,0.564999999999991));
#9554=CARTESIAN_POINT('Origin',(7.59999999999999,-3.53528600000001,0.564999999999991));
#9555=CARTESIAN_POINT('Origin',(7.59999999999999,-3.53528600000001,0.564999999999991));
#9556=CARTESIAN_POINT('Origin',(10.4,-1.11528667399264,3.73999999999999));
#9557=CARTESIAN_POINT('',(9.72,-1.11528667399265,0.174999999999991));
#9558=CARTESIAN_POINT('',(0.,-1.11528667399264,0.174999999999991));
#9559=CARTESIAN_POINT('',(9.71999999999999,-1.11528667399264,0.16499999999999));
#9560=CARTESIAN_POINT('',(9.72,-1.11528667399265,2.15249999999999));
#9561=CARTESIAN_POINT('',(9.59999999999999,-1.11528667399264,0.16499999999999));
#9562=CARTESIAN_POINT('',(9.,-1.11528667399265,0.16499999999999));
#9563=CARTESIAN_POINT('',(9.59999999999999,-1.11528667399265,0.682499999999991));
#9564=CARTESIAN_POINT('Origin',(7.60000000000006,-1.11528667399264,3.73999999999999));
#9565=CARTESIAN_POINT('',(7.60000000000006,-3.61528667399264,0.174999999999991));
#9566=CARTESIAN_POINT('',(7.60000000000006,-1.11528667399265,0.174999999999991));
#9567=CARTESIAN_POINT('',(7.59999999999999,-2.93528600000001,0.16499999999999));
#9568=CARTESIAN_POINT('',(7.60000000000006,-1.76528633699633,0.16499999999999));
#9569=CARTESIAN_POINT('',(7.59999999999999,-3.49528600000001,0.16499999999999));
#9570=CARTESIAN_POINT('',(7.60000000000005,4.784714,0.16499999999999));
#9571=CARTESIAN_POINT('',(7.60000000000006,-3.60528600000001,0.16499999999999));
#9572=CARTESIAN_POINT('',(7.60000000000006,-1.76528633699633,0.16499999999999));
#9573=CARTESIAN_POINT('Origin',(7.60000000000006,-3.60528600000001,0.174999999999991));
#9574=CARTESIAN_POINT('Origin',(10.39,-0.415286000000006,0.174999999999991));
#9575=CARTESIAN_POINT('',(10.39,-1.11528667399264,0.16499999999999));
#9576=CARTESIAN_POINT('Origin',(10.39,-1.11528667399264,0.174999999999991));
#9577=CARTESIAN_POINT('',(10.39,-3.21528600000001,0.16499999999999));
#9578=CARTESIAN_POINT('Origin',(10.39,-3.21528600000001,0.174999999999991));
#9579=CARTESIAN_POINT('',(10.39,-0.415286000000006,0.16499999999999));
#9580=CARTESIAN_POINT('Origin',(10.39,-0.415286000000006,0.954999999999991));
#9581=CARTESIAN_POINT('',(10.39,-3.21528600000001,0.964999999999991));
#9582=CARTESIAN_POINT('',(10.39,1.18471399999999,0.964999999999991));
#9583=CARTESIAN_POINT('Origin',(10.39,-3.21528600000001,0.954999999999991));
#9584=CARTESIAN_POINT('Origin',(9.99999999999999,-1.23278600000001,0.654999999999991));
#9585=CARTESIAN_POINT('',(9.71999999999999,-1.20502950539811,0.654999999999991));
#9586=CARTESIAN_POINT('',(10.28,-1.20502950539811,0.654999999999991));
#9587=CARTESIAN_POINT('',(9.99999999999999,-1.20502950539811,0.654999999999991));
#9588=CARTESIAN_POINT('',(9.71999999999999,-1.27528600000001,0.654999999999991));
#9589=CARTESIAN_POINT('',(9.71999999999999,-0.815286000000006,0.654999999999991));
#9590=CARTESIAN_POINT('',(9.75999999999999,-1.29528600000001,0.654999999999991));
#9591=CARTESIAN_POINT('Origin',(9.74499999999999,-1.27528600000001,0.654999999999991));
#9592=CARTESIAN_POINT('',(10.24,-1.29528600000001,0.654999999999991));
#9593=CARTESIAN_POINT('Origin',(9.99999999999999,-1.61528600000001,0.654999999999991));
#9594=CARTESIAN_POINT('',(10.28,-1.27528600000001,0.654999999999991));
#9595=CARTESIAN_POINT('Origin',(10.255,-1.27528600000001,0.654999999999991));
#9596=CARTESIAN_POINT('',(10.28,-1.27528600000001,0.654999999999991));
#9597=CARTESIAN_POINT('Origin',(9.99999999999999,-1.23278600000001,0.474999999999991));
#9598=CARTESIAN_POINT('',(10.28,-1.20502950539811,0.474999999999991));
#9599=CARTESIAN_POINT('',(9.71999999999999,-1.20502950539811,0.474999999999991));
#9600=CARTESIAN_POINT('',(9.99999999999999,-1.20502950539811,0.474999999999991));
#9601=CARTESIAN_POINT('',(10.28,-1.27528600000001,0.474999999999991));
#9602=CARTESIAN_POINT('',(10.28,-1.27528600000001,0.474999999999991));
#9603=CARTESIAN_POINT('',(10.24,-1.29528600000001,0.474999999999991));
#9604=CARTESIAN_POINT('Origin',(10.255,-1.27528600000001,0.474999999999991));
#9605=CARTESIAN_POINT('',(9.75999999999999,-1.29528600000001,0.474999999999991));
#9606=CARTESIAN_POINT('Origin',(9.99999999999999,-1.61528600000001,0.474999999999991));
#9607=CARTESIAN_POINT('',(9.71999999999999,-1.27528600000001,0.474999999999991));
#9608=CARTESIAN_POINT('Origin',(9.74499999999999,-1.27528600000001,0.474999999999991));
#9609=CARTESIAN_POINT('',(9.71999999999999,-0.815286000000006,0.474999999999991));
#9610=CARTESIAN_POINT('Origin',(9.99999999999999,-0.815286000000006,0.564999999999991));
#9611=CARTESIAN_POINT('',(10.28,-1.11528667399264,0.300425633131311));
#9612=CARTESIAN_POINT('',(9.71999999999999,-1.11528667399264,0.300425633131311));
#9613=CARTESIAN_POINT('',(9.99999999999999,-1.11528667399264,0.300425633131311));
#9614=CARTESIAN_POINT('Origin',(10.28,-0.815286000000006,0.564999999999991));
#9615=CARTESIAN_POINT('Origin',(9.71999999999999,-0.815286000000006,0.564999999999991));
#9616=CARTESIAN_POINT('Origin',(9.72,2.90471399999999,0.564999999999991));
#9617=CARTESIAN_POINT('',(9.72,-1.11528667399265,0.682499999999988));
#9618=CARTESIAN_POINT('',(9.71999999999999,-1.27528600000001,0.16499999999999));
#9619=CARTESIAN_POINT('',(9.71999999999999,-1.27528600000001,0.564999999999991));
#9620=CARTESIAN_POINT('',(9.71999999999999,-1.07245743142901,0.16499999999999));
#9621=CARTESIAN_POINT('Origin',(9.74499999999999,-1.27528600000001,0.564999999999991));
#9622=CARTESIAN_POINT('',(9.75999999999999,-1.29528600000001,0.16499999999999));
#9623=CARTESIAN_POINT('',(9.75999999999999,-1.295286,0.564999999999991));
#9624=CARTESIAN_POINT('Origin',(9.74499999999999,-1.27528600000001,0.16499999999999));
#9625=CARTESIAN_POINT('Origin',(9.99999999999999,-1.61528600000001,0.564999999999991));
#9626=CARTESIAN_POINT('',(10.24,-1.29528600000001,0.16499999999999));
#9627=CARTESIAN_POINT('',(10.24,-1.29528600000001,0.564999999999991));
#9628=CARTESIAN_POINT('Origin',(9.99999999999999,-1.61528600000001,0.16499999999999));
#9629=CARTESIAN_POINT('Origin',(10.255,-1.27528600000001,0.564999999999991));
#9630=CARTESIAN_POINT('',(10.28,-1.27528600000001,0.16499999999999));
#9631=CARTESIAN_POINT('',(10.28,-1.27528600000001,0.564999999999991));
#9632=CARTESIAN_POINT('Origin',(10.255,-1.27528600000001,0.16499999999999));
#9633=CARTESIAN_POINT('Origin',(10.28,-0.815286000000006,0.564999999999991));
#9634=CARTESIAN_POINT('',(10.28,-1.11528667399264,0.174999999999991));
#9635=CARTESIAN_POINT('',(10.28,-1.11528667399265,0.682499999999991));
#9636=CARTESIAN_POINT('',(10.28,-1.11528667399264,0.16499999999999));
#9637=CARTESIAN_POINT('',(10.28,-1.11528667399264,2.15249999999999));
#9638=CARTESIAN_POINT('',(10.28,-1.07245743142901,0.16499999999999));
#9639=CARTESIAN_POINT('Origin',(9.74499999999999,-1.27528600000001,0.564999999999991));
#9640=CARTESIAN_POINT('',(9.71999999999999,-1.27528600000001,0.964999999999991));
#9641=CARTESIAN_POINT('',(9.71999999999999,-1.27528600000001,0.564999999999991));
#9642=CARTESIAN_POINT('',(9.75999999999999,-1.29528600000001,0.964999999999991));
#9643=CARTESIAN_POINT('Origin',(9.74499999999999,-1.27528600000001,0.964999999999991));
#9644=CARTESIAN_POINT('',(9.75999999999999,-1.295286,0.564999999999991));
#9645=CARTESIAN_POINT('Origin',(10.255,-1.27528600000001,0.564999999999991));
#9646=CARTESIAN_POINT('',(10.24,-1.29528600000001,0.964999999999991));
#9647=CARTESIAN_POINT('',(10.24,-1.29528600000001,0.564999999999991));
#9648=CARTESIAN_POINT('',(10.28,-1.27528600000001,0.964999999999991));
#9649=CARTESIAN_POINT('Origin',(10.255,-1.27528600000001,0.964999999999991));
#9650=CARTESIAN_POINT('',(10.28,-1.27528600000001,0.564999999999991));
#9651=CARTESIAN_POINT('Origin',(9.99999999999999,-1.61528600000001,0.564999999999991));
#9652=CARTESIAN_POINT('Origin',(9.99999999999999,-1.61528600000001,0.964999999999991));
#9653=CARTESIAN_POINT('Origin',(9.99999999999999,-1.61528600000001,0.924999999999991));
#9654=CARTESIAN_POINT('',(9.68999999999999,-1.61528600000001,0.964999999999991));
#9655=CARTESIAN_POINT('Origin',(9.99999999999999,-1.61528600000001,0.964999999999991));
#9656=CARTESIAN_POINT('',(9.68999999999999,-1.61528600000001,0.884999999999991));
#9657=CARTESIAN_POINT('',(9.68999999999999,-1.61528600000001,0.924999999999991));
#9658=CARTESIAN_POINT('Origin',(9.99999999999999,-1.61528600000001,0.884999999999991));
#9659=CARTESIAN_POINT('Origin',(4.39999999999999,-0.815286000000008,0.884999999999991));
#9660=CARTESIAN_POINT('',(9.75999999999999,-1.61528600000001,0.884999999999991));
#9661=CARTESIAN_POINT('Origin',(9.99999999999999,-1.61528600000001,0.884999999999991));
#9662=CARTESIAN_POINT('Origin',(9.99999999999999,-1.61528600000001,0.564999999999991));
#9663=CARTESIAN_POINT('',(9.75999999999999,-1.61528600000001,0.244999999999991));
#9664=CARTESIAN_POINT('',(9.75999999999999,-1.61528600000001,0.564999999999991));
#9665=CARTESIAN_POINT('Origin',(9.99999999999999,-1.61528600000001,0.244999999999991));
#9666=CARTESIAN_POINT('Origin',(4.39999999999999,-0.815286000000008,0.244999999999991));
#9667=CARTESIAN_POINT('',(9.68999999999999,-1.61528600000001,0.244999999999991));
#9668=CARTESIAN_POINT('Origin',(9.99999999999999,-1.61528600000001,0.244999999999991));
#9669=CARTESIAN_POINT('Origin',(9.99999999999999,-1.61528600000001,0.924999999999991));
#9670=CARTESIAN_POINT('',(9.68999999999999,-1.61528600000001,0.16499999999999));
#9671=CARTESIAN_POINT('',(9.68999999999999,-1.61528600000001,0.924999999999991));
#9672=CARTESIAN_POINT('Origin',(9.99999999999999,-1.61528600000001,0.16499999999999));
#9673=CARTESIAN_POINT('Origin',(7.59999999999999,-3.60528600000001,0.954999999999991));
#9674=CARTESIAN_POINT('',(9.99999999999999,-3.61528600000001,0.954999999999991));
#9675=CARTESIAN_POINT('',(4.39999999999999,-3.61528600000001,0.954999999999991));
#9676=CARTESIAN_POINT('',(9.99999999999999,-3.60528600000001,0.964999999999991));
#9677=CARTESIAN_POINT('Origin',(9.99999999999999,-3.60528600000001,0.954999999999991));
#9678=CARTESIAN_POINT('',(5.99999999999999,-3.60528600000001,0.964999999999991));
#9679=CARTESIAN_POINT('Origin',(7.59999999999999,-3.60528600000001,0.174999999999991));
#9680=CARTESIAN_POINT('',(9.99999999999999,-3.60528600000001,0.16499999999999));
#9681=CARTESIAN_POINT('',(4.39999999999999,-3.60528600000001,0.16499999999999));
#9682=CARTESIAN_POINT('',(9.99999999999999,-3.61528600000001,0.174999999999991));
#9683=CARTESIAN_POINT('Origin',(9.99999999999999,-3.60528600000001,0.174999999999991));
#9684=CARTESIAN_POINT('',(4.39999999999999,-3.61528600000001,0.174999999999991));
#9685=CARTESIAN_POINT('Origin',(8.4,-3.21528600000001,0.564999999999991));
#9686=CARTESIAN_POINT('',(8.16,-3.21528600000001,0.884999999999991));
#9687=CARTESIAN_POINT('Origin',(8.4,-3.21528600000001,0.884999999999991));
#9688=CARTESIAN_POINT('',(8.16,-3.21528600000001,0.244999999999991));
#9689=CARTESIAN_POINT('',(8.15999999999999,-3.21528600000001,0.564999999999991));
#9690=CARTESIAN_POINT('Origin',(8.4,-3.21528600000001,0.244999999999991));
#9691=CARTESIAN_POINT('Origin',(9.99999999999999,-3.21528600000001,0.564999999999991));
#9692=CARTESIAN_POINT('',(9.75999999999999,-3.21528600000001,0.884999999999991));
#9693=CARTESIAN_POINT('Origin',(9.99999999999999,-3.21528600000001,0.884999999999991));
#9694=CARTESIAN_POINT('',(9.75999999999999,-3.21528600000001,0.244999999999991));
#9695=CARTESIAN_POINT('',(9.75999999999999,-3.21528600000001,0.564999999999991));
#9696=CARTESIAN_POINT('Origin',(9.99999999999999,-3.21528600000001,0.244999999999991));
#9697=CARTESIAN_POINT('Origin',(10.32,0.784713999999993,0.564999999999991));
#9698=CARTESIAN_POINT('',(10.32,-2.10528600000001,0.564999999999991));
#9699=CARTESIAN_POINT('Origin',(10.32,-2.41528600000001,0.564999999999991));
#9700=CARTESIAN_POINT('',(10.32,-2.17528600000001,0.564999999999991));
#9701=CARTESIAN_POINT('Origin',(10.32,-2.41528600000001,0.564999999999991));
#9702=CARTESIAN_POINT('Origin',(4.39999999999999,-3.53528600000001,0.564999999999991));
#9703=CARTESIAN_POINT('',(9.50999999999999,-3.53528600000001,0.564999999999991));
#9704=CARTESIAN_POINT('Origin',(9.2,-3.53528600000001,0.564999999999991));
#9705=CARTESIAN_POINT('',(9.43999999999999,-3.53528600000001,0.564999999999991));
#9706=CARTESIAN_POINT('Origin',(9.2,-3.53528600000001,0.564999999999991));
#9707=CARTESIAN_POINT('Origin',(4.39999999999999,0.784713999999992,0.244999999999991));
#9708=CARTESIAN_POINT('',(8.09,-3.21528600000001,0.244999999999991));
#9709=CARTESIAN_POINT('Origin',(8.4,-3.21528600000001,0.244999999999991));
#9710=CARTESIAN_POINT('Origin',(4.39999999999999,0.784713999999992,0.244999999999991));
#9711=CARTESIAN_POINT('',(9.68999999999999,-3.21528600000001,0.244999999999991));
#9712=CARTESIAN_POINT('Origin',(9.99999999999999,-3.21528600000001,0.244999999999991));
#9713=CARTESIAN_POINT('Origin',(9.2,4.784714,0.564999999999991));
#9714=CARTESIAN_POINT('',(9.43999999999999,-2.89528600000001,0.564999999999991));
#9715=CARTESIAN_POINT('',(9.44,4.784714,0.564999999999991));
#9716=CARTESIAN_POINT('Origin',(9.2,-2.89528600000001,0.564999999999991));
#9717=CARTESIAN_POINT('Origin',(9.99999999999999,-2.41528600000001,0.564999999999991));
#9718=CARTESIAN_POINT('',(9.67999999999999,-2.17528600000001,0.564999999999991));
#9719=CARTESIAN_POINT('',(9.99999999999999,-2.17528600000001,0.564999999999991));
#9720=CARTESIAN_POINT('Origin',(9.67999999999999,-2.41528600000001,0.564999999999991));
#9721=CARTESIAN_POINT('Origin',(4.39999999999999,0.784713999999992,0.884999999999991));
#9722=CARTESIAN_POINT('',(8.09,-3.21528600000001,0.884999999999991));
#9723=CARTESIAN_POINT('Origin',(8.4,-3.21528600000001,0.884999999999991));
#9724=CARTESIAN_POINT('Origin',(4.39999999999999,0.784713999999992,0.884999999999991));
#9725=CARTESIAN_POINT('',(9.68999999999999,-3.21528600000001,0.884999999999991));
#9726=CARTESIAN_POINT('Origin',(9.99999999999999,-3.21528600000001,0.884999999999991));
#9727=CARTESIAN_POINT('Origin',(10.36,-2.41528600000001,0.564999999999991));
#9728=CARTESIAN_POINT('',(10.36,-2.10528600000001,0.564999999999991));
#9729=CARTESIAN_POINT('Origin',(9.2,5.144714,0.564999999999991));
#9730=CARTESIAN_POINT('',(9.50999999999999,-3.61528600000001,0.564999999999991));
#9731=CARTESIAN_POINT('Origin',(9.2,-3.61528600000001,0.564999999999991));
#9732=CARTESIAN_POINT('',(9.51,5.144714,0.564999999999991));
#9733=CARTESIAN_POINT('Origin',(9.2,5.144714,0.564999999999991));
#9734=CARTESIAN_POINT('',(8.89,-2.89528600000001,0.564999999999991));
#9735=CARTESIAN_POINT('',(8.89,-2.85528600000001,0.564999999999991));
#9736=CARTESIAN_POINT('',(9.50999999999999,-2.89528600000001,0.564999999999914));
#9737=CARTESIAN_POINT('',(9.50999999999999,-2.85528600000001,0.564999999999991));
#9738=CARTESIAN_POINT('Origin',(9.2,-2.89528600000001,0.564999999999991));
#9739=CARTESIAN_POINT('Origin',(10.36,-2.41528600000001,0.564999999999991));
#9740=CARTESIAN_POINT('',(9.59999999999999,-2.72528600000001,0.564999999999991));
#9741=CARTESIAN_POINT('',(9.67999999999999,-2.72528600000001,0.564999999999991));
#9742=CARTESIAN_POINT('',(9.63999999999999,-2.72528600000001,0.564999999999991));
#9743=CARTESIAN_POINT('',(9.59999999999999,-2.10528600000001,0.564999999999991));
#9744=CARTESIAN_POINT('Origin',(9.59999999999999,-2.41528600000001,0.564999999999991));
#9745=CARTESIAN_POINT('',(9.67999999999999,-2.10528600000001,0.564999999999967));
#9746=CARTESIAN_POINT('',(9.63999999999999,-2.10528600000001,0.564999999999991));
#9747=CARTESIAN_POINT('Origin',(9.67999999999999,-2.41528600000001,0.564999999999991));
#9748=CARTESIAN_POINT('Origin',(8.4,-3.21528600000001,0.924999999999991));
#9749=CARTESIAN_POINT('',(8.09,-3.21528600000001,0.16499999999999));
#9750=CARTESIAN_POINT('',(8.08999999999999,-3.21528600000001,0.924999999999991));
#9751=CARTESIAN_POINT('Origin',(8.4,-3.21528600000001,0.16499999999999));
#9752=CARTESIAN_POINT('Origin',(9.99999999999999,-3.21528600000001,0.924999999999991));
#9753=CARTESIAN_POINT('',(9.68999999999999,-3.21528600000001,0.16499999999999));
#9754=CARTESIAN_POINT('',(9.68999999999999,-3.21528600000001,0.924999999999991));
#9755=CARTESIAN_POINT('Origin',(9.99999999999999,-3.21528600000001,0.16499999999999));
#9756=CARTESIAN_POINT('Origin',(8.88999999999999,4.38471399999999,0.564999999999991));
#9757=CARTESIAN_POINT('',(8.89,-2.89528600000001,0.16499999999999));
#9758=CARTESIAN_POINT('',(8.89,-2.85528600000001,0.16499999999999));
#9759=CARTESIAN_POINT('',(8.89,-2.89528600000001,0.364999999999991));
#9760=CARTESIAN_POINT('Origin',(4.39999999999999,-2.89528600000001,0.564999999999991));
#9761=CARTESIAN_POINT('',(9.50999999999999,-2.89528600000001,0.16499999999999));
#9762=CARTESIAN_POINT('',(9.50999999999999,-2.89528600000001,0.364999999999991));
#9763=CARTESIAN_POINT('',(9.2,-2.89528600000001,0.16499999999999));
#9764=CARTESIAN_POINT('Origin',(9.50999999999999,4.384714,-0.284643118084009));
#9765=CARTESIAN_POINT('',(9.50999999999999,-2.85528600000001,0.16499999999999));
#9766=CARTESIAN_POINT('Origin',(9.59999999999999,-2.72528600000001,0.564999999999991));
#9767=CARTESIAN_POINT('',(9.67999999999999,-2.72528600000001,0.16499999999999));
#9768=CARTESIAN_POINT('',(9.59999999999999,-2.72528600000001,0.16499999999999));
#9769=CARTESIAN_POINT('',(9.63999999999999,-2.72528600000001,0.16499999999999));
#9770=CARTESIAN_POINT('',(9.59999999999999,-2.72528600000001,0.364999999999991));
#9771=CARTESIAN_POINT('',(9.67999999999999,-2.72528600000001,0.364999999999991));
#9772=CARTESIAN_POINT('Origin',(9.67999999999999,0.784713999999993,0.564999999999991));
#9773=CARTESIAN_POINT('',(9.67999999999999,-2.10528600000001,0.16499999999999));
#9774=CARTESIAN_POINT('',(9.67999999999999,-2.10528600000001,0.364999999999991));
#9775=CARTESIAN_POINT('',(9.67999999999999,-2.41528600000001,0.16499999999999));
#9776=CARTESIAN_POINT('Origin',(9.59999999999999,-2.10528600000001,-0.185195789337009));
#9777=CARTESIAN_POINT('',(9.59999999999999,-2.10528600000001,0.16499999999999));
#9778=CARTESIAN_POINT('',(9.63999999999999,-2.10528600000001,0.16499999999999));
#9779=CARTESIAN_POINT('',(9.59999999999999,-2.10528600000001,0.364999999999991));
#9780=CARTESIAN_POINT('Origin',(9.99999999999999,-3.49528600000001,0.564999999999991));
#9781=CARTESIAN_POINT('',(8.73999999999999,-3.49528600000001,0.474999999999991));
#9782=CARTESIAN_POINT('',(8.81025649460189,-3.49528600000001,0.474999999999991));
#9783=CARTESIAN_POINT('',(9.39125,-3.49528600000001,0.474999999999991));
#9784=CARTESIAN_POINT('',(9.2,-3.49528600000001,0.16499999999999));
#9785=CARTESIAN_POINT('Origin',(9.2,-3.49528600000001,0.564999999999991));
#9786=CARTESIAN_POINT('',(8.73999999999999,-3.49528600000001,0.16499999999999));
#9787=CARTESIAN_POINT('',(8.94282856857,-3.49528600000001,0.16499999999999));
#9788=CARTESIAN_POINT('',(8.73999999999999,-3.49528600000001,0.564999999999991));
#9789=CARTESIAN_POINT('Origin',(8.4,-3.21528600000001,0.924999999999991));
#9790=CARTESIAN_POINT('',(8.09,-3.21528600000001,0.964999999999991));
#9791=CARTESIAN_POINT('Origin',(8.4,-3.21528600000001,0.964999999999991));
#9792=CARTESIAN_POINT('',(8.08999999999999,-3.21528600000001,0.924999999999991));
#9793=CARTESIAN_POINT('Origin',(9.99999999999999,-3.21528600000001,0.924999999999991));
#9794=CARTESIAN_POINT('',(9.68999999999999,-3.21528600000001,0.964999999999991));
#9795=CARTESIAN_POINT('Origin',(9.99999999999999,-3.21528600000001,0.964999999999991));
#9796=CARTESIAN_POINT('',(9.68999999999999,-3.21528600000001,0.924999999999991));
#9797=CARTESIAN_POINT('Origin',(9.99999999999999,-1.61528600000001,0.564999999999991));
#9798=CARTESIAN_POINT('',(10.24,-1.93528600000001,0.474999999999991));
#9799=CARTESIAN_POINT('',(9.75999999999999,-1.93528600000001,0.474999999999991));
#9800=CARTESIAN_POINT('Origin',(9.99999999999999,-1.61528600000001,0.474999999999991));
#9801=CARTESIAN_POINT('',(9.75999999999999,-1.93528600000001,0.16499999999999));
#9802=CARTESIAN_POINT('',(9.75999999999999,-1.93528600000001,0.564999999999991));
#9803=CARTESIAN_POINT('',(10.24,-1.93528600000001,0.16499999999999));
#9804=CARTESIAN_POINT('Origin',(9.99999999999999,-1.61528600000001,0.16499999999999));
#9805=CARTESIAN_POINT('',(10.24,-1.93528600000001,0.564999999999991));
#9806=CARTESIAN_POINT('Origin',(9.74499999999999,-1.95528600000001,0.564999999999991));
#9807=CARTESIAN_POINT('',(9.71999999999999,-1.95528600000001,0.474999999999991));
#9808=CARTESIAN_POINT('Origin',(9.74499999999999,-1.95528600000001,0.474999999999991));
#9809=CARTESIAN_POINT('',(9.71999999999999,-1.95528600000001,0.16499999999999));
#9810=CARTESIAN_POINT('',(9.71999999999999,-1.95528600000001,0.564999999999991));
#9811=CARTESIAN_POINT('Origin',(9.74499999999999,-1.95528600000001,0.16499999999999));
#9812=CARTESIAN_POINT('Origin',(10.28,0.784713999999993,0.564999999999991));
#9813=CARTESIAN_POINT('',(10.28,-1.95528600000001,0.654999999999991));
#9814=CARTESIAN_POINT('',(10.28,-2.02554249460191,0.654999999999991));
#9815=CARTESIAN_POINT('',(10.28,-0.606536000000006,0.654999999999991));
#9816=CARTESIAN_POINT('',(10.28,-2.41528600000001,0.964999999999991));
#9817=CARTESIAN_POINT('Origin',(10.28,-2.41528600000001,0.564999999999991));
#9818=CARTESIAN_POINT('',(10.28,-1.95528600000001,0.964999999999991));
#9819=CARTESIAN_POINT('',(10.28,-2.15811456857001,0.964999999999991));
#9820=CARTESIAN_POINT('',(10.28,-1.95528600000001,0.564999999999991));
#9821=CARTESIAN_POINT('Origin',(10.255,-1.95528600000001,0.564999999999991));
#9822=CARTESIAN_POINT('',(10.28,-1.95528600000001,0.474999999999991));
#9823=CARTESIAN_POINT('Origin',(10.255,-1.95528600000001,0.474999999999991));
#9824=CARTESIAN_POINT('',(10.28,-1.95528600000001,0.16499999999999));
#9825=CARTESIAN_POINT('Origin',(10.255,-1.95528600000001,0.16499999999999));
#9826=CARTESIAN_POINT('',(10.28,-1.95528600000001,0.564999999999991));
#9827=CARTESIAN_POINT('Origin',(8.73999999999999,-2.96028600000001,0.564999999999991));
#9828=CARTESIAN_POINT('',(8.72,-2.97528600000001,0.654999999999991));
#9829=CARTESIAN_POINT('',(8.73999999999999,-2.93528600000001,0.654999999999991));
#9830=CARTESIAN_POINT('Origin',(8.73999999999999,-2.96028600000001,0.654999999999991));
#9831=CARTESIAN_POINT('',(8.73999999999999,-2.93528600000001,0.964999999999991));
#9832=CARTESIAN_POINT('',(8.73999999999999,-2.93528600000001,0.564999999999991));
#9833=CARTESIAN_POINT('',(8.72,-2.97528600000001,0.964999999999991));
#9834=CARTESIAN_POINT('Origin',(8.73999999999999,-2.96028600000001,0.964999999999991));
#9835=CARTESIAN_POINT('',(8.72,-2.97528600000001,0.564999999999991));
#9836=CARTESIAN_POINT('Origin',(8.4,-3.21528600000001,0.564999999999991));
#9837=CARTESIAN_POINT('',(8.72,-3.45528600000001,0.654999999999991));
#9838=CARTESIAN_POINT('Origin',(8.4,-3.21528600000001,0.654999999999991));
#9839=CARTESIAN_POINT('',(8.72,-3.45528600000001,0.964999999999991));
#9840=CARTESIAN_POINT('Origin',(8.4,-3.21528600000001,0.964999999999991));
#9841=CARTESIAN_POINT('',(8.72,-3.45528600000001,0.564999999999991));
#9842=CARTESIAN_POINT('Origin',(8.73999999999999,-3.47028600000001,0.564999999999991));
#9843=CARTESIAN_POINT('',(8.72,-3.45528600000001,0.474999999999991));
#9844=CARTESIAN_POINT('Origin',(8.73999999999999,-3.47028600000001,0.474999999999991));
#9845=CARTESIAN_POINT('',(8.72,-3.45528600000001,0.16499999999999));
#9846=CARTESIAN_POINT('Origin',(8.73999999999999,-3.47028600000001,0.16499999999999));
#9847=CARTESIAN_POINT('',(8.72,-3.45528600000001,0.564999999999991));
#9848=CARTESIAN_POINT('Origin',(9.67575995989113,-2.98104595989115,0.16499999999999));
#9849=CARTESIAN_POINT('',(9.63732233047034,-2.94260833047035,0.654999999999991));
#9850=CARTESIAN_POINT('',(9.66108843210528,-2.96637443210529,0.654999999999991));
#9851=CARTESIAN_POINT('',(9.71975497994557,-3.02504097994558,0.654999999999991));
#9852=CARTESIAN_POINT('',(9.66108843210528,-2.96637443210529,0.964999999999991));
#9853=CARTESIAN_POINT('',(9.66108843210528,-2.96637443210529,0.564999999999991));
#9854=CARTESIAN_POINT('',(9.63732233047034,-2.94260833047035,0.964999999999991));
#9855=CARTESIAN_POINT('',(9.50999999999999,-2.81528600000001,0.964999999999991));
#9856=CARTESIAN_POINT('',(9.63732233047034,-2.94260833047035,0.364999999999991));
#9857=CARTESIAN_POINT('Origin',(4.39999999999999,-2.93528600000001,0.564999999999991));
#9858=CARTESIAN_POINT('',(8.06,-2.93528600000001,0.654999999999991));
#9859=CARTESIAN_POINT('',(7.98974350539809,-2.93528600000001,0.654999999999991));
#9860=CARTESIAN_POINT('',(8.06,-2.93528600000001,0.654999999999991));
#9861=CARTESIAN_POINT('',(8.06,-2.93528600000001,0.964999999999991));
#9862=CARTESIAN_POINT('',(8.06,-2.93528600000001,0.564999999999991));
#9863=CARTESIAN_POINT('',(7.85717143142999,-2.93528600000001,0.964999999999991));
#9864=CARTESIAN_POINT('Origin',(7.59999999999999,-2.93528600000001,0.564999999999991));
#9865=CARTESIAN_POINT('Origin',(4.39999999999999,-2.93528600000001,0.564999999999991));
#9866=CARTESIAN_POINT('',(8.06,-2.93528600000001,0.474999999999991));
#9867=CARTESIAN_POINT('',(7.98974350539809,-2.93528600000001,0.474999999999991));
#9868=CARTESIAN_POINT('',(8.06,-2.93528600000001,0.474999999999991));
#9869=CARTESIAN_POINT('Origin',(7.59999999999999,-2.93528600000001,0.564999999999991));
#9870=CARTESIAN_POINT('',(8.06,-2.93528600000001,0.16499999999999));
#9871=CARTESIAN_POINT('',(7.85717143142999,-2.93528600000001,0.16499999999999));
#9872=CARTESIAN_POINT('',(8.06,-2.93528600000001,0.564999999999991));
#9873=CARTESIAN_POINT('Origin',(8.06,-2.96028600000001,0.564999999999991));
#9874=CARTESIAN_POINT('',(8.07999999999999,-2.97528600000001,0.474999999999991));
#9875=CARTESIAN_POINT('Origin',(8.06,-2.96028600000001,0.474999999999991));
#9876=CARTESIAN_POINT('',(8.07999999999999,-2.97528600000001,0.16499999999999));
#9877=CARTESIAN_POINT('Origin',(8.06,-2.96028600000001,0.16499999999999));
#9878=CARTESIAN_POINT('',(8.07999999999999,-2.97528600000001,0.564999999999991));
#9879=CARTESIAN_POINT('Origin',(8.06,-2.96028600000001,0.564999999999991));
#9880=CARTESIAN_POINT('',(8.07999999999999,-2.97528600000001,0.654999999999991));
#9881=CARTESIAN_POINT('Origin',(8.06,-2.96028600000001,0.654999999999991));
#9882=CARTESIAN_POINT('',(8.07999999999999,-2.97528600000001,0.964999999999991));
#9883=CARTESIAN_POINT('',(8.07999999999999,-2.97528600000001,0.564999999999991));
#9884=CARTESIAN_POINT('Origin',(8.06,-2.96028600000001,0.964999999999991));
#9885=CARTESIAN_POINT('Origin',(8.4,-3.21528600000001,0.564999999999991));
#9886=CARTESIAN_POINT('',(8.07999999999999,-3.45528600000001,0.474999999999991));
#9887=CARTESIAN_POINT('Origin',(8.4,-3.21528600000001,0.474999999999991));
#9888=CARTESIAN_POINT('',(8.07999999999999,-3.45528600000001,0.16499999999999));
#9889=CARTESIAN_POINT('Origin',(8.4,-3.21528600000001,0.16499999999999));
#9890=CARTESIAN_POINT('',(8.07999999999999,-3.45528600000001,0.564999999999991));
#9891=CARTESIAN_POINT('Origin',(8.4,-3.21528600000001,0.564999999999991));
#9892=CARTESIAN_POINT('',(8.07999999999999,-3.45528600000001,0.654999999999991));
#9893=CARTESIAN_POINT('Origin',(8.4,-3.21528600000001,0.654999999999991));
#9894=CARTESIAN_POINT('',(8.07999999999999,-3.45528600000001,0.964999999999991));
#9895=CARTESIAN_POINT('',(8.07999999999999,-3.45528600000001,0.564999999999991));
#9896=CARTESIAN_POINT('Origin',(8.4,-3.21528600000001,0.964999999999991));
#9897=CARTESIAN_POINT('Origin',(8.06,-3.47028600000001,0.564999999999991));
#9898=CARTESIAN_POINT('',(8.06,-3.49528600000001,0.474999999999991));
#9899=CARTESIAN_POINT('Origin',(8.06,-3.47028600000001,0.474999999999991));
#9900=CARTESIAN_POINT('',(8.06,-3.49528600000001,0.16499999999999));
#9901=CARTESIAN_POINT('Origin',(8.06,-3.47028600000001,0.16499999999999));
#9902=CARTESIAN_POINT('',(8.06,-3.49528600000001,0.564999999999991));
#9903=CARTESIAN_POINT('Origin',(8.06,-3.47028600000001,0.564999999999991));
#9904=CARTESIAN_POINT('',(8.06,-3.49528600000001,0.654999999999991));
#9905=CARTESIAN_POINT('Origin',(8.06,-3.47028600000001,0.654999999999991));
#9906=CARTESIAN_POINT('',(8.06,-3.49528600000001,0.964999999999991));
#9907=CARTESIAN_POINT('',(8.06,-3.49528600000001,0.564999999999991));
#9908=CARTESIAN_POINT('Origin',(8.06,-3.47028600000001,0.964999999999991));
#9909=CARTESIAN_POINT('Origin',(9.99999999999999,-3.49528600000001,0.564999999999991));
#9910=CARTESIAN_POINT('',(7.98974350539809,-3.49528600000001,0.474999999999991));
#9911=CARTESIAN_POINT('',(7.59999999999999,-3.49528600000001,0.474999999999991));
#9912=CARTESIAN_POINT('',(7.85717143142999,-3.49528600000001,0.16499999999999));
#9913=CARTESIAN_POINT('Origin',(7.59999999999999,-3.49528600000001,0.564999999999991));
#9914=CARTESIAN_POINT('Origin',(9.99999999999999,-3.49528600000001,0.564999999999991));
#9915=CARTESIAN_POINT('',(7.98974350539809,-3.49528600000001,0.654999999999991));
#9916=CARTESIAN_POINT('',(7.59999999999999,-3.49528600000001,0.654999999999991));
#9917=CARTESIAN_POINT('Origin',(7.59999999999999,-3.49528600000001,0.564999999999991));
#9918=CARTESIAN_POINT('',(7.85717143142999,-3.49528600000001,0.964999999999991));
#9919=CARTESIAN_POINT('Origin',(7.59999999999999,4.784714,0.564999999999991));
#9920=CARTESIAN_POINT('',(7.9897435053981,4.784714,0.654999999999991));
#9921=CARTESIAN_POINT('Origin',(7.59999999999999,4.784714,0.564999999999991));
#9922=CARTESIAN_POINT('',(7.9897435053981,4.784714,0.474999999999991));
#9923=CARTESIAN_POINT('Origin',(8.01749999999999,-3.21528600000001,0.654999999999991));
#9924=CARTESIAN_POINT('Origin',(8.01749999999999,-3.21528600000001,0.474999999999991));
#9925=CARTESIAN_POINT('Origin',(8.73999999999999,-3.47028600000001,0.564999999999991));
#9926=CARTESIAN_POINT('',(8.73999999999999,-3.49528600000001,0.654999999999991));
#9927=CARTESIAN_POINT('Origin',(8.73999999999999,-3.47028600000001,0.654999999999991));
#9928=CARTESIAN_POINT('',(8.73999999999999,-3.49528600000001,0.964999999999991));
#9929=CARTESIAN_POINT('Origin',(8.73999999999999,-3.47028600000001,0.964999999999991));
#9930=CARTESIAN_POINT('',(8.73999999999999,-3.49528600000001,0.564999999999991));
#9931=CARTESIAN_POINT('Origin',(8.4,-3.21528600000001,0.564999999999991));
#9932=CARTESIAN_POINT('',(8.72,-2.97528600000001,0.474999999999991));
#9933=CARTESIAN_POINT('Origin',(8.4,-3.21528600000001,0.474999999999991));
#9934=CARTESIAN_POINT('',(8.72,-2.97528600000001,0.16499999999999));
#9935=CARTESIAN_POINT('Origin',(8.4,-3.21528600000001,0.16499999999999));
#9936=CARTESIAN_POINT('',(8.72,-2.97528600000001,0.564999999999991));
#9937=CARTESIAN_POINT('Origin',(9.99999999999999,-3.49528600000001,0.564999999999991));
#9938=CARTESIAN_POINT('',(8.81025649460189,-3.49528600000001,0.654999999999991));
#9939=CARTESIAN_POINT('',(9.39125,-3.49528600000001,0.654999999999991));
#9940=CARTESIAN_POINT('',(9.2,-3.49528600000001,0.964999999999991));
#9941=CARTESIAN_POINT('',(8.94282856857,-3.49528600000001,0.964999999999991));
#9942=CARTESIAN_POINT('Origin',(9.2,-3.49528600000001,0.564999999999991));
#9943=CARTESIAN_POINT('Origin',(8.73999999999999,-2.96028600000001,0.564999999999991));
#9944=CARTESIAN_POINT('',(8.73999999999999,-2.93528600000001,0.474999999999991));
#9945=CARTESIAN_POINT('Origin',(8.73999999999999,-2.96028600000001,0.474999999999991));
#9946=CARTESIAN_POINT('',(8.73999999999999,-2.93528600000001,0.16499999999999));
#9947=CARTESIAN_POINT('Origin',(8.73999999999999,-2.96028600000001,0.16499999999999));
#9948=CARTESIAN_POINT('',(8.73999999999999,-2.93528600000001,0.564999999999991));
#9949=CARTESIAN_POINT('Origin',(4.39999999999999,-2.93528600000001,0.564999999999991));
#9950=CARTESIAN_POINT('',(8.81025649460189,-2.93528600000001,0.474999999999991));
#9951=CARTESIAN_POINT('',(6.59124999999999,-2.93528600000001,0.474999999999991));
#9952=CARTESIAN_POINT('',(9.2,-2.93528600000001,0.16499999999999));
#9953=CARTESIAN_POINT('',(8.94282856857,-2.93528600000001,0.16499999999999));
#9954=CARTESIAN_POINT('Origin',(9.2,-2.93528600000001,0.564999999999991));
#9955=CARTESIAN_POINT('Origin',(4.39999999999999,-2.93528600000001,0.564999999999991));
#9956=CARTESIAN_POINT('',(8.81025649460189,-2.93528600000001,0.654999999999991));
#9957=CARTESIAN_POINT('',(6.59124999999999,-2.93528600000001,0.654999999999991));
#9958=CARTESIAN_POINT('',(9.2,-2.93528600000001,0.964999999999991));
#9959=CARTESIAN_POINT('Origin',(9.2,-2.93528600000001,0.564999999999991));
#9960=CARTESIAN_POINT('',(8.94282856857,-2.93528600000001,0.964999999999991));
#9961=CARTESIAN_POINT('Origin',(8.7825,-3.21528600000001,0.654999999999991));
#9962=CARTESIAN_POINT('',(8.81025649460189,4.784714,0.654999999999991));
#9963=CARTESIAN_POINT('Origin',(8.7825,-3.21528600000001,0.474999999999991));
#9964=CARTESIAN_POINT('',(8.81025649460189,4.784714,0.474999999999991));
#9965=CARTESIAN_POINT('Origin',(9.99999999999999,-3.49528600000001,0.564999999999991));
#9966=CARTESIAN_POINT('',(9.66,-3.49528600000001,0.654999999999991));
#9967=CARTESIAN_POINT('',(9.5897435053981,-3.49528600000001,0.654999999999991));
#9968=CARTESIAN_POINT('',(9.80875,-3.49528600000001,0.654999999999991));
#9969=CARTESIAN_POINT('Origin',(9.2,-3.49528600000001,0.564999999999991));
#9970=CARTESIAN_POINT('',(9.66,-3.49528600000001,0.964999999999991));
#9971=CARTESIAN_POINT('',(9.45717143142999,-3.49528600000001,0.964999999999991));
#9972=CARTESIAN_POINT('',(9.66,-3.49528600000001,0.564999999999991));
#9973=CARTESIAN_POINT('Origin',(9.99999999999999,-3.49528600000001,0.564999999999991));
#9974=CARTESIAN_POINT('',(9.5897435053981,-3.49528600000001,0.474999999999991));
#9975=CARTESIAN_POINT('',(9.66,-3.49528600000001,0.474999999999991));
#9976=CARTESIAN_POINT('',(9.80875,-3.49528600000001,0.474999999999991));
#9977=CARTESIAN_POINT('',(9.66,-3.49528600000001,0.16499999999999));
#9978=CARTESIAN_POINT('',(9.66,-3.49528600000001,0.564999999999991));
#9979=CARTESIAN_POINT('',(9.45717143142999,-3.49528600000001,0.16499999999999));
#9980=CARTESIAN_POINT('Origin',(9.2,-3.49528600000001,0.564999999999991));
#9981=CARTESIAN_POINT('Origin',(9.2,4.784714,0.564999999999991));
#9982=CARTESIAN_POINT('',(9.5897435053981,-2.93528600000001,0.474999999999991));
#9983=CARTESIAN_POINT('',(9.58974350539809,4.784714,0.474999999999991));
#9984=CARTESIAN_POINT('Origin',(9.2,-2.93528600000001,0.564999999999991));
#9985=CARTESIAN_POINT('Origin',(9.2,4.784714,0.564999999999991));
#9986=CARTESIAN_POINT('',(9.5897435053981,-2.93528600000001,0.654999999999991));
#9987=CARTESIAN_POINT('',(9.58974350539809,4.784714,0.654999999999991));
#9988=CARTESIAN_POINT('Origin',(9.2,-2.93528600000001,0.564999999999991));
#9989=CARTESIAN_POINT('Origin',(9.66,-3.47028600000001,0.564999999999991));
#9990=CARTESIAN_POINT('',(9.68,-3.45528600000001,0.654999999999991));
#9991=CARTESIAN_POINT('Origin',(9.66,-3.47028600000001,0.654999999999991));
#9992=CARTESIAN_POINT('',(9.68,-3.45528600000001,0.964999999999991));
#9993=CARTESIAN_POINT('Origin',(9.66,-3.47028600000001,0.964999999999991));
#9994=CARTESIAN_POINT('',(9.68,-3.45528600000001,0.564999999999991));
#9995=CARTESIAN_POINT('Origin',(9.66,-3.47028600000001,0.564999999999991));
#9996=CARTESIAN_POINT('',(9.68,-3.45528600000001,0.474999999999991));
#9997=CARTESIAN_POINT('Origin',(9.66,-3.47028600000001,0.474999999999991));
#9998=CARTESIAN_POINT('',(9.68,-3.45528600000001,0.16499999999999));
#9999=CARTESIAN_POINT('',(9.68,-3.45528600000001,0.564999999999991));
#10000=CARTESIAN_POINT('Origin',(9.66,-3.47028600000001,0.16499999999999));
#10001=CARTESIAN_POINT('Origin',(4.39999999999999,-2.93528600000001,0.564999999999991));
#10002=CARTESIAN_POINT('',(9.61964466094066,-2.93528600000001,0.474999999999991));
#10003=CARTESIAN_POINT('',(7.00874999999999,-2.93528600000001,0.474999999999991));
#10004=CARTESIAN_POINT('',(9.61964466094066,-2.93528600000001,0.16499999999999));
#10005=CARTESIAN_POINT('',(9.45717143142999,-2.93528600000001,0.16499999999999));
#10006=CARTESIAN_POINT('',(9.61964466094066,-2.93528600000001,0.364999999999991));
#10007=CARTESIAN_POINT('Origin',(4.39999999999999,-2.93528600000001,0.564999999999991));
#10008=CARTESIAN_POINT('',(9.61964466094066,-2.93528600000001,0.654999999999991));
#10009=CARTESIAN_POINT('',(7.00874999999999,-2.93528600000001,0.654999999999991));
#10010=CARTESIAN_POINT('',(9.61964466094066,-2.93528600000001,0.964999999999991));
#10011=CARTESIAN_POINT('',(9.61964466094066,-2.93528600000001,0.364999999999991));
#10012=CARTESIAN_POINT('',(9.45717143142999,-2.93528600000001,0.964999999999991));
#10013=CARTESIAN_POINT('Origin',(9.99999999999999,-3.21528600000001,0.564999999999991));
#10014=CARTESIAN_POINT('',(9.66438660007116,-2.99765409565643,0.654999999999991));
#10015=CARTESIAN_POINT('Origin',(9.99999999999999,-3.21528600000001,0.654999999999991));
#10016=CARTESIAN_POINT('',(9.66438660007116,-2.99765409565643,0.964999999999991));
#10017=CARTESIAN_POINT('Origin',(9.99999999999999,-3.21528600000001,0.964999999999991));
#10018=CARTESIAN_POINT('',(9.66438660007116,-2.99765409565643,0.564999999999991));
#10019=CARTESIAN_POINT('Origin',(9.99999999999999,-3.21528600000001,0.564999999999991));
#10020=CARTESIAN_POINT('',(9.66438660007116,-2.99765409565643,0.474999999999991));
#10021=CARTESIAN_POINT('Origin',(9.99999999999999,-3.21528600000001,0.474999999999991));
#10022=CARTESIAN_POINT('',(9.66438660007116,-2.99765409565643,0.16499999999999));
#10023=CARTESIAN_POINT('',(9.66438660007116,-2.99765409565643,0.564999999999991));
#10024=CARTESIAN_POINT('Origin',(9.99999999999999,-3.21528600000001,0.16499999999999));
#10025=CARTESIAN_POINT('Origin',(9.61964466094066,-2.96028600000001,0.364999999999991));
#10026=CARTESIAN_POINT('',(9.63732233047034,-2.94260833047035,0.474999999999991));
#10027=CARTESIAN_POINT('Origin',(9.61964466094066,-2.96028600000001,0.474999999999991));
#10028=CARTESIAN_POINT('',(9.63732233047034,-2.94260833047035,0.16499999999999));
#10029=CARTESIAN_POINT('Origin',(9.61964466094066,-2.96028600000001,0.16499999999999));
#10030=CARTESIAN_POINT('',(9.63732233047034,-2.94260833047035,0.364999999999991));
#10031=CARTESIAN_POINT('Origin',(9.61964466094066,-2.96028600000001,0.364999999999991));
#10032=CARTESIAN_POINT('Origin',(9.61964466094066,-2.96028600000001,0.654999999999991));
#10033=CARTESIAN_POINT('Origin',(9.61964466094066,-2.96028600000001,0.964999999999991));
#10034=CARTESIAN_POINT('Origin',(9.64341076257562,-2.98405210163496,0.564999999999991));
#10035=CARTESIAN_POINT('Origin',(9.64341076257562,-2.98405210163496,0.654999999999991));
#10036=CARTESIAN_POINT('Origin',(9.64341076257562,-2.98405210163496,0.964999999999991));
#10037=CARTESIAN_POINT('Origin',(9.64341076257562,-2.98405210163496,0.564999999999991));
#10038=CARTESIAN_POINT('',(9.66108843210528,-2.96637443210529,0.474999999999991));
#10039=CARTESIAN_POINT('Origin',(9.64341076257562,-2.98405210163496,0.474999999999991));
#10040=CARTESIAN_POINT('',(9.66108843210528,-2.96637443210529,0.16499999999999));
#10041=CARTESIAN_POINT('',(9.66108843210528,-2.96637443210529,0.564999999999991));
#10042=CARTESIAN_POINT('Origin',(9.64341076257562,-2.98405210163496,0.16499999999999));
#10043=CARTESIAN_POINT('Origin',(9.67575995989113,-2.98104595989115,0.16499999999999));
#10044=CARTESIAN_POINT('',(9.71975497994557,-3.02504097994558,0.474999999999991));
#10045=CARTESIAN_POINT('',(9.50999999999999,-2.81528600000001,0.16499999999999));
#10046=CARTESIAN_POINT('Origin',(9.6175,-3.21528600000001,0.474999999999991));
#10047=CARTESIAN_POINT('Origin',(9.6175,-3.21528600000001,0.654999999999991));
#10048=CARTESIAN_POINT('Origin',(9.99999999999999,-3.21528600000001,0.564999999999991));
#10049=CARTESIAN_POINT('',(10.24,-2.89528600000001,0.474999999999991));
#10050=CARTESIAN_POINT('',(9.78236809565642,-2.87967260007118,0.474999999999991));
#10051=CARTESIAN_POINT('Origin',(9.99999999999999,-3.21528600000001,0.474999999999991));
#10052=CARTESIAN_POINT('',(10.24,-2.89528600000001,0.16499999999999));
#10053=CARTESIAN_POINT('',(10.24,-2.89528600000001,0.564999999999991));
#10054=CARTESIAN_POINT('',(9.78236809565642,-2.87967260007118,0.16499999999999));
#10055=CARTESIAN_POINT('Origin',(9.99999999999999,-3.21528600000001,0.16499999999999));
#10056=CARTESIAN_POINT('',(9.78236809565642,-2.87967260007118,0.564999999999991));
#10057=CARTESIAN_POINT('Origin',(9.99999999999999,-3.21528600000001,0.564999999999991));
#10058=CARTESIAN_POINT('',(10.24,-2.89528600000001,0.654999999999991));
#10059=CARTESIAN_POINT('',(9.78236809565642,-2.87967260007118,0.654999999999991));
#10060=CARTESIAN_POINT('Origin',(9.99999999999999,-3.21528600000001,0.654999999999991));
#10061=CARTESIAN_POINT('',(9.78236809565642,-2.87967260007118,0.964999999999991));
#10062=CARTESIAN_POINT('',(9.78236809565642,-2.87967260007118,0.564999999999991));
#10063=CARTESIAN_POINT('',(10.24,-2.89528600000001,0.964999999999991));
#10064=CARTESIAN_POINT('Origin',(9.99999999999999,-3.21528600000001,0.964999999999991));
#10065=CARTESIAN_POINT('',(10.24,-2.89528600000001,0.564999999999991));
#10066=CARTESIAN_POINT('Origin',(10.255,-2.87528600000001,0.564999999999991));
#10067=CARTESIAN_POINT('',(10.28,-2.87528600000001,0.654999999999991));
#10068=CARTESIAN_POINT('Origin',(10.255,-2.87528600000001,0.654999999999991));
#10069=CARTESIAN_POINT('',(10.28,-2.87528600000001,0.964999999999991));
#10070=CARTESIAN_POINT('Origin',(10.255,-2.87528600000001,0.964999999999991));
#10071=CARTESIAN_POINT('',(10.28,-2.87528600000001,0.564999999999991));
#10072=CARTESIAN_POINT('Origin',(10.255,-2.87528600000001,0.564999999999991));
#10073=CARTESIAN_POINT('',(10.28,-2.87528600000001,0.474999999999991));
#10074=CARTESIAN_POINT('Origin',(10.255,-2.87528600000001,0.474999999999991));
#10075=CARTESIAN_POINT('',(10.28,-2.87528600000001,0.16499999999999));
#10076=CARTESIAN_POINT('',(10.28,-2.87528600000001,0.564999999999991));
#10077=CARTESIAN_POINT('Origin',(10.255,-2.87528600000001,0.16499999999999));
#10078=CARTESIAN_POINT('Origin',(9.76876610163495,-2.85869676257563,0.564999999999991));
#10079=CARTESIAN_POINT('',(9.75108843210528,-2.87637443210529,0.474999999999991));
#10080=CARTESIAN_POINT('Origin',(9.76876610163495,-2.85869676257563,0.474999999999991));
#10081=CARTESIAN_POINT('',(9.75108843210528,-2.87637443210529,0.16499999999999));
#10082=CARTESIAN_POINT('Origin',(9.76876610163495,-2.85869676257563,0.16499999999999));
#10083=CARTESIAN_POINT('',(9.75108843210528,-2.87637443210529,0.564999999999991));
#10084=CARTESIAN_POINT('Origin',(9.76876610163495,-2.85869676257563,0.564999999999991));
#10085=CARTESIAN_POINT('',(9.75108843210528,-2.87637443210529,0.654999999999991));
#10086=CARTESIAN_POINT('Origin',(9.76876610163495,-2.85869676257563,0.654999999999991));
#10087=CARTESIAN_POINT('',(9.75108843210528,-2.87637443210529,0.964999999999991));
#10088=CARTESIAN_POINT('',(9.75108843210528,-2.87637443210529,0.564999999999991));
#10089=CARTESIAN_POINT('Origin',(9.76876610163495,-2.85869676257563,0.964999999999991));
#10090=CARTESIAN_POINT('Origin',(10.28,0.784713999999993,0.564999999999991));
#10091=CARTESIAN_POINT('',(10.28,-2.80502950539811,0.654999999999991));
#10092=CARTESIAN_POINT('',(10.28,-2.41528600000001,0.654999999999991));
#10093=CARTESIAN_POINT('',(10.28,-2.67245743143001,0.964999999999991));
#10094=CARTESIAN_POINT('Origin',(10.28,-2.41528600000001,0.564999999999991));
#10095=CARTESIAN_POINT('Origin',(10.28,0.784713999999993,0.564999999999991));
#10096=CARTESIAN_POINT('',(10.28,-2.80502950539811,0.474999999999991));
#10097=CARTESIAN_POINT('',(10.28,-2.41528600000001,0.474999999999991));
#10098=CARTESIAN_POINT('',(10.28,-2.41528600000001,0.16499999999999));
#10099=CARTESIAN_POINT('Origin',(10.28,-2.41528600000001,0.564999999999991));
#10100=CARTESIAN_POINT('',(10.28,-2.67245743143001,0.16499999999999));
#10101=CARTESIAN_POINT('Origin',(9.71999999999927,-2.84528599999929,0.16499999999999));
#10102=CARTESIAN_POINT('',(9.72732233047034,-2.85260833047035,0.474999999999991));
#10103=CARTESIAN_POINT('',(9.75108843210528,-2.87637443210529,0.474999999999991));
#10104=CARTESIAN_POINT('',(9.72732233047034,-2.85260833047035,0.16499999999999));
#10105=CARTESIAN_POINT('',(9.59999999999999,-2.72528600000001,0.16499999999999));
#10106=CARTESIAN_POINT('',(9.72732233047034,-2.85260833047035,0.364999999999991));
#10107=CARTESIAN_POINT('Origin',(9.71999999999927,-2.84528599999929,0.16499999999999));
#10108=CARTESIAN_POINT('',(9.72732233047034,-2.85260833047035,0.654999999999991));
#10109=CARTESIAN_POINT('',(9.75108843210528,-2.87637443210529,0.654999999999991));
#10110=CARTESIAN_POINT('',(9.72732233047034,-2.85260833047035,0.964999999999991));
#10111=CARTESIAN_POINT('',(9.72732233047034,-2.85260833047035,0.364999999999991));
#10112=CARTESIAN_POINT('',(9.59999999999999,-2.72528600000001,0.964999999999991));
#10113=CARTESIAN_POINT('Origin',(9.745,-2.83493066094068,0.364999999999991));
#10114=CARTESIAN_POINT('',(9.72,-2.83493066094068,0.474999999999991));
#10115=CARTESIAN_POINT('Origin',(9.745,-2.83493066094068,0.474999999999991));
#10116=CARTESIAN_POINT('',(9.72,-2.83493066094068,0.16499999999999));
#10117=CARTESIAN_POINT('Origin',(9.745,-2.83493066094068,0.16499999999999));
#10118=CARTESIAN_POINT('',(9.72,-2.83493066094068,0.364999999999991));
#10119=CARTESIAN_POINT('Origin',(9.745,-2.83493066094068,0.364999999999991));
#10120=CARTESIAN_POINT('',(9.72,-2.83493066094068,0.654999999999991));
#10121=CARTESIAN_POINT('Origin',(9.745,-2.83493066094068,0.654999999999991));
#10122=CARTESIAN_POINT('',(9.72,-2.83493066094068,0.964999999999991));
#10123=CARTESIAN_POINT('',(9.72,-2.83493066094068,0.364999999999991));
#10124=CARTESIAN_POINT('Origin',(9.745,-2.83493066094068,0.964999999999991));
#10125=CARTESIAN_POINT('Origin',(9.72,4.504714,0.564999999999991));
#10126=CARTESIAN_POINT('',(9.71999999999999,-2.80502950539811,0.474999999999991));
#10127=CARTESIAN_POINT('',(9.72,-2.83493066094068,0.474999999999991));
#10128=CARTESIAN_POINT('',(9.71999999999999,-2.41528600000001,0.16499999999999));
#10129=CARTESIAN_POINT('',(9.71999999999999,-2.67245743143001,0.16499999999999));
#10130=CARTESIAN_POINT('Origin',(9.71999999999999,-2.41528600000001,0.564999999999991));
#10131=CARTESIAN_POINT('Origin',(9.72,4.504714,0.564999999999991));
#10132=CARTESIAN_POINT('',(9.71999999999999,-2.80502950539811,0.654999999999991));
#10133=CARTESIAN_POINT('',(9.72,-2.83493066094068,0.654999999999991));
#10134=CARTESIAN_POINT('',(9.71999999999999,-2.41528600000001,0.964999999999991));
#10135=CARTESIAN_POINT('Origin',(9.71999999999999,-2.41528600000001,0.564999999999991));
#10136=CARTESIAN_POINT('',(9.71999999999999,-2.67245743143001,0.964999999999991));
#10137=CARTESIAN_POINT('Origin',(9.99999999999999,-2.41528600000001,0.564999999999991));
#10138=CARTESIAN_POINT('',(9.71999999999999,-2.02554249460191,0.654999999999991));
#10139=CARTESIAN_POINT('',(9.99999999999999,-2.02554249460191,0.654999999999991));
#10140=CARTESIAN_POINT('Origin',(9.71999999999999,-2.41528600000001,0.564999999999991));
#10141=CARTESIAN_POINT('',(9.99999999999999,-2.80502950539811,0.654999999999991));
#10142=CARTESIAN_POINT('Origin',(9.99999999999999,-2.83278600000001,0.654999999999991));
#10143=CARTESIAN_POINT('Origin',(9.99999999999999,-2.83278600000001,0.474999999999991));
#10144=CARTESIAN_POINT('',(9.99999999999999,-2.80502950539811,0.474999999999991));
#10145=CARTESIAN_POINT('Origin',(10.255,-1.95528600000001,0.564999999999991));
#10146=CARTESIAN_POINT('',(10.24,-1.93528600000001,0.654999999999991));
#10147=CARTESIAN_POINT('Origin',(10.255,-1.95528600000001,0.654999999999991));
#10148=CARTESIAN_POINT('',(10.24,-1.93528600000001,0.964999999999991));
#10149=CARTESIAN_POINT('Origin',(10.255,-1.95528600000001,0.964999999999991));
#10150=CARTESIAN_POINT('',(10.24,-1.93528600000001,0.564999999999991));
#10151=CARTESIAN_POINT('Origin',(10.28,0.784713999999993,0.564999999999991));
#10152=CARTESIAN_POINT('',(10.28,-2.02554249460191,0.474999999999991));
#10153=CARTESIAN_POINT('',(10.28,-0.606536000000006,0.474999999999991));
#10154=CARTESIAN_POINT('',(10.28,-2.15811456857001,0.16499999999999));
#10155=CARTESIAN_POINT('Origin',(10.28,-2.41528600000001,0.564999999999991));
#10156=CARTESIAN_POINT('Origin',(9.99999999999999,-1.61528600000001,0.564999999999991));
#10157=CARTESIAN_POINT('',(9.75999999999999,-1.93528600000001,0.654999999999991));
#10158=CARTESIAN_POINT('Origin',(9.99999999999999,-1.61528600000001,0.654999999999991));
#10159=CARTESIAN_POINT('',(9.75999999999999,-1.93528600000001,0.964999999999991));
#10160=CARTESIAN_POINT('Origin',(9.99999999999999,-1.61528600000001,0.964999999999991));
#10161=CARTESIAN_POINT('',(9.75999999999999,-1.93528600000001,0.564999999999991));
#10162=CARTESIAN_POINT('Origin',(9.99999999999999,-2.41528600000001,0.564999999999991));
#10163=CARTESIAN_POINT('',(9.71999999999999,-2.02554249460191,0.474999999999991));
#10164=CARTESIAN_POINT('',(9.99999999999999,-2.02554249460191,0.474999999999991));
#10165=CARTESIAN_POINT('Origin',(9.71999999999999,-2.41528600000001,0.564999999999991));
#10166=CARTESIAN_POINT('Origin',(9.72,4.504714,0.564999999999991));
#10167=CARTESIAN_POINT('',(9.71999999999999,1.25346399999999,0.474999999999991));
#10168=CARTESIAN_POINT('',(9.71999999999999,-2.15811456857001,0.16499999999999));
#10169=CARTESIAN_POINT('Origin',(9.72,4.504714,0.564999999999991));
#10170=CARTESIAN_POINT('',(9.71999999999999,-1.95528600000001,0.654999999999991));
#10171=CARTESIAN_POINT('',(9.71999999999999,1.25346399999999,0.654999999999991));
#10172=CARTESIAN_POINT('',(9.71999999999999,-1.95528600000001,0.964999999999991));
#10173=CARTESIAN_POINT('',(9.71999999999999,-1.95528600000001,0.564999999999991));
#10174=CARTESIAN_POINT('',(9.71999999999999,-2.15811456857001,0.964999999999991));
#10175=CARTESIAN_POINT('Origin',(9.74499999999999,-1.95528600000001,0.564999999999991));
#10176=CARTESIAN_POINT('Origin',(9.74499999999999,-1.95528600000001,0.654999999999991));
#10177=CARTESIAN_POINT('Origin',(9.74499999999999,-1.95528600000001,0.964999999999991));
#10178=CARTESIAN_POINT('Origin',(9.99999999999999,-1.99778600000001,0.474999999999991));
#10179=CARTESIAN_POINT('Origin',(9.99999999999999,-1.99778600000001,0.654999999999991));
#10180=CARTESIAN_POINT('Origin',(9.99999999999999,-3.21528600000001,0.174999999999991));
#10181=CARTESIAN_POINT('Origin',(9.99999999999999,-3.21528600000001,0.174999999999991));
#10182=CARTESIAN_POINT('Origin',(9.99999999999999,-3.21528600000001,0.16499999999999));
#10183=CARTESIAN_POINT('Origin',(9.99999999999999,-3.21528600000001,0.564999999999991));
#10184=CARTESIAN_POINT('Origin',(9.99999999999999,-3.21528600000001,0.954999999999991));
#10185=CARTESIAN_POINT('',(9.99999999999999,-3.61528600000001,0.564999999999991));
#10186=CARTESIAN_POINT('Origin',(9.99999999999999,-3.21528600000001,0.954999999999991));
#10187=CARTESIAN_POINT('Origin',(9.99999999999999,-3.21528600000001,0.964999999999991));
#10188=CARTESIAN_POINT('Origin',(7.59999999999999,-2.41528600000001,0.16499999999999));
#10189=CARTESIAN_POINT('',(9.59999999999999,-2.77028600000001,0.16499999999999));
#10190=CARTESIAN_POINT('',(9.59999999999999,-0.815286000000006,0.16499999999999));
#10191=CARTESIAN_POINT('',(9.,-1.11528667399265,0.16499999999999));
#10192=CARTESIAN_POINT('Origin',(9.59999999999999,-2.41528600000001,0.564999999999991));
#10193=CARTESIAN_POINT('',(9.59999999999999,0.784713999999993,0.954999999999991));
#10194=CARTESIAN_POINT('Origin',(9.60999999999999,-2.41528600000001,0.954999999999991));
#10195=CARTESIAN_POINT('',(9.61,-2.82528600000001,0.964999999999991));
#10196=CARTESIAN_POINT('Origin',(9.61,-2.82528600000001,0.954999999999991));
#10197=CARTESIAN_POINT('',(9.60999999999999,-0.815286000000006,0.964999999999991));
#10198=CARTESIAN_POINT('Origin',(7.59999999999999,-2.41528600000001,0.964999999999991));
#10199=CARTESIAN_POINT('',(10.28,-1.07245743142901,0.964999999999991));
#10200=CARTESIAN_POINT('',(9.71999999999999,-1.07245743142901,0.964999999999991));
#10201=CARTESIAN_POINT('',(8.59999999999999,-2.82528600000001,0.964999999999991));
#10202=CARTESIAN_POINT('Origin',(9.72,2.90471399999999,0.564999999999991));
#10203=CARTESIAN_POINT('Origin',(9.71999999999999,-0.815286000000006,0.564999999999991));
#10204=CARTESIAN_POINT('Origin',(9.99999999999999,-0.815286000000006,0.564999999999991));
#10205=CARTESIAN_POINT('Origin',(10.28,-0.815286000000006,0.564999999999991));
#10206=CARTESIAN_POINT('Origin',(10.28,-0.815286000000006,0.564999999999991));
#10207=CARTESIAN_POINT('Origin',(10.2,-2.82528600000001,0.954999999999991));
#10208=CARTESIAN_POINT('Origin',(10.4,-1.11528667399264,3.73999999999999));
#10209=CARTESIAN_POINT('',(0.,-1.11528667399264,0.174999999999991));
#10210=CARTESIAN_POINT('Origin',(0.,-1.11528667399265,0.799999999999991));
#10211=CARTESIAN_POINT('',(0.,-1.11528667399264,0.174999999999991));
#10212=CARTESIAN_POINT('Origin',(0.,0.181104500987606,1.59948261599733));
#10213=CARTESIAN_POINT('',(-0.615,0.181104500987607,1.59948261599733));
#10214=CARTESIAN_POINT('',(0.,0.181104500987607,1.59948261599733));
#10215=CARTESIAN_POINT('',(-0.615,0.181104500987608,0.786761626084541));
#10216=CARTESIAN_POINT('',(-0.615,0.181104500987607,1.4559769782857));
#10217=CARTESIAN_POINT('',(0.,0.181104500987608,0.786761626084541));
#10218=CARTESIAN_POINT('Origin',(0.,0.181104500987608,0.786761626084541));
#10219=CARTESIAN_POINT('',(-0.615,-0.489999989047647,0.789999982342124));
#10220=CARTESIAN_POINT('',(-0.615,0.23848322245884,0.786484750062271));
#10221=CARTESIAN_POINT('',(0.,-0.489999989047647,0.789999982342124));
#10222=CARTESIAN_POINT('Origin',(0.,-0.489999989047647,0.789999982342124));
#10223=CARTESIAN_POINT('',(-0.615,-0.499999988824129,0.789999982342124));
#10224=CARTESIAN_POINT('',(-0.615,-0.095799303300987,0.789999982342124));
#10225=CARTESIAN_POINT('',(0.,-0.499999988824129,0.789999982342124));
#10226=CARTESIAN_POINT('Origin',(0.,-1.11528667399264,0.174999999999991));
#10227=CARTESIAN_POINT('',(-1.2,-3.61528667399264,0.174999999999991));
#10228=CARTESIAN_POINT('Origin',(0.,3.02949514096222,2.08436363473735));
#10229=CARTESIAN_POINT('',(0.,3.02949514096222,1.83818105506362));
#10230=CARTESIAN_POINT('Origin',(0.,3.02949514096222,1.83818105506362));
#10231=CARTESIAN_POINT('',(-0.615,1.09741384162386,1.83818105506361));
#10232=CARTESIAN_POINT('',(0.,1.09741384162386,1.83818105506361));
#10233=CARTESIAN_POINT('',(0.,1.09741384162386,1.83818105506361));
#10234=CARTESIAN_POINT('',(0.,1.09741384162386,1.83818105506361));
#10235=CARTESIAN_POINT('Origin',(0.,1.09741384162386,1.83818105506361));
#10236=CARTESIAN_POINT('',(-0.615,0.659173056401004,1.7240193994646));
#10237=CARTESIAN_POINT('Origin',(-1.2,1.09741384162386,1.83818105506361));
#10238=CARTESIAN_POINT('',(-0.615,0.697754367700441,1.83794784675697));
#10239=CARTESIAN_POINT('Origin',(-1.2,-3.61528667399264,0.174999999999991));
#10240=CARTESIAN_POINT('Origin',(10.4,-0.500611076732512,1.83724857952005));
#10241=CARTESIAN_POINT('Origin',(-0.615,0.298401382445673,1.31247134057408));
#10242=CARTESIAN_POINT('',(-0.615,-0.499999988824129,0.789999982342124));
#10243=CARTESIAN_POINT('Origin',(-0.615,-0.499999988824129,0.789999982342124));
#10244=UNCERTAINTY_MEASURE_WITH_UNIT(LENGTH_MEASURE(0.001),#10248,
'DISTANCE_ACCURACY_VALUE',
'Maximum model space distance between geometric entities at asserted c
onnectivities');
#10245=UNCERTAINTY_MEASURE_WITH_UNIT(LENGTH_MEASURE(0.001),#10248,
'DISTANCE_ACCURACY_VALUE',
'Maximum model space distance between geometric entities at asserted c
onnectivities');
#10246=(
GEOMETRIC_REPRESENTATION_CONTEXT(3)
GLOBAL_UNCERTAINTY_ASSIGNED_CONTEXT((#10244))
GLOBAL_UNIT_ASSIGNED_CONTEXT((#10248,#10249,#10250))
REPRESENTATION_CONTEXT('','3D')
);
#10247=(
GEOMETRIC_REPRESENTATION_CONTEXT(3)
GLOBAL_UNCERTAINTY_ASSIGNED_CONTEXT((#10245))
GLOBAL_UNIT_ASSIGNED_CONTEXT((#10248,#10249,#10250))
REPRESENTATION_CONTEXT('','3D')
);
#10248=(
LENGTH_UNIT()
NAMED_UNIT(*)
SI_UNIT(.CENTI.,.METRE.)
);
#10249=(
NAMED_UNIT(*)
PLANE_ANGLE_UNIT()
SI_UNIT($,.RADIAN.)
);
#10250=(
NAMED_UNIT(*)
SI_UNIT($,.STERADIAN.)
SOLID_ANGLE_UNIT()
);
#10251=SHAPE_DEFINITION_REPRESENTATION(#10252,#10253);
#10252=PRODUCT_DEFINITION_SHAPE('',$,#10255);
#10253=SHAPE_REPRESENTATION('',(#5821),#10246);
#10254=PRODUCT_DEFINITION_CONTEXT('part definition',#10259,'design');
#10255=PRODUCT_DEFINITION('Mid_Chassis','Mid_Chassis v6',#10256,#10254);
#10256=PRODUCT_DEFINITION_FORMATION('',$,#10261);
#10257=PRODUCT_RELATED_PRODUCT_CATEGORY('Mid_Chassis v6',
'Mid_Chassis v6',(#10261));
#10258=APPLICATION_PROTOCOL_DEFINITION('international standard',
'automotive_design',2009,#10259);
#10259=APPLICATION_CONTEXT(
'Core Data for Automotive Mechanical Design Process');
#10260=PRODUCT_CONTEXT('part definition',#10259,'mechanical');
#10261=PRODUCT('Mid_Chassis','Mid_Chassis v6',$,(#10260));
#10262=PRESENTATION_STYLE_ASSIGNMENT((#10266));
#10263=PRESENTATION_STYLE_ASSIGNMENT((#10267));
#10264=PRESENTATION_STYLE_ASSIGNMENT((#10268));
#10265=PRESENTATION_STYLE_ASSIGNMENT((#10269));
#10266=SURFACE_STYLE_USAGE(.BOTH.,#10270);
#10267=SURFACE_STYLE_USAGE(.BOTH.,#10271);
#10268=SURFACE_STYLE_USAGE(.BOTH.,#10272);
#10269=SURFACE_STYLE_USAGE(.BOTH.,#10273);
#10270=SURFACE_SIDE_STYLE('',(#10274));
#10271=SURFACE_SIDE_STYLE('',(#10275));
#10272=SURFACE_SIDE_STYLE('',(#10276));
#10273=SURFACE_SIDE_STYLE('',(#10277));
#10274=SURFACE_STYLE_FILL_AREA(#10278);
#10275=SURFACE_STYLE_FILL_AREA(#10279);
#10276=SURFACE_STYLE_FILL_AREA(#10280);
#10277=SURFACE_STYLE_FILL_AREA(#10281);
#10278=FILL_AREA_STYLE('Steel - Satin',(#10282));
#10279=FILL_AREA_STYLE('Opaque(100,100,100)',(#10283));
#10280=FILL_AREA_STYLE('Opaque(39,37,31)',(#10284));
#10281=FILL_AREA_STYLE('Paint - Enamel Glossy (Grey)',(#10285));
#10282=FILL_AREA_STYLE_COLOUR('Steel - Satin',#10286);
#10283=FILL_AREA_STYLE_COLOUR('Opaque(100,100,100)',#10287);
#10284=FILL_AREA_STYLE_COLOUR('Opaque(39,37,31)',#10288);
#10285=FILL_AREA_STYLE_COLOUR('Paint - Enamel Glossy (Grey)',#10289);
#10286=COLOUR_RGB('Steel - Satin',0.627450980392157,0.627450980392157,0.627450980392157);
#10287=COLOUR_RGB('Opaque(100,100,100)',0.392156862745098,0.392156862745098,
0.392156862745098);
#10288=COLOUR_RGB('Opaque(39,37,31)',0.152941176470588,0.145098039215686,
0.12156862745098);
#10289=COLOUR_RGB('Paint - Enamel Glossy (Grey)',0.701960784313725,0.701960784313725,
0.701960784313725);
ENDSEC;
END-ISO-10303-21;
