ISO-10303-21;
HEADER;
/* Generated by software containing ST-Developer
 * from STEP Tools, Inc. (www.steptools.com) 
 */

FILE_DESCRIPTION(
/* description */ (''),
/* implementation_level */ '2;1');

FILE_NAME(
/* name */ 'JetsonAndBatteryP1.step',
/* time_stamp */ '2026-08-28T09:59:54+07:00',
/* author */ (''),
/* organization */ (''),
/* preprocessor_version */ 'ST-DEVELOPER v20.1',
/* originating_system */ 'Autodesk Translation Framework v15.8.0.0',
/* authorisation */ '');

FILE_SCHEMA (('AUTOMOTIVE_DESIGN { 1 0 10303 214 3 1 1 }'));
ENDSEC;

DATA;
#10=MECHANICAL_DESIGN_GEOMETRIC_PRESENTATION_REPRESENTATION('',(#61,#62),
#3696);
#11=SHAPE_REPRESENTATION_RELATIONSHIP('SRR','None',#3702,#12);
#12=ADVANCED_BREP_SHAPE_REPRESENTATION('',(#63,#64),#3695);
#13=(
BOUNDED_SURFACE()
B_SPLINE_SURFACE(2,2,((#3599,#3600,#3601),(#3602,#3603,#3604),(#3605,#3606,
#3607)),.UNSPECIFIED.,.F.,.F.,.F.)
B_SPLINE_SURFACE_WITH_KNOTS((3,3),(3,3),(-1.58606660155012,-1.5707963267949),
(-3.14159265358979,-2.96661436436173),.UNSPECIFIED.)
GEOMETRIC_REPRESENTATION_ITEM()
RATIONAL_B_SPLINE_SURFACE(((1.,0.996175265376259,1.),(0.99997085248021,
0.996146229337997,0.99997085248021),(1.,0.996175265376259,1.)))
REPRESENTATION_ITEM('')
SURFACE()
);
#14=(
BOUNDED_SURFACE()
B_SPLINE_SURFACE(2,2,((#3622,#3623,#3624),(#3625,#3626,#3627),(#3628,#3629,
#3630)),.UNSPECIFIED.,.F.,.F.,.F.)
B_SPLINE_SURFACE_WITH_KNOTS((3,3),(3,3),(-1.58606660155012,-1.5707963267949),
(2.96661436436174,3.14159265358979),.UNSPECIFIED.)
GEOMETRIC_REPRESENTATION_ITEM()
RATIONAL_B_SPLINE_SURFACE(((1.,0.99617526537626,1.),(0.99997085248021,0.996146229337998,
0.99997085248021),(1.,0.99617526537626,1.)))
REPRESENTATION_ITEM('')
SURFACE()
);
#15=B_SPLINE_CURVE_WITH_KNOTS('',3,(#2223,#2224,#2225,#2226,#2227,#2228,
#2229,#2230,#2231,#2232,#2233,#2234,#2235,#2236,#2237,#2238,#2239,#2240,
#2241,#2242,#2243,#2244,#2245,#2246,#2247,#2248,#2249,#2250,#2251,#2252,
#2253,#2254,#2255,#2256,#2257,#2258,#2259,#2260,#2261,#2262,#2263,#2264,
#2265,#2266,#2267,#2268,#2269,#2270,#2271,#2272,#2273,#2274,#2275,#2276,
#2277,#2278,#2279,#2280,#2281,#2282),.UNSPECIFIED.,.F.,.F.,(4,2,2,2,2,2,
2,2,2,2,2,2,2,2,2,2,2,2,2,2,2,2,2,2,2,2,2,2,2,4),(0.931138789807719,0.931148639912408,
0.931167434066407,0.931204576391125,0.931471325125953,0.933650766211635,
0.940670611651955,0.969227398886368,1.00545985597617,1.03788926094931,1.10008962982188,
1.16109837490733,1.22165996201156,1.28201252043057,1.34226700972426,1.40249196848445,
1.46274144101527,1.52306853984418,1.58353783527306,1.64424796610122,1.70539507051623,
1.76752888330088,1.83354157626704,1.88494361602435,1.88965575304076,1.89009599310694,
1.8901298957308,1.8901566865867,1.89017326558495,1.89017786553668),
 .UNSPECIFIED.);
#16=B_SPLINE_CURVE_WITH_KNOTS('',3,(#3232,#3233,#3234,#3235,#3236,#3237,
#3238,#3239,#3240,#3241,#3242,#3243,#3244,#3245,#3246,#3247,#3248,#3249,
#3250,#3251,#3252,#3253,#3254,#3255,#3256,#3257,#3258,#3259,#3260,#3261,
#3262,#3263,#3264,#3265,#3266,#3267,#3268,#3269,#3270,#3271,#3272,#3273,
#3274,#3275,#3276,#3277,#3278,#3279,#3280,#3281,#3282,#3283,#3284,#3285,
#3286,#3287,#3288,#3289,#3290,#3291,#3292,#3293,#3294,#3295,#3296,#3297,
#3298,#3299,#3300,#3301,#3302,#3303,#3304,#3305,#3306,#3307,#3308,#3309,
#3310,#3311,#3312,#3313,#3314,#3315,#3316,#3317,#3318,#3319,#3320,#3321,
#3322,#3323,#3324,#3325,#3326,#3327,#3328,#3329,#3330,#3331,#3332,#3333,
#3334,#3335,#3336,#3337,#3338,#3339,#3340,#3341,#3342,#3343,#3344,#3345,
#3346,#3347,#3348,#3349,#3350,#3351,#3352,#3353,#3354,#3355,#3356,#3357,
#3358,#3359,#3360),.UNSPECIFIED.,.F.,.F.,(4,1,1,1,1,1,1,1,1,1,1,1,1,1,1,
1,1,1,1,1,1,1,1,1,1,1,1,1,1,1,1,1,1,1,1,1,1,1,1,1,1,1,1,1,1,1,1,1,1,1,1,
1,1,1,1,1,1,1,1,1,1,1,1,1,1,1,1,1,1,1,1,1,1,1,1,1,1,1,1,1,1,1,1,1,1,1,1,
1,1,1,1,1,1,1,1,1,1,1,1,1,1,1,1,1,1,1,1,1,1,1,1,1,1,1,1,1,1,1,1,1,1,1,1,
1,1,1,4),(-2.27081634838469,-2.27081367465132,-2.27081100091795,-2.27080030598446,
-2.27078426358422,-2.27077891611747,-2.27077356865072,-2.27075217878374,
-2.27073078891675,-2.27068800918278,-2.27064522944881,-2.27055966998087,
-2.2705168902469,-2.27049550037991,-2.27047411051293,-2.27034577131101,
-2.2702174321091,-2.27019604224212,-2.27017465237513,-2.27013187264116,
-2.26978963476939,-2.26961851583351,-2.26944739689762,-2.26927627796174,
-2.26910515902586,-2.26893404008997,-2.26876292115409,-2.26807844541055,
-2.26773620753878,-2.2675650886029,-2.26739396966702,-2.26670949392348,
-2.26602501817995,-2.265939458712,-2.26585389924406,-2.26568278030818,-2.26534054243641,
-2.26465606669287,-2.26397159094934,-2.2632871152058,-2.26260263946227,
-2.2622604015905,-2.26191816371873,-2.2612336879752,-2.25986473648813,-2.25849578500106,
-2.25781130925752,-2.25712683351398,-2.25438893053984,-2.2516510275657,
-2.25096655182216,-2.25028207607863,-2.24891312459156,-2.24617522161742,
-2.24549074587388,-2.24480627013035,-2.24343731864327,-2.24069941566913,
-2.23933046418206,-2.23796151269499,-2.23248570674671,-2.22700990079842,
-2.22518463214899,-2.22335936349957,-2.22153409485014,-2.21970882620071,
-2.21697092322657,-2.21605828890185,-2.212407751603,-2.20875721430414,-2.20510667700529,
-2.199630871057,-2.19415506510872,-2.19141716213458,-2.18867925916044,-2.18320345321215,
-2.1795529159133,-2.17590237861444,-2.17225184131558,-2.16860130401673,
-2.16495076671787,-2.16130022941902,-2.15764969212016,-2.1539991548213,
-2.15034861752245,-2.14669808022359,-2.14487281157416,-2.14304754292474,
-2.13939700562588,-2.13574646832702,-2.13209593102817,-2.12844539372931,
-2.12479485643046,-2.1211443191316,-2.11749378183274,-2.11384324453389,
-2.11019270723503,-2.10654216993618,-2.10289163263732,-2.10106636398789,
-2.09924109533846,-2.09559055803961,-2.09011475209132,-2.08463894614304,
-2.07916314019476,-2.07368733424647,-2.06821152829819,-2.06273572234991,
-2.05725991640162,-2.05178411045334,-2.04630830450505,-2.04083249855677,
-2.03809459558263,-2.03535669260849,-2.0298808866602,-2.02440508071192,
-2.01892927476363,-2.01345346881535,-2.00797766286707,-2.00250185691878,
-1.9970260509705,-1.99155024502221,-1.98607443907393,-1.98059863312565,
-1.97512282717736,-1.96964702122908,-1.96921636954738),.UNSPECIFIED.);
#17=B_SPLINE_CURVE_WITH_KNOTS('',3,(#3362,#3363,#3364,#3365,#3366,#3367,
#3368,#3369,#3370,#3371,#3372,#3373,#3374,#3375,#3376,#3377,#3378,#3379,
#3380,#3381,#3382,#3383,#3384,#3385,#3386,#3387,#3388,#3389,#3390,#3391,
#3392,#3393,#3394,#3395,#3396,#3397,#3398,#3399,#3400,#3401,#3402,#3403,
#3404,#3405,#3406,#3407,#3408,#3409,#3410,#3411,#3412,#3413,#3414,#3415,
#3416,#3417,#3418,#3419,#3420,#3421,#3422,#3423,#3424,#3425,#3426,#3427,
#3428,#3429,#3430,#3431,#3432,#3433,#3434,#3435,#3436,#3437),
 .UNSPECIFIED.,.F.,.F.,(4,3,3,3,3,3,3,3,3,3,3,3,3,3,3,3,3,3,3,3,3,3,3,3,
3,4),(0.,0.053887573085095,0.109433022526793,0.120055237327901,0.15239220233069,
0.207432028773676,0.240102220512602,0.273632253333887,0.328872721678693,
0.360133168441186,0.415388755149008,0.47046014492863,0.480150237499915,
0.535402517817758,0.547307938921786,0.600164376931422,0.654944109925781,
0.710389809423273,0.720189045497772,0.775479456672365,0.8159772669119,0.821017512823519,
0.840232329018636,0.89456096891379,0.949932050026208,0.95784678421179),
 .UNSPECIFIED.);
#18=B_SPLINE_CURVE_WITH_KNOTS('',3,(#3439,#3440,#3441,#3442,#3443,#3444,
#3445,#3446,#3447,#3448,#3449,#3450,#3451,#3452,#3453,#3454,#3455,#3456,
#3457,#3458,#3459,#3460,#3461,#3462,#3463,#3464,#3465,#3466,#3467,#3468,
#3469,#3470,#3471,#3472,#3473,#3474,#3475,#3476,#3477,#3478,#3479,#3480,
#3481,#3482,#3483,#3484,#3485,#3486,#3487,#3488,#3489,#3490,#3491,#3492,
#3493,#3494,#3495,#3496,#3497,#3498,#3499,#3500,#3501,#3502,#3503,#3504,
#3505,#3506,#3507,#3508,#3509,#3510,#3511,#3512,#3513,#3514,#3515,#3516,
#3517,#3518,#3519,#3520,#3521,#3522,#3523,#3524,#3525,#3526,#3527,#3528,
#3529,#3530,#3531,#3532,#3533,#3534,#3535,#3536,#3537,#3538,#3539,#3540,
#3541,#3542,#3543,#3544,#3545,#3546,#3547,#3548,#3549,#3550,#3551,#3552,
#3553,#3554,#3555,#3556,#3557,#3558,#3559,#3560,#3561,#3562,#3563,#3564,
#3565,#3566,#3567),.UNSPECIFIED.,.F.,.F.,(4,1,1,1,1,1,1,1,1,1,1,1,1,1,1,
1,1,1,1,1,1,1,1,1,1,1,1,1,1,1,1,1,1,1,1,1,1,1,1,1,1,1,1,1,1,1,1,1,1,1,1,
1,1,1,1,1,1,1,1,1,1,1,1,1,1,1,1,1,1,1,1,1,1,1,1,1,1,1,1,1,1,1,1,1,1,1,1,
1,1,1,1,1,1,1,1,1,1,1,1,1,1,1,1,1,1,1,1,1,1,1,1,1,1,1,1,1,1,1,1,1,1,1,1,
1,1,1,4),(1.96939558141412,1.96964702122908,1.97512282717736,1.98059863312565,
1.98607443907393,1.99155024502221,1.9970260509705,2.00250185691878,2.00797766286707,
2.01345346881535,2.01892927476363,2.02440508071192,2.0298808866602,2.03535669260849,
2.03809459558263,2.04083249855677,2.04630830450505,2.05178411045334,2.05725991640162,
2.06273572234991,2.06821152829819,2.07368733424647,2.07916314019476,2.08463894614304,
2.09011475209132,2.09559055803961,2.09924109533846,2.10106636398789,2.10289163263732,
2.10654216993618,2.11019270723503,2.11384324453389,2.11749378183274,2.1211443191316,
2.12479485643046,2.12844539372931,2.13209593102817,2.13574646832702,2.13939700562588,
2.14304754292474,2.14487281157416,2.14669808022359,2.15034861752245,2.1539991548213,
2.15764969212016,2.16130022941902,2.16495076671787,2.16860130401673,2.17225184131558,
2.17590237861444,2.1795529159133,2.18320345321215,2.18867925916044,2.19141716213458,
2.19415506510872,2.199630871057,2.20510667700529,2.20875721430414,2.212407751603,
2.21605828890185,2.21697092322657,2.21970882620071,2.22153409485014,2.22335936349957,
2.22518463214899,2.22700990079842,2.23248570674671,2.23796151269499,2.23933046418206,
2.24069941566913,2.24343731864327,2.24480627013035,2.24549074587388,2.24617522161742,
2.24891312459156,2.25028207607863,2.25096655182216,2.2516510275657,2.25438893053984,
2.25712683351398,2.25781130925752,2.25849578500106,2.25986473648813,2.2612336879752,
2.26191816371873,2.2622604015905,2.26260263946227,2.2632871152058,2.26397159094934,
2.26465606669287,2.26534054243641,2.26568278030818,2.26585389924406,2.265939458712,
2.26602501817995,2.26670949392348,2.26739396966702,2.2675650886029,2.26773620753878,
2.26807844541055,2.26876292115409,2.26893404008997,2.26910515902586,2.26927627796174,
2.26944739689762,2.26961851583351,2.26978963476939,2.27013187264116,2.27017465237513,
2.27019604224212,2.2702174321091,2.27034577131101,2.27047411051293,2.27049550037991,
2.2705168902469,2.27055966998087,2.27064522944881,2.27068800918278,2.27073078891675,
2.27075217878374,2.27077356865072,2.27077891611747,2.27078426358422,2.27080030598446,
2.27081100091795,2.27081367465132,2.27081634838469),.UNSPECIFIED.);
#19=B_SPLINE_CURVE_WITH_KNOTS('',3,(#3608,#3609,#3610,#3611,#3612,#3613),
 .UNSPECIFIED.,.F.,.F.,(4,2,4),(-0.0408015975442821,-0.0287951206202175,
0.),.UNSPECIFIED.);
#20=B_SPLINE_CURVE_WITH_KNOTS('',3,(#3631,#3632,#3633,#3634,#3635,#3636),
 .UNSPECIFIED.,.F.,.F.,(4,2,4),(0.,0.0287951206202176,0.0408015975442824),
 .UNSPECIFIED.);
#21=CYLINDRICAL_SURFACE('',#1471,0.37);
#22=CYLINDRICAL_SURFACE('',#1473,0.37);
#23=CYLINDRICAL_SURFACE('',#1474,0.37);
#24=CYLINDRICAL_SURFACE('',#1481,0.5);
#25=CYLINDRICAL_SURFACE('',#1488,0.5);
#26=CYLINDRICAL_SURFACE('',#1491,0.30725);
#27=CYLINDRICAL_SURFACE('',#1496,0.30725);
#28=CYLINDRICAL_SURFACE('',#1500,0.635);
#29=CYLINDRICAL_SURFACE('',#1502,0.25);
#30=CYLINDRICAL_SURFACE('',#1506,0.25);
#31=CYLINDRICAL_SURFACE('',#1509,0.61);
#32=ELLIPSE('',#1466,0.388973006775535,0.370000000000001);
#33=ELLIPSE('',#1467,0.388973006775535,0.370000000000001);
#34=ELLIPSE('',#1469,0.388973006775533,0.370000000000001);
#35=ELLIPSE('',#1470,0.388973006775534,0.370000000000001);
#36=CIRCLE('',#1465,0.25);
#37=CIRCLE('',#1468,0.250000000000001);
#38=CIRCLE('',#1472,0.37);
#39=CIRCLE('',#1475,0.37);
#40=CIRCLE('',#1478,0.61);
#41=CIRCLE('',#1479,0.5);
#42=CIRCLE('',#1480,0.5);
#43=CIRCLE('',#1482,0.5);
#44=CIRCLE('',#1484,0.25);
#45=CIRCLE('',#1486,0.5);
#46=CIRCLE('',#1487,0.635000108106423);
#47=CIRCLE('',#1490,0.30725);
#48=CIRCLE('',#1492,0.30725);
#49=CIRCLE('',#1494,0.30725);
#50=CIRCLE('',#1495,0.30725);
#51=CIRCLE('',#1499,0.25);
#52=CIRCLE('',#1501,0.635);
#53=CIRCLE('',#1503,0.25);
#54=CIRCLE('',#1504,0.25);
#55=CIRCLE('',#1507,0.25);
#56=CIRCLE('',#1508,0.25);
#57=CIRCLE('',#1510,0.610000103850265);
#58=B_SPLINE_SURFACE_WITH_KNOTS('',3,3,((#2064,#2065,#2066,#2067,#2068,
#2069,#2070),(#2071,#2072,#2073,#2074,#2075,#2076,#2077),(#2078,#2079,#2080,
#2081,#2082,#2083,#2084),(#2085,#2086,#2087,#2088,#2089,#2090,#2091),(#2092,
#2093,#2094,#2095,#2096,#2097,#2098)),.UNSPECIFIED.,.F.,.F.,.F.,(4,1,4),
(4,1,1,1,4),(0.,0.571428571428571,1.),(-1.5707963267949,-0.897597901025657,
-0.44879895051283,-0.224399475256417,-3.81639164714898E-15),
 .UNSPECIFIED.);
#59=B_SPLINE_SURFACE_WITH_KNOTS('',3,3,((#2105,#2106,#2107,#2108,#2109,
#2110,#2111),(#2112,#2113,#2114,#2115,#2116,#2117,#2118),(#2119,#2120,#2121,
#2122,#2123,#2124,#2125),(#2126,#2127,#2128,#2129,#2130,#2131,#2132),(#2133,
#2134,#2135,#2136,#2137,#2138,#2139)),.UNSPECIFIED.,.F.,.F.,.F.,(4,1,4),
(4,1,1,1,4),(0.,0.571428571428571,1.),(-1.57079632679489,-0.897597901025655,
-0.448798950512828,-0.224399475256415,-2.02384405530629E-15),
 .UNSPECIFIED.);
#60=B_SPLINE_SURFACE_WITH_KNOTS('',3,3,((#2321,#2322,#2323,#2324,#2325,
#2326,#2327,#2328,#2329,#2330,#2331,#2332,#2333,#2334,#2335,#2336,#2337,
#2338,#2339,#2340,#2341,#2342,#2343,#2344,#2345,#2346,#2347,#2348,#2349,
#2350,#2351,#2352,#2353,#2354,#2355,#2356,#2357,#2358,#2359,#2360,#2361,
#2362,#2363,#2364,#2365,#2366,#2367,#2368,#2369,#2370,#2371,#2372,#2373,
#2374,#2375,#2376,#2377,#2378,#2379,#2380,#2381,#2382,#2383,#2384,#2385,
#2386,#2387,#2388,#2389,#2390,#2391,#2392,#2393,#2394,#2395,#2396,#2397,
#2398,#2399,#2400,#2401,#2402,#2403,#2404,#2405,#2406,#2407,#2408,#2409,
#2410,#2411,#2412,#2413,#2414,#2415,#2416,#2417,#2418,#2419,#2420,#2421,
#2422,#2423,#2424,#2425,#2426,#2427,#2428,#2429,#2430,#2431,#2432,#2433,
#2434,#2435,#2436,#2437,#2438,#2439,#2440,#2441,#2442,#2443,#2444,#2445,
#2446,#2447,#2448,#2449,#2450),(#2451,#2452,#2453,#2454,#2455,#2456,#2457,
#2458,#2459,#2460,#2461,#2462,#2463,#2464,#2465,#2466,#2467,#2468,#2469,
#2470,#2471,#2472,#2473,#2474,#2475,#2476,#2477,#2478,#2479,#2480,#2481,
#2482,#2483,#2484,#2485,#2486,#2487,#2488,#2489,#2490,#2491,#2492,#2493,
#2494,#2495,#2496,#2497,#2498,#2499,#2500,#2501,#2502,#2503,#2504,#2505,
#2506,#2507,#2508,#2509,#2510,#2511,#2512,#2513,#2514,#2515,#2516,#2517,
#2518,#2519,#2520,#2521,#2522,#2523,#2524,#2525,#2526,#2527,#2528,#2529,
#2530,#2531,#2532,#2533,#2534,#2535,#2536,#2537,#2538,#2539,#2540,#2541,
#2542,#2543,#2544,#2545,#2546,#2547,#2548,#2549,#2550,#2551,#2552,#2553,
#2554,#2555,#2556,#2557,#2558,#2559,#2560,#2561,#2562,#2563,#2564,#2565,
#2566,#2567,#2568,#2569,#2570,#2571,#2572,#2573,#2574,#2575,#2576,#2577,
#2578,#2579,#2580),(#2581,#2582,#2583,#2584,#2585,#2586,#2587,#2588,#2589,
#2590,#2591,#2592,#2593,#2594,#2595,#2596,#2597,#2598,#2599,#2600,#2601,
#2602,#2603,#2604,#2605,#2606,#2607,#2608,#2609,#2610,#2611,#2612,#2613,
#2614,#2615,#2616,#2617,#2618,#2619,#2620,#2621,#2622,#2623,#2624,#2625,
#2626,#2627,#2628,#2629,#2630,#2631,#2632,#2633,#2634,#2635,#2636,#2637,
#2638,#2639,#2640,#2641,#2642,#2643,#2644,#2645,#2646,#2647,#2648,#2649,
#2650,#2651,#2652,#2653,#2654,#2655,#2656,#2657,#2658,#2659,#2660,#2661,
#2662,#2663,#2664,#2665,#2666,#2667,#2668,#2669,#2670,#2671,#2672,#2673,
#2674,#2675,#2676,#2677,#2678,#2679,#2680,#2681,#2682,#2683,#2684,#2685,
#2686,#2687,#2688,#2689,#2690,#2691,#2692,#2693,#2694,#2695,#2696,#2697,
#2698,#2699,#2700,#2701,#2702,#2703,#2704,#2705,#2706,#2707,#2708,#2709,
#2710),(#2711,#2712,#2713,#2714,#2715,#2716,#2717,#2718,#2719,#2720,#2721,
#2722,#2723,#2724,#2725,#2726,#2727,#2728,#2729,#2730,#2731,#2732,#2733,
#2734,#2735,#2736,#2737,#2738,#2739,#2740,#2741,#2742,#2743,#2744,#2745,
#2746,#2747,#2748,#2749,#2750,#2751,#2752,#2753,#2754,#2755,#2756,#2757,
#2758,#2759,#2760,#2761,#2762,#2763,#2764,#2765,#2766,#2767,#2768,#2769,
#2770,#2771,#2772,#2773,#2774,#2775,#2776,#2777,#2778,#2779,#2780,#2781,
#2782,#2783,#2784,#2785,#2786,#2787,#2788,#2789,#2790,#2791,#2792,#2793,
#2794,#2795,#2796,#2797,#2798,#2799,#2800,#2801,#2802,#2803,#2804,#2805,
#2806,#2807,#2808,#2809,#2810,#2811,#2812,#2813,#2814,#2815,#2816,#2817,
#2818,#2819,#2820,#2821,#2822,#2823,#2824,#2825,#2826,#2827,#2828,#2829,
#2830,#2831,#2832,#2833,#2834,#2835,#2836,#2837,#2838,#2839,#2840),(#2841,
#2842,#2843,#2844,#2845,#2846,#2847,#2848,#2849,#2850,#2851,#2852,#2853,
#2854,#2855,#2856,#2857,#2858,#2859,#2860,#2861,#2862,#2863,#2864,#2865,
#2866,#2867,#2868,#2869,#2870,#2871,#2872,#2873,#2874,#2875,#2876,#2877,
#2878,#2879,#2880,#2881,#2882,#2883,#2884,#2885,#2886,#2887,#2888,#2889,
#2890,#2891,#2892,#2893,#2894,#2895,#2896,#2897,#2898,#2899,#2900,#2901,
#2902,#2903,#2904,#2905,#2906,#2907,#2908,#2909,#2910,#2911,#2912,#2913,
#2914,#2915,#2916,#2917,#2918,#2919,#2920,#2921,#2922,#2923,#2924,#2925,
#2926,#2927,#2928,#2929,#2930,#2931,#2932,#2933,#2934,#2935,#2936,#2937,
#2938,#2939,#2940,#2941,#2942,#2943,#2944,#2945,#2946,#2947,#2948,#2949,
#2950,#2951,#2952,#2953,#2954,#2955,#2956,#2957,#2958,#2959,#2960,#2961,
#2962,#2963,#2964,#2965,#2966,#2967,#2968,#2969,#2970),(#2971,#2972,#2973,
#2974,#2975,#2976,#2977,#2978,#2979,#2980,#2981,#2982,#2983,#2984,#2985,
#2986,#2987,#2988,#2989,#2990,#2991,#2992,#2993,#2994,#2995,#2996,#2997,
#2998,#2999,#3000,#3001,#3002,#3003,#3004,#3005,#3006,#3007,#3008,#3009,
#3010,#3011,#3012,#3013,#3014,#3015,#3016,#3017,#3018,#3019,#3020,#3021,
#3022,#3023,#3024,#3025,#3026,#3027,#3028,#3029,#3030,#3031,#3032,#3033,
#3034,#3035,#3036,#3037,#3038,#3039,#3040,#3041,#3042,#3043,#3044,#3045,
#3046,#3047,#3048,#3049,#3050,#3051,#3052,#3053,#3054,#3055,#3056,#3057,
#3058,#3059,#3060,#3061,#3062,#3063,#3064,#3065,#3066,#3067,#3068,#3069,
#3070,#3071,#3072,#3073,#3074,#3075,#3076,#3077,#3078,#3079,#3080,#3081,
#3082,#3083,#3084,#3085,#3086,#3087,#3088,#3089,#3090,#3091,#3092,#3093,
#3094,#3095,#3096,#3097,#3098,#3099,#3100),(#3101,#3102,#3103,#3104,#3105,
#3106,#3107,#3108,#3109,#3110,#3111,#3112,#3113,#3114,#3115,#3116,#3117,
#3118,#3119,#3120,#3121,#3122,#3123,#3124,#3125,#3126,#3127,#3128,#3129,
#3130,#3131,#3132,#3133,#3134,#3135,#3136,#3137,#3138,#3139,#3140,#3141,
#3142,#3143,#3144,#3145,#3146,#3147,#3148,#3149,#3150,#3151,#3152,#3153,
#3154,#3155,#3156,#3157,#3158,#3159,#3160,#3161,#3162,#3163,#3164,#3165,
#3166,#3167,#3168,#3169,#3170,#3171,#3172,#3173,#3174,#3175,#3176,#3177,
#3178,#3179,#3180,#3181,#3182,#3183,#3184,#3185,#3186,#3187,#3188,#3189,
#3190,#3191,#3192,#3193,#3194,#3195,#3196,#3197,#3198,#3199,#3200,#3201,
#3202,#3203,#3204,#3205,#3206,#3207,#3208,#3209,#3210,#3211,#3212,#3213,
#3214,#3215,#3216,#3217,#3218,#3219,#3220,#3221,#3222,#3223,#3224,#3225,
#3226,#3227,#3228,#3229,#3230)),.UNSPECIFIED.,.F.,.F.,.F.,(4,1,1,1,4),(4,
1,1,1,1,1,1,1,1,1,1,1,1,1,1,1,1,1,1,1,1,1,1,1,1,1,1,1,1,1,1,1,1,1,1,1,1,
1,1,1,1,1,1,1,1,1,1,1,1,1,1,1,1,1,1,1,1,1,1,1,1,1,1,1,1,1,1,1,1,1,1,1,1,
1,1,1,1,1,1,1,1,1,1,1,1,1,1,1,1,1,1,1,1,1,1,1,1,1,1,1,1,1,1,1,1,1,1,1,1,
1,1,1,1,1,1,1,1,1,1,1,1,1,1,1,1,1,1,4),(0.,0.285714285714286,0.571428571428571,
0.857142857142857,1.),(1.96417121528079,1.96690911825494,1.96964702122908,
1.97512282717736,1.98059863312565,1.98607443907393,1.99155024502221,1.9970260509705,
2.00250185691878,2.00797766286707,2.01345346881535,2.01892927476363,2.02440508071192,
2.0298808866602,2.03535669260849,2.03809459558263,2.04083249855677,2.04630830450505,
2.05178411045334,2.05725991640162,2.06273572234991,2.06821152829819,2.07368733424647,
2.07916314019476,2.08463894614304,2.09011475209132,2.09559055803961,2.09924109533846,
2.10106636398789,2.10289163263732,2.10654216993618,2.11019270723503,2.11384324453389,
2.11749378183274,2.1211443191316,2.12479485643046,2.12844539372931,2.13209593102817,
2.13574646832702,2.13939700562588,2.14304754292474,2.14487281157416,2.14669808022359,
2.15034861752245,2.1539991548213,2.15764969212016,2.16130022941902,2.16495076671787,
2.16860130401673,2.17225184131558,2.17590237861444,2.1795529159133,2.18320345321215,
2.18867925916044,2.19141716213458,2.19415506510872,2.199630871057,2.20510667700529,
2.20875721430414,2.212407751603,2.21605828890185,2.21697092322657,2.21970882620071,
2.22153409485014,2.22335936349957,2.22518463214899,2.22700990079842,2.23248570674671,
2.23796151269499,2.23933046418206,2.24069941566913,2.24343731864327,2.24480627013035,
2.24549074587388,2.24617522161742,2.24891312459156,2.25028207607863,2.25096655182216,
2.2516510275657,2.25438893053984,2.25712683351398,2.25781130925752,2.25849578500106,
2.25986473648813,2.2612336879752,2.26191816371873,2.2622604015905,2.26260263946227,
2.2632871152058,2.26397159094934,2.26465606669287,2.26534054243641,2.26568278030818,
2.26585389924406,2.265939458712,2.26602501817995,2.26670949392348,2.26739396966702,
2.2675650886029,2.26773620753878,2.26807844541055,2.26876292115409,2.26893404008997,
2.26910515902586,2.26927627796174,2.26944739689762,2.26961851583351,2.26978963476939,
2.27013187264116,2.27017465237513,2.27019604224212,2.2702174321091,2.27034577131101,
2.27047411051293,2.27049550037991,2.2705168902469,2.27055966998087,2.27064522944881,
2.27068800918278,2.27073078891675,2.27075217878374,2.27077356865072,2.27077891611747,
2.27078426358422,2.27080030598446,2.27081100091795,2.27081367465132,2.27081634838469),
 .UNSPECIFIED.);
#61=STYLED_ITEM('',(#3711),#63);
#62=STYLED_ITEM('',(#3711),#64);
#63=MANIFOLD_SOLID_BREP('Chassis',#1433);
#64=MANIFOLD_SOLID_BREP('Chassis (1)',#1434);
#65=FACE_BOUND('',#170,.T.);
#66=FACE_BOUND('',#171,.T.);
#67=FACE_BOUND('',#183,.T.);
#68=FACE_BOUND('',#184,.T.);
#69=FACE_BOUND('',#188,.T.);
#70=FACE_BOUND('',#189,.T.);
#71=FACE_OUTER_BOUND('',#145,.T.);
#72=FACE_OUTER_BOUND('',#146,.T.);
#73=FACE_OUTER_BOUND('',#147,.T.);
#74=FACE_OUTER_BOUND('',#148,.T.);
#75=FACE_OUTER_BOUND('',#149,.T.);
#76=FACE_OUTER_BOUND('',#150,.T.);
#77=FACE_OUTER_BOUND('',#151,.T.);
#78=FACE_OUTER_BOUND('',#152,.T.);
#79=FACE_OUTER_BOUND('',#153,.T.);
#80=FACE_OUTER_BOUND('',#154,.T.);
#81=FACE_OUTER_BOUND('',#155,.T.);
#82=FACE_OUTER_BOUND('',#156,.T.);
#83=FACE_OUTER_BOUND('',#157,.T.);
#84=FACE_OUTER_BOUND('',#158,.T.);
#85=FACE_OUTER_BOUND('',#159,.T.);
#86=FACE_OUTER_BOUND('',#160,.T.);
#87=FACE_OUTER_BOUND('',#161,.T.);
#88=FACE_OUTER_BOUND('',#162,.T.);
#89=FACE_OUTER_BOUND('',#163,.T.);
#90=FACE_OUTER_BOUND('',#164,.T.);
#91=FACE_OUTER_BOUND('',#165,.T.);
#92=FACE_OUTER_BOUND('',#166,.T.);
#93=FACE_OUTER_BOUND('',#167,.T.);
#94=FACE_OUTER_BOUND('',#168,.T.);
#95=FACE_OUTER_BOUND('',#169,.T.);
#96=FACE_OUTER_BOUND('',#172,.T.);
#97=FACE_OUTER_BOUND('',#173,.T.);
#98=FACE_OUTER_BOUND('',#174,.T.);
#99=FACE_OUTER_BOUND('',#175,.T.);
#100=FACE_OUTER_BOUND('',#176,.T.);
#101=FACE_OUTER_BOUND('',#177,.T.);
#102=FACE_OUTER_BOUND('',#178,.T.);
#103=FACE_OUTER_BOUND('',#179,.T.);
#104=FACE_OUTER_BOUND('',#180,.T.);
#105=FACE_OUTER_BOUND('',#181,.T.);
#106=FACE_OUTER_BOUND('',#182,.T.);
#107=FACE_OUTER_BOUND('',#185,.T.);
#108=FACE_OUTER_BOUND('',#186,.T.);
#109=FACE_OUTER_BOUND('',#187,.T.);
#110=FACE_OUTER_BOUND('',#190,.T.);
#111=FACE_OUTER_BOUND('',#191,.T.);
#112=FACE_OUTER_BOUND('',#192,.T.);
#113=FACE_OUTER_BOUND('',#193,.T.);
#114=FACE_OUTER_BOUND('',#194,.T.);
#115=FACE_OUTER_BOUND('',#195,.T.);
#116=FACE_OUTER_BOUND('',#196,.T.);
#117=FACE_OUTER_BOUND('',#197,.T.);
#118=FACE_OUTER_BOUND('',#198,.T.);
#119=FACE_OUTER_BOUND('',#199,.T.);
#120=FACE_OUTER_BOUND('',#200,.T.);
#121=FACE_OUTER_BOUND('',#201,.T.);
#122=FACE_OUTER_BOUND('',#202,.T.);
#123=FACE_OUTER_BOUND('',#203,.T.);
#124=FACE_OUTER_BOUND('',#204,.T.);
#125=FACE_OUTER_BOUND('',#205,.T.);
#126=FACE_OUTER_BOUND('',#206,.T.);
#127=FACE_OUTER_BOUND('',#207,.T.);
#128=FACE_OUTER_BOUND('',#208,.T.);
#129=FACE_OUTER_BOUND('',#209,.T.);
#130=FACE_OUTER_BOUND('',#210,.T.);
#131=FACE_OUTER_BOUND('',#211,.T.);
#132=FACE_OUTER_BOUND('',#212,.T.);
#133=FACE_OUTER_BOUND('',#213,.T.);
#134=FACE_OUTER_BOUND('',#214,.T.);
#135=FACE_OUTER_BOUND('',#215,.T.);
#136=FACE_OUTER_BOUND('',#216,.T.);
#137=FACE_OUTER_BOUND('',#217,.T.);
#138=FACE_OUTER_BOUND('',#218,.T.);
#139=FACE_OUTER_BOUND('',#219,.T.);
#140=FACE_OUTER_BOUND('',#220,.T.);
#141=FACE_OUTER_BOUND('',#221,.T.);
#142=FACE_OUTER_BOUND('',#222,.T.);
#143=FACE_OUTER_BOUND('',#223,.T.);
#144=FACE_OUTER_BOUND('',#224,.T.);
#145=EDGE_LOOP('',(#897,#898,#899,#900));
#146=EDGE_LOOP('',(#901,#902,#903,#904));
#147=EDGE_LOOP('',(#905,#906,#907,#908));
#148=EDGE_LOOP('',(#909,#910,#911,#912));
#149=EDGE_LOOP('',(#913,#914,#915,#916));
#150=EDGE_LOOP('',(#917,#918,#919,#920));
#151=EDGE_LOOP('',(#921,#922,#923,#924));
#152=EDGE_LOOP('',(#925,#926,#927,#928));
#153=EDGE_LOOP('',(#929,#930,#931,#932,#933,#934,#935,#936,#937,#938,#939,
#940));
#154=EDGE_LOOP('',(#941,#942,#943,#944,#945,#946,#947,#948,#949,#950,#951,
#952,#953,#954));
#155=EDGE_LOOP('',(#955,#956,#957,#958));
#156=EDGE_LOOP('',(#959,#960,#961,#962,#963,#964));
#157=EDGE_LOOP('',(#965,#966,#967,#968));
#158=EDGE_LOOP('',(#969,#970,#971,#972,#973,#974));
#159=EDGE_LOOP('',(#975,#976,#977,#978,#979,#980,#981,#982,#983,#984,#985,
#986,#987));
#160=EDGE_LOOP('',(#988,#989,#990,#991,#992,#993,#994,#995,#996,#997,#998));
#161=EDGE_LOOP('',(#999,#1000,#1001,#1002));
#162=EDGE_LOOP('',(#1003,#1004,#1005,#1006));
#163=EDGE_LOOP('',(#1007,#1008,#1009,#1010));
#164=EDGE_LOOP('',(#1011,#1012,#1013,#1014));
#165=EDGE_LOOP('',(#1015,#1016,#1017,#1018,#1019,#1020));
#166=EDGE_LOOP('',(#1021,#1022,#1023,#1024));
#167=EDGE_LOOP('',(#1025,#1026,#1027,#1028));
#168=EDGE_LOOP('',(#1029,#1030,#1031,#1032));
#169=EDGE_LOOP('',(#1033,#1034,#1035,#1036,#1037,#1038));
#170=EDGE_LOOP('',(#1039,#1040,#1041,#1042));
#171=EDGE_LOOP('',(#1043,#1044,#1045,#1046));
#172=EDGE_LOOP('',(#1047,#1048,#1049,#1050,#1051,#1052,#1053,#1054));
#173=EDGE_LOOP('',(#1055,#1056,#1057,#1058));
#174=EDGE_LOOP('',(#1059,#1060,#1061,#1062));
#175=EDGE_LOOP('',(#1063,#1064,#1065,#1066));
#176=EDGE_LOOP('',(#1067,#1068,#1069));
#177=EDGE_LOOP('',(#1070,#1071,#1072));
#178=EDGE_LOOP('',(#1073,#1074,#1075,#1076));
#179=EDGE_LOOP('',(#1077,#1078,#1079,#1080));
#180=EDGE_LOOP('',(#1081,#1082,#1083,#1084));
#181=EDGE_LOOP('',(#1085,#1086,#1087,#1088));
#182=EDGE_LOOP('',(#1089,#1090,#1091,#1092,#1093,#1094,#1095,#1096,#1097,
#1098,#1099));
#183=EDGE_LOOP('',(#1100,#1101,#1102,#1103));
#184=EDGE_LOOP('',(#1104,#1105,#1106,#1107));
#185=EDGE_LOOP('',(#1108,#1109,#1110,#1111));
#186=EDGE_LOOP('',(#1112,#1113,#1114,#1115,#1116,#1117,#1118,#1119,#1120));
#187=EDGE_LOOP('',(#1121,#1122,#1123,#1124,#1125,#1126,#1127,#1128,#1129,
#1130,#1131));
#188=EDGE_LOOP('',(#1132,#1133,#1134,#1135));
#189=EDGE_LOOP('',(#1136,#1137,#1138,#1139));
#190=EDGE_LOOP('',(#1140,#1141,#1142,#1143));
#191=EDGE_LOOP('',(#1144,#1145,#1146,#1147,#1148));
#192=EDGE_LOOP('',(#1149,#1150,#1151,#1152));
#193=EDGE_LOOP('',(#1153,#1154,#1155));
#194=EDGE_LOOP('',(#1156,#1157,#1158,#1159,#1160,#1161));
#195=EDGE_LOOP('',(#1162,#1163,#1164,#1165));
#196=EDGE_LOOP('',(#1166,#1167,#1168,#1169,#1170,#1171,#1172,#1173,#1174));
#197=EDGE_LOOP('',(#1175,#1176,#1177,#1178,#1179,#1180,#1181));
#198=EDGE_LOOP('',(#1182,#1183,#1184,#1185));
#199=EDGE_LOOP('',(#1186,#1187,#1188,#1189,#1190));
#200=EDGE_LOOP('',(#1191,#1192,#1193));
#201=EDGE_LOOP('',(#1194,#1195,#1196,#1197));
#202=EDGE_LOOP('',(#1198,#1199,#1200,#1201,#1202));
#203=EDGE_LOOP('',(#1203,#1204,#1205));
#204=EDGE_LOOP('',(#1206,#1207,#1208,#1209,#1210));
#205=EDGE_LOOP('',(#1211,#1212,#1213,#1214));
#206=EDGE_LOOP('',(#1215,#1216,#1217,#1218));
#207=EDGE_LOOP('',(#1219,#1220,#1221,#1222));
#208=EDGE_LOOP('',(#1223,#1224,#1225,#1226));
#209=EDGE_LOOP('',(#1227,#1228,#1229,#1230,#1231,#1232,#1233,#1234));
#210=EDGE_LOOP('',(#1235,#1236,#1237,#1238));
#211=EDGE_LOOP('',(#1239,#1240,#1241,#1242,#1243,#1244));
#212=EDGE_LOOP('',(#1245,#1246,#1247,#1248));
#213=EDGE_LOOP('',(#1249,#1250,#1251,#1252,#1253,#1254));
#214=EDGE_LOOP('',(#1255,#1256,#1257,#1258,#1259,#1260));
#215=EDGE_LOOP('',(#1261,#1262,#1263,#1264));
#216=EDGE_LOOP('',(#1265,#1266,#1267,#1268));
#217=EDGE_LOOP('',(#1269,#1270,#1271,#1272));
#218=EDGE_LOOP('',(#1273,#1274,#1275,#1276));
#219=EDGE_LOOP('',(#1277,#1278,#1279,#1280));
#220=EDGE_LOOP('',(#1281,#1282,#1283,#1284));
#221=EDGE_LOOP('',(#1285,#1286,#1287,#1288));
#222=EDGE_LOOP('',(#1289,#1290,#1291,#1292));
#223=EDGE_LOOP('',(#1293,#1294,#1295,#1296));
#224=EDGE_LOOP('',(#1297,#1298,#1299,#1300));
#225=LINE('',#1897,#395);
#226=LINE('',#1899,#396);
#227=LINE('',#1901,#397);
#228=LINE('',#1902,#398);
#229=LINE('',#1905,#399);
#230=LINE('',#1907,#400);
#231=LINE('',#1908,#401);
#232=LINE('',#1912,#402);
#233=LINE('',#1914,#403);
#234=LINE('',#1916,#404);
#235=LINE('',#1917,#405);
#236=LINE('',#1920,#406);
#237=LINE('',#1922,#407);
#238=LINE('',#1923,#408);
#239=LINE('',#1926,#409);
#240=LINE('',#1928,#410);
#241=LINE('',#1929,#411);
#242=LINE('',#1933,#412);
#243=LINE('',#1935,#413);
#244=LINE('',#1937,#414);
#245=LINE('',#1938,#415);
#246=LINE('',#1941,#416);
#247=LINE('',#1943,#417);
#248=LINE('',#1944,#418);
#249=LINE('',#1947,#419);
#250=LINE('',#1949,#420);
#251=LINE('',#1950,#421);
#252=LINE('',#1952,#422);
#253=LINE('',#1954,#423);
#254=LINE('',#1955,#424);
#255=LINE('',#1956,#425);
#256=LINE('',#1959,#426);
#257=LINE('',#1961,#427);
#258=LINE('',#1963,#428);
#259=LINE('',#1964,#429);
#260=LINE('',#1965,#430);
#261=LINE('',#1966,#431);
#262=LINE('',#1970,#432);
#263=LINE('',#1972,#433);
#264=LINE('',#1974,#434);
#265=LINE('',#1975,#435);
#266=LINE('',#1978,#436);
#267=LINE('',#1980,#437);
#268=LINE('',#1982,#438);
#269=LINE('',#1984,#439);
#270=LINE('',#1985,#440);
#271=LINE('',#1989,#441);
#272=LINE('',#1991,#442);
#273=LINE('',#1993,#443);
#274=LINE('',#1994,#444);
#275=LINE('',#1997,#445);
#276=LINE('',#1999,#446);
#277=LINE('',#2001,#447);
#278=LINE('',#2003,#448);
#279=LINE('',#2004,#449);
#280=LINE('',#2007,#450);
#281=LINE('',#2009,#451);
#282=LINE('',#2011,#452);
#283=LINE('',#2013,#453);
#284=LINE('',#2014,#454);
#285=LINE('',#2016,#455);
#286=LINE('',#2018,#456);
#287=LINE('',#2020,#457);
#288=LINE('',#2021,#458);
#289=LINE('',#2024,#459);
#290=LINE('',#2026,#460);
#291=LINE('',#2028,#461);
#292=LINE('',#2029,#462);
#293=LINE('',#2031,#463);
#294=LINE('',#2033,#464);
#295=LINE('',#2035,#465);
#296=LINE('',#2037,#466);
#297=LINE('',#2038,#467);
#298=LINE('',#2040,#468);
#299=LINE('',#2041,#469);
#300=LINE('',#2043,#470);
#301=LINE('',#2046,#471);
#302=LINE('',#2047,#472);
#303=LINE('',#2049,#473);
#304=LINE('',#2051,#474);
#305=LINE('',#2053,#475);
#306=LINE('',#2055,#476);
#307=LINE('',#2058,#477);
#308=LINE('',#2060,#478);
#309=LINE('',#2062,#479);
#310=LINE('',#2148,#480);
#311=LINE('',#2151,#481);
#312=LINE('',#2153,#482);
#313=LINE('',#2154,#483);
#314=LINE('',#2157,#484);
#315=LINE('',#2160,#485);
#316=LINE('',#2162,#486);
#317=LINE('',#2165,#487);
#318=LINE('',#2169,#488);
#319=LINE('',#2171,#489);
#320=LINE('',#2175,#490);
#321=LINE('',#2178,#491);
#322=LINE('',#2181,#492);
#323=LINE('',#2183,#493);
#324=LINE('',#2185,#494);
#325=LINE('',#2186,#495);
#326=LINE('',#2189,#496);
#327=LINE('',#2191,#497);
#328=LINE('',#2193,#498);
#329=LINE('',#2194,#499);
#330=LINE('',#2199,#500);
#331=LINE('',#2200,#501);
#332=LINE('',#2203,#502);
#333=LINE('',#2205,#503);
#334=LINE('',#2207,#504);
#335=LINE('',#2209,#505);
#336=LINE('',#2212,#506);
#337=LINE('',#2215,#507);
#338=LINE('',#2219,#508);
#339=LINE('',#2221,#509);
#340=LINE('',#2284,#510);
#341=LINE('',#2286,#511);
#342=LINE('',#2288,#512);
#343=LINE('',#2292,#513);
#344=LINE('',#2294,#514);
#345=LINE('',#2296,#515);
#346=LINE('',#2297,#516);
#347=LINE('',#2300,#517);
#348=LINE('',#2302,#518);
#349=LINE('',#2304,#519);
#350=LINE('',#2305,#520);
#351=LINE('',#2307,#521);
#352=LINE('',#2308,#522);
#353=LINE('',#2311,#523);
#354=LINE('',#2315,#524);
#355=LINE('',#2320,#525);
#356=LINE('',#3570,#526);
#357=LINE('',#3573,#527);
#358=LINE('',#3575,#528);
#359=LINE('',#3577,#529);
#360=LINE('',#3579,#530);
#361=LINE('',#3580,#531);
#362=LINE('',#3583,#532);
#363=LINE('',#3587,#533);
#364=LINE('',#3589,#534);
#365=LINE('',#3590,#535);
#366=LINE('',#3598,#536);
#367=LINE('',#3616,#537);
#368=LINE('',#3617,#538);
#369=LINE('',#3638,#539);
#370=LINE('',#3643,#540);
#371=LINE('',#3645,#541);
#372=LINE('',#3647,#542);
#373=LINE('',#3648,#543);
#374=LINE('',#3651,#544);
#375=LINE('',#3653,#545);
#376=LINE('',#3654,#546);
#377=LINE('',#3656,#547);
#378=LINE('',#3657,#548);
#379=LINE('',#3659,#549);
#380=LINE('',#3662,#550);
#381=LINE('',#3664,#551);
#382=LINE('',#3665,#552);
#383=LINE('',#3667,#553);
#384=LINE('',#3668,#554);
#385=LINE('',#3670,#555);
#386=LINE('',#3673,#556);
#387=LINE('',#3676,#557);
#388=LINE('',#3677,#558);
#389=LINE('',#3679,#559);
#390=LINE('',#3681,#560);
#391=LINE('',#3682,#561);
#392=LINE('',#3684,#562);
#393=LINE('',#3687,#563);
#394=LINE('',#3690,#564);
#395=VECTOR('',#1535,1.);
#396=VECTOR('',#1536,1.);
#397=VECTOR('',#1537,1.);
#398=VECTOR('',#1538,1.);
#399=VECTOR('',#1541,1.);
#400=VECTOR('',#1542,1.);
#401=VECTOR('',#1543,1.);
#402=VECTOR('',#1546,1.);
#403=VECTOR('',#1547,1.);
#404=VECTOR('',#1548,1.);
#405=VECTOR('',#1549,1.);
#406=VECTOR('',#1552,1.);
#407=VECTOR('',#1553,1.);
#408=VECTOR('',#1554,1.);
#409=VECTOR('',#1557,1.);
#410=VECTOR('',#1558,1.);
#411=VECTOR('',#1559,1.);
#412=VECTOR('',#1562,1.);
#413=VECTOR('',#1563,1.);
#414=VECTOR('',#1564,1.);
#415=VECTOR('',#1565,1.);
#416=VECTOR('',#1568,1.);
#417=VECTOR('',#1569,1.);
#418=VECTOR('',#1570,1.);
#419=VECTOR('',#1573,1.);
#420=VECTOR('',#1574,1.);
#421=VECTOR('',#1575,1.);
#422=VECTOR('',#1578,1.);
#423=VECTOR('',#1579,1.);
#424=VECTOR('',#1580,1.);
#425=VECTOR('',#1581,1.);
#426=VECTOR('',#1584,1.);
#427=VECTOR('',#1585,1.);
#428=VECTOR('',#1586,1.);
#429=VECTOR('',#1587,1.);
#430=VECTOR('',#1588,1.);
#431=VECTOR('',#1589,1.);
#432=VECTOR('',#1592,1.);
#433=VECTOR('',#1593,1.);
#434=VECTOR('',#1594,1.);
#435=VECTOR('',#1595,1.);
#436=VECTOR('',#1598,1.);
#437=VECTOR('',#1599,1.);
#438=VECTOR('',#1600,1.);
#439=VECTOR('',#1601,1.);
#440=VECTOR('',#1602,1.);
#441=VECTOR('',#1605,1.);
#442=VECTOR('',#1606,1.);
#443=VECTOR('',#1607,1.);
#444=VECTOR('',#1608,1.);
#445=VECTOR('',#1611,1.);
#446=VECTOR('',#1612,1.);
#447=VECTOR('',#1613,1.);
#448=VECTOR('',#1614,1.);
#449=VECTOR('',#1615,1.);
#450=VECTOR('',#1618,1.);
#451=VECTOR('',#1619,1.);
#452=VECTOR('',#1620,1.);
#453=VECTOR('',#1621,1.);
#454=VECTOR('',#1622,1.);
#455=VECTOR('',#1623,1.);
#456=VECTOR('',#1624,1.);
#457=VECTOR('',#1625,1.);
#458=VECTOR('',#1626,1.);
#459=VECTOR('',#1629,1.);
#460=VECTOR('',#1630,1.);
#461=VECTOR('',#1631,1.);
#462=VECTOR('',#1632,1.);
#463=VECTOR('',#1633,1.);
#464=VECTOR('',#1634,1.);
#465=VECTOR('',#1635,1.);
#466=VECTOR('',#1636,1.);
#467=VECTOR('',#1637,1.);
#468=VECTOR('',#1640,1.);
#469=VECTOR('',#1641,1.);
#470=VECTOR('',#1644,1.);
#471=VECTOR('',#1649,1.);
#472=VECTOR('',#1650,1.);
#473=VECTOR('',#1653,1.);
#474=VECTOR('',#1656,1.);
#475=VECTOR('',#1659,1.);
#476=VECTOR('',#1662,1.);
#477=VECTOR('',#1667,1.);
#478=VECTOR('',#1670,1.);
#479=VECTOR('',#1673,1.);
#480=VECTOR('',#1690,1.);
#481=VECTOR('',#1693,1.);
#482=VECTOR('',#1696,1.);
#483=VECTOR('',#1697,1.);
#484=VECTOR('',#1700,1.);
#485=VECTOR('',#1703,1.);
#486=VECTOR('',#1706,1.);
#487=VECTOR('',#1709,1.);
#488=VECTOR('',#1712,1.);
#489=VECTOR('',#1713,1.);
#490=VECTOR('',#1716,1.);
#491=VECTOR('',#1719,1.);
#492=VECTOR('',#1720,1.);
#493=VECTOR('',#1721,1.);
#494=VECTOR('',#1722,1.);
#495=VECTOR('',#1723,1.);
#496=VECTOR('',#1724,1.);
#497=VECTOR('',#1725,1.);
#498=VECTOR('',#1726,1.);
#499=VECTOR('',#1727,1.);
#500=VECTOR('',#1732,1.);
#501=VECTOR('',#1733,1.);
#502=VECTOR('',#1736,1.);
#503=VECTOR('',#1737,1.);
#504=VECTOR('',#1738,1.);
#505=VECTOR('',#1739,1.);
#506=VECTOR('',#1742,1.);
#507=VECTOR('',#1745,1.);
#508=VECTOR('',#1748,1.);
#509=VECTOR('',#1749,1.);
#510=VECTOR('',#1750,1.);
#511=VECTOR('',#1751,1.);
#512=VECTOR('',#1752,1.);
#513=VECTOR('',#1755,1.);
#514=VECTOR('',#1756,1.);
#515=VECTOR('',#1757,1.);
#516=VECTOR('',#1758,1.);
#517=VECTOR('',#1759,1.);
#518=VECTOR('',#1760,1.);
#519=VECTOR('',#1761,1.);
#520=VECTOR('',#1762,1.);
#521=VECTOR('',#1765,1.);
#522=VECTOR('',#1766,1.);
#523=VECTOR('',#1769,1.);
#524=VECTOR('',#1774,0.30725);
#525=VECTOR('',#1781,1.);
#526=VECTOR('',#1786,0.30725);
#527=VECTOR('',#1789,1.);
#528=VECTOR('',#1790,1.);
#529=VECTOR('',#1791,1.);
#530=VECTOR('',#1792,1.);
#531=VECTOR('',#1793,1.);
#532=VECTOR('',#1796,1.);
#533=VECTOR('',#1799,1.);
#534=VECTOR('',#1800,1.);
#535=VECTOR('',#1801,1.);
#536=VECTOR('',#1812,1.);
#537=VECTOR('',#1815,1.);
#538=VECTOR('',#1816,1.);
#539=VECTOR('',#1825,1.);
#540=VECTOR('',#1830,1.);
#541=VECTOR('',#1831,1.);
#542=VECTOR('',#1832,1.);
#543=VECTOR('',#1833,1.);
#544=VECTOR('',#1836,1.);
#545=VECTOR('',#1837,1.);
#546=VECTOR('',#1838,1.);
#547=VECTOR('',#1841,1.);
#548=VECTOR('',#1842,1.);
#549=VECTOR('',#1845,1.);
#550=VECTOR('',#1848,1.);
#551=VECTOR('',#1849,1.);
#552=VECTOR('',#1850,1.);
#553=VECTOR('',#1853,1.);
#554=VECTOR('',#1854,1.);
#555=VECTOR('',#1857,1.);
#556=VECTOR('',#1862,1.);
#557=VECTOR('',#1867,1.);
#558=VECTOR('',#1868,1.);
#559=VECTOR('',#1871,1.);
#560=VECTOR('',#1874,1.);
#561=VECTOR('',#1875,1.);
#562=VECTOR('',#1878,1.);
#563=VECTOR('',#1883,1.);
#564=VECTOR('',#1888,1.);
#565=VERTEX_POINT('',#1895);
#566=VERTEX_POINT('',#1896);
#567=VERTEX_POINT('',#1898);
#568=VERTEX_POINT('',#1900);
#569=VERTEX_POINT('',#1904);
#570=VERTEX_POINT('',#1906);
#571=VERTEX_POINT('',#1910);
#572=VERTEX_POINT('',#1911);
#573=VERTEX_POINT('',#1913);
#574=VERTEX_POINT('',#1915);
#575=VERTEX_POINT('',#1919);
#576=VERTEX_POINT('',#1921);
#577=VERTEX_POINT('',#1925);
#578=VERTEX_POINT('',#1927);
#579=VERTEX_POINT('',#1931);
#580=VERTEX_POINT('',#1932);
#581=VERTEX_POINT('',#1934);
#582=VERTEX_POINT('',#1936);
#583=VERTEX_POINT('',#1940);
#584=VERTEX_POINT('',#1942);
#585=VERTEX_POINT('',#1946);
#586=VERTEX_POINT('',#1948);
#587=VERTEX_POINT('',#1953);
#588=VERTEX_POINT('',#1958);
#589=VERTEX_POINT('',#1960);
#590=VERTEX_POINT('',#1962);
#591=VERTEX_POINT('',#1968);
#592=VERTEX_POINT('',#1969);
#593=VERTEX_POINT('',#1971);
#594=VERTEX_POINT('',#1973);
#595=VERTEX_POINT('',#1977);
#596=VERTEX_POINT('',#1979);
#597=VERTEX_POINT('',#1981);
#598=VERTEX_POINT('',#1983);
#599=VERTEX_POINT('',#1987);
#600=VERTEX_POINT('',#1988);
#601=VERTEX_POINT('',#1990);
#602=VERTEX_POINT('',#1992);
#603=VERTEX_POINT('',#1996);
#604=VERTEX_POINT('',#1998);
#605=VERTEX_POINT('',#2000);
#606=VERTEX_POINT('',#2002);
#607=VERTEX_POINT('',#2006);
#608=VERTEX_POINT('',#2008);
#609=VERTEX_POINT('',#2010);
#610=VERTEX_POINT('',#2012);
#611=VERTEX_POINT('',#2015);
#612=VERTEX_POINT('',#2017);
#613=VERTEX_POINT('',#2019);
#614=VERTEX_POINT('',#2023);
#615=VERTEX_POINT('',#2025);
#616=VERTEX_POINT('',#2027);
#617=VERTEX_POINT('',#2030);
#618=VERTEX_POINT('',#2032);
#619=VERTEX_POINT('',#2034);
#620=VERTEX_POINT('',#2036);
#621=VERTEX_POINT('',#2099);
#622=VERTEX_POINT('',#2100);
#623=VERTEX_POINT('',#2102);
#624=VERTEX_POINT('',#2140);
#625=VERTEX_POINT('',#2141);
#626=VERTEX_POINT('',#2143);
#627=VERTEX_POINT('',#2147);
#628=VERTEX_POINT('',#2149);
#629=VERTEX_POINT('',#2156);
#630=VERTEX_POINT('',#2158);
#631=VERTEX_POINT('',#2164);
#632=VERTEX_POINT('',#2166);
#633=VERTEX_POINT('',#2168);
#634=VERTEX_POINT('',#2170);
#635=VERTEX_POINT('',#2172);
#636=VERTEX_POINT('',#2174);
#637=VERTEX_POINT('',#2176);
#638=VERTEX_POINT('',#2179);
#639=VERTEX_POINT('',#2180);
#640=VERTEX_POINT('',#2182);
#641=VERTEX_POINT('',#2184);
#642=VERTEX_POINT('',#2187);
#643=VERTEX_POINT('',#2188);
#644=VERTEX_POINT('',#2190);
#645=VERTEX_POINT('',#2192);
#646=VERTEX_POINT('',#2196);
#647=VERTEX_POINT('',#2197);
#648=VERTEX_POINT('',#2202);
#649=VERTEX_POINT('',#2204);
#650=VERTEX_POINT('',#2206);
#651=VERTEX_POINT('',#2208);
#652=VERTEX_POINT('',#2210);
#653=VERTEX_POINT('',#2214);
#654=VERTEX_POINT('',#2216);
#655=VERTEX_POINT('',#2218);
#656=VERTEX_POINT('',#2220);
#657=VERTEX_POINT('',#2222);
#658=VERTEX_POINT('',#2283);
#659=VERTEX_POINT('',#2285);
#660=VERTEX_POINT('',#2287);
#661=VERTEX_POINT('',#2290);
#662=VERTEX_POINT('',#2291);
#663=VERTEX_POINT('',#2293);
#664=VERTEX_POINT('',#2295);
#665=VERTEX_POINT('',#2298);
#666=VERTEX_POINT('',#2299);
#667=VERTEX_POINT('',#2301);
#668=VERTEX_POINT('',#2303);
#669=VERTEX_POINT('',#2310);
#670=VERTEX_POINT('',#2314);
#671=VERTEX_POINT('',#2318);
#672=VERTEX_POINT('',#3231);
#673=VERTEX_POINT('',#3361);
#674=VERTEX_POINT('',#3438);
#675=VERTEX_POINT('',#3572);
#676=VERTEX_POINT('',#3574);
#677=VERTEX_POINT('',#3576);
#678=VERTEX_POINT('',#3578);
#679=VERTEX_POINT('',#3582);
#680=VERTEX_POINT('',#3584);
#681=VERTEX_POINT('',#3586);
#682=VERTEX_POINT('',#3588);
#683=VERTEX_POINT('',#3594);
#684=VERTEX_POINT('',#3596);
#685=VERTEX_POINT('',#3615);
#686=VERTEX_POINT('',#3619);
#687=VERTEX_POINT('',#3641);
#688=VERTEX_POINT('',#3642);
#689=VERTEX_POINT('',#3644);
#690=VERTEX_POINT('',#3646);
#691=VERTEX_POINT('',#3650);
#692=VERTEX_POINT('',#3652);
#693=VERTEX_POINT('',#3661);
#694=VERTEX_POINT('',#3663);
#695=EDGE_CURVE('',#565,#566,#225,.T.);
#696=EDGE_CURVE('',#567,#565,#226,.T.);
#697=EDGE_CURVE('',#568,#567,#227,.T.);
#698=EDGE_CURVE('',#566,#568,#228,.T.);
#699=EDGE_CURVE('',#566,#569,#229,.T.);
#700=EDGE_CURVE('',#570,#568,#230,.T.);
#701=EDGE_CURVE('',#569,#570,#231,.T.);
#702=EDGE_CURVE('',#571,#572,#232,.T.);
#703=EDGE_CURVE('',#573,#572,#233,.T.);
#704=EDGE_CURVE('',#574,#573,#234,.T.);
#705=EDGE_CURVE('',#571,#574,#235,.T.);
#706=EDGE_CURVE('',#575,#571,#236,.T.);
#707=EDGE_CURVE('',#576,#574,#237,.T.);
#708=EDGE_CURVE('',#575,#576,#238,.T.);
#709=EDGE_CURVE('',#577,#575,#239,.T.);
#710=EDGE_CURVE('',#578,#576,#240,.T.);
#711=EDGE_CURVE('',#577,#578,#241,.T.);
#712=EDGE_CURVE('',#579,#580,#242,.T.);
#713=EDGE_CURVE('',#581,#580,#243,.T.);
#714=EDGE_CURVE('',#582,#581,#244,.T.);
#715=EDGE_CURVE('',#579,#582,#245,.T.);
#716=EDGE_CURVE('',#583,#579,#246,.T.);
#717=EDGE_CURVE('',#584,#582,#247,.T.);
#718=EDGE_CURVE('',#583,#584,#248,.T.);
#719=EDGE_CURVE('',#585,#583,#249,.T.);
#720=EDGE_CURVE('',#586,#584,#250,.T.);
#721=EDGE_CURVE('',#585,#586,#251,.T.);
#722=EDGE_CURVE('',#578,#581,#252,.T.);
#723=EDGE_CURVE('',#587,#573,#253,.T.);
#724=EDGE_CURVE('',#587,#570,#254,.T.);
#725=EDGE_CURVE('',#586,#567,#255,.T.);
#726=EDGE_CURVE('',#565,#588,#256,.T.);
#727=EDGE_CURVE('',#589,#588,#257,.T.);
#728=EDGE_CURVE('',#590,#589,#258,.T.);
#729=EDGE_CURVE('',#587,#590,#259,.T.);
#730=EDGE_CURVE('',#572,#577,#260,.T.);
#731=EDGE_CURVE('',#580,#585,#261,.T.);
#732=EDGE_CURVE('',#591,#592,#262,.T.);
#733=EDGE_CURVE('',#593,#591,#263,.T.);
#734=EDGE_CURVE('',#594,#593,#264,.T.);
#735=EDGE_CURVE('',#592,#594,#265,.T.);
#736=EDGE_CURVE('',#595,#593,#266,.T.);
#737=EDGE_CURVE('',#596,#595,#267,.T.);
#738=EDGE_CURVE('',#597,#596,#268,.T.);
#739=EDGE_CURVE('',#598,#597,#269,.T.);
#740=EDGE_CURVE('',#594,#598,#270,.T.);
#741=EDGE_CURVE('',#599,#600,#271,.T.);
#742=EDGE_CURVE('',#601,#600,#272,.T.);
#743=EDGE_CURVE('',#602,#601,#273,.T.);
#744=EDGE_CURVE('',#599,#602,#274,.T.);
#745=EDGE_CURVE('',#602,#603,#275,.T.);
#746=EDGE_CURVE('',#604,#601,#276,.T.);
#747=EDGE_CURVE('',#605,#604,#277,.T.);
#748=EDGE_CURVE('',#606,#605,#278,.T.);
#749=EDGE_CURVE('',#603,#606,#279,.T.);
#750=EDGE_CURVE('',#599,#607,#280,.T.);
#751=EDGE_CURVE('',#607,#608,#281,.T.);
#752=EDGE_CURVE('',#608,#609,#282,.T.);
#753=EDGE_CURVE('',#609,#610,#283,.T.);
#754=EDGE_CURVE('',#610,#569,#284,.T.);
#755=EDGE_CURVE('',#590,#611,#285,.T.);
#756=EDGE_CURVE('',#611,#612,#286,.T.);
#757=EDGE_CURVE('',#612,#613,#287,.T.);
#758=EDGE_CURVE('',#613,#600,#288,.T.);
#759=EDGE_CURVE('',#592,#614,#289,.T.);
#760=EDGE_CURVE('',#614,#615,#290,.T.);
#761=EDGE_CURVE('',#615,#616,#291,.T.);
#762=EDGE_CURVE('',#616,#589,#292,.T.);
#763=EDGE_CURVE('',#588,#617,#293,.T.);
#764=EDGE_CURVE('',#617,#618,#294,.T.);
#765=EDGE_CURVE('',#618,#619,#295,.T.);
#766=EDGE_CURVE('',#619,#620,#296,.T.);
#767=EDGE_CURVE('',#620,#591,#297,.T.);
#768=EDGE_CURVE('',#616,#611,#298,.T.);
#769=EDGE_CURVE('',#612,#615,#299,.T.);
#770=EDGE_CURVE('',#613,#614,#300,.T.);
#771=EDGE_CURVE('',#602,#593,#301,.T.);
#772=EDGE_CURVE('',#603,#595,#302,.T.);
#773=EDGE_CURVE('',#607,#620,#303,.T.);
#774=EDGE_CURVE('',#608,#619,#304,.T.);
#775=EDGE_CURVE('',#609,#618,#305,.T.);
#776=EDGE_CURVE('',#610,#617,#306,.T.);
#777=EDGE_CURVE('',#604,#598,#307,.T.);
#778=EDGE_CURVE('',#605,#597,#308,.T.);
#779=EDGE_CURVE('',#606,#596,#309,.T.);
#780=EDGE_CURVE('',#621,#622,#36,.T.);
#781=EDGE_CURVE('',#622,#623,#32,.T.);
#782=EDGE_CURVE('',#623,#621,#33,.T.);
#783=EDGE_CURVE('',#624,#625,#37,.T.);
#784=EDGE_CURVE('',#625,#626,#34,.T.);
#785=EDGE_CURVE('',#626,#624,#35,.T.);
#786=EDGE_CURVE('',#625,#627,#310,.T.);
#787=EDGE_CURVE('',#627,#628,#38,.T.);
#788=EDGE_CURVE('',#628,#626,#311,.T.);
#789=EDGE_CURVE('',#622,#624,#312,.T.);
#790=EDGE_CURVE('',#626,#623,#313,.T.);
#791=EDGE_CURVE('',#623,#629,#314,.T.);
#792=EDGE_CURVE('',#629,#630,#39,.T.);
#793=EDGE_CURVE('',#630,#621,#315,.T.);
#794=EDGE_CURVE('',#629,#628,#316,.T.);
#795=EDGE_CURVE('',#631,#627,#317,.T.);
#796=EDGE_CURVE('',#632,#631,#40,.T.);
#797=EDGE_CURVE('',#633,#632,#318,.T.);
#798=EDGE_CURVE('',#633,#634,#319,.T.);
#799=EDGE_CURVE('',#635,#634,#41,.T.);
#800=EDGE_CURVE('',#635,#636,#320,.T.);
#801=EDGE_CURVE('',#637,#636,#42,.T.);
#802=EDGE_CURVE('',#630,#637,#321,.T.);
#803=EDGE_CURVE('',#638,#639,#322,.T.);
#804=EDGE_CURVE('',#640,#638,#323,.T.);
#805=EDGE_CURVE('',#641,#640,#324,.T.);
#806=EDGE_CURVE('',#639,#641,#325,.T.);
#807=EDGE_CURVE('',#642,#643,#326,.T.);
#808=EDGE_CURVE('',#644,#642,#327,.T.);
#809=EDGE_CURVE('',#645,#644,#328,.T.);
#810=EDGE_CURVE('',#643,#645,#329,.T.);
#811=EDGE_CURVE('',#646,#647,#43,.T.);
#812=EDGE_CURVE('',#647,#637,#330,.T.);
#813=EDGE_CURVE('',#636,#646,#331,.T.);
#814=EDGE_CURVE('',#648,#647,#332,.T.);
#815=EDGE_CURVE('',#649,#648,#333,.T.);
#816=EDGE_CURVE('',#650,#649,#334,.T.);
#817=EDGE_CURVE('',#650,#651,#335,.T.);
#818=EDGE_CURVE('',#652,#651,#44,.T.);
#819=EDGE_CURVE('',#621,#652,#336,.T.);
#820=EDGE_CURVE('',#646,#653,#337,.T.);
#821=EDGE_CURVE('',#654,#653,#45,.T.);
#822=EDGE_CURVE('',#654,#655,#338,.T.);
#823=EDGE_CURVE('',#656,#655,#339,.T.);
#824=EDGE_CURVE('',#657,#656,#15,.T.);
#825=EDGE_CURVE('',#658,#657,#340,.T.);
#826=EDGE_CURVE('',#659,#658,#341,.T.);
#827=EDGE_CURVE('',#659,#660,#342,.T.);
#828=EDGE_CURVE('',#648,#660,#46,.T.);
#829=EDGE_CURVE('',#661,#662,#343,.T.);
#830=EDGE_CURVE('',#662,#663,#344,.T.);
#831=EDGE_CURVE('',#663,#664,#345,.T.);
#832=EDGE_CURVE('',#664,#661,#346,.T.);
#833=EDGE_CURVE('',#665,#666,#347,.T.);
#834=EDGE_CURVE('',#666,#667,#348,.T.);
#835=EDGE_CURVE('',#667,#668,#349,.T.);
#836=EDGE_CURVE('',#668,#665,#350,.T.);
#837=EDGE_CURVE('',#653,#635,#351,.T.);
#838=EDGE_CURVE('',#634,#654,#352,.T.);
#839=EDGE_CURVE('',#669,#633,#353,.T.);
#840=EDGE_CURVE('',#655,#669,#47,.F.);
#841=EDGE_CURVE('',#669,#670,#354,.T.);
#842=EDGE_CURVE('',#656,#670,#48,.T.);
#843=EDGE_CURVE('',#671,#658,#49,.F.);
#844=EDGE_CURVE('',#671,#659,#355,.T.);
#845=EDGE_CURVE('',#670,#672,#16,.T.);
#846=EDGE_CURVE('',#672,#673,#17,.F.);
#847=EDGE_CURVE('',#673,#674,#18,.T.);
#848=EDGE_CURVE('',#674,#657,#50,.T.);
#849=EDGE_CURVE('',#674,#671,#356,.T.);
#850=EDGE_CURVE('',#673,#675,#357,.T.);
#851=EDGE_CURVE('',#675,#676,#358,.T.);
#852=EDGE_CURVE('',#677,#676,#359,.T.);
#853=EDGE_CURVE('',#677,#678,#360,.T.);
#854=EDGE_CURVE('',#660,#678,#361,.T.);
#855=EDGE_CURVE('',#679,#625,#362,.T.);
#856=EDGE_CURVE('',#680,#679,#51,.T.);
#857=EDGE_CURVE('',#680,#681,#363,.T.);
#858=EDGE_CURVE('',#682,#681,#364,.T.);
#859=EDGE_CURVE('',#631,#682,#365,.T.);
#860=EDGE_CURVE('',#678,#649,#52,.F.);
#861=EDGE_CURVE('',#652,#683,#53,.T.);
#862=EDGE_CURVE('',#683,#684,#54,.T.);
#863=EDGE_CURVE('',#684,#622,#366,.T.);
#864=EDGE_CURVE('',#651,#683,#19,.T.);
#865=EDGE_CURVE('',#684,#685,#367,.T.);
#866=EDGE_CURVE('',#624,#685,#368,.T.);
#867=EDGE_CURVE('',#685,#686,#55,.T.);
#868=EDGE_CURVE('',#686,#679,#56,.T.);
#869=EDGE_CURVE('',#686,#680,#20,.T.);
#870=EDGE_CURVE('',#670,#632,#369,.T.);
#871=EDGE_CURVE('',#672,#682,#57,.T.);
#872=EDGE_CURVE('',#687,#688,#370,.T.);
#873=EDGE_CURVE('',#689,#688,#371,.T.);
#874=EDGE_CURVE('',#689,#690,#372,.T.);
#875=EDGE_CURVE('',#690,#687,#373,.T.);
#876=EDGE_CURVE('',#691,#687,#374,.T.);
#877=EDGE_CURVE('',#690,#692,#375,.T.);
#878=EDGE_CURVE('',#692,#691,#376,.T.);
#879=EDGE_CURVE('',#676,#691,#377,.T.);
#880=EDGE_CURVE('',#692,#677,#378,.T.);
#881=EDGE_CURVE('',#683,#686,#379,.T.);
#882=EDGE_CURVE('',#650,#693,#380,.T.);
#883=EDGE_CURVE('',#693,#694,#381,.T.);
#884=EDGE_CURVE('',#694,#681,#382,.T.);
#885=EDGE_CURVE('',#688,#694,#383,.T.);
#886=EDGE_CURVE('',#693,#689,#384,.T.);
#887=EDGE_CURVE('',#693,#678,#385,.T.);
#888=EDGE_CURVE('',#675,#694,#386,.T.);
#889=EDGE_CURVE('',#643,#667,#387,.T.);
#890=EDGE_CURVE('',#645,#668,#388,.T.);
#891=EDGE_CURVE('',#644,#665,#389,.T.);
#892=EDGE_CURVE('',#641,#663,#390,.T.);
#893=EDGE_CURVE('',#640,#664,#391,.T.);
#894=EDGE_CURVE('',#638,#661,#392,.T.);
#895=EDGE_CURVE('',#666,#642,#393,.T.);
#896=EDGE_CURVE('',#662,#639,#394,.T.);
#897=ORIENTED_EDGE('',*,*,#695,.F.);
#898=ORIENTED_EDGE('',*,*,#696,.F.);
#899=ORIENTED_EDGE('',*,*,#697,.F.);
#900=ORIENTED_EDGE('',*,*,#698,.F.);
#901=ORIENTED_EDGE('',*,*,#699,.F.);
#902=ORIENTED_EDGE('',*,*,#698,.T.);
#903=ORIENTED_EDGE('',*,*,#700,.F.);
#904=ORIENTED_EDGE('',*,*,#701,.F.);
#905=ORIENTED_EDGE('',*,*,#702,.T.);
#906=ORIENTED_EDGE('',*,*,#703,.F.);
#907=ORIENTED_EDGE('',*,*,#704,.F.);
#908=ORIENTED_EDGE('',*,*,#705,.F.);
#909=ORIENTED_EDGE('',*,*,#706,.T.);
#910=ORIENTED_EDGE('',*,*,#705,.T.);
#911=ORIENTED_EDGE('',*,*,#707,.F.);
#912=ORIENTED_EDGE('',*,*,#708,.F.);
#913=ORIENTED_EDGE('',*,*,#709,.T.);
#914=ORIENTED_EDGE('',*,*,#708,.T.);
#915=ORIENTED_EDGE('',*,*,#710,.F.);
#916=ORIENTED_EDGE('',*,*,#711,.F.);
#917=ORIENTED_EDGE('',*,*,#712,.T.);
#918=ORIENTED_EDGE('',*,*,#713,.F.);
#919=ORIENTED_EDGE('',*,*,#714,.F.);
#920=ORIENTED_EDGE('',*,*,#715,.F.);
#921=ORIENTED_EDGE('',*,*,#716,.T.);
#922=ORIENTED_EDGE('',*,*,#715,.T.);
#923=ORIENTED_EDGE('',*,*,#717,.F.);
#924=ORIENTED_EDGE('',*,*,#718,.F.);
#925=ORIENTED_EDGE('',*,*,#719,.T.);
#926=ORIENTED_EDGE('',*,*,#718,.T.);
#927=ORIENTED_EDGE('',*,*,#720,.F.);
#928=ORIENTED_EDGE('',*,*,#721,.F.);
#929=ORIENTED_EDGE('',*,*,#720,.T.);
#930=ORIENTED_EDGE('',*,*,#717,.T.);
#931=ORIENTED_EDGE('',*,*,#714,.T.);
#932=ORIENTED_EDGE('',*,*,#722,.F.);
#933=ORIENTED_EDGE('',*,*,#710,.T.);
#934=ORIENTED_EDGE('',*,*,#707,.T.);
#935=ORIENTED_EDGE('',*,*,#704,.T.);
#936=ORIENTED_EDGE('',*,*,#723,.F.);
#937=ORIENTED_EDGE('',*,*,#724,.T.);
#938=ORIENTED_EDGE('',*,*,#700,.T.);
#939=ORIENTED_EDGE('',*,*,#697,.T.);
#940=ORIENTED_EDGE('',*,*,#725,.F.);
#941=ORIENTED_EDGE('',*,*,#721,.T.);
#942=ORIENTED_EDGE('',*,*,#725,.T.);
#943=ORIENTED_EDGE('',*,*,#696,.T.);
#944=ORIENTED_EDGE('',*,*,#726,.T.);
#945=ORIENTED_EDGE('',*,*,#727,.F.);
#946=ORIENTED_EDGE('',*,*,#728,.F.);
#947=ORIENTED_EDGE('',*,*,#729,.F.);
#948=ORIENTED_EDGE('',*,*,#723,.T.);
#949=ORIENTED_EDGE('',*,*,#703,.T.);
#950=ORIENTED_EDGE('',*,*,#730,.T.);
#951=ORIENTED_EDGE('',*,*,#711,.T.);
#952=ORIENTED_EDGE('',*,*,#722,.T.);
#953=ORIENTED_EDGE('',*,*,#713,.T.);
#954=ORIENTED_EDGE('',*,*,#731,.T.);
#955=ORIENTED_EDGE('',*,*,#732,.F.);
#956=ORIENTED_EDGE('',*,*,#733,.F.);
#957=ORIENTED_EDGE('',*,*,#734,.F.);
#958=ORIENTED_EDGE('',*,*,#735,.F.);
#959=ORIENTED_EDGE('',*,*,#736,.F.);
#960=ORIENTED_EDGE('',*,*,#737,.F.);
#961=ORIENTED_EDGE('',*,*,#738,.F.);
#962=ORIENTED_EDGE('',*,*,#739,.F.);
#963=ORIENTED_EDGE('',*,*,#740,.F.);
#964=ORIENTED_EDGE('',*,*,#734,.T.);
#965=ORIENTED_EDGE('',*,*,#741,.T.);
#966=ORIENTED_EDGE('',*,*,#742,.F.);
#967=ORIENTED_EDGE('',*,*,#743,.F.);
#968=ORIENTED_EDGE('',*,*,#744,.F.);
#969=ORIENTED_EDGE('',*,*,#745,.F.);
#970=ORIENTED_EDGE('',*,*,#743,.T.);
#971=ORIENTED_EDGE('',*,*,#746,.F.);
#972=ORIENTED_EDGE('',*,*,#747,.F.);
#973=ORIENTED_EDGE('',*,*,#748,.F.);
#974=ORIENTED_EDGE('',*,*,#749,.F.);
#975=ORIENTED_EDGE('',*,*,#741,.F.);
#976=ORIENTED_EDGE('',*,*,#750,.T.);
#977=ORIENTED_EDGE('',*,*,#751,.T.);
#978=ORIENTED_EDGE('',*,*,#752,.T.);
#979=ORIENTED_EDGE('',*,*,#753,.T.);
#980=ORIENTED_EDGE('',*,*,#754,.T.);
#981=ORIENTED_EDGE('',*,*,#701,.T.);
#982=ORIENTED_EDGE('',*,*,#724,.F.);
#983=ORIENTED_EDGE('',*,*,#729,.T.);
#984=ORIENTED_EDGE('',*,*,#755,.T.);
#985=ORIENTED_EDGE('',*,*,#756,.T.);
#986=ORIENTED_EDGE('',*,*,#757,.T.);
#987=ORIENTED_EDGE('',*,*,#758,.T.);
#988=ORIENTED_EDGE('',*,*,#732,.T.);
#989=ORIENTED_EDGE('',*,*,#759,.T.);
#990=ORIENTED_EDGE('',*,*,#760,.T.);
#991=ORIENTED_EDGE('',*,*,#761,.T.);
#992=ORIENTED_EDGE('',*,*,#762,.T.);
#993=ORIENTED_EDGE('',*,*,#727,.T.);
#994=ORIENTED_EDGE('',*,*,#763,.T.);
#995=ORIENTED_EDGE('',*,*,#764,.T.);
#996=ORIENTED_EDGE('',*,*,#765,.T.);
#997=ORIENTED_EDGE('',*,*,#766,.T.);
#998=ORIENTED_EDGE('',*,*,#767,.T.);
#999=ORIENTED_EDGE('',*,*,#768,.F.);
#1000=ORIENTED_EDGE('',*,*,#761,.F.);
#1001=ORIENTED_EDGE('',*,*,#769,.F.);
#1002=ORIENTED_EDGE('',*,*,#756,.F.);
#1003=ORIENTED_EDGE('',*,*,#769,.T.);
#1004=ORIENTED_EDGE('',*,*,#760,.F.);
#1005=ORIENTED_EDGE('',*,*,#770,.F.);
#1006=ORIENTED_EDGE('',*,*,#757,.F.);
#1007=ORIENTED_EDGE('',*,*,#728,.T.);
#1008=ORIENTED_EDGE('',*,*,#762,.F.);
#1009=ORIENTED_EDGE('',*,*,#768,.T.);
#1010=ORIENTED_EDGE('',*,*,#755,.F.);
#1011=ORIENTED_EDGE('',*,*,#736,.T.);
#1012=ORIENTED_EDGE('',*,*,#771,.F.);
#1013=ORIENTED_EDGE('',*,*,#745,.T.);
#1014=ORIENTED_EDGE('',*,*,#772,.T.);
#1015=ORIENTED_EDGE('',*,*,#744,.T.);
#1016=ORIENTED_EDGE('',*,*,#771,.T.);
#1017=ORIENTED_EDGE('',*,*,#733,.T.);
#1018=ORIENTED_EDGE('',*,*,#767,.F.);
#1019=ORIENTED_EDGE('',*,*,#773,.F.);
#1020=ORIENTED_EDGE('',*,*,#750,.F.);
#1021=ORIENTED_EDGE('',*,*,#773,.T.);
#1022=ORIENTED_EDGE('',*,*,#766,.F.);
#1023=ORIENTED_EDGE('',*,*,#774,.F.);
#1024=ORIENTED_EDGE('',*,*,#751,.F.);
#1025=ORIENTED_EDGE('',*,*,#774,.T.);
#1026=ORIENTED_EDGE('',*,*,#765,.F.);
#1027=ORIENTED_EDGE('',*,*,#775,.F.);
#1028=ORIENTED_EDGE('',*,*,#752,.F.);
#1029=ORIENTED_EDGE('',*,*,#775,.T.);
#1030=ORIENTED_EDGE('',*,*,#764,.F.);
#1031=ORIENTED_EDGE('',*,*,#776,.F.);
#1032=ORIENTED_EDGE('',*,*,#753,.F.);
#1033=ORIENTED_EDGE('',*,*,#695,.T.);
#1034=ORIENTED_EDGE('',*,*,#699,.T.);
#1035=ORIENTED_EDGE('',*,*,#754,.F.);
#1036=ORIENTED_EDGE('',*,*,#776,.T.);
#1037=ORIENTED_EDGE('',*,*,#763,.F.);
#1038=ORIENTED_EDGE('',*,*,#726,.F.);
#1039=ORIENTED_EDGE('',*,*,#731,.F.);
#1040=ORIENTED_EDGE('',*,*,#712,.F.);
#1041=ORIENTED_EDGE('',*,*,#716,.F.);
#1042=ORIENTED_EDGE('',*,*,#719,.F.);
#1043=ORIENTED_EDGE('',*,*,#702,.F.);
#1044=ORIENTED_EDGE('',*,*,#706,.F.);
#1045=ORIENTED_EDGE('',*,*,#709,.F.);
#1046=ORIENTED_EDGE('',*,*,#730,.F.);
#1047=ORIENTED_EDGE('',*,*,#740,.T.);
#1048=ORIENTED_EDGE('',*,*,#777,.F.);
#1049=ORIENTED_EDGE('',*,*,#746,.T.);
#1050=ORIENTED_EDGE('',*,*,#742,.T.);
#1051=ORIENTED_EDGE('',*,*,#758,.F.);
#1052=ORIENTED_EDGE('',*,*,#770,.T.);
#1053=ORIENTED_EDGE('',*,*,#759,.F.);
#1054=ORIENTED_EDGE('',*,*,#735,.T.);
#1055=ORIENTED_EDGE('',*,*,#739,.T.);
#1056=ORIENTED_EDGE('',*,*,#778,.F.);
#1057=ORIENTED_EDGE('',*,*,#747,.T.);
#1058=ORIENTED_EDGE('',*,*,#777,.T.);
#1059=ORIENTED_EDGE('',*,*,#738,.T.);
#1060=ORIENTED_EDGE('',*,*,#779,.F.);
#1061=ORIENTED_EDGE('',*,*,#748,.T.);
#1062=ORIENTED_EDGE('',*,*,#778,.T.);
#1063=ORIENTED_EDGE('',*,*,#737,.T.);
#1064=ORIENTED_EDGE('',*,*,#772,.F.);
#1065=ORIENTED_EDGE('',*,*,#749,.T.);
#1066=ORIENTED_EDGE('',*,*,#779,.T.);
#1067=ORIENTED_EDGE('',*,*,#780,.T.);
#1068=ORIENTED_EDGE('',*,*,#781,.T.);
#1069=ORIENTED_EDGE('',*,*,#782,.T.);
#1070=ORIENTED_EDGE('',*,*,#783,.T.);
#1071=ORIENTED_EDGE('',*,*,#784,.T.);
#1072=ORIENTED_EDGE('',*,*,#785,.T.);
#1073=ORIENTED_EDGE('',*,*,#784,.F.);
#1074=ORIENTED_EDGE('',*,*,#786,.T.);
#1075=ORIENTED_EDGE('',*,*,#787,.T.);
#1076=ORIENTED_EDGE('',*,*,#788,.T.);
#1077=ORIENTED_EDGE('',*,*,#781,.F.);
#1078=ORIENTED_EDGE('',*,*,#789,.T.);
#1079=ORIENTED_EDGE('',*,*,#785,.F.);
#1080=ORIENTED_EDGE('',*,*,#790,.T.);
#1081=ORIENTED_EDGE('',*,*,#782,.F.);
#1082=ORIENTED_EDGE('',*,*,#791,.T.);
#1083=ORIENTED_EDGE('',*,*,#792,.T.);
#1084=ORIENTED_EDGE('',*,*,#793,.T.);
#1085=ORIENTED_EDGE('',*,*,#791,.F.);
#1086=ORIENTED_EDGE('',*,*,#790,.F.);
#1087=ORIENTED_EDGE('',*,*,#788,.F.);
#1088=ORIENTED_EDGE('',*,*,#794,.F.);
#1089=ORIENTED_EDGE('',*,*,#792,.F.);
#1090=ORIENTED_EDGE('',*,*,#794,.T.);
#1091=ORIENTED_EDGE('',*,*,#787,.F.);
#1092=ORIENTED_EDGE('',*,*,#795,.F.);
#1093=ORIENTED_EDGE('',*,*,#796,.F.);
#1094=ORIENTED_EDGE('',*,*,#797,.F.);
#1095=ORIENTED_EDGE('',*,*,#798,.T.);
#1096=ORIENTED_EDGE('',*,*,#799,.F.);
#1097=ORIENTED_EDGE('',*,*,#800,.T.);
#1098=ORIENTED_EDGE('',*,*,#801,.F.);
#1099=ORIENTED_EDGE('',*,*,#802,.F.);
#1100=ORIENTED_EDGE('',*,*,#803,.F.);
#1101=ORIENTED_EDGE('',*,*,#804,.F.);
#1102=ORIENTED_EDGE('',*,*,#805,.F.);
#1103=ORIENTED_EDGE('',*,*,#806,.F.);
#1104=ORIENTED_EDGE('',*,*,#807,.F.);
#1105=ORIENTED_EDGE('',*,*,#808,.F.);
#1106=ORIENTED_EDGE('',*,*,#809,.F.);
#1107=ORIENTED_EDGE('',*,*,#810,.F.);
#1108=ORIENTED_EDGE('',*,*,#811,.T.);
#1109=ORIENTED_EDGE('',*,*,#812,.T.);
#1110=ORIENTED_EDGE('',*,*,#801,.T.);
#1111=ORIENTED_EDGE('',*,*,#813,.T.);
#1112=ORIENTED_EDGE('',*,*,#793,.F.);
#1113=ORIENTED_EDGE('',*,*,#802,.T.);
#1114=ORIENTED_EDGE('',*,*,#812,.F.);
#1115=ORIENTED_EDGE('',*,*,#814,.F.);
#1116=ORIENTED_EDGE('',*,*,#815,.F.);
#1117=ORIENTED_EDGE('',*,*,#816,.F.);
#1118=ORIENTED_EDGE('',*,*,#817,.T.);
#1119=ORIENTED_EDGE('',*,*,#818,.F.);
#1120=ORIENTED_EDGE('',*,*,#819,.F.);
#1121=ORIENTED_EDGE('',*,*,#811,.F.);
#1122=ORIENTED_EDGE('',*,*,#820,.T.);
#1123=ORIENTED_EDGE('',*,*,#821,.F.);
#1124=ORIENTED_EDGE('',*,*,#822,.T.);
#1125=ORIENTED_EDGE('',*,*,#823,.F.);
#1126=ORIENTED_EDGE('',*,*,#824,.F.);
#1127=ORIENTED_EDGE('',*,*,#825,.F.);
#1128=ORIENTED_EDGE('',*,*,#826,.F.);
#1129=ORIENTED_EDGE('',*,*,#827,.T.);
#1130=ORIENTED_EDGE('',*,*,#828,.F.);
#1131=ORIENTED_EDGE('',*,*,#814,.T.);
#1132=ORIENTED_EDGE('',*,*,#829,.T.);
#1133=ORIENTED_EDGE('',*,*,#830,.T.);
#1134=ORIENTED_EDGE('',*,*,#831,.T.);
#1135=ORIENTED_EDGE('',*,*,#832,.T.);
#1136=ORIENTED_EDGE('',*,*,#833,.T.);
#1137=ORIENTED_EDGE('',*,*,#834,.T.);
#1138=ORIENTED_EDGE('',*,*,#835,.T.);
#1139=ORIENTED_EDGE('',*,*,#836,.T.);
#1140=ORIENTED_EDGE('',*,*,#821,.T.);
#1141=ORIENTED_EDGE('',*,*,#837,.T.);
#1142=ORIENTED_EDGE('',*,*,#799,.T.);
#1143=ORIENTED_EDGE('',*,*,#838,.T.);
#1144=ORIENTED_EDGE('',*,*,#838,.F.);
#1145=ORIENTED_EDGE('',*,*,#798,.F.);
#1146=ORIENTED_EDGE('',*,*,#839,.F.);
#1147=ORIENTED_EDGE('',*,*,#840,.F.);
#1148=ORIENTED_EDGE('',*,*,#822,.F.);
#1149=ORIENTED_EDGE('',*,*,#823,.T.);
#1150=ORIENTED_EDGE('',*,*,#840,.T.);
#1151=ORIENTED_EDGE('',*,*,#841,.T.);
#1152=ORIENTED_EDGE('',*,*,#842,.F.);
#1153=ORIENTED_EDGE('',*,*,#843,.F.);
#1154=ORIENTED_EDGE('',*,*,#844,.T.);
#1155=ORIENTED_EDGE('',*,*,#826,.T.);
#1156=ORIENTED_EDGE('',*,*,#824,.T.);
#1157=ORIENTED_EDGE('',*,*,#842,.T.);
#1158=ORIENTED_EDGE('',*,*,#845,.T.);
#1159=ORIENTED_EDGE('',*,*,#846,.T.);
#1160=ORIENTED_EDGE('',*,*,#847,.T.);
#1161=ORIENTED_EDGE('',*,*,#848,.T.);
#1162=ORIENTED_EDGE('',*,*,#825,.T.);
#1163=ORIENTED_EDGE('',*,*,#848,.F.);
#1164=ORIENTED_EDGE('',*,*,#849,.T.);
#1165=ORIENTED_EDGE('',*,*,#843,.T.);
#1166=ORIENTED_EDGE('',*,*,#844,.F.);
#1167=ORIENTED_EDGE('',*,*,#849,.F.);
#1168=ORIENTED_EDGE('',*,*,#847,.F.);
#1169=ORIENTED_EDGE('',*,*,#850,.T.);
#1170=ORIENTED_EDGE('',*,*,#851,.T.);
#1171=ORIENTED_EDGE('',*,*,#852,.F.);
#1172=ORIENTED_EDGE('',*,*,#853,.T.);
#1173=ORIENTED_EDGE('',*,*,#854,.F.);
#1174=ORIENTED_EDGE('',*,*,#827,.F.);
#1175=ORIENTED_EDGE('',*,*,#786,.F.);
#1176=ORIENTED_EDGE('',*,*,#855,.F.);
#1177=ORIENTED_EDGE('',*,*,#856,.F.);
#1178=ORIENTED_EDGE('',*,*,#857,.T.);
#1179=ORIENTED_EDGE('',*,*,#858,.F.);
#1180=ORIENTED_EDGE('',*,*,#859,.F.);
#1181=ORIENTED_EDGE('',*,*,#795,.T.);
#1182=ORIENTED_EDGE('',*,*,#828,.T.);
#1183=ORIENTED_EDGE('',*,*,#854,.T.);
#1184=ORIENTED_EDGE('',*,*,#860,.T.);
#1185=ORIENTED_EDGE('',*,*,#815,.T.);
#1186=ORIENTED_EDGE('',*,*,#780,.F.);
#1187=ORIENTED_EDGE('',*,*,#819,.T.);
#1188=ORIENTED_EDGE('',*,*,#861,.T.);
#1189=ORIENTED_EDGE('',*,*,#862,.T.);
#1190=ORIENTED_EDGE('',*,*,#863,.T.);
#1191=ORIENTED_EDGE('',*,*,#864,.T.);
#1192=ORIENTED_EDGE('',*,*,#861,.F.);
#1193=ORIENTED_EDGE('',*,*,#818,.T.);
#1194=ORIENTED_EDGE('',*,*,#789,.F.);
#1195=ORIENTED_EDGE('',*,*,#863,.F.);
#1196=ORIENTED_EDGE('',*,*,#865,.T.);
#1197=ORIENTED_EDGE('',*,*,#866,.F.);
#1198=ORIENTED_EDGE('',*,*,#783,.F.);
#1199=ORIENTED_EDGE('',*,*,#866,.T.);
#1200=ORIENTED_EDGE('',*,*,#867,.T.);
#1201=ORIENTED_EDGE('',*,*,#868,.T.);
#1202=ORIENTED_EDGE('',*,*,#855,.T.);
#1203=ORIENTED_EDGE('',*,*,#869,.T.);
#1204=ORIENTED_EDGE('',*,*,#856,.T.);
#1205=ORIENTED_EDGE('',*,*,#868,.F.);
#1206=ORIENTED_EDGE('',*,*,#845,.F.);
#1207=ORIENTED_EDGE('',*,*,#870,.T.);
#1208=ORIENTED_EDGE('',*,*,#796,.T.);
#1209=ORIENTED_EDGE('',*,*,#859,.T.);
#1210=ORIENTED_EDGE('',*,*,#871,.F.);
#1211=ORIENTED_EDGE('',*,*,#872,.T.);
#1212=ORIENTED_EDGE('',*,*,#873,.F.);
#1213=ORIENTED_EDGE('',*,*,#874,.T.);
#1214=ORIENTED_EDGE('',*,*,#875,.T.);
#1215=ORIENTED_EDGE('',*,*,#876,.T.);
#1216=ORIENTED_EDGE('',*,*,#875,.F.);
#1217=ORIENTED_EDGE('',*,*,#877,.T.);
#1218=ORIENTED_EDGE('',*,*,#878,.T.);
#1219=ORIENTED_EDGE('',*,*,#879,.T.);
#1220=ORIENTED_EDGE('',*,*,#878,.F.);
#1221=ORIENTED_EDGE('',*,*,#880,.T.);
#1222=ORIENTED_EDGE('',*,*,#852,.T.);
#1223=ORIENTED_EDGE('',*,*,#862,.F.);
#1224=ORIENTED_EDGE('',*,*,#881,.T.);
#1225=ORIENTED_EDGE('',*,*,#867,.F.);
#1226=ORIENTED_EDGE('',*,*,#865,.F.);
#1227=ORIENTED_EDGE('',*,*,#864,.F.);
#1228=ORIENTED_EDGE('',*,*,#817,.F.);
#1229=ORIENTED_EDGE('',*,*,#882,.T.);
#1230=ORIENTED_EDGE('',*,*,#883,.T.);
#1231=ORIENTED_EDGE('',*,*,#884,.T.);
#1232=ORIENTED_EDGE('',*,*,#857,.F.);
#1233=ORIENTED_EDGE('',*,*,#869,.F.);
#1234=ORIENTED_EDGE('',*,*,#881,.F.);
#1235=ORIENTED_EDGE('',*,*,#885,.T.);
#1236=ORIENTED_EDGE('',*,*,#883,.F.);
#1237=ORIENTED_EDGE('',*,*,#886,.T.);
#1238=ORIENTED_EDGE('',*,*,#873,.T.);
#1239=ORIENTED_EDGE('',*,*,#886,.F.);
#1240=ORIENTED_EDGE('',*,*,#887,.T.);
#1241=ORIENTED_EDGE('',*,*,#853,.F.);
#1242=ORIENTED_EDGE('',*,*,#880,.F.);
#1243=ORIENTED_EDGE('',*,*,#877,.F.);
#1244=ORIENTED_EDGE('',*,*,#874,.F.);
#1245=ORIENTED_EDGE('',*,*,#816,.T.);
#1246=ORIENTED_EDGE('',*,*,#860,.F.);
#1247=ORIENTED_EDGE('',*,*,#887,.F.);
#1248=ORIENTED_EDGE('',*,*,#882,.F.);
#1249=ORIENTED_EDGE('',*,*,#885,.F.);
#1250=ORIENTED_EDGE('',*,*,#872,.F.);
#1251=ORIENTED_EDGE('',*,*,#876,.F.);
#1252=ORIENTED_EDGE('',*,*,#879,.F.);
#1253=ORIENTED_EDGE('',*,*,#851,.F.);
#1254=ORIENTED_EDGE('',*,*,#888,.T.);
#1255=ORIENTED_EDGE('',*,*,#858,.T.);
#1256=ORIENTED_EDGE('',*,*,#884,.F.);
#1257=ORIENTED_EDGE('',*,*,#888,.F.);
#1258=ORIENTED_EDGE('',*,*,#850,.F.);
#1259=ORIENTED_EDGE('',*,*,#846,.F.);
#1260=ORIENTED_EDGE('',*,*,#871,.T.);
#1261=ORIENTED_EDGE('',*,*,#835,.F.);
#1262=ORIENTED_EDGE('',*,*,#889,.F.);
#1263=ORIENTED_EDGE('',*,*,#810,.T.);
#1264=ORIENTED_EDGE('',*,*,#890,.T.);
#1265=ORIENTED_EDGE('',*,*,#836,.F.);
#1266=ORIENTED_EDGE('',*,*,#890,.F.);
#1267=ORIENTED_EDGE('',*,*,#809,.T.);
#1268=ORIENTED_EDGE('',*,*,#891,.T.);
#1269=ORIENTED_EDGE('',*,*,#831,.F.);
#1270=ORIENTED_EDGE('',*,*,#892,.F.);
#1271=ORIENTED_EDGE('',*,*,#805,.T.);
#1272=ORIENTED_EDGE('',*,*,#893,.T.);
#1273=ORIENTED_EDGE('',*,*,#832,.F.);
#1274=ORIENTED_EDGE('',*,*,#893,.F.);
#1275=ORIENTED_EDGE('',*,*,#804,.T.);
#1276=ORIENTED_EDGE('',*,*,#894,.T.);
#1277=ORIENTED_EDGE('',*,*,#813,.F.);
#1278=ORIENTED_EDGE('',*,*,#800,.F.);
#1279=ORIENTED_EDGE('',*,*,#837,.F.);
#1280=ORIENTED_EDGE('',*,*,#820,.F.);
#1281=ORIENTED_EDGE('',*,*,#833,.F.);
#1282=ORIENTED_EDGE('',*,*,#891,.F.);
#1283=ORIENTED_EDGE('',*,*,#808,.T.);
#1284=ORIENTED_EDGE('',*,*,#895,.F.);
#1285=ORIENTED_EDGE('',*,*,#841,.F.);
#1286=ORIENTED_EDGE('',*,*,#839,.T.);
#1287=ORIENTED_EDGE('',*,*,#797,.T.);
#1288=ORIENTED_EDGE('',*,*,#870,.F.);
#1289=ORIENTED_EDGE('',*,*,#830,.F.);
#1290=ORIENTED_EDGE('',*,*,#896,.T.);
#1291=ORIENTED_EDGE('',*,*,#806,.T.);
#1292=ORIENTED_EDGE('',*,*,#892,.T.);
#1293=ORIENTED_EDGE('',*,*,#834,.F.);
#1294=ORIENTED_EDGE('',*,*,#895,.T.);
#1295=ORIENTED_EDGE('',*,*,#807,.T.);
#1296=ORIENTED_EDGE('',*,*,#889,.T.);
#1297=ORIENTED_EDGE('',*,*,#829,.F.);
#1298=ORIENTED_EDGE('',*,*,#894,.F.);
#1299=ORIENTED_EDGE('',*,*,#803,.T.);
#1300=ORIENTED_EDGE('',*,*,#896,.F.);
#1301=PLANE('',#1436);
#1302=PLANE('',#1437);
#1303=PLANE('',#1438);
#1304=PLANE('',#1439);
#1305=PLANE('',#1440);
#1306=PLANE('',#1441);
#1307=PLANE('',#1442);
#1308=PLANE('',#1443);
#1309=PLANE('',#1444);
#1310=PLANE('',#1445);
#1311=PLANE('',#1446);
#1312=PLANE('',#1447);
#1313=PLANE('',#1448);
#1314=PLANE('',#1449);
#1315=PLANE('',#1450);
#1316=PLANE('',#1451);
#1317=PLANE('',#1452);
#1318=PLANE('',#1453);
#1319=PLANE('',#1454);
#1320=PLANE('',#1455);
#1321=PLANE('',#1456);
#1322=PLANE('',#1457);
#1323=PLANE('',#1458);
#1324=PLANE('',#1459);
#1325=PLANE('',#1460);
#1326=PLANE('',#1461);
#1327=PLANE('',#1462);
#1328=PLANE('',#1463);
#1329=PLANE('',#1464);
#1330=PLANE('',#1476);
#1331=PLANE('',#1477);
#1332=PLANE('',#1483);
#1333=PLANE('',#1485);
#1334=PLANE('',#1489);
#1335=PLANE('',#1493);
#1336=PLANE('',#1497);
#1337=PLANE('',#1498);
#1338=PLANE('',#1505);
#1339=PLANE('',#1511);
#1340=PLANE('',#1512);
#1341=PLANE('',#1513);
#1342=PLANE('',#1514);
#1343=PLANE('',#1515);
#1344=PLANE('',#1516);
#1345=PLANE('',#1517);
#1346=PLANE('',#1518);
#1347=PLANE('',#1519);
#1348=PLANE('',#1520);
#1349=PLANE('',#1521);
#1350=PLANE('',#1522);
#1351=PLANE('',#1523);
#1352=PLANE('',#1524);
#1353=PLANE('',#1525);
#1354=PLANE('',#1526);
#1355=PLANE('',#1527);
#1356=PLANE('',#1528);
#1357=PLANE('',#1529);
#1358=PLANE('',#1530);
#1359=ADVANCED_FACE('',(#71),#1301,.T.);
#1360=ADVANCED_FACE('',(#72),#1302,.T.);
#1361=ADVANCED_FACE('',(#73),#1303,.T.);
#1362=ADVANCED_FACE('',(#74),#1304,.T.);
#1363=ADVANCED_FACE('',(#75),#1305,.T.);
#1364=ADVANCED_FACE('',(#76),#1306,.T.);
#1365=ADVANCED_FACE('',(#77),#1307,.T.);
#1366=ADVANCED_FACE('',(#78),#1308,.T.);
#1367=ADVANCED_FACE('',(#79),#1309,.T.);
#1368=ADVANCED_FACE('',(#80),#1310,.T.);
#1369=ADVANCED_FACE('',(#81),#1311,.T.);
#1370=ADVANCED_FACE('',(#82),#1312,.T.);
#1371=ADVANCED_FACE('',(#83),#1313,.T.);
#1372=ADVANCED_FACE('',(#84),#1314,.T.);
#1373=ADVANCED_FACE('',(#85),#1315,.T.);
#1374=ADVANCED_FACE('',(#86),#1316,.T.);
#1375=ADVANCED_FACE('',(#87),#1317,.T.);
#1376=ADVANCED_FACE('',(#88),#1318,.T.);
#1377=ADVANCED_FACE('',(#89),#1319,.T.);
#1378=ADVANCED_FACE('',(#90),#1320,.T.);
#1379=ADVANCED_FACE('',(#91),#1321,.T.);
#1380=ADVANCED_FACE('',(#92),#1322,.T.);
#1381=ADVANCED_FACE('',(#93),#1323,.T.);
#1382=ADVANCED_FACE('',(#94),#1324,.T.);
#1383=ADVANCED_FACE('',(#95,#65,#66),#1325,.T.);
#1384=ADVANCED_FACE('',(#96),#1326,.T.);
#1385=ADVANCED_FACE('',(#97),#1327,.T.);
#1386=ADVANCED_FACE('',(#98),#1328,.T.);
#1387=ADVANCED_FACE('',(#99),#1329,.T.);
#1388=ADVANCED_FACE('',(#100),#58,.F.);
#1389=ADVANCED_FACE('',(#101),#59,.F.);
#1390=ADVANCED_FACE('',(#102),#21,.T.);
#1391=ADVANCED_FACE('',(#103),#22,.T.);
#1392=ADVANCED_FACE('',(#104),#23,.T.);
#1393=ADVANCED_FACE('',(#105),#1330,.T.);
#1394=ADVANCED_FACE('',(#106,#67,#68),#1331,.T.);
#1395=ADVANCED_FACE('',(#107),#24,.T.);
#1396=ADVANCED_FACE('',(#108),#1332,.T.);
#1397=ADVANCED_FACE('',(#109,#69,#70),#1333,.T.);
#1398=ADVANCED_FACE('',(#110),#25,.T.);
#1399=ADVANCED_FACE('',(#111),#1334,.T.);
#1400=ADVANCED_FACE('',(#112),#26,.T.);
#1401=ADVANCED_FACE('',(#113),#1335,.T.);
#1402=ADVANCED_FACE('',(#114),#60,.F.);
#1403=ADVANCED_FACE('',(#115),#27,.T.);
#1404=ADVANCED_FACE('',(#116),#1336,.T.);
#1405=ADVANCED_FACE('',(#117),#1337,.T.);
#1406=ADVANCED_FACE('',(#118),#28,.T.);
#1407=ADVANCED_FACE('',(#119),#29,.T.);
#1408=ADVANCED_FACE('',(#120),#13,.T.);
#1409=ADVANCED_FACE('',(#121),#1338,.T.);
#1410=ADVANCED_FACE('',(#122),#30,.T.);
#1411=ADVANCED_FACE('',(#123),#14,.T.);
#1412=ADVANCED_FACE('',(#124),#31,.T.);
#1413=ADVANCED_FACE('',(#125),#1339,.T.);
#1414=ADVANCED_FACE('',(#126),#1340,.T.);
#1415=ADVANCED_FACE('',(#127),#1341,.T.);
#1416=ADVANCED_FACE('',(#128),#1342,.T.);
#1417=ADVANCED_FACE('',(#129),#1343,.T.);
#1418=ADVANCED_FACE('',(#130),#1344,.T.);
#1419=ADVANCED_FACE('',(#131),#1345,.T.);
#1420=ADVANCED_FACE('',(#132),#1346,.T.);
#1421=ADVANCED_FACE('',(#133),#1347,.T.);
#1422=ADVANCED_FACE('',(#134),#1348,.T.);
#1423=ADVANCED_FACE('',(#135),#1349,.T.);
#1424=ADVANCED_FACE('',(#136),#1350,.T.);
#1425=ADVANCED_FACE('',(#137),#1351,.T.);
#1426=ADVANCED_FACE('',(#138),#1352,.T.);
#1427=ADVANCED_FACE('',(#139),#1353,.T.);
#1428=ADVANCED_FACE('',(#140),#1354,.T.);
#1429=ADVANCED_FACE('',(#141),#1355,.T.);
#1430=ADVANCED_FACE('',(#142),#1356,.T.);
#1431=ADVANCED_FACE('',(#143),#1357,.T.);
#1432=ADVANCED_FACE('',(#144),#1358,.T.);
#1433=CLOSED_SHELL('',(#1359,#1360,#1361,#1362,#1363,#1364,#1365,#1366,
#1367,#1368,#1369,#1370,#1371,#1372,#1373,#1374,#1375,#1376,#1377,#1378,
#1379,#1380,#1381,#1382,#1383,#1384,#1385,#1386,#1387));
#1434=CLOSED_SHELL('',(#1388,#1389,#1390,#1391,#1392,#1393,#1394,#1395,
#1396,#1397,#1398,#1399,#1400,#1401,#1402,#1403,#1404,#1405,#1406,#1407,
#1408,#1409,#1410,#1411,#1412,#1413,#1414,#1415,#1416,#1417,#1418,#1419,
#1420,#1421,#1422,#1423,#1424,#1425,#1426,#1427,#1428,#1429,#1430,#1431,
#1432));
#1435=AXIS2_PLACEMENT_3D('',#1893,#1531,#1532);
#1436=AXIS2_PLACEMENT_3D('',#1894,#1533,#1534);
#1437=AXIS2_PLACEMENT_3D('',#1903,#1539,#1540);
#1438=AXIS2_PLACEMENT_3D('',#1909,#1544,#1545);
#1439=AXIS2_PLACEMENT_3D('',#1918,#1550,#1551);
#1440=AXIS2_PLACEMENT_3D('',#1924,#1555,#1556);
#1441=AXIS2_PLACEMENT_3D('',#1930,#1560,#1561);
#1442=AXIS2_PLACEMENT_3D('',#1939,#1566,#1567);
#1443=AXIS2_PLACEMENT_3D('',#1945,#1571,#1572);
#1444=AXIS2_PLACEMENT_3D('',#1951,#1576,#1577);
#1445=AXIS2_PLACEMENT_3D('',#1957,#1582,#1583);
#1446=AXIS2_PLACEMENT_3D('',#1967,#1590,#1591);
#1447=AXIS2_PLACEMENT_3D('',#1976,#1596,#1597);
#1448=AXIS2_PLACEMENT_3D('',#1986,#1603,#1604);
#1449=AXIS2_PLACEMENT_3D('',#1995,#1609,#1610);
#1450=AXIS2_PLACEMENT_3D('',#2005,#1616,#1617);
#1451=AXIS2_PLACEMENT_3D('',#2022,#1627,#1628);
#1452=AXIS2_PLACEMENT_3D('',#2039,#1638,#1639);
#1453=AXIS2_PLACEMENT_3D('',#2042,#1642,#1643);
#1454=AXIS2_PLACEMENT_3D('',#2044,#1645,#1646);
#1455=AXIS2_PLACEMENT_3D('',#2045,#1647,#1648);
#1456=AXIS2_PLACEMENT_3D('',#2048,#1651,#1652);
#1457=AXIS2_PLACEMENT_3D('',#2050,#1654,#1655);
#1458=AXIS2_PLACEMENT_3D('',#2052,#1657,#1658);
#1459=AXIS2_PLACEMENT_3D('',#2054,#1660,#1661);
#1460=AXIS2_PLACEMENT_3D('',#2056,#1663,#1664);
#1461=AXIS2_PLACEMENT_3D('',#2057,#1665,#1666);
#1462=AXIS2_PLACEMENT_3D('',#2059,#1668,#1669);
#1463=AXIS2_PLACEMENT_3D('',#2061,#1671,#1672);
#1464=AXIS2_PLACEMENT_3D('',#2063,#1674,#1675);
#1465=AXIS2_PLACEMENT_3D('',#2101,#1676,#1677);
#1466=AXIS2_PLACEMENT_3D('',#2103,#1678,#1679);
#1467=AXIS2_PLACEMENT_3D('',#2104,#1680,#1681);
#1468=AXIS2_PLACEMENT_3D('',#2142,#1682,#1683);
#1469=AXIS2_PLACEMENT_3D('',#2144,#1684,#1685);
#1470=AXIS2_PLACEMENT_3D('',#2145,#1686,#1687);
#1471=AXIS2_PLACEMENT_3D('',#2146,#1688,#1689);
#1472=AXIS2_PLACEMENT_3D('',#2150,#1691,#1692);
#1473=AXIS2_PLACEMENT_3D('',#2152,#1694,#1695);
#1474=AXIS2_PLACEMENT_3D('',#2155,#1698,#1699);
#1475=AXIS2_PLACEMENT_3D('',#2159,#1701,#1702);
#1476=AXIS2_PLACEMENT_3D('',#2161,#1704,#1705);
#1477=AXIS2_PLACEMENT_3D('',#2163,#1707,#1708);
#1478=AXIS2_PLACEMENT_3D('',#2167,#1710,#1711);
#1479=AXIS2_PLACEMENT_3D('',#2173,#1714,#1715);
#1480=AXIS2_PLACEMENT_3D('',#2177,#1717,#1718);
#1481=AXIS2_PLACEMENT_3D('',#2195,#1728,#1729);
#1482=AXIS2_PLACEMENT_3D('',#2198,#1730,#1731);
#1483=AXIS2_PLACEMENT_3D('',#2201,#1734,#1735);
#1484=AXIS2_PLACEMENT_3D('',#2211,#1740,#1741);
#1485=AXIS2_PLACEMENT_3D('',#2213,#1743,#1744);
#1486=AXIS2_PLACEMENT_3D('',#2217,#1746,#1747);
#1487=AXIS2_PLACEMENT_3D('',#2289,#1753,#1754);
#1488=AXIS2_PLACEMENT_3D('',#2306,#1763,#1764);
#1489=AXIS2_PLACEMENT_3D('',#2309,#1767,#1768);
#1490=AXIS2_PLACEMENT_3D('',#2312,#1770,#1771);
#1491=AXIS2_PLACEMENT_3D('',#2313,#1772,#1773);
#1492=AXIS2_PLACEMENT_3D('',#2316,#1775,#1776);
#1493=AXIS2_PLACEMENT_3D('',#2317,#1777,#1778);
#1494=AXIS2_PLACEMENT_3D('',#2319,#1779,#1780);
#1495=AXIS2_PLACEMENT_3D('',#3568,#1782,#1783);
#1496=AXIS2_PLACEMENT_3D('',#3569,#1784,#1785);
#1497=AXIS2_PLACEMENT_3D('',#3571,#1787,#1788);
#1498=AXIS2_PLACEMENT_3D('',#3581,#1794,#1795);
#1499=AXIS2_PLACEMENT_3D('',#3585,#1797,#1798);
#1500=AXIS2_PLACEMENT_3D('',#3591,#1802,#1803);
#1501=AXIS2_PLACEMENT_3D('',#3592,#1804,#1805);
#1502=AXIS2_PLACEMENT_3D('',#3593,#1806,#1807);
#1503=AXIS2_PLACEMENT_3D('',#3595,#1808,#1809);
#1504=AXIS2_PLACEMENT_3D('',#3597,#1810,#1811);
#1505=AXIS2_PLACEMENT_3D('',#3614,#1813,#1814);
#1506=AXIS2_PLACEMENT_3D('',#3618,#1817,#1818);
#1507=AXIS2_PLACEMENT_3D('',#3620,#1819,#1820);
#1508=AXIS2_PLACEMENT_3D('',#3621,#1821,#1822);
#1509=AXIS2_PLACEMENT_3D('',#3637,#1823,#1824);
#1510=AXIS2_PLACEMENT_3D('',#3639,#1826,#1827);
#1511=AXIS2_PLACEMENT_3D('',#3640,#1828,#1829);
#1512=AXIS2_PLACEMENT_3D('',#3649,#1834,#1835);
#1513=AXIS2_PLACEMENT_3D('',#3655,#1839,#1840);
#1514=AXIS2_PLACEMENT_3D('',#3658,#1843,#1844);
#1515=AXIS2_PLACEMENT_3D('',#3660,#1846,#1847);
#1516=AXIS2_PLACEMENT_3D('',#3666,#1851,#1852);
#1517=AXIS2_PLACEMENT_3D('',#3669,#1855,#1856);
#1518=AXIS2_PLACEMENT_3D('',#3671,#1858,#1859);
#1519=AXIS2_PLACEMENT_3D('',#3672,#1860,#1861);
#1520=AXIS2_PLACEMENT_3D('',#3674,#1863,#1864);
#1521=AXIS2_PLACEMENT_3D('',#3675,#1865,#1866);
#1522=AXIS2_PLACEMENT_3D('',#3678,#1869,#1870);
#1523=AXIS2_PLACEMENT_3D('',#3680,#1872,#1873);
#1524=AXIS2_PLACEMENT_3D('',#3683,#1876,#1877);
#1525=AXIS2_PLACEMENT_3D('',#3685,#1879,#1880);
#1526=AXIS2_PLACEMENT_3D('',#3686,#1881,#1882);
#1527=AXIS2_PLACEMENT_3D('',#3688,#1884,#1885);
#1528=AXIS2_PLACEMENT_3D('',#3689,#1886,#1887);
#1529=AXIS2_PLACEMENT_3D('',#3691,#1889,#1890);
#1530=AXIS2_PLACEMENT_3D('',#3692,#1891,#1892);
#1531=DIRECTION('axis',(0.,0.,1.));
#1532=DIRECTION('refdir',(1.,0.,0.));
#1533=DIRECTION('center_axis',(1.,1.4210854715202E-15,0.));
#1534=DIRECTION('ref_axis',(-1.4210854715202E-15,1.,0.));
#1535=DIRECTION('',(1.4210854715202E-15,-1.,0.));
#1536=DIRECTION('',(-2.01948391736579E-30,1.4210854715202E-15,-1.));
#1537=DIRECTION('',(-1.4210854715202E-15,1.,0.));
#1538=DIRECTION('',(0.,0.,1.));
#1539=DIRECTION('center_axis',(0.,-1.,0.));
#1540=DIRECTION('ref_axis',(1.,0.,0.));
#1541=DIRECTION('',(-1.,0.,0.));
#1542=DIRECTION('',(1.,0.,0.));
#1543=DIRECTION('',(0.,0.,1.));
#1544=DIRECTION('center_axis',(1.,8.88178419700122E-16,0.));
#1545=DIRECTION('ref_axis',(-8.88178419700122E-16,1.,0.));
#1546=DIRECTION('',(-8.88178419700122E-16,1.,0.));
#1547=DIRECTION('',(-1.26217744835362E-30,1.4210854715202E-15,-1.));
#1548=DIRECTION('',(-8.88178419700122E-16,1.,0.));
#1549=DIRECTION('',(0.,0.,1.));
#1550=DIRECTION('center_axis',(2.43336553342498E-16,1.,0.));
#1551=DIRECTION('ref_axis',(-1.,2.43336553342498E-16,0.));
#1552=DIRECTION('',(-1.,2.43336553342498E-16,0.));
#1553=DIRECTION('',(-1.,2.43336553342498E-16,0.));
#1554=DIRECTION('',(0.,0.,1.));
#1555=DIRECTION('center_axis',(-1.,0.,0.));
#1556=DIRECTION('ref_axis',(0.,-1.,0.));
#1557=DIRECTION('',(0.,-1.,0.));
#1558=DIRECTION('',(0.,-1.,0.));
#1559=DIRECTION('',(0.,-1.4210854715202E-15,1.));
#1560=DIRECTION('center_axis',(1.,8.88178419700122E-16,0.));
#1561=DIRECTION('ref_axis',(-8.88178419700122E-16,1.,0.));
#1562=DIRECTION('',(-8.88178419700122E-16,1.,0.));
#1563=DIRECTION('',(-1.26217744835362E-30,1.4210854715202E-15,-1.));
#1564=DIRECTION('',(-8.88178419700122E-16,1.,0.));
#1565=DIRECTION('',(0.,0.,1.));
#1566=DIRECTION('center_axis',(2.43336553342498E-16,1.,0.));
#1567=DIRECTION('ref_axis',(-1.,2.43336553342498E-16,0.));
#1568=DIRECTION('',(-1.,2.43336553342498E-16,0.));
#1569=DIRECTION('',(-1.,2.43336553342498E-16,0.));
#1570=DIRECTION('',(0.,0.,1.));
#1571=DIRECTION('center_axis',(-1.,-1.77635683940024E-15,0.));
#1572=DIRECTION('ref_axis',(1.77635683940024E-15,-1.,0.));
#1573=DIRECTION('',(1.77635683940024E-15,-1.,0.));
#1574=DIRECTION('',(1.77635683940024E-15,-1.,0.));
#1575=DIRECTION('',(2.52435489670723E-30,-1.4210854715202E-15,1.));
#1576=DIRECTION('center_axis',(0.,0.,1.));
#1577=DIRECTION('ref_axis',(1.,0.,0.));
#1578=DIRECTION('',(1.,0.,0.));
#1579=DIRECTION('',(1.,0.,0.));
#1580=DIRECTION('',(0.,-1.,0.));
#1581=DIRECTION('',(1.,0.,0.));
#1582=DIRECTION('center_axis',(0.,-1.,-1.4210854715202E-15));
#1583=DIRECTION('ref_axis',(0.,1.4210854715202E-15,-1.));
#1584=DIRECTION('',(1.,0.,0.));
#1585=DIRECTION('',(0.,2.79702596259155E-15,-1.));
#1586=DIRECTION('',(1.,0.,0.));
#1587=DIRECTION('',(0.,-1.4210854715202E-15,1.));
#1588=DIRECTION('',(1.,0.,0.));
#1589=DIRECTION('',(1.,0.,0.));
#1590=DIRECTION('center_axis',(0.,-0.000583517424605567,0.999999829753693));
#1591=DIRECTION('ref_axis',(0.,0.999999829753693,0.000583517424605567));
#1592=DIRECTION('',(0.,-0.999999829753693,-0.000583517424605567));
#1593=DIRECTION('',(1.,0.,0.));
#1594=DIRECTION('',(0.,0.999999829753693,0.000583517424605567));
#1595=DIRECTION('',(-1.,0.,0.));
#1596=DIRECTION('center_axis',(-1.,0.,0.));
#1597=DIRECTION('ref_axis',(0.,0.,1.));
#1598=DIRECTION('',(0.,0.967704601926535,0.252086896546024));
#1599=DIRECTION('',(0.,-2.09660006530194E-15,1.));
#1600=DIRECTION('',(0.,0.999988357898525,-0.00482535671329067));
#1601=DIRECTION('',(0.,1.,0.));
#1602=DIRECTION('',(0.,0.000583517424605514,-0.999999829753693));
#1603=DIRECTION('center_axis',(0.,-0.000583517424605567,0.999999829753693));
#1604=DIRECTION('ref_axis',(0.,-0.999999829753693,-0.000583517424605567));
#1605=DIRECTION('',(0.,-0.999999829753693,-0.000583517424605567));
#1606=DIRECTION('',(-1.,0.,0.));
#1607=DIRECTION('',(0.,-0.999999829753693,-0.000583517424605567));
#1608=DIRECTION('',(1.,0.,0.));
#1609=DIRECTION('center_axis',(1.,0.,0.));
#1610=DIRECTION('ref_axis',(0.,0.,-1.));
#1611=DIRECTION('',(0.,-0.967704601926535,-0.252086896546024));
#1612=DIRECTION('',(0.,-0.000583517424605514,0.999999829753693));
#1613=DIRECTION('',(0.,-1.,0.));
#1614=DIRECTION('',(0.,-0.999988357898525,0.00482535671329067));
#1615=DIRECTION('',(0.,2.09660006530194E-15,-1.));
#1616=DIRECTION('center_axis',(-1.,0.,0.));
#1617=DIRECTION('ref_axis',(0.,0.,1.));
#1618=DIRECTION('',(0.,1.,0.));
#1619=DIRECTION('',(0.,0.,1.));
#1620=DIRECTION('',(0.,1.,0.));
#1621=DIRECTION('',(0.,2.79101917583857E-15,-1.));
#1622=DIRECTION('',(0.,-1.,-2.7969300262086E-15));
#1623=DIRECTION('',(0.,1.,2.91206031420962E-15));
#1624=DIRECTION('',(0.,4.82705662880506E-16,-1.));
#1625=DIRECTION('',(0.,1.,0.));
#1626=DIRECTION('',(0.,0.000583517424605514,-0.999999829753693));
#1627=DIRECTION('center_axis',(1.,0.,0.));
#1628=DIRECTION('ref_axis',(0.,0.,-1.));
#1629=DIRECTION('',(0.,-0.000583517424605514,0.999999829753693));
#1630=DIRECTION('',(0.,-1.,0.));
#1631=DIRECTION('',(0.,-4.82705662880506E-16,1.));
#1632=DIRECTION('',(0.,-1.,-2.91206031420962E-15));
#1633=DIRECTION('',(0.,1.,2.7969300262086E-15));
#1634=DIRECTION('',(0.,-2.79101917583857E-15,1.));
#1635=DIRECTION('',(0.,-1.,0.));
#1636=DIRECTION('',(0.,0.,-1.));
#1637=DIRECTION('',(0.,-1.,0.));
#1638=DIRECTION('center_axis',(0.,1.,4.82705662880506E-16));
#1639=DIRECTION('ref_axis',(0.,-4.82705662880506E-16,1.));
#1640=DIRECTION('',(-1.,0.,0.));
#1641=DIRECTION('',(1.,0.,0.));
#1642=DIRECTION('center_axis',(0.,0.,1.));
#1643=DIRECTION('ref_axis',(0.,-1.,0.));
#1644=DIRECTION('',(1.,0.,0.));
#1645=DIRECTION('center_axis',(0.,-2.91206031420962E-15,1.));
#1646=DIRECTION('ref_axis',(0.,-1.,-2.91206031420962E-15));
#1647=DIRECTION('center_axis',(0.,-0.252086896546024,0.967704601926535));
#1648=DIRECTION('ref_axis',(0.,-0.967704601926535,-0.252086896546024));
#1649=DIRECTION('',(1.,0.,0.));
#1650=DIRECTION('',(1.,0.,0.));
#1651=DIRECTION('center_axis',(0.,0.,1.));
#1652=DIRECTION('ref_axis',(0.,-1.,0.));
#1653=DIRECTION('',(1.,0.,0.));
#1654=DIRECTION('center_axis',(0.,-1.,0.));
#1655=DIRECTION('ref_axis',(0.,0.,-1.));
#1656=DIRECTION('',(1.,0.,0.));
#1657=DIRECTION('center_axis',(0.,0.,1.));
#1658=DIRECTION('ref_axis',(0.,-1.,0.));
#1659=DIRECTION('',(1.,0.,0.));
#1660=DIRECTION('center_axis',(0.,1.,2.79101917583857E-15));
#1661=DIRECTION('ref_axis',(0.,-2.79101917583857E-15,1.));
#1662=DIRECTION('',(1.,0.,0.));
#1663=DIRECTION('center_axis',(0.,2.7969300262086E-15,-1.));
#1664=DIRECTION('ref_axis',(0.,1.,2.7969300262086E-15));
#1665=DIRECTION('center_axis',(0.,0.999999829753693,0.000583517424605514));
#1666=DIRECTION('ref_axis',(0.,-0.000583517424605514,0.999999829753693));
#1667=DIRECTION('',(1.,0.,0.));
#1668=DIRECTION('center_axis',(0.,0.,1.));
#1669=DIRECTION('ref_axis',(0.,-1.,0.));
#1670=DIRECTION('',(1.,0.,0.));
#1671=DIRECTION('center_axis',(0.,0.00482535671329067,0.999988357898525));
#1672=DIRECTION('ref_axis',(0.,-0.999988357898525,0.00482535671329067));
#1673=DIRECTION('',(1.,0.,0.));
#1674=DIRECTION('center_axis',(0.,-1.,-2.09660006530194E-15));
#1675=DIRECTION('ref_axis',(0.,2.09660006530194E-15,-1.));
#1676=DIRECTION('center_axis',(0.,1.,0.));
#1677=DIRECTION('ref_axis',(-1.,0.,0.));
#1678=DIRECTION('center_axis',(-0.951222818948762,1.11084006151198E-15,
-0.308504698037437));
#1679=DIRECTION('ref_axis',(-0.308504698037437,0.,0.951222818948762));
#1680=DIRECTION('center_axis',(0.308504698037437,-2.57653180934028E-15,
0.951222818948762));
#1681=DIRECTION('ref_axis',(-0.951222818948762,0.,0.308504698037437));
#1682=DIRECTION('center_axis',(0.,1.,0.));
#1683=DIRECTION('ref_axis',(0.,0.,1.));
#1684=DIRECTION('center_axis',(-0.308504698037435,-2.85424182471827E-15,
0.951222818948763));
#1685=DIRECTION('ref_axis',(0.951222818948763,0.,0.308504698037435));
#1686=DIRECTION('center_axis',(0.951222818948763,1.11084006151197E-15,-0.308504698037435));
#1687=DIRECTION('ref_axis',(0.308504698037435,0.,0.951222818948763));
#1688=DIRECTION('center_axis',(0.,-2.79101917583857E-15,1.));
#1689=DIRECTION('ref_axis',(0.707106781186547,0.707106781186547,2.1217465657889E-15));
#1690=DIRECTION('',(0.,2.79101917583857E-15,-1.));
#1691=DIRECTION('center_axis',(0.,-2.7969300262086E-15,1.));
#1692=DIRECTION('ref_axis',(0.707106781186547,0.707106781186547,2.1217465657889E-15));
#1693=DIRECTION('',(0.,-2.79101917583857E-15,1.));
#1694=DIRECTION('center_axis',(1.,0.,0.));
#1695=DIRECTION('ref_axis',(0.,0.707106781186551,0.707106781186544));
#1696=DIRECTION('',(1.,0.,0.));
#1697=DIRECTION('',(-1.,0.,0.));
#1698=DIRECTION('center_axis',(0.,2.79101917583857E-15,-1.));
#1699=DIRECTION('ref_axis',(-0.70710678118655,0.707106781186545,2.12174656578889E-15));
#1700=DIRECTION('',(0.,2.79101917583857E-15,-1.));
#1701=DIRECTION('center_axis',(0.,-2.7969300262086E-15,1.));
#1702=DIRECTION('ref_axis',(-0.70710678118655,0.707106781186545,2.12174656578889E-15));
#1703=DIRECTION('',(0.,-2.79101917583857E-15,1.));
#1704=DIRECTION('center_axis',(0.,1.,2.79101917583857E-15));
#1705=DIRECTION('ref_axis',(0.,-2.79101917583857E-15,1.));
#1706=DIRECTION('',(1.,0.,0.));
#1707=DIRECTION('center_axis',(0.,2.7969300262086E-15,-1.));
#1708=DIRECTION('ref_axis',(0.,1.,2.7969300262086E-15));
#1709=DIRECTION('',(0.,1.,2.7969300262086E-15));
#1710=DIRECTION('center_axis',(0.,-2.7969300262086E-15,1.));
#1711=DIRECTION('ref_axis',(0.707106781186548,-0.707106781186548,-1.02956882536641E-15));
#1712=DIRECTION('',(1.,0.,0.));
#1713=DIRECTION('',(1.4210854715202E-15,-1.,0.));
#1714=DIRECTION('center_axis',(0.,-2.7969300262086E-15,1.));
#1715=DIRECTION('ref_axis',(0.707106781186548,-0.707106781186548,0.));
#1716=DIRECTION('',(-1.,0.,0.));
#1717=DIRECTION('center_axis',(0.,-2.7969300262086E-15,1.));
#1718=DIRECTION('ref_axis',(-0.707106781186548,-0.707106781186548,0.));
#1719=DIRECTION('',(0.,-1.,-2.7969300262086E-15));
#1720=DIRECTION('',(-8.88178419700122E-16,1.,0.));
#1721=DIRECTION('',(-1.,2.43336553342498E-16,0.));
#1722=DIRECTION('',(0.,-1.,0.));
#1723=DIRECTION('',(1.,0.,0.));
#1724=DIRECTION('',(1.,0.,0.));
#1725=DIRECTION('',(-8.88178419700122E-16,1.,0.));
#1726=DIRECTION('',(-1.,2.43336553342498E-16,0.));
#1727=DIRECTION('',(1.77635683940024E-15,-1.,0.));
#1728=DIRECTION('center_axis',(0.,0.,1.));
#1729=DIRECTION('ref_axis',(-0.707106781186548,-0.707106781186548,0.));
#1730=DIRECTION('center_axis',(0.,0.,-1.));
#1731=DIRECTION('ref_axis',(-0.707106781186548,-0.707106781186548,0.));
#1732=DIRECTION('',(0.,0.,-1.));
#1733=DIRECTION('',(0.,0.,1.));
#1734=DIRECTION('center_axis',(-1.,0.,0.));
#1735=DIRECTION('ref_axis',(0.,0.,1.));
#1736=DIRECTION('',(0.,-1.,0.));
#1737=DIRECTION('',(0.,-0.000583517424605514,0.999999829753693));
#1738=DIRECTION('',(0.,-0.999999829753693,-0.000583517424605567));
#1739=DIRECTION('',(0.,1.,0.));
#1740=DIRECTION('center_axis',(-1.,0.,0.));
#1741=DIRECTION('ref_axis',(0.,0.,1.));
#1742=DIRECTION('',(0.,-1.,0.));
#1743=DIRECTION('center_axis',(0.,0.,1.));
#1744=DIRECTION('ref_axis',(1.,0.,0.));
#1745=DIRECTION('',(1.,0.,0.));
#1746=DIRECTION('center_axis',(0.,0.,-1.));
#1747=DIRECTION('ref_axis',(0.707106781186548,-0.707106781186548,0.));
#1748=DIRECTION('',(-1.4210854715202E-15,1.,0.));
#1749=DIRECTION('',(-1.,0.,0.));
#1750=DIRECTION('',(1.,0.,0.));
#1751=DIRECTION('',(1.4210854715202E-15,-1.,0.));
#1752=DIRECTION('',(-1.,0.,0.));
#1753=DIRECTION('center_axis',(0.,0.,-1.));
#1754=DIRECTION('ref_axis',(2.02157678725045E-10,1.,0.));
#1755=DIRECTION('',(-8.88178419700122E-16,1.,0.));
#1756=DIRECTION('',(1.,0.,0.));
#1757=DIRECTION('',(0.,-1.,0.));
#1758=DIRECTION('',(-1.,2.43336553342498E-16,0.));
#1759=DIRECTION('',(-8.88178419700122E-16,1.,0.));
#1760=DIRECTION('',(1.,0.,0.));
#1761=DIRECTION('',(1.77635683940024E-15,-1.,0.));
#1762=DIRECTION('',(-1.,2.43336553342498E-16,0.));
#1763=DIRECTION('center_axis',(0.,0.,1.));
#1764=DIRECTION('ref_axis',(0.707106781186548,-0.707106781186548,0.));
#1765=DIRECTION('',(0.,0.,-1.));
#1766=DIRECTION('',(0.,0.,1.));
#1767=DIRECTION('center_axis',(1.,1.4210854715202E-15,0.));
#1768=DIRECTION('ref_axis',(-1.4210854715202E-15,1.,0.));
#1769=DIRECTION('',(-2.01948391736579E-30,1.4210854715202E-15,-1.));
#1770=DIRECTION('center_axis',(-1.,-1.4210854715202E-15,0.));
#1771=DIRECTION('ref_axis',(0.,0.999999829753693,0.000583517424605945));
#1772=DIRECTION('center_axis',(1.,0.,0.));
#1773=DIRECTION('ref_axis',(0.,0.999999829753693,0.000583517424605945));
#1774=DIRECTION('',(1.,0.,0.));
#1775=DIRECTION('center_axis',(1.,5.78147059202686E-15,-1.98159295887149E-11));
#1776=DIRECTION('ref_axis',(5.78147059202685E-15,0.999999829753693,0.000583517424605945));
#1777=DIRECTION('center_axis',(1.,1.4210854715202E-15,0.));
#1778=DIRECTION('ref_axis',(-1.4210854715202E-15,1.,0.));
#1779=DIRECTION('center_axis',(-1.,-1.4210854715202E-15,0.));
#1780=DIRECTION('ref_axis',(0.,0.999999829753693,0.000583517424605945));
#1781=DIRECTION('',(8.2922813448578E-19,-0.000583517424605514,0.999999829753693));
#1782=DIRECTION('center_axis',(1.,5.78147059202686E-15,-1.98159295887149E-11));
#1783=DIRECTION('ref_axis',(5.78147059202685E-15,0.999999829753693,0.000583517424605945));
#1784=DIRECTION('center_axis',(1.,0.,0.));
#1785=DIRECTION('ref_axis',(0.,0.999999829753693,0.000583517424605945));
#1786=DIRECTION('',(-1.,0.,0.));
#1787=DIRECTION('center_axis',(0.,0.999999829753693,0.000583517424605514));
#1788=DIRECTION('ref_axis',(0.,-0.000583517424605514,0.999999829753693));
#1789=DIRECTION('',(-1.,0.,0.));
#1790=DIRECTION('',(0.,0.000583517424605514,-0.999999829753693));
#1791=DIRECTION('',(1.,0.,0.));
#1792=DIRECTION('',(0.,-0.000583517424605514,0.999999829753693));
#1793=DIRECTION('',(0.,0.000583517424605514,-0.999999829753693));
#1794=DIRECTION('center_axis',(1.,0.,0.));
#1795=DIRECTION('ref_axis',(0.,0.,-1.));
#1796=DIRECTION('',(0.,1.,0.));
#1797=DIRECTION('center_axis',(1.,0.,0.));
#1798=DIRECTION('ref_axis',(0.,0.,1.));
#1799=DIRECTION('',(0.,-1.,0.));
#1800=DIRECTION('',(0.,0.999999829753693,0.000583517424605567));
#1801=DIRECTION('',(0.,-1.4210854715202E-15,1.));
#1802=DIRECTION('center_axis',(0.,0.000583517424605514,-0.999999829753693));
#1803=DIRECTION('ref_axis',(-0.707106781186549,0.707106660804228,0.000412609127879029));
#1804=DIRECTION('center_axis',(0.,0.000583517424605567,-0.999999829753693));
#1805=DIRECTION('ref_axis',(-0.707106781186549,0.707106660804228,0.000412609127879029));
#1806=DIRECTION('center_axis',(0.,1.,0.));
#1807=DIRECTION('ref_axis',(-0.707106781186548,0.,0.707106781186548));
#1808=DIRECTION('center_axis',(0.,1.,0.));
#1809=DIRECTION('ref_axis',(-1.,0.,0.));
#1810=DIRECTION('center_axis',(0.,1.,0.));
#1811=DIRECTION('ref_axis',(-0.707106781186548,0.,0.707106781186548));
#1812=DIRECTION('',(0.,1.,0.));
#1813=DIRECTION('center_axis',(0.,0.,1.));
#1814=DIRECTION('ref_axis',(0.,-1.,0.));
#1815=DIRECTION('',(1.,0.,0.));
#1816=DIRECTION('',(0.,-1.,0.));
#1817=DIRECTION('center_axis',(0.,-1.,0.));
#1818=DIRECTION('ref_axis',(0.707106781186548,0.,0.707106781186548));
#1819=DIRECTION('center_axis',(0.,1.,0.));
#1820=DIRECTION('ref_axis',(0.707106781186548,0.,0.707106781186548));
#1821=DIRECTION('center_axis',(0.,1.,0.));
#1822=DIRECTION('ref_axis',(0.,0.,1.));
#1823=DIRECTION('center_axis',(0.,1.4210854715202E-15,-1.));
#1824=DIRECTION('ref_axis',(0.707106781186548,-0.707106781186548,-1.02956882536641E-15));
#1825=DIRECTION('',(0.,1.4210854715202E-15,-1.));
#1826=DIRECTION('center_axis',(0.,-0.000583517424605567,0.999999829753693));
#1827=DIRECTION('ref_axis',(9.10018717716219E-17,-0.999999829753693,-0.000583517424605567));
#1828=DIRECTION('center_axis',(0.,-1.,-2.09660006530194E-15));
#1829=DIRECTION('ref_axis',(0.,2.09660006530194E-15,-1.));
#1830=DIRECTION('',(0.,-2.09660006530194E-15,1.));
#1831=DIRECTION('',(1.,0.,0.));
#1832=DIRECTION('',(0.,2.09660006530194E-15,-1.));
#1833=DIRECTION('',(1.,0.,0.));
#1834=DIRECTION('center_axis',(0.,0.00482535671329067,0.999988357898525));
#1835=DIRECTION('ref_axis',(0.,-0.999988357898525,0.00482535671329067));
#1836=DIRECTION('',(0.,0.999988357898525,-0.00482535671329067));
#1837=DIRECTION('',(0.,-0.999988357898525,0.00482535671329067));
#1838=DIRECTION('',(1.,0.,0.));
#1839=DIRECTION('center_axis',(0.,0.,1.));
#1840=DIRECTION('ref_axis',(0.,-1.,0.));
#1841=DIRECTION('',(0.,1.,0.));
#1842=DIRECTION('',(0.,-1.,0.));
#1843=DIRECTION('center_axis',(0.,-1.,0.));
#1844=DIRECTION('ref_axis',(0.,0.,-1.));
#1845=DIRECTION('',(1.,0.,0.));
#1846=DIRECTION('center_axis',(0.,0.,1.));
#1847=DIRECTION('ref_axis',(0.,-1.,0.));
#1848=DIRECTION('',(1.,0.,0.));
#1849=DIRECTION('',(1.,0.,0.));
#1850=DIRECTION('',(1.,0.,0.));
#1851=DIRECTION('center_axis',(0.,-0.252086896546024,0.967704601926535));
#1852=DIRECTION('ref_axis',(0.,-0.967704601926535,-0.252086896546024));
#1853=DIRECTION('',(0.,0.967704601926535,0.252086896546024));
#1854=DIRECTION('',(0.,-0.967704601926535,-0.252086896546024));
#1855=DIRECTION('center_axis',(1.,0.,0.));
#1856=DIRECTION('ref_axis',(0.,0.,-1.));
#1857=DIRECTION('',(0.,-0.999999829753693,-0.000583517424605567));
#1858=DIRECTION('center_axis',(0.,-0.000583517424605567,0.999999829753693));
#1859=DIRECTION('ref_axis',(0.,-0.999999829753693,-0.000583517424605567));
#1860=DIRECTION('center_axis',(-1.,0.,0.));
#1861=DIRECTION('ref_axis',(0.,0.,1.));
#1862=DIRECTION('',(0.,0.999999829753693,0.000583517424605567));
#1863=DIRECTION('center_axis',(0.,-0.000583517424605567,0.999999829753693));
#1864=DIRECTION('ref_axis',(0.,0.999999829753693,0.000583517424605567));
#1865=DIRECTION('center_axis',(-1.,-1.77635683940024E-15,0.));
#1866=DIRECTION('ref_axis',(1.77635683940024E-15,-1.,0.));
#1867=DIRECTION('',(2.52435489670723E-30,-1.4210854715202E-15,1.));
#1868=DIRECTION('',(0.,0.,1.));
#1869=DIRECTION('center_axis',(2.43336553342498E-16,1.,0.));
#1870=DIRECTION('ref_axis',(-1.,2.43336553342498E-16,0.));
#1871=DIRECTION('',(0.,0.,1.));
#1872=DIRECTION('center_axis',(-1.,0.,0.));
#1873=DIRECTION('ref_axis',(0.,-1.,0.));
#1874=DIRECTION('',(0.,-1.4210854715202E-15,1.));
#1875=DIRECTION('',(0.,0.,1.));
#1876=DIRECTION('center_axis',(2.43336553342498E-16,1.,0.));
#1877=DIRECTION('ref_axis',(-1.,2.43336553342498E-16,0.));
#1878=DIRECTION('',(0.,0.,1.));
#1879=DIRECTION('center_axis',(0.,-1.,0.));
#1880=DIRECTION('ref_axis',(1.,0.,0.));
#1881=DIRECTION('center_axis',(1.,8.88178419700122E-16,0.));
#1882=DIRECTION('ref_axis',(-8.88178419700122E-16,1.,0.));
#1883=DIRECTION('',(-1.26217744835362E-30,1.4210854715202E-15,-1.));
#1884=DIRECTION('center_axis',(0.,-1.,-1.4210854715202E-15));
#1885=DIRECTION('ref_axis',(0.,1.4210854715202E-15,-1.));
#1886=DIRECTION('center_axis',(0.,-1.,-1.4210854715202E-15));
#1887=DIRECTION('ref_axis',(0.,1.4210854715202E-15,-1.));
#1888=DIRECTION('',(-1.26217744835362E-30,1.4210854715202E-15,-1.));
#1889=DIRECTION('center_axis',(0.,-1.,-1.4210854715202E-15));
#1890=DIRECTION('ref_axis',(0.,1.4210854715202E-15,-1.));
#1891=DIRECTION('center_axis',(1.,8.88178419700122E-16,0.));
#1892=DIRECTION('ref_axis',(-8.88178419700122E-16,1.,0.));
#1893=CARTESIAN_POINT('',(0.,0.,0.));
#1894=CARTESIAN_POINT('Origin',(7.60000000000006,-3.61528667399264,0.174999999999991));
#1895=CARTESIAN_POINT('',(7.60000000000006,-1.11528667399265,0.174999999999991));
#1896=CARTESIAN_POINT('',(7.60000000000006,-3.61528667399264,0.174999999999991));
#1897=CARTESIAN_POINT('',(7.60000000000006,-1.11528667399265,0.174999999999991));
#1898=CARTESIAN_POINT('',(7.60000000000006,-1.11528667399265,8.67499999999999));
#1899=CARTESIAN_POINT('',(7.60000000000006,-1.11528667399265,0.487499999999993));
#1900=CARTESIAN_POINT('',(7.60000000000006,-3.61528667399265,8.67499999999999));
#1901=CARTESIAN_POINT('',(7.60000000000006,-1.11528667399265,8.67499999999999));
#1902=CARTESIAN_POINT('',(7.60000000000006,-3.61528667399264,0.174999999999991));
#1903=CARTESIAN_POINT('Origin',(-1.2,-3.61528667399264,0.174999999999991));
#1904=CARTESIAN_POINT('',(-1.2,-3.61528667399264,0.174999999999991));
#1905=CARTESIAN_POINT('',(3.45000000000003,-3.61528667399264,0.174999999999991));
#1906=CARTESIAN_POINT('',(-1.2,-3.61528667399265,8.67499999999999));
#1907=CARTESIAN_POINT('',(3.45000000000003,-3.61528667399264,8.67499999999999));
#1908=CARTESIAN_POINT('',(-1.2,-3.61528667399264,0.174999999999991));
#1909=CARTESIAN_POINT('Origin',(-0.699999999999998,-3.11528667399265,0.174999999999991));
#1910=CARTESIAN_POINT('',(-0.699999999999998,-3.11528667399265,0.174999999999991));
#1911=CARTESIAN_POINT('',(-0.7,-1.11528667399264,0.174999999999991));
#1912=CARTESIAN_POINT('',(-0.699999999999998,-3.11528667399265,0.174999999999991));
#1913=CARTESIAN_POINT('',(-0.7,-1.11528667399264,8.67499999999999));
#1914=CARTESIAN_POINT('',(-0.7,-1.11528667399265,0.487499999999993));
#1915=CARTESIAN_POINT('',(-0.699999999999998,-3.11528667399265,8.67499999999999));
#1916=CARTESIAN_POINT('',(-0.699999999999998,-3.11528667399265,8.67499999999999));
#1917=CARTESIAN_POINT('',(-0.699999999999998,-3.11528667399265,0.174999999999991));
#1918=CARTESIAN_POINT('Origin',(2.95000000000003,-3.11528667399265,0.174999999999991));
#1919=CARTESIAN_POINT('',(2.95000000000003,-3.11528667399265,0.174999999999991));
#1920=CARTESIAN_POINT('',(2.95000000000003,-3.11528667399265,0.174999999999991));
#1921=CARTESIAN_POINT('',(2.95000000000003,-3.11528667399265,8.67499999999999));
#1922=CARTESIAN_POINT('',(2.95000000000003,-3.11528667399265,8.67499999999999));
#1923=CARTESIAN_POINT('',(2.95000000000003,-3.11528667399265,0.174999999999991));
#1924=CARTESIAN_POINT('Origin',(2.95000000000003,-1.11528667399264,0.174999999999991));
#1925=CARTESIAN_POINT('',(2.95000000000003,-1.11528667399264,0.174999999999991));
#1926=CARTESIAN_POINT('',(2.95000000000003,-1.11528667399264,0.174999999999991));
#1927=CARTESIAN_POINT('',(2.95000000000003,-1.11528667399264,8.67499999999999));
#1928=CARTESIAN_POINT('',(2.95000000000003,-1.11528667399264,8.67499999999999));
#1929=CARTESIAN_POINT('',(2.95000000000003,-1.11528667399265,0.487499999999991));
#1930=CARTESIAN_POINT('Origin',(3.45000000000003,-3.11528667399265,0.174999999999991));
#1931=CARTESIAN_POINT('',(3.45000000000003,-3.11528667399265,0.174999999999991));
#1932=CARTESIAN_POINT('',(3.45000000000003,-1.11528667399264,0.174999999999991));
#1933=CARTESIAN_POINT('',(3.45000000000003,-3.11528667399265,0.174999999999991));
#1934=CARTESIAN_POINT('',(3.45000000000003,-1.11528667399264,8.67499999999999));
#1935=CARTESIAN_POINT('',(3.45000000000003,-1.11528667399265,0.487499999999993));
#1936=CARTESIAN_POINT('',(3.45000000000003,-3.11528667399265,8.67499999999999));
#1937=CARTESIAN_POINT('',(3.45000000000003,-3.11528667399265,8.67499999999999));
#1938=CARTESIAN_POINT('',(3.45000000000003,-3.11528667399265,0.174999999999991));
#1939=CARTESIAN_POINT('Origin',(7.10000000000006,-3.11528667399265,0.174999999999991));
#1940=CARTESIAN_POINT('',(7.10000000000006,-3.11528667399265,0.174999999999991));
#1941=CARTESIAN_POINT('',(7.10000000000006,-3.11528667399265,0.174999999999991));
#1942=CARTESIAN_POINT('',(7.10000000000006,-3.11528667399265,8.67499999999999));
#1943=CARTESIAN_POINT('',(7.10000000000006,-3.11528667399265,8.67499999999999));
#1944=CARTESIAN_POINT('',(7.10000000000006,-3.11528667399265,0.174999999999991));
#1945=CARTESIAN_POINT('Origin',(7.10000000000006,-1.11528667399265,0.174999999999991));
#1946=CARTESIAN_POINT('',(7.10000000000006,-1.11528667399265,0.174999999999991));
#1947=CARTESIAN_POINT('',(7.10000000000006,-1.11528667399265,0.174999999999991));
#1948=CARTESIAN_POINT('',(7.10000000000006,-1.11528667399265,8.67499999999999));
#1949=CARTESIAN_POINT('',(7.10000000000006,-1.11528667399265,8.67499999999999));
#1950=CARTESIAN_POINT('',(7.10000000000006,-1.11528667399265,0.487499999999991));
#1951=CARTESIAN_POINT('Origin',(3.20000000000003,-2.36528667399264,8.67499999999999));
#1952=CARTESIAN_POINT('',(1.60000000000002,-1.11528667399266,8.67499999999999));
#1953=CARTESIAN_POINT('',(-1.2,-1.11528667399264,8.67499999999999));
#1954=CARTESIAN_POINT('',(1.60000000000002,-1.11528667399266,8.67499999999999));
#1955=CARTESIAN_POINT('',(-1.2,-1.11528667399264,8.67499999999999));
#1956=CARTESIAN_POINT('',(1.60000000000002,-1.11528667399266,8.67499999999999));
#1957=CARTESIAN_POINT('Origin',(0.,-1.11528667399265,0.799999999999991));
#1958=CARTESIAN_POINT('',(10.4,-1.11528667399264,0.174999999999991));
#1959=CARTESIAN_POINT('',(0.,-1.11528667399264,0.174999999999991));
#1960=CARTESIAN_POINT('',(10.4,-1.11528667399267,9.85));
#1961=CARTESIAN_POINT('',(10.4,-1.11528667399265,0.799999999999991));
#1962=CARTESIAN_POINT('',(-1.2,-1.11528667399267,9.85));
#1963=CARTESIAN_POINT('',(0.,-1.11528667399267,9.85));
#1964=CARTESIAN_POINT('',(-1.2,-1.11528667399265,0.799999999999991));
#1965=CARTESIAN_POINT('',(0.,-1.11528667399264,0.174999999999991));
#1966=CARTESIAN_POINT('',(0.,-1.11528667399264,0.174999999999991));
#1967=CARTESIAN_POINT('Origin',(10.4,-0.500611076732512,1.83724857952005));
#1968=CARTESIAN_POINT('',(10.4,1.09741384162386,1.83818105506361));
#1969=CARTESIAN_POINT('',(10.4,-0.500611076732512,1.83724857952005));
#1970=CARTESIAN_POINT('',(10.4,1.09741384162386,1.83818105506361));
#1971=CARTESIAN_POINT('',(9.765,1.09741384162386,1.83818105506361));
#1972=CARTESIAN_POINT('',(0.,1.09741384162386,1.83818105506361));
#1973=CARTESIAN_POINT('',(9.765,-0.500611076732512,1.83724857952005));
#1974=CARTESIAN_POINT('',(9.765,1.09741384162386,1.83818105506361));
#1975=CARTESIAN_POINT('',(5.2,-0.500611076732512,1.83724857952005));
#1976=CARTESIAN_POINT('Origin',(9.765,0.298401382445673,1.31247134057408));
#1977=CARTESIAN_POINT('',(9.765,0.181104500987607,1.59948261599733));
#1978=CARTESIAN_POINT('',(9.765,0.659173056401004,1.7240193994646));
#1979=CARTESIAN_POINT('',(9.765,0.181104500987608,0.786761626084541));
#1980=CARTESIAN_POINT('',(9.765,0.181104500987607,1.4559769782857));
#1981=CARTESIAN_POINT('',(9.765,-0.489999989047647,0.789999982342124));
#1982=CARTESIAN_POINT('',(9.765,0.23848322245884,0.786484750062271));
#1983=CARTESIAN_POINT('',(9.765,-0.499999988824129,0.789999982342124));
#1984=CARTESIAN_POINT('',(9.765,-0.095799303300987,0.789999982342124));
#1985=CARTESIAN_POINT('',(9.765,-0.500152288443997,1.05100263199296));
#1986=CARTESIAN_POINT('Origin',(-1.2,1.09741384162386,1.83818105506361));
#1987=CARTESIAN_POINT('',(-1.2,1.09741384162386,1.83818105506361));
#1988=CARTESIAN_POINT('',(-1.2,-0.500611076732512,1.83724857952005));
#1989=CARTESIAN_POINT('',(-1.2,1.09741384162386,1.83818105506361));
#1990=CARTESIAN_POINT('',(-0.565,-0.500611076732512,1.83724857952005));
#1991=CARTESIAN_POINT('',(-0.6,-0.500611076732511,1.83724857952005));
#1992=CARTESIAN_POINT('',(-0.565,1.09741384162386,1.83818105506361));
#1993=CARTESIAN_POINT('',(-0.565,1.09741384162386,1.83818105506361));
#1994=CARTESIAN_POINT('',(0.,1.09741384162386,1.83818105506361));
#1995=CARTESIAN_POINT('Origin',(-0.565,0.298401382445673,1.31247134057408));
#1996=CARTESIAN_POINT('',(-0.565,0.181104500987607,1.59948261599733));
#1997=CARTESIAN_POINT('',(-0.565,0.659173056401004,1.7240193994646));
#1998=CARTESIAN_POINT('',(-0.565,-0.499999988824129,0.789999982342124));
#1999=CARTESIAN_POINT('',(-0.565,-0.500152288443997,1.05100263199296));
#2000=CARTESIAN_POINT('',(-0.565,-0.489999989047647,0.789999982342124));
#2001=CARTESIAN_POINT('',(-0.565,-0.095799303300987,0.789999982342124));
#2002=CARTESIAN_POINT('',(-0.565,0.181104500987608,0.786761626084541));
#2003=CARTESIAN_POINT('',(-0.565,0.23848322245884,0.786484750062271));
#2004=CARTESIAN_POINT('',(-0.565,0.181104500987607,1.4559769782857));
#2005=CARTESIAN_POINT('Origin',(-1.2,1.14235668833565,1.12968181736867));
#2006=CARTESIAN_POINT('',(-1.2,3.02949514096222,1.83818105506362));
#2007=CARTESIAN_POINT('',(-1.2,2.9866,1.83818105506362));
#2008=CARTESIAN_POINT('',(-1.2,3.02949514096222,2.08436363473735));
#2009=CARTESIAN_POINT('',(-1.2,3.02949514096222,1.83818105506362));
#2010=CARTESIAN_POINT('',(-1.2,3.40000005066395,2.08436363473735));
#2011=CARTESIAN_POINT('',(-1.2,3.28150892948391,2.08436363473735));
#2012=CARTESIAN_POINT('',(-1.2,3.40000005066395,0.175000000000003));
#2013=CARTESIAN_POINT('',(-1.2,3.40000005066395,2.08436363473735));
#2014=CARTESIAN_POINT('',(-1.2,-1.11528667399264,0.174999999999991));
#2015=CARTESIAN_POINT('',(-1.2,-0.505286657601395,9.85));
#2016=CARTESIAN_POINT('',(-1.2,-0.505286657601395,9.85));
#2017=CARTESIAN_POINT('',(-1.2,-0.505286657601394,9.62));
#2018=CARTESIAN_POINT('',(-1.2,-0.505286657601394,9.62));
#2019=CARTESIAN_POINT('',(-1.2,-0.505152448570887,9.62));
#2020=CARTESIAN_POINT('',(-1.2,-0.505286657601394,9.62));
#2021=CARTESIAN_POINT('',(-1.2,-0.499999988824129,0.789999982342124));
#2022=CARTESIAN_POINT('Origin',(10.4,1.14235668833565,1.12968181736867));
#2023=CARTESIAN_POINT('',(10.4,-0.505152448570887,9.62));
#2024=CARTESIAN_POINT('',(10.4,-0.499999988824129,0.789999982342124));
#2025=CARTESIAN_POINT('',(10.4,-0.505286657601394,9.62));
#2026=CARTESIAN_POINT('',(10.4,-0.505286657601394,9.62));
#2027=CARTESIAN_POINT('',(10.4,-0.505286657601395,9.85));
#2028=CARTESIAN_POINT('',(10.4,-0.505286657601394,9.62));
#2029=CARTESIAN_POINT('',(10.4,-0.505286657601395,9.85));
#2030=CARTESIAN_POINT('',(10.4,3.40000005066395,0.175000000000003));
#2031=CARTESIAN_POINT('',(10.4,-1.11528667399264,0.174999999999991));
#2032=CARTESIAN_POINT('',(10.4,3.40000005066395,2.08436363473735));
#2033=CARTESIAN_POINT('',(10.4,3.40000005066395,2.08436363473735));
#2034=CARTESIAN_POINT('',(10.4,3.02949514096222,2.08436363473735));
#2035=CARTESIAN_POINT('',(10.4,3.28150892948391,2.08436363473735));
#2036=CARTESIAN_POINT('',(10.4,3.02949514096222,1.83818105506362));
#2037=CARTESIAN_POINT('',(10.4,3.02949514096222,1.83818105506362));
#2038=CARTESIAN_POINT('',(10.4,2.9866,1.83818105506362));
#2039=CARTESIAN_POINT('Origin',(0.,-0.505286657601394,9.62));
#2040=CARTESIAN_POINT('',(0.,-0.505286657601395,9.85));
#2041=CARTESIAN_POINT('',(0.,-0.505286657601394,9.62));
#2042=CARTESIAN_POINT('Origin',(0.,-0.505152448570887,9.62));
#2043=CARTESIAN_POINT('',(0.,-0.505152448570887,9.62));
#2044=CARTESIAN_POINT('Origin',(0.,-0.505286657601395,9.85));
#2045=CARTESIAN_POINT('Origin',(0.,1.09741384162386,1.83818105506361));
#2046=CARTESIAN_POINT('',(0.,1.09741384162386,1.83818105506361));
#2047=CARTESIAN_POINT('',(0.,0.181104500987607,1.59948261599733));
#2048=CARTESIAN_POINT('Origin',(0.,3.02949514096222,1.83818105506362));
#2049=CARTESIAN_POINT('',(0.,3.02949514096222,1.83818105506362));
#2050=CARTESIAN_POINT('Origin',(0.,3.02949514096222,2.08436363473735));
#2051=CARTESIAN_POINT('',(0.,3.02949514096222,2.08436363473735));
#2052=CARTESIAN_POINT('Origin',(0.,3.40000005066395,2.08436363473735));
#2053=CARTESIAN_POINT('',(0.,3.40000005066395,2.08436363473735));
#2054=CARTESIAN_POINT('Origin',(0.,3.40000005066395,0.175000000000003));
#2055=CARTESIAN_POINT('',(0.,3.40000005066395,0.175000000000003));
#2056=CARTESIAN_POINT('Origin',(0.,-1.11528667399264,0.174999999999991));
#2057=CARTESIAN_POINT('Origin',(0.,-0.499999988824129,0.789999982342124));
#2058=CARTESIAN_POINT('',(0.,-0.499999988824129,0.789999982342124));
#2059=CARTESIAN_POINT('Origin',(0.,-0.489999989047647,0.789999982342124));
#2060=CARTESIAN_POINT('',(0.,-0.489999989047647,0.789999982342124));
#2061=CARTESIAN_POINT('Origin',(0.,0.181104500987608,0.786761626084541));
#2062=CARTESIAN_POINT('',(0.,0.181104500987608,0.786761626084541));
#2063=CARTESIAN_POINT('Origin',(0.,0.181104500987606,1.59948261599733));
#2064=CARTESIAN_POINT('Ctrl Pts',(-0.83,30.400000050664,1.71436363473735));
#2065=CARTESIAN_POINT('Ctrl Pts',(-0.913027805844873,30.400000050664,1.74129157176812));
#2066=CARTESIAN_POINT('Ctrl Pts',(-1.05092841274228,30.3514741301783,1.78601609292403));
#2067=CARTESIAN_POINT('Ctrl Pts',(-1.15699667522817,30.2181054882422,1.82041661048702));
#2068=CARTESIAN_POINT('Ctrl Pts',(-1.19373749906857,30.1130119713252,1.83233255335418));
#2069=CARTESIAN_POINT('Ctrl Pts',(-1.2,30.0576759859456,1.83436363473735));
#2070=CARTESIAN_POINT('Ctrl Pts',(-1.2,30.030000050664,1.83436363473735));
#2071=CARTESIAN_POINT('Ctrl Pts',(-0.83,30.400000050664,1.71436363473735));
#2072=CARTESIAN_POINT('Ctrl Pts',(-0.902342116546949,30.400000050664,1.75197726106604));
#2073=CARTESIAN_POINT('Ctrl Pts',(-1.02297605171324,30.3668309238339,1.81443510252612));
#2074=CARTESIAN_POINT('Ctrl Pts',(-1.142008429369,30.2467617580496,1.87717966266334));
#2075=CARTESIAN_POINT('Ctrl Pts',(-1.19114990779741,30.1299191244827,1.90420411625835));
#2076=CARTESIAN_POINT('Ctrl Pts',(-1.2,30.0633564353493,1.90916345982282));
#2077=CARTESIAN_POINT('Ctrl Pts',(-1.2,30.030000050664,1.90916345982282));
#2078=CARTESIAN_POINT('Ctrl Pts',(-0.83,30.4000000506639,1.71436363473735));
#2079=CARTESIAN_POINT('Ctrl Pts',(-0.883642160275581,30.4000000506639,1.77067721733741));
#2080=CARTESIAN_POINT('Ctrl Pts',(-0.973227007822954,30.3782246511313,1.86488025689355));
#2081=CARTESIAN_POINT('Ctrl Pts',(-1.07838062077393,30.2705397056786,1.9764559429328));
#2082=CARTESIAN_POINT('Ctrl Pts',(-1.12774574989534,30.144492878787,2.02871244883022));
#2083=CARTESIAN_POINT('Ctrl Pts',(-1.13710835667802,30.068239215059,2.03861054516594));
#2084=CARTESIAN_POINT('Ctrl Pts',(-1.13710835667802,30.0300000506639,2.03861054516594));
#2085=CARTESIAN_POINT('Ctrl Pts',(-0.83,30.400000050664,1.71436363473735));
#2086=CARTESIAN_POINT('Ctrl Pts',(-0.864942204004213,30.400000050664,1.78937717360878));
#2087=CARTESIAN_POINT('Ctrl Pts',(-0.923205188754924,30.3630223723964,1.91457700234904));
#2088=CARTESIAN_POINT('Ctrl Pts',(-0.978779351396813,30.239387848654,2.03027928187255));
#2089=CARTESIAN_POINT('Ctrl Pts',(-1.00186876657808,30.1255203342906,2.07615619359832));
#2090=CARTESIAN_POINT('Ctrl Pts',(-1.0060998688141,30.0618755002006,2.08436363473735));
#2091=CARTESIAN_POINT('Ctrl Pts',(-1.0060998688141,30.030000050664,2.08436363473735));
#2092=CARTESIAN_POINT('Ctrl Pts',(-0.83,30.400000050664,1.71436363473735));
#2093=CARTESIAN_POINT('Ctrl Pts',(-0.85692793703077,30.400000050664,1.79739144058222));
#2094=CARTESIAN_POINT('Ctrl Pts',(-0.901652458186685,30.3514741301783,1.93529204747962));
#2095=CARTESIAN_POINT('Ctrl Pts',(-0.936052975749677,30.2181054882422,2.04136030996551));
#2096=CARTESIAN_POINT('Ctrl Pts',(-0.947968918616833,30.1130119713252,2.07810113380591));
#2097=CARTESIAN_POINT('Ctrl Pts',(-0.95,30.0576759859456,2.08436363473735));
#2098=CARTESIAN_POINT('Ctrl Pts',(-0.95,30.030000050664,2.08436363473735));
#2099=CARTESIAN_POINT('',(-1.2,30.030000050664,1.83436363473735));
#2100=CARTESIAN_POINT('',(-0.95,30.030000050664,2.08436363473735));
#2101=CARTESIAN_POINT('Origin',(-0.95,30.030000050664,1.83436363473735));
#2102=CARTESIAN_POINT('',(-0.83,30.400000050664,1.71436363473735));
#2103=CARTESIAN_POINT('Origin',(-0.83,30.030000050664,1.71436363473735));
#2104=CARTESIAN_POINT('Origin',(-0.83,30.030000050664,1.71436363473735));
#2105=CARTESIAN_POINT('Ctrl Pts',(10.03,30.400000050664,1.71436363473735));
#2106=CARTESIAN_POINT('Ctrl Pts',(10.0569279370308,30.400000050664,1.79739144058222));
#2107=CARTESIAN_POINT('Ctrl Pts',(10.1016521024017,30.3514705784384,1.9352909504758));
#2108=CARTESIAN_POINT('Ctrl Pts',(10.1360528508011,30.2181044975668,2.04135992470751));
#2109=CARTESIAN_POINT('Ctrl Pts',(10.1479688115567,30.1130110111062,2.07810080370369));
#2110=CARTESIAN_POINT('Ctrl Pts',(10.15,30.0576759859456,2.08436363473735));
#2111=CARTESIAN_POINT('Ctrl Pts',(10.15,30.030000050664,2.08436363473735));
#2112=CARTESIAN_POINT('Ctrl Pts',(10.03,30.400000050664,1.71436363473735));
#2113=CARTESIAN_POINT('Ctrl Pts',(10.0676136263287,30.400000050664,1.7867057512843));
#2114=CARTESIAN_POINT('Ctrl Pts',(10.1300669248325,30.3668382057929,1.90733045765205));
#2115=CARTESIAN_POINT('Ctrl Pts',(10.1928143695901,30.2467655909929,2.02636848799232));
#2116=CARTESIAN_POINT('Ctrl Pts',(10.2198391703136,30.1299229172283,2.07551091810562));
#2117=CARTESIAN_POINT('Ctrl Pts',(10.2247998250855,30.0633564353493,2.08436363473735));
#2118=CARTESIAN_POINT('Ctrl Pts',(10.2247998250855,30.030000050664,2.08436363473735));
#2119=CARTESIAN_POINT('Ctrl Pts',(10.03,30.4000000506639,1.71436363473735));
#2120=CARTESIAN_POINT('Ctrl Pts',(10.0863135826001,30.4000000506639,1.76800579501293));
#2121=CARTESIAN_POINT('Ctrl Pts',(10.1805166799019,30.3782322917305,1.85758969651356));
#2122=CARTESIAN_POINT('Ctrl Pts',(10.292091362954,30.2705413816793,1.96274225740707));
#2123=CARTESIAN_POINT('Ctrl Pts',(10.3443469542762,30.1444946293302,2.01210629740569));
#2124=CARTESIAN_POINT('Ctrl Pts',(10.3542441672224,30.068239215059,2.02146794361003));
#2125=CARTESIAN_POINT('Ctrl Pts',(10.3542441672224,30.0300000506639,2.02146794361003));
#2126=CARTESIAN_POINT('Ctrl Pts',(10.03,30.400000050664,1.71436363473735));
#2127=CARTESIAN_POINT('Ctrl Pts',(10.1050135388714,30.400000050664,1.74930583874156));
#2128=CARTESIAN_POINT('Ctrl Pts',(10.2302116136503,30.3630240446478,1.8075705458562));
#2129=CARTESIAN_POINT('Ctrl Pts',(10.3459150604704,30.2393882689278,1.86314381576982));
#2130=CARTESIAN_POINT('Ctrl Pts',(10.3917920931481,30.1255208192576,1.88623291386307));
#2131=CARTESIAN_POINT('Ctrl Pts',(10.4,30.0618755002006,1.89046350355145));
#2132=CARTESIAN_POINT('Ctrl Pts',(10.4,30.030000050664,1.89046350355145));
#2133=CARTESIAN_POINT('Ctrl Pts',(10.03,30.400000050664,1.71436363473735));
#2134=CARTESIAN_POINT('Ctrl Pts',(10.1130278058449,30.400000050664,1.74129157176812));
#2135=CARTESIAN_POINT('Ctrl Pts',(10.2509273157385,30.3514705784384,1.78601573713901));
#2136=CARTESIAN_POINT('Ctrl Pts',(10.3569962899702,30.2181044975668,1.82041648553848));
#2137=CARTESIAN_POINT('Ctrl Pts',(10.3937371689664,30.1130110111062,1.832332446294));
#2138=CARTESIAN_POINT('Ctrl Pts',(10.4,30.0576759859456,1.83436363473735));
#2139=CARTESIAN_POINT('Ctrl Pts',(10.4,30.030000050664,1.83436363473735));
#2140=CARTESIAN_POINT('',(10.15,30.030000050664,2.08436363473735));
#2141=CARTESIAN_POINT('',(10.4,30.030000050664,1.83436363473735));
#2142=CARTESIAN_POINT('Origin',(10.15,30.030000050664,1.83436363473735));
#2143=CARTESIAN_POINT('',(10.03,30.400000050664,1.71436363473735));
#2144=CARTESIAN_POINT('Origin',(10.03,30.030000050664,1.71436363473735));
#2145=CARTESIAN_POINT('Origin',(10.03,30.030000050664,1.71436363473735));
#2146=CARTESIAN_POINT('Origin',(10.03,30.030000050664,0.652340908684338));
#2147=CARTESIAN_POINT('',(10.4,30.030000050664,0.175000000000003));
#2148=CARTESIAN_POINT('',(10.4,30.030000050664,0.652340908684338));
#2149=CARTESIAN_POINT('',(10.03,30.400000050664,0.175000000000003));
#2150=CARTESIAN_POINT('Origin',(10.03,30.030000050664,0.175000000000003));
#2151=CARTESIAN_POINT('',(10.03,30.400000050664,0.652340908684339));
#2152=CARTESIAN_POINT('Origin',(0.,30.030000050664,1.71436363473735));
#2153=CARTESIAN_POINT('',(0.,30.030000050664,2.08436363473735));
#2154=CARTESIAN_POINT('',(0.,30.400000050664,1.71436363473735));
#2155=CARTESIAN_POINT('Origin',(-0.83,30.030000050664,0.652340908684338));
#2156=CARTESIAN_POINT('',(-0.83,30.400000050664,0.175000000000003));
#2157=CARTESIAN_POINT('',(-0.83,30.400000050664,0.652340908684339));
#2158=CARTESIAN_POINT('',(-1.2,30.030000050664,0.175000000000003));
#2159=CARTESIAN_POINT('Origin',(-0.83,30.030000050664,0.175000000000003));
#2160=CARTESIAN_POINT('',(-1.2,30.030000050664,0.652340908684338));
#2161=CARTESIAN_POINT('Origin',(0.,30.400000050664,0.175000000000003));
#2162=CARTESIAN_POINT('',(0.,30.400000050664,0.175000000000003));
#2163=CARTESIAN_POINT('Origin',(0.,25.8847133260074,0.174999999999991));
#2164=CARTESIAN_POINT('',(10.4,26.4947133260074,0.174999999999993));
#2165=CARTESIAN_POINT('',(10.4,25.8847133260074,0.174999999999991));
#2166=CARTESIAN_POINT('',(9.79,25.8847133260074,0.174999999999991));
#2167=CARTESIAN_POINT('Origin',(9.79,26.4947133260074,0.174999999999992));
#2168=CARTESIAN_POINT('',(7.60000000000006,25.8847133260074,0.174999999999991));
#2169=CARTESIAN_POINT('',(0.,25.8847133260074,0.174999999999991));
#2170=CARTESIAN_POINT('',(7.60000000000006,23.8847133260074,0.174999999999991));
#2171=CARTESIAN_POINT('',(7.60000000000006,25.8847133260074,0.174999999999991));
#2172=CARTESIAN_POINT('',(7.10000000000006,23.3847133260074,0.174999999999991));
#2173=CARTESIAN_POINT('Origin',(7.10000000000006,23.8847133260074,0.174999999999991));
#2174=CARTESIAN_POINT('',(-0.7,23.3847133260074,0.174999999999991));
#2175=CARTESIAN_POINT('',(3.45000000000003,23.3847133260074,0.174999999999991));
#2176=CARTESIAN_POINT('',(-1.2,23.8847133260074,0.174999999999986));
#2177=CARTESIAN_POINT('Origin',(-0.7,23.8847133260074,0.174999999999991));
#2178=CARTESIAN_POINT('',(-1.2,25.8847133260074,0.174999999999991));
#2179=CARTESIAN_POINT('',(-0.699999999999998,23.8847133260074,0.174999999999991));
#2180=CARTESIAN_POINT('',(-0.7,25.8847133260074,0.174999999999991));
#2181=CARTESIAN_POINT('',(-0.699999999999998,23.8847133260074,0.174999999999991));
#2182=CARTESIAN_POINT('',(2.95000000000003,23.8847133260073,0.174999999999991));
#2183=CARTESIAN_POINT('',(2.95000000000003,23.8847133260073,0.174999999999991));
#2184=CARTESIAN_POINT('',(2.95000000000003,25.8847133260074,0.174999999999991));
#2185=CARTESIAN_POINT('',(2.95000000000003,25.8847133260074,0.174999999999991));
#2186=CARTESIAN_POINT('',(0.,25.8847133260074,0.174999999999991));
#2187=CARTESIAN_POINT('',(3.45000000000003,25.8847133260074,0.174999999999991));
#2188=CARTESIAN_POINT('',(7.10000000000006,25.8847133260074,0.174999999999991));
#2189=CARTESIAN_POINT('',(0.,25.8847133260074,0.174999999999991));
#2190=CARTESIAN_POINT('',(3.45000000000003,23.8847133260074,0.174999999999991));
#2191=CARTESIAN_POINT('',(3.45000000000003,23.8847133260074,0.174999999999991));
#2192=CARTESIAN_POINT('',(7.10000000000006,23.8847133260073,0.174999999999991));
#2193=CARTESIAN_POINT('',(7.10000000000006,23.8847133260073,0.174999999999991));
#2194=CARTESIAN_POINT('',(7.10000000000006,25.8847133260074,0.174999999999991));
#2195=CARTESIAN_POINT('Origin',(-0.7,23.8847133260074,0.65234090868433));
#2196=CARTESIAN_POINT('',(-0.7,23.3847133260074,2.17499999999999));
#2197=CARTESIAN_POINT('',(-1.2,23.8847133260074,2.17499999999999));
#2198=CARTESIAN_POINT('Origin',(-0.7,23.8847133260074,2.17499999999999));
#2199=CARTESIAN_POINT('',(-1.2,23.8847133260074,0.65234090868433));
#2200=CARTESIAN_POINT('',(-0.7,23.3847133260074,0.65234090868433));
#2201=CARTESIAN_POINT('Origin',(-1.2,28.1423566883357,1.12968181736867));
#2202=CARTESIAN_POINT('',(-1.2,25.8641917312885,2.17499999999999));
#2203=CARTESIAN_POINT('',(-1.2,27.5173566883357,2.17499999999999));
#2204=CARTESIAN_POINT('',(-1.2,25.8643890313739,1.83687804595542));
#2205=CARTESIAN_POINT('',(-1.2,25.8649012937695,0.958991136673506));
#2206=CARTESIAN_POINT('',(-1.2,28.0974138416239,1.83818105506361));
#2207=CARTESIAN_POINT('',(-1.2,28.0974138416239,1.83818105506361));
#2208=CARTESIAN_POINT('',(-1.2,29.9859734513674,1.83818105506362));
#2209=CARTESIAN_POINT('',(-1.2,29.9866,1.83818105506362));
#2210=CARTESIAN_POINT('',(-1.2,30.0294951409622,1.83436363473735));
#2211=CARTESIAN_POINT('Origin',(-1.2,30.0294951409622,2.08436363473735));
#2212=CARTESIAN_POINT('',(-1.2,29.2711783694998,1.83436363473735));
#2213=CARTESIAN_POINT('Origin',(4.6,26.8923566883357,2.17499999999999));
#2214=CARTESIAN_POINT('',(7.10000000000006,23.3847133260074,2.17499999999999));
#2215=CARTESIAN_POINT('',(1.7,23.3847133260074,2.17499999999999));
#2216=CARTESIAN_POINT('',(7.60000000000006,23.8847133260074,2.17499999999999));
#2217=CARTESIAN_POINT('Origin',(7.10000000000006,23.8847133260074,2.17499999999999));
#2218=CARTESIAN_POINT('',(7.60000000000006,25.8869386526659,2.17499999999999));
#2219=CARTESIAN_POINT('',(7.60000000000006,25.1385350071715,2.17499999999999));
#2220=CARTESIAN_POINT('',(9.79000000000074,25.8869386526664,2.17499999999999));
#2221=CARTESIAN_POINT('',(0.,25.8869386526659,2.17499999999999));
#2222=CARTESIAN_POINT('',(9.79000000000073,26.4969879993483,2.17499999999999));
#2223=CARTESIAN_POINT('Ctrl Pts',(9.79000000000037,26.4969879993483,2.17499999999999));
#2224=CARTESIAN_POINT('Ctrl Pts',(9.79000328073964,26.4969879993483,2.17499999999999));
#2225=CARTESIAN_POINT('Ctrl Pts',(9.79000656050887,26.4969879992958,2.17499999999947));
#2226=CARTESIAN_POINT('Ctrl Pts',(9.79001609763441,26.4969879989896,2.17499999999947));
#2227=CARTESIAN_POINT('Ctrl Pts',(9.79002238635779,26.496987998596,2.17499999999943));
#2228=CARTESIAN_POINT('Ctrl Pts',(9.79004110169684,26.4969879968451,2.17499999999943));
#2229=CARTESIAN_POINT('Ctrl Pts',(9.79005352052853,26.4969879949274,2.17500000000008));
#2230=CARTESIAN_POINT('Ctrl Pts',(9.79015512098325,26.4969879730691,2.17500000000008));
#2231=CARTESIAN_POINT('Ctrl Pts',(9.79024429476384,26.496987914959,2.175));
#2232=CARTESIAN_POINT('Ctrl Pts',(9.79106198888868,26.4969870253107,2.175));
#2233=CARTESIAN_POINT('Ctrl Pts',(9.79179045449084,26.4969836351851,2.17499999999995));
#2234=CARTESIAN_POINT('Ctrl Pts',(9.79486494238864,26.4969583672181,2.17499999999995));
#2235=CARTESIAN_POINT('Ctrl Pts',(9.79721056005066,26.496912148809,2.17500000000169));
#2236=CARTESIAN_POINT('Ctrl Pts',(9.80909337002535,26.4965415070856,2.17500000000169));
#2237=CARTESIAN_POINT('Ctrl Pts',(9.8186117635337,26.4957987148688,2.17500000002914));
#2238=CARTESIAN_POINT('Ctrl Pts',(9.84009116555847,26.4931090982187,2.17500000002914));
#2239=CARTESIAN_POINT('Ctrl Pts',(9.85200276910727,26.4908945997878,2.17500000010052));
#2240=CARTESIAN_POINT('Ctrl Pts',(9.8742660079085,26.4853741559468,2.17500000010052));
#2241=CARTESIAN_POINT('Ctrl Pts',(9.88463461878894,26.4822110204267,2.1750000002557));
#2242=CARTESIAN_POINT('Ctrl Pts',(9.91433498884662,26.4713980823293,2.1750000002557));
#2243=CARTESIAN_POINT('Ctrl Pts',(9.93308183706289,26.4623224955683,2.17500000002699));
#2244=CARTESIAN_POINT('Ctrl Pts',(9.96810308581483,26.440722377926,2.17500000002699));
#2245=CARTESIAN_POINT('Ctrl Pts',(9.98433058583915,26.4283211441908,2.17500000002182));
#2246=CARTESIAN_POINT('Ctrl Pts',(10.0139623650216,26.4005769405117,2.17500000002182));
#2247=CARTESIAN_POINT('Ctrl Pts',(10.0273130238966,26.385324948764,2.17500000000143));
#2248=CARTESIAN_POINT('Ctrl Pts',(10.0507569436387,26.3524631220889,2.17500000000143));
#2249=CARTESIAN_POINT('Ctrl Pts',(10.0608032584658,26.3349429328304,2.17500000002628));
#2250=CARTESIAN_POINT('Ctrl Pts',(10.0772759284282,26.2982090133417,2.17500000002628));
#2251=CARTESIAN_POINT('Ctrl Pts',(10.0836673521527,26.2790890189391,2.17500000002445));
#2252=CARTESIAN_POINT('Ctrl Pts',(10.092584342944,26.2398809223469,2.17500000002445));
#2253=CARTESIAN_POINT('Ctrl Pts',(10.0950897065703,26.2198904435468,2.17500000002));
#2254=CARTESIAN_POINT('Ctrl Pts',(10.0961243275126,26.1797024613737,2.17500000002));
#2255=CARTESIAN_POINT('Ctrl Pts',(10.0946494029978,26.1596045655915,2.17499999998499));
#2256=CARTESIAN_POINT('Ctrl Pts',(10.0877559730965,26.1199704461671,2.17499999998499));
#2257=CARTESIAN_POINT('Ctrl Pts',(10.0823495299727,26.1005334650723,2.17500000001946));
#2258=CARTESIAN_POINT('Ctrl Pts',(10.0677664766366,26.0629685238202,2.17500000001946));
#2259=CARTESIAN_POINT('Ctrl Pts',(10.0586173545765,26.0449373356322,2.17499999976543));
#2260=CARTESIAN_POINT('Ctrl Pts',(10.0368511839399,26.0108808912226,2.17499999976543));
#2261=CARTESIAN_POINT('Ctrl Pts',(10.0242749326084,25.9949490935141,2.17499999995702));
#2262=CARTESIAN_POINT('Ctrl Pts',(9.9960547633576,25.9657077404339,2.17499999995702));
#2263=CARTESIAN_POINT('Ctrl Pts',(9.98046062973278,25.9524916472975,2.17499999995796));
#2264=CARTESIAN_POINT('Ctrl Pts',(9.94660572935088,25.9291767650011,2.17499999995796));
#2265=CARTESIAN_POINT('Ctrl Pts',(9.92839348203125,25.9191919514236,2.17500000001634));
#2266=CARTESIAN_POINT('Ctrl Pts',(9.88904487538822,25.9025521918841,2.17500000001634));
#2267=CARTESIAN_POINT('Ctrl Pts',(9.86791048589696,25.8961920347428,2.17500000007495));
#2268=CARTESIAN_POINT('Ctrl Pts',(9.82943776270429,25.8890040429264,2.17500000007495));
#2269=CARTESIAN_POINT('Ctrl Pts',(9.8123615871203,25.8872758203011,2.17499999998158));
#2270=CARTESIAN_POINT('Ctrl Pts',(9.79366240915452,25.8869565123177,2.17499999998158));
#2271=CARTESIAN_POINT('Ctrl Pts',(9.79209210193459,25.8869417708042,2.17499999999961));
#2272=CARTESIAN_POINT('Ctrl Pts',(9.79037517301121,25.886938847188,2.17499999999961));
#2273=CARTESIAN_POINT('Ctrl Pts',(9.79022848290953,25.8869387027351,2.17500000000005));
#2274=CARTESIAN_POINT('Ctrl Pts',(9.79007050954752,25.8869386605688,2.17500000000005));
#2275=CARTESIAN_POINT('Ctrl Pts',(9.79005921485879,25.8869386581792,2.17500000000001));
#2276=CARTESIAN_POINT('Ctrl Pts',(9.79003901326449,25.8869386550198,2.17500000000001));
#2277=CARTESIAN_POINT('Ctrl Pts',(9.79003009672001,25.8869386540138,2.17499999999991));
#2278=CARTESIAN_POINT('Ctrl Pts',(9.79001564302736,25.8869386530155,2.17499999999991));
#2279=CARTESIAN_POINT('Ctrl Pts',(9.79001011824423,25.8869386527834,2.17499999999996));
#2280=CARTESIAN_POINT('Ctrl Pts',(9.79000306363994,25.8869386526776,2.17499999999996));
#2281=CARTESIAN_POINT('Ctrl Pts',(9.79000153145233,25.8869386526664,2.17499999999999));
#2282=CARTESIAN_POINT('Ctrl Pts',(9.79000000000075,25.8869386526664,2.17499999999999));
#2283=CARTESIAN_POINT('',(7.60000000000006,26.4969879993488,2.17499999999999));
#2284=CARTESIAN_POINT('',(0.,26.4969879993488,2.17499999999999));
#2285=CARTESIAN_POINT('',(7.60000000000006,26.4991918393949,2.17499999999999));
#2286=CARTESIAN_POINT('',(7.60000000000006,25.1385350071715,2.17499999999999));
#2287=CARTESIAN_POINT('',(-0.565,26.4991918393949,2.17499999999999));
#2288=CARTESIAN_POINT('',(2.3,26.4991918393949,2.17499999999999));
#2289=CARTESIAN_POINT('Origin',(-0.565,25.8641917312885,2.17499999999999));
#2290=CARTESIAN_POINT('',(-0.699999999999998,23.8847133260074,2.17499999999999));
#2291=CARTESIAN_POINT('',(-0.7,25.8847133260074,2.17499999999999));
#2292=CARTESIAN_POINT('',(-0.7,25.3885350071715,2.17499999999999));
#2293=CARTESIAN_POINT('',(2.95000000000003,25.8847133260074,2.17499999999999));
#2294=CARTESIAN_POINT('',(2.3,25.8847133260074,2.17499999999999));
#2295=CARTESIAN_POINT('',(2.95000000000003,23.8847133260073,2.17499999999999));
#2296=CARTESIAN_POINT('',(2.95000000000003,26.3885350071715,2.17499999999999));
#2297=CARTESIAN_POINT('',(3.77500000000001,23.8847133260073,2.17499999999999));
#2298=CARTESIAN_POINT('',(3.45000000000003,23.8847133260074,2.17499999999999));
#2299=CARTESIAN_POINT('',(3.45000000000003,25.8847133260074,2.17499999999999));
#2300=CARTESIAN_POINT('',(3.45000000000003,25.3885350071715,2.17499999999999));
#2301=CARTESIAN_POINT('',(7.10000000000006,25.8847133260074,2.17499999999999));
#2302=CARTESIAN_POINT('',(2.3,25.8847133260074,2.17499999999999));
#2303=CARTESIAN_POINT('',(7.10000000000006,23.8847133260073,2.17499999999999));
#2304=CARTESIAN_POINT('',(7.10000000000006,26.3885350071715,2.17499999999999));
#2305=CARTESIAN_POINT('',(5.85000000000003,23.8847133260073,2.17499999999999));
#2306=CARTESIAN_POINT('Origin',(7.10000000000006,23.8847133260074,0.174999999999991));
#2307=CARTESIAN_POINT('',(7.10000000000006,23.3847133260074,0.174999999999991));
#2308=CARTESIAN_POINT('',(7.60000000000006,23.8847133260074,0.174999999999991));
#2309=CARTESIAN_POINT('Origin',(7.60000000000006,23.3847133260074,0.174999999999991));
#2310=CARTESIAN_POINT('',(7.60000000000006,25.8847133260074,2.13808779127503));
#2311=CARTESIAN_POINT('',(7.60000000000006,25.8847133260074,0.487499999999993));
#2312=CARTESIAN_POINT('Origin',(7.60000000000006,26.1919633260074,2.13808779127503));
#2313=CARTESIAN_POINT('Origin',(0.,26.1919633260074,2.13808779127503));
#2314=CARTESIAN_POINT('',(9.79,25.8847133260074,2.13808779127141));
#2315=CARTESIAN_POINT('',(0.,25.8847133260074,2.13808779127503));
#2316=CARTESIAN_POINT('Origin',(9.79,26.1919633260074,2.13808779127141));
#2317=CARTESIAN_POINT('Origin',(7.60000000000006,23.3847133260074,0.174999999999991));
#2318=CARTESIAN_POINT('',(7.60000000000006,26.4992132736992,2.13826707700374));
#2319=CARTESIAN_POINT('Origin',(7.60000000000006,26.1919633260074,2.13808779127503));
#2320=CARTESIAN_POINT('',(7.60000000000006,26.5001789123822,0.483409007749504));
#2321=CARTESIAN_POINT('Ctrl Pts',(9.80040045399857,26.4993919712651,1.83202509002305));
#2322=CARTESIAN_POINT('Ctrl Pts',(9.80038496391719,26.4993914388158,1.83293757213451));
#2323=CARTESIAN_POINT('Ctrl Pts',(9.80035391448119,26.4993903739178,1.83476253539862));
#2324=CARTESIAN_POINT('Ctrl Pts',(9.80029153474486,26.499388244124,1.83841245802678));
#2325=CARTESIAN_POINT('Ctrl Pts',(9.8002130263013,26.4993855818861,1.8429748538753));
#2326=CARTESIAN_POINT('Ctrl Pts',(9.80011793831475,26.4993823872077,1.84844971656899));
#2327=CARTESIAN_POINT('Ctrl Pts',(9.8000219474823,26.4993791925369,1.85392456647551));
#2328=CARTESIAN_POINT('Ctrl Pts',(9.799925027644,26.4993759978738,1.85939940309528));
#2329=CARTESIAN_POINT('Ctrl Pts',(9.79982715130966,26.4993728032187,1.8648742258863));
#2330=CARTESIAN_POINT('Ctrl Pts',(9.79972828964409,26.4993696085721,1.87034903426339));
#2331=CARTESIAN_POINT('Ctrl Pts',(9.79962841229798,26.4993664139342,1.8758238275923));
#2332=CARTESIAN_POINT('Ctrl Pts',(9.79952748737681,26.4993632193056,1.88129860518849));
#2333=CARTESIAN_POINT('Ctrl Pts',(9.79942548122449,26.4993600246865,1.88677336630964));
#2334=CARTESIAN_POINT('Ctrl Pts',(9.79932235839681,26.4993568300776,1.89224811015446));
#2335=CARTESIAN_POINT('Ctrl Pts',(9.79921808142778,26.4993536354792,1.89772283585468));
#2336=CARTESIAN_POINT('Ctrl Pts',(9.79913018920499,26.4993509733231,1.90228509136943));
#2337=CARTESIAN_POINT('Ctrl Pts',(9.79905925759357,26.4993488436042,1.9059348857307));
#2338=CARTESIAN_POINT('Ctrl Pts',(9.79898790672307,26.4993467138892,1.90958467320925));
#2339=CARTESIAN_POINT('Ctrl Pts',(9.79889791809681,26.4993440517532,1.91414689430679));
#2340=CARTESIAN_POINT('Ctrl Pts',(9.79878860455854,26.4993408572032,1.91962153723072));
#2341=CARTESIAN_POINT('Ctrl Pts',(9.79867791375062,26.4993376626669,1.92509615646973));
#2342=CARTESIAN_POINT('Ctrl Pts',(9.7985657922937,26.4993344681453,1.93057075062014));
#2343=CARTESIAN_POINT('Ctrl Pts',(9.79845218334867,26.4993312736392,1.93604531816109));
#2344=CARTESIAN_POINT('Ctrl Pts',(9.79833702612779,26.4993280791496,1.94151985743664));
#2345=CARTESIAN_POINT('Ctrl Pts',(9.79822025567866,26.4993248846775,1.9469943666498));
#2346=CARTESIAN_POINT('Ctrl Pts',(9.79810180230115,26.4993216902241,1.95246884384204));
#2347=CARTESIAN_POINT('Ctrl Pts',(9.79798159117301,26.4993184957907,1.95794328687101));
#2348=CARTESIAN_POINT('Ctrl Pts',(9.79787310277531,26.4993156563132,1.96280942601608));
#2349=CARTESIAN_POINT('Ctrl Pts',(9.79779066688695,26.4993135267178,1.96645900864038));
#2350=CARTESIAN_POINT('Ctrl Pts',(9.79773526794674,26.4993121069928,1.96889205470499));
#2351=CARTESIAN_POINT('Ctrl Pts',(9.79767956977287,26.4993106872715,1.97132509442519));
#2352=CARTESIAN_POINT('Ctrl Pts',(9.79760937687028,26.4993089126266,1.97436638255042));
#2353=CARTESIAN_POINT('Ctrl Pts',(9.79752420255008,26.4993067830649,1.9780159074009));
#2354=CARTESIAN_POINT('Ctrl Pts',(9.79743805296325,26.4993046535143,1.98166541322518));
#2355=CARTESIAN_POINT('Ctrl Pts',(9.79735089401087,26.4993025239792,1.98531489247989));
#2356=CARTESIAN_POINT('Ctrl Pts',(9.79726268906543,26.4993003944526,1.98896435712812));
#2357=CARTESIAN_POINT('Ctrl Pts',(9.79717340026769,26.4992982649504,1.99261377996888));
#2358=CARTESIAN_POINT('Ctrl Pts',(9.79708298504017,26.499296135437,1.99626322203442));
#2359=CARTESIAN_POINT('Ctrl Pts',(9.79699140362244,26.4992940059991,1.99991253470158));
#2360=CARTESIAN_POINT('Ctrl Pts',(9.7968986008865,26.4992918764454,2.00356204593476));
#2361=CARTESIAN_POINT('Ctrl Pts',(9.79680455000911,26.4992897472845,2.00721088392358));
#2362=CARTESIAN_POINT('Ctrl Pts',(9.79672495947672,26.4992879704003,2.0102560096243));
#2363=CARTESIAN_POINT('Ctrl Pts',(9.79666052482098,26.4992865473158,2.01269481288913));
#2364=CARTESIAN_POINT('Ctrl Pts',(9.79659557078373,26.4992851231776,2.01513542203004));
#2365=CARTESIAN_POINT('Ctrl Pts',(9.79651338317669,26.4992833410356,2.01818955829161));
#2366=CARTESIAN_POINT('Ctrl Pts',(9.7964130988616,26.4992811994468,2.02185969441138));
#2367=CARTESIAN_POINT('Ctrl Pts',(9.79631108803519,26.4992790550846,2.02553458358957));
#2368=CARTESIAN_POINT('Ctrl Pts',(9.79620728218428,26.4992769082895,2.02921364212396));
#2369=CARTESIAN_POINT('Ctrl Pts',(9.79610161065239,26.4992747594823,2.03289614872573));
#2370=CARTESIAN_POINT('Ctrl Pts',(9.7959939992956,26.4992726091502,2.03658126877023));
#2371=CARTESIAN_POINT('Ctrl Pts',(9.79588436957486,26.4992704578308,2.04026808079685));
#2372=CARTESIAN_POINT('Ctrl Pts',(9.79577263653151,26.4992683060993,2.04395559893181));
#2373=CARTESIAN_POINT('Ctrl Pts',(9.79565870801843,26.4992661545546,2.04764279715734));
#2374=CARTESIAN_POINT('Ctrl Pts',(9.79552310994254,26.4992636453437,2.05194294368184));
#2375=CARTESIAN_POINT('Ctrl Pts',(9.79539393342387,26.4992613172556,2.05593269200986));
#2376=CARTESIAN_POINT('Ctrl Pts',(9.79527175822259,26.4992591707966,2.05961117456093));
#2377=CARTESIAN_POINT('Ctrl Pts',(9.79514753663179,26.4992570263289,2.06328624449259));
#2378=CARTESIAN_POINT('Ctrl Pts',(9.79498825026739,26.4992543500188,2.06787275643479));
#2379=CARTESIAN_POINT('Ctrl Pts',(9.79481204648024,26.4992515026584,2.07275240498771));
#2380=CARTESIAN_POINT('Ctrl Pts',(9.79465272366567,26.4992490172591,2.0770117444587));
#2381=CARTESIAN_POINT('Ctrl Pts',(9.79451232180664,26.4992468912344,2.08065520784915));
#2382=CARTESIAN_POINT('Ctrl Pts',(9.79440386961028,26.4992453000112,2.08338215806672));
#2383=CARTESIAN_POINT('Ctrl Pts',(9.79430553485098,26.4992438873966,2.08580301860698));
#2384=CARTESIAN_POINT('Ctrl Pts',(9.79423059259995,26.499242829009,2.08761682460338));
#2385=CARTESIAN_POINT('Ctrl Pts',(9.79414127762627,26.4992415957338,2.08973034342808));
#2386=CARTESIAN_POINT('Ctrl Pts',(9.79406335351342,26.499240539636,2.09154022531794));
#2387=CARTESIAN_POINT('Ctrl Pts',(9.79398397947732,26.4992394844888,2.09334847806056));
#2388=CARTESIAN_POINT('Ctrl Pts',(9.79384911125752,26.4992377273915,2.0963596940701));
#2389=CARTESIAN_POINT('Ctrl Pts',(9.79365263770484,26.499235271332,2.10056875280009));
#2390=CARTESIAN_POINT('Ctrl Pts',(9.79344952051722,26.499232906825,2.10462091393681));
#2391=CARTESIAN_POINT('Ctrl Pts',(9.79330683581023,26.4992313310803,2.10732133782586));
#2392=CARTESIAN_POINT('Ctrl Pts',(9.79320961310245,26.4992302806581,2.10912149310315));
#2393=CARTESIAN_POINT('Ctrl Pts',(9.79310903766127,26.4992292302323,2.11092165474223));
#2394=CARTESIAN_POINT('Ctrl Pts',(9.79301761953483,26.499228310882,2.11249718644562));
#2395=CARTESIAN_POINT('Ctrl Pts',(9.79296432139262,26.4992277854404,2.11339765905839));
#2396=CARTESIAN_POINT('Ctrl Pts',(9.79288326630218,26.4992269971629,2.11474856531146));
#2397=CARTESIAN_POINT('Ctrl Pts',(9.79278535511351,26.4992260771201,2.11632528380383));
#2398=CARTESIAN_POINT('Ctrl Pts',(9.79268261339801,26.4992251563793,2.1179031982912));
#2399=CARTESIAN_POINT('Ctrl Pts',(9.79262237246513,26.4992246300103,2.11880526033961));
#2400=CARTESIAN_POINT('Ctrl Pts',(9.79253039569602,26.4992238402102,2.12015877603168));
#2401=CARTESIAN_POINT('Ctrl Pts',(9.79238607477986,26.4992226545271,2.12219073408133));
#2402=CARTESIAN_POINT('Ctrl Pts',(9.79222893562148,26.4992214669693,2.12422590486112));
#2403=CARTESIAN_POINT('Ctrl Pts',(9.79211712408573,26.4992206744393,2.12558409883412));
#2404=CARTESIAN_POINT('Ctrl Pts',(9.79204051651676,26.499220145874,2.12648992479643));
#2405=CARTESIAN_POINT('Ctrl Pts',(9.79194059418633,26.4992194847762,2.12762287764773));
#2406=CARTESIAN_POINT('Ctrl Pts',(9.79183403984011,26.499218823222,2.12875661255735));
#2407=CARTESIAN_POINT('Ctrl Pts',(9.79175519099671,26.4992183599642,2.12955051804124));
#2408=CARTESIAN_POINT('Ctrl Pts',(9.79170876338894,26.499218095214,2.13000423238924));
#2409=CARTESIAN_POINT('Ctrl Pts',(9.79166136891776,26.4992178304488,2.13045797237068));
#2410=CARTESIAN_POINT('Ctrl Pts',(9.79160019654049,26.4992174994781,2.13102517157699));
#2411=CARTESIAN_POINT('Ctrl Pts',(9.791523274662,26.4992171023453,2.13170575570349));
#2412=CARTESIAN_POINT('Ctrl Pts',(9.7914422918009,26.4992167053189,2.13238615761729));
#2413=CARTESIAN_POINT('Ctrl Pts',(9.79137084240065,26.4992163746351,2.13295286507724));
#2414=CARTESIAN_POINT('Ctrl Pts',(9.79131833794684,26.4992161433076,2.1333493013589));
#2415=CARTESIAN_POINT('Ctrl Pts',(9.79129139668023,26.4992160276919,2.13354743723237));
#2416=CARTESIAN_POINT('Ctrl Pts',(9.79127579458908,26.499215961641,2.1336606315237));
#2417=CARTESIAN_POINT('Ctrl Pts',(9.7912364341725,26.4992157965409,2.13394357097218));
#2418=CARTESIAN_POINT('Ctrl Pts',(9.7911667492697,26.4992155160866,2.13442419797243));
#2419=CARTESIAN_POINT('Ctrl Pts',(9.7910864084789,26.4992152197494,2.13493204383801));
#2420=CARTESIAN_POINT('Ctrl Pts',(9.79102922361499,26.4992150225925,2.1352699204931));
#2421=CARTESIAN_POINT('Ctrl Pts',(9.79099005226031,26.4992148912711,2.13549497181402));
#2422=CARTESIAN_POINT('Ctrl Pts',(9.79091845736108,26.4992146618354,2.135888165731));
#2423=CARTESIAN_POINT('Ctrl Pts',(9.7908398410774,26.4992144332374,2.13627992420397));
#2424=CARTESIAN_POINT('Ctrl Pts',(9.79076465413779,26.4992142384215,2.1366137889119));
#2425=CARTESIAN_POINT('Ctrl Pts',(9.79072516770962,26.499214141217,2.13678037258834));
#2426=CARTESIAN_POINT('Ctrl Pts',(9.79068364541238,26.4992140444757,2.13694616234404));
#2427=CARTESIAN_POINT('Ctrl Pts',(9.79063932614554,26.4992139475349,2.137112294054));
#2428=CARTESIAN_POINT('Ctrl Pts',(9.79059172347851,26.4992138505,2.13727858714473));
#2429=CARTESIAN_POINT('Ctrl Pts',(9.79052313681292,26.4992137221473,2.13749855086647));
#2430=CARTESIAN_POINT('Ctrl Pts',(9.79046031697312,26.4992136199736,2.13767365047948));
#2431=CARTESIAN_POINT('Ctrl Pts',(9.79040724087137,26.4992135474656,2.13779791074888));
#2432=CARTESIAN_POINT('Ctrl Pts',(9.79039574697311,26.4992135322843,2.13782392757735));
#2433=CARTESIAN_POINT('Ctrl Pts',(9.79037236045035,26.499213502048,2.13787574487001));
#2434=CARTESIAN_POINT('Ctrl Pts',(9.79033181183643,26.4992134535638,2.13795883450986));
#2435=CARTESIAN_POINT('Ctrl Pts',(9.79028524001776,26.4992134069423,2.13803873219107));
#2436=CARTESIAN_POINT('Ctrl Pts',(9.79025290936877,26.4992133792519,2.13808618648284));
#2437=CARTESIAN_POINT('Ctrl Pts',(9.79023612268531,26.49921336557,2.13810963367895));
#2438=CARTESIAN_POINT('Ctrl Pts',(9.79020517942193,26.4992133422857,2.1381495371164));
#2439=CARTESIAN_POINT('Ctrl Pts',(9.79016579939513,26.4992133177691,2.13819155245025));
#2440=CARTESIAN_POINT('Ctrl Pts',(9.79012106486018,26.4992132972136,2.13822677924649));
#2441=CARTESIAN_POINT('Ctrl Pts',(9.79008988609398,26.4992132865444,2.13824506362661));
#2442=CARTESIAN_POINT('Ctrl Pts',(9.7900633051957,26.4992132800918,2.13825612165474));
#2443=CARTESIAN_POINT('Ctrl Pts',(9.79004790182336,26.499213277384,2.1382607620944));
#2444=CARTESIAN_POINT('Ctrl Pts',(9.79003746526269,26.4992132760022,2.13826313013954));
#2445=CARTESIAN_POINT('Ctrl Pts',(9.79002868437716,26.4992132749913,2.13826486257566));
#2446=CARTESIAN_POINT('Ctrl Pts',(9.79001799205084,26.4992132741326,2.13826633422595));
#2447=CARTESIAN_POINT('Ctrl Pts',(9.79000810001062,26.4992132737794,2.13826693946304));
#2448=CARTESIAN_POINT('Ctrl Pts',(9.79000270001175,26.4992132737072,2.13826706324087));
#2449=CARTESIAN_POINT('Ctrl Pts',(9.79000089989131,26.4992132736992,2.13826707700012));
#2450=CARTESIAN_POINT('Ctrl Pts',(9.7899999999999,26.4992132736992,2.13826707700012));
#2451=CARTESIAN_POINT('Ctrl Pts',(9.89131075586008,26.4993910707393,1.83356836136771));
#2452=CARTESIAN_POINT('Ctrl Pts',(9.89129670141543,26.4993906004541,1.83448316175741));
#2453=CARTESIAN_POINT('Ctrl Pts',(9.8912686057758,26.4993894478449,1.83631281887487));
#2454=CARTESIAN_POINT('Ctrl Pts',(9.89121204884102,26.4993874446026,1.83997221912402));
#2455=CARTESIAN_POINT('Ctrl Pts',(9.89114097226337,26.4993846428962,1.84454674343341));
#2456=CARTESIAN_POINT('Ctrl Pts',(9.89105476957521,26.4993815807516,1.85003653158008));
#2457=CARTESIAN_POINT('Ctrl Pts',(9.89096783961249,26.4993782457489,1.85552677140451));
#2458=CARTESIAN_POINT('Ctrl Pts',(9.89088003698692,26.4993749738172,1.86101743927341));
#2459=CARTESIAN_POINT('Ctrl Pts',(9.89079130900127,26.4993718403169,1.86650854828726));
#2460=CARTESIAN_POINT('Ctrl Pts',(9.89070167438528,26.4993687193934,1.87200013635322));
#2461=CARTESIAN_POINT('Ctrl Pts',(9.89061117360415,26.4993654203712,1.877492257345));
#2462=CARTESIAN_POINT('Ctrl Pts',(9.89051971884849,26.4993621048934,1.88298491390313));
#2463=CARTESIAN_POINT('Ctrl Pts',(9.89042721169652,26.4993589591497,1.88847811004068));
#2464=CARTESIAN_POINT('Ctrl Pts',(9.89033366754894,26.4993558490396,1.89397189421085));
#2465=CARTESIAN_POINT('Ctrl Pts',(9.89023905489337,26.499352765053,1.89946630262103));
#2466=CARTESIAN_POINT('Ctrl Pts',(9.89015943177067,26.4993498225001,1.90404558688571));
#2467=CARTESIAN_POINT('Ctrl Pts',(9.89009504701146,26.499347798353,1.90770931502329));
#2468=CARTESIAN_POINT('Ctrl Pts',(9.89003029929299,26.4993457121772,1.91137329467203));
#2469=CARTESIAN_POINT('Ctrl Pts',(9.88994862997909,26.4993431025437,1.9159537351408));
#2470=CARTESIAN_POINT('Ctrl Pts',(9.88984947400821,26.499339781797,1.92145108990311));
#2471=CARTESIAN_POINT('Ctrl Pts',(9.88974904339026,26.4993364807653,1.92694928337435));
#2472=CARTESIAN_POINT('Ctrl Pts',(9.8896472375704,26.499333339599,1.93244835077783));
#2473=CARTESIAN_POINT('Ctrl Pts',(9.88954404971772,26.4993302292378,1.9379483693044));
#2474=CARTESIAN_POINT('Ctrl Pts',(9.88943955023248,26.4993267933819,1.94344947628828));
#2475=CARTESIAN_POINT('Ctrl Pts',(9.88933344565881,26.4993236801734,1.94895161964159));
#2476=CARTESIAN_POINT('Ctrl Pts',(9.88922578029091,26.4993205821854,1.95445494093997));
#2477=CARTESIAN_POINT('Ctrl Pts',(9.88911651516339,26.4993174110671,1.95995954255672));
#2478=CARTESIAN_POINT('Ctrl Pts',(9.88901797222849,26.4993143268895,1.96485379407978));
#2479=CARTESIAN_POINT('Ctrl Pts',(9.88894304828487,26.499312084004,1.96852528747944));
#2480=CARTESIAN_POINT('Ctrl Pts',(9.88889263356724,26.4993107441705,1.97097326321536));
#2481=CARTESIAN_POINT('Ctrl Pts',(9.888841946944,26.4993093879213,1.97342147926347));
#2482=CARTESIAN_POINT('Ctrl Pts',(9.88877805905145,26.4993076929092,1.97648220561691));
#2483=CARTESIAN_POINT('Ctrl Pts',(9.88870052986464,26.4993056232565,1.98015585700282));
#2484=CARTESIAN_POINT('Ctrl Pts',(9.88862219243848,26.4993032757617,1.98383039007323));
#2485=CARTESIAN_POINT('Ctrl Pts',(9.88854282402448,26.4993011828293,1.98750572604019));
#2486=CARTESIAN_POINT('Ctrl Pts',(9.888462460799,26.4992991449364,1.9911819733623));
#2487=CARTESIAN_POINT('Ctrl Pts',(9.88838109481784,26.4992970816435,1.99485918612877));
#2488=CARTESIAN_POINT('Ctrl Pts',(9.88829877321281,26.4992947456923,1.99853754914999));
#2489=CARTESIAN_POINT('Ctrl Pts',(9.88821526262434,26.4992926838448,2.00221684680828));
#2490=CARTESIAN_POINT('Ctrl Pts',(9.88813061870412,26.4992905912446,2.00589755930951));
#2491=CARTESIAN_POINT('Ctrl Pts',(9.88804485010094,26.4992883660307,2.00957892444181));
#2492=CARTESIAN_POINT('Ctrl Pts',(9.88797228257421,26.4992863824343,2.01265238544206));
#2493=CARTESIAN_POINT('Ctrl Pts',(9.88791341770208,26.4992850625668,2.0151145525493));
#2494=CARTESIAN_POINT('Ctrl Pts',(9.88785408842516,26.4992836748755,2.01757907953973));
#2495=CARTESIAN_POINT('Ctrl Pts',(9.88777898623537,26.4992819520097,2.02066414592575));
#2496=CARTESIAN_POINT('Ctrl Pts',(9.88768741425054,26.4992795579108,2.02437329546752));
#2497=CARTESIAN_POINT('Ctrl Pts',(9.88759409650495,26.4992774871472,2.02808902840602));
#2498=CARTESIAN_POINT('Ctrl Pts',(9.88749907067198,26.499275437241,2.03181102076535));
#2499=CARTESIAN_POINT('Ctrl Pts',(9.88740229326177,26.4992733291225,2.03553874511196));
#2500=CARTESIAN_POINT('Ctrl Pts',(9.8873037793743,26.4992709023277,2.03927166452341));
#2501=CARTESIAN_POINT('Ctrl Pts',(9.88720321548455,26.4992688193697,2.04300883139494));
#2502=CARTESIAN_POINT('Ctrl Pts',(9.88710060736012,26.499266810766,2.04674960947089));
#2503=CARTESIAN_POINT('Ctrl Pts',(9.8869959153562,26.4992647142297,2.05049330498753));
#2504=CARTESIAN_POINT('Ctrl Pts',(9.886871218583,26.4992621567941,2.05486353440746));
#2505=CARTESIAN_POINT('Ctrl Pts',(9.88675241733675,26.4992593149339,2.05892382430524));
#2506=CARTESIAN_POINT('Ctrl Pts',(9.88663965989105,26.4992573203613,2.062672255665));
#2507=CARTESIAN_POINT('Ctrl Pts',(9.88652494126428,26.4992551641455,2.0664210688628));
#2508=CARTESIAN_POINT('Ctrl Pts',(9.88637755382234,26.4992525395216,2.07110725444013));
#2509=CARTESIAN_POINT('Ctrl Pts',(9.88621427187446,26.499249028471,2.07610649476635));
#2510=CARTESIAN_POINT('Ctrl Pts',(9.88606595719924,26.4992466373726,2.08048148920895));
#2511=CARTESIAN_POINT('Ctrl Pts',(9.88593487396911,26.4992446794474,2.08423304193299));
#2512=CARTESIAN_POINT('Ctrl Pts',(9.88583335997772,26.4992429558864,2.087049107871));
#2513=CARTESIAN_POINT('Ctrl Pts',(9.88574102350535,26.4992417167298,2.08955407447202));
#2514=CARTESIAN_POINT('Ctrl Pts',(9.88567057320308,26.4992404655811,2.09143446356941));
#2515=CARTESIAN_POINT('Ctrl Pts',(9.88558635162566,26.499239213978,2.09363077722953));
#2516=CARTESIAN_POINT('Ctrl Pts',(9.88551262637726,26.4992382149711,2.09551563584859));
#2517=CARTESIAN_POINT('Ctrl Pts',(9.88543738567903,26.499237304595,2.09740307767018));
#2518=CARTESIAN_POINT('Ctrl Pts',(9.88530889597423,26.4992353211729,2.10055527895275));
#2519=CARTESIAN_POINT('Ctrl Pts',(9.88512100227086,26.499232535922,2.10498606449544));
#2520=CARTESIAN_POINT('Ctrl Pts',(9.88492261643154,26.4992295622465,2.10930420669264));
#2521=CARTESIAN_POINT('Ctrl Pts',(9.88478170370963,26.4992277578481,2.11221226257081));
#2522=CARTESIAN_POINT('Ctrl Pts',(9.88468566425465,26.4992269650282,2.11415911435884));
#2523=CARTESIAN_POINT('Ctrl Pts',(9.88458371887418,26.4992255566998,2.1161240835307));
#2524=CARTESIAN_POINT('Ctrl Pts',(9.88449006674745,26.4992244628553,2.1178608689128));
#2525=CARTESIAN_POINT('Ctrl Pts',(9.88443566967441,26.4992240070981,2.11885830559997));
#2526=CARTESIAN_POINT('Ctrl Pts',(9.8843526668152,26.4992233378846,2.12036060915753));
#2527=CARTESIAN_POINT('Ctrl Pts',(9.88424628975378,26.499221792474,2.12213884940101));
#2528=CARTESIAN_POINT('Ctrl Pts',(9.8841338475676,26.4992205106273,2.12394708387188));
#2529=CARTESIAN_POINT('Ctrl Pts',(9.88406878079935,26.4992200107043,2.12498910706464));
#2530=CARTESIAN_POINT('Ctrl Pts',(9.88396883229618,26.4992192758571,2.12656357244493));
#2531=CARTESIAN_POINT('Ctrl Pts',(9.88379171189524,26.4992166675386,2.1289919722382));
#2532=CARTESIAN_POINT('Ctrl Pts',(9.88360366390784,26.4992152436088,2.1315158047762));
#2533=CARTESIAN_POINT('Ctrl Pts',(9.88345906479553,26.4992139720055,2.13327524017323));
#2534=CARTESIAN_POINT('Ctrl Pts',(9.88336431086104,26.4992135065885,2.13446394319452));
#2535=CARTESIAN_POINT('Ctrl Pts',(9.88322006665746,26.4992120597155,2.13601448963851));
#2536=CARTESIAN_POINT('Ctrl Pts',(9.88307187033583,26.4992112628674,2.13763549921144));
#2537=CARTESIAN_POINT('Ctrl Pts',(9.88295014522307,26.4992104369677,2.13883785442307));
#2538=CARTESIAN_POINT('Ctrl Pts',(9.88288161498059,26.4992101801767,2.13954090387452));
#2539=CARTESIAN_POINT('Ctrl Pts',(9.88280407404292,26.4992096999558,2.1402657052761));
#2540=CARTESIAN_POINT('Ctrl Pts',(9.88270416407277,26.4992092037467,2.14120080418436));
#2541=CARTESIAN_POINT('Ctrl Pts',(9.88256504532313,26.4992084101178,2.14239386618924));
#2542=CARTESIAN_POINT('Ctrl Pts',(9.88241192553953,26.4992076521905,2.14366659403444));
#2543=CARTESIAN_POINT('Ctrl Pts',(9.88226176622192,26.4992068963308,2.14482036701386));
#2544=CARTESIAN_POINT('Ctrl Pts',(9.88215010787206,26.4992065377086,2.1456843725686));
#2545=CARTESIAN_POINT('Ctrl Pts',(9.88208959871634,26.4992063376406,2.14613573586704));
#2546=CARTESIAN_POINT('Ctrl Pts',(9.88205483487592,26.4992062485819,2.14639842734316));
#2547=CARTESIAN_POINT('Ctrl Pts',(9.88196167238708,26.4992059229058,2.14706926400806));
#2548=CARTESIAN_POINT('Ctrl Pts',(9.88178570996138,26.4992053329024,2.1482901926755));
#2549=CARTESIAN_POINT('Ctrl Pts',(9.88152551196458,26.499204078087,2.14982579649979));
#2550=CARTESIAN_POINT('Ctrl Pts',(9.88133138508196,26.4992035432966,2.15098216614898));
#2551=CARTESIAN_POINT('Ctrl Pts',(9.88119046433072,26.4992031580429,2.15179808020059));
#2552=CARTESIAN_POINT('Ctrl Pts',(9.88089273163111,26.4992021402448,2.15338257308377));
#2553=CARTESIAN_POINT('Ctrl Pts',(9.88051085988785,26.4992011287575,2.15530669767244));
#2554=CARTESIAN_POINT('Ctrl Pts',(9.88002215558367,26.4991999797668,2.15748079020797));
#2555=CARTESIAN_POINT('Ctrl Pts',(9.87973263201456,26.4991993817884,2.15870921681));
#2556=CARTESIAN_POINT('Ctrl Pts',(9.87938647267649,26.4991986875405,2.16010628044869));
#2557=CARTESIAN_POINT('Ctrl Pts',(9.87894578312802,26.4991978135441,2.16175312965897));
#2558=CARTESIAN_POINT('Ctrl Pts',(9.8783967361952,26.4991968250005,2.16370602299442));
#2559=CARTESIAN_POINT('Ctrl Pts',(9.87738415252922,26.4991951560326,2.16694303427883));
#2560=CARTESIAN_POINT('Ctrl Pts',(9.87615896664278,26.4991932277502,2.17051808354057));
#2561=CARTESIAN_POINT('Ctrl Pts',(9.87445447408406,26.4991910599835,2.17453796027935));
#2562=CARTESIAN_POINT('Ctrl Pts',(9.87405002591625,26.4991905700845,2.17545485059079));
#2563=CARTESIAN_POINT('Ctrl Pts',(9.87318515434895,26.4991895296476,2.17737799517659));
#2564=CARTESIAN_POINT('Ctrl Pts',(9.87140339857314,26.4991875197863,2.1810705772556));
#2565=CARTESIAN_POINT('Ctrl Pts',(9.86838270543757,26.4991845481202,2.18639738676066));
#2566=CARTESIAN_POINT('Ctrl Pts',(9.86536809856395,26.4991820641378,2.19083435795281));
#2567=CARTESIAN_POINT('Ctrl Pts',(9.86364027126479,26.499180706145,2.19325928056004));
#2568=CARTESIAN_POINT('Ctrl Pts',(9.8599239871815,26.4991780148139,2.19804526832518));
#2569=CARTESIAN_POINT('Ctrl Pts',(9.853572822078,26.4991739968171,2.20511969753962));
#2570=CARTESIAN_POINT('Ctrl Pts',(9.84239220875706,26.499168871523,2.21410097316291));
#2571=CARTESIAN_POINT('Ctrl Pts',(9.83201484093425,26.4991652999538,2.22033321414088));
#2572=CARTESIAN_POINT('Ctrl Pts',(9.82112615822846,26.4991626719239,2.22491003964175));
#2573=CARTESIAN_POINT('Ctrl Pts',(9.81408151150595,26.499161441957,2.22704968451468));
#2574=CARTESIAN_POINT('Ctrl Pts',(9.80904976625852,26.4991607846694,2.22819257300095));
#2575=CARTESIAN_POINT('Ctrl Pts',(9.80474061252952,26.4991602952686,2.22904357667442));
#2576=CARTESIAN_POINT('Ctrl Pts',(9.79932436406505,26.4991598634909,2.22979370854379));
#2577=CARTESIAN_POINT('Ctrl Pts',(9.79420634675327,26.4991596827052,2.23010752798766));
#2578=CARTESIAN_POINT('Ctrl Pts',(9.79140279282331,26.4991596456422,2.23017181824082));
#2579=CARTESIAN_POINT('Ctrl Pts',(9.79046753522977,26.499159641498,2.23017897155049));
#2580=CARTESIAN_POINT('Ctrl Pts',(9.78999999994715,26.499159641498,2.23017897155022));
#2581=CARTESIAN_POINT('Ctrl Pts',(10.0722533428137,26.4130624956262,1.83658962586573));
#2582=CARTESIAN_POINT('Ctrl Pts',(10.0722421690324,26.4130589190354,1.83750906558256));
#2583=CARTESIAN_POINT('Ctrl Pts',(10.0722197294026,26.4130517519931,1.83934802057016));
#2584=CARTESIAN_POINT('Ctrl Pts',(10.0721746982128,26.4130373619189,1.84302633177337));
#2585=CARTESIAN_POINT('Ctrl Pts',(10.0721179541311,26.413019267768,1.8476249207087));
#2586=CARTESIAN_POINT('Ctrl Pts',(10.0720492624701,26.4129973796488,1.8531444637627));
#2587=CARTESIAN_POINT('Ctrl Pts',(10.0719798434403,26.4129753113235,1.85866525449175));
#2588=CARTESIAN_POINT('Ctrl Pts',(10.0719097405514,26.4129530575839,1.86418738299925));
#2589=CARTESIAN_POINT('Ctrl Pts',(10.0718389466342,26.4129306129464,1.86971092137599));
#2590=CARTESIAN_POINT('Ctrl Pts',(10.0717674150012,26.4129079716044,1.8752359314532));
#2591=CARTESIAN_POINT('Ctrl Pts',(10.0716950855359,26.4128851275107,1.88076247128711));
#2592=CARTESIAN_POINT('Ctrl Pts',(10.0716219637152,26.4128620742549,1.88629063819273));
#2593=CARTESIAN_POINT('Ctrl Pts',(10.0715480582881,26.4128388051031,1.89182053635311));
#2594=CARTESIAN_POINT('Ctrl Pts',(10.0714733155205,26.4128153129423,1.8973522496572));
#2595=CARTESIAN_POINT('Ctrl Pts',(10.0713977037372,26.4127915902796,1.90288587906595));
#2596=CARTESIAN_POINT('Ctrl Pts',(10.0713338685,26.4127716227668,1.90749888761423));
#2597=CARTESIAN_POINT('Ctrl Pts',(10.071282393193,26.4127555252754,1.91119039933625));
#2598=CARTESIAN_POINT('Ctrl Pts',(10.0712305870443,26.4127393440404,1.9148826412335));
#2599=CARTESIAN_POINT('Ctrl Pts',(10.0711652194505,26.4127189576526,1.91949936570078));
#2600=CARTESIAN_POINT('Ctrl Pts',(10.07108572914,26.4126942288725,1.92504183001155));
#2601=CARTESIAN_POINT('Ctrl Pts',(10.0710051883373,26.4126692248443,1.93058686747779));
#2602=CARTESIAN_POINT('Ctrl Pts',(10.0709235800224,26.4126439348469,1.93613465927041));
#2603=CARTESIAN_POINT('Ctrl Pts',(10.0708408329145,26.4126183474778,1.94168537855293));
#2604=CARTESIAN_POINT('Ctrl Pts',(10.0707568296462,26.4125924507389,1.94723918219614));
#2605=CARTESIAN_POINT('Ctrl Pts',(10.0706716385312,26.4125662312643,1.95279637132966));
#2606=CARTESIAN_POINT('Ctrl Pts',(10.0705851433847,26.4125396752304,1.9583571517468));
#2607=CARTESIAN_POINT('Ctrl Pts',(10.0704972645235,26.412512767632,1.9639217850887));
#2608=CARTESIAN_POINT('Ctrl Pts',(10.0704178218001,26.412488523035,1.96887178749542));
#2609=CARTESIAN_POINT('Ctrl Pts',(10.0703574128334,26.4124701255154,1.97258679576624));
#2610=CARTESIAN_POINT('Ctrl Pts',(10.0703168214924,26.4124577720132,1.97506454213814));
#2611=CARTESIAN_POINT('Ctrl Pts',(10.070275990981,26.4124453586321,1.97754300759075));
#2612=CARTESIAN_POINT('Ctrl Pts',(10.0702245023581,26.412429727777,1.98064247950234));
#2613=CARTESIAN_POINT('Ctrl Pts',(10.0701619619981,26.4124107820399,1.98436418780407));
#2614=CARTESIAN_POINT('Ctrl Pts',(10.0700985938474,26.41239164124,1.98808834257872));
#2615=CARTESIAN_POINT('Ctrl Pts',(10.070034467849,26.4123722981342,1.99181516140374));
#2616=CARTESIAN_POINT('Ctrl Pts',(10.0699695141431,26.4123527454765,1.99554479035182));
#2617=CARTESIAN_POINT('Ctrl Pts',(10.0699036839506,26.4123329757426,1.99927736189542));
#2618=CARTESIAN_POINT('Ctrl Pts',(10.0698368930321,26.4123129805276,2.00301309141837));
#2619=CARTESIAN_POINT('Ctrl Pts',(10.069769207104,26.412292751439,2.00675212032376));
#2620=CARTESIAN_POINT('Ctrl Pts',(10.0697005203202,26.4122722774547,2.0104949667169));
#2621=CARTESIAN_POINT('Ctrl Pts',(10.069630785081,26.4122515537168,2.01424096233473));
#2622=CARTESIAN_POINT('Ctrl Pts',(10.0695716577726,26.4122340381852,2.0173706037369));
#2623=CARTESIAN_POINT('Ctrl Pts',(10.0695237806697,26.4122198712243,2.01987937635311));
#2624=CARTESIAN_POINT('Ctrl Pts',(10.0694754638535,26.4122055992218,2.02239153998435));
#2625=CARTESIAN_POINT('Ctrl Pts',(10.069414249186,26.4121875578378,2.02553823179933));
#2626=CARTESIAN_POINT('Ctrl Pts',(10.0693393532131,26.4121655729468,2.02932473218929));
#2627=CARTESIAN_POINT('Ctrl Pts',(10.0692630720836,26.4121432386879,2.03312184508405));
#2628=CARTESIAN_POINT('Ctrl Pts',(10.0691852797713,26.4121205418593,2.0369293953414));
#2629=CARTESIAN_POINT('Ctrl Pts',(10.0691058869515,26.4120974685897,2.04074717320488));
#2630=CARTESIAN_POINT('Ctrl Pts',(10.0690247656682,26.4120740046305,2.0445748642992));
#2631=CARTESIAN_POINT('Ctrl Pts',(10.068941950238,26.412050133656,2.0484123544502));
#2632=CARTESIAN_POINT('Ctrl Pts',(10.0688572946511,26.4120258392681,2.05225933172932));
#2633=CARTESIAN_POINT('Ctrl Pts',(10.0687706619885,26.4120011034503,2.05611556586909));
#2634=CARTESIAN_POINT('Ctrl Pts',(10.0686671402595,26.4119717062213,2.06062520311414));
#2635=CARTESIAN_POINT('Ctrl Pts',(10.0685679253485,26.4119437537548,2.06482508929164));
#2636=CARTESIAN_POINT('Ctrl Pts',(10.0684736839725,26.4119173610525,2.06871300291807));
#2637=CARTESIAN_POINT('Ctrl Pts',(10.0683774534304,26.4118905575993,2.07260855034661));
#2638=CARTESIAN_POINT('Ctrl Pts',(10.0682532789816,26.4118562477802,2.07749326826833));
#2639=CARTESIAN_POINT('Ctrl Pts',(10.0681143865465,26.4118183858233,2.08272913515603));
#2640=CARTESIAN_POINT('Ctrl Pts',(10.0679876131159,26.4117842198826,2.08733451095214));
#2641=CARTESIAN_POINT('Ctrl Pts',(10.0678748459356,26.4117541607939,2.09130159233307));
#2642=CARTESIAN_POINT('Ctrl Pts',(10.0677867686877,26.4117309810141,2.09429459149789));
#2643=CARTESIAN_POINT('Ctrl Pts',(10.0677062990751,26.4117099853923,2.09696740252777));
#2644=CARTESIAN_POINT('Ctrl Pts',(10.0676445625766,26.4116939983677,2.09897958043557));
#2645=CARTESIAN_POINT('Ctrl Pts',(10.067570300015,26.4116749650522,2.10134057838208));
#2646=CARTESIAN_POINT('Ctrl Pts',(10.0675050363823,26.4116583731277,2.10337456360641));
#2647=CARTESIAN_POINT('Ctrl Pts',(10.0674379173955,26.4116414865711,2.10542016157063));
#2648=CARTESIAN_POINT('Ctrl Pts',(10.0673230727117,26.4116128193905,2.10885062602309));
#2649=CARTESIAN_POINT('Ctrl Pts',(10.0671519538369,26.4115711264812,2.11372139224366));
#2650=CARTESIAN_POINT('Ctrl Pts',(10.0669690762014,26.4115281323531,2.118559570496));
#2651=CARTESIAN_POINT('Ctrl Pts',(10.0668355204438,26.4114979749118,2.12187608849475));
#2652=CARTESIAN_POINT('Ctrl Pts',(10.0667425167979,26.4114774365763,2.12411563390463));
#2653=CARTESIAN_POINT('Ctrl Pts',(10.0666454013432,26.4114562095031,2.1263995641595));
#2654=CARTESIAN_POINT('Ctrl Pts',(10.0665540791829,26.4114369291363,2.12845006307394));
#2655=CARTESIAN_POINT('Ctrl Pts',(10.0664993396938,26.4114256915623,2.12963929934072));
#2656=CARTESIAN_POINT('Ctrl Pts',(10.0664149220332,26.4114086051772,2.13144157389051));
#2657=CARTESIAN_POINT('Ctrl Pts',(10.0663141456015,26.4113879798917,2.13359645255055));
#2658=CARTESIAN_POINT('Ctrl Pts',(10.0662014147292,26.4113663448989,2.1358437667305));
#2659=CARTESIAN_POINT('Ctrl Pts',(10.0661318520712,26.4113536600093,2.1371602578408));
#2660=CARTESIAN_POINT('Ctrl Pts',(10.066023252132,26.4113342935942,2.13916896321862));
#2661=CARTESIAN_POINT('Ctrl Pts',(10.0658590509813,26.41130391877,2.14230640660312));
#2662=CARTESIAN_POINT('Ctrl Pts',(10.0656448786992,26.4112708203511,2.14577151128581));
#2663=CARTESIAN_POINT('Ctrl Pts',(10.0654793687334,26.4112472451021,2.14828840628678));
#2664=CARTESIAN_POINT('Ctrl Pts',(10.065354842396,26.4112310794549,2.15003678840307));
#2665=CARTESIAN_POINT('Ctrl Pts',(10.0651954420404,26.4112099803771,2.15234981796846));
#2666=CARTESIAN_POINT('Ctrl Pts',(10.064990483727,26.4111874262748,2.15492020344785));
#2667=CARTESIAN_POINT('Ctrl Pts',(10.0648258264464,26.4111706985289,2.15689844710628));
#2668=CARTESIAN_POINT('Ctrl Pts',(10.0647174765225,26.4111608313171,2.1580963946934));
#2669=CARTESIAN_POINT('Ctrl Pts',(10.064607318051,26.4111507501371,2.1593372560931));
#2670=CARTESIAN_POINT('Ctrl Pts',(10.0644515188486,26.4111377127439,2.16098799410457));
#2671=CARTESIAN_POINT('Ctrl Pts',(10.0642393567084,26.4111212707929,2.16315836113032));
#2672=CARTESIAN_POINT('Ctrl Pts',(10.0639838951038,26.4111038919049,2.16557696016602));
#2673=CARTESIAN_POINT('Ctrl Pts',(10.0637282981095,26.4110884838277,2.1678573698317));
#2674=CARTESIAN_POINT('Ctrl Pts',(10.0635084733683,26.4110771014848,2.16964787481698));
#2675=CARTESIAN_POINT('Ctrl Pts',(10.063388445958,26.4110712442414,2.17059913343808));
#2676=CARTESIAN_POINT('Ctrl Pts',(10.0633155098682,26.411067846507,2.17116093949762));
#2677=CARTESIAN_POINT('Ctrl Pts',(10.0631308534806,26.4110592672744,2.17259354174934));
#2678=CARTESIAN_POINT('Ctrl Pts',(10.0627692577332,26.4110440052563,2.17527170510549));
#2679=CARTESIAN_POINT('Ctrl Pts',(10.0622692400484,26.4110262068323,2.17875596831688));
#2680=CARTESIAN_POINT('Ctrl Pts',(10.0618190074947,26.4110133829681,2.18153471101238));
#2681=CARTESIAN_POINT('Ctrl Pts',(10.0614878945691,26.4110045557832,2.18352140642574));
#2682=CARTESIAN_POINT('Ctrl Pts',(10.0608108483471,26.4109882825493,2.18742512913798));
#2683=CARTESIAN_POINT('Ctrl Pts',(10.0598652014115,26.4109700689915,2.19237863349863));
#2684=CARTESIAN_POINT('Ctrl Pts',(10.0585877291832,26.4109520912156,2.19820231112865));
#2685=CARTESIAN_POINT('Ctrl Pts',(10.0578075165457,26.4109425020684,2.2015479358307));
#2686=CARTESIAN_POINT('Ctrl Pts',(10.0568623308442,26.4109322467223,2.20540050447511));
#2687=CARTESIAN_POINT('Ctrl Pts',(10.0556498898783,26.410921054932,2.20999291981146));
#2688=CARTESIAN_POINT('Ctrl Pts',(10.0541071566598,26.4109087320025,2.21551378479372));
#2689=CARTESIAN_POINT('Ctrl Pts',(10.0512192783553,26.410890310239,2.22477850797333));
#2690=CARTESIAN_POINT('Ctrl Pts',(10.0476910891117,26.4108724793199,2.23513995411496));
#2691=CARTESIAN_POINT('Ctrl Pts',(10.0426887242821,26.4108558771082,2.24695199883715));
#2692=CARTESIAN_POINT('Ctrl Pts',(10.0414975497065,26.4108522108677,2.24965244853806));
#2693=CARTESIAN_POINT('Ctrl Pts',(10.0389506836718,26.4108446647261,2.25531982354992));
#2694=CARTESIAN_POINT('Ctrl Pts',(10.0336861257134,26.4108310402983,2.26623606549141));
#2695=CARTESIAN_POINT('Ctrl Pts',(10.0247219618188,26.4108137793851,2.28205860511023));
#2696=CARTESIAN_POINT('Ctrl Pts',(10.0157396197406,26.4108007480272,2.29528117236598));
#2697=CARTESIAN_POINT('Ctrl Pts',(10.0105867707644,26.4107938117612,2.30251348434275));
#2698=CARTESIAN_POINT('Ctrl Pts',(9.99949343643421,26.4107806118223,2.31680034587511));
#2699=CARTESIAN_POINT('Ctrl Pts',(9.98051066730446,26.4107624999697,2.33795015002367));
#2700=CARTESIAN_POINT('Ctrl Pts',(9.94703722727647,26.4107412710958,2.36484049766823));
#2701=CARTESIAN_POINT('Ctrl Pts',(9.91594780758389,26.4107272108449,2.38351231644189));
#2702=CARTESIAN_POINT('Ctrl Pts',(9.88331358309696,26.4107171670761,2.39722950075377));
#2703=CARTESIAN_POINT('Ctrl Pts',(9.86219655024323,26.4107125374092,2.4036432929794));
#2704=CARTESIAN_POINT('Ctrl Pts',(9.84711221833147,26.4107100786218,2.40706943490854));
#2705=CARTESIAN_POINT('Ctrl Pts',(9.83419373354534,26.410708251731,2.40962065556962));
#2706=CARTESIAN_POINT('Ctrl Pts',(9.81795564621703,26.4107066485994,2.41186952529428));
#2707=CARTESIAN_POINT('Ctrl Pts',(9.80261122367748,26.4107059793197,2.41281033534924));
#2708=CARTESIAN_POINT('Ctrl Pts',(9.79420577675484,26.410705842239,2.41300306711383));
#2709=CARTESIAN_POINT('Ctrl Pts',(9.79140174198904,26.4107058269918,2.4130245064428));
#2710=CARTESIAN_POINT('Ctrl Pts',(9.78999999984218,26.4107058269918,2.413024506442));
#2711=CARTESIAN_POINT('Ctrl Pts',(10.1438509717131,26.1205423845868,1.83763435973794));
#2712=CARTESIAN_POINT('Ctrl Pts',(10.1438347445605,26.1205315155622,1.83855551041111));
#2713=CARTESIAN_POINT('Ctrl Pts',(10.1438022572365,26.1205095826325,1.84039795032273));
#2714=CARTESIAN_POINT('Ctrl Pts',(10.1437369167933,26.1204657395986,1.84408326850824));
#2715=CARTESIAN_POINT('Ctrl Pts',(10.143654719626,26.1204103692586,1.84869085385541));
#2716=CARTESIAN_POINT('Ctrl Pts',(10.1435550667974,26.1203435455357,1.85422143786773));
#2717=CARTESIAN_POINT('Ctrl Pts',(10.1434544835791,26.1202759248862,1.85975364165909));
#2718=CARTESIAN_POINT('Ctrl Pts',(10.1433528734598,26.120207724823,1.86528750358922));
#2719=CARTESIAN_POINT('Ctrl Pts',(10.1432501901512,26.1201389796184,1.87082309896676));
#2720=CARTESIAN_POINT('Ctrl Pts',(10.1431464260003,26.1200695818254,1.87636052957748));
#2721=CARTESIAN_POINT('Ctrl Pts',(10.1430415841068,26.119999377623,1.88189991645814));
#2722=CARTESIAN_POINT('Ctrl Pts',(10.142935595998,26.1199284586998,1.88744134033844));
#2723=CARTESIAN_POINT('Ctrl Pts',(10.1428283860508,26.1198569327403,1.89298488929315));
#2724=CARTESIAN_POINT('Ctrl Pts',(10.142719940213,26.1197846820859,1.8985306972841));
#2725=CARTESIAN_POINT('Ctrl Pts',(10.1426102170929,26.1197116749096,1.90407889471426));
#2726=CARTESIAN_POINT('Ctrl Pts',(10.1425177566284,26.1196499070628,1.90870455246307));
#2727=CARTESIAN_POINT('Ctrl Pts',(10.1424430397651,26.1196003088495,1.9124063737805));
#2728=CARTESIAN_POINT('Ctrl Pts',(10.1423678710476,26.1195503857497,1.9161091245383));
#2729=CARTESIAN_POINT('Ctrl Pts',(10.1422730241629,26.1194874434012,1.92073933976573));
#2730=CARTESIAN_POINT('Ctrl Pts',(10.142157771746,26.1194108891143,1.92629864809462));
#2731=CARTESIAN_POINT('Ctrl Pts',(10.14204098343,26.1193334238827,1.93186116503873));
#2732=CARTESIAN_POINT('Ctrl Pts',(10.1419225685535,26.1192551099082,1.93742708312153));
#2733=CARTESIAN_POINT('Ctrl Pts',(10.1418024855542,26.1191758186732,1.94299664700959));
#2734=CARTESIAN_POINT('Ctrl Pts',(10.141680731803,26.1190952600003,1.94857017219155));
#2735=CARTESIAN_POINT('Ctrl Pts',(10.1415571029064,26.1190138437708,1.95414782453975));
#2736=CARTESIAN_POINT('Ctrl Pts',(10.1414315752756,26.1189313080103,1.95972996413497));
#2737=CARTESIAN_POINT('Ctrl Pts',(10.141304076077,26.1188475405941,1.96531694066423));
#2738=CARTESIAN_POINT('Ctrl Pts',(10.1411889428381,26.1187717974903,1.97028781587892));
#2739=CARTESIAN_POINT('Ctrl Pts',(10.1411013625897,26.1187143209282,1.97401907928554));
#2740=CARTESIAN_POINT('Ctrl Pts',(10.1410424417897,26.1186758153118,1.97650787583437));
#2741=CARTESIAN_POINT('Ctrl Pts',(10.1409831825043,26.1186370972184,1.97899757697099));
#2742=CARTESIAN_POINT('Ctrl Pts',(10.1409084564426,26.1185883168202,1.98211143976569));
#2743=CARTESIAN_POINT('Ctrl Pts',(10.1408177110811,26.1185291220841,1.98585101753838));
#2744=CARTESIAN_POINT('Ctrl Pts',(10.1407258982385,26.118469077803,1.98959375884781));
#2745=CARTESIAN_POINT('Ctrl Pts',(10.1406328718209,26.118408533587,1.99333973380278));
#2746=CARTESIAN_POINT('Ctrl Pts',(10.1405386245431,26.1183473251865,1.99708919339565));
#2747=CARTESIAN_POINT('Ctrl Pts',(10.1404431236223,26.1182853708569,2.00084234838374));
#2748=CARTESIAN_POINT('Ctrl Pts',(10.1403463628274,26.1182224689385,2.00459955253659));
#2749=CARTESIAN_POINT('Ctrl Pts',(10.1402481846747,26.1181589752853,2.00836079169437));
#2750=CARTESIAN_POINT('Ctrl Pts',(10.140148578599,26.1180946394555,2.01212675410666));
#2751=CARTESIAN_POINT('Ctrl Pts',(10.1400475237169,26.1180293722355,2.01589687958405));
#2752=CARTESIAN_POINT('Ctrl Pts',(10.1399619085685,26.1179740754947,2.01904756775132));
#2753=CARTESIAN_POINT('Ctrl Pts',(10.1398924653567,26.1179295123174,2.02157363382317));
#2754=CARTESIAN_POINT('Ctrl Pts',(10.1398224202172,26.1178845523852,2.02410351713679));
#2755=CARTESIAN_POINT('Ctrl Pts',(10.1397336806041,26.1178276914786,2.02727311919926));
#2756=CARTESIAN_POINT('Ctrl Pts',(10.1396252739455,26.1177581139692,2.03108859981838));
#2757=CARTESIAN_POINT('Ctrl Pts',(10.1395147308323,26.1176876015748,2.03491596681351));
#2758=CARTESIAN_POINT('Ctrl Pts',(10.1394020099968,26.117615896603,2.03875531707677));
#2759=CARTESIAN_POINT('Ctrl Pts',(10.1392870226724,26.1175428962406,2.04260659933275));
#2760=CARTESIAN_POINT('Ctrl Pts',(10.1391697054074,26.117468368415,2.04646979978557));
#2761=CARTESIAN_POINT('Ctrl Pts',(10.1390498128943,26.1173927238838,2.05034459386182));
#2762=CARTESIAN_POINT('Ctrl Pts',(10.1389272614298,26.1173157169732,2.05423100905362));
#2763=CARTESIAN_POINT('Ctrl Pts',(10.1388019336348,26.1172371721594,2.05812910417332));
#2764=CARTESIAN_POINT('Ctrl Pts',(10.1386522828727,26.1171436553023,2.0626907110786));
#2765=CARTESIAN_POINT('Ctrl Pts',(10.1385091446978,26.1170542963261,2.06694306457741));
#2766=CARTESIAN_POINT('Ctrl Pts',(10.1383729803537,26.1169702767408,2.07088277743627));
#2767=CARTESIAN_POINT('Ctrl Pts',(10.1382340740004,26.116884767585,2.07483300268741));
#2768=CARTESIAN_POINT('Ctrl Pts',(10.13805493419,26.1167752334978,2.07979158298488));
#2769=CARTESIAN_POINT('Ctrl Pts',(10.1378550841062,26.1166536615739,2.08511641572729));
#2770=CARTESIAN_POINT('Ctrl Pts',(10.1376725906164,26.1165443001636,2.08980749804086));
#2771=CARTESIAN_POINT('Ctrl Pts',(10.1375104087494,26.116448041123,2.09385463411366));
#2772=CARTESIAN_POINT('Ctrl Pts',(10.1373839526693,26.1163735466036,2.09691380115131));
#2773=CARTESIAN_POINT('Ctrl Pts',(10.137268445966,26.1163062322238,2.09964887641156));
#2774=CARTESIAN_POINT('Ctrl Pts',(10.1371799285476,26.1162547188328,2.10171058081913));
#2775=CARTESIAN_POINT('Ctrl Pts',(10.1370735600488,26.116193497043,2.10413299085033));
#2776=CARTESIAN_POINT('Ctrl Pts',(10.136980052213,26.116140150553,2.10622259120971));
#2777=CARTESIAN_POINT('Ctrl Pts',(10.136884109264,26.1160858886701,2.1083267891894));
#2778=CARTESIAN_POINT('Ctrl Pts',(10.1367194814862,26.1159933876144,2.11186229752671));
#2779=CARTESIAN_POINT('Ctrl Pts',(10.1364756404332,26.1158587156387,2.11689776117683));
#2780=CARTESIAN_POINT('Ctrl Pts',(10.1362130332454,26.1157194316963,2.12193518586047));
#2781=CARTESIAN_POINT('Ctrl Pts',(10.1360224192358,26.1156217863483,2.12540670401983));
#2782=CARTESIAN_POINT('Ctrl Pts',(10.1358909921843,26.1155555573985,2.12775487682026));
#2783=CARTESIAN_POINT('Ctrl Pts',(10.1357506187865,26.115486630765,2.13016297216047));
#2784=CARTESIAN_POINT('Ctrl Pts',(10.1356192762989,26.1154241065135,2.13233460895778));
#2785=CARTESIAN_POINT('Ctrl Pts',(10.1355418325675,26.1153877799421,2.13359600716301));
#2786=CARTESIAN_POINT('Ctrl Pts',(10.1354227542377,26.1153325500623,2.13551084637278));
#2787=CARTESIAN_POINT('Ctrl Pts',(10.135271249082,26.1152653127807,2.1378204356213));
#2788=CARTESIAN_POINT('Ctrl Pts',(10.1351056915602,26.1151949851365,2.14024271525393));
#2789=CARTESIAN_POINT('Ctrl Pts',(10.135007128976,26.1151539219103,2.14166388342774));
#2790=CARTESIAN_POINT('Ctrl Pts',(10.1348539282056,26.1150912412324,2.14383763309523));
#2791=CARTESIAN_POINT('Ctrl Pts',(10.1345900355567,26.1149918480323,2.14728630587181));
#2792=CARTESIAN_POINT('Ctrl Pts',(10.1342817742154,26.1148845667186,2.15112055351645));
#2793=CARTESIAN_POINT('Ctrl Pts',(10.1340371194967,26.1148080094671,2.153943876479));
#2794=CARTESIAN_POINT('Ctrl Pts',(10.1338668057329,26.1147558287166,2.1559027659897));
#2795=CARTESIAN_POINT('Ctrl Pts',(10.1336182678356,26.1146871495954,2.15854027963065));
#2796=CARTESIAN_POINT('Ctrl Pts',(10.1333336808964,26.1146143850509,2.16147645008665));
#2797=CARTESIAN_POINT('Ctrl Pts',(10.133096136203,26.1145603341691,2.16376559553821));
#2798=CARTESIAN_POINT('Ctrl Pts',(10.1329517134619,26.114528655618,2.16514875319605));
#2799=CARTESIAN_POINT('Ctrl Pts',(10.1327940893409,26.114496153488,2.16659569243508));
#2800=CARTESIAN_POINT('Ctrl Pts',(10.1325802141385,26.1144542684944,2.16852285589121));
#2801=CARTESIAN_POINT('Ctrl Pts',(10.1322798034787,26.114401436182,2.17108249337379));
#2802=CARTESIAN_POINT('Ctrl Pts',(10.1319291305778,26.1143458127979,2.1739475075987));
#2803=CARTESIAN_POINT('Ctrl Pts',(10.131575142814,26.1142966133486,2.17667231982832));
#2804=CARTESIAN_POINT('Ctrl Pts',(10.1312881163088,26.1142605531488,2.17881048662458));
#2805=CARTESIAN_POINT('Ctrl Pts',(10.1311307057754,26.1142420251733,2.17995043808537));
#2806=CARTESIAN_POINT('Ctrl Pts',(10.1310372478196,26.1142313101824,2.18062278263879));
#2807=CARTESIAN_POINT('Ctrl Pts',(10.1307933765011,26.1142042002273,2.1823452846175));
#2808=CARTESIAN_POINT('Ctrl Pts',(10.130319132598,26.114156137949,2.18557598937424));
#2809=CARTESIAN_POINT('Ctrl Pts',(10.1296276129993,26.1141001588574,2.18984336836728));
#2810=CARTESIAN_POINT('Ctrl Pts',(10.129049084299,26.1140604573966,2.19323059981628));
#2811=CARTESIAN_POINT('Ctrl Pts',(10.1286239680507,26.1140332168525,2.19565664328478));
#2812=CARTESIAN_POINT('Ctrl Pts',(10.1277348792728,26.1139831006014,2.20045507464525));
#2813=CARTESIAN_POINT('Ctrl Pts',(10.1265238391553,26.1139278956682,2.20654950628712));
#2814=CARTESIAN_POINT('Ctrl Pts',(10.1249017727747,26.1138745720258,2.21374084016643));
#2815=CARTESIAN_POINT('Ctrl Pts',(10.123918593166,26.1138464682721,2.21787318838961));
#2816=CARTESIAN_POINT('Ctrl Pts',(10.1227290444758,26.1138167480982,2.22263791007303));
#2817=CARTESIAN_POINT('Ctrl Pts',(10.1212009376831,26.1137847612347,2.22832886561689));
#2818=CARTESIAN_POINT('Ctrl Pts',(10.1192660392178,26.1137501597775,2.23517220895025));
#2819=CARTESIAN_POINT('Ctrl Pts',(10.1156494137296,26.1136996841773,2.24666968854367));
#2820=CARTESIAN_POINT('Ctrl Pts',(10.111231356188,26.1136525152809,2.25954861781264));
#2821=CARTESIAN_POINT('Ctrl Pts',(10.1049849946695,26.1136113070571,2.27424163237674));
#2822=CARTESIAN_POINT('Ctrl Pts',(10.1034987036239,26.1136023258054,2.27760057589623));
#2823=CARTESIAN_POINT('Ctrl Pts',(10.1003197744015,26.1135839667465,2.28465163285734));
#2824=CARTESIAN_POINT('Ctrl Pts',(10.0937510483965,26.1135516665533,2.29823642581921));
#2825=CARTESIAN_POINT('Ctrl Pts',(10.0825672947986,26.1135131823877,2.31793913997025));
#2826=CARTESIAN_POINT('Ctrl Pts',(10.0713668297672,26.1134857150698,2.33440675655393));
#2827=CARTESIAN_POINT('Ctrl Pts',(10.0649423188987,26.113471336876,2.34341423090614));
#2828=CARTESIAN_POINT('Ctrl Pts',(10.0511121274493,26.1134446191266,2.36120939657921));
#2829=CARTESIAN_POINT('Ctrl Pts',(10.0274469232196,26.1134098565888,2.38755806671532));
#2830=CARTESIAN_POINT('Ctrl Pts',(9.98572380111459,26.1133717087206,2.42106121285941));
#2831=CARTESIAN_POINT('Ctrl Pts',(9.94697395521503,26.1133475037966,2.44432633222984));
#2832=CARTESIAN_POINT('Ctrl Pts',(9.90629996353218,26.1133306810585,2.46141843640036));
#2833=CARTESIAN_POINT('Ctrl Pts',(9.87998086792801,26.113323038583,2.46941037667499));
#2834=CARTESIAN_POINT('Ctrl Pts',(9.86118070454083,26.113319004121,2.47367956571631));
#2835=CARTESIAN_POINT('Ctrl Pts',(9.84507996395589,26.1133160134527,2.4768585428138));
#2836=CARTESIAN_POINT('Ctrl Pts',(9.82484191649547,26.1133134013744,2.47966081290537));
#2837=CARTESIAN_POINT('Ctrl Pts',(9.8057177143744,26.1133123131795,2.48083315365805));
#2838=CARTESIAN_POINT('Ctrl Pts',(9.79524177370845,26.1133120903225,2.48107331926974));
#2839=CARTESIAN_POINT('Ctrl Pts',(9.79174702749481,26.1133120655215,2.48110003748674));
#2840=CARTESIAN_POINT('Ctrl Pts',(9.78999999980302,26.1133120655215,2.48110003748574));
#2841=CARTESIAN_POINT('Ctrl Pts',(9.99221367929892,25.9209175119978,1.83494371616928));
#2842=CARTESIAN_POINT('Ctrl Pts',(9.99218723560196,25.9209081942551,1.83586086388644));
#2843=CARTESIAN_POINT('Ctrl Pts',(9.99213424386404,25.9208895814065,1.83769521674133));
#2844=CARTESIAN_POINT('Ctrl Pts',(9.9920277491906,25.9208521156723,1.84136418027984));
#2845=CARTESIAN_POINT('Ctrl Pts',(9.99189372527949,25.9208050762562,1.84595086187674));
#2846=CARTESIAN_POINT('Ctrl Pts',(9.99173134685473,25.9207480626337,1.85145569505724));
#2847=CARTESIAN_POINT('Ctrl Pts',(9.99156741819028,25.920690632562,1.85696137076321));
#2848=CARTESIAN_POINT('Ctrl Pts',(9.99140186760799,25.9206326757867,1.8624679374354));
#2849=CARTESIAN_POINT('Ctrl Pts',(9.9912346409091,25.9205741557151,1.86797544090702));
#2850=CARTESIAN_POINT('Ctrl Pts',(9.99106569668689,25.9205150925073,1.87348392639));
#2851=CARTESIAN_POINT('Ctrl Pts',(9.99089499594354,25.9204555239374,1.87899344036948));
#2852=CARTESIAN_POINT('Ctrl Pts',(9.9907224698644,25.9203953864084,1.8845040413923));
#2853=CARTESIAN_POINT('Ctrl Pts',(9.99054804467718,25.9203346083212,1.89001579239496));
#2854=CARTESIAN_POINT('Ctrl Pts',(9.99037166776998,25.920273208547,1.89552875405323));
#2855=CARTESIAN_POINT('Ctrl Pts',(9.99019327344726,25.9202111692577,1.90104299450002));
#2856=CARTESIAN_POINT('Ctrl Pts',(9.99004290207215,25.9201590313655,1.90563931263693));
#2857=CARTESIAN_POINT('Ctrl Pts',(9.98992149948137,25.9201168885696,1.90931709147958));
#2858=CARTESIAN_POINT('Ctrl Pts',(9.98979936845526,25.9200745338509,1.91299536066433));
#2859=CARTESIAN_POINT('Ctrl Pts',(9.98964530523902,25.9200211528415,1.91759414686286));
#2860=CARTESIAN_POINT('Ctrl Pts',(9.98945812075241,25.9199564226787,1.92311429891864));
#2861=CARTESIAN_POINT('Ctrl Pts',(9.98926852205795,25.9198909325666,1.92863616850874));
#2862=CARTESIAN_POINT('Ctrl Pts',(9.98907640302583,25.9198246132546,1.93415987132771));
#2863=CARTESIAN_POINT('Ctrl Pts',(9.98888167177166,25.9197574704309,1.93968552758149));
#2864=CARTESIAN_POINT('Ctrl Pts',(9.9886842471063,25.9196895722983,1.94521326104));
#2865=CARTESIAN_POINT('Ctrl Pts',(9.98848396194911,25.9196206985418,1.95074323960113));
#2866=CARTESIAN_POINT('Ctrl Pts',(9.98828071486925,25.9195508985527,1.95627561712545));
#2867=CARTESIAN_POINT('Ctrl Pts',(9.98807437778636,25.9194801565147,1.96181057209968));
#2868=CARTESIAN_POINT('Ctrl Pts',(9.98788810677202,25.9194164551239,1.96673299388644));
#2869=CARTESIAN_POINT('Ctrl Pts',(9.98774650988045,25.9193680731058,1.97042648081407));
#2870=CARTESIAN_POINT('Ctrl Pts',(9.98765131942473,25.9193355321721,1.97288951448812));
#2871=CARTESIAN_POINT('Ctrl Pts',(9.98755560131814,25.9193028319758,1.97535302950833));
#2872=CARTESIAN_POINT('Ctrl Pts',(9.98743494532104,25.9192616442588,1.97843335210553));
#2873=CARTESIAN_POINT('Ctrl Pts',(9.98728849200122,25.9192117125755,1.98213130625313));
#2874=CARTESIAN_POINT('Ctrl Pts',(9.98714033241629,25.9191613256612,1.98583091270818));
#2875=CARTESIAN_POINT('Ctrl Pts',(9.98699036240385,25.919110313205,1.98953228255137));
#2876=CARTESIAN_POINT('Ctrl Pts',(9.98683853052857,25.9190587119387,1.99323552918023));
#2877=CARTESIAN_POINT('Ctrl Pts',(9.98668477361257,25.9190065240093,1.99694073871718));
#2878=CARTESIAN_POINT('Ctrl Pts',(9.98652903296815,25.9189537963952,2.00064809174989));
#2879=CARTESIAN_POINT('Ctrl Pts',(9.98637119163151,25.9189003517895,2.00435759797978));
#2880=CARTESIAN_POINT('Ctrl Pts',(9.98621117269634,25.9188462464041,2.00806973259527));
#2881=CARTESIAN_POINT('Ctrl Pts',(9.98604893167082,25.9187914953866,2.01178376956822));
#2882=CARTESIAN_POINT('Ctrl Pts',(9.98591157281584,25.918745235844,2.0148856199188));
#2883=CARTESIAN_POINT('Ctrl Pts',(9.98580030170184,25.9187077316094,2.0173713639508));
#2884=CARTESIAN_POINT('Ctrl Pts',(9.98568810651542,25.9186699600847,2.01985998285958));
#2885=CARTESIAN_POINT('Ctrl Pts',(9.98554607914636,25.9186221933665,2.02297621816395));
#2886=CARTESIAN_POINT('Ctrl Pts',(9.98537269403796,25.9185640512596,2.02672445591218));
#2887=CARTESIAN_POINT('Ctrl Pts',(9.98519617620088,25.9185048657456,2.03048135015572));
#2888=CARTESIAN_POINT('Ctrl Pts',(9.98501641786395,25.9184446858321,2.03424661859613));
#2889=CARTESIAN_POINT('Ctrl Pts',(9.98483328765522,25.9183834959844,2.03801988826598));
#2890=CARTESIAN_POINT('Ctrl Pts',(9.98464666081824,25.9183213303765,2.04180070102716));
#2891=CARTESIAN_POINT('Ctrl Pts',(9.9844563278784,25.9182579585107,2.04558861167596));
#2892=CARTESIAN_POINT('Ctrl Pts',(9.98426214039375,25.9181934113351,2.04938311408331));
#2893=CARTESIAN_POINT('Ctrl Pts',(9.98406392531889,25.9181276854327,2.05318373087152));
#2894=CARTESIAN_POINT('Ctrl Pts',(9.98382773184624,25.9180495677864,2.05762445487295));
#2895=CARTESIAN_POINT('Ctrl Pts',(9.98360238960484,25.9179753756331,2.06175526922665));
#2896=CARTESIAN_POINT('Ctrl Pts',(9.9833888340314,25.9179051060948,2.06557426545494));
#2897=CARTESIAN_POINT('Ctrl Pts',(9.98317144117839,25.9178337631948,2.06939728413851));
#2898=CARTESIAN_POINT('Ctrl Pts',(9.98289211194655,25.9177423720722,2.07418388961986));
#2899=CARTESIAN_POINT('Ctrl Pts',(9.98258217756813,25.9176416463943,2.07930267567962));
#2900=CARTESIAN_POINT('Ctrl Pts',(9.982300956488,25.9175505045161,2.08379420394765));
#2901=CARTESIAN_POINT('Ctrl Pts',(9.98205238168524,25.9174702563196,2.08765479838687));
#2902=CARTESIAN_POINT('Ctrl Pts',(9.98185974045361,25.917408417907,2.09056031080313));
#2903=CARTESIAN_POINT('Ctrl Pts',(9.98168459440421,25.9173523087355,2.09315020819057));
#2904=CARTESIAN_POINT('Ctrl Pts',(9.98155087954623,25.9173096655997,2.09509718485873));
#2905=CARTESIAN_POINT('Ctrl Pts',(9.98139101563427,25.9172588245788,2.09737678151038));
#2906=CARTESIAN_POINT('Ctrl Pts',(9.98125118618626,25.9172144752961,2.09933705507121));
#2907=CARTESIAN_POINT('Ctrl Pts',(9.98110832057461,25.9171693056018,2.10130453810143));
#2908=CARTESIAN_POINT('Ctrl Pts',(9.98086498798654,25.917092740045,2.10459726435503));
#2909=CARTESIAN_POINT('Ctrl Pts',(9.9805080194858,25.9169813467809,2.10925046262535));
#2910=CARTESIAN_POINT('Ctrl Pts',(9.98013444685593,25.9168665036583,2.11383077757811));
#2911=CARTESIAN_POINT('Ctrl Pts',(9.97986857509987,25.9167858870195,2.11694499218253));
#2912=CARTESIAN_POINT('Ctrl Pts',(9.97968615547957,25.9167308700214,2.11903995242132));
#2913=CARTESIAN_POINT('Ctrl Pts',(9.97949638671128,25.9166741797773,2.12116542252371));
#2914=CARTESIAN_POINT('Ctrl Pts',(9.97932182211267,25.91662265353,2.12306022237214));
#2915=CARTESIAN_POINT('Ctrl Pts',(9.97921917388034,25.9165925776977,2.12415456242229));
#2916=CARTESIAN_POINT('Ctrl Pts',(9.9790623007511,25.9165468484604,2.12580846728593));
#2917=CARTESIAN_POINT('Ctrl Pts',(9.97887224367701,25.9164918660101,2.12777497607486));
#2918=CARTESIAN_POINT('Ctrl Pts',(9.97866840246285,25.9164341398082,2.12980353167274));
#2919=CARTESIAN_POINT('Ctrl Pts',(9.97854696969278,25.9164002410135,2.13098400759261));
#2920=CARTESIAN_POINT('Ctrl Pts',(9.97835999446042,25.9163484950665,2.13277760983513));
#2921=CARTESIAN_POINT('Ctrl Pts',(9.97806598813329,25.9162677831441,2.13555733493291));
#2922=CARTESIAN_POINT('Ctrl Pts',(9.9777255853705,25.9161796340134,2.13855441044356));
#2923=CARTESIAN_POINT('Ctrl Pts',(9.97747316552429,25.9161170411232,2.14069321819871));
#2924=CARTESIAN_POINT('Ctrl Pts',(9.97729447297113,25.9160740561489,2.14216471035064));
#2925=CARTESIAN_POINT('Ctrl Pts',(9.97705873323746,25.9160182510866,2.1440946551121));
#2926=CARTESIAN_POINT('Ctrl Pts',(9.97678758788949,25.9159585667832,2.14619400572212));
#2927=CARTESIAN_POINT('Ctrl Pts',(9.97657653877805,25.9159144814891,2.14778543200693));
#2928=CARTESIAN_POINT('Ctrl Pts',(9.97644612467739,25.9158884621514,2.14873868663261));
#2929=CARTESIAN_POINT('Ctrl Pts',(9.97631161208044,25.9158619634353,2.14972237858185));
#2930=CARTESIAN_POINT('Ctrl Pts',(9.97612988045059,25.9158277290645,2.15101794507643));
#2931=CARTESIAN_POINT('Ctrl Pts',(9.97588868833377,25.9157847274272,2.15270144598318));
#2932=CARTESIAN_POINT('Ctrl Pts',(9.97561410092538,25.9157394276678,2.15455075985181));
#2933=CARTESIAN_POINT('Ctrl Pts',(9.97535047001123,25.9156994718666,2.15627058915374));
#2934=CARTESIAN_POINT('Ctrl Pts',(9.97513730728851,25.9156700424079,2.15760286443731));
#2935=CARTESIAN_POINT('Ctrl Pts',(9.97502290056162,25.9156549413903,2.15830671139213));
#2936=CARTESIAN_POINT('Ctrl Pts',(9.97495465683135,25.9156461872557,2.15872084570343));
#2937=CARTESIAN_POINT('Ctrl Pts',(9.97478090826118,25.9156241279901,2.1597760628588));
#2938=CARTESIAN_POINT('Ctrl Pts',(9.97445014846594,25.9155850560498,2.16173261604582));
#2939=CARTESIAN_POINT('Ctrl Pts',(9.97400655731727,25.9155400970054,2.16424504178825));
#2940=CARTESIAN_POINT('Ctrl Pts',(9.97363245078312,25.9155079402579,2.1662214391121));
#2941=CARTESIAN_POINT('Ctrl Pts',(9.97336087330293,25.9154859015125,2.16762908799476));
#2942=CARTESIAN_POINT('Ctrl Pts',(9.97281274419202,25.9154456486987,2.1703819705396));
#2943=CARTESIAN_POINT('Ctrl Pts',(9.9720779243892,25.9154012785103,2.17383656286178));
#2944=CARTESIAN_POINT('Ctrl Pts',(9.97112505955407,25.9153586477464,2.17785552453051));
#2945=CARTESIAN_POINT('Ctrl Pts',(9.97055208243101,25.9153361920528,2.18015523665232));
#2946=CARTESIAN_POINT('Ctrl Pts',(9.96986584743863,25.9153125189825,2.1827948107383));
#2947=CARTESIAN_POINT('Ctrl Pts',(9.96899607414625,25.9152871766866,2.18593147172057));
#2948=CARTESIAN_POINT('Ctrl Pts',(9.96790151629768,25.9152598324969,2.18969025170325));
#2949=CARTESIAN_POINT('Ctrl Pts',(9.96587832463685,25.9152202026804,2.1959783423501));
#2950=CARTESIAN_POINT('Ctrl Pts',(9.96343205586031,25.9151835744843,2.20298792558332));
#2951=CARTESIAN_POINT('Ctrl Pts',(9.96001012460205,25.9151521140972,2.21095284581886));
#2952=CARTESIAN_POINT('Ctrl Pts',(9.95919685017465,25.9151452777919,2.21277286774079));
#2953=CARTESIAN_POINT('Ctrl Pts',(9.9574592503845,25.9151313432531,2.21659175591349));
#2954=CARTESIAN_POINT('Ctrl Pts',(9.95387733159418,25.9151070221958,2.22394190288073));
#2955=CARTESIAN_POINT('Ctrl Pts',(9.94780569582993,25.915078656859,2.23458258559585));
#2956=CARTESIAN_POINT('Ctrl Pts',(9.94174008651664,25.9150587999247,2.24346806053964));
#2957=CARTESIAN_POINT('Ctrl Pts',(9.93826272486321,25.9150484672496,2.2483272366825));
#2958=CARTESIAN_POINT('Ctrl Pts',(9.93078291019476,25.915029444182,2.25792404918426));
#2959=CARTESIAN_POINT('Ctrl Pts',(9.91800014844518,25.9150052353295,2.27212541643885));
#2960=CARTESIAN_POINT('Ctrl Pts',(9.89549066069318,25.9149794225068,2.29017511217799));
#2961=CARTESIAN_POINT('Ctrl Pts',(9.87459718153803,25.9149633785983,2.30270623449184));
#2962=CARTESIAN_POINT('Ctrl Pts',(9.8526731907086,25.9149523803895,2.31191137815327));
#2963=CARTESIAN_POINT('Ctrl Pts',(9.83848879445071,25.9149474216496,2.31621528427939));
#2964=CARTESIAN_POINT('Ctrl Pts',(9.82835729249527,25.9149448122731,2.31851432328542));
#2965=CARTESIAN_POINT('Ctrl Pts',(9.81968069581913,25.9149428802758,2.32022625300346));
#2966=CARTESIAN_POINT('Ctrl Pts',(9.80877493735158,25.9149411973263,2.32173528411612));
#2967=CARTESIAN_POINT('Ctrl Pts',(9.7984696422188,25.9149404971301,2.32236658303336));
#2968=CARTESIAN_POINT('Ctrl Pts',(9.79282457933439,25.9149403537689,2.32249590961359));
#2969=CARTESIAN_POINT('Ctrl Pts',(9.79094140289779,25.9149403378311,2.32251029617638));
#2970=CARTESIAN_POINT('Ctrl Pts',(9.78999999989396,25.9149403378311,2.32251029617584));
#2971=CARTESIAN_POINT('Ctrl Pts',(9.85638381112176,25.8866349102882,1.83261789582348));
#2972=CARTESIAN_POINT('Ctrl Pts',(9.85635341559755,25.8866315899724,1.8335315348114));
#2973=CARTESIAN_POINT('Ctrl Pts',(9.85629246762109,25.8866247614668,1.83535884587725));
#2974=CARTESIAN_POINT('Ctrl Pts',(9.85617004693731,25.8866113144526,1.83901350128336));
#2975=CARTESIAN_POINT('Ctrl Pts',(9.85601594004665,25.8865941757564,1.84358196143792));
#2976=CARTESIAN_POINT('Ctrl Pts',(9.85582930971851,25.8865737270324,1.84906427901152));
#2977=CARTESIAN_POINT('Ctrl Pts',(9.85564087260412,25.8865529131825,1.85454682329172));
#2978=CARTESIAN_POINT('Ctrl Pts',(9.85545060950458,25.8865320111922,1.86002957310841));
#2979=CARTESIAN_POINT('Ctrl Pts',(9.85525847322796,25.8865110799422,1.86551253292329));
#2980=CARTESIAN_POINT('Ctrl Pts',(9.85506439474279,25.8864900097711,1.87099572440027));
#2981=CARTESIAN_POINT('Ctrl Pts',(9.85486829513443,25.8864686366794,1.87647918009194));
#2982=CARTESIAN_POINT('Ctrl Pts',(9.85467012725646,25.8864470909675,1.88196289596347));
#2983=CARTESIAN_POINT('Ctrl Pts',(9.85446984258925,25.8864255232411,1.88744686848187));
#2984=CARTESIAN_POINT('Ctrl Pts',(9.85426735798863,25.8864038159742,1.89293112503696));
#2985=CARTESIAN_POINT('Ctrl Pts',(9.85406259821344,25.8863819555582,1.89841568380825));
#2986=CARTESIAN_POINT('Ctrl Pts',(9.85388996476054,25.8863632762738,1.90298645849667));
#2987=CARTESIAN_POINT('Ctrl Pts',(9.85375067111572,25.8863485149452,1.90664321298618));
#2988=CARTESIAN_POINT('Ctrl Pts',(9.85361054361289,25.8863336382033,1.91030009178904));
#2989=CARTESIAN_POINT('Ctrl Pts',(9.85343380461053,25.8863149193714,1.91487141642827));
#2990=CARTESIAN_POINT('Ctrl Pts',(9.85321907806057,25.8862920974734,1.92035741464576));
#2991=CARTESIAN_POINT('Ctrl Pts',(9.85300163365773,25.8862690832414,1.92584381926379));
#2992=CARTESIAN_POINT('Ctrl Pts',(9.85278137930808,25.8862459857646,1.93133064303015));
#2993=CARTESIAN_POINT('Ctrl Pts',(9.85255818966027,25.8862226885131,1.93681792723297));
#2994=CARTESIAN_POINT('Ctrl Pts',(9.85233190742376,25.8861988846387,1.94230575430873));
#2995=CARTESIAN_POINT('Ctrl Pts',(9.85210246991836,25.8861751057972,1.94779407155922));
#2996=CARTESIAN_POINT('Ctrl Pts',(9.8518697070967,25.8861510846149,1.95328296136561));
#2997=CARTESIAN_POINT('Ctrl Pts',(9.85163346146706,25.8861267359138,1.95877247661125));
#2998=CARTESIAN_POINT('Ctrl Pts',(9.8514202060591,25.8861046233101,1.96365267732289));
#2999=CARTESIAN_POINT('Ctrl Pts',(9.85125815591364,25.8860879354376,1.96731321607448));
#3000=CARTESIAN_POINT('Ctrl Pts',(9.85114926464914,25.8860768730797,1.9697537206882));
#3001=CARTESIAN_POINT('Ctrl Pts',(9.85103977955776,25.8860657516656,1.97219434295535));
#3002=CARTESIAN_POINT('Ctrl Pts',(9.85090179484976,25.8860517637423,1.97524534298139));
#3003=CARTESIAN_POINT('Ctrl Pts',(9.85073434313052,25.8860348056158,1.97890692415479));
#3004=CARTESIAN_POINT('Ctrl Pts',(9.8505649314231,25.8860174676856,1.98256894952388));
#3005=CARTESIAN_POINT('Ctrl Pts',(9.85039354743569,25.8860001894192,1.98623135105207));
#3006=CARTESIAN_POINT('Ctrl Pts',(9.85022009740513,25.8859827986194,1.98989419771528));
#3007=CARTESIAN_POINT('Ctrl Pts',(9.85004449704441,25.8859652224356,1.99355750768338));
#3008=CARTESIAN_POINT('Ctrl Pts',(9.84986663530083,25.8859472479241,1.99722141611739));
#3009=CARTESIAN_POINT('Ctrl Pts',(9.84968649049745,25.885929325689,2.00088571307437));
#3010=CARTESIAN_POINT('Ctrl Pts',(9.84950392055871,25.8859111926229,2.00455081767704));
#3011=CARTESIAN_POINT('Ctrl Pts',(9.84931885971473,25.8858927602415,2.00821591994797));
#3012=CARTESIAN_POINT('Ctrl Pts',(9.84916221978308,25.8858771052002,2.01127522089684));
#3013=CARTESIAN_POINT('Ctrl Pts',(9.84903542475521,25.8858646868739,2.01372569641597));
#3014=CARTESIAN_POINT('Ctrl Pts',(9.84890759192398,25.8858521321248,2.01617825883035));
#3015=CARTESIAN_POINT('Ctrl Pts',(9.84874582770613,25.8858362956282,2.01924785165696));
#3016=CARTESIAN_POINT('Ctrl Pts',(9.84854838061385,25.8858167646714,2.02293750546519));
#3017=CARTESIAN_POINT('Ctrl Pts',(9.84834753948529,25.8857972390603,2.02663280548625));
#3018=CARTESIAN_POINT('Ctrl Pts',(9.84814313246205,25.8857774564193,2.03033331873171));
#3019=CARTESIAN_POINT('Ctrl Pts',(9.84793500815137,25.8857573405213,2.03403842470018));
#3020=CARTESIAN_POINT('Ctrl Pts',(9.84772298645679,25.8857366634331,2.03774745856343));
#3021=CARTESIAN_POINT('Ctrl Pts',(9.84750698215956,25.8857159666067,2.0414594356224));
#3022=CARTESIAN_POINT('Ctrl Pts',(9.84728679157812,25.8856950130399,2.04517356584557));
#3023=CARTESIAN_POINT('Ctrl Pts',(9.84706220850954,25.885673654072,2.04888900053869));
#3024=CARTESIAN_POINT('Ctrl Pts',(9.84679482279459,25.885648237608,2.05322418458168));
#3025=CARTESIAN_POINT('Ctrl Pts',(9.84653995065712,25.8856237553096,2.05724924109869));
#3026=CARTESIAN_POINT('Ctrl Pts',(9.8462988720608,25.88560123945,2.06096267547505));
#3027=CARTESIAN_POINT('Ctrl Pts',(9.84605366535052,25.8855782815357,2.06467461126235));
#3028=CARTESIAN_POINT('Ctrl Pts',(9.84573910937258,25.8855490414939,2.06931094122482));
#3029=CARTESIAN_POINT('Ctrl Pts',(9.84539079583775,25.8855163151675,2.07425045321459));
#3030=CARTESIAN_POINT('Ctrl Pts',(9.84507570538015,25.8854874767872,2.07856759866768));
#3031=CARTESIAN_POINT('Ctrl Pts',(9.84479786059562,25.8854622593493,2.08226507473194));
#3032=CARTESIAN_POINT('Ctrl Pts',(9.84458302173734,25.8854426615243,2.08503659991414));
#3033=CARTESIAN_POINT('Ctrl Pts',(9.84438816588043,25.8854251955899,2.08749948132822));
#3034=CARTESIAN_POINT('Ctrl Pts',(9.84423951392061,25.8854116493996,2.08934661499178));
#3035=CARTESIAN_POINT('Ctrl Pts',(9.84406229072787,25.8853957365491,2.09150153068906));
#3036=CARTESIAN_POINT('Ctrl Pts',(9.8439075565655,25.8853819531674,2.09334890097412));
#3037=CARTESIAN_POINT('Ctrl Pts',(9.84374991246362,25.8853680259898,2.0951967116327));
#3038=CARTESIAN_POINT('Ctrl Pts',(9.8434814900537,25.8853440387228,2.0982785425692));
#3039=CARTESIAN_POINT('Ctrl Pts',(9.84309018544434,25.8853092993255,2.10259852465777));
#3040=CARTESIAN_POINT('Ctrl Pts',(9.84268309939862,25.8852735083926,2.10678418818561));
#3041=CARTESIAN_POINT('Ctrl Pts',(9.84239644572427,25.8852487028355,2.1095886867404));
#3042=CARTESIAN_POINT('Ctrl Pts',(9.84220137056524,25.885232191811,2.11146214120378));
#3043=CARTESIAN_POINT('Ctrl Pts',(9.8419976524508,25.8852146646136,2.11334520939447));
#3044=CARTESIAN_POINT('Ctrl Pts',(9.84181204556887,25.8851989308117,2.11500176811012));
#3045=CARTESIAN_POINT('Ctrl Pts',(9.84170411676768,25.8851899219746,2.11595078500685));
#3046=CARTESIAN_POINT('Ctrl Pts',(9.84153986536798,25.8851762544539,2.11737745897758));
#3047=CARTESIAN_POINT('Ctrl Pts',(9.84133701332687,25.8851591706165,2.11905630997229));
#3048=CARTESIAN_POINT('Ctrl Pts',(9.84112410762025,25.8851415822568,2.12075046573787));
#3049=CARTESIAN_POINT('Ctrl Pts',(9.84100013360341,25.8851314959799,2.1217227335883));
#3050=CARTESIAN_POINT('Ctrl Pts',(9.84081058447772,25.8851161373541,2.12318702611894));
#3051=CARTESIAN_POINT('Ctrl Pts',(9.84049867373939,25.8850908965919,2.12542170715167));
#3052=CARTESIAN_POINT('Ctrl Pts',(9.84016476129876,25.8850647285847,2.12770295849025));
#3053=CARTESIAN_POINT('Ctrl Pts',(9.83992057335697,25.8850459676049,2.12926408172671));
#3054=CARTESIAN_POINT('Ctrl Pts',(9.83975693386001,25.8850334715449,2.13031152420898));
#3055=CARTESIAN_POINT('Ctrl Pts',(9.8395291792126,25.8850165160351,2.13165713708494));
#3056=CARTESIAN_POINT('Ctrl Pts',(9.83929231686965,25.8849991214811,2.13303564797133));
#3057=CARTESIAN_POINT('Ctrl Pts',(9.83910961214037,25.8849860963745,2.13403585779943));
#3058=CARTESIAN_POINT('Ctrl Pts',(9.83900486584318,25.8849786312311,2.13461430827917));
#3059=CARTESIAN_POINT('Ctrl Pts',(9.83889275547804,25.8849708391013,2.13520489408385));
#3060=CARTESIAN_POINT('Ctrl Pts',(9.83874898558634,25.8849609035001,2.13595696899683));
#3061=CARTESIAN_POINT('Ctrl Pts',(9.83856003083065,25.884948304777,2.13689618734817));
#3062=CARTESIAN_POINT('Ctrl Pts',(9.83835849306654,25.8849351473604,2.13787460083731));
#3063=CARTESIAN_POINT('Ctrl Pts',(9.8381722784815,25.8849235087597,2.13873718528282));
#3064=CARTESIAN_POINT('Ctrl Pts',(9.83803644834827,25.8849151470555,2.13936762499909));
#3065=CARTESIAN_POINT('Ctrl Pts',(9.83796500370948,25.8849108508805,2.13969259937927));
#3066=CARTESIAN_POINT('Ctrl Pts',(9.83792401948883,25.884908387468,2.13988044948554));
#3067=CARTESIAN_POINT('Ctrl Pts',(9.83781697056235,25.884902093079,2.14035790681606));
#3068=CARTESIAN_POINT('Ctrl Pts',(9.83762203305471,25.8848909695669,2.14120957905785));
#3069=CARTESIAN_POINT('Ctrl Pts',(9.83736342777236,25.8848777503157,2.14223674922404));
#3070=CARTESIAN_POINT('Ctrl Pts',(9.83717887676695,25.884868689155,2.14298422836384));
#3071=CARTESIAN_POINT('Ctrl Pts',(9.83704842599313,25.884862481001,2.14350499046026));
#3072=CARTESIAN_POINT('Ctrl Pts',(9.83678708033613,25.8848509199957,2.14449673028616));
#3073=CARTESIAN_POINT('Ctrl Pts',(9.83647486117228,25.8848384194487,2.1456557912634));
#3074=CARTESIAN_POINT('Ctrl Pts',(9.83611473623646,25.8848264705667,2.14691046096024));
#3075=CARTESIAN_POINT('Ctrl Pts',(9.83590981953108,25.8848202398197,2.14760772544197));
#3076=CARTESIAN_POINT('Ctrl Pts',(9.83567348360583,25.8848136797295,2.14838884618166));
#3077=CARTESIAN_POINT('Ctrl Pts',(9.83538507594114,25.8848066327587,2.1492953868894));
#3078=CARTESIAN_POINT('Ctrl Pts',(9.83503826738067,25.8847991004446,2.15035425496183));
#3079=CARTESIAN_POINT('Ctrl Pts',(9.83442798384704,25.8847882179918,2.1520813803361));
#3080=CARTESIAN_POINT('Ctrl Pts',(9.83371972258836,25.8847781630234,2.15395527684544));
#3081=CARTESIAN_POINT('Ctrl Pts',(9.83278780398683,25.8847696230983,2.15602507010714));
#3082=CARTESIAN_POINT('Ctrl Pts',(9.83256845632772,25.8847677758547,2.15649591310933));
#3083=CARTESIAN_POINT('Ctrl Pts',(9.83210104987263,25.8847640039755,2.15748223757435));
#3084=CARTESIAN_POINT('Ctrl Pts',(9.83114981816342,25.884757441,2.1593677506526));
#3085=CARTESIAN_POINT('Ctrl Pts',(9.82957040167578,25.8847498072802,2.16206800454291));
#3086=CARTESIAN_POINT('Ctrl Pts',(9.82801604512749,25.8847445046029,2.16430734392257));
#3087=CARTESIAN_POINT('Ctrl Pts',(9.82712786737138,25.8847417526825,2.16552990896229));
#3088=CARTESIAN_POINT('Ctrl Pts',(9.82522535460095,25.8847366970744,2.16793965710608));
#3089=CARTESIAN_POINT('Ctrl Pts',(9.82199421845897,25.884730287694,2.17149327479048));
#3090=CARTESIAN_POINT('Ctrl Pts',(9.81634374356481,25.8847235107325,2.17599546799568));
#3091=CARTESIAN_POINT('Ctrl Pts',(9.81111487810816,25.8847193181743,2.17911653004891));
#3092=CARTESIAN_POINT('Ctrl Pts',(9.80563770235377,25.884716454266,2.18140737113621));
#3093=CARTESIAN_POINT('Ctrl Pts',(9.80209685713997,25.8847151653633,2.18247806320082));
#3094=CARTESIAN_POINT('Ctrl Pts',(9.79956861359107,25.8847144876331,2.18304991646295));
#3095=CARTESIAN_POINT('Ctrl Pts',(9.79740368267387,25.8847139860818,2.18347570590132));
#3096=CARTESIAN_POINT('Ctrl Pts',(9.79468306212234,25.8847135492316,2.18385100091024));
#3097=CARTESIAN_POINT('Ctrl Pts',(9.79211256657563,25.8847133674163,2.18400800298321));
#3098=CARTESIAN_POINT('Ctrl Pts',(9.79070452688516,25.8847133301673,2.18404016729588));
#3099=CARTESIAN_POINT('Ctrl Pts',(9.79023481077965,25.8847133260074,2.18404374637042));
#3100=CARTESIAN_POINT('Ctrl Pts',(9.78999999997342,25.8847133260074,2.18404374637029));
#3101=CARTESIAN_POINT('Ctrl Pts',(9.81095549773453,25.8850733772551,1.83184580429434));
#3102=CARTESIAN_POINT('Ctrl Pts',(9.81092428733108,25.8850723044423,1.8327582864058));
#3103=CARTESIAN_POINT('Ctrl Pts',(9.81086172694805,25.8850701588178,1.83458324966991));
#3104=CARTESIAN_POINT('Ctrl Pts',(9.81073604027866,25.8850658675734,1.83823317229807));
#3105=CARTESIAN_POINT('Ctrl Pts',(9.81057785646174,25.8850605035267,1.84279556814659));
#3106=CARTESIAN_POINT('Ctrl Pts',(9.81038626712468,25.8850540666852,1.84827043084028));
#3107=CARTESIAN_POINT('Ctrl Pts',(9.81019285867614,25.8850476298587,1.8537452807468));
#3108=CARTESIAN_POINT('Ctrl Pts',(9.8099975784074,25.8850411930478,1.85922011736657));
#3109=CARTESIAN_POINT('Ctrl Pts',(9.80980037092946,25.8850347562532,1.86469494015759));
#3110=CARTESIAN_POINT('Ctrl Pts',(9.80960117814334,25.8850283194755,1.87016974853467));
#3111=CARTESIAN_POINT('Ctrl Pts',(9.80939993889931,25.8850218827155,1.87564454186359));
#3112=CARTESIAN_POINT('Ctrl Pts',(9.80919658893428,25.885015445974,1.88111931945978));
#3113=CARTESIAN_POINT('Ctrl Pts',(9.8089910604358,25.8850090092519,1.88659408058093));
#3114=CARTESIAN_POINT('Ctrl Pts',(9.8087832819886,25.8850025725501,1.89206882442575));
#3115=CARTESIAN_POINT('Ctrl Pts',(9.80857317810385,25.8849961358696,1.89754355012597));
#3116=CARTESIAN_POINT('Ctrl Pts',(9.80839608725035,25.8849907719879,1.90210580564072));
#3117=CARTESIAN_POINT('Ctrl Pts',(9.80825316971784,25.8849864808944,1.90575560000199));
#3118=CARTESIAN_POINT('Ctrl Pts',(9.80810940743541,25.8849821898089,1.90940538748054));
#3119=CARTESIAN_POINT('Ctrl Pts',(9.80792809261454,25.8849768259677,1.91396760857808));
#3120=CARTESIAN_POINT('Ctrl Pts',(9.807707840729,25.8849703893845,1.91944225150201));
#3121=CARTESIAN_POINT('Ctrl Pts',(9.8074848138328,25.8849639528292,1.92491687074102));
#3122=CARTESIAN_POINT('Ctrl Pts',(9.80725890437376,25.8849575163034,1.93039146489143));
#3123=CARTESIAN_POINT('Ctrl Pts',(9.80702999782886,25.8849510798089,1.93586603243238));
#3124=CARTESIAN_POINT('Ctrl Pts',(9.80679797171908,25.8849446433476,1.94134057170793));
#3125=CARTESIAN_POINT('Ctrl Pts',(9.80656269517418,25.8849382069216,1.94681508092109));
#3126=CARTESIAN_POINT('Ctrl Pts',(9.80632402775789,25.8849317705333,1.95228955811334));
#3127=CARTESIAN_POINT('Ctrl Pts',(9.80608181871356,25.8849253341852,1.9577640011423));
#3128=CARTESIAN_POINT('Ctrl Pts',(9.80586322937388,25.884919613025,1.96263014028737));
#3129=CARTESIAN_POINT('Ctrl Pts',(9.80569713229079,25.8849153221804,1.96627972291167));
#3130=CARTESIAN_POINT('Ctrl Pts',(9.80558551097443,25.8849124616279,1.96871276897628));
#3131=CARTESIAN_POINT('Ctrl Pts',(9.80547328674301,25.8849096010829,1.97114580869648));
#3132=CARTESIAN_POINT('Ctrl Pts',(9.80533185760815,25.8849060254152,1.97418709682171));
#3133=CARTESIAN_POINT('Ctrl Pts',(9.80516024295803,25.8849017346385,1.97783662167219));
#3134=CARTESIAN_POINT('Ctrl Pts',(9.80498666327856,25.8848974438842,1.98148612749647));
#3135=CARTESIAN_POINT('Ctrl Pts',(9.804811049865,25.8848931531611,1.98513560675118));
#3136=CARTESIAN_POINT('Ctrl Pts',(9.80463332891797,25.8848888624552,1.98878507139941));
#3137=CARTESIAN_POINT('Ctrl Pts',(9.80445342415619,25.8848845717985,1.99243449424017));
#3138=CARTESIAN_POINT('Ctrl Pts',(9.80427124979192,25.8848802811191,1.99608393630571));
#3139=CARTESIAN_POINT('Ctrl Pts',(9.80408672571326,25.8848759905919,1.99973324897287));
#3140=CARTESIAN_POINT('Ctrl Pts',(9.80389974084479,25.8848716998312,2.00338276020605));
#3141=CARTESIAN_POINT('Ctrl Pts',(9.80371024114138,25.8848674098621,2.00703159819487));
#3142=CARTESIAN_POINT('Ctrl Pts',(9.80354987706292,25.8848638296825,2.01007672389559));
#3143=CARTESIAN_POINT('Ctrl Pts',(9.80342005001088,25.8848609623613,2.01251552716042));
#3144=CARTESIAN_POINT('Ctrl Pts',(9.80328917647589,25.8848580929168,2.01495613630132));
#3145=CARTESIAN_POINT('Ctrl Pts',(9.80312357964585,25.8848545021434,2.0180102725629));
#3146=CARTESIAN_POINT('Ctrl Pts',(9.80292152041478,25.8848501871339,2.02168040868267));
#3147=CARTESIAN_POINT('Ctrl Pts',(9.80271598249863,25.8848458665362,2.02535529786086));
#3148=CARTESIAN_POINT('Ctrl Pts',(9.80250682785272,25.8848415410365,2.02903435639525));
#3149=CARTESIAN_POINT('Ctrl Pts',(9.80229391411381,25.8848372114829,2.03271686299702));
#3150=CARTESIAN_POINT('Ctrl Pts',(9.80207709189204,25.8848328788567,2.03640198304152));
#3151=CARTESIAN_POINT('Ctrl Pts',(9.80185620294192,25.8848285442412,2.04008879506814));
#3152=CARTESIAN_POINT('Ctrl Pts',(9.80163107608329,25.8848242087955,2.0437763132031));
#3153=CARTESIAN_POINT('Ctrl Pts',(9.80140152565232,25.8848198737259,2.04746351142863));
#3154=CARTESIAN_POINT('Ctrl Pts',(9.80112831400478,25.8848148180079,2.05176365795313));
#3155=CARTESIAN_POINT('Ctrl Pts',(9.8008680409201,25.8848101272276,2.05575340628115));
#3156=CARTESIAN_POINT('Ctrl Pts',(9.80062187453603,25.8848058024052,2.05943188883221));
#3157=CARTESIAN_POINT('Ctrl Pts',(9.80037158495587,25.8848014815949,2.06310695876389));
#3158=CARTESIAN_POINT('Ctrl Pts',(9.80005064463455,25.8847960891947,2.06769347070608));
#3159=CARTESIAN_POINT('Ctrl Pts',(9.79969561801138,25.8847903521514,2.072573119259));
#3160=CARTESIAN_POINT('Ctrl Pts',(9.79937460424791,25.8847853444106,2.07683245872999));
#3161=CARTESIAN_POINT('Ctrl Pts',(9.79909171363187,25.8847810607604,2.08047592212044));
#3162=CARTESIAN_POINT('Ctrl Pts',(9.79887319723294,25.8847778546624,2.08320287233801));
#3163=CARTESIAN_POINT('Ctrl Pts',(9.79867506609115,25.8847750084366,2.08562373287827));
#3164=CARTESIAN_POINT('Ctrl Pts',(9.79852406766628,25.8847728759298,2.08743753887467));
#3165=CARTESIAN_POINT('Ctrl Pts',(9.79834411016358,25.8847703910482,2.08955105769937));
#3166=CARTESIAN_POINT('Ctrl Pts',(9.79818710369343,25.884768263155,2.09136093958923));
#3167=CARTESIAN_POINT('Ctrl Pts',(9.79802717582548,25.8847661371772,2.09316919233185));
#3168=CARTESIAN_POINT('Ctrl Pts',(9.79775543473852,25.8847625968655,2.09618040834139));
#3169=CARTESIAN_POINT('Ctrl Pts',(9.79735956729959,25.8847576482402,2.10038946707138));
#3170=CARTESIAN_POINT('Ctrl Pts',(9.79695031384145,25.8847528840807,2.1044416282081));
#3171=CARTESIAN_POINT('Ctrl Pts',(9.79666282359782,25.8847497091699,2.10714205209715));
#3172=CARTESIAN_POINT('Ctrl Pts',(9.79646693308832,25.8847475927125,2.10894220737445));
#3173=CARTESIAN_POINT('Ctrl Pts',(9.79626428727784,25.8847454762475,2.11074236901352));
#3174=CARTESIAN_POINT('Ctrl Pts',(9.79608009220888,25.8847436238818,2.11231790071691));
#3175=CARTESIAN_POINT('Ctrl Pts',(9.79597270371426,25.8847425651886,2.11321837332968));
#3176=CARTESIAN_POINT('Ctrl Pts',(9.79580938875087,25.8847409769169,2.11456927958275));
#3177=CARTESIAN_POINT('Ctrl Pts',(9.79561211104619,25.8847391231559,2.11614599807511));
#3178=CARTESIAN_POINT('Ctrl Pts',(9.79540510048812,25.8847372679887,2.11772391256248));
#3179=CARTESIAN_POINT('Ctrl Pts',(9.79528372321625,25.8847362074269,2.1186259746109));
#3180=CARTESIAN_POINT('Ctrl Pts',(9.79509840255844,25.8847346160872,2.11997949030297));
#3181=CARTESIAN_POINT('Ctrl Pts',(9.79480761557623,25.8847322270973,2.12201144835262));
#3182=CARTESIAN_POINT('Ctrl Pts',(9.79449100158245,25.8847298343302,2.12404661913241));
#3183=CARTESIAN_POINT('Ctrl Pts',(9.79426571657236,25.8847282374902,2.12540481310541));
#3184=CARTESIAN_POINT('Ctrl Pts',(9.79411136275874,25.8847271725031,2.12631063906772));
#3185=CARTESIAN_POINT('Ctrl Pts',(9.79391003287743,25.8847258404811,2.12744359191902));
#3186=CARTESIAN_POINT('Ctrl Pts',(9.79369534038794,25.8847245075395,2.12857732682864));
#3187=CARTESIAN_POINT('Ctrl Pts',(9.79353647071173,25.8847235741383,2.12937123231253));
#3188=CARTESIAN_POINT('Ctrl Pts',(9.79344292540788,25.8847230407025,2.12982494666053));
#3189=CARTESIAN_POINT('Ctrl Pts',(9.79334743200597,25.8847225072367,2.13027868664197));
#3190=CARTESIAN_POINT('Ctrl Pts',(9.79322417800059,25.8847218403759,2.13084588584828));
#3191=CARTESIAN_POINT('Ctrl Pts',(9.7930691908961,25.8847210402075,2.13152646997478));
#3192=CARTESIAN_POINT('Ctrl Pts',(9.79290602146499,25.8847202402533,2.13220687188858));
#3193=CARTESIAN_POINT('Ctrl Pts',(9.79276206065854,25.8847195739706,2.13277357934853));
#3194=CARTESIAN_POINT('Ctrl Pts',(9.7926562713379,25.8847191078772,2.13317001563019));
#3195=CARTESIAN_POINT('Ctrl Pts',(9.79260198835645,25.8847188749272,2.13336815150366));
#3196=CARTESIAN_POINT('Ctrl Pts',(9.79257055226859,25.8847187418437,2.13348134579499));
#3197=CARTESIAN_POINT('Ctrl Pts',(9.79249124639209,25.8847184091894,2.13376428524347));
#3198=CARTESIAN_POINT('Ctrl Pts',(9.79235084080761,25.8847178441123,2.13424491224372));
#3199=CARTESIAN_POINT('Ctrl Pts',(9.7921889650607,25.8847172470335,2.1347527581093));
#3200=CARTESIAN_POINT('Ctrl Pts',(9.79207374535143,25.8847168497891,2.13509063476439));
#3201=CARTESIAN_POINT('Ctrl Pts',(9.79199482040888,25.8847165851944,2.1353156860853));
#3202=CARTESIAN_POINT('Ctrl Pts',(9.79185056644186,25.8847161229129,2.13570888000229));
#3203=CARTESIAN_POINT('Ctrl Pts',(9.79169216534182,25.8847156623192,2.13610063847526));
#3204=CARTESIAN_POINT('Ctrl Pts',(9.79154067390282,25.8847152697916,2.13643450318319));
#3205=CARTESIAN_POINT('Ctrl Pts',(9.79146111413013,25.8847150739378,2.13660108685963));
#3206=CARTESIAN_POINT('Ctrl Pts',(9.79137745235865,25.8847148790174,2.13676687661533));
#3207=CARTESIAN_POINT('Ctrl Pts',(9.79128815507453,25.8847146836949,2.13693300832529));
#3208=CARTESIAN_POINT('Ctrl Pts',(9.79119224218637,25.8847144881828,2.13709930141602));
#3209=CARTESIAN_POINT('Ctrl Pts',(9.79105404940022,25.8847142295696,2.13731926513776));
#3210=CARTESIAN_POINT('Ctrl Pts',(9.79092747598231,25.8847140237035,2.13749436475077));
#3211=CARTESIAN_POINT('Ctrl Pts',(9.79082053486894,25.8847138776097,2.13761862502017));
#3212=CARTESIAN_POINT('Ctrl Pts',(9.79079737623001,25.8847138470215,2.13764464184864));
#3213=CARTESIAN_POINT('Ctrl Pts',(9.79075025557308,25.8847137860995,2.1376964591413));
#3214=CARTESIAN_POINT('Ctrl Pts',(9.79066855564079,25.8847136884104,2.13777954878115));
#3215=CARTESIAN_POINT('Ctrl Pts',(9.79057471977157,25.8847135944741,2.13785944646236));
#3216=CARTESIAN_POINT('Ctrl Pts',(9.79050957791893,25.8847135386818,2.13790690075413));
#3217=CARTESIAN_POINT('Ctrl Pts',(9.79047575503896,25.8847135111147,2.13793034795024));
#3218=CARTESIAN_POINT('Ctrl Pts',(9.79041340857929,25.8847134641999,2.13797025138769));
#3219=CARTESIAN_POINT('Ctrl Pts',(9.79033406319084,25.8847134148022,2.13801226672154));
#3220=CARTESIAN_POINT('Ctrl Pts',(9.79024392919803,25.8847133733858,2.13804749351778));
#3221=CARTESIAN_POINT('Ctrl Pts',(9.79018110823228,25.8847133518887,2.1380657778979));
#3222=CARTESIAN_POINT('Ctrl Pts',(9.79012755134393,25.8847133388876,2.13807683592603));
#3223=CARTESIAN_POINT('Ctrl Pts',(9.79009651564739,25.8847133334318,2.13808147636569));
#3224=CARTESIAN_POINT('Ctrl Pts',(9.79007548739964,25.8847133306477,2.13808384441083));
#3225=CARTESIAN_POINT('Ctrl Pts',(9.79005779511169,25.8847133286109,2.13808557684695));
#3226=CARTESIAN_POINT('Ctrl Pts',(9.790036251531,25.8847133268806,2.13808704849724));
#3227=CARTESIAN_POINT('Ctrl Pts',(9.79001632041776,25.884713326169,2.13808765373433));
#3228=CARTESIAN_POINT('Ctrl Pts',(9.79000544015579,25.8847133260235,2.13808777751216));
#3229=CARTESIAN_POINT('Ctrl Pts',(9.79000181315837,25.8847133260074,2.13808779127141));
#3230=CARTESIAN_POINT('Ctrl Pts',(9.78999999999979,25.8847133260074,2.13808779127141));
#3231=CARTESIAN_POINT('',(9.81078224594426,25.8850674466204,1.83689011217309));
#3232=CARTESIAN_POINT('Ctrl Pts',(9.78999999999979,25.8847133260074,2.13808779127141));
#3233=CARTESIAN_POINT('Ctrl Pts',(9.79000181315837,25.8847133260074,2.13808779127141));
#3234=CARTESIAN_POINT('Ctrl Pts',(9.79000544015579,25.8847133260235,2.13808777751216));
#3235=CARTESIAN_POINT('Ctrl Pts',(9.79001632041776,25.884713326169,2.13808765373433));
#3236=CARTESIAN_POINT('Ctrl Pts',(9.790036251531,25.8847133268806,2.13808704849724));
#3237=CARTESIAN_POINT('Ctrl Pts',(9.79005779511169,25.8847133286109,2.13808557684695));
#3238=CARTESIAN_POINT('Ctrl Pts',(9.79007548739964,25.8847133306477,2.13808384441083));
#3239=CARTESIAN_POINT('Ctrl Pts',(9.79009651564739,25.8847133334318,2.13808147636569));
#3240=CARTESIAN_POINT('Ctrl Pts',(9.79012755134393,25.8847133388876,2.13807683592603));
#3241=CARTESIAN_POINT('Ctrl Pts',(9.79018110823228,25.8847133518887,2.1380657778979));
#3242=CARTESIAN_POINT('Ctrl Pts',(9.79024392919803,25.8847133733858,2.13804749351778));
#3243=CARTESIAN_POINT('Ctrl Pts',(9.79033406319084,25.8847134148022,2.13801226672154));
#3244=CARTESIAN_POINT('Ctrl Pts',(9.79041340857929,25.8847134641999,2.13797025138769));
#3245=CARTESIAN_POINT('Ctrl Pts',(9.79047575503896,25.8847135111147,2.13793034795024));
#3246=CARTESIAN_POINT('Ctrl Pts',(9.79050957791893,25.8847135386818,2.13790690075413));
#3247=CARTESIAN_POINT('Ctrl Pts',(9.79057471977157,25.8847135944741,2.13785944646236));
#3248=CARTESIAN_POINT('Ctrl Pts',(9.79066855564079,25.8847136884104,2.13777954878115));
#3249=CARTESIAN_POINT('Ctrl Pts',(9.79075025557308,25.8847137860995,2.1376964591413));
#3250=CARTESIAN_POINT('Ctrl Pts',(9.79079737623001,25.8847138470215,2.13764464184864));
#3251=CARTESIAN_POINT('Ctrl Pts',(9.79082053486894,25.8847138776097,2.13761862502017));
#3252=CARTESIAN_POINT('Ctrl Pts',(9.79092747598231,25.8847140237035,2.13749436475077));
#3253=CARTESIAN_POINT('Ctrl Pts',(9.79105404940022,25.8847142295696,2.13731926513776));
#3254=CARTESIAN_POINT('Ctrl Pts',(9.79119224218637,25.8847144881828,2.13709930141602));
#3255=CARTESIAN_POINT('Ctrl Pts',(9.79128815507453,25.8847146836949,2.13693300832529));
#3256=CARTESIAN_POINT('Ctrl Pts',(9.79137745235865,25.8847148790174,2.13676687661533));
#3257=CARTESIAN_POINT('Ctrl Pts',(9.79146111413013,25.8847150739378,2.13660108685963));
#3258=CARTESIAN_POINT('Ctrl Pts',(9.79154067390282,25.8847152697916,2.13643450318319));
#3259=CARTESIAN_POINT('Ctrl Pts',(9.79169216534182,25.8847156623192,2.13610063847526));
#3260=CARTESIAN_POINT('Ctrl Pts',(9.79185056644186,25.8847161229129,2.13570888000229));
#3261=CARTESIAN_POINT('Ctrl Pts',(9.79199482040888,25.8847165851944,2.1353156860853));
#3262=CARTESIAN_POINT('Ctrl Pts',(9.79207374535143,25.8847168497891,2.13509063476439));
#3263=CARTESIAN_POINT('Ctrl Pts',(9.7921889650607,25.8847172470335,2.1347527581093));
#3264=CARTESIAN_POINT('Ctrl Pts',(9.79235084080761,25.8847178441123,2.13424491224372));
#3265=CARTESIAN_POINT('Ctrl Pts',(9.79249124639209,25.8847184091894,2.13376428524347));
#3266=CARTESIAN_POINT('Ctrl Pts',(9.79257055226859,25.8847187418437,2.13348134579499));
#3267=CARTESIAN_POINT('Ctrl Pts',(9.79260198835645,25.8847188749272,2.13336815150366));
#3268=CARTESIAN_POINT('Ctrl Pts',(9.7926562713379,25.8847191078772,2.13317001563019));
#3269=CARTESIAN_POINT('Ctrl Pts',(9.79276206065854,25.8847195739706,2.13277357934853));
#3270=CARTESIAN_POINT('Ctrl Pts',(9.79290602146499,25.8847202402533,2.13220687188858));
#3271=CARTESIAN_POINT('Ctrl Pts',(9.7930691908961,25.8847210402075,2.13152646997478));
#3272=CARTESIAN_POINT('Ctrl Pts',(9.79322417800059,25.8847218403759,2.13084588584828));
#3273=CARTESIAN_POINT('Ctrl Pts',(9.79334743200597,25.8847225072367,2.13027868664197));
#3274=CARTESIAN_POINT('Ctrl Pts',(9.79344292540788,25.8847230407025,2.12982494666053));
#3275=CARTESIAN_POINT('Ctrl Pts',(9.79353647071173,25.8847235741383,2.12937123231253));
#3276=CARTESIAN_POINT('Ctrl Pts',(9.79369534038794,25.8847245075395,2.12857732682864));
#3277=CARTESIAN_POINT('Ctrl Pts',(9.79391003287743,25.8847258404811,2.12744359191902));
#3278=CARTESIAN_POINT('Ctrl Pts',(9.79411136275874,25.8847271725031,2.12631063906772));
#3279=CARTESIAN_POINT('Ctrl Pts',(9.79426571657236,25.8847282374902,2.12540481310541));
#3280=CARTESIAN_POINT('Ctrl Pts',(9.79449100158245,25.8847298343302,2.12404661913241));
#3281=CARTESIAN_POINT('Ctrl Pts',(9.79480761557623,25.8847322270973,2.12201144835262));
#3282=CARTESIAN_POINT('Ctrl Pts',(9.79509840255844,25.8847346160872,2.11997949030297));
#3283=CARTESIAN_POINT('Ctrl Pts',(9.79528372321625,25.8847362074269,2.1186259746109));
#3284=CARTESIAN_POINT('Ctrl Pts',(9.79540510048812,25.8847372679887,2.11772391256248));
#3285=CARTESIAN_POINT('Ctrl Pts',(9.79561211104619,25.8847391231559,2.11614599807511));
#3286=CARTESIAN_POINT('Ctrl Pts',(9.79580938875087,25.8847409769169,2.11456927958275));
#3287=CARTESIAN_POINT('Ctrl Pts',(9.79597270371426,25.8847425651886,2.11321837332968));
#3288=CARTESIAN_POINT('Ctrl Pts',(9.79608009220888,25.8847436238818,2.11231790071691));
#3289=CARTESIAN_POINT('Ctrl Pts',(9.79626428727784,25.8847454762475,2.11074236901352));
#3290=CARTESIAN_POINT('Ctrl Pts',(9.79646693308832,25.8847475927125,2.10894220737445));
#3291=CARTESIAN_POINT('Ctrl Pts',(9.79666282359782,25.8847497091699,2.10714205209715));
#3292=CARTESIAN_POINT('Ctrl Pts',(9.79695031384145,25.8847528840807,2.1044416282081));
#3293=CARTESIAN_POINT('Ctrl Pts',(9.79735956729959,25.8847576482402,2.10038946707138));
#3294=CARTESIAN_POINT('Ctrl Pts',(9.79775543473852,25.8847625968655,2.09618040834139));
#3295=CARTESIAN_POINT('Ctrl Pts',(9.79802717582548,25.8847661371772,2.09316919233185));
#3296=CARTESIAN_POINT('Ctrl Pts',(9.79818710369343,25.884768263155,2.09136093958923));
#3297=CARTESIAN_POINT('Ctrl Pts',(9.79834411016358,25.8847703910482,2.08955105769937));
#3298=CARTESIAN_POINT('Ctrl Pts',(9.79852406766628,25.8847728759298,2.08743753887467));
#3299=CARTESIAN_POINT('Ctrl Pts',(9.79867506609115,25.8847750084366,2.08562373287827));
#3300=CARTESIAN_POINT('Ctrl Pts',(9.79887319723294,25.8847778546624,2.08320287233801));
#3301=CARTESIAN_POINT('Ctrl Pts',(9.79909171363187,25.8847810607604,2.08047592212044));
#3302=CARTESIAN_POINT('Ctrl Pts',(9.79937460424791,25.8847853444106,2.07683245872999));
#3303=CARTESIAN_POINT('Ctrl Pts',(9.79969561801138,25.8847903521514,2.072573119259));
#3304=CARTESIAN_POINT('Ctrl Pts',(9.80005064463455,25.8847960891947,2.06769347070608));
#3305=CARTESIAN_POINT('Ctrl Pts',(9.80037158495587,25.8848014815949,2.06310695876389));
#3306=CARTESIAN_POINT('Ctrl Pts',(9.80062187453603,25.8848058024052,2.05943188883221));
#3307=CARTESIAN_POINT('Ctrl Pts',(9.8008680409201,25.8848101272276,2.05575340628115));
#3308=CARTESIAN_POINT('Ctrl Pts',(9.80112831400478,25.8848148180079,2.05176365795313));
#3309=CARTESIAN_POINT('Ctrl Pts',(9.80140152565232,25.8848198737259,2.04746351142863));
#3310=CARTESIAN_POINT('Ctrl Pts',(9.80163107608329,25.8848242087955,2.0437763132031));
#3311=CARTESIAN_POINT('Ctrl Pts',(9.80185620294192,25.8848285442412,2.04008879506814));
#3312=CARTESIAN_POINT('Ctrl Pts',(9.80207709189204,25.8848328788567,2.03640198304152));
#3313=CARTESIAN_POINT('Ctrl Pts',(9.80229391411381,25.8848372114829,2.03271686299702));
#3314=CARTESIAN_POINT('Ctrl Pts',(9.80250682785272,25.8848415410365,2.02903435639525));
#3315=CARTESIAN_POINT('Ctrl Pts',(9.80271598249863,25.8848458665362,2.02535529786086));
#3316=CARTESIAN_POINT('Ctrl Pts',(9.80292152041478,25.8848501871339,2.02168040868267));
#3317=CARTESIAN_POINT('Ctrl Pts',(9.80312357964585,25.8848545021434,2.0180102725629));
#3318=CARTESIAN_POINT('Ctrl Pts',(9.80328917647589,25.8848580929168,2.01495613630132));
#3319=CARTESIAN_POINT('Ctrl Pts',(9.80342005001088,25.8848609623613,2.01251552716042));
#3320=CARTESIAN_POINT('Ctrl Pts',(9.80354987706292,25.8848638296825,2.01007672389559));
#3321=CARTESIAN_POINT('Ctrl Pts',(9.80371024114138,25.8848674098621,2.00703159819487));
#3322=CARTESIAN_POINT('Ctrl Pts',(9.80389974084479,25.8848716998312,2.00338276020605));
#3323=CARTESIAN_POINT('Ctrl Pts',(9.80408672571326,25.8848759905919,1.99973324897287));
#3324=CARTESIAN_POINT('Ctrl Pts',(9.80427124979192,25.8848802811191,1.99608393630571));
#3325=CARTESIAN_POINT('Ctrl Pts',(9.80445342415619,25.8848845717985,1.99243449424017));
#3326=CARTESIAN_POINT('Ctrl Pts',(9.80463332891797,25.8848888624552,1.98878507139941));
#3327=CARTESIAN_POINT('Ctrl Pts',(9.804811049865,25.8848931531611,1.98513560675118));
#3328=CARTESIAN_POINT('Ctrl Pts',(9.80498666327856,25.8848974438842,1.98148612749647));
#3329=CARTESIAN_POINT('Ctrl Pts',(9.80516024295803,25.8849017346385,1.97783662167219));
#3330=CARTESIAN_POINT('Ctrl Pts',(9.80533185760815,25.8849060254152,1.97418709682171));
#3331=CARTESIAN_POINT('Ctrl Pts',(9.80547328674301,25.8849096010829,1.97114580869648));
#3332=CARTESIAN_POINT('Ctrl Pts',(9.80558551097443,25.8849124616279,1.96871276897628));
#3333=CARTESIAN_POINT('Ctrl Pts',(9.80569713229079,25.8849153221804,1.96627972291167));
#3334=CARTESIAN_POINT('Ctrl Pts',(9.80586322937388,25.884919613025,1.96263014028737));
#3335=CARTESIAN_POINT('Ctrl Pts',(9.80608181871356,25.8849253341852,1.9577640011423));
#3336=CARTESIAN_POINT('Ctrl Pts',(9.80632402775789,25.8849317705333,1.95228955811334));
#3337=CARTESIAN_POINT('Ctrl Pts',(9.80656269517418,25.8849382069216,1.94681508092109));
#3338=CARTESIAN_POINT('Ctrl Pts',(9.80679797171908,25.8849446433476,1.94134057170793));
#3339=CARTESIAN_POINT('Ctrl Pts',(9.80702999782886,25.8849510798089,1.93586603243238));
#3340=CARTESIAN_POINT('Ctrl Pts',(9.80725890437376,25.8849575163034,1.93039146489143));
#3341=CARTESIAN_POINT('Ctrl Pts',(9.8074848138328,25.8849639528292,1.92491687074102));
#3342=CARTESIAN_POINT('Ctrl Pts',(9.807707840729,25.8849703893845,1.91944225150201));
#3343=CARTESIAN_POINT('Ctrl Pts',(9.80792809261454,25.8849768259677,1.91396760857808));
#3344=CARTESIAN_POINT('Ctrl Pts',(9.80810940743541,25.8849821898089,1.90940538748054));
#3345=CARTESIAN_POINT('Ctrl Pts',(9.80825316971784,25.8849864808944,1.90575560000199));
#3346=CARTESIAN_POINT('Ctrl Pts',(9.80839608725035,25.8849907719879,1.90210580564072));
#3347=CARTESIAN_POINT('Ctrl Pts',(9.80857317810385,25.8849961358696,1.89754355012597));
#3348=CARTESIAN_POINT('Ctrl Pts',(9.8087832819886,25.8850025725501,1.89206882442575));
#3349=CARTESIAN_POINT('Ctrl Pts',(9.8089910604358,25.8850090092519,1.88659408058093));
#3350=CARTESIAN_POINT('Ctrl Pts',(9.80919658893428,25.885015445974,1.88111931945978));
#3351=CARTESIAN_POINT('Ctrl Pts',(9.80939993889931,25.8850218827155,1.87564454186359));
#3352=CARTESIAN_POINT('Ctrl Pts',(9.80960117814334,25.8850283194755,1.87016974853467));
#3353=CARTESIAN_POINT('Ctrl Pts',(9.80980037092946,25.8850347562532,1.86469494015759));
#3354=CARTESIAN_POINT('Ctrl Pts',(9.8099975784074,25.8850411930478,1.85922011736657));
#3355=CARTESIAN_POINT('Ctrl Pts',(9.81019285867614,25.8850476298587,1.8537452807468));
#3356=CARTESIAN_POINT('Ctrl Pts',(9.81038626712468,25.8850540666852,1.84827043084028));
#3357=CARTESIAN_POINT('Ctrl Pts',(9.81057785646174,25.8850605035267,1.84279556814659));
#3358=CARTESIAN_POINT('Ctrl Pts',(9.81070937974178,25.885064963509,1.83900212531193));
#3359=CARTESIAN_POINT('Ctrl Pts',(9.81077729581579,25.8850672778753,1.83703363850937));
#3360=CARTESIAN_POINT('Ctrl Pts',(9.81078224594292,25.8850674466204,1.83689011217307));
#3361=CARTESIAN_POINT('',(9.80031139955786,26.4993889232675,1.83724857952005));
#3362=CARTESIAN_POINT('Ctrl Pts',(9.80031139955719,26.4993889232675,1.83724857952002));
#3363=CARTESIAN_POINT('Ctrl Pts',(9.81827392008696,26.499388933871,1.83724857832216));
#3364=CARTESIAN_POINT('Ctrl Pts',(9.83614306986448,26.4977092723305,1.83724733070572));
#3365=CARTESIAN_POINT('Ctrl Pts',(9.85373735529501,26.4944885523188,1.83724524128694));
#3366=CARTESIAN_POINT('Ctrl Pts',(9.87187293713502,26.4911687453515,1.83724308758621));
#3367=CARTESIAN_POINT('Ctrl Pts',(9.88971793558828,26.4862111678226,1.83724006405227));
#3368=CARTESIAN_POINT('Ctrl Pts',(9.90706576019238,26.4797144705897,1.83723648994177));
#3369=CARTESIAN_POINT('Ctrl Pts',(9.9103832654269,26.4784720769427,1.83723580644799));
#3370=CARTESIAN_POINT('Ctrl Pts',(9.91368252791811,26.4771732561852,1.83723510181637));
#3371=CARTESIAN_POINT('Ctrl Pts',(9.91696200018258,26.4758185064857,1.83723437657749));
#3372=CARTESIAN_POINT('Ctrl Pts',(9.92694562241481,26.4716942730334,1.8372321687494));
#3373=CARTESIAN_POINT('Ctrl Pts',(9.93669528430501,26.4670730857965,1.83722979243022));
#3374=CARTESIAN_POINT('Ctrl Pts',(9.94617251088124,26.4619805729611,1.83722723583016));
#3375=CARTESIAN_POINT('Ctrl Pts',(9.96230342811085,26.453312752014,1.83722288431408));
#3376=CARTESIAN_POINT('Ctrl Pts',(9.97764690115282,26.4432816274936,1.8372180418462));
#3377=CARTESIAN_POINT('Ctrl Pts',(9.99199705511167,26.431977134823,1.83721237002889));
#3378=CARTESIAN_POINT('Ctrl Pts',(10.0005149286519,26.425267085629,1.83720900338747));
#3379=CARTESIAN_POINT('Ctrl Pts',(10.0086823898666,26.4181075470601,1.83720533697101));
#3380=CARTESIAN_POINT('Ctrl Pts',(10.01645032005,26.410510978931,1.83720119543858));
#3381=CARTESIAN_POINT('Ctrl Pts',(10.0244226930339,26.4027144780493,1.83719694490588));
#3382=CARTESIAN_POINT('Ctrl Pts',(10.0319321068977,26.3944987788019,1.83719222017809));
#3383=CARTESIAN_POINT('Ctrl Pts',(10.0389342811871,26.3858861151693,1.83718675875514));
#3384=CARTESIAN_POINT('Ctrl Pts',(10.0504703088802,26.3716968188063,1.83717776110331));
#3385=CARTESIAN_POINT('Ctrl Pts',(10.0606322587397,26.3564315329491,1.83716681216309));
#3386=CARTESIAN_POINT('Ctrl Pts',(10.0693865301932,26.3403241318293,1.83715559873648));
#3387=CARTESIAN_POINT('Ctrl Pts',(10.0743405511296,26.331208992688,1.83714925308561));
#3388=CARTESIAN_POINT('Ctrl Pts',(10.0788429894557,26.3218235406867,1.8371428085533));
#3389=CARTESIAN_POINT('Ctrl Pts',(10.0828810952045,26.3122070873853,1.83713645223065));
#3390=CARTESIAN_POINT('Ctrl Pts',(10.0900188019697,26.295209161116,1.83712521687179));
#3391=CARTESIAN_POINT('Ctrl Pts',(10.0956463249224,26.2776389185683,1.83711440882118));
#3392=CARTESIAN_POINT('Ctrl Pts',(10.0997335143391,26.2597300404313,1.83710445275106));
#3393=CARTESIAN_POINT('Ctrl Pts',(10.1038070789302,26.2418808623271,1.83709452986994));
#3394=CARTESIAN_POINT('Ctrl Pts',(10.1063509180137,26.2236937309297,1.83708545855954));
#3395=CARTESIAN_POINT('Ctrl Pts',(10.1072865107309,26.2053877700042,1.83707678672809));
#3396=CARTESIAN_POINT('Ctrl Pts',(10.1074511330525,26.2021667425944,1.83707526087502));
#3397=CARTESIAN_POINT('Ctrl Pts',(10.1075658335896,26.1989420398463,1.83707374508027));
#3398=CARTESIAN_POINT('Ctrl Pts',(10.1076300143633,26.1957148727288,1.83707223386761));
#3399=CARTESIAN_POINT('Ctrl Pts',(10.1079959689785,26.177313774814,1.83706361703089));
#3400=CARTESIAN_POINT('Ctrl Pts',(10.1067203514055,26.1589927712998,1.83705529787162));
#3401=CARTESIAN_POINT('Ctrl Pts',(10.1037477354052,26.1409734295319,1.83704580937278));
#3402=CARTESIAN_POINT('Ctrl Pts',(10.1031072144157,26.1370907327358,1.83704376484948));
#3403=CARTESIAN_POINT('Ctrl Pts',(10.1023877119721,26.1332220351651,1.83704166261141));
#3404=CARTESIAN_POINT('Ctrl Pts',(10.1015883515941,26.129369569646,1.8370394822464));
#3405=CARTESIAN_POINT('Ctrl Pts',(10.0980394353566,26.1122657979176,1.83702980209085));
#3406=CARTESIAN_POINT('Ctrl Pts',(10.0929196384661,26.0954805913381,1.83701863793706));
#3407=CARTESIAN_POINT('Ctrl Pts',(10.0863506281409,26.0791692104232,1.83700752696525));
#3408=CARTESIAN_POINT('Ctrl Pts',(10.0795425902707,26.0622643048917,1.83699601169686));
#3409=CARTESIAN_POINT('Ctrl Pts',(10.0712373891801,26.0460144217156,1.83698465925619));
#3410=CARTESIAN_POINT('Ctrl Pts',(10.0616021503628,26.0305802638218,1.83697442906224));
#3411=CARTESIAN_POINT('Ctrl Pts',(10.0518497743134,26.0149584702532,1.83696407449809));
#3412=CARTESIAN_POINT('Ctrl Pts',(10.0407339279698,26.0001710288417,1.83695485320035));
#3413=CARTESIAN_POINT('Ctrl Pts',(10.0283830541588,25.9864102185409,1.83694699371325));
#3414=CARTESIAN_POINT('Ctrl Pts',(10.0262002134824,25.9839781917122,1.83694560466107));
#3415=CARTESIAN_POINT('Ctrl Pts',(10.0239787041278,25.9815783260368,1.83694425659901));
#3416=CARTESIAN_POINT('Ctrl Pts',(10.0217191246722,25.979211814764,1.83694294894123));
#3417=CARTESIAN_POINT('Ctrl Pts',(10.008969857665,25.9658592043838,1.8369355707195));
#3418=CARTESIAN_POINT('Ctrl Pts',(9.99512253049128,25.9536818534757,1.83692958014597));
#3419=CARTESIAN_POINT('Ctrl Pts',(9.98032126236482,25.9428545336857,1.83692442636663));
#3420=CARTESIAN_POINT('Ctrl Pts',(9.96947998021198,25.9349239950454,1.83692065144846));
#3421=CARTESIAN_POINT('Ctrl Pts',(9.95812588910712,25.9277181384384,1.83691730825529));
#3422=CARTESIAN_POINT('Ctrl Pts',(9.94630443486469,25.9213195256712,1.83691400039814));
#3423=CARTESIAN_POINT('Ctrl Pts',(9.94483316923175,25.9205231719511,1.83691358871135));
#3424=CARTESIAN_POINT('Ctrl Pts',(9.94335465508472,25.9197393406661,1.83691317742876));
#3425=CARTESIAN_POINT('Ctrl Pts',(9.94186897263053,25.9189682074453,1.83691276567298));
#3426=CARTESIAN_POINT('Ctrl Pts',(9.93620513880532,25.916028433601,1.83691119594567));
#3427=CARTESIAN_POINT('Ctrl Pts',(9.93043713679872,25.9132731492304,1.83690961948404));
#3428=CARTESIAN_POINT('Ctrl Pts',(9.92457493881093,25.910703475479,1.83690807714755));
#3429=CARTESIAN_POINT('Ctrl Pts',(9.90799995624339,25.9034378905018,1.8369037162917));
#3430=CARTESIAN_POINT('Ctrl Pts',(9.8908138872344,25.8977140699366,1.83689966963006));
#3431=CARTESIAN_POINT('Ctrl Pts',(9.87326055331968,25.8935122365268,1.83689655659942));
#3432=CARTESIAN_POINT('Ctrl Pts',(9.85537041143759,25.889229779631,1.83689338383691));
#3433=CARTESIAN_POINT('Ctrl Pts',(9.83709714777026,25.8865279983526,1.8368911525114));
#3434=CARTESIAN_POINT('Ctrl Pts',(9.81868534753165,25.8854364091769,1.836890361061));
#3435=CARTESIAN_POINT('Ctrl Pts',(9.8160535675151,25.8852803775808,1.8368902479312));
#3436=CARTESIAN_POINT('Ctrl Pts',(9.81341895925249,25.8851573320915,1.83689016438927));
#3437=CARTESIAN_POINT('Ctrl Pts',(9.81078224594291,25.8850674466204,1.83689011217307));
#3438=CARTESIAN_POINT('',(9.79,26.4992132736992,2.13826707700012));
#3439=CARTESIAN_POINT('Ctrl Pts',(9.80031139955719,26.4993889232675,1.83724857952003));
#3440=CARTESIAN_POINT('Ctrl Pts',(9.80030996470269,26.4993888743692,1.83733237864218));
#3441=CARTESIAN_POINT('Ctrl Pts',(9.80027727504651,26.4993877605746,1.83924113817375));
#3442=CARTESIAN_POINT('Ctrl Pts',(9.8002130263013,26.4993855818861,1.8429748538753));
#3443=CARTESIAN_POINT('Ctrl Pts',(9.80011793831475,26.4993823872077,1.84844971656899));
#3444=CARTESIAN_POINT('Ctrl Pts',(9.8000219474823,26.4993791925369,1.85392456647551));
#3445=CARTESIAN_POINT('Ctrl Pts',(9.799925027644,26.4993759978738,1.85939940309528));
#3446=CARTESIAN_POINT('Ctrl Pts',(9.79982715130966,26.4993728032187,1.8648742258863));
#3447=CARTESIAN_POINT('Ctrl Pts',(9.79972828964409,26.4993696085721,1.87034903426339));
#3448=CARTESIAN_POINT('Ctrl Pts',(9.79962841229798,26.4993664139342,1.8758238275923));
#3449=CARTESIAN_POINT('Ctrl Pts',(9.79952748737681,26.4993632193056,1.88129860518849));
#3450=CARTESIAN_POINT('Ctrl Pts',(9.79942548122449,26.4993600246865,1.88677336630964));
#3451=CARTESIAN_POINT('Ctrl Pts',(9.79932235839681,26.4993568300776,1.89224811015446));
#3452=CARTESIAN_POINT('Ctrl Pts',(9.79921808142778,26.4993536354792,1.89772283585468));
#3453=CARTESIAN_POINT('Ctrl Pts',(9.79913018920499,26.4993509733231,1.90228509136943));
#3454=CARTESIAN_POINT('Ctrl Pts',(9.79905925759357,26.4993488436042,1.9059348857307));
#3455=CARTESIAN_POINT('Ctrl Pts',(9.79898790672307,26.4993467138892,1.90958467320925));
#3456=CARTESIAN_POINT('Ctrl Pts',(9.79889791809681,26.4993440517532,1.91414689430679));
#3457=CARTESIAN_POINT('Ctrl Pts',(9.79878860455854,26.4993408572032,1.91962153723072));
#3458=CARTESIAN_POINT('Ctrl Pts',(9.79867791375062,26.4993376626669,1.92509615646973));
#3459=CARTESIAN_POINT('Ctrl Pts',(9.7985657922937,26.4993344681453,1.93057075062014));
#3460=CARTESIAN_POINT('Ctrl Pts',(9.79845218334867,26.4993312736392,1.93604531816109));
#3461=CARTESIAN_POINT('Ctrl Pts',(9.79833702612779,26.4993280791496,1.94151985743664));
#3462=CARTESIAN_POINT('Ctrl Pts',(9.79822025567866,26.4993248846775,1.9469943666498));
#3463=CARTESIAN_POINT('Ctrl Pts',(9.79810180230115,26.4993216902241,1.95246884384204));
#3464=CARTESIAN_POINT('Ctrl Pts',(9.79798159117301,26.4993184957907,1.95794328687101));
#3465=CARTESIAN_POINT('Ctrl Pts',(9.79787310277531,26.4993156563132,1.96280942601608));
#3466=CARTESIAN_POINT('Ctrl Pts',(9.79779066688695,26.4993135267178,1.96645900864038));
#3467=CARTESIAN_POINT('Ctrl Pts',(9.79773526794674,26.4993121069928,1.96889205470499));
#3468=CARTESIAN_POINT('Ctrl Pts',(9.79767956977287,26.4993106872715,1.97132509442519));
#3469=CARTESIAN_POINT('Ctrl Pts',(9.79760937687028,26.4993089126266,1.97436638255042));
#3470=CARTESIAN_POINT('Ctrl Pts',(9.79752420255008,26.4993067830649,1.9780159074009));
#3471=CARTESIAN_POINT('Ctrl Pts',(9.79743805296325,26.4993046535143,1.98166541322518));
#3472=CARTESIAN_POINT('Ctrl Pts',(9.79735089401087,26.4993025239792,1.98531489247989));
#3473=CARTESIAN_POINT('Ctrl Pts',(9.79726268906543,26.4993003944526,1.98896435712812));
#3474=CARTESIAN_POINT('Ctrl Pts',(9.79717340026769,26.4992982649504,1.99261377996888));
#3475=CARTESIAN_POINT('Ctrl Pts',(9.79708298504017,26.499296135437,1.99626322203442));
#3476=CARTESIAN_POINT('Ctrl Pts',(9.79699140362244,26.4992940059991,1.99991253470158));
#3477=CARTESIAN_POINT('Ctrl Pts',(9.7968986008865,26.4992918764454,2.00356204593476));
#3478=CARTESIAN_POINT('Ctrl Pts',(9.79680455000911,26.4992897472845,2.00721088392358));
#3479=CARTESIAN_POINT('Ctrl Pts',(9.79672495947672,26.4992879704003,2.0102560096243));
#3480=CARTESIAN_POINT('Ctrl Pts',(9.79666052482098,26.4992865473158,2.01269481288913));
#3481=CARTESIAN_POINT('Ctrl Pts',(9.79659557078373,26.4992851231776,2.01513542203004));
#3482=CARTESIAN_POINT('Ctrl Pts',(9.79651338317669,26.4992833410356,2.01818955829161));
#3483=CARTESIAN_POINT('Ctrl Pts',(9.7964130988616,26.4992811994468,2.02185969441138));
#3484=CARTESIAN_POINT('Ctrl Pts',(9.79631108803519,26.4992790550846,2.02553458358957));
#3485=CARTESIAN_POINT('Ctrl Pts',(9.79620728218428,26.4992769082895,2.02921364212396));
#3486=CARTESIAN_POINT('Ctrl Pts',(9.79610161065239,26.4992747594823,2.03289614872573));
#3487=CARTESIAN_POINT('Ctrl Pts',(9.7959939992956,26.4992726091502,2.03658126877023));
#3488=CARTESIAN_POINT('Ctrl Pts',(9.79588436957486,26.4992704578308,2.04026808079685));
#3489=CARTESIAN_POINT('Ctrl Pts',(9.79577263653151,26.4992683060993,2.04395559893181));
#3490=CARTESIAN_POINT('Ctrl Pts',(9.79565870801843,26.4992661545546,2.04764279715734));
#3491=CARTESIAN_POINT('Ctrl Pts',(9.79552310994254,26.4992636453437,2.05194294368184));
#3492=CARTESIAN_POINT('Ctrl Pts',(9.79539393342387,26.4992613172556,2.05593269200986));
#3493=CARTESIAN_POINT('Ctrl Pts',(9.79527175822259,26.4992591707966,2.05961117456093));
#3494=CARTESIAN_POINT('Ctrl Pts',(9.79514753663179,26.4992570263289,2.06328624449259));
#3495=CARTESIAN_POINT('Ctrl Pts',(9.79498825026739,26.4992543500188,2.06787275643479));
#3496=CARTESIAN_POINT('Ctrl Pts',(9.79481204648024,26.4992515026584,2.07275240498771));
#3497=CARTESIAN_POINT('Ctrl Pts',(9.79465272366567,26.4992490172591,2.0770117444587));
#3498=CARTESIAN_POINT('Ctrl Pts',(9.79451232180664,26.4992468912344,2.08065520784915));
#3499=CARTESIAN_POINT('Ctrl Pts',(9.79440386961028,26.4992453000112,2.08338215806672));
#3500=CARTESIAN_POINT('Ctrl Pts',(9.79430553485098,26.4992438873966,2.08580301860698));
#3501=CARTESIAN_POINT('Ctrl Pts',(9.79423059259995,26.499242829009,2.08761682460338));
#3502=CARTESIAN_POINT('Ctrl Pts',(9.79414127762627,26.4992415957338,2.08973034342808));
#3503=CARTESIAN_POINT('Ctrl Pts',(9.79406335351342,26.499240539636,2.09154022531794));
#3504=CARTESIAN_POINT('Ctrl Pts',(9.79398397947732,26.4992394844888,2.09334847806056));
#3505=CARTESIAN_POINT('Ctrl Pts',(9.79384911125752,26.4992377273915,2.0963596940701));
#3506=CARTESIAN_POINT('Ctrl Pts',(9.79365263770484,26.499235271332,2.10056875280009));
#3507=CARTESIAN_POINT('Ctrl Pts',(9.79344952051722,26.499232906825,2.10462091393681));
#3508=CARTESIAN_POINT('Ctrl Pts',(9.79330683581023,26.4992313310803,2.10732133782586));
#3509=CARTESIAN_POINT('Ctrl Pts',(9.79320961310245,26.4992302806581,2.10912149310315));
#3510=CARTESIAN_POINT('Ctrl Pts',(9.79310903766127,26.4992292302323,2.11092165474223));
#3511=CARTESIAN_POINT('Ctrl Pts',(9.79301761953483,26.499228310882,2.11249718644562));
#3512=CARTESIAN_POINT('Ctrl Pts',(9.79296432139262,26.4992277854404,2.11339765905839));
#3513=CARTESIAN_POINT('Ctrl Pts',(9.79288326630218,26.4992269971629,2.11474856531146));
#3514=CARTESIAN_POINT('Ctrl Pts',(9.79278535511351,26.4992260771201,2.11632528380383));
#3515=CARTESIAN_POINT('Ctrl Pts',(9.79268261339801,26.4992251563793,2.1179031982912));
#3516=CARTESIAN_POINT('Ctrl Pts',(9.79262237246513,26.4992246300103,2.11880526033961));
#3517=CARTESIAN_POINT('Ctrl Pts',(9.79253039569602,26.4992238402102,2.12015877603168));
#3518=CARTESIAN_POINT('Ctrl Pts',(9.79238607477986,26.4992226545271,2.12219073408133));
#3519=CARTESIAN_POINT('Ctrl Pts',(9.79222893562148,26.4992214669693,2.12422590486112));
#3520=CARTESIAN_POINT('Ctrl Pts',(9.79211712408573,26.4992206744393,2.12558409883412));
#3521=CARTESIAN_POINT('Ctrl Pts',(9.79204051651676,26.499220145874,2.12648992479643));
#3522=CARTESIAN_POINT('Ctrl Pts',(9.79194059418633,26.4992194847762,2.12762287764773));
#3523=CARTESIAN_POINT('Ctrl Pts',(9.79183403984011,26.499218823222,2.12875661255735));
#3524=CARTESIAN_POINT('Ctrl Pts',(9.79175519099671,26.4992183599642,2.12955051804124));
#3525=CARTESIAN_POINT('Ctrl Pts',(9.79170876338894,26.499218095214,2.13000423238924));
#3526=CARTESIAN_POINT('Ctrl Pts',(9.79166136891776,26.4992178304488,2.13045797237068));
#3527=CARTESIAN_POINT('Ctrl Pts',(9.79160019654049,26.4992174994781,2.13102517157699));
#3528=CARTESIAN_POINT('Ctrl Pts',(9.791523274662,26.4992171023453,2.13170575570349));
#3529=CARTESIAN_POINT('Ctrl Pts',(9.7914422918009,26.4992167053189,2.13238615761729));
#3530=CARTESIAN_POINT('Ctrl Pts',(9.79137084240065,26.4992163746351,2.13295286507724));
#3531=CARTESIAN_POINT('Ctrl Pts',(9.79131833794684,26.4992161433076,2.1333493013589));
#3532=CARTESIAN_POINT('Ctrl Pts',(9.79129139668023,26.4992160276919,2.13354743723237));
#3533=CARTESIAN_POINT('Ctrl Pts',(9.79127579458908,26.499215961641,2.1336606315237));
#3534=CARTESIAN_POINT('Ctrl Pts',(9.7912364341725,26.4992157965409,2.13394357097218));
#3535=CARTESIAN_POINT('Ctrl Pts',(9.7911667492697,26.4992155160866,2.13442419797243));
#3536=CARTESIAN_POINT('Ctrl Pts',(9.7910864084789,26.4992152197494,2.13493204383801));
#3537=CARTESIAN_POINT('Ctrl Pts',(9.79102922361499,26.4992150225925,2.1352699204931));
#3538=CARTESIAN_POINT('Ctrl Pts',(9.79099005226031,26.4992148912711,2.13549497181402));
#3539=CARTESIAN_POINT('Ctrl Pts',(9.79091845736108,26.4992146618354,2.135888165731));
#3540=CARTESIAN_POINT('Ctrl Pts',(9.7908398410774,26.4992144332374,2.13627992420397));
#3541=CARTESIAN_POINT('Ctrl Pts',(9.79076465413779,26.4992142384215,2.1366137889119));
#3542=CARTESIAN_POINT('Ctrl Pts',(9.79072516770962,26.499214141217,2.13678037258834));
#3543=CARTESIAN_POINT('Ctrl Pts',(9.79068364541238,26.4992140444757,2.13694616234404));
#3544=CARTESIAN_POINT('Ctrl Pts',(9.79063932614554,26.4992139475349,2.137112294054));
#3545=CARTESIAN_POINT('Ctrl Pts',(9.79059172347851,26.4992138505,2.13727858714473));
#3546=CARTESIAN_POINT('Ctrl Pts',(9.79052313681292,26.4992137221473,2.13749855086647));
#3547=CARTESIAN_POINT('Ctrl Pts',(9.79046031697312,26.4992136199736,2.13767365047948));
#3548=CARTESIAN_POINT('Ctrl Pts',(9.79040724087137,26.4992135474656,2.13779791074888));
#3549=CARTESIAN_POINT('Ctrl Pts',(9.79039574697311,26.4992135322843,2.13782392757735));
#3550=CARTESIAN_POINT('Ctrl Pts',(9.79037236045035,26.499213502048,2.13787574487001));
#3551=CARTESIAN_POINT('Ctrl Pts',(9.79033181183643,26.4992134535638,2.13795883450986));
#3552=CARTESIAN_POINT('Ctrl Pts',(9.79028524001776,26.4992134069423,2.13803873219107));
#3553=CARTESIAN_POINT('Ctrl Pts',(9.79025290936877,26.4992133792519,2.13808618648284));
#3554=CARTESIAN_POINT('Ctrl Pts',(9.79023612268531,26.49921336557,2.13810963367895));
#3555=CARTESIAN_POINT('Ctrl Pts',(9.79020517942193,26.4992133422857,2.1381495371164));
#3556=CARTESIAN_POINT('Ctrl Pts',(9.79016579939513,26.4992133177691,2.13819155245025));
#3557=CARTESIAN_POINT('Ctrl Pts',(9.79012106486018,26.4992132972136,2.13822677924649));
#3558=CARTESIAN_POINT('Ctrl Pts',(9.79008988609398,26.4992132865444,2.13824506362661));
#3559=CARTESIAN_POINT('Ctrl Pts',(9.7900633051957,26.4992132800918,2.13825612165474));
#3560=CARTESIAN_POINT('Ctrl Pts',(9.79004790182336,26.499213277384,2.1382607620944));
#3561=CARTESIAN_POINT('Ctrl Pts',(9.79003746526269,26.4992132760022,2.13826313013954));
#3562=CARTESIAN_POINT('Ctrl Pts',(9.79002868437716,26.4992132749913,2.13826486257566));
#3563=CARTESIAN_POINT('Ctrl Pts',(9.79001799205084,26.4992132741326,2.13826633422595));
#3564=CARTESIAN_POINT('Ctrl Pts',(9.79000810001062,26.4992132737794,2.13826693946304));
#3565=CARTESIAN_POINT('Ctrl Pts',(9.79000270001175,26.4992132737072,2.13826706324087));
#3566=CARTESIAN_POINT('Ctrl Pts',(9.79000089989131,26.4992132736992,2.13826707700012));
#3567=CARTESIAN_POINT('Ctrl Pts',(9.7899999999999,26.4992132736992,2.13826707700012));
#3568=CARTESIAN_POINT('Origin',(9.79,26.1919633260074,2.13808779127141));
#3569=CARTESIAN_POINT('Origin',(0.,26.1919633260074,2.13808779127503));
#3570=CARTESIAN_POINT('',(0.,26.4992132736992,2.13826707700374));
#3571=CARTESIAN_POINT('Origin',(0.,26.5000000111759,0.789999982342124));
#3572=CARTESIAN_POINT('',(9.765,26.4993889232675,1.83724857952005));
#3573=CARTESIAN_POINT('',(5.2,26.4993889232675,1.83724857952005));
#3574=CARTESIAN_POINT('',(9.765,26.5000000111759,0.789999982342124));
#3575=CARTESIAN_POINT('',(9.765,26.499847711556,1.05100263199296));
#3576=CARTESIAN_POINT('',(-0.565,26.5000000111759,0.789999982342124));
#3577=CARTESIAN_POINT('',(0.,26.5000000111759,0.789999982342124));
#3578=CARTESIAN_POINT('',(-0.565,26.4993889232675,1.83724857952005));
#3579=CARTESIAN_POINT('',(-0.565,26.499847711556,1.05100263199296));
#3580=CARTESIAN_POINT('',(-0.565,26.4999011856631,0.95936167023813));
#3581=CARTESIAN_POINT('Origin',(10.4,28.1423566883357,1.12968181736867));
#3582=CARTESIAN_POINT('',(10.4,30.0294951409622,1.83436363473735));
#3583=CARTESIAN_POINT('',(10.4,29.2711783694998,1.83436363473735));
#3584=CARTESIAN_POINT('',(10.4,29.9859734513674,1.83818105506362));
#3585=CARTESIAN_POINT('Origin',(10.4,30.0294951409622,2.08436363473735));
#3586=CARTESIAN_POINT('',(10.4,28.0974138416239,1.83818105506361));
#3587=CARTESIAN_POINT('',(10.4,29.9866,1.83818105506362));
#3588=CARTESIAN_POINT('',(10.4,26.4947133260074,1.83724585122711));
#3589=CARTESIAN_POINT('',(10.4,27.3206660873602,1.83772780913731));
#3590=CARTESIAN_POINT('',(10.4,26.4947133260074,0.964840908684329));
#3591=CARTESIAN_POINT('Origin',(-0.565,25.8649012937695,0.958991136673506));
#3592=CARTESIAN_POINT('Origin',(-0.565,25.8643890313739,1.83687804595542));
#3593=CARTESIAN_POINT('Origin',(-0.95,29.2711783694998,1.83436363473735));
#3594=CARTESIAN_POINT('',(-1.199970852905,30.0294951409622,1.83818105506362));
#3595=CARTESIAN_POINT('Origin',(-0.95,30.0294951409622,1.83436363473735));
#3596=CARTESIAN_POINT('',(-0.95,30.0294951409622,2.08436363473735));
#3597=CARTESIAN_POINT('Origin',(-0.95,30.0294951409622,1.83436363473735));
#3598=CARTESIAN_POINT('',(-0.95,29.2711783694998,2.08436363473735));
#3599=CARTESIAN_POINT('Ctrl Pts',(-1.199970852905,30.0294951409622,1.83818105506362));
#3600=CARTESIAN_POINT('Ctrl Pts',(-1.199970852905,30.0079017149632,1.83818105506362));
#3601=CARTESIAN_POINT('Ctrl Pts',(-1.199970852905,29.9866380136974,1.8419401845981));
#3602=CARTESIAN_POINT('Ctrl Pts',(-1.2,30.0294951409622,1.83627245617368));
#3603=CARTESIAN_POINT('Ctrl Pts',(-1.2,30.0077343059249,1.83627245617368));
#3604=CARTESIAN_POINT('Ctrl Pts',(-1.2,29.9863057519036,1.84006072940495));
#3605=CARTESIAN_POINT('Ctrl Pts',(-1.2,30.0294951409622,1.83436363473735));
#3606=CARTESIAN_POINT('Ctrl Pts',(-1.2,30.0075668773665,1.83436363473735));
#3607=CARTESIAN_POINT('Ctrl Pts',(-1.2,29.9859734513674,1.83818105506362));
#3608=CARTESIAN_POINT('Ctrl Pts',(-1.2,29.9859734513674,1.83818105506362));
#3609=CARTESIAN_POINT('Ctrl Pts',(-1.2,29.9899756103421,1.83818105506362));
#3610=CARTESIAN_POINT('Ctrl Pts',(-1.19999649628678,29.9947781998337,1.83818105506362));
#3611=CARTESIAN_POINT('Ctrl Pts',(-1.19998363995538,30.008378726272,1.83818105506362));
#3612=CARTESIAN_POINT('Ctrl Pts',(-1.199970852905,30.0198967674221,1.83818105506362));
#3613=CARTESIAN_POINT('Ctrl Pts',(-1.199970852905,30.0294951409622,1.83818105506362));
#3614=CARTESIAN_POINT('Origin',(0.,30.4000000506639,2.08436363473735));
#3615=CARTESIAN_POINT('',(10.15,30.0294951409622,2.08436363473735));
#3616=CARTESIAN_POINT('',(0.,30.0294951409622,2.08436363473735));
#3617=CARTESIAN_POINT('',(10.15,29.2711783694998,2.08436363473735));
#3618=CARTESIAN_POINT('Origin',(10.15,29.2711783694998,1.83436363473735));
#3619=CARTESIAN_POINT('',(10.399970852905,30.0294951409622,1.83818105506362));
#3620=CARTESIAN_POINT('Origin',(10.15,30.0294951409622,1.83436363473735));
#3621=CARTESIAN_POINT('Origin',(10.15,30.0294951409622,1.83436363473735));
#3622=CARTESIAN_POINT('Ctrl Pts',(10.399970852905,29.9866380136974,1.84194018459809));
#3623=CARTESIAN_POINT('Ctrl Pts',(10.399970852905,30.0079017149632,1.83818105506361));
#3624=CARTESIAN_POINT('Ctrl Pts',(10.399970852905,30.0294951409622,1.83818105506361));
#3625=CARTESIAN_POINT('Ctrl Pts',(10.4,29.9863057519036,1.84006072940495));
#3626=CARTESIAN_POINT('Ctrl Pts',(10.4,30.0077343059249,1.83627245617368));
#3627=CARTESIAN_POINT('Ctrl Pts',(10.4,30.0294951409622,1.83627245617368));
#3628=CARTESIAN_POINT('Ctrl Pts',(10.4,29.9859734513674,1.83818105506361));
#3629=CARTESIAN_POINT('Ctrl Pts',(10.4,30.0075668773665,1.83436363473735));
#3630=CARTESIAN_POINT('Ctrl Pts',(10.4,30.0294951409622,1.83436363473735));
#3631=CARTESIAN_POINT('Ctrl Pts',(10.399970852905,30.0294951409622,1.83818105506362));
#3632=CARTESIAN_POINT('Ctrl Pts',(10.399970852905,30.0198967674221,1.83818105506362));
#3633=CARTESIAN_POINT('Ctrl Pts',(10.3999836399554,30.008378726272,1.83818105506362));
#3634=CARTESIAN_POINT('Ctrl Pts',(10.3999964962868,29.9947781998337,1.83818105506362));
#3635=CARTESIAN_POINT('Ctrl Pts',(10.4,29.9899756103421,1.83818105506362));
#3636=CARTESIAN_POINT('Ctrl Pts',(10.4,29.9859734513674,1.83818105506362));
#3637=CARTESIAN_POINT('Origin',(9.79,26.4947133260074,0.964840908684329));
#3638=CARTESIAN_POINT('',(9.79,25.8847133260074,0.964840908684328));
#3639=CARTESIAN_POINT('Origin',(9.79,26.4947133260074,1.83724585122711));
#3640=CARTESIAN_POINT('Origin',(0.,27.1811045009876,1.59948261599733));
#3641=CARTESIAN_POINT('',(9.765,27.1811045009876,0.786761626084541));
#3642=CARTESIAN_POINT('',(9.765,27.1811045009876,1.59948261599733));
#3643=CARTESIAN_POINT('',(9.765,27.1811045009876,1.4559769782857));
#3644=CARTESIAN_POINT('',(-0.565,27.1811045009876,1.59948261599733));
#3645=CARTESIAN_POINT('',(0.,27.1811045009876,1.59948261599733));
#3646=CARTESIAN_POINT('',(-0.565,27.1811045009876,0.786761626084541));
#3647=CARTESIAN_POINT('',(-0.565,27.1811045009876,1.4559769782857));
#3648=CARTESIAN_POINT('',(0.,27.1811045009876,0.786761626084541));
#3649=CARTESIAN_POINT('Origin',(0.,27.1811045009876,0.786761626084541));
#3650=CARTESIAN_POINT('',(9.765,26.5100000109524,0.789999982342124));
#3651=CARTESIAN_POINT('',(9.765,27.2384832224588,0.786484750062271));
#3652=CARTESIAN_POINT('',(-0.565,26.5100000109524,0.789999982342124));
#3653=CARTESIAN_POINT('',(-0.565,27.2384832224588,0.786484750062271));
#3654=CARTESIAN_POINT('',(0.,26.5100000109524,0.789999982342124));
#3655=CARTESIAN_POINT('Origin',(0.,26.5100000109524,0.789999982342124));
#3656=CARTESIAN_POINT('',(9.765,26.904200696699,0.789999982342124));
#3657=CARTESIAN_POINT('',(-0.565,26.904200696699,0.789999982342124));
#3658=CARTESIAN_POINT('Origin',(0.,30.0294951409622,2.08436363473735));
#3659=CARTESIAN_POINT('',(0.,30.0294951409622,1.83818105506362));
#3660=CARTESIAN_POINT('Origin',(0.,30.0294951409622,1.83818105506362));
#3661=CARTESIAN_POINT('',(-0.565,28.0974138416239,1.83818105506361));
#3662=CARTESIAN_POINT('',(0.,28.0974138416239,1.83818105506361));
#3663=CARTESIAN_POINT('',(9.765,28.0974138416239,1.83818105506361));
#3664=CARTESIAN_POINT('',(0.,28.0974138416239,1.83818105506361));
#3665=CARTESIAN_POINT('',(0.,28.0974138416239,1.83818105506361));
#3666=CARTESIAN_POINT('Origin',(0.,28.0974138416239,1.83818105506361));
#3667=CARTESIAN_POINT('',(9.765,27.659173056401,1.7240193994646));
#3668=CARTESIAN_POINT('',(-0.565,27.659173056401,1.7240193994646));
#3669=CARTESIAN_POINT('Origin',(-0.565,27.2984013824457,1.31247134057408));
#3670=CARTESIAN_POINT('',(-0.565,28.0974138416239,1.83818105506361));
#3671=CARTESIAN_POINT('Origin',(-1.2,28.0974138416239,1.83818105506361));
#3672=CARTESIAN_POINT('Origin',(9.765,27.2984013824457,1.31247134057408));
#3673=CARTESIAN_POINT('',(9.765,28.0974138416239,1.83818105506361));
#3674=CARTESIAN_POINT('Origin',(10.4,26.4993889232675,1.83724857952005));
#3675=CARTESIAN_POINT('Origin',(7.10000000000006,25.8847133260074,0.174999999999991));
#3676=CARTESIAN_POINT('',(7.10000000000006,25.8847133260074,0.487499999999991));
#3677=CARTESIAN_POINT('',(7.10000000000006,23.8847133260073,0.174999999999991));
#3678=CARTESIAN_POINT('Origin',(7.10000000000006,23.8847133260073,0.174999999999991));
#3679=CARTESIAN_POINT('',(3.45000000000003,23.8847133260074,0.174999999999991));
#3680=CARTESIAN_POINT('Origin',(2.95000000000003,25.8847133260074,0.174999999999991));
#3681=CARTESIAN_POINT('',(2.95000000000003,25.8847133260074,0.487499999999991));
#3682=CARTESIAN_POINT('',(2.95000000000003,23.8847133260073,0.174999999999991));
#3683=CARTESIAN_POINT('Origin',(2.95000000000003,23.8847133260073,0.174999999999991));
#3684=CARTESIAN_POINT('',(-0.699999999999998,23.8847133260074,0.174999999999991));
#3685=CARTESIAN_POINT('Origin',(-1.2,23.3847133260074,0.174999999999991));
#3686=CARTESIAN_POINT('Origin',(3.45000000000003,23.8847133260074,0.174999999999991));
#3687=CARTESIAN_POINT('',(3.45000000000003,25.8847133260074,0.487499999999993));
#3688=CARTESIAN_POINT('Origin',(0.,25.8847133260074,0.799999999999991));
#3689=CARTESIAN_POINT('Origin',(0.,25.8847133260074,0.799999999999991));
#3690=CARTESIAN_POINT('',(-0.7,25.8847133260074,0.487499999999993));
#3691=CARTESIAN_POINT('Origin',(0.,25.8847133260074,0.799999999999991));
#3692=CARTESIAN_POINT('Origin',(-0.699999999999998,23.8847133260074,0.174999999999991));
#3693=UNCERTAINTY_MEASURE_WITH_UNIT(LENGTH_MEASURE(0.001),#3697,
'DISTANCE_ACCURACY_VALUE',
'Maximum model space distance between geometric entities at asserted c
onnectivities');
#3694=UNCERTAINTY_MEASURE_WITH_UNIT(LENGTH_MEASURE(0.001),#3697,
'DISTANCE_ACCURACY_VALUE',
'Maximum model space distance between geometric entities at asserted c
onnectivities');
#3695=(
GEOMETRIC_REPRESENTATION_CONTEXT(3)
GLOBAL_UNCERTAINTY_ASSIGNED_CONTEXT((#3693))
GLOBAL_UNIT_ASSIGNED_CONTEXT((#3697,#3698,#3699))
REPRESENTATION_CONTEXT('','3D')
);
#3696=(
GEOMETRIC_REPRESENTATION_CONTEXT(3)
GLOBAL_UNCERTAINTY_ASSIGNED_CONTEXT((#3694))
GLOBAL_UNIT_ASSIGNED_CONTEXT((#3697,#3698,#3699))
REPRESENTATION_CONTEXT('','3D')
);
#3697=(
LENGTH_UNIT()
NAMED_UNIT(*)
SI_UNIT(.CENTI.,.METRE.)
);
#3698=(
NAMED_UNIT(*)
PLANE_ANGLE_UNIT()
SI_UNIT($,.RADIAN.)
);
#3699=(
NAMED_UNIT(*)
SI_UNIT($,.STERADIAN.)
SOLID_ANGLE_UNIT()
);
#3700=SHAPE_DEFINITION_REPRESENTATION(#3701,#3702);
#3701=PRODUCT_DEFINITION_SHAPE('',$,#3704);
#3702=SHAPE_REPRESENTATION('',(#1435),#3695);
#3703=PRODUCT_DEFINITION_CONTEXT('part definition',#3708,'design');
#3704=PRODUCT_DEFINITION('Mid_Chassis','Mid_Chassis v2',#3705,#3703);
#3705=PRODUCT_DEFINITION_FORMATION('',$,#3710);
#3706=PRODUCT_RELATED_PRODUCT_CATEGORY('Mid_Chassis v2',
'Mid_Chassis v2',(#3710));
#3707=APPLICATION_PROTOCOL_DEFINITION('international standard',
'automotive_design',2009,#3708);
#3708=APPLICATION_CONTEXT(
'Core Data for Automotive Mechanical Design Process');
#3709=PRODUCT_CONTEXT('part definition',#3708,'mechanical');
#3710=PRODUCT('Mid_Chassis','Mid_Chassis v2',$,(#3709));
#3711=PRESENTATION_STYLE_ASSIGNMENT((#3712));
#3712=SURFACE_STYLE_USAGE(.BOTH.,#3713);
#3713=SURFACE_SIDE_STYLE('',(#3714));
#3714=SURFACE_STYLE_FILL_AREA(#3715);
#3715=FILL_AREA_STYLE('Steel - Satin',(#3716));
#3716=FILL_AREA_STYLE_COLOUR('Steel - Satin',#3717);
#3717=COLOUR_RGB('Steel - Satin',0.627450980392157,0.627450980392157,0.627450980392157);
ENDSEC;
END-ISO-10303-21;
