ISO-10303-21;
HEADER;
/* Generated by software containing ST-Developer
 * from STEP Tools, Inc. (www.steptools.com) 
 */

FILE_DESCRIPTION(
/* description */ (''),
/* implementation_level */ '2;1');

FILE_NAME(
/* name */ 'JetsonAndBatteryV2.step',
/* time_stamp */ '2026-08-28T11:51:23+07:00',
/* author */ (''),
/* organization */ (''),
/* preprocessor_version */ 'ST-DEVELOPER v20.1',
/* originating_system */ 'Autodesk Translation Framework v15.8.0.0',
/* authorisation */ '');

FILE_SCHEMA (('AUTOMOTIVE_DESIGN { 1 0 10303 214 3 1 1 }'));
ENDSEC;

DATA;
#10=MECHANICAL_DESIGN_GEOMETRIC_PRESENTATION_REPRESENTATION('',(#13),#6302);
#11=SHAPE_REPRESENTATION_RELATIONSHIP('SRR','None',#6308,#12);
#12=ADVANCED_BREP_SHAPE_REPRESENTATION('',(#14),#6301);
#13=STYLED_ITEM('',(#6317),#14);
#14=MANIFOLD_SOLID_BREP('Chassis',#3711);
#15=ELLIPSE('',#4073,0.014142135623731,0.01);
#16=TOROIDAL_SURFACE('',#4063,0.39,0.01);
#17=TOROIDAL_SURFACE('',#4068,0.39,0.01);
#18=FACE_BOUND('',#1061,.T.);
#19=FACE_BOUND('',#1063,.T.);
#20=FACE_BOUND('',#1065,.T.);
#21=FACE_BOUND('',#1068,.T.);
#22=FACE_BOUND('',#1070,.T.);
#23=FACE_BOUND('',#1078,.T.);
#24=FACE_BOUND('',#1081,.T.);
#25=FACE_BOUND('',#1084,.T.);
#26=FACE_BOUND('',#1087,.T.);
#27=FACE_BOUND('',#1090,.T.);
#28=FACE_BOUND('',#1093,.T.);
#29=FACE_BOUND('',#1111,.T.);
#30=FACE_BOUND('',#1114,.T.);
#31=FACE_BOUND('',#1121,.T.);
#32=FACE_BOUND('',#1123,.T.);
#33=FACE_BOUND('',#1125,.T.);
#34=FACE_BOUND('',#1127,.T.);
#35=FACE_BOUND('',#1131,.T.);
#36=FACE_BOUND('',#1133,.T.);
#37=FACE_BOUND('',#1142,.T.);
#38=FACE_BOUND('',#1146,.T.);
#39=FACE_BOUND('',#1228,.T.);
#40=FACE_BOUND('',#1229,.T.);
#41=FACE_BOUND('',#1230,.T.);
#42=FACE_BOUND('',#1231,.T.);
#43=FACE_BOUND('',#1232,.T.);
#44=FACE_BOUND('',#1236,.T.);
#45=FACE_BOUND('',#1237,.T.);
#46=FACE_BOUND('',#1238,.T.);
#47=FACE_BOUND('',#1239,.T.);
#48=FACE_BOUND('',#1240,.T.);
#49=FACE_BOUND('',#1258,.T.);
#50=FACE_BOUND('',#1259,.T.);
#51=FACE_BOUND('',#1260,.T.);
#52=FACE_BOUND('',#1261,.T.);
#53=FACE_BOUND('',#1262,.T.);
#54=FACE_BOUND('',#1263,.T.);
#55=FACE_BOUND('',#1264,.T.);
#56=FACE_BOUND('',#1271,.T.);
#57=CYLINDRICAL_SURFACE('',#3756,0.24);
#58=CYLINDRICAL_SURFACE('',#3759,0.24);
#59=CYLINDRICAL_SURFACE('',#3762,0.24);
#60=CYLINDRICAL_SURFACE('',#3767,0.24);
#61=CYLINDRICAL_SURFACE('',#3770,0.24);
#62=CYLINDRICAL_SURFACE('',#3775,0.24);
#63=CYLINDRICAL_SURFACE('',#3782,0.31);
#64=CYLINDRICAL_SURFACE('',#3786,0.31);
#65=CYLINDRICAL_SURFACE('',#3790,0.31);
#66=CYLINDRICAL_SURFACE('',#3794,0.31);
#67=CYLINDRICAL_SURFACE('',#3798,0.31);
#68=CYLINDRICAL_SURFACE('',#3802,0.31);
#69=CYLINDRICAL_SURFACE('',#3809,0.01);
#70=CYLINDRICAL_SURFACE('',#3812,0.01);
#71=CYLINDRICAL_SURFACE('',#3822,0.4);
#72=CYLINDRICAL_SURFACE('',#3826,0.025);
#73=CYLINDRICAL_SURFACE('',#3828,0.4);
#74=CYLINDRICAL_SURFACE('',#3830,0.025);
#75=CYLINDRICAL_SURFACE('',#3833,0.025);
#76=CYLINDRICAL_SURFACE('',#3835,0.025);
#77=CYLINDRICAL_SURFACE('',#3837,0.4);
#78=CYLINDRICAL_SURFACE('',#3839,0.31);
#79=CYLINDRICAL_SURFACE('',#3844,0.24);
#80=CYLINDRICAL_SURFACE('',#3848,0.31);
#81=CYLINDRICAL_SURFACE('',#3850,0.01);
#82=CYLINDRICAL_SURFACE('',#3852,0.01);
#83=CYLINDRICAL_SURFACE('',#3854,0.24);
#84=CYLINDRICAL_SURFACE('',#3857,0.24);
#85=CYLINDRICAL_SURFACE('',#3870,0.24);
#86=CYLINDRICAL_SURFACE('',#3872,0.24);
#87=CYLINDRICAL_SURFACE('',#3878,0.31);
#88=CYLINDRICAL_SURFACE('',#3880,0.31);
#89=CYLINDRICAL_SURFACE('',#3882,0.31);
#90=CYLINDRICAL_SURFACE('',#3884,0.31);
#91=CYLINDRICAL_SURFACE('',#3887,0.31);
#92=CYLINDRICAL_SURFACE('',#3889,0.31);
#93=CYLINDRICAL_SURFACE('',#3899,0.31);
#94=CYLINDRICAL_SURFACE('',#3901,0.31);
#95=CYLINDRICAL_SURFACE('',#3903,0.4);
#96=CYLINDRICAL_SURFACE('',#3906,0.025);
#97=CYLINDRICAL_SURFACE('',#3911,0.025);
#98=CYLINDRICAL_SURFACE('',#3914,0.025);
#99=CYLINDRICAL_SURFACE('',#3917,0.4);
#100=CYLINDRICAL_SURFACE('',#3920,0.025);
#101=CYLINDRICAL_SURFACE('',#3928,0.025);
#102=CYLINDRICAL_SURFACE('',#3931,0.025);
#103=CYLINDRICAL_SURFACE('',#3934,0.4);
#104=CYLINDRICAL_SURFACE('',#3937,0.4);
#105=CYLINDRICAL_SURFACE('',#3940,0.025);
#106=CYLINDRICAL_SURFACE('',#3943,0.025);
#107=CYLINDRICAL_SURFACE('',#3950,0.4);
#108=CYLINDRICAL_SURFACE('',#3951,0.4);
#109=CYLINDRICAL_SURFACE('',#3954,0.025);
#110=CYLINDRICAL_SURFACE('',#3957,0.4);
#111=CYLINDRICAL_SURFACE('',#3962,0.025);
#112=CYLINDRICAL_SURFACE('',#3975,0.4);
#113=CYLINDRICAL_SURFACE('',#3977,0.4);
#114=CYLINDRICAL_SURFACE('',#3979,0.025);
#115=CYLINDRICAL_SURFACE('',#3982,0.025);
#116=CYLINDRICAL_SURFACE('',#3987,0.4);
#117=CYLINDRICAL_SURFACE('',#3990,0.4);
#118=CYLINDRICAL_SURFACE('',#3993,0.025);
#119=CYLINDRICAL_SURFACE('',#3996,0.025);
#120=CYLINDRICAL_SURFACE('',#3999,0.025);
#121=CYLINDRICAL_SURFACE('',#4002,0.025);
#122=CYLINDRICAL_SURFACE('',#4008,0.4);
#123=CYLINDRICAL_SURFACE('',#4011,0.4);
#124=CYLINDRICAL_SURFACE('',#4014,0.025);
#125=CYLINDRICAL_SURFACE('',#4017,0.025);
#126=CYLINDRICAL_SURFACE('',#4020,0.025);
#127=CYLINDRICAL_SURFACE('',#4023,0.025);
#128=CYLINDRICAL_SURFACE('',#4032,0.025);
#129=CYLINDRICAL_SURFACE('',#4035,0.025);
#130=CYLINDRICAL_SURFACE('',#4042,0.4);
#131=CYLINDRICAL_SURFACE('',#4046,0.025);
#132=CYLINDRICAL_SURFACE('',#4051,0.4);
#133=CYLINDRICAL_SURFACE('',#4054,0.4);
#134=CYLINDRICAL_SURFACE('',#4058,0.025);
#135=CYLINDRICAL_SURFACE('',#4066,0.4);
#136=CYLINDRICAL_SURFACE('',#4072,0.01);
#137=CYLINDRICAL_SURFACE('',#4077,0.4);
#138=CYLINDRICAL_SURFACE('',#4080,0.01);
#139=LINE('',#5228,#484);
#140=LINE('',#5249,#485);
#141=LINE('',#5251,#486);
#142=LINE('',#5252,#487);
#143=LINE('',#5255,#488);
#144=LINE('',#5257,#489);
#145=LINE('',#5259,#490);
#146=LINE('',#5261,#491);
#147=LINE('',#5263,#492);
#148=LINE('',#5265,#493);
#149=LINE('',#5267,#494);
#150=LINE('',#5271,#495);
#151=LINE('',#5273,#496);
#152=LINE('',#5275,#497);
#153=LINE('',#5278,#498);
#154=LINE('',#5284,#499);
#155=LINE('',#5286,#500);
#156=LINE('',#5287,#501);
#157=LINE('',#5293,#502);
#158=LINE('',#5295,#503);
#159=LINE('',#5296,#504);
#160=LINE('',#5300,#505);
#161=LINE('',#5302,#506);
#162=LINE('',#5304,#507);
#163=LINE('',#5306,#508);
#164=LINE('',#5308,#509);
#165=LINE('',#5310,#510);
#166=LINE('',#5312,#511);
#167=LINE('',#5314,#512);
#168=LINE('',#5316,#513);
#169=LINE('',#5317,#514);
#170=LINE('',#5318,#515);
#171=LINE('',#5321,#516);
#172=LINE('',#5323,#517);
#173=LINE('',#5324,#518);
#174=LINE('',#5327,#519);
#175=LINE('',#5329,#520);
#176=LINE('',#5330,#521);
#177=LINE('',#5334,#522);
#178=LINE('',#5336,#523);
#179=LINE('',#5338,#524);
#180=LINE('',#5339,#525);
#181=LINE('',#5343,#526);
#182=LINE('',#5345,#527);
#183=LINE('',#5347,#528);
#184=LINE('',#5348,#529);
#185=LINE('',#5351,#530);
#186=LINE('',#5353,#531);
#187=LINE('',#5354,#532);
#188=LINE('',#5356,#533);
#189=LINE('',#5357,#534);
#190=LINE('',#5358,#535);
#191=LINE('',#5360,#536);
#192=LINE('',#5362,#537);
#193=LINE('',#5364,#538);
#194=LINE('',#5365,#539);
#195=LINE('',#5367,#540);
#196=LINE('',#5368,#541);
#197=LINE('',#5371,#542);
#198=LINE('',#5373,#543);
#199=LINE('',#5377,#544);
#200=LINE('',#5379,#545);
#201=LINE('',#5381,#546);
#202=LINE('',#5383,#547);
#203=LINE('',#5385,#548);
#204=LINE('',#5389,#549);
#205=LINE('',#5391,#550);
#206=LINE('',#5392,#551);
#207=LINE('',#5393,#552);
#208=LINE('',#5395,#553);
#209=LINE('',#5397,#554);
#210=LINE('',#5398,#555);
#211=LINE('',#5401,#556);
#212=LINE('',#5402,#557);
#213=LINE('',#5405,#558);
#214=LINE('',#5407,#559);
#215=LINE('',#5408,#560);
#216=LINE('',#5412,#561);
#217=LINE('',#5414,#562);
#218=LINE('',#5416,#563);
#219=LINE('',#5417,#564);
#220=LINE('',#5421,#565);
#221=LINE('',#5423,#566);
#222=LINE('',#5425,#567);
#223=LINE('',#5426,#568);
#224=LINE('',#5429,#569);
#225=LINE('',#5431,#570);
#226=LINE('',#5432,#571);
#227=LINE('',#5434,#572);
#228=LINE('',#5435,#573);
#229=LINE('',#5437,#574);
#230=LINE('',#5438,#575);
#231=LINE('',#5440,#576);
#232=LINE('',#5441,#577);
#233=LINE('',#5443,#578);
#234=LINE('',#5445,#579);
#235=LINE('',#5449,#580);
#236=LINE('',#5451,#581);
#237=LINE('',#5453,#582);
#238=LINE('',#5455,#583);
#239=LINE('',#5457,#584);
#240=LINE('',#5459,#585);
#241=LINE('',#5461,#586);
#242=LINE('',#5462,#587);
#243=LINE('',#5463,#588);
#244=LINE('',#5466,#589);
#245=LINE('',#5468,#590);
#246=LINE('',#5469,#591);
#247=LINE('',#5473,#592);
#248=LINE('',#5478,#593);
#249=LINE('',#5483,#594);
#250=LINE('',#5490,#595);
#251=LINE('',#5495,#596);
#252=LINE('',#5502,#597);
#253=LINE('',#5508,#598);
#254=LINE('',#5510,#599);
#255=LINE('',#5512,#600);
#256=LINE('',#5514,#601);
#257=LINE('',#5518,#602);
#258=LINE('',#5520,#603);
#259=LINE('',#5521,#604);
#260=LINE('',#5526,#605);
#261=LINE('',#5533,#606);
#262=LINE('',#5540,#607);
#263=LINE('',#5547,#608);
#264=LINE('',#5554,#609);
#265=LINE('',#5561,#610);
#266=LINE('',#5566,#611);
#267=LINE('',#5568,#612);
#268=LINE('',#5570,#613);
#269=LINE('',#5571,#614);
#270=LINE('',#5574,#615);
#271=LINE('',#5576,#616);
#272=LINE('',#5578,#617);
#273=LINE('',#5580,#618);
#274=LINE('',#5587,#619);
#275=LINE('',#5590,#620);
#276=LINE('',#5593,#621);
#277=LINE('',#5596,#622);
#278=LINE('',#5600,#623);
#279=LINE('',#5602,#624);
#280=LINE('',#5609,#625);
#281=LINE('',#5613,#626);
#282=LINE('',#5615,#627);
#283=LINE('',#5622,#628);
#284=LINE('',#5626,#629);
#285=LINE('',#5630,#630);
#286=LINE('',#5632,#631);
#287=LINE('',#5633,#632);
#288=LINE('',#5636,#633);
#289=LINE('',#5640,#634);
#290=LINE('',#5644,#635);
#291=LINE('',#5648,#636);
#292=LINE('',#5650,#637);
#293=LINE('',#5651,#638);
#294=LINE('',#5654,#639);
#295=LINE('',#5657,#640);
#296=LINE('',#5660,#641);
#297=LINE('',#5663,#642);
#298=LINE('',#5670,#643);
#299=LINE('',#5677,#644);
#300=LINE('',#5684,#645);
#301=LINE('',#5688,#646);
#302=LINE('',#5691,#647);
#303=LINE('',#5694,#648);
#304=LINE('',#5697,#649);
#305=LINE('',#5702,#650);
#306=LINE('',#5708,#651);
#307=LINE('',#5728,#652);
#308=LINE('',#5732,#653);
#309=LINE('',#5743,#654);
#310=LINE('',#5747,#655);
#311=LINE('',#5750,#656);
#312=LINE('',#5752,#657);
#313=LINE('',#5757,#658);
#314=LINE('',#5761,#659);
#315=LINE('',#5765,#660);
#316=LINE('',#5769,#661);
#317=LINE('',#5773,#662);
#318=LINE('',#5774,#663);
#319=LINE('',#5777,#664);
#320=LINE('',#5778,#665);
#321=LINE('',#5780,#666);
#322=LINE('',#5784,#667);
#323=LINE('',#5785,#668);
#324=LINE('',#5786,#669);
#325=LINE('',#5789,#670);
#326=LINE('',#5790,#671);
#327=LINE('',#5793,#672);
#328=LINE('',#5794,#673);
#329=LINE('',#5798,#674);
#330=LINE('',#5802,#675);
#331=LINE('',#5803,#676);
#332=LINE('',#5807,#677);
#333=LINE('',#5811,#678);
#334=LINE('',#5817,#679);
#335=LINE('',#5820,#680);
#336=LINE('',#5825,#681);
#337=LINE('',#5830,#682);
#338=LINE('',#5834,#683);
#339=LINE('',#5835,#684);
#340=LINE('',#5841,#685);
#341=LINE('',#5847,#686);
#342=LINE('',#5850,#687);
#343=LINE('',#5856,#688);
#344=LINE('',#5862,#689);
#345=LINE('',#5866,#690);
#346=LINE('',#5868,#691);
#347=LINE('',#5870,#692);
#348=LINE('',#5871,#693);
#349=LINE('',#5875,#694);
#350=LINE('',#5877,#695);
#351=LINE('',#5878,#696);
#352=LINE('',#5883,#697);
#353=LINE('',#5886,#698);
#354=LINE('',#5887,#699);
#355=LINE('',#5893,#700);
#356=LINE('',#5898,#701);
#357=LINE('',#5905,#702);
#358=LINE('',#5910,#703);
#359=LINE('',#5917,#704);
#360=LINE('',#5922,#705);
#361=LINE('',#5926,#706);
#362=LINE('',#5927,#707);
#363=LINE('',#5931,#708);
#364=LINE('',#5933,#709);
#365=LINE('',#5935,#710);
#366=LINE('',#5937,#711);
#367=LINE('',#5945,#712);
#368=LINE('',#5951,#713);
#369=LINE('',#5954,#714);
#370=LINE('',#5956,#715);
#371=LINE('',#5963,#716);
#372=LINE('',#5966,#717);
#373=LINE('',#5968,#718);
#374=LINE('',#5972,#719);
#375=LINE('',#5975,#720);
#376=LINE('',#5977,#721);
#377=LINE('',#5979,#722);
#378=LINE('',#5983,#723);
#379=LINE('',#5986,#724);
#380=LINE('',#5987,#725);
#381=LINE('',#5991,#726);
#382=LINE('',#5993,#727);
#383=LINE('',#5994,#728);
#384=LINE('',#5998,#729);
#385=LINE('',#6002,#730);
#386=LINE('',#6009,#731);
#387=LINE('',#6014,#732);
#388=LINE('',#6018,#733);
#389=LINE('',#6020,#734);
#390=LINE('',#6021,#735);
#391=LINE('',#6024,#736);
#392=LINE('',#6026,#737);
#393=LINE('',#6027,#738);
#394=LINE('',#6033,#739);
#395=LINE('',#6038,#740);
#396=LINE('',#6045,#741);
#397=LINE('',#6056,#742);
#398=LINE('',#6059,#743);
#399=LINE('',#6060,#744);
#400=LINE('',#6068,#745);
#401=LINE('',#6071,#746);
#402=LINE('',#6077,#747);
#403=LINE('',#6080,#748);
#404=LINE('',#6086,#749);
#405=LINE('',#6091,#750);
#406=LINE('',#6098,#751);
#407=LINE('',#6103,#752);
#408=LINE('',#6107,#753);
#409=LINE('',#6108,#754);
#410=LINE('',#6112,#755);
#411=LINE('',#6115,#756);
#412=LINE('',#6118,#757);
#413=LINE('',#6120,#758);
#414=LINE('',#6121,#759);
#415=LINE('',#6124,#760);
#416=LINE('',#6126,#761);
#417=LINE('',#6127,#762);
#418=LINE('',#6133,#763);
#419=LINE('',#6138,#764);
#420=LINE('',#6142,#765);
#421=LINE('',#6144,#766);
#422=LINE('',#6148,#767);
#423=LINE('',#6151,#768);
#424=LINE('',#6154,#769);
#425=LINE('',#6156,#770);
#426=LINE('',#6159,#771);
#427=LINE('',#6165,#772);
#428=LINE('',#6168,#773);
#429=LINE('',#6169,#774);
#430=LINE('',#6176,#775);
#431=LINE('',#6179,#776);
#432=LINE('',#6182,#777);
#433=LINE('',#6183,#778);
#434=LINE('',#6186,#779);
#435=LINE('',#6188,#780);
#436=LINE('',#6189,#781);
#437=LINE('',#6200,#782);
#438=LINE('',#6201,#783);
#439=LINE('',#6205,#784);
#440=LINE('',#6206,#785);
#441=LINE('',#6207,#786);
#442=LINE('',#6209,#787);
#443=LINE('',#6213,#788);
#444=LINE('',#6215,#789);
#445=LINE('',#6216,#790);
#446=LINE('',#6217,#791);
#447=LINE('',#6225,#792);
#448=LINE('',#6227,#793);
#449=LINE('',#6231,#794);
#450=LINE('',#6233,#795);
#451=LINE('',#6235,#796);
#452=LINE('',#6236,#797);
#453=LINE('',#6239,#798);
#454=LINE('',#6241,#799);
#455=LINE('',#6242,#800);
#456=LINE('',#6245,#801);
#457=LINE('',#6247,#802);
#458=LINE('',#6248,#803);
#459=LINE('',#6250,#804);
#460=LINE('',#6251,#805);
#461=LINE('',#6254,#806);
#462=LINE('',#6255,#807);
#463=LINE('',#6258,#808);
#464=LINE('',#6259,#809);
#465=LINE('',#6262,#810);
#466=LINE('',#6264,#811);
#467=LINE('',#6266,#812);
#468=LINE('',#6267,#813);
#469=LINE('',#6269,#814);
#470=LINE('',#6270,#815);
#471=LINE('',#6273,#816);
#472=LINE('',#6274,#817);
#473=LINE('',#6277,#818);
#474=LINE('',#6278,#819);
#475=LINE('',#6282,#820);
#476=LINE('',#6284,#821);
#477=LINE('',#6285,#822);
#478=LINE('',#6288,#823);
#479=LINE('',#6289,#824);
#480=LINE('',#6292,#825);
#481=LINE('',#6293,#826);
#482=LINE('',#6295,#827);
#483=LINE('',#6296,#828);
#484=VECTOR('',#4108,1.);
#485=VECTOR('',#4133,1.);
#486=VECTOR('',#4134,1.);
#487=VECTOR('',#4135,1.);
#488=VECTOR('',#4138,1.);
#489=VECTOR('',#4139,1.);
#490=VECTOR('',#4140,1.);
#491=VECTOR('',#4141,1.);
#492=VECTOR('',#4142,1.);
#493=VECTOR('',#4143,1.);
#494=VECTOR('',#4144,1.);
#495=VECTOR('',#4147,1.);
#496=VECTOR('',#4148,1.);
#497=VECTOR('',#4149,1.);
#498=VECTOR('',#4152,1.);
#499=VECTOR('',#4157,1.);
#500=VECTOR('',#4158,1.);
#501=VECTOR('',#4159,1.);
#502=VECTOR('',#4164,1.);
#503=VECTOR('',#4165,1.);
#504=VECTOR('',#4166,1.);
#505=VECTOR('',#4169,1.);
#506=VECTOR('',#4170,1.);
#507=VECTOR('',#4171,1.);
#508=VECTOR('',#4172,1.);
#509=VECTOR('',#4173,1.);
#510=VECTOR('',#4174,1.);
#511=VECTOR('',#4175,1.);
#512=VECTOR('',#4176,1.);
#513=VECTOR('',#4177,1.);
#514=VECTOR('',#4178,1.);
#515=VECTOR('',#4179,1.);
#516=VECTOR('',#4182,1.);
#517=VECTOR('',#4183,1.);
#518=VECTOR('',#4184,1.);
#519=VECTOR('',#4187,1.);
#520=VECTOR('',#4188,1.);
#521=VECTOR('',#4189,1.);
#522=VECTOR('',#4192,1.);
#523=VECTOR('',#4193,1.);
#524=VECTOR('',#4194,1.);
#525=VECTOR('',#4195,1.);
#526=VECTOR('',#4198,1.);
#527=VECTOR('',#4199,1.);
#528=VECTOR('',#4200,1.);
#529=VECTOR('',#4201,1.);
#530=VECTOR('',#4204,1.);
#531=VECTOR('',#4205,1.);
#532=VECTOR('',#4206,1.);
#533=VECTOR('',#4209,1.);
#534=VECTOR('',#4210,1.);
#535=VECTOR('',#4211,1.);
#536=VECTOR('',#4212,1.);
#537=VECTOR('',#4213,1.);
#538=VECTOR('',#4214,1.);
#539=VECTOR('',#4215,1.);
#540=VECTOR('',#4218,1.);
#541=VECTOR('',#4219,1.);
#542=VECTOR('',#4222,1.);
#543=VECTOR('',#4223,1.);
#544=VECTOR('',#4226,1.);
#545=VECTOR('',#4227,1.);
#546=VECTOR('',#4228,1.);
#547=VECTOR('',#4229,1.);
#548=VECTOR('',#4230,1.);
#549=VECTOR('',#4233,1.);
#550=VECTOR('',#4234,1.);
#551=VECTOR('',#4235,1.);
#552=VECTOR('',#4236,1.);
#553=VECTOR('',#4237,1.);
#554=VECTOR('',#4238,1.);
#555=VECTOR('',#4239,1.);
#556=VECTOR('',#4242,1.);
#557=VECTOR('',#4243,1.);
#558=VECTOR('',#4246,1.);
#559=VECTOR('',#4247,1.);
#560=VECTOR('',#4248,1.);
#561=VECTOR('',#4251,1.);
#562=VECTOR('',#4252,1.);
#563=VECTOR('',#4253,1.);
#564=VECTOR('',#4254,1.);
#565=VECTOR('',#4257,1.);
#566=VECTOR('',#4258,1.);
#567=VECTOR('',#4259,1.);
#568=VECTOR('',#4260,1.);
#569=VECTOR('',#4263,1.);
#570=VECTOR('',#4264,1.);
#571=VECTOR('',#4265,1.);
#572=VECTOR('',#4268,1.);
#573=VECTOR('',#4269,1.);
#574=VECTOR('',#4270,1.);
#575=VECTOR('',#4271,1.);
#576=VECTOR('',#4272,1.);
#577=VECTOR('',#4273,1.);
#578=VECTOR('',#4276,1.);
#579=VECTOR('',#4279,1.);
#580=VECTOR('',#4282,1.);
#581=VECTOR('',#4283,1.);
#582=VECTOR('',#4284,1.);
#583=VECTOR('',#4285,1.);
#584=VECTOR('',#4286,1.);
#585=VECTOR('',#4287,1.);
#586=VECTOR('',#4288,1.);
#587=VECTOR('',#4289,1.);
#588=VECTOR('',#4290,1.);
#589=VECTOR('',#4293,1.);
#590=VECTOR('',#4294,1.);
#591=VECTOR('',#4295,1.);
#592=VECTOR('',#4300,0.24);
#593=VECTOR('',#4307,0.24);
#594=VECTOR('',#4314,0.24);
#595=VECTOR('',#4325,0.24);
#596=VECTOR('',#4332,0.24);
#597=VECTOR('',#4343,0.24);
#598=VECTOR('',#4352,1.);
#599=VECTOR('',#4353,0.1);
#600=VECTOR('',#4354,0.1);
#601=VECTOR('',#4355,0.1);
#602=VECTOR('',#4358,0.1);
#603=VECTOR('',#4359,0.1);
#604=VECTOR('',#4360,1.);
#605=VECTOR('',#4365,0.31);
#606=VECTOR('',#4374,0.31);
#607=VECTOR('',#4383,0.31);
#608=VECTOR('',#4392,0.31);
#609=VECTOR('',#4401,0.31);
#610=VECTOR('',#4410,0.31);
#611=VECTOR('',#4417,1.);
#612=VECTOR('',#4418,1.);
#613=VECTOR('',#4419,1.);
#614=VECTOR('',#4420,1.);
#615=VECTOR('',#4423,1.);
#616=VECTOR('',#4424,1.);
#617=VECTOR('',#4425,1.);
#618=VECTOR('',#4426,1.);
#619=VECTOR('',#4433,1.);
#620=VECTOR('',#4436,1.);
#621=VECTOR('',#4439,1.);
#622=VECTOR('',#4442,1.);
#623=VECTOR('',#4445,1.);
#624=VECTOR('',#4446,1.);
#625=VECTOR('',#4453,1.);
#626=VECTOR('',#4456,1.);
#627=VECTOR('',#4457,1.);
#628=VECTOR('',#4464,1.);
#629=VECTOR('',#4467,1.);
#630=VECTOR('',#4474,1.);
#631=VECTOR('',#4475,1.);
#632=VECTOR('',#4476,0.1);
#633=VECTOR('',#4479,1.);
#634=VECTOR('',#4484,1.);
#635=VECTOR('',#4489,1.);
#636=VECTOR('',#4494,1.);
#637=VECTOR('',#4495,1.);
#638=VECTOR('',#4496,0.1);
#639=VECTOR('',#4499,1.);
#640=VECTOR('',#4502,1.);
#641=VECTOR('',#4505,1.);
#642=VECTOR('',#4508,1.);
#643=VECTOR('',#4517,0.31);
#644=VECTOR('',#4526,0.24);
#645=VECTOR('',#4535,0.31);
#646=VECTOR('',#4540,1.);
#647=VECTOR('',#4543,1.);
#648=VECTOR('',#4546,1.);
#649=VECTOR('',#4549,1.);
#650=VECTOR('',#4554,0.24);
#651=VECTOR('',#4561,0.24);
#652=VECTOR('',#4586,0.24);
#653=VECTOR('',#4591,0.24);
#654=VECTOR('',#4606,0.31);
#655=VECTOR('',#4611,0.31);
#656=VECTOR('',#4614,0.1);
#657=VECTOR('',#4615,0.1);
#658=VECTOR('',#4620,0.1);
#659=VECTOR('',#4623,0.1);
#660=VECTOR('',#4628,0.31);
#661=VECTOR('',#4633,0.31);
#662=VECTOR('',#4638,0.1);
#663=VECTOR('',#4639,0.1);
#664=VECTOR('',#4642,0.1);
#665=VECTOR('',#4643,0.1);
#666=VECTOR('',#4646,0.1);
#667=VECTOR('',#4649,0.1);
#668=VECTOR('',#4650,0.1);
#669=VECTOR('',#4651,0.1);
#670=VECTOR('',#4654,0.1);
#671=VECTOR('',#4655,0.1);
#672=VECTOR('',#4658,0.1);
#673=VECTOR('',#4659,0.1);
#674=VECTOR('',#4662,1.);
#675=VECTOR('',#4665,0.1);
#676=VECTOR('',#4666,1.);
#677=VECTOR('',#4671,0.31);
#678=VECTOR('',#4676,0.31);
#679=VECTOR('',#4681,1.);
#680=VECTOR('',#4684,1.);
#681=VECTOR('',#4689,1.);
#682=VECTOR('',#4694,1.);
#683=VECTOR('',#4697,0.1);
#684=VECTOR('',#4698,1.);
#685=VECTOR('',#4705,1.);
#686=VECTOR('',#4710,1.);
#687=VECTOR('',#4713,1.);
#688=VECTOR('',#4720,1.);
#689=VECTOR('',#4727,1.);
#690=VECTOR('',#4730,1.);
#691=VECTOR('',#4731,1.);
#692=VECTOR('',#4732,0.999999999999999);
#693=VECTOR('',#4733,1.);
#694=VECTOR('',#4736,1.);
#695=VECTOR('',#4737,1.);
#696=VECTOR('',#4738,0.1);
#697=VECTOR('',#4743,1.);
#698=VECTOR('',#4746,0.1);
#699=VECTOR('',#4747,1.);
#700=VECTOR('',#4754,1.);
#701=VECTOR('',#4759,1.);
#702=VECTOR('',#4768,1.);
#703=VECTOR('',#4773,1.);
#704=VECTOR('',#4782,1.);
#705=VECTOR('',#4787,1.);
#706=VECTOR('',#4792,1.);
#707=VECTOR('',#4793,0.1);
#708=VECTOR('',#4798,1.);
#709=VECTOR('',#4801,0.1);
#710=VECTOR('',#4804,1.);
#711=VECTOR('',#4807,1.);
#712=VECTOR('',#4818,1.);
#713=VECTOR('',#4825,1.);
#714=VECTOR('',#4828,1.);
#715=VECTOR('',#4829,0.1);
#716=VECTOR('',#4838,1.);
#717=VECTOR('',#4841,1.);
#718=VECTOR('',#4842,0.1);
#719=VECTOR('',#4847,1.);
#720=VECTOR('',#4850,0.1);
#721=VECTOR('',#4853,1.);
#722=VECTOR('',#4856,1.);
#723=VECTOR('',#4859,1.);
#724=VECTOR('',#4862,0.1);
#725=VECTOR('',#4863,1.);
#726=VECTOR('',#4866,1.);
#727=VECTOR('',#4867,1.);
#728=VECTOR('',#4868,0.1);
#729=VECTOR('',#4873,1.);
#730=VECTOR('',#4878,1.);
#731=VECTOR('',#4887,1.);
#732=VECTOR('',#4892,1.);
#733=VECTOR('',#4897,1.);
#734=VECTOR('',#4898,0.1);
#735=VECTOR('',#4899,1.);
#736=VECTOR('',#4902,1.);
#737=VECTOR('',#4903,1.);
#738=VECTOR('',#4904,0.1);
#739=VECTOR('',#4911,1.);
#740=VECTOR('',#4916,1.);
#741=VECTOR('',#4925,1.);
#742=VECTOR('',#4942,1.);
#743=VECTOR('',#4947,1.);
#744=VECTOR('',#4948,0.999999999999999);
#745=VECTOR('',#4957,1.);
#746=VECTOR('',#4960,1.);
#747=VECTOR('',#4965,1.);
#748=VECTOR('',#4968,1.);
#749=VECTOR('',#4975,1.);
#750=VECTOR('',#4980,1.);
#751=VECTOR('',#4989,1.);
#752=VECTOR('',#4994,1.);
#753=VECTOR('',#4999,1.);
#754=VECTOR('',#5000,0.1);
#755=VECTOR('',#5005,1.);
#756=VECTOR('',#5008,0.1);
#757=VECTOR('',#5011,1.);
#758=VECTOR('',#5012,0.999999999999999);
#759=VECTOR('',#5013,1.);
#760=VECTOR('',#5016,1.);
#761=VECTOR('',#5017,1.);
#762=VECTOR('',#5018,0.999999999999999);
#763=VECTOR('',#5025,1.);
#764=VECTOR('',#5030,1.);
#765=VECTOR('',#5035,1.);
#766=VECTOR('',#5036,0.1);
#767=VECTOR('',#5041,1.);
#768=VECTOR('',#5044,0.1);
#769=VECTOR('',#5047,1.);
#770=VECTOR('',#5050,1.);
#771=VECTOR('',#5055,1.);
#772=VECTOR('',#5062,1.);
#773=VECTOR('',#5065,1.);
#774=VECTOR('',#5066,0.1);
#775=VECTOR('',#5075,1.);
#776=VECTOR('',#5078,1.);
#777=VECTOR('',#5083,1.);
#778=VECTOR('',#5084,0.1);
#779=VECTOR('',#5087,1.);
#780=VECTOR('',#5088,1.);
#781=VECTOR('',#5089,0.1);
#782=VECTOR('',#5110,0.1);
#783=VECTOR('',#5111,0.1);
#784=VECTOR('',#5118,0.1);
#785=VECTOR('',#5119,0.1);
#786=VECTOR('',#5120,1.);
#787=VECTOR('',#5123,1.);
#788=VECTOR('',#5128,1.);
#789=VECTOR('',#5131,0.1);
#790=VECTOR('',#5132,0.1);
#791=VECTOR('',#5133,1.);
#792=VECTOR('',#5148,1.);
#793=VECTOR('',#5151,1.);
#794=VECTOR('',#5154,1.);
#795=VECTOR('',#5155,1.);
#796=VECTOR('',#5156,1.);
#797=VECTOR('',#5157,1.);
#798=VECTOR('',#5160,1.);
#799=VECTOR('',#5161,1.);
#800=VECTOR('',#5162,1.);
#801=VECTOR('',#5165,1.);
#802=VECTOR('',#5166,1.);
#803=VECTOR('',#5167,1.);
#804=VECTOR('',#5170,1.);
#805=VECTOR('',#5171,1.);
#806=VECTOR('',#5174,1.);
#807=VECTOR('',#5175,1.);
#808=VECTOR('',#5178,1.);
#809=VECTOR('',#5179,1.);
#810=VECTOR('',#5182,1.);
#811=VECTOR('',#5183,1.);
#812=VECTOR('',#5184,1.);
#813=VECTOR('',#5185,1.);
#814=VECTOR('',#5188,1.);
#815=VECTOR('',#5189,1.);
#816=VECTOR('',#5192,1.);
#817=VECTOR('',#5193,1.);
#818=VECTOR('',#5196,1.);
#819=VECTOR('',#5197,1.);
#820=VECTOR('',#5202,1.);
#821=VECTOR('',#5203,1.);
#822=VECTOR('',#5204,1.);
#823=VECTOR('',#5207,1.);
#824=VECTOR('',#5208,1.);
#825=VECTOR('',#5211,1.);
#826=VECTOR('',#5212,1.);
#827=VECTOR('',#5215,1.);
#828=VECTOR('',#5216,1.);
#829=FACE_OUTER_BOUND('',#1031,.T.);
#830=FACE_OUTER_BOUND('',#1032,.T.);
#831=FACE_OUTER_BOUND('',#1033,.T.);
#832=FACE_OUTER_BOUND('',#1034,.T.);
#833=FACE_OUTER_BOUND('',#1035,.T.);
#834=FACE_OUTER_BOUND('',#1036,.T.);
#835=FACE_OUTER_BOUND('',#1037,.T.);
#836=FACE_OUTER_BOUND('',#1038,.T.);
#837=FACE_OUTER_BOUND('',#1039,.T.);
#838=FACE_OUTER_BOUND('',#1040,.T.);
#839=FACE_OUTER_BOUND('',#1041,.T.);
#840=FACE_OUTER_BOUND('',#1042,.T.);
#841=FACE_OUTER_BOUND('',#1043,.T.);
#842=FACE_OUTER_BOUND('',#1044,.T.);
#843=FACE_OUTER_BOUND('',#1045,.T.);
#844=FACE_OUTER_BOUND('',#1046,.T.);
#845=FACE_OUTER_BOUND('',#1047,.T.);
#846=FACE_OUTER_BOUND('',#1048,.T.);
#847=FACE_OUTER_BOUND('',#1049,.T.);
#848=FACE_OUTER_BOUND('',#1050,.T.);
#849=FACE_OUTER_BOUND('',#1051,.T.);
#850=FACE_OUTER_BOUND('',#1052,.T.);
#851=FACE_OUTER_BOUND('',#1053,.T.);
#852=FACE_OUTER_BOUND('',#1054,.T.);
#853=FACE_OUTER_BOUND('',#1055,.T.);
#854=FACE_OUTER_BOUND('',#1056,.T.);
#855=FACE_OUTER_BOUND('',#1057,.T.);
#856=FACE_OUTER_BOUND('',#1058,.T.);
#857=FACE_OUTER_BOUND('',#1059,.T.);
#858=FACE_OUTER_BOUND('',#1060,.T.);
#859=FACE_OUTER_BOUND('',#1062,.T.);
#860=FACE_OUTER_BOUND('',#1064,.T.);
#861=FACE_OUTER_BOUND('',#1066,.T.);
#862=FACE_OUTER_BOUND('',#1067,.T.);
#863=FACE_OUTER_BOUND('',#1069,.T.);
#864=FACE_OUTER_BOUND('',#1071,.T.);
#865=FACE_OUTER_BOUND('',#1072,.T.);
#866=FACE_OUTER_BOUND('',#1073,.T.);
#867=FACE_OUTER_BOUND('',#1074,.T.);
#868=FACE_OUTER_BOUND('',#1075,.T.);
#869=FACE_OUTER_BOUND('',#1076,.T.);
#870=FACE_OUTER_BOUND('',#1077,.T.);
#871=FACE_OUTER_BOUND('',#1079,.T.);
#872=FACE_OUTER_BOUND('',#1080,.T.);
#873=FACE_OUTER_BOUND('',#1082,.T.);
#874=FACE_OUTER_BOUND('',#1083,.T.);
#875=FACE_OUTER_BOUND('',#1085,.T.);
#876=FACE_OUTER_BOUND('',#1086,.T.);
#877=FACE_OUTER_BOUND('',#1088,.T.);
#878=FACE_OUTER_BOUND('',#1089,.T.);
#879=FACE_OUTER_BOUND('',#1091,.T.);
#880=FACE_OUTER_BOUND('',#1092,.T.);
#881=FACE_OUTER_BOUND('',#1094,.T.);
#882=FACE_OUTER_BOUND('',#1095,.T.);
#883=FACE_OUTER_BOUND('',#1096,.T.);
#884=FACE_OUTER_BOUND('',#1097,.T.);
#885=FACE_OUTER_BOUND('',#1098,.T.);
#886=FACE_OUTER_BOUND('',#1099,.T.);
#887=FACE_OUTER_BOUND('',#1100,.T.);
#888=FACE_OUTER_BOUND('',#1101,.T.);
#889=FACE_OUTER_BOUND('',#1102,.T.);
#890=FACE_OUTER_BOUND('',#1103,.T.);
#891=FACE_OUTER_BOUND('',#1104,.T.);
#892=FACE_OUTER_BOUND('',#1105,.T.);
#893=FACE_OUTER_BOUND('',#1106,.T.);
#894=FACE_OUTER_BOUND('',#1107,.T.);
#895=FACE_OUTER_BOUND('',#1108,.T.);
#896=FACE_OUTER_BOUND('',#1109,.T.);
#897=FACE_OUTER_BOUND('',#1110,.T.);
#898=FACE_OUTER_BOUND('',#1112,.T.);
#899=FACE_OUTER_BOUND('',#1113,.T.);
#900=FACE_OUTER_BOUND('',#1115,.T.);
#901=FACE_OUTER_BOUND('',#1116,.T.);
#902=FACE_OUTER_BOUND('',#1117,.T.);
#903=FACE_OUTER_BOUND('',#1118,.T.);
#904=FACE_OUTER_BOUND('',#1119,.T.);
#905=FACE_OUTER_BOUND('',#1120,.T.);
#906=FACE_OUTER_BOUND('',#1122,.T.);
#907=FACE_OUTER_BOUND('',#1124,.T.);
#908=FACE_OUTER_BOUND('',#1126,.T.);
#909=FACE_OUTER_BOUND('',#1128,.T.);
#910=FACE_OUTER_BOUND('',#1129,.T.);
#911=FACE_OUTER_BOUND('',#1130,.T.);
#912=FACE_OUTER_BOUND('',#1132,.T.);
#913=FACE_OUTER_BOUND('',#1134,.T.);
#914=FACE_OUTER_BOUND('',#1135,.T.);
#915=FACE_OUTER_BOUND('',#1136,.T.);
#916=FACE_OUTER_BOUND('',#1137,.T.);
#917=FACE_OUTER_BOUND('',#1138,.T.);
#918=FACE_OUTER_BOUND('',#1139,.T.);
#919=FACE_OUTER_BOUND('',#1140,.T.);
#920=FACE_OUTER_BOUND('',#1141,.T.);
#921=FACE_OUTER_BOUND('',#1143,.T.);
#922=FACE_OUTER_BOUND('',#1144,.T.);
#923=FACE_OUTER_BOUND('',#1145,.T.);
#924=FACE_OUTER_BOUND('',#1147,.T.);
#925=FACE_OUTER_BOUND('',#1148,.T.);
#926=FACE_OUTER_BOUND('',#1149,.T.);
#927=FACE_OUTER_BOUND('',#1150,.T.);
#928=FACE_OUTER_BOUND('',#1151,.T.);
#929=FACE_OUTER_BOUND('',#1152,.T.);
#930=FACE_OUTER_BOUND('',#1153,.T.);
#931=FACE_OUTER_BOUND('',#1154,.T.);
#932=FACE_OUTER_BOUND('',#1155,.T.);
#933=FACE_OUTER_BOUND('',#1156,.T.);
#934=FACE_OUTER_BOUND('',#1157,.T.);
#935=FACE_OUTER_BOUND('',#1158,.T.);
#936=FACE_OUTER_BOUND('',#1159,.T.);
#937=FACE_OUTER_BOUND('',#1160,.T.);
#938=FACE_OUTER_BOUND('',#1161,.T.);
#939=FACE_OUTER_BOUND('',#1162,.T.);
#940=FACE_OUTER_BOUND('',#1163,.T.);
#941=FACE_OUTER_BOUND('',#1164,.T.);
#942=FACE_OUTER_BOUND('',#1165,.T.);
#943=FACE_OUTER_BOUND('',#1166,.T.);
#944=FACE_OUTER_BOUND('',#1167,.T.);
#945=FACE_OUTER_BOUND('',#1168,.T.);
#946=FACE_OUTER_BOUND('',#1169,.T.);
#947=FACE_OUTER_BOUND('',#1170,.T.);
#948=FACE_OUTER_BOUND('',#1171,.T.);
#949=FACE_OUTER_BOUND('',#1172,.T.);
#950=FACE_OUTER_BOUND('',#1173,.T.);
#951=FACE_OUTER_BOUND('',#1174,.T.);
#952=FACE_OUTER_BOUND('',#1175,.T.);
#953=FACE_OUTER_BOUND('',#1176,.T.);
#954=FACE_OUTER_BOUND('',#1177,.T.);
#955=FACE_OUTER_BOUND('',#1178,.T.);
#956=FACE_OUTER_BOUND('',#1179,.T.);
#957=FACE_OUTER_BOUND('',#1180,.T.);
#958=FACE_OUTER_BOUND('',#1181,.T.);
#959=FACE_OUTER_BOUND('',#1182,.T.);
#960=FACE_OUTER_BOUND('',#1183,.T.);
#961=FACE_OUTER_BOUND('',#1184,.T.);
#962=FACE_OUTER_BOUND('',#1185,.T.);
#963=FACE_OUTER_BOUND('',#1186,.T.);
#964=FACE_OUTER_BOUND('',#1187,.T.);
#965=FACE_OUTER_BOUND('',#1188,.T.);
#966=FACE_OUTER_BOUND('',#1189,.T.);
#967=FACE_OUTER_BOUND('',#1190,.T.);
#968=FACE_OUTER_BOUND('',#1191,.T.);
#969=FACE_OUTER_BOUND('',#1192,.T.);
#970=FACE_OUTER_BOUND('',#1193,.T.);
#971=FACE_OUTER_BOUND('',#1194,.T.);
#972=FACE_OUTER_BOUND('',#1195,.T.);
#973=FACE_OUTER_BOUND('',#1196,.T.);
#974=FACE_OUTER_BOUND('',#1197,.T.);
#975=FACE_OUTER_BOUND('',#1198,.T.);
#976=FACE_OUTER_BOUND('',#1199,.T.);
#977=FACE_OUTER_BOUND('',#1200,.T.);
#978=FACE_OUTER_BOUND('',#1201,.T.);
#979=FACE_OUTER_BOUND('',#1202,.T.);
#980=FACE_OUTER_BOUND('',#1203,.T.);
#981=FACE_OUTER_BOUND('',#1204,.T.);
#982=FACE_OUTER_BOUND('',#1205,.T.);
#983=FACE_OUTER_BOUND('',#1206,.T.);
#984=FACE_OUTER_BOUND('',#1207,.T.);
#985=FACE_OUTER_BOUND('',#1208,.T.);
#986=FACE_OUTER_BOUND('',#1209,.T.);
#987=FACE_OUTER_BOUND('',#1210,.T.);
#988=FACE_OUTER_BOUND('',#1211,.T.);
#989=FACE_OUTER_BOUND('',#1212,.T.);
#990=FACE_OUTER_BOUND('',#1213,.T.);
#991=FACE_OUTER_BOUND('',#1214,.T.);
#992=FACE_OUTER_BOUND('',#1215,.T.);
#993=FACE_OUTER_BOUND('',#1216,.T.);
#994=FACE_OUTER_BOUND('',#1217,.T.);
#995=FACE_OUTER_BOUND('',#1218,.T.);
#996=FACE_OUTER_BOUND('',#1219,.T.);
#997=FACE_OUTER_BOUND('',#1220,.T.);
#998=FACE_OUTER_BOUND('',#1221,.T.);
#999=FACE_OUTER_BOUND('',#1222,.T.);
#1000=FACE_OUTER_BOUND('',#1223,.T.);
#1001=FACE_OUTER_BOUND('',#1224,.T.);
#1002=FACE_OUTER_BOUND('',#1225,.T.);
#1003=FACE_OUTER_BOUND('',#1226,.T.);
#1004=FACE_OUTER_BOUND('',#1227,.T.);
#1005=FACE_OUTER_BOUND('',#1233,.T.);
#1006=FACE_OUTER_BOUND('',#1234,.T.);
#1007=FACE_OUTER_BOUND('',#1235,.T.);
#1008=FACE_OUTER_BOUND('',#1241,.T.);
#1009=FACE_OUTER_BOUND('',#1242,.T.);
#1010=FACE_OUTER_BOUND('',#1243,.T.);
#1011=FACE_OUTER_BOUND('',#1244,.T.);
#1012=FACE_OUTER_BOUND('',#1245,.T.);
#1013=FACE_OUTER_BOUND('',#1246,.T.);
#1014=FACE_OUTER_BOUND('',#1247,.T.);
#1015=FACE_OUTER_BOUND('',#1248,.T.);
#1016=FACE_OUTER_BOUND('',#1249,.T.);
#1017=FACE_OUTER_BOUND('',#1250,.T.);
#1018=FACE_OUTER_BOUND('',#1251,.T.);
#1019=FACE_OUTER_BOUND('',#1252,.T.);
#1020=FACE_OUTER_BOUND('',#1253,.T.);
#1021=FACE_OUTER_BOUND('',#1254,.T.);
#1022=FACE_OUTER_BOUND('',#1255,.T.);
#1023=FACE_OUTER_BOUND('',#1256,.T.);
#1024=FACE_OUTER_BOUND('',#1257,.T.);
#1025=FACE_OUTER_BOUND('',#1265,.T.);
#1026=FACE_OUTER_BOUND('',#1266,.T.);
#1027=FACE_OUTER_BOUND('',#1267,.T.);
#1028=FACE_OUTER_BOUND('',#1268,.T.);
#1029=FACE_OUTER_BOUND('',#1269,.T.);
#1030=FACE_OUTER_BOUND('',#1270,.T.);
#1031=EDGE_LOOP('',(#2331));
#1032=EDGE_LOOP('',(#2332,#2333,#2334));
#1033=EDGE_LOOP('',(#2335));
#1034=EDGE_LOOP('',(#2336));
#1035=EDGE_LOOP('',(#2337));
#1036=EDGE_LOOP('',(#2338));
#1037=EDGE_LOOP('',(#2339,#2340,#2341,#2342));
#1038=EDGE_LOOP('',(#2343,#2344,#2345,#2346,#2347,#2348,#2349,#2350,#2351,
#2352,#2353,#2354,#2355,#2356));
#1039=EDGE_LOOP('',(#2357,#2358,#2359,#2360));
#1040=EDGE_LOOP('',(#2361,#2362,#2363,#2364));
#1041=EDGE_LOOP('',(#2365,#2366,#2367,#2368,#2369,#2370,#2371,#2372,#2373,
#2374,#2375,#2376));
#1042=EDGE_LOOP('',(#2377,#2378,#2379,#2380));
#1043=EDGE_LOOP('',(#2381,#2382,#2383,#2384));
#1044=EDGE_LOOP('',(#2385,#2386,#2387,#2388));
#1045=EDGE_LOOP('',(#2389,#2390,#2391,#2392));
#1046=EDGE_LOOP('',(#2393,#2394,#2395,#2396));
#1047=EDGE_LOOP('',(#2397,#2398,#2399,#2400,#2401,#2402,#2403,#2404,#2405,
#2406,#2407,#2408,#2409,#2410));
#1048=EDGE_LOOP('',(#2411,#2412,#2413,#2414));
#1049=EDGE_LOOP('',(#2415,#2416,#2417,#2418,#2419,#2420,#2421,#2422,#2423,
#2424,#2425,#2426,#2427,#2428,#2429,#2430,#2431,#2432,#2433,#2434,#2435,
#2436));
#1050=EDGE_LOOP('',(#2437,#2438,#2439,#2440,#2441,#2442));
#1051=EDGE_LOOP('',(#2443,#2444,#2445,#2446));
#1052=EDGE_LOOP('',(#2447,#2448,#2449,#2450));
#1053=EDGE_LOOP('',(#2451,#2452,#2453,#2454));
#1054=EDGE_LOOP('',(#2455,#2456,#2457,#2458));
#1055=EDGE_LOOP('',(#2459,#2460,#2461,#2462,#2463,#2464,#2465,#2466,#2467,
#2468,#2469,#2470));
#1056=EDGE_LOOP('',(#2471,#2472,#2473,#2474));
#1057=EDGE_LOOP('',(#2475,#2476,#2477,#2478));
#1058=EDGE_LOOP('',(#2479,#2480,#2481,#2482,#2483,#2484,#2485,#2486,#2487,
#2488,#2489));
#1059=EDGE_LOOP('',(#2490,#2491,#2492,#2493));
#1060=EDGE_LOOP('',(#2494,#2495,#2496,#2497));
#1061=EDGE_LOOP('',(#2498,#2499,#2500,#2501));
#1062=EDGE_LOOP('',(#2502,#2503,#2504,#2505));
#1063=EDGE_LOOP('',(#2506,#2507,#2508,#2509));
#1064=EDGE_LOOP('',(#2510,#2511,#2512,#2513));
#1065=EDGE_LOOP('',(#2514,#2515,#2516,#2517));
#1066=EDGE_LOOP('',(#2518,#2519,#2520,#2521));
#1067=EDGE_LOOP('',(#2522,#2523,#2524,#2525));
#1068=EDGE_LOOP('',(#2526,#2527,#2528,#2529));
#1069=EDGE_LOOP('',(#2530,#2531,#2532,#2533));
#1070=EDGE_LOOP('',(#2534,#2535,#2536,#2537));
#1071=EDGE_LOOP('',(#2538,#2539,#2540,#2541));
#1072=EDGE_LOOP('',(#2542,#2543,#2544,#2545,#2546,#2547,#2548,#2549));
#1073=EDGE_LOOP('',(#2550,#2551,#2552,#2553,#2554,#2555,#2556,#2557,#2558,
#2559,#2560,#2561));
#1074=EDGE_LOOP('',(#2562,#2563,#2564,#2565,#2566,#2567,#2568,#2569,#2570,
#2571,#2572,#2573,#2574,#2575));
#1075=EDGE_LOOP('',(#2576,#2577,#2578,#2579,#2580,#2581,#2582,#2583,#2584,
#2585,#2586));
#1076=EDGE_LOOP('',(#2587,#2588,#2589,#2590));
#1077=EDGE_LOOP('',(#2591));
#1078=EDGE_LOOP('',(#2592));
#1079=EDGE_LOOP('',(#2593,#2594,#2595,#2596));
#1080=EDGE_LOOP('',(#2597));
#1081=EDGE_LOOP('',(#2598));
#1082=EDGE_LOOP('',(#2599,#2600,#2601,#2602));
#1083=EDGE_LOOP('',(#2603));
#1084=EDGE_LOOP('',(#2604));
#1085=EDGE_LOOP('',(#2605,#2606,#2607,#2608));
#1086=EDGE_LOOP('',(#2609));
#1087=EDGE_LOOP('',(#2610));
#1088=EDGE_LOOP('',(#2611,#2612,#2613,#2614));
#1089=EDGE_LOOP('',(#2615));
#1090=EDGE_LOOP('',(#2616));
#1091=EDGE_LOOP('',(#2617,#2618,#2619,#2620));
#1092=EDGE_LOOP('',(#2621));
#1093=EDGE_LOOP('',(#2622));
#1094=EDGE_LOOP('',(#2623,#2624,#2625,#2626));
#1095=EDGE_LOOP('',(#2627,#2628,#2629,#2630,#2631,#2632));
#1096=EDGE_LOOP('',(#2633,#2634,#2635,#2636));
#1097=EDGE_LOOP('',(#2637,#2638,#2639,#2640));
#1098=EDGE_LOOP('',(#2641,#2642,#2643,#2644,#2645,#2646));
#1099=EDGE_LOOP('',(#2647,#2648,#2649,#2650,#2651,#2652));
#1100=EDGE_LOOP('',(#2653,#2654,#2655,#2656));
#1101=EDGE_LOOP('',(#2657,#2658,#2659,#2660,#2661,#2662));
#1102=EDGE_LOOP('',(#2663,#2664,#2665,#2666));
#1103=EDGE_LOOP('',(#2667,#2668,#2669,#2670));
#1104=EDGE_LOOP('',(#2671,#2672,#2673,#2674));
#1105=EDGE_LOOP('',(#2675,#2676,#2677,#2678,#2679,#2680));
#1106=EDGE_LOOP('',(#2681,#2682,#2683,#2684));
#1107=EDGE_LOOP('',(#2685,#2686,#2687,#2688));
#1108=EDGE_LOOP('',(#2689,#2690,#2691,#2692));
#1109=EDGE_LOOP('',(#2693,#2694,#2695,#2696));
#1110=EDGE_LOOP('',(#2697));
#1111=EDGE_LOOP('',(#2698));
#1112=EDGE_LOOP('',(#2699,#2700,#2701,#2702));
#1113=EDGE_LOOP('',(#2703));
#1114=EDGE_LOOP('',(#2704));
#1115=EDGE_LOOP('',(#2705,#2706,#2707,#2708));
#1116=EDGE_LOOP('',(#2709,#2710,#2711,#2712));
#1117=EDGE_LOOP('',(#2713,#2714,#2715,#2716));
#1118=EDGE_LOOP('',(#2717,#2718,#2719,#2720));
#1119=EDGE_LOOP('',(#2721,#2722,#2723,#2724));
#1120=EDGE_LOOP('',(#2725));
#1121=EDGE_LOOP('',(#2726));
#1122=EDGE_LOOP('',(#2727));
#1123=EDGE_LOOP('',(#2728));
#1124=EDGE_LOOP('',(#2729));
#1125=EDGE_LOOP('',(#2730));
#1126=EDGE_LOOP('',(#2731));
#1127=EDGE_LOOP('',(#2732));
#1128=EDGE_LOOP('',(#2733,#2734,#2735,#2736));
#1129=EDGE_LOOP('',(#2737,#2738,#2739,#2740));
#1130=EDGE_LOOP('',(#2741));
#1131=EDGE_LOOP('',(#2742));
#1132=EDGE_LOOP('',(#2743));
#1133=EDGE_LOOP('',(#2744));
#1134=EDGE_LOOP('',(#2745,#2746,#2747,#2748));
#1135=EDGE_LOOP('',(#2749,#2750,#2751,#2752));
#1136=EDGE_LOOP('',(#2753,#2754,#2755,#2756));
#1137=EDGE_LOOP('',(#2757,#2758,#2759,#2760));
#1138=EDGE_LOOP('',(#2761,#2762,#2763,#2764));
#1139=EDGE_LOOP('',(#2765,#2766,#2767,#2768));
#1140=EDGE_LOOP('',(#2769,#2770,#2771,#2772));
#1141=EDGE_LOOP('',(#2773,#2774,#2775,#2776));
#1142=EDGE_LOOP('',(#2777));
#1143=EDGE_LOOP('',(#2778,#2779,#2780,#2781));
#1144=EDGE_LOOP('',(#2782,#2783,#2784,#2785));
#1145=EDGE_LOOP('',(#2786,#2787,#2788,#2789));
#1146=EDGE_LOOP('',(#2790));
#1147=EDGE_LOOP('',(#2791,#2792,#2793,#2794));
#1148=EDGE_LOOP('',(#2795,#2796,#2797,#2798));
#1149=EDGE_LOOP('',(#2799,#2800,#2801,#2802));
#1150=EDGE_LOOP('',(#2803,#2804,#2805,#2806));
#1151=EDGE_LOOP('',(#2807,#2808,#2809,#2810));
#1152=EDGE_LOOP('',(#2811,#2812,#2813,#2814));
#1153=EDGE_LOOP('',(#2815,#2816,#2817,#2818));
#1154=EDGE_LOOP('',(#2819,#2820,#2821,#2822));
#1155=EDGE_LOOP('',(#2823,#2824,#2825,#2826));
#1156=EDGE_LOOP('',(#2827,#2828,#2829,#2830));
#1157=EDGE_LOOP('',(#2831,#2832,#2833,#2834));
#1158=EDGE_LOOP('',(#2835,#2836,#2837,#2838));
#1159=EDGE_LOOP('',(#2839,#2840,#2841,#2842));
#1160=EDGE_LOOP('',(#2843,#2844,#2845,#2846));
#1161=EDGE_LOOP('',(#2847,#2848,#2849,#2850));
#1162=EDGE_LOOP('',(#2851,#2852,#2853,#2854));
#1163=EDGE_LOOP('',(#2855,#2856,#2857,#2858));
#1164=EDGE_LOOP('',(#2859,#2860,#2861,#2862));
#1165=EDGE_LOOP('',(#2863,#2864,#2865,#2866));
#1166=EDGE_LOOP('',(#2867,#2868,#2869,#2870));
#1167=EDGE_LOOP('',(#2871,#2872,#2873,#2874));
#1168=EDGE_LOOP('',(#2875,#2876,#2877,#2878));
#1169=EDGE_LOOP('',(#2879,#2880,#2881,#2882));
#1170=EDGE_LOOP('',(#2883,#2884,#2885,#2886));
#1171=EDGE_LOOP('',(#2887,#2888,#2889,#2890,#2891,#2892));
#1172=EDGE_LOOP('',(#2893,#2894,#2895,#2896,#2897,#2898));
#1173=EDGE_LOOP('',(#2899,#2900,#2901,#2902));
#1174=EDGE_LOOP('',(#2903,#2904,#2905,#2906));
#1175=EDGE_LOOP('',(#2907,#2908,#2909,#2910));
#1176=EDGE_LOOP('',(#2911,#2912,#2913,#2914));
#1177=EDGE_LOOP('',(#2915,#2916,#2917,#2918));
#1178=EDGE_LOOP('',(#2919,#2920,#2921,#2922));
#1179=EDGE_LOOP('',(#2923,#2924,#2925,#2926,#2927,#2928));
#1180=EDGE_LOOP('',(#2929,#2930,#2931,#2932,#2933,#2934));
#1181=EDGE_LOOP('',(#2935,#2936,#2937,#2938));
#1182=EDGE_LOOP('',(#2939,#2940,#2941,#2942));
#1183=EDGE_LOOP('',(#2943,#2944,#2945,#2946,#2947,#2948));
#1184=EDGE_LOOP('',(#2949,#2950,#2951,#2952,#2953,#2954));
#1185=EDGE_LOOP('',(#2955,#2956,#2957,#2958));
#1186=EDGE_LOOP('',(#2959,#2960,#2961,#2962));
#1187=EDGE_LOOP('',(#2963,#2964,#2965,#2966));
#1188=EDGE_LOOP('',(#2967,#2968,#2969,#2970));
#1189=EDGE_LOOP('',(#2971,#2972,#2973,#2974));
#1190=EDGE_LOOP('',(#2975,#2976,#2977,#2978));
#1191=EDGE_LOOP('',(#2979,#2980,#2981,#2982));
#1192=EDGE_LOOP('',(#2983,#2984,#2985,#2986));
#1193=EDGE_LOOP('',(#2987,#2988,#2989,#2990));
#1194=EDGE_LOOP('',(#2991,#2992,#2993,#2994));
#1195=EDGE_LOOP('',(#2995,#2996,#2997,#2998));
#1196=EDGE_LOOP('',(#2999,#3000,#3001,#3002,#3003,#3004,#3005,#3006));
#1197=EDGE_LOOP('',(#3007,#3008,#3009,#3010,#3011,#3012,#3013,#3014));
#1198=EDGE_LOOP('',(#3015,#3016,#3017,#3018));
#1199=EDGE_LOOP('',(#3019,#3020,#3021,#3022));
#1200=EDGE_LOOP('',(#3023,#3024,#3025,#3026));
#1201=EDGE_LOOP('',(#3027,#3028,#3029,#3030));
#1202=EDGE_LOOP('',(#3031,#3032,#3033,#3034));
#1203=EDGE_LOOP('',(#3035,#3036,#3037,#3038));
#1204=EDGE_LOOP('',(#3039,#3040,#3041,#3042));
#1205=EDGE_LOOP('',(#3043,#3044,#3045,#3046));
#1206=EDGE_LOOP('',(#3047,#3048,#3049,#3050));
#1207=EDGE_LOOP('',(#3051,#3052,#3053,#3054));
#1208=EDGE_LOOP('',(#3055,#3056,#3057,#3058));
#1209=EDGE_LOOP('',(#3059,#3060,#3061,#3062));
#1210=EDGE_LOOP('',(#3063,#3064,#3065,#3066));
#1211=EDGE_LOOP('',(#3067,#3068,#3069,#3070));
#1212=EDGE_LOOP('',(#3071,#3072,#3073,#3074,#3075,#3076));
#1213=EDGE_LOOP('',(#3077,#3078,#3079,#3080,#3081,#3082,#3083,#3084));
#1214=EDGE_LOOP('',(#3085,#3086,#3087,#3088,#3089,#3090,#3091,#3092));
#1215=EDGE_LOOP('',(#3093,#3094,#3095,#3096));
#1216=EDGE_LOOP('',(#3097,#3098,#3099,#3100));
#1217=EDGE_LOOP('',(#3101,#3102,#3103,#3104));
#1218=EDGE_LOOP('',(#3105,#3106,#3107,#3108,#3109,#3110));
#1219=EDGE_LOOP('',(#3111,#3112,#3113,#3114));
#1220=EDGE_LOOP('',(#3115,#3116,#3117,#3118));
#1221=EDGE_LOOP('',(#3119,#3120,#3121,#3122));
#1222=EDGE_LOOP('',(#3123,#3124,#3125,#3126,#3127,#3128));
#1223=EDGE_LOOP('',(#3129,#3130,#3131,#3132,#3133,#3134));
#1224=EDGE_LOOP('',(#3135,#3136,#3137,#3138));
#1225=EDGE_LOOP('',(#3139,#3140,#3141,#3142));
#1226=EDGE_LOOP('',(#3143,#3144,#3145,#3146));
#1227=EDGE_LOOP('',(#3147,#3148,#3149,#3150,#3151,#3152,#3153,#3154,#3155,
#3156,#3157,#3158,#3159,#3160,#3161,#3162,#3163,#3164,#3165,#3166,#3167,
#3168,#3169,#3170,#3171,#3172,#3173));
#1228=EDGE_LOOP('',(#3174));
#1229=EDGE_LOOP('',(#3175,#3176,#3177,#3178,#3179,#3180,#3181,#3182,#3183,
#3184,#3185,#3186));
#1230=EDGE_LOOP('',(#3187,#3188,#3189,#3190,#3191,#3192,#3193,#3194,#3195,
#3196,#3197,#3198));
#1231=EDGE_LOOP('',(#3199));
#1232=EDGE_LOOP('',(#3200));
#1233=EDGE_LOOP('',(#3201,#3202,#3203,#3204,#3205,#3206,#3207,#3208,#3209));
#1234=EDGE_LOOP('',(#3210,#3211,#3212,#3213));
#1235=EDGE_LOOP('',(#3214,#3215,#3216,#3217,#3218,#3219,#3220,#3221,#3222,
#3223,#3224,#3225,#3226,#3227,#3228,#3229,#3230,#3231,#3232));
#1236=EDGE_LOOP('',(#3233,#3234,#3235,#3236,#3237,#3238,#3239,#3240,#3241,
#3242,#3243,#3244));
#1237=EDGE_LOOP('',(#3245,#3246,#3247,#3248,#3249,#3250,#3251,#3252,#3253,
#3254,#3255,#3256));
#1238=EDGE_LOOP('',(#3257));
#1239=EDGE_LOOP('',(#3258));
#1240=EDGE_LOOP('',(#3259));
#1241=EDGE_LOOP('',(#3260,#3261,#3262,#3263,#3264));
#1242=EDGE_LOOP('',(#3265,#3266,#3267,#3268));
#1243=EDGE_LOOP('',(#3269,#3270,#3271,#3272,#3273));
#1244=EDGE_LOOP('',(#3274,#3275,#3276,#3277));
#1245=EDGE_LOOP('',(#3278,#3279,#3280,#3281));
#1246=EDGE_LOOP('',(#3282,#3283,#3284,#3285));
#1247=EDGE_LOOP('',(#3286,#3287,#3288,#3289));
#1248=EDGE_LOOP('',(#3290,#3291,#3292,#3293));
#1249=EDGE_LOOP('',(#3294,#3295,#3296,#3297));
#1250=EDGE_LOOP('',(#3298,#3299,#3300,#3301,#3302,#3303,#3304,#3305,#3306,
#3307));
#1251=EDGE_LOOP('',(#3308,#3309,#3310,#3311));
#1252=EDGE_LOOP('',(#3312,#3313,#3314,#3315));
#1253=EDGE_LOOP('',(#3316,#3317,#3318,#3319,#3320,#3321));
#1254=EDGE_LOOP('',(#3322,#3323,#3324,#3325));
#1255=EDGE_LOOP('',(#3326,#3327,#3328,#3329));
#1256=EDGE_LOOP('',(#3330,#3331,#3332,#3333));
#1257=EDGE_LOOP('',(#3334,#3335,#3336,#3337,#3338,#3339,#3340));
#1258=EDGE_LOOP('',(#3341));
#1259=EDGE_LOOP('',(#3342));
#1260=EDGE_LOOP('',(#3343));
#1261=EDGE_LOOP('',(#3344));
#1262=EDGE_LOOP('',(#3345));
#1263=EDGE_LOOP('',(#3346));
#1264=EDGE_LOOP('',(#3347));
#1265=EDGE_LOOP('',(#3348,#3349,#3350,#3351));
#1266=EDGE_LOOP('',(#3352,#3353,#3354,#3355,#3356,#3357,#3358));
#1267=EDGE_LOOP('',(#3359,#3360,#3361,#3362,#3363,#3364,#3365));
#1268=EDGE_LOOP('',(#3366,#3367,#3368,#3369,#3370,#3371,#3372,#3373));
#1269=EDGE_LOOP('',(#3374,#3375,#3376,#3377));
#1270=EDGE_LOOP('',(#3378,#3379,#3380,#3381,#3382,#3383,#3384,#3385,#3386,
#3387,#3388,#3389));
#1271=EDGE_LOOP('',(#3390));
#1272=CIRCLE('',#3714,0.24);
#1273=CIRCLE('',#3716,0.24);
#1274=CIRCLE('',#3717,0.24);
#1275=CIRCLE('',#3719,0.24);
#1276=CIRCLE('',#3721,0.24);
#1277=CIRCLE('',#3723,0.24);
#1278=CIRCLE('',#3725,0.24);
#1279=CIRCLE('',#3727,0.24);
#1280=CIRCLE('',#3729,0.01);
#1281=CIRCLE('',#3730,0.01);
#1282=CIRCLE('',#3732,0.24);
#1283=CIRCLE('',#3734,0.24);
#1284=CIRCLE('',#3744,0.01);
#1285=CIRCLE('',#3745,0.01);
#1286=CIRCLE('',#3757,0.24);
#1287=CIRCLE('',#3758,0.24);
#1288=CIRCLE('',#3760,0.24);
#1289=CIRCLE('',#3761,0.24);
#1290=CIRCLE('',#3763,0.24);
#1291=CIRCLE('',#3764,0.24);
#1292=CIRCLE('',#3765,0.24);
#1293=CIRCLE('',#3768,0.24);
#1294=CIRCLE('',#3769,0.24);
#1295=CIRCLE('',#3771,0.24);
#1296=CIRCLE('',#3772,0.24);
#1297=CIRCLE('',#3773,0.24);
#1298=CIRCLE('',#3776,0.24);
#1299=CIRCLE('',#3777,0.24);
#1300=CIRCLE('',#3781,0.31);
#1301=CIRCLE('',#3783,0.31);
#1302=CIRCLE('',#3784,0.31);
#1303=CIRCLE('',#3787,0.31);
#1304=CIRCLE('',#3788,0.31);
#1305=CIRCLE('',#3791,0.31);
#1306=CIRCLE('',#3792,0.31);
#1307=CIRCLE('',#3795,0.31);
#1308=CIRCLE('',#3796,0.31);
#1309=CIRCLE('',#3799,0.31);
#1310=CIRCLE('',#3800,0.31);
#1311=CIRCLE('',#3803,0.31);
#1312=CIRCLE('',#3804,0.31);
#1313=CIRCLE('',#3808,0.01);
#1314=CIRCLE('',#3810,0.01);
#1315=CIRCLE('',#3811,0.01);
#1316=CIRCLE('',#3813,0.0099999999999989);
#1317=CIRCLE('',#3815,0.025);
#1318=CIRCLE('',#3816,0.4);
#1319=CIRCLE('',#3817,0.0250000000000004);
#1320=CIRCLE('',#3819,0.0250000000000004);
#1321=CIRCLE('',#3820,0.4);
#1322=CIRCLE('',#3821,0.025);
#1323=CIRCLE('',#3823,0.4);
#1324=CIRCLE('',#3824,0.4);
#1325=CIRCLE('',#3827,0.025);
#1326=CIRCLE('',#3829,0.4);
#1327=CIRCLE('',#3831,0.025);
#1328=CIRCLE('',#3834,0.025);
#1329=CIRCLE('',#3836,0.025);
#1330=CIRCLE('',#3838,0.4);
#1331=CIRCLE('',#3840,0.31);
#1332=CIRCLE('',#3841,0.31);
#1333=CIRCLE('',#3843,0.24);
#1334=CIRCLE('',#3845,0.24);
#1335=CIRCLE('',#3847,0.31);
#1336=CIRCLE('',#3849,0.31);
#1337=CIRCLE('',#3851,0.00999999999999979);
#1338=CIRCLE('',#3853,0.00999999999999979);
#1339=CIRCLE('',#3855,0.24);
#1340=CIRCLE('',#3856,0.24);
#1341=CIRCLE('',#3858,0.24);
#1342=CIRCLE('',#3859,0.24);
#1343=CIRCLE('',#3861,0.31);
#1344=CIRCLE('',#3862,0.24);
#1345=CIRCLE('',#3864,0.31);
#1346=CIRCLE('',#3865,0.24);
#1347=CIRCLE('',#3867,0.31);
#1348=CIRCLE('',#3869,0.31);
#1349=CIRCLE('',#3871,0.24);
#1350=CIRCLE('',#3873,0.24);
#1351=CIRCLE('',#3875,0.31);
#1352=CIRCLE('',#3877,0.31);
#1353=CIRCLE('',#3879,0.31);
#1354=CIRCLE('',#3881,0.31);
#1355=CIRCLE('',#3883,0.31);
#1356=CIRCLE('',#3885,0.31);
#1357=CIRCLE('',#3886,0.31);
#1358=CIRCLE('',#3888,0.31);
#1359=CIRCLE('',#3890,0.31);
#1360=CIRCLE('',#3898,0.4);
#1361=CIRCLE('',#3900,0.31);
#1362=CIRCLE('',#3902,0.31);
#1363=CIRCLE('',#3904,0.4);
#1364=CIRCLE('',#3905,0.4);
#1365=CIRCLE('',#3907,0.025);
#1366=CIRCLE('',#3908,0.025);
#1367=CIRCLE('',#3910,0.4);
#1368=CIRCLE('',#3912,0.025);
#1369=CIRCLE('',#3913,0.025);
#1370=CIRCLE('',#3915,0.025);
#1371=CIRCLE('',#3916,0.025);
#1372=CIRCLE('',#3918,0.4);
#1373=CIRCLE('',#3919,0.4);
#1374=CIRCLE('',#3921,0.025);
#1375=CIRCLE('',#3922,0.025);
#1376=CIRCLE('',#3925,0.4);
#1377=CIRCLE('',#3927,0.4);
#1378=CIRCLE('',#3929,0.0249999999999999);
#1379=CIRCLE('',#3930,0.025);
#1380=CIRCLE('',#3932,0.0249999999999999);
#1381=CIRCLE('',#3933,0.025);
#1382=CIRCLE('',#3935,0.399999999999999);
#1383=CIRCLE('',#3936,0.4);
#1384=CIRCLE('',#3938,0.399999999999999);
#1385=CIRCLE('',#3939,0.4);
#1386=CIRCLE('',#3941,0.0249999999999998);
#1387=CIRCLE('',#3942,0.025);
#1388=CIRCLE('',#3944,0.0249999999999998);
#1389=CIRCLE('',#3945,0.025);
#1390=CIRCLE('',#3947,0.4);
#1391=CIRCLE('',#3949,0.4);
#1392=CIRCLE('',#3955,0.025);
#1393=CIRCLE('',#3956,0.025);
#1394=CIRCLE('',#3958,0.4);
#1395=CIRCLE('',#3959,0.4);
#1396=CIRCLE('',#3961,0.4);
#1397=CIRCLE('',#3963,0.025);
#1398=CIRCLE('',#3964,0.025);
#1399=CIRCLE('',#3966,0.4);
#1400=CIRCLE('',#3968,0.4);
#1401=CIRCLE('',#3972,0.4);
#1402=CIRCLE('',#3974,0.4);
#1403=CIRCLE('',#3976,0.4);
#1404=CIRCLE('',#3978,0.4);
#1405=CIRCLE('',#3980,0.025);
#1406=CIRCLE('',#3981,0.025);
#1407=CIRCLE('',#3983,0.025);
#1408=CIRCLE('',#3984,0.025);
#1409=CIRCLE('',#3988,0.4);
#1410=CIRCLE('',#3989,0.4);
#1411=CIRCLE('',#3991,0.4);
#1412=CIRCLE('',#3992,0.4);
#1413=CIRCLE('',#3994,0.025);
#1414=CIRCLE('',#3995,0.025);
#1415=CIRCLE('',#3997,0.025);
#1416=CIRCLE('',#3998,0.025);
#1417=CIRCLE('',#4000,0.025);
#1418=CIRCLE('',#4001,0.025);
#1419=CIRCLE('',#4003,0.025);
#1420=CIRCLE('',#4004,0.025);
#1421=CIRCLE('',#4009,0.4);
#1422=CIRCLE('',#4010,0.4);
#1423=CIRCLE('',#4012,0.4);
#1424=CIRCLE('',#4013,0.4);
#1425=CIRCLE('',#4015,0.0249999999999998);
#1426=CIRCLE('',#4016,0.025);
#1427=CIRCLE('',#4018,0.0249999999999998);
#1428=CIRCLE('',#4019,0.025);
#1429=CIRCLE('',#4021,0.025);
#1430=CIRCLE('',#4022,0.025);
#1431=CIRCLE('',#4024,0.025);
#1432=CIRCLE('',#4025,0.025);
#1433=CIRCLE('',#4027,0.4);
#1434=CIRCLE('',#4029,0.4);
#1435=CIRCLE('',#4033,0.0250000000000004);
#1436=CIRCLE('',#4034,0.025);
#1437=CIRCLE('',#4036,0.0250000000000004);
#1438=CIRCLE('',#4037,0.025);
#1439=CIRCLE('',#4039,0.4);
#1440=CIRCLE('',#4041,0.4);
#1441=CIRCLE('',#4043,0.4);
#1442=CIRCLE('',#4047,0.025);
#1443=CIRCLE('',#4048,0.025);
#1444=CIRCLE('',#4050,0.4);
#1445=CIRCLE('',#4052,0.4);
#1446=CIRCLE('',#4053,0.4);
#1447=CIRCLE('',#4055,0.4);
#1448=CIRCLE('',#4059,0.025);
#1449=CIRCLE('',#4060,0.025);
#1450=CIRCLE('',#4064,0.4);
#1451=CIRCLE('',#4065,0.39);
#1452=CIRCLE('',#4067,0.4);
#1453=CIRCLE('',#4069,0.39);
#1454=CIRCLE('',#4076,0.4);
#1455=CIRCLE('',#4078,0.4);
#1456=VERTEX_POINT('',#5223);
#1457=VERTEX_POINT('',#5226);
#1458=VERTEX_POINT('',#5227);
#1459=VERTEX_POINT('',#5229);
#1460=VERTEX_POINT('',#5233);
#1461=VERTEX_POINT('',#5236);
#1462=VERTEX_POINT('',#5239);
#1463=VERTEX_POINT('',#5242);
#1464=VERTEX_POINT('',#5245);
#1465=VERTEX_POINT('',#5246);
#1466=VERTEX_POINT('',#5248);
#1467=VERTEX_POINT('',#5250);
#1468=VERTEX_POINT('',#5254);
#1469=VERTEX_POINT('',#5256);
#1470=VERTEX_POINT('',#5258);
#1471=VERTEX_POINT('',#5260);
#1472=VERTEX_POINT('',#5262);
#1473=VERTEX_POINT('',#5264);
#1474=VERTEX_POINT('',#5266);
#1475=VERTEX_POINT('',#5268);
#1476=VERTEX_POINT('',#5270);
#1477=VERTEX_POINT('',#5272);
#1478=VERTEX_POINT('',#5274);
#1479=VERTEX_POINT('',#5276);
#1480=VERTEX_POINT('',#5280);
#1481=VERTEX_POINT('',#5281);
#1482=VERTEX_POINT('',#5283);
#1483=VERTEX_POINT('',#5285);
#1484=VERTEX_POINT('',#5289);
#1485=VERTEX_POINT('',#5290);
#1486=VERTEX_POINT('',#5292);
#1487=VERTEX_POINT('',#5294);
#1488=VERTEX_POINT('',#5298);
#1489=VERTEX_POINT('',#5299);
#1490=VERTEX_POINT('',#5301);
#1491=VERTEX_POINT('',#5303);
#1492=VERTEX_POINT('',#5305);
#1493=VERTEX_POINT('',#5307);
#1494=VERTEX_POINT('',#5309);
#1495=VERTEX_POINT('',#5311);
#1496=VERTEX_POINT('',#5313);
#1497=VERTEX_POINT('',#5315);
#1498=VERTEX_POINT('',#5320);
#1499=VERTEX_POINT('',#5322);
#1500=VERTEX_POINT('',#5326);
#1501=VERTEX_POINT('',#5328);
#1502=VERTEX_POINT('',#5332);
#1503=VERTEX_POINT('',#5333);
#1504=VERTEX_POINT('',#5335);
#1505=VERTEX_POINT('',#5337);
#1506=VERTEX_POINT('',#5341);
#1507=VERTEX_POINT('',#5342);
#1508=VERTEX_POINT('',#5344);
#1509=VERTEX_POINT('',#5346);
#1510=VERTEX_POINT('',#5350);
#1511=VERTEX_POINT('',#5352);
#1512=VERTEX_POINT('',#5359);
#1513=VERTEX_POINT('',#5361);
#1514=VERTEX_POINT('',#5363);
#1515=VERTEX_POINT('',#5370);
#1516=VERTEX_POINT('',#5372);
#1517=VERTEX_POINT('',#5374);
#1518=VERTEX_POINT('',#5376);
#1519=VERTEX_POINT('',#5378);
#1520=VERTEX_POINT('',#5380);
#1521=VERTEX_POINT('',#5382);
#1522=VERTEX_POINT('',#5384);
#1523=VERTEX_POINT('',#5386);
#1524=VERTEX_POINT('',#5388);
#1525=VERTEX_POINT('',#5390);
#1526=VERTEX_POINT('',#5394);
#1527=VERTEX_POINT('',#5396);
#1528=VERTEX_POINT('',#5400);
#1529=VERTEX_POINT('',#5404);
#1530=VERTEX_POINT('',#5406);
#1531=VERTEX_POINT('',#5410);
#1532=VERTEX_POINT('',#5411);
#1533=VERTEX_POINT('',#5413);
#1534=VERTEX_POINT('',#5415);
#1535=VERTEX_POINT('',#5419);
#1536=VERTEX_POINT('',#5420);
#1537=VERTEX_POINT('',#5422);
#1538=VERTEX_POINT('',#5424);
#1539=VERTEX_POINT('',#5428);
#1540=VERTEX_POINT('',#5430);
#1541=VERTEX_POINT('',#5436);
#1542=VERTEX_POINT('',#5439);
#1543=VERTEX_POINT('',#5447);
#1544=VERTEX_POINT('',#5448);
#1545=VERTEX_POINT('',#5450);
#1546=VERTEX_POINT('',#5452);
#1547=VERTEX_POINT('',#5454);
#1548=VERTEX_POINT('',#5456);
#1549=VERTEX_POINT('',#5458);
#1550=VERTEX_POINT('',#5460);
#1551=VERTEX_POINT('',#5465);
#1552=VERTEX_POINT('',#5467);
#1553=VERTEX_POINT('',#5471);
#1554=VERTEX_POINT('',#5476);
#1555=VERTEX_POINT('',#5481);
#1556=VERTEX_POINT('',#5488);
#1557=VERTEX_POINT('',#5493);
#1558=VERTEX_POINT('',#5500);
#1559=VERTEX_POINT('',#5507);
#1560=VERTEX_POINT('',#5509);
#1561=VERTEX_POINT('',#5511);
#1562=VERTEX_POINT('',#5513);
#1563=VERTEX_POINT('',#5515);
#1564=VERTEX_POINT('',#5517);
#1565=VERTEX_POINT('',#5519);
#1566=VERTEX_POINT('',#5523);
#1567=VERTEX_POINT('',#5525);
#1568=VERTEX_POINT('',#5530);
#1569=VERTEX_POINT('',#5532);
#1570=VERTEX_POINT('',#5537);
#1571=VERTEX_POINT('',#5539);
#1572=VERTEX_POINT('',#5544);
#1573=VERTEX_POINT('',#5546);
#1574=VERTEX_POINT('',#5551);
#1575=VERTEX_POINT('',#5553);
#1576=VERTEX_POINT('',#5558);
#1577=VERTEX_POINT('',#5560);
#1578=VERTEX_POINT('',#5565);
#1579=VERTEX_POINT('',#5567);
#1580=VERTEX_POINT('',#5569);
#1581=VERTEX_POINT('',#5573);
#1582=VERTEX_POINT('',#5575);
#1583=VERTEX_POINT('',#5577);
#1584=VERTEX_POINT('',#5579);
#1585=VERTEX_POINT('',#5583);
#1586=VERTEX_POINT('',#5584);
#1587=VERTEX_POINT('',#5586);
#1588=VERTEX_POINT('',#5588);
#1589=VERTEX_POINT('',#5592);
#1590=VERTEX_POINT('',#5594);
#1591=VERTEX_POINT('',#5598);
#1592=VERTEX_POINT('',#5599);
#1593=VERTEX_POINT('',#5601);
#1594=VERTEX_POINT('',#5603);
#1595=VERTEX_POINT('',#5605);
#1596=VERTEX_POINT('',#5607);
#1597=VERTEX_POINT('',#5611);
#1598=VERTEX_POINT('',#5612);
#1599=VERTEX_POINT('',#5614);
#1600=VERTEX_POINT('',#5616);
#1601=VERTEX_POINT('',#5618);
#1602=VERTEX_POINT('',#5620);
#1603=VERTEX_POINT('',#5624);
#1604=VERTEX_POINT('',#5625);
#1605=VERTEX_POINT('',#5631);
#1606=VERTEX_POINT('',#5635);
#1607=VERTEX_POINT('',#5639);
#1608=VERTEX_POINT('',#5643);
#1609=VERTEX_POINT('',#5647);
#1610=VERTEX_POINT('',#5649);
#1611=VERTEX_POINT('',#5653);
#1612=VERTEX_POINT('',#5655);
#1613=VERTEX_POINT('',#5659);
#1614=VERTEX_POINT('',#5661);
#1615=VERTEX_POINT('',#5667);
#1616=VERTEX_POINT('',#5669);
#1617=VERTEX_POINT('',#5673);
#1618=VERTEX_POINT('',#5676);
#1619=VERTEX_POINT('',#5680);
#1620=VERTEX_POINT('',#5683);
#1621=VERTEX_POINT('',#5687);
#1622=VERTEX_POINT('',#5689);
#1623=VERTEX_POINT('',#5693);
#1624=VERTEX_POINT('',#5695);
#1625=VERTEX_POINT('',#5699);
#1626=VERTEX_POINT('',#5701);
#1627=VERTEX_POINT('',#5705);
#1628=VERTEX_POINT('',#5707);
#1629=VERTEX_POINT('',#5711);
#1630=VERTEX_POINT('',#5713);
#1631=VERTEX_POINT('',#5716);
#1632=VERTEX_POINT('',#5718);
#1633=VERTEX_POINT('',#5721);
#1634=VERTEX_POINT('',#5724);
#1635=VERTEX_POINT('',#5727);
#1636=VERTEX_POINT('',#5731);
#1637=VERTEX_POINT('',#5735);
#1638=VERTEX_POINT('',#5738);
#1639=VERTEX_POINT('',#5741);
#1640=VERTEX_POINT('',#5745);
#1641=VERTEX_POINT('',#5749);
#1642=VERTEX_POINT('',#5751);
#1643=VERTEX_POINT('',#5755);
#1644=VERTEX_POINT('',#5756);
#1645=VERTEX_POINT('',#5758);
#1646=VERTEX_POINT('',#5760);
#1647=VERTEX_POINT('',#5764);
#1648=VERTEX_POINT('',#5768);
#1649=VERTEX_POINT('',#5772);
#1650=VERTEX_POINT('',#5776);
#1651=VERTEX_POINT('',#5782);
#1652=VERTEX_POINT('',#5783);
#1653=VERTEX_POINT('',#5788);
#1654=VERTEX_POINT('',#5792);
#1655=VERTEX_POINT('',#5796);
#1656=VERTEX_POINT('',#5797);
#1657=VERTEX_POINT('',#5799);
#1658=VERTEX_POINT('',#5801);
#1659=VERTEX_POINT('',#5805);
#1660=VERTEX_POINT('',#5809);
#1661=VERTEX_POINT('',#5813);
#1662=VERTEX_POINT('',#5814);
#1663=VERTEX_POINT('',#5816);
#1664=VERTEX_POINT('',#5818);
#1665=VERTEX_POINT('',#5822);
#1666=VERTEX_POINT('',#5824);
#1667=VERTEX_POINT('',#5828);
#1668=VERTEX_POINT('',#5829);
#1669=VERTEX_POINT('',#5831);
#1670=VERTEX_POINT('',#5833);
#1671=VERTEX_POINT('',#5837);
#1672=VERTEX_POINT('',#5839);
#1673=VERTEX_POINT('',#5843);
#1674=VERTEX_POINT('',#5844);
#1675=VERTEX_POINT('',#5846);
#1676=VERTEX_POINT('',#5848);
#1677=VERTEX_POINT('',#5852);
#1678=VERTEX_POINT('',#5854);
#1679=VERTEX_POINT('',#5858);
#1680=VERTEX_POINT('',#5860);
#1681=VERTEX_POINT('',#5864);
#1682=VERTEX_POINT('',#5865);
#1683=VERTEX_POINT('',#5867);
#1684=VERTEX_POINT('',#5869);
#1685=VERTEX_POINT('',#5873);
#1686=VERTEX_POINT('',#5874);
#1687=VERTEX_POINT('',#5876);
#1688=VERTEX_POINT('',#5881);
#1689=VERTEX_POINT('',#5882);
#1690=VERTEX_POINT('',#5885);
#1691=VERTEX_POINT('',#5889);
#1692=VERTEX_POINT('',#5891);
#1693=VERTEX_POINT('',#5895);
#1694=VERTEX_POINT('',#5897);
#1695=VERTEX_POINT('',#5901);
#1696=VERTEX_POINT('',#5903);
#1697=VERTEX_POINT('',#5907);
#1698=VERTEX_POINT('',#5909);
#1699=VERTEX_POINT('',#5913);
#1700=VERTEX_POINT('',#5915);
#1701=VERTEX_POINT('',#5919);
#1702=VERTEX_POINT('',#5921);
#1703=VERTEX_POINT('',#5925);
#1704=VERTEX_POINT('',#5930);
#1705=VERTEX_POINT('',#5941);
#1706=VERTEX_POINT('',#5943);
#1707=VERTEX_POINT('',#5947);
#1708=VERTEX_POINT('',#5949);
#1709=VERTEX_POINT('',#5953);
#1710=VERTEX_POINT('',#5955);
#1711=VERTEX_POINT('',#5959);
#1712=VERTEX_POINT('',#5961);
#1713=VERTEX_POINT('',#5965);
#1714=VERTEX_POINT('',#5967);
#1715=VERTEX_POINT('',#5971);
#1716=VERTEX_POINT('',#5973);
#1717=VERTEX_POINT('',#5981);
#1718=VERTEX_POINT('',#5982);
#1719=VERTEX_POINT('',#5985);
#1720=VERTEX_POINT('',#5989);
#1721=VERTEX_POINT('',#5990);
#1722=VERTEX_POINT('',#5992);
#1723=VERTEX_POINT('',#5997);
#1724=VERTEX_POINT('',#6001);
#1725=VERTEX_POINT('',#6005);
#1726=VERTEX_POINT('',#6007);
#1727=VERTEX_POINT('',#6011);
#1728=VERTEX_POINT('',#6013);
#1729=VERTEX_POINT('',#6017);
#1730=VERTEX_POINT('',#6019);
#1731=VERTEX_POINT('',#6023);
#1732=VERTEX_POINT('',#6025);
#1733=VERTEX_POINT('',#6029);
#1734=VERTEX_POINT('',#6031);
#1735=VERTEX_POINT('',#6035);
#1736=VERTEX_POINT('',#6037);
#1737=VERTEX_POINT('',#6041);
#1738=VERTEX_POINT('',#6043);
#1739=VERTEX_POINT('',#6053);
#1740=VERTEX_POINT('',#6055);
#1741=VERTEX_POINT('',#6064);
#1742=VERTEX_POINT('',#6065);
#1743=VERTEX_POINT('',#6067);
#1744=VERTEX_POINT('',#6069);
#1745=VERTEX_POINT('',#6073);
#1746=VERTEX_POINT('',#6074);
#1747=VERTEX_POINT('',#6076);
#1748=VERTEX_POINT('',#6078);
#1749=VERTEX_POINT('',#6082);
#1750=VERTEX_POINT('',#6084);
#1751=VERTEX_POINT('',#6088);
#1752=VERTEX_POINT('',#6090);
#1753=VERTEX_POINT('',#6094);
#1754=VERTEX_POINT('',#6096);
#1755=VERTEX_POINT('',#6100);
#1756=VERTEX_POINT('',#6102);
#1757=VERTEX_POINT('',#6106);
#1758=VERTEX_POINT('',#6111);
#1759=VERTEX_POINT('',#6113);
#1760=VERTEX_POINT('',#6117);
#1761=VERTEX_POINT('',#6119);
#1762=VERTEX_POINT('',#6123);
#1763=VERTEX_POINT('',#6125);
#1764=VERTEX_POINT('',#6129);
#1765=VERTEX_POINT('',#6131);
#1766=VERTEX_POINT('',#6135);
#1767=VERTEX_POINT('',#6137);
#1768=VERTEX_POINT('',#6141);
#1769=VERTEX_POINT('',#6143);
#1770=VERTEX_POINT('',#6147);
#1771=VERTEX_POINT('',#6149);
#1772=VERTEX_POINT('',#6153);
#1773=VERTEX_POINT('',#6161);
#1774=VERTEX_POINT('',#6163);
#1775=VERTEX_POINT('',#6167);
#1776=VERTEX_POINT('',#6172);
#1777=VERTEX_POINT('',#6174);
#1778=VERTEX_POINT('',#6178);
#1779=VERTEX_POINT('',#6185);
#1780=VERTEX_POINT('',#6187);
#1781=VERTEX_POINT('',#6211);
#1782=VERTEX_POINT('',#6229);
#1783=VERTEX_POINT('',#6230);
#1784=VERTEX_POINT('',#6232);
#1785=VERTEX_POINT('',#6234);
#1786=VERTEX_POINT('',#6238);
#1787=VERTEX_POINT('',#6240);
#1788=VERTEX_POINT('',#6244);
#1789=VERTEX_POINT('',#6246);
#1790=VERTEX_POINT('',#6253);
#1791=VERTEX_POINT('',#6257);
#1792=VERTEX_POINT('',#6261);
#1793=VERTEX_POINT('',#6263);
#1794=VERTEX_POINT('',#6265);
#1795=VERTEX_POINT('',#6272);
#1796=VERTEX_POINT('',#6276);
#1797=VERTEX_POINT('',#6281);
#1798=VERTEX_POINT('',#6283);
#1799=VERTEX_POINT('',#6287);
#1800=VERTEX_POINT('',#6291);
#1801=EDGE_CURVE('',#1456,#1456,#1272,.T.);
#1802=EDGE_CURVE('',#1457,#1458,#139,.T.);
#1803=EDGE_CURVE('',#1459,#1457,#1273,.T.);
#1804=EDGE_CURVE('',#1458,#1459,#1274,.T.);
#1805=EDGE_CURVE('',#1460,#1460,#1275,.T.);
#1806=EDGE_CURVE('',#1461,#1461,#1276,.T.);
#1807=EDGE_CURVE('',#1462,#1462,#1277,.T.);
#1808=EDGE_CURVE('',#1463,#1463,#1278,.T.);
#1809=EDGE_CURVE('',#1464,#1465,#1279,.T.);
#1810=EDGE_CURVE('',#1466,#1465,#140,.T.);
#1811=EDGE_CURVE('',#1467,#1466,#141,.T.);
#1812=EDGE_CURVE('',#1464,#1467,#142,.T.);
#1813=EDGE_CURVE('',#1468,#1457,#143,.T.);
#1814=EDGE_CURVE('',#1458,#1469,#144,.T.);
#1815=EDGE_CURVE('',#1469,#1470,#145,.T.);
#1816=EDGE_CURVE('',#1471,#1470,#146,.T.);
#1817=EDGE_CURVE('',#1472,#1471,#147,.T.);
#1818=EDGE_CURVE('',#1473,#1472,#148,.T.);
#1819=EDGE_CURVE('',#1474,#1473,#149,.T.);
#1820=EDGE_CURVE('',#1474,#1475,#1280,.T.);
#1821=EDGE_CURVE('',#1475,#1476,#150,.T.);
#1822=EDGE_CURVE('',#1476,#1477,#151,.T.);
#1823=EDGE_CURVE('',#1477,#1478,#152,.T.);
#1824=EDGE_CURVE('',#1478,#1479,#1281,.T.);
#1825=EDGE_CURVE('',#1479,#1468,#153,.T.);
#1826=EDGE_CURVE('',#1480,#1481,#1282,.T.);
#1827=EDGE_CURVE('',#1481,#1482,#154,.T.);
#1828=EDGE_CURVE('',#1483,#1482,#155,.T.);
#1829=EDGE_CURVE('',#1480,#1483,#156,.T.);
#1830=EDGE_CURVE('',#1484,#1485,#1283,.T.);
#1831=EDGE_CURVE('',#1485,#1486,#157,.T.);
#1832=EDGE_CURVE('',#1487,#1486,#158,.T.);
#1833=EDGE_CURVE('',#1484,#1487,#159,.T.);
#1834=EDGE_CURVE('',#1488,#1489,#160,.T.);
#1835=EDGE_CURVE('',#1489,#1490,#161,.T.);
#1836=EDGE_CURVE('',#1490,#1491,#162,.T.);
#1837=EDGE_CURVE('',#1492,#1491,#163,.T.);
#1838=EDGE_CURVE('',#1492,#1493,#164,.T.);
#1839=EDGE_CURVE('',#1493,#1494,#165,.T.);
#1840=EDGE_CURVE('',#1494,#1495,#166,.T.);
#1841=EDGE_CURVE('',#1496,#1495,#167,.T.);
#1842=EDGE_CURVE('',#1496,#1497,#168,.T.);
#1843=EDGE_CURVE('',#1497,#1473,#169,.T.);
#1844=EDGE_CURVE('',#1488,#1472,#170,.T.);
#1845=EDGE_CURVE('',#1498,#1484,#171,.T.);
#1846=EDGE_CURVE('',#1499,#1487,#172,.T.);
#1847=EDGE_CURVE('',#1498,#1499,#173,.T.);
#1848=EDGE_CURVE('',#1500,#1464,#174,.T.);
#1849=EDGE_CURVE('',#1501,#1467,#175,.T.);
#1850=EDGE_CURVE('',#1500,#1501,#176,.T.);
#1851=EDGE_CURVE('',#1502,#1503,#177,.T.);
#1852=EDGE_CURVE('',#1504,#1503,#178,.T.);
#1853=EDGE_CURVE('',#1505,#1504,#179,.T.);
#1854=EDGE_CURVE('',#1502,#1505,#180,.T.);
#1855=EDGE_CURVE('',#1506,#1507,#181,.T.);
#1856=EDGE_CURVE('',#1507,#1508,#182,.T.);
#1857=EDGE_CURVE('',#1509,#1508,#183,.T.);
#1858=EDGE_CURVE('',#1506,#1509,#184,.T.);
#1859=EDGE_CURVE('',#1485,#1510,#185,.T.);
#1860=EDGE_CURVE('',#1511,#1510,#186,.T.);
#1861=EDGE_CURVE('',#1486,#1511,#187,.T.);
#1862=EDGE_CURVE('',#1509,#1511,#188,.T.);
#1863=EDGE_CURVE('',#1508,#1505,#189,.T.);
#1864=EDGE_CURVE('',#1501,#1504,#190,.T.);
#1865=EDGE_CURVE('',#1512,#1466,#191,.T.);
#1866=EDGE_CURVE('',#1513,#1512,#192,.T.);
#1867=EDGE_CURVE('',#1514,#1513,#193,.T.);
#1868=EDGE_CURVE('',#1499,#1514,#194,.T.);
#1869=EDGE_CURVE('',#1495,#1513,#195,.T.);
#1870=EDGE_CURVE('',#1514,#1494,#196,.T.);
#1871=EDGE_CURVE('',#1471,#1515,#197,.T.);
#1872=EDGE_CURVE('',#1515,#1516,#198,.T.);
#1873=EDGE_CURVE('',#1516,#1517,#1284,.T.);
#1874=EDGE_CURVE('',#1517,#1518,#199,.T.);
#1875=EDGE_CURVE('',#1518,#1519,#200,.T.);
#1876=EDGE_CURVE('',#1519,#1520,#201,.T.);
#1877=EDGE_CURVE('',#1520,#1521,#202,.T.);
#1878=EDGE_CURVE('',#1521,#1522,#203,.T.);
#1879=EDGE_CURVE('',#1522,#1523,#1285,.T.);
#1880=EDGE_CURVE('',#1524,#1523,#204,.T.);
#1881=EDGE_CURVE('',#1525,#1524,#205,.T.);
#1882=EDGE_CURVE('',#1496,#1525,#206,.T.);
#1883=EDGE_CURVE('',#1512,#1492,#207,.T.);
#1884=EDGE_CURVE('',#1491,#1526,#208,.T.);
#1885=EDGE_CURVE('',#1526,#1527,#209,.T.);
#1886=EDGE_CURVE('',#1527,#1488,#210,.T.);
#1887=EDGE_CURVE('',#1465,#1528,#211,.T.);
#1888=EDGE_CURVE('',#1528,#1493,#212,.T.);
#1889=EDGE_CURVE('',#1529,#1480,#213,.T.);
#1890=EDGE_CURVE('',#1530,#1483,#214,.T.);
#1891=EDGE_CURVE('',#1529,#1530,#215,.T.);
#1892=EDGE_CURVE('',#1531,#1532,#216,.T.);
#1893=EDGE_CURVE('',#1533,#1532,#217,.T.);
#1894=EDGE_CURVE('',#1534,#1533,#218,.T.);
#1895=EDGE_CURVE('',#1531,#1534,#219,.T.);
#1896=EDGE_CURVE('',#1535,#1536,#220,.T.);
#1897=EDGE_CURVE('',#1536,#1537,#221,.T.);
#1898=EDGE_CURVE('',#1538,#1537,#222,.T.);
#1899=EDGE_CURVE('',#1535,#1538,#223,.T.);
#1900=EDGE_CURVE('',#1481,#1539,#224,.T.);
#1901=EDGE_CURVE('',#1540,#1539,#225,.T.);
#1902=EDGE_CURVE('',#1482,#1540,#226,.T.);
#1903=EDGE_CURVE('',#1538,#1540,#227,.T.);
#1904=EDGE_CURVE('',#1537,#1534,#228,.T.);
#1905=EDGE_CURVE('',#1541,#1533,#229,.T.);
#1906=EDGE_CURVE('',#1527,#1541,#230,.T.);
#1907=EDGE_CURVE('',#1542,#1526,#231,.T.);
#1908=EDGE_CURVE('',#1530,#1542,#232,.T.);
#1909=EDGE_CURVE('',#1542,#1490,#233,.T.);
#1910=EDGE_CURVE('',#1541,#1489,#234,.T.);
#1911=EDGE_CURVE('',#1543,#1544,#235,.T.);
#1912=EDGE_CURVE('',#1544,#1545,#236,.T.);
#1913=EDGE_CURVE('',#1545,#1546,#237,.T.);
#1914=EDGE_CURVE('',#1546,#1547,#238,.T.);
#1915=EDGE_CURVE('',#1547,#1548,#239,.T.);
#1916=EDGE_CURVE('',#1548,#1549,#240,.T.);
#1917=EDGE_CURVE('',#1549,#1550,#241,.T.);
#1918=EDGE_CURVE('',#1550,#1497,#242,.T.);
#1919=EDGE_CURVE('',#1525,#1543,#243,.T.);
#1920=EDGE_CURVE('',#1551,#1548,#244,.T.);
#1921=EDGE_CURVE('',#1551,#1552,#245,.T.);
#1922=EDGE_CURVE('',#1552,#1549,#246,.T.);
#1923=EDGE_CURVE('',#1553,#1553,#1286,.T.);
#1924=EDGE_CURVE('',#1553,#1461,#247,.T.);
#1925=EDGE_CURVE('',#1539,#1529,#1287,.T.);
#1926=EDGE_CURVE('',#1554,#1554,#1288,.T.);
#1927=EDGE_CURVE('',#1554,#1463,#248,.T.);
#1928=EDGE_CURVE('',#1510,#1498,#1289,.T.);
#1929=EDGE_CURVE('',#1555,#1555,#1290,.T.);
#1930=EDGE_CURVE('',#1555,#1462,#249,.T.);
#1931=EDGE_CURVE('',#1536,#1531,#1291,.T.);
#1932=EDGE_CURVE('',#1532,#1535,#1292,.T.);
#1933=EDGE_CURVE('',#1556,#1556,#1293,.T.);
#1934=EDGE_CURVE('',#1556,#1456,#250,.T.);
#1935=EDGE_CURVE('',#1528,#1500,#1294,.T.);
#1936=EDGE_CURVE('',#1557,#1557,#1295,.T.);
#1937=EDGE_CURVE('',#1557,#1460,#251,.T.);
#1938=EDGE_CURVE('',#1507,#1502,#1296,.T.);
#1939=EDGE_CURVE('',#1503,#1506,#1297,.T.);
#1940=EDGE_CURVE('',#1558,#1558,#1298,.T.);
#1941=EDGE_CURVE('',#1558,#1459,#252,.T.);
#1942=EDGE_CURVE('',#1469,#1468,#1299,.T.);
#1943=EDGE_CURVE('',#1559,#1479,#253,.T.);
#1944=EDGE_CURVE('',#1560,#1559,#254,.T.);
#1945=EDGE_CURVE('',#1561,#1560,#255,.F.);
#1946=EDGE_CURVE('',#1562,#1561,#256,.F.);
#1947=EDGE_CURVE('',#1563,#1562,#1300,.T.);
#1948=EDGE_CURVE('',#1564,#1563,#257,.F.);
#1949=EDGE_CURVE('',#1564,#1565,#258,.T.);
#1950=EDGE_CURVE('',#1565,#1470,#259,.T.);
#1951=EDGE_CURVE('',#1566,#1566,#1301,.T.);
#1952=EDGE_CURVE('',#1566,#1567,#260,.T.);
#1953=EDGE_CURVE('',#1567,#1567,#1302,.T.);
#1954=EDGE_CURVE('',#1568,#1568,#1303,.T.);
#1955=EDGE_CURVE('',#1568,#1569,#261,.T.);
#1956=EDGE_CURVE('',#1569,#1569,#1304,.T.);
#1957=EDGE_CURVE('',#1570,#1570,#1305,.T.);
#1958=EDGE_CURVE('',#1570,#1571,#262,.T.);
#1959=EDGE_CURVE('',#1571,#1571,#1306,.T.);
#1960=EDGE_CURVE('',#1572,#1572,#1307,.T.);
#1961=EDGE_CURVE('',#1572,#1573,#263,.T.);
#1962=EDGE_CURVE('',#1573,#1573,#1308,.T.);
#1963=EDGE_CURVE('',#1574,#1574,#1309,.T.);
#1964=EDGE_CURVE('',#1574,#1575,#264,.T.);
#1965=EDGE_CURVE('',#1575,#1575,#1310,.T.);
#1966=EDGE_CURVE('',#1576,#1576,#1311,.T.);
#1967=EDGE_CURVE('',#1576,#1577,#265,.T.);
#1968=EDGE_CURVE('',#1577,#1577,#1312,.T.);
#1969=EDGE_CURVE('',#1515,#1578,#266,.T.);
#1970=EDGE_CURVE('',#1579,#1578,#267,.T.);
#1971=EDGE_CURVE('',#1580,#1579,#268,.T.);
#1972=EDGE_CURVE('',#1515,#1580,#269,.T.);
#1973=EDGE_CURVE('',#1470,#1581,#270,.T.);
#1974=EDGE_CURVE('',#1582,#1565,#271,.T.);
#1975=EDGE_CURVE('',#1583,#1582,#272,.T.);
#1976=EDGE_CURVE('',#1584,#1583,#273,.T.);
#1977=EDGE_CURVE('',#1581,#1584,#1313,.T.);
#1978=EDGE_CURVE('',#1585,#1586,#1314,.T.);
#1979=EDGE_CURVE('',#1586,#1587,#274,.T.);
#1980=EDGE_CURVE('',#1588,#1587,#1315,.T.);
#1981=EDGE_CURVE('',#1588,#1585,#275,.T.);
#1982=EDGE_CURVE('',#1522,#1589,#276,.T.);
#1983=EDGE_CURVE('',#1590,#1589,#1316,.T.);
#1984=EDGE_CURVE('',#1590,#1523,#277,.T.);
#1985=EDGE_CURVE('',#1591,#1592,#278,.T.);
#1986=EDGE_CURVE('',#1591,#1593,#279,.T.);
#1987=EDGE_CURVE('',#1594,#1593,#1317,.T.);
#1988=EDGE_CURVE('',#1594,#1595,#1318,.T.);
#1989=EDGE_CURVE('',#1596,#1595,#1319,.T.);
#1990=EDGE_CURVE('',#1596,#1592,#280,.T.);
#1991=EDGE_CURVE('',#1597,#1598,#281,.T.);
#1992=EDGE_CURVE('',#1599,#1597,#282,.T.);
#1993=EDGE_CURVE('',#1600,#1599,#1320,.T.);
#1994=EDGE_CURVE('',#1601,#1600,#1321,.T.);
#1995=EDGE_CURVE('',#1602,#1601,#1322,.T.);
#1996=EDGE_CURVE('',#1598,#1602,#283,.T.);
#1997=EDGE_CURVE('',#1603,#1604,#284,.T.);
#1998=EDGE_CURVE('',#1603,#1597,#1323,.F.);
#1999=EDGE_CURVE('',#1598,#1604,#1324,.T.);
#2000=EDGE_CURVE('',#1604,#1578,#285,.T.);
#2001=EDGE_CURVE('',#1605,#1602,#286,.T.);
#2002=EDGE_CURVE('',#1579,#1605,#287,.T.);
#2003=EDGE_CURVE('',#1601,#1606,#288,.T.);
#2004=EDGE_CURVE('',#1606,#1605,#1325,.T.);
#2005=EDGE_CURVE('',#1607,#1600,#289,.T.);
#2006=EDGE_CURVE('',#1606,#1607,#1326,.T.);
#2007=EDGE_CURVE('',#1599,#1608,#290,.T.);
#2008=EDGE_CURVE('',#1608,#1607,#1327,.T.);
#2009=EDGE_CURVE('',#1609,#1603,#291,.T.);
#2010=EDGE_CURVE('',#1609,#1610,#292,.T.);
#2011=EDGE_CURVE('',#1608,#1610,#293,.T.);
#2012=EDGE_CURVE('',#1593,#1611,#294,.T.);
#2013=EDGE_CURVE('',#1611,#1612,#1328,.T.);
#2014=EDGE_CURVE('',#1612,#1594,#295,.T.);
#2015=EDGE_CURVE('',#1595,#1613,#296,.T.);
#2016=EDGE_CURVE('',#1613,#1614,#1329,.T.);
#2017=EDGE_CURVE('',#1614,#1596,#297,.T.);
#2018=EDGE_CURVE('',#1612,#1613,#1330,.T.);
#2019=EDGE_CURVE('',#1615,#1615,#1331,.T.);
#2020=EDGE_CURVE('',#1615,#1616,#298,.T.);
#2021=EDGE_CURVE('',#1616,#1616,#1332,.T.);
#2022=EDGE_CURVE('',#1617,#1617,#1333,.F.);
#2023=EDGE_CURVE('',#1617,#1618,#299,.T.);
#2024=EDGE_CURVE('',#1618,#1618,#1334,.F.);
#2025=EDGE_CURVE('',#1619,#1619,#1335,.T.);
#2026=EDGE_CURVE('',#1619,#1620,#300,.T.);
#2027=EDGE_CURVE('',#1620,#1620,#1336,.T.);
#2028=EDGE_CURVE('',#1474,#1621,#301,.T.);
#2029=EDGE_CURVE('',#1621,#1622,#1337,.T.);
#2030=EDGE_CURVE('',#1622,#1475,#302,.T.);
#2031=EDGE_CURVE('',#1584,#1623,#303,.T.);
#2032=EDGE_CURVE('',#1624,#1623,#1338,.T.);
#2033=EDGE_CURVE('',#1624,#1581,#304,.T.);
#2034=EDGE_CURVE('',#1625,#1625,#1339,.F.);
#2035=EDGE_CURVE('',#1625,#1626,#305,.T.);
#2036=EDGE_CURVE('',#1626,#1626,#1340,.F.);
#2037=EDGE_CURVE('',#1627,#1627,#1341,.F.);
#2038=EDGE_CURVE('',#1627,#1628,#306,.T.);
#2039=EDGE_CURVE('',#1628,#1628,#1342,.F.);
#2040=EDGE_CURVE('',#1629,#1629,#1343,.T.);
#2041=EDGE_CURVE('',#1630,#1630,#1344,.T.);
#2042=EDGE_CURVE('',#1631,#1631,#1345,.T.);
#2043=EDGE_CURVE('',#1632,#1632,#1346,.T.);
#2044=EDGE_CURVE('',#1633,#1633,#1347,.T.);
#2045=EDGE_CURVE('',#1634,#1634,#1348,.T.);
#2046=EDGE_CURVE('',#1632,#1635,#307,.T.);
#2047=EDGE_CURVE('',#1635,#1635,#1349,.T.);
#2048=EDGE_CURVE('',#1630,#1636,#308,.T.);
#2049=EDGE_CURVE('',#1636,#1636,#1350,.F.);
#2050=EDGE_CURVE('',#1637,#1637,#1351,.T.);
#2051=EDGE_CURVE('',#1638,#1638,#1352,.T.);
#2052=EDGE_CURVE('',#1639,#1639,#1353,.T.);
#2053=EDGE_CURVE('',#1639,#1629,#309,.T.);
#2054=EDGE_CURVE('',#1640,#1640,#1354,.T.);
#2055=EDGE_CURVE('',#1640,#1631,#310,.T.);
#2056=EDGE_CURVE('',#1563,#1641,#311,.F.);
#2057=EDGE_CURVE('',#1562,#1642,#312,.F.);
#2058=EDGE_CURVE('',#1641,#1642,#1355,.T.);
#2059=EDGE_CURVE('',#1643,#1644,#313,.T.);
#2060=EDGE_CURVE('',#1643,#1645,#1356,.T.);
#2061=EDGE_CURVE('',#1645,#1646,#314,.T.);
#2062=EDGE_CURVE('',#1644,#1646,#1357,.F.);
#2063=EDGE_CURVE('',#1633,#1647,#315,.T.);
#2064=EDGE_CURVE('',#1647,#1647,#1358,.T.);
#2065=EDGE_CURVE('',#1634,#1648,#316,.T.);
#2066=EDGE_CURVE('',#1648,#1648,#1359,.T.);
#2067=EDGE_CURVE('',#1649,#1564,#317,.F.);
#2068=EDGE_CURVE('',#1649,#1641,#318,.F.);
#2069=EDGE_CURVE('',#1642,#1650,#319,.F.);
#2070=EDGE_CURVE('',#1650,#1649,#320,.T.);
#2071=EDGE_CURVE('',#1650,#1561,#321,.F.);
#2072=EDGE_CURVE('',#1651,#1652,#322,.T.);
#2073=EDGE_CURVE('',#1652,#1643,#323,.F.);
#2074=EDGE_CURVE('',#1651,#1644,#324,.F.);
#2075=EDGE_CURVE('',#1646,#1653,#325,.F.);
#2076=EDGE_CURVE('',#1653,#1651,#326,.F.);
#2077=EDGE_CURVE('',#1653,#1654,#327,.T.);
#2078=EDGE_CURVE('',#1645,#1654,#328,.F.);
#2079=EDGE_CURVE('',#1655,#1656,#329,.T.);
#2080=EDGE_CURVE('',#1657,#1656,#1360,.T.);
#2081=EDGE_CURVE('',#1658,#1657,#330,.F.);
#2082=EDGE_CURVE('',#1655,#1658,#331,.T.);
#2083=EDGE_CURVE('',#1659,#1659,#1361,.T.);
#2084=EDGE_CURVE('',#1659,#1637,#332,.T.);
#2085=EDGE_CURVE('',#1660,#1660,#1362,.T.);
#2086=EDGE_CURVE('',#1660,#1638,#333,.T.);
#2087=EDGE_CURVE('',#1661,#1662,#1363,.T.);
#2088=EDGE_CURVE('',#1663,#1662,#334,.T.);
#2089=EDGE_CURVE('',#1664,#1663,#1364,.T.);
#2090=EDGE_CURVE('',#1661,#1664,#335,.T.);
#2091=EDGE_CURVE('',#1662,#1665,#1365,.T.);
#2092=EDGE_CURVE('',#1665,#1666,#336,.T.);
#2093=EDGE_CURVE('',#1666,#1663,#1366,.T.);
#2094=EDGE_CURVE('',#1667,#1668,#337,.T.);
#2095=EDGE_CURVE('',#1669,#1668,#1367,.F.);
#2096=EDGE_CURVE('',#1669,#1670,#338,.T.);
#2097=EDGE_CURVE('',#1667,#1670,#339,.T.);
#2098=EDGE_CURVE('',#1671,#1661,#1368,.T.);
#2099=EDGE_CURVE('',#1664,#1672,#1369,.T.);
#2100=EDGE_CURVE('',#1672,#1671,#340,.T.);
#2101=EDGE_CURVE('',#1673,#1674,#1370,.T.);
#2102=EDGE_CURVE('',#1674,#1675,#341,.T.);
#2103=EDGE_CURVE('',#1675,#1676,#1371,.T.);
#2104=EDGE_CURVE('',#1676,#1673,#342,.T.);
#2105=EDGE_CURVE('',#1677,#1673,#1372,.T.);
#2106=EDGE_CURVE('',#1676,#1678,#1373,.T.);
#2107=EDGE_CURVE('',#1677,#1678,#343,.T.);
#2108=EDGE_CURVE('',#1679,#1655,#1374,.T.);
#2109=EDGE_CURVE('',#1658,#1680,#1375,.T.);
#2110=EDGE_CURVE('',#1680,#1679,#344,.T.);
#2111=EDGE_CURVE('',#1681,#1682,#345,.T.);
#2112=EDGE_CURVE('',#1683,#1682,#346,.T.);
#2113=EDGE_CURVE('',#1683,#1684,#347,.T.);
#2114=EDGE_CURVE('',#1681,#1684,#348,.T.);
#2115=EDGE_CURVE('',#1685,#1686,#349,.T.);
#2116=EDGE_CURVE('',#1687,#1685,#350,.T.);
#2117=EDGE_CURVE('',#1687,#1477,#351,.F.);
#2118=EDGE_CURVE('',#1686,#1477,#1376,.T.);
#2119=EDGE_CURVE('',#1688,#1689,#352,.T.);
#2120=EDGE_CURVE('',#1582,#1689,#1377,.T.);
#2121=EDGE_CURVE('',#1690,#1582,#353,.F.);
#2122=EDGE_CURVE('',#1688,#1690,#354,.T.);
#2123=EDGE_CURVE('',#1691,#1688,#1378,.T.);
#2124=EDGE_CURVE('',#1690,#1692,#1379,.T.);
#2125=EDGE_CURVE('',#1692,#1691,#355,.T.);
#2126=EDGE_CURVE('',#1685,#1693,#1380,.T.);
#2127=EDGE_CURVE('',#1693,#1694,#356,.T.);
#2128=EDGE_CURVE('',#1694,#1687,#1381,.T.);
#2129=EDGE_CURVE('',#1695,#1691,#1382,.T.);
#2130=EDGE_CURVE('',#1696,#1692,#1383,.T.);
#2131=EDGE_CURVE('',#1695,#1696,#357,.T.);
#2132=EDGE_CURVE('',#1697,#1693,#1384,.T.);
#2133=EDGE_CURVE('',#1698,#1697,#358,.T.);
#2134=EDGE_CURVE('',#1698,#1694,#1385,.T.);
#2135=EDGE_CURVE('',#1699,#1695,#1386,.T.);
#2136=EDGE_CURVE('',#1696,#1700,#1387,.T.);
#2137=EDGE_CURVE('',#1700,#1699,#359,.T.);
#2138=EDGE_CURVE('',#1697,#1701,#1388,.T.);
#2139=EDGE_CURVE('',#1701,#1702,#360,.T.);
#2140=EDGE_CURVE('',#1702,#1698,#1389,.T.);
#2141=EDGE_CURVE('',#1703,#1699,#361,.T.);
#2142=EDGE_CURVE('',#1583,#1700,#362,.F.);
#2143=EDGE_CURVE('',#1703,#1583,#1390,.T.);
#2144=EDGE_CURVE('',#1704,#1701,#363,.T.);
#2145=EDGE_CURVE('',#1476,#1704,#1391,.T.);
#2146=EDGE_CURVE('',#1476,#1702,#364,.F.);
#2147=EDGE_CURVE('',#1704,#1686,#365,.T.);
#2148=EDGE_CURVE('',#1689,#1703,#366,.T.);
#2149=EDGE_CURVE('',#1705,#1677,#1392,.T.);
#2150=EDGE_CURVE('',#1678,#1706,#1393,.T.);
#2151=EDGE_CURVE('',#1706,#1705,#367,.T.);
#2152=EDGE_CURVE('',#1707,#1679,#1394,.T.);
#2153=EDGE_CURVE('',#1708,#1680,#1395,.T.);
#2154=EDGE_CURVE('',#1707,#1708,#368,.T.);
#2155=EDGE_CURVE('',#1709,#1705,#369,.T.);
#2156=EDGE_CURVE('',#1706,#1710,#370,.F.);
#2157=EDGE_CURVE('',#1709,#1710,#1396,.T.);
#2158=EDGE_CURVE('',#1711,#1707,#1397,.T.);
#2159=EDGE_CURVE('',#1708,#1712,#1398,.T.);
#2160=EDGE_CURVE('',#1712,#1711,#371,.T.);
#2161=EDGE_CURVE('',#1713,#1711,#372,.T.);
#2162=EDGE_CURVE('',#1714,#1712,#373,.F.);
#2163=EDGE_CURVE('',#1713,#1714,#1399,.T.);
#2164=EDGE_CURVE('',#1674,#1715,#374,.T.);
#2165=EDGE_CURVE('',#1716,#1715,#1400,.T.);
#2166=EDGE_CURVE('',#1716,#1675,#375,.F.);
#2167=EDGE_CURVE('',#1715,#1709,#376,.T.);
#2168=EDGE_CURVE('',#1656,#1713,#377,.T.);
#2169=EDGE_CURVE('',#1717,#1718,#378,.T.);
#2170=EDGE_CURVE('',#1710,#1718,#1401,.T.);
#2171=EDGE_CURVE('',#1710,#1719,#379,.F.);
#2172=EDGE_CURVE('',#1717,#1719,#380,.T.);
#2173=EDGE_CURVE('',#1720,#1721,#381,.T.);
#2174=EDGE_CURVE('',#1722,#1721,#382,.T.);
#2175=EDGE_CURVE('',#1657,#1722,#383,.F.);
#2176=EDGE_CURVE('',#1720,#1657,#1402,.T.);
#2177=EDGE_CURVE('',#1723,#1720,#384,.T.);
#2178=EDGE_CURVE('',#1714,#1723,#1403,.T.);
#2179=EDGE_CURVE('',#1718,#1724,#385,.T.);
#2180=EDGE_CURVE('',#1724,#1716,#1404,.T.);
#2181=EDGE_CURVE('',#1725,#1717,#1405,.T.);
#2182=EDGE_CURVE('',#1719,#1726,#1406,.T.);
#2183=EDGE_CURVE('',#1726,#1725,#386,.T.);
#2184=EDGE_CURVE('',#1721,#1727,#1407,.T.);
#2185=EDGE_CURVE('',#1727,#1728,#387,.T.);
#2186=EDGE_CURVE('',#1728,#1722,#1408,.T.);
#2187=EDGE_CURVE('',#1729,#1723,#388,.T.);
#2188=EDGE_CURVE('',#1730,#1714,#389,.F.);
#2189=EDGE_CURVE('',#1729,#1730,#390,.T.);
#2190=EDGE_CURVE('',#1724,#1731,#391,.T.);
#2191=EDGE_CURVE('',#1732,#1731,#392,.T.);
#2192=EDGE_CURVE('',#1732,#1716,#393,.F.);
#2193=EDGE_CURVE('',#1733,#1725,#1409,.T.);
#2194=EDGE_CURVE('',#1726,#1734,#1410,.T.);
#2195=EDGE_CURVE('',#1733,#1734,#394,.T.);
#2196=EDGE_CURVE('',#1727,#1735,#1411,.T.);
#2197=EDGE_CURVE('',#1736,#1735,#395,.T.);
#2198=EDGE_CURVE('',#1728,#1736,#1412,.T.);
#2199=EDGE_CURVE('',#1737,#1729,#1413,.T.);
#2200=EDGE_CURVE('',#1730,#1738,#1414,.T.);
#2201=EDGE_CURVE('',#1738,#1737,#396,.T.);
#2202=EDGE_CURVE('',#1731,#1681,#1415,.T.);
#2203=EDGE_CURVE('',#1684,#1732,#1416,.T.);
#2204=EDGE_CURVE('',#1682,#1733,#1417,.T.);
#2205=EDGE_CURVE('',#1734,#1683,#1418,.T.);
#2206=EDGE_CURVE('',#1735,#1739,#1419,.T.);
#2207=EDGE_CURVE('',#1739,#1740,#397,.T.);
#2208=EDGE_CURVE('',#1740,#1736,#1420,.T.);
#2209=EDGE_CURVE('',#1739,#1737,#398,.T.);
#2210=EDGE_CURVE('',#1738,#1740,#399,.T.);
#2211=EDGE_CURVE('',#1741,#1742,#1421,.T.);
#2212=EDGE_CURVE('',#1743,#1741,#400,.T.);
#2213=EDGE_CURVE('',#1744,#1743,#1422,.T.);
#2214=EDGE_CURVE('',#1742,#1744,#401,.T.);
#2215=EDGE_CURVE('',#1745,#1746,#1423,.T.);
#2216=EDGE_CURVE('',#1747,#1746,#402,.T.);
#2217=EDGE_CURVE('',#1747,#1748,#1424,.T.);
#2218=EDGE_CURVE('',#1745,#1748,#403,.T.);
#2219=EDGE_CURVE('',#1745,#1749,#1425,.T.);
#2220=EDGE_CURVE('',#1748,#1750,#1426,.T.);
#2221=EDGE_CURVE('',#1750,#1749,#404,.T.);
#2222=EDGE_CURVE('',#1751,#1741,#1427,.T.);
#2223=EDGE_CURVE('',#1751,#1752,#405,.T.);
#2224=EDGE_CURVE('',#1752,#1743,#1428,.T.);
#2225=EDGE_CURVE('',#1742,#1753,#1429,.T.);
#2226=EDGE_CURVE('',#1744,#1754,#1430,.T.);
#2227=EDGE_CURVE('',#1754,#1753,#406,.T.);
#2228=EDGE_CURVE('',#1755,#1746,#1431,.T.);
#2229=EDGE_CURVE('',#1755,#1756,#407,.T.);
#2230=EDGE_CURVE('',#1756,#1747,#1432,.T.);
#2231=EDGE_CURVE('',#1757,#1749,#408,.T.);
#2232=EDGE_CURVE('',#1750,#1669,#409,.T.);
#2233=EDGE_CURVE('',#1757,#1669,#1433,.F.);
#2234=EDGE_CURVE('',#1758,#1751,#410,.T.);
#2235=EDGE_CURVE('',#1759,#1758,#1434,.F.);
#2236=EDGE_CURVE('',#1752,#1759,#411,.T.);
#2237=EDGE_CURVE('',#1753,#1760,#412,.T.);
#2238=EDGE_CURVE('',#1761,#1754,#413,.T.);
#2239=EDGE_CURVE('',#1760,#1761,#414,.T.);
#2240=EDGE_CURVE('',#1755,#1762,#415,.T.);
#2241=EDGE_CURVE('',#1763,#1762,#416,.T.);
#2242=EDGE_CURVE('',#1763,#1756,#417,.T.);
#2243=EDGE_CURVE('',#1760,#1764,#1435,.T.);
#2244=EDGE_CURVE('',#1761,#1765,#1436,.T.);
#2245=EDGE_CURVE('',#1765,#1764,#418,.T.);
#2246=EDGE_CURVE('',#1766,#1762,#1437,.T.);
#2247=EDGE_CURVE('',#1766,#1767,#419,.T.);
#2248=EDGE_CURVE('',#1767,#1763,#1438,.T.);
#2249=EDGE_CURVE('',#1764,#1768,#420,.T.);
#2250=EDGE_CURVE('',#1769,#1765,#421,.T.);
#2251=EDGE_CURVE('',#1768,#1769,#1439,.F.);
#2252=EDGE_CURVE('',#1766,#1770,#422,.T.);
#2253=EDGE_CURVE('',#1771,#1770,#1440,.F.);
#2254=EDGE_CURVE('',#1771,#1767,#423,.T.);
#2255=EDGE_CURVE('',#1668,#1772,#424,.T.);
#2256=EDGE_CURVE('',#1772,#1771,#1441,.F.);
#2257=EDGE_CURVE('',#1770,#1757,#425,.T.);
#2258=EDGE_CURVE('',#1758,#1768,#426,.T.);
#2259=EDGE_CURVE('',#1773,#1667,#1442,.T.);
#2260=EDGE_CURVE('',#1670,#1774,#1443,.T.);
#2261=EDGE_CURVE('',#1774,#1773,#427,.T.);
#2262=EDGE_CURVE('',#1775,#1671,#428,.T.);
#2263=EDGE_CURVE('',#1759,#1672,#429,.T.);
#2264=EDGE_CURVE('',#1775,#1759,#1444,.F.);
#2265=EDGE_CURVE('',#1776,#1773,#1445,.T.);
#2266=EDGE_CURVE('',#1774,#1777,#1446,.T.);
#2267=EDGE_CURVE('',#1776,#1777,#430,.T.);
#2268=EDGE_CURVE('',#1778,#1775,#431,.T.);
#2269=EDGE_CURVE('',#1769,#1778,#1447,.F.);
#2270=EDGE_CURVE('',#1665,#1778,#432,.T.);
#2271=EDGE_CURVE('',#1666,#1769,#433,.T.);
#2272=EDGE_CURVE('',#1772,#1779,#434,.T.);
#2273=EDGE_CURVE('',#1780,#1779,#435,.T.);
#2274=EDGE_CURVE('',#1780,#1771,#436,.T.);
#2275=EDGE_CURVE('',#1779,#1776,#1448,.T.);
#2276=EDGE_CURVE('',#1777,#1780,#1449,.T.);
#2277=EDGE_CURVE('',#1587,#1624,#1450,.T.);
#2278=EDGE_CURVE('',#1623,#1588,#1451,.T.);
#2279=EDGE_CURVE('',#1621,#1590,#1452,.T.);
#2280=EDGE_CURVE('',#1624,#1621,#437,.F.);
#2281=EDGE_CURVE('',#1587,#1590,#438,.F.);
#2282=EDGE_CURVE('',#1589,#1622,#1453,.T.);
#2283=EDGE_CURVE('',#1560,#1652,#439,.T.);
#2284=EDGE_CURVE('',#1580,#1654,#440,.T.);
#2285=EDGE_CURVE('',#1610,#1585,#441,.T.);
#2286=EDGE_CURVE('',#1516,#1559,#442,.T.);
#2287=EDGE_CURVE('',#1559,#1781,#15,.T.);
#2288=EDGE_CURVE('',#1781,#1517,#443,.T.);
#2289=EDGE_CURVE('',#1614,#1521,#444,.T.);
#2290=EDGE_CURVE('',#1518,#1611,#445,.T.);
#2291=EDGE_CURVE('',#1478,#1781,#446,.T.);
#2292=EDGE_CURVE('',#1519,#1591,#1454,.T.);
#2293=EDGE_CURVE('',#1592,#1520,#1455,.F.);
#2294=EDGE_CURVE('',#1609,#1586,#447,.T.);
#2295=EDGE_CURVE('',#1578,#1609,#448,.T.);
#2296=EDGE_CURVE('',#1782,#1783,#449,.T.);
#2297=EDGE_CURVE('',#1782,#1784,#450,.T.);
#2298=EDGE_CURVE('',#1784,#1785,#451,.T.);
#2299=EDGE_CURVE('',#1785,#1783,#452,.T.);
#2300=EDGE_CURVE('',#1784,#1786,#453,.T.);
#2301=EDGE_CURVE('',#1786,#1787,#454,.T.);
#2302=EDGE_CURVE('',#1787,#1785,#455,.T.);
#2303=EDGE_CURVE('',#1786,#1788,#456,.T.);
#2304=EDGE_CURVE('',#1788,#1789,#457,.T.);
#2305=EDGE_CURVE('',#1789,#1787,#458,.T.);
#2306=EDGE_CURVE('',#1581,#1550,#459,.T.);
#2307=EDGE_CURVE('',#1586,#1552,#460,.T.);
#2308=EDGE_CURVE('',#1547,#1790,#461,.T.);
#2309=EDGE_CURVE('',#1790,#1551,#462,.T.);
#2310=EDGE_CURVE('',#1546,#1791,#463,.T.);
#2311=EDGE_CURVE('',#1790,#1791,#464,.T.);
#2312=EDGE_CURVE('',#1545,#1792,#465,.T.);
#2313=EDGE_CURVE('',#1792,#1793,#466,.T.);
#2314=EDGE_CURVE('',#1793,#1794,#467,.T.);
#2315=EDGE_CURVE('',#1791,#1794,#468,.T.);
#2316=EDGE_CURVE('',#1792,#1782,#469,.T.);
#2317=EDGE_CURVE('',#1783,#1793,#470,.T.);
#2318=EDGE_CURVE('',#1795,#1543,#471,.T.);
#2319=EDGE_CURVE('',#1795,#1524,#472,.T.);
#2320=EDGE_CURVE('',#1796,#1792,#473,.T.);
#2321=EDGE_CURVE('',#1544,#1796,#474,.T.);
#2322=EDGE_CURVE('',#1793,#1797,#475,.T.);
#2323=EDGE_CURVE('',#1797,#1798,#476,.T.);
#2324=EDGE_CURVE('',#1794,#1798,#477,.T.);
#2325=EDGE_CURVE('',#1789,#1799,#478,.T.);
#2326=EDGE_CURVE('',#1799,#1797,#479,.T.);
#2327=EDGE_CURVE('',#1796,#1800,#480,.T.);
#2328=EDGE_CURVE('',#1788,#1800,#481,.T.);
#2329=EDGE_CURVE('',#1800,#1799,#482,.T.);
#2330=EDGE_CURVE('',#1798,#1795,#483,.T.);
#2331=ORIENTED_EDGE('',*,*,#1801,.F.);
#2332=ORIENTED_EDGE('',*,*,#1802,.F.);
#2333=ORIENTED_EDGE('',*,*,#1803,.F.);
#2334=ORIENTED_EDGE('',*,*,#1804,.F.);
#2335=ORIENTED_EDGE('',*,*,#1805,.F.);
#2336=ORIENTED_EDGE('',*,*,#1806,.F.);
#2337=ORIENTED_EDGE('',*,*,#1807,.F.);
#2338=ORIENTED_EDGE('',*,*,#1808,.F.);
#2339=ORIENTED_EDGE('',*,*,#1809,.T.);
#2340=ORIENTED_EDGE('',*,*,#1810,.F.);
#2341=ORIENTED_EDGE('',*,*,#1811,.F.);
#2342=ORIENTED_EDGE('',*,*,#1812,.F.);
#2343=ORIENTED_EDGE('',*,*,#1813,.T.);
#2344=ORIENTED_EDGE('',*,*,#1802,.T.);
#2345=ORIENTED_EDGE('',*,*,#1814,.T.);
#2346=ORIENTED_EDGE('',*,*,#1815,.T.);
#2347=ORIENTED_EDGE('',*,*,#1816,.F.);
#2348=ORIENTED_EDGE('',*,*,#1817,.F.);
#2349=ORIENTED_EDGE('',*,*,#1818,.F.);
#2350=ORIENTED_EDGE('',*,*,#1819,.F.);
#2351=ORIENTED_EDGE('',*,*,#1820,.T.);
#2352=ORIENTED_EDGE('',*,*,#1821,.T.);
#2353=ORIENTED_EDGE('',*,*,#1822,.T.);
#2354=ORIENTED_EDGE('',*,*,#1823,.T.);
#2355=ORIENTED_EDGE('',*,*,#1824,.T.);
#2356=ORIENTED_EDGE('',*,*,#1825,.T.);
#2357=ORIENTED_EDGE('',*,*,#1826,.T.);
#2358=ORIENTED_EDGE('',*,*,#1827,.T.);
#2359=ORIENTED_EDGE('',*,*,#1828,.F.);
#2360=ORIENTED_EDGE('',*,*,#1829,.F.);
#2361=ORIENTED_EDGE('',*,*,#1830,.T.);
#2362=ORIENTED_EDGE('',*,*,#1831,.T.);
#2363=ORIENTED_EDGE('',*,*,#1832,.F.);
#2364=ORIENTED_EDGE('',*,*,#1833,.F.);
#2365=ORIENTED_EDGE('',*,*,#1834,.T.);
#2366=ORIENTED_EDGE('',*,*,#1835,.T.);
#2367=ORIENTED_EDGE('',*,*,#1836,.T.);
#2368=ORIENTED_EDGE('',*,*,#1837,.F.);
#2369=ORIENTED_EDGE('',*,*,#1838,.T.);
#2370=ORIENTED_EDGE('',*,*,#1839,.T.);
#2371=ORIENTED_EDGE('',*,*,#1840,.T.);
#2372=ORIENTED_EDGE('',*,*,#1841,.F.);
#2373=ORIENTED_EDGE('',*,*,#1842,.T.);
#2374=ORIENTED_EDGE('',*,*,#1843,.T.);
#2375=ORIENTED_EDGE('',*,*,#1818,.T.);
#2376=ORIENTED_EDGE('',*,*,#1844,.F.);
#2377=ORIENTED_EDGE('',*,*,#1845,.T.);
#2378=ORIENTED_EDGE('',*,*,#1833,.T.);
#2379=ORIENTED_EDGE('',*,*,#1846,.F.);
#2380=ORIENTED_EDGE('',*,*,#1847,.F.);
#2381=ORIENTED_EDGE('',*,*,#1848,.T.);
#2382=ORIENTED_EDGE('',*,*,#1812,.T.);
#2383=ORIENTED_EDGE('',*,*,#1849,.F.);
#2384=ORIENTED_EDGE('',*,*,#1850,.F.);
#2385=ORIENTED_EDGE('',*,*,#1851,.T.);
#2386=ORIENTED_EDGE('',*,*,#1852,.F.);
#2387=ORIENTED_EDGE('',*,*,#1853,.F.);
#2388=ORIENTED_EDGE('',*,*,#1854,.F.);
#2389=ORIENTED_EDGE('',*,*,#1855,.T.);
#2390=ORIENTED_EDGE('',*,*,#1856,.T.);
#2391=ORIENTED_EDGE('',*,*,#1857,.F.);
#2392=ORIENTED_EDGE('',*,*,#1858,.F.);
#2393=ORIENTED_EDGE('',*,*,#1859,.T.);
#2394=ORIENTED_EDGE('',*,*,#1860,.F.);
#2395=ORIENTED_EDGE('',*,*,#1861,.F.);
#2396=ORIENTED_EDGE('',*,*,#1831,.F.);
#2397=ORIENTED_EDGE('',*,*,#1861,.T.);
#2398=ORIENTED_EDGE('',*,*,#1862,.F.);
#2399=ORIENTED_EDGE('',*,*,#1857,.T.);
#2400=ORIENTED_EDGE('',*,*,#1863,.T.);
#2401=ORIENTED_EDGE('',*,*,#1853,.T.);
#2402=ORIENTED_EDGE('',*,*,#1864,.F.);
#2403=ORIENTED_EDGE('',*,*,#1849,.T.);
#2404=ORIENTED_EDGE('',*,*,#1811,.T.);
#2405=ORIENTED_EDGE('',*,*,#1865,.F.);
#2406=ORIENTED_EDGE('',*,*,#1866,.F.);
#2407=ORIENTED_EDGE('',*,*,#1867,.F.);
#2408=ORIENTED_EDGE('',*,*,#1868,.F.);
#2409=ORIENTED_EDGE('',*,*,#1846,.T.);
#2410=ORIENTED_EDGE('',*,*,#1832,.T.);
#2411=ORIENTED_EDGE('',*,*,#1867,.T.);
#2412=ORIENTED_EDGE('',*,*,#1869,.F.);
#2413=ORIENTED_EDGE('',*,*,#1840,.F.);
#2414=ORIENTED_EDGE('',*,*,#1870,.F.);
#2415=ORIENTED_EDGE('',*,*,#1817,.T.);
#2416=ORIENTED_EDGE('',*,*,#1871,.T.);
#2417=ORIENTED_EDGE('',*,*,#1872,.T.);
#2418=ORIENTED_EDGE('',*,*,#1873,.T.);
#2419=ORIENTED_EDGE('',*,*,#1874,.T.);
#2420=ORIENTED_EDGE('',*,*,#1875,.T.);
#2421=ORIENTED_EDGE('',*,*,#1876,.T.);
#2422=ORIENTED_EDGE('',*,*,#1877,.T.);
#2423=ORIENTED_EDGE('',*,*,#1878,.T.);
#2424=ORIENTED_EDGE('',*,*,#1879,.T.);
#2425=ORIENTED_EDGE('',*,*,#1880,.F.);
#2426=ORIENTED_EDGE('',*,*,#1881,.F.);
#2427=ORIENTED_EDGE('',*,*,#1882,.F.);
#2428=ORIENTED_EDGE('',*,*,#1841,.T.);
#2429=ORIENTED_EDGE('',*,*,#1869,.T.);
#2430=ORIENTED_EDGE('',*,*,#1866,.T.);
#2431=ORIENTED_EDGE('',*,*,#1883,.T.);
#2432=ORIENTED_EDGE('',*,*,#1837,.T.);
#2433=ORIENTED_EDGE('',*,*,#1884,.T.);
#2434=ORIENTED_EDGE('',*,*,#1885,.T.);
#2435=ORIENTED_EDGE('',*,*,#1886,.T.);
#2436=ORIENTED_EDGE('',*,*,#1844,.T.);
#2437=ORIENTED_EDGE('',*,*,#1865,.T.);
#2438=ORIENTED_EDGE('',*,*,#1810,.T.);
#2439=ORIENTED_EDGE('',*,*,#1887,.T.);
#2440=ORIENTED_EDGE('',*,*,#1888,.T.);
#2441=ORIENTED_EDGE('',*,*,#1838,.F.);
#2442=ORIENTED_EDGE('',*,*,#1883,.F.);
#2443=ORIENTED_EDGE('',*,*,#1889,.T.);
#2444=ORIENTED_EDGE('',*,*,#1829,.T.);
#2445=ORIENTED_EDGE('',*,*,#1890,.F.);
#2446=ORIENTED_EDGE('',*,*,#1891,.F.);
#2447=ORIENTED_EDGE('',*,*,#1892,.T.);
#2448=ORIENTED_EDGE('',*,*,#1893,.F.);
#2449=ORIENTED_EDGE('',*,*,#1894,.F.);
#2450=ORIENTED_EDGE('',*,*,#1895,.F.);
#2451=ORIENTED_EDGE('',*,*,#1896,.T.);
#2452=ORIENTED_EDGE('',*,*,#1897,.T.);
#2453=ORIENTED_EDGE('',*,*,#1898,.F.);
#2454=ORIENTED_EDGE('',*,*,#1899,.F.);
#2455=ORIENTED_EDGE('',*,*,#1900,.T.);
#2456=ORIENTED_EDGE('',*,*,#1901,.F.);
#2457=ORIENTED_EDGE('',*,*,#1902,.F.);
#2458=ORIENTED_EDGE('',*,*,#1827,.F.);
#2459=ORIENTED_EDGE('',*,*,#1902,.T.);
#2460=ORIENTED_EDGE('',*,*,#1903,.F.);
#2461=ORIENTED_EDGE('',*,*,#1898,.T.);
#2462=ORIENTED_EDGE('',*,*,#1904,.T.);
#2463=ORIENTED_EDGE('',*,*,#1894,.T.);
#2464=ORIENTED_EDGE('',*,*,#1905,.F.);
#2465=ORIENTED_EDGE('',*,*,#1906,.F.);
#2466=ORIENTED_EDGE('',*,*,#1885,.F.);
#2467=ORIENTED_EDGE('',*,*,#1907,.F.);
#2468=ORIENTED_EDGE('',*,*,#1908,.F.);
#2469=ORIENTED_EDGE('',*,*,#1890,.T.);
#2470=ORIENTED_EDGE('',*,*,#1828,.T.);
#2471=ORIENTED_EDGE('',*,*,#1907,.T.);
#2472=ORIENTED_EDGE('',*,*,#1884,.F.);
#2473=ORIENTED_EDGE('',*,*,#1836,.F.);
#2474=ORIENTED_EDGE('',*,*,#1909,.F.);
#2475=ORIENTED_EDGE('',*,*,#1906,.T.);
#2476=ORIENTED_EDGE('',*,*,#1910,.T.);
#2477=ORIENTED_EDGE('',*,*,#1834,.F.);
#2478=ORIENTED_EDGE('',*,*,#1886,.F.);
#2479=ORIENTED_EDGE('',*,*,#1911,.T.);
#2480=ORIENTED_EDGE('',*,*,#1912,.T.);
#2481=ORIENTED_EDGE('',*,*,#1913,.T.);
#2482=ORIENTED_EDGE('',*,*,#1914,.T.);
#2483=ORIENTED_EDGE('',*,*,#1915,.T.);
#2484=ORIENTED_EDGE('',*,*,#1916,.T.);
#2485=ORIENTED_EDGE('',*,*,#1917,.T.);
#2486=ORIENTED_EDGE('',*,*,#1918,.T.);
#2487=ORIENTED_EDGE('',*,*,#1842,.F.);
#2488=ORIENTED_EDGE('',*,*,#1882,.T.);
#2489=ORIENTED_EDGE('',*,*,#1919,.T.);
#2490=ORIENTED_EDGE('',*,*,#1920,.F.);
#2491=ORIENTED_EDGE('',*,*,#1921,.T.);
#2492=ORIENTED_EDGE('',*,*,#1922,.T.);
#2493=ORIENTED_EDGE('',*,*,#1916,.F.);
#2494=ORIENTED_EDGE('',*,*,#1923,.T.);
#2495=ORIENTED_EDGE('',*,*,#1924,.T.);
#2496=ORIENTED_EDGE('',*,*,#1806,.T.);
#2497=ORIENTED_EDGE('',*,*,#1924,.F.);
#2498=ORIENTED_EDGE('',*,*,#1900,.F.);
#2499=ORIENTED_EDGE('',*,*,#1826,.F.);
#2500=ORIENTED_EDGE('',*,*,#1889,.F.);
#2501=ORIENTED_EDGE('',*,*,#1925,.F.);
#2502=ORIENTED_EDGE('',*,*,#1926,.T.);
#2503=ORIENTED_EDGE('',*,*,#1927,.T.);
#2504=ORIENTED_EDGE('',*,*,#1808,.T.);
#2505=ORIENTED_EDGE('',*,*,#1927,.F.);
#2506=ORIENTED_EDGE('',*,*,#1859,.F.);
#2507=ORIENTED_EDGE('',*,*,#1830,.F.);
#2508=ORIENTED_EDGE('',*,*,#1845,.F.);
#2509=ORIENTED_EDGE('',*,*,#1928,.F.);
#2510=ORIENTED_EDGE('',*,*,#1929,.T.);
#2511=ORIENTED_EDGE('',*,*,#1930,.T.);
#2512=ORIENTED_EDGE('',*,*,#1807,.T.);
#2513=ORIENTED_EDGE('',*,*,#1930,.F.);
#2514=ORIENTED_EDGE('',*,*,#1892,.F.);
#2515=ORIENTED_EDGE('',*,*,#1931,.F.);
#2516=ORIENTED_EDGE('',*,*,#1896,.F.);
#2517=ORIENTED_EDGE('',*,*,#1932,.F.);
#2518=ORIENTED_EDGE('',*,*,#1931,.T.);
#2519=ORIENTED_EDGE('',*,*,#1895,.T.);
#2520=ORIENTED_EDGE('',*,*,#1904,.F.);
#2521=ORIENTED_EDGE('',*,*,#1897,.F.);
#2522=ORIENTED_EDGE('',*,*,#1933,.T.);
#2523=ORIENTED_EDGE('',*,*,#1934,.T.);
#2524=ORIENTED_EDGE('',*,*,#1801,.T.);
#2525=ORIENTED_EDGE('',*,*,#1934,.F.);
#2526=ORIENTED_EDGE('',*,*,#1887,.F.);
#2527=ORIENTED_EDGE('',*,*,#1809,.F.);
#2528=ORIENTED_EDGE('',*,*,#1848,.F.);
#2529=ORIENTED_EDGE('',*,*,#1935,.F.);
#2530=ORIENTED_EDGE('',*,*,#1936,.T.);
#2531=ORIENTED_EDGE('',*,*,#1937,.T.);
#2532=ORIENTED_EDGE('',*,*,#1805,.T.);
#2533=ORIENTED_EDGE('',*,*,#1937,.F.);
#2534=ORIENTED_EDGE('',*,*,#1851,.F.);
#2535=ORIENTED_EDGE('',*,*,#1938,.F.);
#2536=ORIENTED_EDGE('',*,*,#1855,.F.);
#2537=ORIENTED_EDGE('',*,*,#1939,.F.);
#2538=ORIENTED_EDGE('',*,*,#1938,.T.);
#2539=ORIENTED_EDGE('',*,*,#1854,.T.);
#2540=ORIENTED_EDGE('',*,*,#1863,.F.);
#2541=ORIENTED_EDGE('',*,*,#1856,.F.);
#2542=ORIENTED_EDGE('',*,*,#1940,.T.);
#2543=ORIENTED_EDGE('',*,*,#1941,.T.);
#2544=ORIENTED_EDGE('',*,*,#1803,.T.);
#2545=ORIENTED_EDGE('',*,*,#1813,.F.);
#2546=ORIENTED_EDGE('',*,*,#1942,.F.);
#2547=ORIENTED_EDGE('',*,*,#1814,.F.);
#2548=ORIENTED_EDGE('',*,*,#1804,.T.);
#2549=ORIENTED_EDGE('',*,*,#1941,.F.);
#2550=ORIENTED_EDGE('',*,*,#1901,.T.);
#2551=ORIENTED_EDGE('',*,*,#1925,.T.);
#2552=ORIENTED_EDGE('',*,*,#1891,.T.);
#2553=ORIENTED_EDGE('',*,*,#1908,.T.);
#2554=ORIENTED_EDGE('',*,*,#1909,.T.);
#2555=ORIENTED_EDGE('',*,*,#1835,.F.);
#2556=ORIENTED_EDGE('',*,*,#1910,.F.);
#2557=ORIENTED_EDGE('',*,*,#1905,.T.);
#2558=ORIENTED_EDGE('',*,*,#1893,.T.);
#2559=ORIENTED_EDGE('',*,*,#1932,.T.);
#2560=ORIENTED_EDGE('',*,*,#1899,.T.);
#2561=ORIENTED_EDGE('',*,*,#1903,.T.);
#2562=ORIENTED_EDGE('',*,*,#1860,.T.);
#2563=ORIENTED_EDGE('',*,*,#1928,.T.);
#2564=ORIENTED_EDGE('',*,*,#1847,.T.);
#2565=ORIENTED_EDGE('',*,*,#1868,.T.);
#2566=ORIENTED_EDGE('',*,*,#1870,.T.);
#2567=ORIENTED_EDGE('',*,*,#1839,.F.);
#2568=ORIENTED_EDGE('',*,*,#1888,.F.);
#2569=ORIENTED_EDGE('',*,*,#1935,.T.);
#2570=ORIENTED_EDGE('',*,*,#1850,.T.);
#2571=ORIENTED_EDGE('',*,*,#1864,.T.);
#2572=ORIENTED_EDGE('',*,*,#1852,.T.);
#2573=ORIENTED_EDGE('',*,*,#1939,.T.);
#2574=ORIENTED_EDGE('',*,*,#1858,.T.);
#2575=ORIENTED_EDGE('',*,*,#1862,.T.);
#2576=ORIENTED_EDGE('',*,*,#1942,.T.);
#2577=ORIENTED_EDGE('',*,*,#1825,.F.);
#2578=ORIENTED_EDGE('',*,*,#1943,.F.);
#2579=ORIENTED_EDGE('',*,*,#1944,.F.);
#2580=ORIENTED_EDGE('',*,*,#1945,.F.);
#2581=ORIENTED_EDGE('',*,*,#1946,.F.);
#2582=ORIENTED_EDGE('',*,*,#1947,.F.);
#2583=ORIENTED_EDGE('',*,*,#1948,.F.);
#2584=ORIENTED_EDGE('',*,*,#1949,.T.);
#2585=ORIENTED_EDGE('',*,*,#1950,.T.);
#2586=ORIENTED_EDGE('',*,*,#1815,.F.);
#2587=ORIENTED_EDGE('',*,*,#1951,.F.);
#2588=ORIENTED_EDGE('',*,*,#1952,.T.);
#2589=ORIENTED_EDGE('',*,*,#1953,.T.);
#2590=ORIENTED_EDGE('',*,*,#1952,.F.);
#2591=ORIENTED_EDGE('',*,*,#1953,.F.);
#2592=ORIENTED_EDGE('',*,*,#1923,.F.);
#2593=ORIENTED_EDGE('',*,*,#1954,.F.);
#2594=ORIENTED_EDGE('',*,*,#1955,.T.);
#2595=ORIENTED_EDGE('',*,*,#1956,.T.);
#2596=ORIENTED_EDGE('',*,*,#1955,.F.);
#2597=ORIENTED_EDGE('',*,*,#1956,.F.);
#2598=ORIENTED_EDGE('',*,*,#1926,.F.);
#2599=ORIENTED_EDGE('',*,*,#1957,.F.);
#2600=ORIENTED_EDGE('',*,*,#1958,.T.);
#2601=ORIENTED_EDGE('',*,*,#1959,.T.);
#2602=ORIENTED_EDGE('',*,*,#1958,.F.);
#2603=ORIENTED_EDGE('',*,*,#1959,.F.);
#2604=ORIENTED_EDGE('',*,*,#1929,.F.);
#2605=ORIENTED_EDGE('',*,*,#1960,.F.);
#2606=ORIENTED_EDGE('',*,*,#1961,.T.);
#2607=ORIENTED_EDGE('',*,*,#1962,.T.);
#2608=ORIENTED_EDGE('',*,*,#1961,.F.);
#2609=ORIENTED_EDGE('',*,*,#1962,.F.);
#2610=ORIENTED_EDGE('',*,*,#1933,.F.);
#2611=ORIENTED_EDGE('',*,*,#1963,.F.);
#2612=ORIENTED_EDGE('',*,*,#1964,.T.);
#2613=ORIENTED_EDGE('',*,*,#1965,.T.);
#2614=ORIENTED_EDGE('',*,*,#1964,.F.);
#2615=ORIENTED_EDGE('',*,*,#1965,.F.);
#2616=ORIENTED_EDGE('',*,*,#1936,.F.);
#2617=ORIENTED_EDGE('',*,*,#1966,.F.);
#2618=ORIENTED_EDGE('',*,*,#1967,.T.);
#2619=ORIENTED_EDGE('',*,*,#1968,.T.);
#2620=ORIENTED_EDGE('',*,*,#1967,.F.);
#2621=ORIENTED_EDGE('',*,*,#1968,.F.);
#2622=ORIENTED_EDGE('',*,*,#1940,.F.);
#2623=ORIENTED_EDGE('',*,*,#1969,.T.);
#2624=ORIENTED_EDGE('',*,*,#1970,.F.);
#2625=ORIENTED_EDGE('',*,*,#1971,.F.);
#2626=ORIENTED_EDGE('',*,*,#1972,.F.);
#2627=ORIENTED_EDGE('',*,*,#1973,.F.);
#2628=ORIENTED_EDGE('',*,*,#1950,.F.);
#2629=ORIENTED_EDGE('',*,*,#1974,.F.);
#2630=ORIENTED_EDGE('',*,*,#1975,.F.);
#2631=ORIENTED_EDGE('',*,*,#1976,.F.);
#2632=ORIENTED_EDGE('',*,*,#1977,.F.);
#2633=ORIENTED_EDGE('',*,*,#1978,.T.);
#2634=ORIENTED_EDGE('',*,*,#1979,.T.);
#2635=ORIENTED_EDGE('',*,*,#1980,.F.);
#2636=ORIENTED_EDGE('',*,*,#1981,.T.);
#2637=ORIENTED_EDGE('',*,*,#1879,.F.);
#2638=ORIENTED_EDGE('',*,*,#1982,.T.);
#2639=ORIENTED_EDGE('',*,*,#1983,.F.);
#2640=ORIENTED_EDGE('',*,*,#1984,.T.);
#2641=ORIENTED_EDGE('',*,*,#1985,.F.);
#2642=ORIENTED_EDGE('',*,*,#1986,.T.);
#2643=ORIENTED_EDGE('',*,*,#1987,.F.);
#2644=ORIENTED_EDGE('',*,*,#1988,.T.);
#2645=ORIENTED_EDGE('',*,*,#1989,.F.);
#2646=ORIENTED_EDGE('',*,*,#1990,.T.);
#2647=ORIENTED_EDGE('',*,*,#1991,.F.);
#2648=ORIENTED_EDGE('',*,*,#1992,.F.);
#2649=ORIENTED_EDGE('',*,*,#1993,.F.);
#2650=ORIENTED_EDGE('',*,*,#1994,.F.);
#2651=ORIENTED_EDGE('',*,*,#1995,.F.);
#2652=ORIENTED_EDGE('',*,*,#1996,.F.);
#2653=ORIENTED_EDGE('',*,*,#1997,.F.);
#2654=ORIENTED_EDGE('',*,*,#1998,.T.);
#2655=ORIENTED_EDGE('',*,*,#1991,.T.);
#2656=ORIENTED_EDGE('',*,*,#1999,.T.);
#2657=ORIENTED_EDGE('',*,*,#1970,.T.);
#2658=ORIENTED_EDGE('',*,*,#2000,.F.);
#2659=ORIENTED_EDGE('',*,*,#1999,.F.);
#2660=ORIENTED_EDGE('',*,*,#1996,.T.);
#2661=ORIENTED_EDGE('',*,*,#2001,.F.);
#2662=ORIENTED_EDGE('',*,*,#2002,.F.);
#2663=ORIENTED_EDGE('',*,*,#1995,.T.);
#2664=ORIENTED_EDGE('',*,*,#2003,.T.);
#2665=ORIENTED_EDGE('',*,*,#2004,.T.);
#2666=ORIENTED_EDGE('',*,*,#2001,.T.);
#2667=ORIENTED_EDGE('',*,*,#1994,.T.);
#2668=ORIENTED_EDGE('',*,*,#2005,.F.);
#2669=ORIENTED_EDGE('',*,*,#2006,.F.);
#2670=ORIENTED_EDGE('',*,*,#2003,.F.);
#2671=ORIENTED_EDGE('',*,*,#1993,.T.);
#2672=ORIENTED_EDGE('',*,*,#2007,.T.);
#2673=ORIENTED_EDGE('',*,*,#2008,.T.);
#2674=ORIENTED_EDGE('',*,*,#2005,.T.);
#2675=ORIENTED_EDGE('',*,*,#2009,.F.);
#2676=ORIENTED_EDGE('',*,*,#2010,.T.);
#2677=ORIENTED_EDGE('',*,*,#2011,.F.);
#2678=ORIENTED_EDGE('',*,*,#2007,.F.);
#2679=ORIENTED_EDGE('',*,*,#1992,.T.);
#2680=ORIENTED_EDGE('',*,*,#1998,.F.);
#2681=ORIENTED_EDGE('',*,*,#1987,.T.);
#2682=ORIENTED_EDGE('',*,*,#2012,.T.);
#2683=ORIENTED_EDGE('',*,*,#2013,.T.);
#2684=ORIENTED_EDGE('',*,*,#2014,.T.);
#2685=ORIENTED_EDGE('',*,*,#1989,.T.);
#2686=ORIENTED_EDGE('',*,*,#2015,.T.);
#2687=ORIENTED_EDGE('',*,*,#2016,.T.);
#2688=ORIENTED_EDGE('',*,*,#2017,.T.);
#2689=ORIENTED_EDGE('',*,*,#1988,.F.);
#2690=ORIENTED_EDGE('',*,*,#2014,.F.);
#2691=ORIENTED_EDGE('',*,*,#2018,.T.);
#2692=ORIENTED_EDGE('',*,*,#2015,.F.);
#2693=ORIENTED_EDGE('',*,*,#2019,.F.);
#2694=ORIENTED_EDGE('',*,*,#2020,.T.);
#2695=ORIENTED_EDGE('',*,*,#2021,.T.);
#2696=ORIENTED_EDGE('',*,*,#2020,.F.);
#2697=ORIENTED_EDGE('',*,*,#2021,.F.);
#2698=ORIENTED_EDGE('',*,*,#2022,.T.);
#2699=ORIENTED_EDGE('',*,*,#2022,.F.);
#2700=ORIENTED_EDGE('',*,*,#2023,.T.);
#2701=ORIENTED_EDGE('',*,*,#2024,.T.);
#2702=ORIENTED_EDGE('',*,*,#2023,.F.);
#2703=ORIENTED_EDGE('',*,*,#2025,.T.);
#2704=ORIENTED_EDGE('',*,*,#2024,.F.);
#2705=ORIENTED_EDGE('',*,*,#2025,.F.);
#2706=ORIENTED_EDGE('',*,*,#2026,.T.);
#2707=ORIENTED_EDGE('',*,*,#2027,.T.);
#2708=ORIENTED_EDGE('',*,*,#2026,.F.);
#2709=ORIENTED_EDGE('',*,*,#1820,.F.);
#2710=ORIENTED_EDGE('',*,*,#2028,.T.);
#2711=ORIENTED_EDGE('',*,*,#2029,.T.);
#2712=ORIENTED_EDGE('',*,*,#2030,.T.);
#2713=ORIENTED_EDGE('',*,*,#1977,.T.);
#2714=ORIENTED_EDGE('',*,*,#2031,.T.);
#2715=ORIENTED_EDGE('',*,*,#2032,.F.);
#2716=ORIENTED_EDGE('',*,*,#2033,.T.);
#2717=ORIENTED_EDGE('',*,*,#2034,.F.);
#2718=ORIENTED_EDGE('',*,*,#2035,.T.);
#2719=ORIENTED_EDGE('',*,*,#2036,.T.);
#2720=ORIENTED_EDGE('',*,*,#2035,.F.);
#2721=ORIENTED_EDGE('',*,*,#2037,.F.);
#2722=ORIENTED_EDGE('',*,*,#2038,.T.);
#2723=ORIENTED_EDGE('',*,*,#2039,.T.);
#2724=ORIENTED_EDGE('',*,*,#2038,.F.);
#2725=ORIENTED_EDGE('',*,*,#2040,.F.);
#2726=ORIENTED_EDGE('',*,*,#2041,.T.);
#2727=ORIENTED_EDGE('',*,*,#2042,.F.);
#2728=ORIENTED_EDGE('',*,*,#2043,.T.);
#2729=ORIENTED_EDGE('',*,*,#2044,.T.);
#2730=ORIENTED_EDGE('',*,*,#2036,.F.);
#2731=ORIENTED_EDGE('',*,*,#2045,.T.);
#2732=ORIENTED_EDGE('',*,*,#2039,.F.);
#2733=ORIENTED_EDGE('',*,*,#2043,.F.);
#2734=ORIENTED_EDGE('',*,*,#2046,.T.);
#2735=ORIENTED_EDGE('',*,*,#2047,.T.);
#2736=ORIENTED_EDGE('',*,*,#2046,.F.);
#2737=ORIENTED_EDGE('',*,*,#2041,.F.);
#2738=ORIENTED_EDGE('',*,*,#2048,.T.);
#2739=ORIENTED_EDGE('',*,*,#2049,.T.);
#2740=ORIENTED_EDGE('',*,*,#2048,.F.);
#2741=ORIENTED_EDGE('',*,*,#2050,.F.);
#2742=ORIENTED_EDGE('',*,*,#2034,.T.);
#2743=ORIENTED_EDGE('',*,*,#2051,.F.);
#2744=ORIENTED_EDGE('',*,*,#2037,.T.);
#2745=ORIENTED_EDGE('',*,*,#2052,.F.);
#2746=ORIENTED_EDGE('',*,*,#2053,.T.);
#2747=ORIENTED_EDGE('',*,*,#2040,.T.);
#2748=ORIENTED_EDGE('',*,*,#2053,.F.);
#2749=ORIENTED_EDGE('',*,*,#2054,.F.);
#2750=ORIENTED_EDGE('',*,*,#2055,.T.);
#2751=ORIENTED_EDGE('',*,*,#2042,.T.);
#2752=ORIENTED_EDGE('',*,*,#2055,.F.);
#2753=ORIENTED_EDGE('',*,*,#2056,.F.);
#2754=ORIENTED_EDGE('',*,*,#1947,.T.);
#2755=ORIENTED_EDGE('',*,*,#2057,.T.);
#2756=ORIENTED_EDGE('',*,*,#2058,.F.);
#2757=ORIENTED_EDGE('',*,*,#2059,.F.);
#2758=ORIENTED_EDGE('',*,*,#2060,.T.);
#2759=ORIENTED_EDGE('',*,*,#2061,.T.);
#2760=ORIENTED_EDGE('',*,*,#2062,.F.);
#2761=ORIENTED_EDGE('',*,*,#2044,.F.);
#2762=ORIENTED_EDGE('',*,*,#2063,.T.);
#2763=ORIENTED_EDGE('',*,*,#2064,.T.);
#2764=ORIENTED_EDGE('',*,*,#2063,.F.);
#2765=ORIENTED_EDGE('',*,*,#2045,.F.);
#2766=ORIENTED_EDGE('',*,*,#2065,.T.);
#2767=ORIENTED_EDGE('',*,*,#2066,.T.);
#2768=ORIENTED_EDGE('',*,*,#2065,.F.);
#2769=ORIENTED_EDGE('',*,*,#2067,.T.);
#2770=ORIENTED_EDGE('',*,*,#1948,.T.);
#2771=ORIENTED_EDGE('',*,*,#2056,.T.);
#2772=ORIENTED_EDGE('',*,*,#2068,.F.);
#2773=ORIENTED_EDGE('',*,*,#2068,.T.);
#2774=ORIENTED_EDGE('',*,*,#2058,.T.);
#2775=ORIENTED_EDGE('',*,*,#2069,.T.);
#2776=ORIENTED_EDGE('',*,*,#2070,.T.);
#2777=ORIENTED_EDGE('',*,*,#2047,.F.);
#2778=ORIENTED_EDGE('',*,*,#2071,.F.);
#2779=ORIENTED_EDGE('',*,*,#2069,.F.);
#2780=ORIENTED_EDGE('',*,*,#2057,.F.);
#2781=ORIENTED_EDGE('',*,*,#1946,.T.);
#2782=ORIENTED_EDGE('',*,*,#2072,.T.);
#2783=ORIENTED_EDGE('',*,*,#2073,.T.);
#2784=ORIENTED_EDGE('',*,*,#2059,.T.);
#2785=ORIENTED_EDGE('',*,*,#2074,.F.);
#2786=ORIENTED_EDGE('',*,*,#2074,.T.);
#2787=ORIENTED_EDGE('',*,*,#2062,.T.);
#2788=ORIENTED_EDGE('',*,*,#2075,.T.);
#2789=ORIENTED_EDGE('',*,*,#2076,.T.);
#2790=ORIENTED_EDGE('',*,*,#2049,.F.);
#2791=ORIENTED_EDGE('',*,*,#2077,.F.);
#2792=ORIENTED_EDGE('',*,*,#2075,.F.);
#2793=ORIENTED_EDGE('',*,*,#2061,.F.);
#2794=ORIENTED_EDGE('',*,*,#2078,.T.);
#2795=ORIENTED_EDGE('',*,*,#2079,.T.);
#2796=ORIENTED_EDGE('',*,*,#2080,.F.);
#2797=ORIENTED_EDGE('',*,*,#2081,.F.);
#2798=ORIENTED_EDGE('',*,*,#2082,.F.);
#2799=ORIENTED_EDGE('',*,*,#2083,.F.);
#2800=ORIENTED_EDGE('',*,*,#2084,.T.);
#2801=ORIENTED_EDGE('',*,*,#2050,.T.);
#2802=ORIENTED_EDGE('',*,*,#2084,.F.);
#2803=ORIENTED_EDGE('',*,*,#2085,.F.);
#2804=ORIENTED_EDGE('',*,*,#2086,.T.);
#2805=ORIENTED_EDGE('',*,*,#2051,.T.);
#2806=ORIENTED_EDGE('',*,*,#2086,.F.);
#2807=ORIENTED_EDGE('',*,*,#2087,.T.);
#2808=ORIENTED_EDGE('',*,*,#2088,.F.);
#2809=ORIENTED_EDGE('',*,*,#2089,.F.);
#2810=ORIENTED_EDGE('',*,*,#2090,.F.);
#2811=ORIENTED_EDGE('',*,*,#2091,.T.);
#2812=ORIENTED_EDGE('',*,*,#2092,.T.);
#2813=ORIENTED_EDGE('',*,*,#2093,.T.);
#2814=ORIENTED_EDGE('',*,*,#2088,.T.);
#2815=ORIENTED_EDGE('',*,*,#2094,.T.);
#2816=ORIENTED_EDGE('',*,*,#2095,.F.);
#2817=ORIENTED_EDGE('',*,*,#2096,.T.);
#2818=ORIENTED_EDGE('',*,*,#2097,.F.);
#2819=ORIENTED_EDGE('',*,*,#2098,.T.);
#2820=ORIENTED_EDGE('',*,*,#2090,.T.);
#2821=ORIENTED_EDGE('',*,*,#2099,.T.);
#2822=ORIENTED_EDGE('',*,*,#2100,.T.);
#2823=ORIENTED_EDGE('',*,*,#2101,.T.);
#2824=ORIENTED_EDGE('',*,*,#2102,.T.);
#2825=ORIENTED_EDGE('',*,*,#2103,.T.);
#2826=ORIENTED_EDGE('',*,*,#2104,.T.);
#2827=ORIENTED_EDGE('',*,*,#2105,.T.);
#2828=ORIENTED_EDGE('',*,*,#2104,.F.);
#2829=ORIENTED_EDGE('',*,*,#2106,.T.);
#2830=ORIENTED_EDGE('',*,*,#2107,.F.);
#2831=ORIENTED_EDGE('',*,*,#2108,.T.);
#2832=ORIENTED_EDGE('',*,*,#2082,.T.);
#2833=ORIENTED_EDGE('',*,*,#2109,.T.);
#2834=ORIENTED_EDGE('',*,*,#2110,.T.);
#2835=ORIENTED_EDGE('',*,*,#2111,.T.);
#2836=ORIENTED_EDGE('',*,*,#2112,.F.);
#2837=ORIENTED_EDGE('',*,*,#2113,.T.);
#2838=ORIENTED_EDGE('',*,*,#2114,.F.);
#2839=ORIENTED_EDGE('',*,*,#2115,.F.);
#2840=ORIENTED_EDGE('',*,*,#2116,.F.);
#2841=ORIENTED_EDGE('',*,*,#2117,.T.);
#2842=ORIENTED_EDGE('',*,*,#2118,.F.);
#2843=ORIENTED_EDGE('',*,*,#2119,.T.);
#2844=ORIENTED_EDGE('',*,*,#2120,.F.);
#2845=ORIENTED_EDGE('',*,*,#2121,.F.);
#2846=ORIENTED_EDGE('',*,*,#2122,.F.);
#2847=ORIENTED_EDGE('',*,*,#2123,.T.);
#2848=ORIENTED_EDGE('',*,*,#2122,.T.);
#2849=ORIENTED_EDGE('',*,*,#2124,.T.);
#2850=ORIENTED_EDGE('',*,*,#2125,.T.);
#2851=ORIENTED_EDGE('',*,*,#2126,.T.);
#2852=ORIENTED_EDGE('',*,*,#2127,.T.);
#2853=ORIENTED_EDGE('',*,*,#2128,.T.);
#2854=ORIENTED_EDGE('',*,*,#2116,.T.);
#2855=ORIENTED_EDGE('',*,*,#2129,.T.);
#2856=ORIENTED_EDGE('',*,*,#2125,.F.);
#2857=ORIENTED_EDGE('',*,*,#2130,.F.);
#2858=ORIENTED_EDGE('',*,*,#2131,.F.);
#2859=ORIENTED_EDGE('',*,*,#2132,.F.);
#2860=ORIENTED_EDGE('',*,*,#2133,.F.);
#2861=ORIENTED_EDGE('',*,*,#2134,.T.);
#2862=ORIENTED_EDGE('',*,*,#2127,.F.);
#2863=ORIENTED_EDGE('',*,*,#2135,.T.);
#2864=ORIENTED_EDGE('',*,*,#2131,.T.);
#2865=ORIENTED_EDGE('',*,*,#2136,.T.);
#2866=ORIENTED_EDGE('',*,*,#2137,.T.);
#2867=ORIENTED_EDGE('',*,*,#2138,.T.);
#2868=ORIENTED_EDGE('',*,*,#2139,.T.);
#2869=ORIENTED_EDGE('',*,*,#2140,.T.);
#2870=ORIENTED_EDGE('',*,*,#2133,.T.);
#2871=ORIENTED_EDGE('',*,*,#2141,.T.);
#2872=ORIENTED_EDGE('',*,*,#2137,.F.);
#2873=ORIENTED_EDGE('',*,*,#2142,.F.);
#2874=ORIENTED_EDGE('',*,*,#2143,.F.);
#2875=ORIENTED_EDGE('',*,*,#2144,.F.);
#2876=ORIENTED_EDGE('',*,*,#2145,.F.);
#2877=ORIENTED_EDGE('',*,*,#2146,.T.);
#2878=ORIENTED_EDGE('',*,*,#2139,.F.);
#2879=ORIENTED_EDGE('',*,*,#1822,.F.);
#2880=ORIENTED_EDGE('',*,*,#2145,.T.);
#2881=ORIENTED_EDGE('',*,*,#2147,.T.);
#2882=ORIENTED_EDGE('',*,*,#2118,.T.);
#2883=ORIENTED_EDGE('',*,*,#1975,.T.);
#2884=ORIENTED_EDGE('',*,*,#2120,.T.);
#2885=ORIENTED_EDGE('',*,*,#2148,.T.);
#2886=ORIENTED_EDGE('',*,*,#2143,.T.);
#2887=ORIENTED_EDGE('',*,*,#2147,.F.);
#2888=ORIENTED_EDGE('',*,*,#2144,.T.);
#2889=ORIENTED_EDGE('',*,*,#2138,.F.);
#2890=ORIENTED_EDGE('',*,*,#2132,.T.);
#2891=ORIENTED_EDGE('',*,*,#2126,.F.);
#2892=ORIENTED_EDGE('',*,*,#2115,.T.);
#2893=ORIENTED_EDGE('',*,*,#2148,.F.);
#2894=ORIENTED_EDGE('',*,*,#2119,.F.);
#2895=ORIENTED_EDGE('',*,*,#2123,.F.);
#2896=ORIENTED_EDGE('',*,*,#2129,.F.);
#2897=ORIENTED_EDGE('',*,*,#2135,.F.);
#2898=ORIENTED_EDGE('',*,*,#2141,.F.);
#2899=ORIENTED_EDGE('',*,*,#2149,.T.);
#2900=ORIENTED_EDGE('',*,*,#2107,.T.);
#2901=ORIENTED_EDGE('',*,*,#2150,.T.);
#2902=ORIENTED_EDGE('',*,*,#2151,.T.);
#2903=ORIENTED_EDGE('',*,*,#2152,.T.);
#2904=ORIENTED_EDGE('',*,*,#2110,.F.);
#2905=ORIENTED_EDGE('',*,*,#2153,.F.);
#2906=ORIENTED_EDGE('',*,*,#2154,.F.);
#2907=ORIENTED_EDGE('',*,*,#2155,.T.);
#2908=ORIENTED_EDGE('',*,*,#2151,.F.);
#2909=ORIENTED_EDGE('',*,*,#2156,.T.);
#2910=ORIENTED_EDGE('',*,*,#2157,.F.);
#2911=ORIENTED_EDGE('',*,*,#2158,.T.);
#2912=ORIENTED_EDGE('',*,*,#2154,.T.);
#2913=ORIENTED_EDGE('',*,*,#2159,.T.);
#2914=ORIENTED_EDGE('',*,*,#2160,.T.);
#2915=ORIENTED_EDGE('',*,*,#2161,.T.);
#2916=ORIENTED_EDGE('',*,*,#2160,.F.);
#2917=ORIENTED_EDGE('',*,*,#2162,.F.);
#2918=ORIENTED_EDGE('',*,*,#2163,.F.);
#2919=ORIENTED_EDGE('',*,*,#2164,.T.);
#2920=ORIENTED_EDGE('',*,*,#2165,.F.);
#2921=ORIENTED_EDGE('',*,*,#2166,.T.);
#2922=ORIENTED_EDGE('',*,*,#2102,.F.);
#2923=ORIENTED_EDGE('',*,*,#2167,.F.);
#2924=ORIENTED_EDGE('',*,*,#2164,.F.);
#2925=ORIENTED_EDGE('',*,*,#2101,.F.);
#2926=ORIENTED_EDGE('',*,*,#2105,.F.);
#2927=ORIENTED_EDGE('',*,*,#2149,.F.);
#2928=ORIENTED_EDGE('',*,*,#2155,.F.);
#2929=ORIENTED_EDGE('',*,*,#2168,.F.);
#2930=ORIENTED_EDGE('',*,*,#2079,.F.);
#2931=ORIENTED_EDGE('',*,*,#2108,.F.);
#2932=ORIENTED_EDGE('',*,*,#2152,.F.);
#2933=ORIENTED_EDGE('',*,*,#2158,.F.);
#2934=ORIENTED_EDGE('',*,*,#2161,.F.);
#2935=ORIENTED_EDGE('',*,*,#2169,.T.);
#2936=ORIENTED_EDGE('',*,*,#2170,.F.);
#2937=ORIENTED_EDGE('',*,*,#2171,.T.);
#2938=ORIENTED_EDGE('',*,*,#2172,.F.);
#2939=ORIENTED_EDGE('',*,*,#2173,.T.);
#2940=ORIENTED_EDGE('',*,*,#2174,.F.);
#2941=ORIENTED_EDGE('',*,*,#2175,.F.);
#2942=ORIENTED_EDGE('',*,*,#2176,.F.);
#2943=ORIENTED_EDGE('',*,*,#2177,.T.);
#2944=ORIENTED_EDGE('',*,*,#2176,.T.);
#2945=ORIENTED_EDGE('',*,*,#2080,.T.);
#2946=ORIENTED_EDGE('',*,*,#2168,.T.);
#2947=ORIENTED_EDGE('',*,*,#2163,.T.);
#2948=ORIENTED_EDGE('',*,*,#2178,.T.);
#2949=ORIENTED_EDGE('',*,*,#2179,.T.);
#2950=ORIENTED_EDGE('',*,*,#2180,.T.);
#2951=ORIENTED_EDGE('',*,*,#2165,.T.);
#2952=ORIENTED_EDGE('',*,*,#2167,.T.);
#2953=ORIENTED_EDGE('',*,*,#2157,.T.);
#2954=ORIENTED_EDGE('',*,*,#2170,.T.);
#2955=ORIENTED_EDGE('',*,*,#2181,.T.);
#2956=ORIENTED_EDGE('',*,*,#2172,.T.);
#2957=ORIENTED_EDGE('',*,*,#2182,.T.);
#2958=ORIENTED_EDGE('',*,*,#2183,.T.);
#2959=ORIENTED_EDGE('',*,*,#2184,.T.);
#2960=ORIENTED_EDGE('',*,*,#2185,.T.);
#2961=ORIENTED_EDGE('',*,*,#2186,.T.);
#2962=ORIENTED_EDGE('',*,*,#2174,.T.);
#2963=ORIENTED_EDGE('',*,*,#2187,.T.);
#2964=ORIENTED_EDGE('',*,*,#2178,.F.);
#2965=ORIENTED_EDGE('',*,*,#2188,.F.);
#2966=ORIENTED_EDGE('',*,*,#2189,.F.);
#2967=ORIENTED_EDGE('',*,*,#2190,.T.);
#2968=ORIENTED_EDGE('',*,*,#2191,.F.);
#2969=ORIENTED_EDGE('',*,*,#2192,.T.);
#2970=ORIENTED_EDGE('',*,*,#2180,.F.);
#2971=ORIENTED_EDGE('',*,*,#2193,.T.);
#2972=ORIENTED_EDGE('',*,*,#2183,.F.);
#2973=ORIENTED_EDGE('',*,*,#2194,.T.);
#2974=ORIENTED_EDGE('',*,*,#2195,.F.);
#2975=ORIENTED_EDGE('',*,*,#2196,.T.);
#2976=ORIENTED_EDGE('',*,*,#2197,.F.);
#2977=ORIENTED_EDGE('',*,*,#2198,.F.);
#2978=ORIENTED_EDGE('',*,*,#2185,.F.);
#2979=ORIENTED_EDGE('',*,*,#2199,.T.);
#2980=ORIENTED_EDGE('',*,*,#2189,.T.);
#2981=ORIENTED_EDGE('',*,*,#2200,.T.);
#2982=ORIENTED_EDGE('',*,*,#2201,.T.);
#2983=ORIENTED_EDGE('',*,*,#2202,.T.);
#2984=ORIENTED_EDGE('',*,*,#2114,.T.);
#2985=ORIENTED_EDGE('',*,*,#2203,.T.);
#2986=ORIENTED_EDGE('',*,*,#2191,.T.);
#2987=ORIENTED_EDGE('',*,*,#2204,.T.);
#2988=ORIENTED_EDGE('',*,*,#2195,.T.);
#2989=ORIENTED_EDGE('',*,*,#2205,.T.);
#2990=ORIENTED_EDGE('',*,*,#2112,.T.);
#2991=ORIENTED_EDGE('',*,*,#2206,.T.);
#2992=ORIENTED_EDGE('',*,*,#2207,.T.);
#2993=ORIENTED_EDGE('',*,*,#2208,.T.);
#2994=ORIENTED_EDGE('',*,*,#2197,.T.);
#2995=ORIENTED_EDGE('',*,*,#2209,.T.);
#2996=ORIENTED_EDGE('',*,*,#2201,.F.);
#2997=ORIENTED_EDGE('',*,*,#2210,.T.);
#2998=ORIENTED_EDGE('',*,*,#2207,.F.);
#2999=ORIENTED_EDGE('',*,*,#2177,.F.);
#3000=ORIENTED_EDGE('',*,*,#2187,.F.);
#3001=ORIENTED_EDGE('',*,*,#2199,.F.);
#3002=ORIENTED_EDGE('',*,*,#2209,.F.);
#3003=ORIENTED_EDGE('',*,*,#2206,.F.);
#3004=ORIENTED_EDGE('',*,*,#2196,.F.);
#3005=ORIENTED_EDGE('',*,*,#2184,.F.);
#3006=ORIENTED_EDGE('',*,*,#2173,.F.);
#3007=ORIENTED_EDGE('',*,*,#2179,.F.);
#3008=ORIENTED_EDGE('',*,*,#2169,.F.);
#3009=ORIENTED_EDGE('',*,*,#2181,.F.);
#3010=ORIENTED_EDGE('',*,*,#2193,.F.);
#3011=ORIENTED_EDGE('',*,*,#2204,.F.);
#3012=ORIENTED_EDGE('',*,*,#2111,.F.);
#3013=ORIENTED_EDGE('',*,*,#2202,.F.);
#3014=ORIENTED_EDGE('',*,*,#2190,.F.);
#3015=ORIENTED_EDGE('',*,*,#2211,.F.);
#3016=ORIENTED_EDGE('',*,*,#2212,.F.);
#3017=ORIENTED_EDGE('',*,*,#2213,.F.);
#3018=ORIENTED_EDGE('',*,*,#2214,.F.);
#3019=ORIENTED_EDGE('',*,*,#2215,.T.);
#3020=ORIENTED_EDGE('',*,*,#2216,.F.);
#3021=ORIENTED_EDGE('',*,*,#2217,.T.);
#3022=ORIENTED_EDGE('',*,*,#2218,.F.);
#3023=ORIENTED_EDGE('',*,*,#2219,.F.);
#3024=ORIENTED_EDGE('',*,*,#2218,.T.);
#3025=ORIENTED_EDGE('',*,*,#2220,.T.);
#3026=ORIENTED_EDGE('',*,*,#2221,.T.);
#3027=ORIENTED_EDGE('',*,*,#2222,.F.);
#3028=ORIENTED_EDGE('',*,*,#2223,.T.);
#3029=ORIENTED_EDGE('',*,*,#2224,.T.);
#3030=ORIENTED_EDGE('',*,*,#2212,.T.);
#3031=ORIENTED_EDGE('',*,*,#2225,.F.);
#3032=ORIENTED_EDGE('',*,*,#2214,.T.);
#3033=ORIENTED_EDGE('',*,*,#2226,.T.);
#3034=ORIENTED_EDGE('',*,*,#2227,.T.);
#3035=ORIENTED_EDGE('',*,*,#2228,.F.);
#3036=ORIENTED_EDGE('',*,*,#2229,.T.);
#3037=ORIENTED_EDGE('',*,*,#2230,.T.);
#3038=ORIENTED_EDGE('',*,*,#2216,.T.);
#3039=ORIENTED_EDGE('',*,*,#2231,.T.);
#3040=ORIENTED_EDGE('',*,*,#2221,.F.);
#3041=ORIENTED_EDGE('',*,*,#2232,.T.);
#3042=ORIENTED_EDGE('',*,*,#2233,.F.);
#3043=ORIENTED_EDGE('',*,*,#2234,.F.);
#3044=ORIENTED_EDGE('',*,*,#2235,.F.);
#3045=ORIENTED_EDGE('',*,*,#2236,.F.);
#3046=ORIENTED_EDGE('',*,*,#2223,.F.);
#3047=ORIENTED_EDGE('',*,*,#2237,.F.);
#3048=ORIENTED_EDGE('',*,*,#2227,.F.);
#3049=ORIENTED_EDGE('',*,*,#2238,.F.);
#3050=ORIENTED_EDGE('',*,*,#2239,.F.);
#3051=ORIENTED_EDGE('',*,*,#2240,.T.);
#3052=ORIENTED_EDGE('',*,*,#2241,.F.);
#3053=ORIENTED_EDGE('',*,*,#2242,.T.);
#3054=ORIENTED_EDGE('',*,*,#2229,.F.);
#3055=ORIENTED_EDGE('',*,*,#2243,.F.);
#3056=ORIENTED_EDGE('',*,*,#2239,.T.);
#3057=ORIENTED_EDGE('',*,*,#2244,.T.);
#3058=ORIENTED_EDGE('',*,*,#2245,.T.);
#3059=ORIENTED_EDGE('',*,*,#2246,.F.);
#3060=ORIENTED_EDGE('',*,*,#2247,.T.);
#3061=ORIENTED_EDGE('',*,*,#2248,.T.);
#3062=ORIENTED_EDGE('',*,*,#2241,.T.);
#3063=ORIENTED_EDGE('',*,*,#2249,.F.);
#3064=ORIENTED_EDGE('',*,*,#2245,.F.);
#3065=ORIENTED_EDGE('',*,*,#2250,.F.);
#3066=ORIENTED_EDGE('',*,*,#2251,.F.);
#3067=ORIENTED_EDGE('',*,*,#2252,.T.);
#3068=ORIENTED_EDGE('',*,*,#2253,.F.);
#3069=ORIENTED_EDGE('',*,*,#2254,.T.);
#3070=ORIENTED_EDGE('',*,*,#2247,.F.);
#3071=ORIENTED_EDGE('',*,*,#2255,.T.);
#3072=ORIENTED_EDGE('',*,*,#2256,.T.);
#3073=ORIENTED_EDGE('',*,*,#2253,.T.);
#3074=ORIENTED_EDGE('',*,*,#2257,.T.);
#3075=ORIENTED_EDGE('',*,*,#2233,.T.);
#3076=ORIENTED_EDGE('',*,*,#2095,.T.);
#3077=ORIENTED_EDGE('',*,*,#2257,.F.);
#3078=ORIENTED_EDGE('',*,*,#2252,.F.);
#3079=ORIENTED_EDGE('',*,*,#2246,.T.);
#3080=ORIENTED_EDGE('',*,*,#2240,.F.);
#3081=ORIENTED_EDGE('',*,*,#2228,.T.);
#3082=ORIENTED_EDGE('',*,*,#2215,.F.);
#3083=ORIENTED_EDGE('',*,*,#2219,.T.);
#3084=ORIENTED_EDGE('',*,*,#2231,.F.);
#3085=ORIENTED_EDGE('',*,*,#2258,.F.);
#3086=ORIENTED_EDGE('',*,*,#2234,.T.);
#3087=ORIENTED_EDGE('',*,*,#2222,.T.);
#3088=ORIENTED_EDGE('',*,*,#2211,.T.);
#3089=ORIENTED_EDGE('',*,*,#2225,.T.);
#3090=ORIENTED_EDGE('',*,*,#2237,.T.);
#3091=ORIENTED_EDGE('',*,*,#2243,.T.);
#3092=ORIENTED_EDGE('',*,*,#2249,.T.);
#3093=ORIENTED_EDGE('',*,*,#2259,.T.);
#3094=ORIENTED_EDGE('',*,*,#2097,.T.);
#3095=ORIENTED_EDGE('',*,*,#2260,.T.);
#3096=ORIENTED_EDGE('',*,*,#2261,.T.);
#3097=ORIENTED_EDGE('',*,*,#2262,.T.);
#3098=ORIENTED_EDGE('',*,*,#2100,.F.);
#3099=ORIENTED_EDGE('',*,*,#2263,.F.);
#3100=ORIENTED_EDGE('',*,*,#2264,.F.);
#3101=ORIENTED_EDGE('',*,*,#2265,.T.);
#3102=ORIENTED_EDGE('',*,*,#2261,.F.);
#3103=ORIENTED_EDGE('',*,*,#2266,.T.);
#3104=ORIENTED_EDGE('',*,*,#2267,.F.);
#3105=ORIENTED_EDGE('',*,*,#2268,.T.);
#3106=ORIENTED_EDGE('',*,*,#2264,.T.);
#3107=ORIENTED_EDGE('',*,*,#2235,.T.);
#3108=ORIENTED_EDGE('',*,*,#2258,.T.);
#3109=ORIENTED_EDGE('',*,*,#2251,.T.);
#3110=ORIENTED_EDGE('',*,*,#2269,.T.);
#3111=ORIENTED_EDGE('',*,*,#2270,.T.);
#3112=ORIENTED_EDGE('',*,*,#2269,.F.);
#3113=ORIENTED_EDGE('',*,*,#2271,.F.);
#3114=ORIENTED_EDGE('',*,*,#2092,.F.);
#3115=ORIENTED_EDGE('',*,*,#2272,.T.);
#3116=ORIENTED_EDGE('',*,*,#2273,.F.);
#3117=ORIENTED_EDGE('',*,*,#2274,.T.);
#3118=ORIENTED_EDGE('',*,*,#2256,.F.);
#3119=ORIENTED_EDGE('',*,*,#2275,.T.);
#3120=ORIENTED_EDGE('',*,*,#2267,.T.);
#3121=ORIENTED_EDGE('',*,*,#2276,.T.);
#3122=ORIENTED_EDGE('',*,*,#2273,.T.);
#3123=ORIENTED_EDGE('',*,*,#2268,.F.);
#3124=ORIENTED_EDGE('',*,*,#2270,.F.);
#3125=ORIENTED_EDGE('',*,*,#2091,.F.);
#3126=ORIENTED_EDGE('',*,*,#2087,.F.);
#3127=ORIENTED_EDGE('',*,*,#2098,.F.);
#3128=ORIENTED_EDGE('',*,*,#2262,.F.);
#3129=ORIENTED_EDGE('',*,*,#2255,.F.);
#3130=ORIENTED_EDGE('',*,*,#2094,.F.);
#3131=ORIENTED_EDGE('',*,*,#2259,.F.);
#3132=ORIENTED_EDGE('',*,*,#2265,.F.);
#3133=ORIENTED_EDGE('',*,*,#2275,.F.);
#3134=ORIENTED_EDGE('',*,*,#2272,.F.);
#3135=ORIENTED_EDGE('',*,*,#1980,.T.);
#3136=ORIENTED_EDGE('',*,*,#2277,.T.);
#3137=ORIENTED_EDGE('',*,*,#2032,.T.);
#3138=ORIENTED_EDGE('',*,*,#2278,.T.);
#3139=ORIENTED_EDGE('',*,*,#2279,.F.);
#3140=ORIENTED_EDGE('',*,*,#2280,.F.);
#3141=ORIENTED_EDGE('',*,*,#2277,.F.);
#3142=ORIENTED_EDGE('',*,*,#2281,.T.);
#3143=ORIENTED_EDGE('',*,*,#1983,.T.);
#3144=ORIENTED_EDGE('',*,*,#2282,.T.);
#3145=ORIENTED_EDGE('',*,*,#2029,.F.);
#3146=ORIENTED_EDGE('',*,*,#2279,.T.);
#3147=ORIENTED_EDGE('',*,*,#1974,.T.);
#3148=ORIENTED_EDGE('',*,*,#1949,.F.);
#3149=ORIENTED_EDGE('',*,*,#2067,.F.);
#3150=ORIENTED_EDGE('',*,*,#2070,.F.);
#3151=ORIENTED_EDGE('',*,*,#2071,.T.);
#3152=ORIENTED_EDGE('',*,*,#1945,.T.);
#3153=ORIENTED_EDGE('',*,*,#2283,.T.);
#3154=ORIENTED_EDGE('',*,*,#2072,.F.);
#3155=ORIENTED_EDGE('',*,*,#2076,.F.);
#3156=ORIENTED_EDGE('',*,*,#2077,.T.);
#3157=ORIENTED_EDGE('',*,*,#2284,.F.);
#3158=ORIENTED_EDGE('',*,*,#1971,.T.);
#3159=ORIENTED_EDGE('',*,*,#2002,.T.);
#3160=ORIENTED_EDGE('',*,*,#2004,.F.);
#3161=ORIENTED_EDGE('',*,*,#2006,.T.);
#3162=ORIENTED_EDGE('',*,*,#2008,.F.);
#3163=ORIENTED_EDGE('',*,*,#2011,.T.);
#3164=ORIENTED_EDGE('',*,*,#2285,.T.);
#3165=ORIENTED_EDGE('',*,*,#1981,.F.);
#3166=ORIENTED_EDGE('',*,*,#2278,.F.);
#3167=ORIENTED_EDGE('',*,*,#2031,.F.);
#3168=ORIENTED_EDGE('',*,*,#1976,.T.);
#3169=ORIENTED_EDGE('',*,*,#2142,.T.);
#3170=ORIENTED_EDGE('',*,*,#2136,.F.);
#3171=ORIENTED_EDGE('',*,*,#2130,.T.);
#3172=ORIENTED_EDGE('',*,*,#2124,.F.);
#3173=ORIENTED_EDGE('',*,*,#2121,.T.);
#3174=ORIENTED_EDGE('',*,*,#2064,.F.);
#3175=ORIENTED_EDGE('',*,*,#2188,.T.);
#3176=ORIENTED_EDGE('',*,*,#2162,.T.);
#3177=ORIENTED_EDGE('',*,*,#2159,.F.);
#3178=ORIENTED_EDGE('',*,*,#2153,.T.);
#3179=ORIENTED_EDGE('',*,*,#2109,.F.);
#3180=ORIENTED_EDGE('',*,*,#2081,.T.);
#3181=ORIENTED_EDGE('',*,*,#2175,.T.);
#3182=ORIENTED_EDGE('',*,*,#2186,.F.);
#3183=ORIENTED_EDGE('',*,*,#2198,.T.);
#3184=ORIENTED_EDGE('',*,*,#2208,.F.);
#3185=ORIENTED_EDGE('',*,*,#2210,.F.);
#3186=ORIENTED_EDGE('',*,*,#2200,.F.);
#3187=ORIENTED_EDGE('',*,*,#2271,.T.);
#3188=ORIENTED_EDGE('',*,*,#2250,.T.);
#3189=ORIENTED_EDGE('',*,*,#2244,.F.);
#3190=ORIENTED_EDGE('',*,*,#2238,.T.);
#3191=ORIENTED_EDGE('',*,*,#2226,.F.);
#3192=ORIENTED_EDGE('',*,*,#2213,.T.);
#3193=ORIENTED_EDGE('',*,*,#2224,.F.);
#3194=ORIENTED_EDGE('',*,*,#2236,.T.);
#3195=ORIENTED_EDGE('',*,*,#2263,.T.);
#3196=ORIENTED_EDGE('',*,*,#2099,.F.);
#3197=ORIENTED_EDGE('',*,*,#2089,.T.);
#3198=ORIENTED_EDGE('',*,*,#2093,.F.);
#3199=ORIENTED_EDGE('',*,*,#2066,.F.);
#3200=ORIENTED_EDGE('',*,*,#2027,.F.);
#3201=ORIENTED_EDGE('',*,*,#1872,.F.);
#3202=ORIENTED_EDGE('',*,*,#1972,.T.);
#3203=ORIENTED_EDGE('',*,*,#2284,.T.);
#3204=ORIENTED_EDGE('',*,*,#2078,.F.);
#3205=ORIENTED_EDGE('',*,*,#2060,.F.);
#3206=ORIENTED_EDGE('',*,*,#2073,.F.);
#3207=ORIENTED_EDGE('',*,*,#2283,.F.);
#3208=ORIENTED_EDGE('',*,*,#1944,.T.);
#3209=ORIENTED_EDGE('',*,*,#2286,.F.);
#3210=ORIENTED_EDGE('',*,*,#1873,.F.);
#3211=ORIENTED_EDGE('',*,*,#2286,.T.);
#3212=ORIENTED_EDGE('',*,*,#2287,.T.);
#3213=ORIENTED_EDGE('',*,*,#2288,.T.);
#3214=ORIENTED_EDGE('',*,*,#1821,.F.);
#3215=ORIENTED_EDGE('',*,*,#2030,.F.);
#3216=ORIENTED_EDGE('',*,*,#2282,.F.);
#3217=ORIENTED_EDGE('',*,*,#1982,.F.);
#3218=ORIENTED_EDGE('',*,*,#1878,.F.);
#3219=ORIENTED_EDGE('',*,*,#2289,.F.);
#3220=ORIENTED_EDGE('',*,*,#2016,.F.);
#3221=ORIENTED_EDGE('',*,*,#2018,.F.);
#3222=ORIENTED_EDGE('',*,*,#2013,.F.);
#3223=ORIENTED_EDGE('',*,*,#2290,.F.);
#3224=ORIENTED_EDGE('',*,*,#1874,.F.);
#3225=ORIENTED_EDGE('',*,*,#2288,.F.);
#3226=ORIENTED_EDGE('',*,*,#2291,.F.);
#3227=ORIENTED_EDGE('',*,*,#1823,.F.);
#3228=ORIENTED_EDGE('',*,*,#2117,.F.);
#3229=ORIENTED_EDGE('',*,*,#2128,.F.);
#3230=ORIENTED_EDGE('',*,*,#2134,.F.);
#3231=ORIENTED_EDGE('',*,*,#2140,.F.);
#3232=ORIENTED_EDGE('',*,*,#2146,.F.);
#3233=ORIENTED_EDGE('',*,*,#2096,.F.);
#3234=ORIENTED_EDGE('',*,*,#2232,.F.);
#3235=ORIENTED_EDGE('',*,*,#2220,.F.);
#3236=ORIENTED_EDGE('',*,*,#2217,.F.);
#3237=ORIENTED_EDGE('',*,*,#2230,.F.);
#3238=ORIENTED_EDGE('',*,*,#2242,.F.);
#3239=ORIENTED_EDGE('',*,*,#2248,.F.);
#3240=ORIENTED_EDGE('',*,*,#2254,.F.);
#3241=ORIENTED_EDGE('',*,*,#2274,.F.);
#3242=ORIENTED_EDGE('',*,*,#2276,.F.);
#3243=ORIENTED_EDGE('',*,*,#2266,.F.);
#3244=ORIENTED_EDGE('',*,*,#2260,.F.);
#3245=ORIENTED_EDGE('',*,*,#2166,.F.);
#3246=ORIENTED_EDGE('',*,*,#2192,.F.);
#3247=ORIENTED_EDGE('',*,*,#2203,.F.);
#3248=ORIENTED_EDGE('',*,*,#2113,.F.);
#3249=ORIENTED_EDGE('',*,*,#2205,.F.);
#3250=ORIENTED_EDGE('',*,*,#2194,.F.);
#3251=ORIENTED_EDGE('',*,*,#2182,.F.);
#3252=ORIENTED_EDGE('',*,*,#2171,.F.);
#3253=ORIENTED_EDGE('',*,*,#2156,.F.);
#3254=ORIENTED_EDGE('',*,*,#2150,.F.);
#3255=ORIENTED_EDGE('',*,*,#2106,.F.);
#3256=ORIENTED_EDGE('',*,*,#2103,.F.);
#3257=ORIENTED_EDGE('',*,*,#2083,.T.);
#3258=ORIENTED_EDGE('',*,*,#2085,.T.);
#3259=ORIENTED_EDGE('',*,*,#2019,.T.);
#3260=ORIENTED_EDGE('',*,*,#1875,.F.);
#3261=ORIENTED_EDGE('',*,*,#2290,.T.);
#3262=ORIENTED_EDGE('',*,*,#2012,.F.);
#3263=ORIENTED_EDGE('',*,*,#1986,.F.);
#3264=ORIENTED_EDGE('',*,*,#2292,.F.);
#3265=ORIENTED_EDGE('',*,*,#1876,.F.);
#3266=ORIENTED_EDGE('',*,*,#2292,.T.);
#3267=ORIENTED_EDGE('',*,*,#1985,.T.);
#3268=ORIENTED_EDGE('',*,*,#2293,.T.);
#3269=ORIENTED_EDGE('',*,*,#1877,.F.);
#3270=ORIENTED_EDGE('',*,*,#2293,.F.);
#3271=ORIENTED_EDGE('',*,*,#1990,.F.);
#3272=ORIENTED_EDGE('',*,*,#2017,.F.);
#3273=ORIENTED_EDGE('',*,*,#2289,.T.);
#3274=ORIENTED_EDGE('',*,*,#1824,.F.);
#3275=ORIENTED_EDGE('',*,*,#2291,.T.);
#3276=ORIENTED_EDGE('',*,*,#2287,.F.);
#3277=ORIENTED_EDGE('',*,*,#1943,.T.);
#3278=ORIENTED_EDGE('',*,*,#2294,.T.);
#3279=ORIENTED_EDGE('',*,*,#1978,.F.);
#3280=ORIENTED_EDGE('',*,*,#2285,.F.);
#3281=ORIENTED_EDGE('',*,*,#2010,.F.);
#3282=ORIENTED_EDGE('',*,*,#2009,.T.);
#3283=ORIENTED_EDGE('',*,*,#1997,.T.);
#3284=ORIENTED_EDGE('',*,*,#2000,.T.);
#3285=ORIENTED_EDGE('',*,*,#2295,.T.);
#3286=ORIENTED_EDGE('',*,*,#2296,.F.);
#3287=ORIENTED_EDGE('',*,*,#2297,.T.);
#3288=ORIENTED_EDGE('',*,*,#2298,.T.);
#3289=ORIENTED_EDGE('',*,*,#2299,.T.);
#3290=ORIENTED_EDGE('',*,*,#2298,.F.);
#3291=ORIENTED_EDGE('',*,*,#2300,.T.);
#3292=ORIENTED_EDGE('',*,*,#2301,.T.);
#3293=ORIENTED_EDGE('',*,*,#2302,.T.);
#3294=ORIENTED_EDGE('',*,*,#2301,.F.);
#3295=ORIENTED_EDGE('',*,*,#2303,.T.);
#3296=ORIENTED_EDGE('',*,*,#2304,.T.);
#3297=ORIENTED_EDGE('',*,*,#2305,.T.);
#3298=ORIENTED_EDGE('',*,*,#1816,.T.);
#3299=ORIENTED_EDGE('',*,*,#1973,.T.);
#3300=ORIENTED_EDGE('',*,*,#2306,.T.);
#3301=ORIENTED_EDGE('',*,*,#1917,.F.);
#3302=ORIENTED_EDGE('',*,*,#1922,.F.);
#3303=ORIENTED_EDGE('',*,*,#2307,.F.);
#3304=ORIENTED_EDGE('',*,*,#2294,.F.);
#3305=ORIENTED_EDGE('',*,*,#2295,.F.);
#3306=ORIENTED_EDGE('',*,*,#1969,.F.);
#3307=ORIENTED_EDGE('',*,*,#1871,.F.);
#3308=ORIENTED_EDGE('',*,*,#2308,.T.);
#3309=ORIENTED_EDGE('',*,*,#2309,.T.);
#3310=ORIENTED_EDGE('',*,*,#1920,.T.);
#3311=ORIENTED_EDGE('',*,*,#1915,.F.);
#3312=ORIENTED_EDGE('',*,*,#2310,.T.);
#3313=ORIENTED_EDGE('',*,*,#2311,.F.);
#3314=ORIENTED_EDGE('',*,*,#2308,.F.);
#3315=ORIENTED_EDGE('',*,*,#1914,.F.);
#3316=ORIENTED_EDGE('',*,*,#2312,.T.);
#3317=ORIENTED_EDGE('',*,*,#2313,.T.);
#3318=ORIENTED_EDGE('',*,*,#2314,.T.);
#3319=ORIENTED_EDGE('',*,*,#2315,.F.);
#3320=ORIENTED_EDGE('',*,*,#2310,.F.);
#3321=ORIENTED_EDGE('',*,*,#1913,.F.);
#3322=ORIENTED_EDGE('',*,*,#2313,.F.);
#3323=ORIENTED_EDGE('',*,*,#2316,.T.);
#3324=ORIENTED_EDGE('',*,*,#2296,.T.);
#3325=ORIENTED_EDGE('',*,*,#2317,.T.);
#3326=ORIENTED_EDGE('',*,*,#2318,.T.);
#3327=ORIENTED_EDGE('',*,*,#1919,.F.);
#3328=ORIENTED_EDGE('',*,*,#1881,.T.);
#3329=ORIENTED_EDGE('',*,*,#2319,.F.);
#3330=ORIENTED_EDGE('',*,*,#2320,.T.);
#3331=ORIENTED_EDGE('',*,*,#2312,.F.);
#3332=ORIENTED_EDGE('',*,*,#1912,.F.);
#3333=ORIENTED_EDGE('',*,*,#2321,.T.);
#3334=ORIENTED_EDGE('',*,*,#1819,.T.);
#3335=ORIENTED_EDGE('',*,*,#1843,.F.);
#3336=ORIENTED_EDGE('',*,*,#1918,.F.);
#3337=ORIENTED_EDGE('',*,*,#2306,.F.);
#3338=ORIENTED_EDGE('',*,*,#2033,.F.);
#3339=ORIENTED_EDGE('',*,*,#2280,.T.);
#3340=ORIENTED_EDGE('',*,*,#2028,.F.);
#3341=ORIENTED_EDGE('',*,*,#2054,.T.);
#3342=ORIENTED_EDGE('',*,*,#1966,.T.);
#3343=ORIENTED_EDGE('',*,*,#1963,.T.);
#3344=ORIENTED_EDGE('',*,*,#1960,.T.);
#3345=ORIENTED_EDGE('',*,*,#1957,.T.);
#3346=ORIENTED_EDGE('',*,*,#1954,.T.);
#3347=ORIENTED_EDGE('',*,*,#1951,.T.);
#3348=ORIENTED_EDGE('',*,*,#2322,.T.);
#3349=ORIENTED_EDGE('',*,*,#2323,.T.);
#3350=ORIENTED_EDGE('',*,*,#2324,.F.);
#3351=ORIENTED_EDGE('',*,*,#2314,.F.);
#3352=ORIENTED_EDGE('',*,*,#2317,.F.);
#3353=ORIENTED_EDGE('',*,*,#2299,.F.);
#3354=ORIENTED_EDGE('',*,*,#2302,.F.);
#3355=ORIENTED_EDGE('',*,*,#2305,.F.);
#3356=ORIENTED_EDGE('',*,*,#2325,.T.);
#3357=ORIENTED_EDGE('',*,*,#2326,.T.);
#3358=ORIENTED_EDGE('',*,*,#2322,.F.);
#3359=ORIENTED_EDGE('',*,*,#2316,.F.);
#3360=ORIENTED_EDGE('',*,*,#2320,.F.);
#3361=ORIENTED_EDGE('',*,*,#2327,.T.);
#3362=ORIENTED_EDGE('',*,*,#2328,.F.);
#3363=ORIENTED_EDGE('',*,*,#2303,.F.);
#3364=ORIENTED_EDGE('',*,*,#2300,.F.);
#3365=ORIENTED_EDGE('',*,*,#2297,.F.);
#3366=ORIENTED_EDGE('',*,*,#2329,.F.);
#3367=ORIENTED_EDGE('',*,*,#2327,.F.);
#3368=ORIENTED_EDGE('',*,*,#2321,.F.);
#3369=ORIENTED_EDGE('',*,*,#1911,.F.);
#3370=ORIENTED_EDGE('',*,*,#2318,.F.);
#3371=ORIENTED_EDGE('',*,*,#2330,.F.);
#3372=ORIENTED_EDGE('',*,*,#2323,.F.);
#3373=ORIENTED_EDGE('',*,*,#2326,.F.);
#3374=ORIENTED_EDGE('',*,*,#2304,.F.);
#3375=ORIENTED_EDGE('',*,*,#2328,.T.);
#3376=ORIENTED_EDGE('',*,*,#2329,.T.);
#3377=ORIENTED_EDGE('',*,*,#2325,.F.);
#3378=ORIENTED_EDGE('',*,*,#1984,.F.);
#3379=ORIENTED_EDGE('',*,*,#2281,.F.);
#3380=ORIENTED_EDGE('',*,*,#1979,.F.);
#3381=ORIENTED_EDGE('',*,*,#2307,.T.);
#3382=ORIENTED_EDGE('',*,*,#1921,.F.);
#3383=ORIENTED_EDGE('',*,*,#2309,.F.);
#3384=ORIENTED_EDGE('',*,*,#2311,.T.);
#3385=ORIENTED_EDGE('',*,*,#2315,.T.);
#3386=ORIENTED_EDGE('',*,*,#2324,.T.);
#3387=ORIENTED_EDGE('',*,*,#2330,.T.);
#3388=ORIENTED_EDGE('',*,*,#2319,.T.);
#3389=ORIENTED_EDGE('',*,*,#1880,.T.);
#3390=ORIENTED_EDGE('',*,*,#2052,.T.);
#3391=PLANE('',#3713);
#3392=PLANE('',#3715);
#3393=PLANE('',#3718);
#3394=PLANE('',#3720);
#3395=PLANE('',#3722);
#3396=PLANE('',#3724);
#3397=PLANE('',#3726);
#3398=PLANE('',#3728);
#3399=PLANE('',#3731);
#3400=PLANE('',#3733);
#3401=PLANE('',#3735);
#3402=PLANE('',#3736);
#3403=PLANE('',#3737);
#3404=PLANE('',#3738);
#3405=PLANE('',#3739);
#3406=PLANE('',#3740);
#3407=PLANE('',#3741);
#3408=PLANE('',#3742);
#3409=PLANE('',#3743);
#3410=PLANE('',#3746);
#3411=PLANE('',#3747);
#3412=PLANE('',#3748);
#3413=PLANE('',#3749);
#3414=PLANE('',#3750);
#3415=PLANE('',#3751);
#3416=PLANE('',#3752);
#3417=PLANE('',#3753);
#3418=PLANE('',#3754);
#3419=PLANE('',#3755);
#3420=PLANE('',#3766);
#3421=PLANE('',#3774);
#3422=PLANE('',#3778);
#3423=PLANE('',#3779);
#3424=PLANE('',#3780);
#3425=PLANE('',#3785);
#3426=PLANE('',#3789);
#3427=PLANE('',#3793);
#3428=PLANE('',#3797);
#3429=PLANE('',#3801);
#3430=PLANE('',#3805);
#3431=PLANE('',#3806);
#3432=PLANE('',#3807);
#3433=PLANE('',#3814);
#3434=PLANE('',#3818);
#3435=PLANE('',#3825);
#3436=PLANE('',#3832);
#3437=PLANE('',#3842);
#3438=PLANE('',#3846);
#3439=PLANE('',#3860);
#3440=PLANE('',#3863);
#3441=PLANE('',#3866);
#3442=PLANE('',#3868);
#3443=PLANE('',#3874);
#3444=PLANE('',#3876);
#3445=PLANE('',#3891);
#3446=PLANE('',#3892);
#3447=PLANE('',#3893);
#3448=PLANE('',#3894);
#3449=PLANE('',#3895);
#3450=PLANE('',#3896);
#3451=PLANE('',#3897);
#3452=PLANE('',#3909);
#3453=PLANE('',#3923);
#3454=PLANE('',#3924);
#3455=PLANE('',#3926);
#3456=PLANE('',#3946);
#3457=PLANE('',#3948);
#3458=PLANE('',#3952);
#3459=PLANE('',#3953);
#3460=PLANE('',#3960);
#3461=PLANE('',#3965);
#3462=PLANE('',#3967);
#3463=PLANE('',#3969);
#3464=PLANE('',#3970);
#3465=PLANE('',#3971);
#3466=PLANE('',#3973);
#3467=PLANE('',#3985);
#3468=PLANE('',#3986);
#3469=PLANE('',#4005);
#3470=PLANE('',#4006);
#3471=PLANE('',#4007);
#3472=PLANE('',#4026);
#3473=PLANE('',#4028);
#3474=PLANE('',#4030);
#3475=PLANE('',#4031);
#3476=PLANE('',#4038);
#3477=PLANE('',#4040);
#3478=PLANE('',#4044);
#3479=PLANE('',#4045);
#3480=PLANE('',#4049);
#3481=PLANE('',#4056);
#3482=PLANE('',#4057);
#3483=PLANE('',#4061);
#3484=PLANE('',#4062);
#3485=PLANE('',#4070);
#3486=PLANE('',#4071);
#3487=PLANE('',#4074);
#3488=PLANE('',#4075);
#3489=PLANE('',#4079);
#3490=PLANE('',#4081);
#3491=PLANE('',#4082);
#3492=PLANE('',#4083);
#3493=PLANE('',#4084);
#3494=PLANE('',#4085);
#3495=PLANE('',#4086);
#3496=PLANE('',#4087);
#3497=PLANE('',#4088);
#3498=PLANE('',#4089);
#3499=PLANE('',#4090);
#3500=PLANE('',#4091);
#3501=PLANE('',#4092);
#3502=PLANE('',#4093);
#3503=PLANE('',#4094);
#3504=PLANE('',#4095);
#3505=PLANE('',#4096);
#3506=PLANE('',#4097);
#3507=PLANE('',#4098);
#3508=PLANE('',#4099);
#3509=ADVANCED_FACE('',(#829),#3391,.T.);
#3510=ADVANCED_FACE('',(#830),#3392,.T.);
#3511=ADVANCED_FACE('',(#831),#3393,.T.);
#3512=ADVANCED_FACE('',(#832),#3394,.T.);
#3513=ADVANCED_FACE('',(#833),#3395,.T.);
#3514=ADVANCED_FACE('',(#834),#3396,.T.);
#3515=ADVANCED_FACE('',(#835),#3397,.T.);
#3516=ADVANCED_FACE('',(#836),#3398,.T.);
#3517=ADVANCED_FACE('',(#837),#3399,.T.);
#3518=ADVANCED_FACE('',(#838),#3400,.T.);
#3519=ADVANCED_FACE('',(#839),#3401,.T.);
#3520=ADVANCED_FACE('',(#840),#3402,.T.);
#3521=ADVANCED_FACE('',(#841),#3403,.T.);
#3522=ADVANCED_FACE('',(#842),#3404,.T.);
#3523=ADVANCED_FACE('',(#843),#3405,.T.);
#3524=ADVANCED_FACE('',(#844),#3406,.T.);
#3525=ADVANCED_FACE('',(#845),#3407,.T.);
#3526=ADVANCED_FACE('',(#846),#3408,.T.);
#3527=ADVANCED_FACE('',(#847),#3409,.T.);
#3528=ADVANCED_FACE('',(#848),#3410,.T.);
#3529=ADVANCED_FACE('',(#849),#3411,.T.);
#3530=ADVANCED_FACE('',(#850),#3412,.T.);
#3531=ADVANCED_FACE('',(#851),#3413,.T.);
#3532=ADVANCED_FACE('',(#852),#3414,.T.);
#3533=ADVANCED_FACE('',(#853),#3415,.T.);
#3534=ADVANCED_FACE('',(#854),#3416,.T.);
#3535=ADVANCED_FACE('',(#855),#3417,.T.);
#3536=ADVANCED_FACE('',(#856),#3418,.T.);
#3537=ADVANCED_FACE('',(#857),#3419,.T.);
#3538=ADVANCED_FACE('',(#858,#18),#57,.F.);
#3539=ADVANCED_FACE('',(#859,#19),#58,.F.);
#3540=ADVANCED_FACE('',(#860,#20),#59,.F.);
#3541=ADVANCED_FACE('',(#861),#3420,.T.);
#3542=ADVANCED_FACE('',(#862,#21),#60,.F.);
#3543=ADVANCED_FACE('',(#863,#22),#61,.F.);
#3544=ADVANCED_FACE('',(#864),#3421,.T.);
#3545=ADVANCED_FACE('',(#865),#62,.F.);
#3546=ADVANCED_FACE('',(#866),#3422,.T.);
#3547=ADVANCED_FACE('',(#867),#3423,.T.);
#3548=ADVANCED_FACE('',(#868),#3424,.T.);
#3549=ADVANCED_FACE('',(#869),#63,.F.);
#3550=ADVANCED_FACE('',(#870,#23),#3425,.T.);
#3551=ADVANCED_FACE('',(#871),#64,.F.);
#3552=ADVANCED_FACE('',(#872,#24),#3426,.T.);
#3553=ADVANCED_FACE('',(#873),#65,.F.);
#3554=ADVANCED_FACE('',(#874,#25),#3427,.T.);
#3555=ADVANCED_FACE('',(#875),#66,.F.);
#3556=ADVANCED_FACE('',(#876,#26),#3428,.T.);
#3557=ADVANCED_FACE('',(#877),#67,.F.);
#3558=ADVANCED_FACE('',(#878,#27),#3429,.T.);
#3559=ADVANCED_FACE('',(#879),#68,.F.);
#3560=ADVANCED_FACE('',(#880,#28),#3430,.T.);
#3561=ADVANCED_FACE('',(#881),#3431,.F.);
#3562=ADVANCED_FACE('',(#882),#3432,.F.);
#3563=ADVANCED_FACE('',(#883),#69,.T.);
#3564=ADVANCED_FACE('',(#884),#70,.T.);
#3565=ADVANCED_FACE('',(#885),#3433,.F.);
#3566=ADVANCED_FACE('',(#886),#3434,.T.);
#3567=ADVANCED_FACE('',(#887),#71,.T.);
#3568=ADVANCED_FACE('',(#888),#3435,.F.);
#3569=ADVANCED_FACE('',(#889),#72,.F.);
#3570=ADVANCED_FACE('',(#890),#73,.T.);
#3571=ADVANCED_FACE('',(#891),#74,.F.);
#3572=ADVANCED_FACE('',(#892),#3436,.F.);
#3573=ADVANCED_FACE('',(#893),#75,.F.);
#3574=ADVANCED_FACE('',(#894),#76,.F.);
#3575=ADVANCED_FACE('',(#895),#77,.T.);
#3576=ADVANCED_FACE('',(#896),#78,.F.);
#3577=ADVANCED_FACE('',(#897,#29),#3437,.T.);
#3578=ADVANCED_FACE('',(#898),#79,.F.);
#3579=ADVANCED_FACE('',(#899,#30),#3438,.F.);
#3580=ADVANCED_FACE('',(#900),#80,.F.);
#3581=ADVANCED_FACE('',(#901),#81,.T.);
#3582=ADVANCED_FACE('',(#902),#82,.T.);
#3583=ADVANCED_FACE('',(#903),#83,.F.);
#3584=ADVANCED_FACE('',(#904),#84,.F.);
#3585=ADVANCED_FACE('',(#905,#31),#3439,.T.);
#3586=ADVANCED_FACE('',(#906,#32),#3440,.F.);
#3587=ADVANCED_FACE('',(#907,#33),#3441,.F.);
#3588=ADVANCED_FACE('',(#908,#34),#3442,.F.);
#3589=ADVANCED_FACE('',(#909),#85,.F.);
#3590=ADVANCED_FACE('',(#910),#86,.F.);
#3591=ADVANCED_FACE('',(#911,#35),#3443,.T.);
#3592=ADVANCED_FACE('',(#912,#36),#3444,.T.);
#3593=ADVANCED_FACE('',(#913),#87,.F.);
#3594=ADVANCED_FACE('',(#914),#88,.F.);
#3595=ADVANCED_FACE('',(#915),#89,.F.);
#3596=ADVANCED_FACE('',(#916),#90,.F.);
#3597=ADVANCED_FACE('',(#917),#91,.F.);
#3598=ADVANCED_FACE('',(#918),#92,.F.);
#3599=ADVANCED_FACE('',(#919),#3445,.T.);
#3600=ADVANCED_FACE('',(#920,#37),#3446,.T.);
#3601=ADVANCED_FACE('',(#921),#3447,.T.);
#3602=ADVANCED_FACE('',(#922),#3448,.F.);
#3603=ADVANCED_FACE('',(#923,#38),#3449,.F.);
#3604=ADVANCED_FACE('',(#924),#3450,.F.);
#3605=ADVANCED_FACE('',(#925),#3451,.T.);
#3606=ADVANCED_FACE('',(#926),#93,.F.);
#3607=ADVANCED_FACE('',(#927),#94,.F.);
#3608=ADVANCED_FACE('',(#928),#95,.T.);
#3609=ADVANCED_FACE('',(#929),#96,.F.);
#3610=ADVANCED_FACE('',(#930),#3452,.F.);
#3611=ADVANCED_FACE('',(#931),#97,.F.);
#3612=ADVANCED_FACE('',(#932),#98,.F.);
#3613=ADVANCED_FACE('',(#933),#99,.T.);
#3614=ADVANCED_FACE('',(#934),#100,.F.);
#3615=ADVANCED_FACE('',(#935),#3453,.F.);
#3616=ADVANCED_FACE('',(#936),#3454,.T.);
#3617=ADVANCED_FACE('',(#937),#3455,.T.);
#3618=ADVANCED_FACE('',(#938),#101,.F.);
#3619=ADVANCED_FACE('',(#939),#102,.F.);
#3620=ADVANCED_FACE('',(#940),#103,.T.);
#3621=ADVANCED_FACE('',(#941),#104,.T.);
#3622=ADVANCED_FACE('',(#942),#105,.F.);
#3623=ADVANCED_FACE('',(#943),#106,.F.);
#3624=ADVANCED_FACE('',(#944),#3456,.T.);
#3625=ADVANCED_FACE('',(#945),#3457,.T.);
#3626=ADVANCED_FACE('',(#946),#107,.T.);
#3627=ADVANCED_FACE('',(#947),#108,.T.);
#3628=ADVANCED_FACE('',(#948),#3458,.F.);
#3629=ADVANCED_FACE('',(#949),#3459,.T.);
#3630=ADVANCED_FACE('',(#950),#109,.F.);
#3631=ADVANCED_FACE('',(#951),#110,.T.);
#3632=ADVANCED_FACE('',(#952),#3460,.T.);
#3633=ADVANCED_FACE('',(#953),#111,.F.);
#3634=ADVANCED_FACE('',(#954),#3461,.T.);
#3635=ADVANCED_FACE('',(#955),#3462,.T.);
#3636=ADVANCED_FACE('',(#956),#3463,.T.);
#3637=ADVANCED_FACE('',(#957),#3464,.F.);
#3638=ADVANCED_FACE('',(#958),#3465,.T.);
#3639=ADVANCED_FACE('',(#959),#3466,.T.);
#3640=ADVANCED_FACE('',(#960),#112,.T.);
#3641=ADVANCED_FACE('',(#961),#113,.T.);
#3642=ADVANCED_FACE('',(#962),#114,.F.);
#3643=ADVANCED_FACE('',(#963),#115,.F.);
#3644=ADVANCED_FACE('',(#964),#3467,.T.);
#3645=ADVANCED_FACE('',(#965),#3468,.T.);
#3646=ADVANCED_FACE('',(#966),#116,.T.);
#3647=ADVANCED_FACE('',(#967),#117,.T.);
#3648=ADVANCED_FACE('',(#968),#118,.F.);
#3649=ADVANCED_FACE('',(#969),#119,.F.);
#3650=ADVANCED_FACE('',(#970),#120,.F.);
#3651=ADVANCED_FACE('',(#971),#121,.F.);
#3652=ADVANCED_FACE('',(#972),#3469,.F.);
#3653=ADVANCED_FACE('',(#973),#3470,.F.);
#3654=ADVANCED_FACE('',(#974),#3471,.T.);
#3655=ADVANCED_FACE('',(#975),#122,.T.);
#3656=ADVANCED_FACE('',(#976),#123,.T.);
#3657=ADVANCED_FACE('',(#977),#124,.F.);
#3658=ADVANCED_FACE('',(#978),#125,.F.);
#3659=ADVANCED_FACE('',(#979),#126,.F.);
#3660=ADVANCED_FACE('',(#980),#127,.F.);
#3661=ADVANCED_FACE('',(#981),#3472,.F.);
#3662=ADVANCED_FACE('',(#982),#3473,.F.);
#3663=ADVANCED_FACE('',(#983),#3474,.F.);
#3664=ADVANCED_FACE('',(#984),#3475,.F.);
#3665=ADVANCED_FACE('',(#985),#128,.F.);
#3666=ADVANCED_FACE('',(#986),#129,.F.);
#3667=ADVANCED_FACE('',(#987),#3476,.F.);
#3668=ADVANCED_FACE('',(#988),#3477,.F.);
#3669=ADVANCED_FACE('',(#989),#130,.T.);
#3670=ADVANCED_FACE('',(#990),#3478,.T.);
#3671=ADVANCED_FACE('',(#991),#3479,.F.);
#3672=ADVANCED_FACE('',(#992),#131,.F.);
#3673=ADVANCED_FACE('',(#993),#3480,.F.);
#3674=ADVANCED_FACE('',(#994),#132,.T.);
#3675=ADVANCED_FACE('',(#995),#133,.T.);
#3676=ADVANCED_FACE('',(#996),#3481,.F.);
#3677=ADVANCED_FACE('',(#997),#3482,.F.);
#3678=ADVANCED_FACE('',(#998),#134,.F.);
#3679=ADVANCED_FACE('',(#999),#3483,.F.);
#3680=ADVANCED_FACE('',(#1000),#3484,.T.);
#3681=ADVANCED_FACE('',(#1001),#16,.T.);
#3682=ADVANCED_FACE('',(#1002),#135,.T.);
#3683=ADVANCED_FACE('',(#1003),#17,.T.);
#3684=ADVANCED_FACE('',(#1004,#39,#40,#41,#42,#43),#3485,.F.);
#3685=ADVANCED_FACE('',(#1005),#3486,.F.);
#3686=ADVANCED_FACE('',(#1006),#136,.T.);
#3687=ADVANCED_FACE('',(#1007,#44,#45,#46,#47,#48),#3487,.T.);
#3688=ADVANCED_FACE('',(#1008),#3488,.F.);
#3689=ADVANCED_FACE('',(#1009),#137,.T.);
#3690=ADVANCED_FACE('',(#1010),#3489,.F.);
#3691=ADVANCED_FACE('',(#1011),#138,.T.);
#3692=ADVANCED_FACE('',(#1012),#3490,.F.);
#3693=ADVANCED_FACE('',(#1013),#3491,.T.);
#3694=ADVANCED_FACE('',(#1014),#3492,.T.);
#3695=ADVANCED_FACE('',(#1015),#3493,.T.);
#3696=ADVANCED_FACE('',(#1016),#3494,.T.);
#3697=ADVANCED_FACE('',(#1017),#3495,.T.);
#3698=ADVANCED_FACE('',(#1018),#3496,.T.);
#3699=ADVANCED_FACE('',(#1019),#3497,.T.);
#3700=ADVANCED_FACE('',(#1020),#3498,.T.);
#3701=ADVANCED_FACE('',(#1021),#3499,.T.);
#3702=ADVANCED_FACE('',(#1022),#3500,.T.);
#3703=ADVANCED_FACE('',(#1023),#3501,.T.);
#3704=ADVANCED_FACE('',(#1024,#49,#50,#51,#52,#53,#54,#55),#3502,.T.);
#3705=ADVANCED_FACE('',(#1025),#3503,.T.);
#3706=ADVANCED_FACE('',(#1026),#3504,.F.);
#3707=ADVANCED_FACE('',(#1027),#3505,.F.);
#3708=ADVANCED_FACE('',(#1028),#3506,.F.);
#3709=ADVANCED_FACE('',(#1029),#3507,.F.);
#3710=ADVANCED_FACE('',(#1030,#56),#3508,.T.);
#3711=CLOSED_SHELL('',(#3509,#3510,#3511,#3512,#3513,#3514,#3515,#3516,
#3517,#3518,#3519,#3520,#3521,#3522,#3523,#3524,#3525,#3526,#3527,#3528,
#3529,#3530,#3531,#3532,#3533,#3534,#3535,#3536,#3537,#3538,#3539,#3540,
#3541,#3542,#3543,#3544,#3545,#3546,#3547,#3548,#3549,#3550,#3551,#3552,
#3553,#3554,#3555,#3556,#3557,#3558,#3559,#3560,#3561,#3562,#3563,#3564,
#3565,#3566,#3567,#3568,#3569,#3570,#3571,#3572,#3573,#3574,#3575,#3576,
#3577,#3578,#3579,#3580,#3581,#3582,#3583,#3584,#3585,#3586,#3587,#3588,
#3589,#3590,#3591,#3592,#3593,#3594,#3595,#3596,#3597,#3598,#3599,#3600,
#3601,#3602,#3603,#3604,#3605,#3606,#3607,#3608,#3609,#3610,#3611,#3612,
#3613,#3614,#3615,#3616,#3617,#3618,#3619,#3620,#3621,#3622,#3623,#3624,
#3625,#3626,#3627,#3628,#3629,#3630,#3631,#3632,#3633,#3634,#3635,#3636,
#3637,#3638,#3639,#3640,#3641,#3642,#3643,#3644,#3645,#3646,#3647,#3648,
#3649,#3650,#3651,#3652,#3653,#3654,#3655,#3656,#3657,#3658,#3659,#3660,
#3661,#3662,#3663,#3664,#3665,#3666,#3667,#3668,#3669,#3670,#3671,#3672,
#3673,#3674,#3675,#3676,#3677,#3678,#3679,#3680,#3681,#3682,#3683,#3684,
#3685,#3686,#3687,#3688,#3689,#3690,#3691,#3692,#3693,#3694,#3695,#3696,
#3697,#3698,#3699,#3700,#3701,#3702,#3703,#3704,#3705,#3706,#3707,#3708,
#3709,#3710));
#3712=AXIS2_PLACEMENT_3D('',#5221,#4100,#4101);
#3713=AXIS2_PLACEMENT_3D('',#5222,#4102,#4103);
#3714=AXIS2_PLACEMENT_3D('',#5224,#4104,#4105);
#3715=AXIS2_PLACEMENT_3D('',#5225,#4106,#4107);
#3716=AXIS2_PLACEMENT_3D('',#5230,#4109,#4110);
#3717=AXIS2_PLACEMENT_3D('',#5231,#4111,#4112);
#3718=AXIS2_PLACEMENT_3D('',#5232,#4113,#4114);
#3719=AXIS2_PLACEMENT_3D('',#5234,#4115,#4116);
#3720=AXIS2_PLACEMENT_3D('',#5235,#4117,#4118);
#3721=AXIS2_PLACEMENT_3D('',#5237,#4119,#4120);
#3722=AXIS2_PLACEMENT_3D('',#5238,#4121,#4122);
#3723=AXIS2_PLACEMENT_3D('',#5240,#4123,#4124);
#3724=AXIS2_PLACEMENT_3D('',#5241,#4125,#4126);
#3725=AXIS2_PLACEMENT_3D('',#5243,#4127,#4128);
#3726=AXIS2_PLACEMENT_3D('',#5244,#4129,#4130);
#3727=AXIS2_PLACEMENT_3D('',#5247,#4131,#4132);
#3728=AXIS2_PLACEMENT_3D('',#5253,#4136,#4137);
#3729=AXIS2_PLACEMENT_3D('',#5269,#4145,#4146);
#3730=AXIS2_PLACEMENT_3D('',#5277,#4150,#4151);
#3731=AXIS2_PLACEMENT_3D('',#5279,#4153,#4154);
#3732=AXIS2_PLACEMENT_3D('',#5282,#4155,#4156);
#3733=AXIS2_PLACEMENT_3D('',#5288,#4160,#4161);
#3734=AXIS2_PLACEMENT_3D('',#5291,#4162,#4163);
#3735=AXIS2_PLACEMENT_3D('',#5297,#4167,#4168);
#3736=AXIS2_PLACEMENT_3D('',#5319,#4180,#4181);
#3737=AXIS2_PLACEMENT_3D('',#5325,#4185,#4186);
#3738=AXIS2_PLACEMENT_3D('',#5331,#4190,#4191);
#3739=AXIS2_PLACEMENT_3D('',#5340,#4196,#4197);
#3740=AXIS2_PLACEMENT_3D('',#5349,#4202,#4203);
#3741=AXIS2_PLACEMENT_3D('',#5355,#4207,#4208);
#3742=AXIS2_PLACEMENT_3D('',#5366,#4216,#4217);
#3743=AXIS2_PLACEMENT_3D('',#5369,#4220,#4221);
#3744=AXIS2_PLACEMENT_3D('',#5375,#4224,#4225);
#3745=AXIS2_PLACEMENT_3D('',#5387,#4231,#4232);
#3746=AXIS2_PLACEMENT_3D('',#5399,#4240,#4241);
#3747=AXIS2_PLACEMENT_3D('',#5403,#4244,#4245);
#3748=AXIS2_PLACEMENT_3D('',#5409,#4249,#4250);
#3749=AXIS2_PLACEMENT_3D('',#5418,#4255,#4256);
#3750=AXIS2_PLACEMENT_3D('',#5427,#4261,#4262);
#3751=AXIS2_PLACEMENT_3D('',#5433,#4266,#4267);
#3752=AXIS2_PLACEMENT_3D('',#5442,#4274,#4275);
#3753=AXIS2_PLACEMENT_3D('',#5444,#4277,#4278);
#3754=AXIS2_PLACEMENT_3D('',#5446,#4280,#4281);
#3755=AXIS2_PLACEMENT_3D('',#5464,#4291,#4292);
#3756=AXIS2_PLACEMENT_3D('',#5470,#4296,#4297);
#3757=AXIS2_PLACEMENT_3D('',#5472,#4298,#4299);
#3758=AXIS2_PLACEMENT_3D('',#5474,#4301,#4302);
#3759=AXIS2_PLACEMENT_3D('',#5475,#4303,#4304);
#3760=AXIS2_PLACEMENT_3D('',#5477,#4305,#4306);
#3761=AXIS2_PLACEMENT_3D('',#5479,#4308,#4309);
#3762=AXIS2_PLACEMENT_3D('',#5480,#4310,#4311);
#3763=AXIS2_PLACEMENT_3D('',#5482,#4312,#4313);
#3764=AXIS2_PLACEMENT_3D('',#5484,#4315,#4316);
#3765=AXIS2_PLACEMENT_3D('',#5485,#4317,#4318);
#3766=AXIS2_PLACEMENT_3D('',#5486,#4319,#4320);
#3767=AXIS2_PLACEMENT_3D('',#5487,#4321,#4322);
#3768=AXIS2_PLACEMENT_3D('',#5489,#4323,#4324);
#3769=AXIS2_PLACEMENT_3D('',#5491,#4326,#4327);
#3770=AXIS2_PLACEMENT_3D('',#5492,#4328,#4329);
#3771=AXIS2_PLACEMENT_3D('',#5494,#4330,#4331);
#3772=AXIS2_PLACEMENT_3D('',#5496,#4333,#4334);
#3773=AXIS2_PLACEMENT_3D('',#5497,#4335,#4336);
#3774=AXIS2_PLACEMENT_3D('',#5498,#4337,#4338);
#3775=AXIS2_PLACEMENT_3D('',#5499,#4339,#4340);
#3776=AXIS2_PLACEMENT_3D('',#5501,#4341,#4342);
#3777=AXIS2_PLACEMENT_3D('',#5503,#4344,#4345);
#3778=AXIS2_PLACEMENT_3D('',#5504,#4346,#4347);
#3779=AXIS2_PLACEMENT_3D('',#5505,#4348,#4349);
#3780=AXIS2_PLACEMENT_3D('',#5506,#4350,#4351);
#3781=AXIS2_PLACEMENT_3D('',#5516,#4356,#4357);
#3782=AXIS2_PLACEMENT_3D('',#5522,#4361,#4362);
#3783=AXIS2_PLACEMENT_3D('',#5524,#4363,#4364);
#3784=AXIS2_PLACEMENT_3D('',#5527,#4366,#4367);
#3785=AXIS2_PLACEMENT_3D('',#5528,#4368,#4369);
#3786=AXIS2_PLACEMENT_3D('',#5529,#4370,#4371);
#3787=AXIS2_PLACEMENT_3D('',#5531,#4372,#4373);
#3788=AXIS2_PLACEMENT_3D('',#5534,#4375,#4376);
#3789=AXIS2_PLACEMENT_3D('',#5535,#4377,#4378);
#3790=AXIS2_PLACEMENT_3D('',#5536,#4379,#4380);
#3791=AXIS2_PLACEMENT_3D('',#5538,#4381,#4382);
#3792=AXIS2_PLACEMENT_3D('',#5541,#4384,#4385);
#3793=AXIS2_PLACEMENT_3D('',#5542,#4386,#4387);
#3794=AXIS2_PLACEMENT_3D('',#5543,#4388,#4389);
#3795=AXIS2_PLACEMENT_3D('',#5545,#4390,#4391);
#3796=AXIS2_PLACEMENT_3D('',#5548,#4393,#4394);
#3797=AXIS2_PLACEMENT_3D('',#5549,#4395,#4396);
#3798=AXIS2_PLACEMENT_3D('',#5550,#4397,#4398);
#3799=AXIS2_PLACEMENT_3D('',#5552,#4399,#4400);
#3800=AXIS2_PLACEMENT_3D('',#5555,#4402,#4403);
#3801=AXIS2_PLACEMENT_3D('',#5556,#4404,#4405);
#3802=AXIS2_PLACEMENT_3D('',#5557,#4406,#4407);
#3803=AXIS2_PLACEMENT_3D('',#5559,#4408,#4409);
#3804=AXIS2_PLACEMENT_3D('',#5562,#4411,#4412);
#3805=AXIS2_PLACEMENT_3D('',#5563,#4413,#4414);
#3806=AXIS2_PLACEMENT_3D('',#5564,#4415,#4416);
#3807=AXIS2_PLACEMENT_3D('',#5572,#4421,#4422);
#3808=AXIS2_PLACEMENT_3D('',#5581,#4427,#4428);
#3809=AXIS2_PLACEMENT_3D('',#5582,#4429,#4430);
#3810=AXIS2_PLACEMENT_3D('',#5585,#4431,#4432);
#3811=AXIS2_PLACEMENT_3D('',#5589,#4434,#4435);
#3812=AXIS2_PLACEMENT_3D('',#5591,#4437,#4438);
#3813=AXIS2_PLACEMENT_3D('',#5595,#4440,#4441);
#3814=AXIS2_PLACEMENT_3D('',#5597,#4443,#4444);
#3815=AXIS2_PLACEMENT_3D('',#5604,#4447,#4448);
#3816=AXIS2_PLACEMENT_3D('',#5606,#4449,#4450);
#3817=AXIS2_PLACEMENT_3D('',#5608,#4451,#4452);
#3818=AXIS2_PLACEMENT_3D('',#5610,#4454,#4455);
#3819=AXIS2_PLACEMENT_3D('',#5617,#4458,#4459);
#3820=AXIS2_PLACEMENT_3D('',#5619,#4460,#4461);
#3821=AXIS2_PLACEMENT_3D('',#5621,#4462,#4463);
#3822=AXIS2_PLACEMENT_3D('',#5623,#4465,#4466);
#3823=AXIS2_PLACEMENT_3D('',#5627,#4468,#4469);
#3824=AXIS2_PLACEMENT_3D('',#5628,#4470,#4471);
#3825=AXIS2_PLACEMENT_3D('',#5629,#4472,#4473);
#3826=AXIS2_PLACEMENT_3D('',#5634,#4477,#4478);
#3827=AXIS2_PLACEMENT_3D('',#5637,#4480,#4481);
#3828=AXIS2_PLACEMENT_3D('',#5638,#4482,#4483);
#3829=AXIS2_PLACEMENT_3D('',#5641,#4485,#4486);
#3830=AXIS2_PLACEMENT_3D('',#5642,#4487,#4488);
#3831=AXIS2_PLACEMENT_3D('',#5645,#4490,#4491);
#3832=AXIS2_PLACEMENT_3D('',#5646,#4492,#4493);
#3833=AXIS2_PLACEMENT_3D('',#5652,#4497,#4498);
#3834=AXIS2_PLACEMENT_3D('',#5656,#4500,#4501);
#3835=AXIS2_PLACEMENT_3D('',#5658,#4503,#4504);
#3836=AXIS2_PLACEMENT_3D('',#5662,#4506,#4507);
#3837=AXIS2_PLACEMENT_3D('',#5664,#4509,#4510);
#3838=AXIS2_PLACEMENT_3D('',#5665,#4511,#4512);
#3839=AXIS2_PLACEMENT_3D('',#5666,#4513,#4514);
#3840=AXIS2_PLACEMENT_3D('',#5668,#4515,#4516);
#3841=AXIS2_PLACEMENT_3D('',#5671,#4518,#4519);
#3842=AXIS2_PLACEMENT_3D('',#5672,#4520,#4521);
#3843=AXIS2_PLACEMENT_3D('',#5674,#4522,#4523);
#3844=AXIS2_PLACEMENT_3D('',#5675,#4524,#4525);
#3845=AXIS2_PLACEMENT_3D('',#5678,#4527,#4528);
#3846=AXIS2_PLACEMENT_3D('',#5679,#4529,#4530);
#3847=AXIS2_PLACEMENT_3D('',#5681,#4531,#4532);
#3848=AXIS2_PLACEMENT_3D('',#5682,#4533,#4534);
#3849=AXIS2_PLACEMENT_3D('',#5685,#4536,#4537);
#3850=AXIS2_PLACEMENT_3D('',#5686,#4538,#4539);
#3851=AXIS2_PLACEMENT_3D('',#5690,#4541,#4542);
#3852=AXIS2_PLACEMENT_3D('',#5692,#4544,#4545);
#3853=AXIS2_PLACEMENT_3D('',#5696,#4547,#4548);
#3854=AXIS2_PLACEMENT_3D('',#5698,#4550,#4551);
#3855=AXIS2_PLACEMENT_3D('',#5700,#4552,#4553);
#3856=AXIS2_PLACEMENT_3D('',#5703,#4555,#4556);
#3857=AXIS2_PLACEMENT_3D('',#5704,#4557,#4558);
#3858=AXIS2_PLACEMENT_3D('',#5706,#4559,#4560);
#3859=AXIS2_PLACEMENT_3D('',#5709,#4562,#4563);
#3860=AXIS2_PLACEMENT_3D('',#5710,#4564,#4565);
#3861=AXIS2_PLACEMENT_3D('',#5712,#4566,#4567);
#3862=AXIS2_PLACEMENT_3D('',#5714,#4568,#4569);
#3863=AXIS2_PLACEMENT_3D('',#5715,#4570,#4571);
#3864=AXIS2_PLACEMENT_3D('',#5717,#4572,#4573);
#3865=AXIS2_PLACEMENT_3D('',#5719,#4574,#4575);
#3866=AXIS2_PLACEMENT_3D('',#5720,#4576,#4577);
#3867=AXIS2_PLACEMENT_3D('',#5722,#4578,#4579);
#3868=AXIS2_PLACEMENT_3D('',#5723,#4580,#4581);
#3869=AXIS2_PLACEMENT_3D('',#5725,#4582,#4583);
#3870=AXIS2_PLACEMENT_3D('',#5726,#4584,#4585);
#3871=AXIS2_PLACEMENT_3D('',#5729,#4587,#4588);
#3872=AXIS2_PLACEMENT_3D('',#5730,#4589,#4590);
#3873=AXIS2_PLACEMENT_3D('',#5733,#4592,#4593);
#3874=AXIS2_PLACEMENT_3D('',#5734,#4594,#4595);
#3875=AXIS2_PLACEMENT_3D('',#5736,#4596,#4597);
#3876=AXIS2_PLACEMENT_3D('',#5737,#4598,#4599);
#3877=AXIS2_PLACEMENT_3D('',#5739,#4600,#4601);
#3878=AXIS2_PLACEMENT_3D('',#5740,#4602,#4603);
#3879=AXIS2_PLACEMENT_3D('',#5742,#4604,#4605);
#3880=AXIS2_PLACEMENT_3D('',#5744,#4607,#4608);
#3881=AXIS2_PLACEMENT_3D('',#5746,#4609,#4610);
#3882=AXIS2_PLACEMENT_3D('',#5748,#4612,#4613);
#3883=AXIS2_PLACEMENT_3D('',#5753,#4616,#4617);
#3884=AXIS2_PLACEMENT_3D('',#5754,#4618,#4619);
#3885=AXIS2_PLACEMENT_3D('',#5759,#4621,#4622);
#3886=AXIS2_PLACEMENT_3D('',#5762,#4624,#4625);
#3887=AXIS2_PLACEMENT_3D('',#5763,#4626,#4627);
#3888=AXIS2_PLACEMENT_3D('',#5766,#4629,#4630);
#3889=AXIS2_PLACEMENT_3D('',#5767,#4631,#4632);
#3890=AXIS2_PLACEMENT_3D('',#5770,#4634,#4635);
#3891=AXIS2_PLACEMENT_3D('',#5771,#4636,#4637);
#3892=AXIS2_PLACEMENT_3D('',#5775,#4640,#4641);
#3893=AXIS2_PLACEMENT_3D('',#5779,#4644,#4645);
#3894=AXIS2_PLACEMENT_3D('',#5781,#4647,#4648);
#3895=AXIS2_PLACEMENT_3D('',#5787,#4652,#4653);
#3896=AXIS2_PLACEMENT_3D('',#5791,#4656,#4657);
#3897=AXIS2_PLACEMENT_3D('',#5795,#4660,#4661);
#3898=AXIS2_PLACEMENT_3D('',#5800,#4663,#4664);
#3899=AXIS2_PLACEMENT_3D('',#5804,#4667,#4668);
#3900=AXIS2_PLACEMENT_3D('',#5806,#4669,#4670);
#3901=AXIS2_PLACEMENT_3D('',#5808,#4672,#4673);
#3902=AXIS2_PLACEMENT_3D('',#5810,#4674,#4675);
#3903=AXIS2_PLACEMENT_3D('',#5812,#4677,#4678);
#3904=AXIS2_PLACEMENT_3D('',#5815,#4679,#4680);
#3905=AXIS2_PLACEMENT_3D('',#5819,#4682,#4683);
#3906=AXIS2_PLACEMENT_3D('',#5821,#4685,#4686);
#3907=AXIS2_PLACEMENT_3D('',#5823,#4687,#4688);
#3908=AXIS2_PLACEMENT_3D('',#5826,#4690,#4691);
#3909=AXIS2_PLACEMENT_3D('',#5827,#4692,#4693);
#3910=AXIS2_PLACEMENT_3D('',#5832,#4695,#4696);
#3911=AXIS2_PLACEMENT_3D('',#5836,#4699,#4700);
#3912=AXIS2_PLACEMENT_3D('',#5838,#4701,#4702);
#3913=AXIS2_PLACEMENT_3D('',#5840,#4703,#4704);
#3914=AXIS2_PLACEMENT_3D('',#5842,#4706,#4707);
#3915=AXIS2_PLACEMENT_3D('',#5845,#4708,#4709);
#3916=AXIS2_PLACEMENT_3D('',#5849,#4711,#4712);
#3917=AXIS2_PLACEMENT_3D('',#5851,#4714,#4715);
#3918=AXIS2_PLACEMENT_3D('',#5853,#4716,#4717);
#3919=AXIS2_PLACEMENT_3D('',#5855,#4718,#4719);
#3920=AXIS2_PLACEMENT_3D('',#5857,#4721,#4722);
#3921=AXIS2_PLACEMENT_3D('',#5859,#4723,#4724);
#3922=AXIS2_PLACEMENT_3D('',#5861,#4725,#4726);
#3923=AXIS2_PLACEMENT_3D('',#5863,#4728,#4729);
#3924=AXIS2_PLACEMENT_3D('',#5872,#4734,#4735);
#3925=AXIS2_PLACEMENT_3D('',#5879,#4739,#4740);
#3926=AXIS2_PLACEMENT_3D('',#5880,#4741,#4742);
#3927=AXIS2_PLACEMENT_3D('',#5884,#4744,#4745);
#3928=AXIS2_PLACEMENT_3D('',#5888,#4748,#4749);
#3929=AXIS2_PLACEMENT_3D('',#5890,#4750,#4751);
#3930=AXIS2_PLACEMENT_3D('',#5892,#4752,#4753);
#3931=AXIS2_PLACEMENT_3D('',#5894,#4755,#4756);
#3932=AXIS2_PLACEMENT_3D('',#5896,#4757,#4758);
#3933=AXIS2_PLACEMENT_3D('',#5899,#4760,#4761);
#3934=AXIS2_PLACEMENT_3D('',#5900,#4762,#4763);
#3935=AXIS2_PLACEMENT_3D('',#5902,#4764,#4765);
#3936=AXIS2_PLACEMENT_3D('',#5904,#4766,#4767);
#3937=AXIS2_PLACEMENT_3D('',#5906,#4769,#4770);
#3938=AXIS2_PLACEMENT_3D('',#5908,#4771,#4772);
#3939=AXIS2_PLACEMENT_3D('',#5911,#4774,#4775);
#3940=AXIS2_PLACEMENT_3D('',#5912,#4776,#4777);
#3941=AXIS2_PLACEMENT_3D('',#5914,#4778,#4779);
#3942=AXIS2_PLACEMENT_3D('',#5916,#4780,#4781);
#3943=AXIS2_PLACEMENT_3D('',#5918,#4783,#4784);
#3944=AXIS2_PLACEMENT_3D('',#5920,#4785,#4786);
#3945=AXIS2_PLACEMENT_3D('',#5923,#4788,#4789);
#3946=AXIS2_PLACEMENT_3D('',#5924,#4790,#4791);
#3947=AXIS2_PLACEMENT_3D('',#5928,#4794,#4795);
#3948=AXIS2_PLACEMENT_3D('',#5929,#4796,#4797);
#3949=AXIS2_PLACEMENT_3D('',#5932,#4799,#4800);
#3950=AXIS2_PLACEMENT_3D('',#5934,#4802,#4803);
#3951=AXIS2_PLACEMENT_3D('',#5936,#4805,#4806);
#3952=AXIS2_PLACEMENT_3D('',#5938,#4808,#4809);
#3953=AXIS2_PLACEMENT_3D('',#5939,#4810,#4811);
#3954=AXIS2_PLACEMENT_3D('',#5940,#4812,#4813);
#3955=AXIS2_PLACEMENT_3D('',#5942,#4814,#4815);
#3956=AXIS2_PLACEMENT_3D('',#5944,#4816,#4817);
#3957=AXIS2_PLACEMENT_3D('',#5946,#4819,#4820);
#3958=AXIS2_PLACEMENT_3D('',#5948,#4821,#4822);
#3959=AXIS2_PLACEMENT_3D('',#5950,#4823,#4824);
#3960=AXIS2_PLACEMENT_3D('',#5952,#4826,#4827);
#3961=AXIS2_PLACEMENT_3D('',#5957,#4830,#4831);
#3962=AXIS2_PLACEMENT_3D('',#5958,#4832,#4833);
#3963=AXIS2_PLACEMENT_3D('',#5960,#4834,#4835);
#3964=AXIS2_PLACEMENT_3D('',#5962,#4836,#4837);
#3965=AXIS2_PLACEMENT_3D('',#5964,#4839,#4840);
#3966=AXIS2_PLACEMENT_3D('',#5969,#4843,#4844);
#3967=AXIS2_PLACEMENT_3D('',#5970,#4845,#4846);
#3968=AXIS2_PLACEMENT_3D('',#5974,#4848,#4849);
#3969=AXIS2_PLACEMENT_3D('',#5976,#4851,#4852);
#3970=AXIS2_PLACEMENT_3D('',#5978,#4854,#4855);
#3971=AXIS2_PLACEMENT_3D('',#5980,#4857,#4858);
#3972=AXIS2_PLACEMENT_3D('',#5984,#4860,#4861);
#3973=AXIS2_PLACEMENT_3D('',#5988,#4864,#4865);
#3974=AXIS2_PLACEMENT_3D('',#5995,#4869,#4870);
#3975=AXIS2_PLACEMENT_3D('',#5996,#4871,#4872);
#3976=AXIS2_PLACEMENT_3D('',#5999,#4874,#4875);
#3977=AXIS2_PLACEMENT_3D('',#6000,#4876,#4877);
#3978=AXIS2_PLACEMENT_3D('',#6003,#4879,#4880);
#3979=AXIS2_PLACEMENT_3D('',#6004,#4881,#4882);
#3980=AXIS2_PLACEMENT_3D('',#6006,#4883,#4884);
#3981=AXIS2_PLACEMENT_3D('',#6008,#4885,#4886);
#3982=AXIS2_PLACEMENT_3D('',#6010,#4888,#4889);
#3983=AXIS2_PLACEMENT_3D('',#6012,#4890,#4891);
#3984=AXIS2_PLACEMENT_3D('',#6015,#4893,#4894);
#3985=AXIS2_PLACEMENT_3D('',#6016,#4895,#4896);
#3986=AXIS2_PLACEMENT_3D('',#6022,#4900,#4901);
#3987=AXIS2_PLACEMENT_3D('',#6028,#4905,#4906);
#3988=AXIS2_PLACEMENT_3D('',#6030,#4907,#4908);
#3989=AXIS2_PLACEMENT_3D('',#6032,#4909,#4910);
#3990=AXIS2_PLACEMENT_3D('',#6034,#4912,#4913);
#3991=AXIS2_PLACEMENT_3D('',#6036,#4914,#4915);
#3992=AXIS2_PLACEMENT_3D('',#6039,#4917,#4918);
#3993=AXIS2_PLACEMENT_3D('',#6040,#4919,#4920);
#3994=AXIS2_PLACEMENT_3D('',#6042,#4921,#4922);
#3995=AXIS2_PLACEMENT_3D('',#6044,#4923,#4924);
#3996=AXIS2_PLACEMENT_3D('',#6046,#4926,#4927);
#3997=AXIS2_PLACEMENT_3D('',#6047,#4928,#4929);
#3998=AXIS2_PLACEMENT_3D('',#6048,#4930,#4931);
#3999=AXIS2_PLACEMENT_3D('',#6049,#4932,#4933);
#4000=AXIS2_PLACEMENT_3D('',#6050,#4934,#4935);
#4001=AXIS2_PLACEMENT_3D('',#6051,#4936,#4937);
#4002=AXIS2_PLACEMENT_3D('',#6052,#4938,#4939);
#4003=AXIS2_PLACEMENT_3D('',#6054,#4940,#4941);
#4004=AXIS2_PLACEMENT_3D('',#6057,#4943,#4944);
#4005=AXIS2_PLACEMENT_3D('',#6058,#4945,#4946);
#4006=AXIS2_PLACEMENT_3D('',#6061,#4949,#4950);
#4007=AXIS2_PLACEMENT_3D('',#6062,#4951,#4952);
#4008=AXIS2_PLACEMENT_3D('',#6063,#4953,#4954);
#4009=AXIS2_PLACEMENT_3D('',#6066,#4955,#4956);
#4010=AXIS2_PLACEMENT_3D('',#6070,#4958,#4959);
#4011=AXIS2_PLACEMENT_3D('',#6072,#4961,#4962);
#4012=AXIS2_PLACEMENT_3D('',#6075,#4963,#4964);
#4013=AXIS2_PLACEMENT_3D('',#6079,#4966,#4967);
#4014=AXIS2_PLACEMENT_3D('',#6081,#4969,#4970);
#4015=AXIS2_PLACEMENT_3D('',#6083,#4971,#4972);
#4016=AXIS2_PLACEMENT_3D('',#6085,#4973,#4974);
#4017=AXIS2_PLACEMENT_3D('',#6087,#4976,#4977);
#4018=AXIS2_PLACEMENT_3D('',#6089,#4978,#4979);
#4019=AXIS2_PLACEMENT_3D('',#6092,#4981,#4982);
#4020=AXIS2_PLACEMENT_3D('',#6093,#4983,#4984);
#4021=AXIS2_PLACEMENT_3D('',#6095,#4985,#4986);
#4022=AXIS2_PLACEMENT_3D('',#6097,#4987,#4988);
#4023=AXIS2_PLACEMENT_3D('',#6099,#4990,#4991);
#4024=AXIS2_PLACEMENT_3D('',#6101,#4992,#4993);
#4025=AXIS2_PLACEMENT_3D('',#6104,#4995,#4996);
#4026=AXIS2_PLACEMENT_3D('',#6105,#4997,#4998);
#4027=AXIS2_PLACEMENT_3D('',#6109,#5001,#5002);
#4028=AXIS2_PLACEMENT_3D('',#6110,#5003,#5004);
#4029=AXIS2_PLACEMENT_3D('',#6114,#5006,#5007);
#4030=AXIS2_PLACEMENT_3D('',#6116,#5009,#5010);
#4031=AXIS2_PLACEMENT_3D('',#6122,#5014,#5015);
#4032=AXIS2_PLACEMENT_3D('',#6128,#5019,#5020);
#4033=AXIS2_PLACEMENT_3D('',#6130,#5021,#5022);
#4034=AXIS2_PLACEMENT_3D('',#6132,#5023,#5024);
#4035=AXIS2_PLACEMENT_3D('',#6134,#5026,#5027);
#4036=AXIS2_PLACEMENT_3D('',#6136,#5028,#5029);
#4037=AXIS2_PLACEMENT_3D('',#6139,#5031,#5032);
#4038=AXIS2_PLACEMENT_3D('',#6140,#5033,#5034);
#4039=AXIS2_PLACEMENT_3D('',#6145,#5037,#5038);
#4040=AXIS2_PLACEMENT_3D('',#6146,#5039,#5040);
#4041=AXIS2_PLACEMENT_3D('',#6150,#5042,#5043);
#4042=AXIS2_PLACEMENT_3D('',#6152,#5045,#5046);
#4043=AXIS2_PLACEMENT_3D('',#6155,#5048,#5049);
#4044=AXIS2_PLACEMENT_3D('',#6157,#5051,#5052);
#4045=AXIS2_PLACEMENT_3D('',#6158,#5053,#5054);
#4046=AXIS2_PLACEMENT_3D('',#6160,#5056,#5057);
#4047=AXIS2_PLACEMENT_3D('',#6162,#5058,#5059);
#4048=AXIS2_PLACEMENT_3D('',#6164,#5060,#5061);
#4049=AXIS2_PLACEMENT_3D('',#6166,#5063,#5064);
#4050=AXIS2_PLACEMENT_3D('',#6170,#5067,#5068);
#4051=AXIS2_PLACEMENT_3D('',#6171,#5069,#5070);
#4052=AXIS2_PLACEMENT_3D('',#6173,#5071,#5072);
#4053=AXIS2_PLACEMENT_3D('',#6175,#5073,#5074);
#4054=AXIS2_PLACEMENT_3D('',#6177,#5076,#5077);
#4055=AXIS2_PLACEMENT_3D('',#6180,#5079,#5080);
#4056=AXIS2_PLACEMENT_3D('',#6181,#5081,#5082);
#4057=AXIS2_PLACEMENT_3D('',#6184,#5085,#5086);
#4058=AXIS2_PLACEMENT_3D('',#6190,#5090,#5091);
#4059=AXIS2_PLACEMENT_3D('',#6191,#5092,#5093);
#4060=AXIS2_PLACEMENT_3D('',#6192,#5094,#5095);
#4061=AXIS2_PLACEMENT_3D('',#6193,#5096,#5097);
#4062=AXIS2_PLACEMENT_3D('',#6194,#5098,#5099);
#4063=AXIS2_PLACEMENT_3D('',#6195,#5100,#5101);
#4064=AXIS2_PLACEMENT_3D('',#6196,#5102,#5103);
#4065=AXIS2_PLACEMENT_3D('',#6197,#5104,#5105);
#4066=AXIS2_PLACEMENT_3D('',#6198,#5106,#5107);
#4067=AXIS2_PLACEMENT_3D('',#6199,#5108,#5109);
#4068=AXIS2_PLACEMENT_3D('',#6202,#5112,#5113);
#4069=AXIS2_PLACEMENT_3D('',#6203,#5114,#5115);
#4070=AXIS2_PLACEMENT_3D('',#6204,#5116,#5117);
#4071=AXIS2_PLACEMENT_3D('',#6208,#5121,#5122);
#4072=AXIS2_PLACEMENT_3D('',#6210,#5124,#5125);
#4073=AXIS2_PLACEMENT_3D('',#6212,#5126,#5127);
#4074=AXIS2_PLACEMENT_3D('',#6214,#5129,#5130);
#4075=AXIS2_PLACEMENT_3D('',#6218,#5134,#5135);
#4076=AXIS2_PLACEMENT_3D('',#6219,#5136,#5137);
#4077=AXIS2_PLACEMENT_3D('',#6220,#5138,#5139);
#4078=AXIS2_PLACEMENT_3D('',#6221,#5140,#5141);
#4079=AXIS2_PLACEMENT_3D('',#6222,#5142,#5143);
#4080=AXIS2_PLACEMENT_3D('',#6223,#5144,#5145);
#4081=AXIS2_PLACEMENT_3D('',#6224,#5146,#5147);
#4082=AXIS2_PLACEMENT_3D('',#6226,#5149,#5150);
#4083=AXIS2_PLACEMENT_3D('',#6228,#5152,#5153);
#4084=AXIS2_PLACEMENT_3D('',#6237,#5158,#5159);
#4085=AXIS2_PLACEMENT_3D('',#6243,#5163,#5164);
#4086=AXIS2_PLACEMENT_3D('',#6249,#5168,#5169);
#4087=AXIS2_PLACEMENT_3D('',#6252,#5172,#5173);
#4088=AXIS2_PLACEMENT_3D('',#6256,#5176,#5177);
#4089=AXIS2_PLACEMENT_3D('',#6260,#5180,#5181);
#4090=AXIS2_PLACEMENT_3D('',#6268,#5186,#5187);
#4091=AXIS2_PLACEMENT_3D('',#6271,#5190,#5191);
#4092=AXIS2_PLACEMENT_3D('',#6275,#5194,#5195);
#4093=AXIS2_PLACEMENT_3D('',#6279,#5198,#5199);
#4094=AXIS2_PLACEMENT_3D('',#6280,#5200,#5201);
#4095=AXIS2_PLACEMENT_3D('',#6286,#5205,#5206);
#4096=AXIS2_PLACEMENT_3D('',#6290,#5209,#5210);
#4097=AXIS2_PLACEMENT_3D('',#6294,#5213,#5214);
#4098=AXIS2_PLACEMENT_3D('',#6297,#5217,#5218);
#4099=AXIS2_PLACEMENT_3D('',#6298,#5219,#5220);
#4100=DIRECTION('axis',(0.,0.,1.));
#4101=DIRECTION('refdir',(1.,0.,0.));
#4102=DIRECTION('center_axis',(0.,-1.,0.));
#4103=DIRECTION('ref_axis',(1.,0.,0.));
#4104=DIRECTION('center_axis',(0.,1.,0.));
#4105=DIRECTION('ref_axis',(1.,0.,0.));
#4106=DIRECTION('center_axis',(0.,-1.,0.));
#4107=DIRECTION('ref_axis',(1.,0.,0.));
#4108=DIRECTION('',(0.,0.,-1.));
#4109=DIRECTION('center_axis',(0.,1.,0.));
#4110=DIRECTION('ref_axis',(1.,0.,0.));
#4111=DIRECTION('center_axis',(0.,1.,0.));
#4112=DIRECTION('ref_axis',(1.,0.,0.));
#4113=DIRECTION('center_axis',(0.,-1.,0.));
#4114=DIRECTION('ref_axis',(1.,0.,0.));
#4115=DIRECTION('center_axis',(0.,1.,0.));
#4116=DIRECTION('ref_axis',(1.,0.,0.));
#4117=DIRECTION('center_axis',(0.,-1.,0.));
#4118=DIRECTION('ref_axis',(1.,0.,0.));
#4119=DIRECTION('center_axis',(0.,1.,0.));
#4120=DIRECTION('ref_axis',(1.,0.,0.));
#4121=DIRECTION('center_axis',(0.,-1.,0.));
#4122=DIRECTION('ref_axis',(1.,0.,0.));
#4123=DIRECTION('center_axis',(0.,1.,0.));
#4124=DIRECTION('ref_axis',(1.,0.,0.));
#4125=DIRECTION('center_axis',(0.,-1.,0.));
#4126=DIRECTION('ref_axis',(1.,0.,0.));
#4127=DIRECTION('center_axis',(0.,1.,0.));
#4128=DIRECTION('ref_axis',(1.,0.,0.));
#4129=DIRECTION('center_axis',(0.,-1.,0.));
#4130=DIRECTION('ref_axis',(1.,0.,0.));
#4131=DIRECTION('center_axis',(0.,1.,0.));
#4132=DIRECTION('ref_axis',(1.,0.,0.));
#4133=DIRECTION('',(0.,0.,-1.));
#4134=DIRECTION('',(1.,0.,0.));
#4135=DIRECTION('',(0.,0.,1.));
#4136=DIRECTION('center_axis',(1.,1.4210854715202E-15,0.));
#4137=DIRECTION('ref_axis',(-1.4210854715202E-15,1.,0.));
#4138=DIRECTION('',(0.,1.,0.));
#4139=DIRECTION('',(0.,-1.,0.));
#4140=DIRECTION('',(0.,0.,-1.));
#4141=DIRECTION('',(1.4210854715202E-15,-1.,0.));
#4142=DIRECTION('',(-2.01948391736579E-30,1.4210854715202E-15,-1.));
#4143=DIRECTION('',(-1.4210854715202E-15,1.,0.));
#4144=DIRECTION('',(0.,0.,1.));
#4145=DIRECTION('center_axis',(-1.,-1.4210854715202E-15,0.));
#4146=DIRECTION('ref_axis',(0.,-0.70710678118654,0.707106781186555));
#4147=DIRECTION('',(-1.4210854715202E-15,1.,0.));
#4148=DIRECTION('',(0.,1.,0.));
#4149=DIRECTION('',(-1.4210854715202E-15,1.,0.));
#4150=DIRECTION('center_axis',(-1.,-1.4210854715202E-15,0.));
#4151=DIRECTION('ref_axis',(0.,0.70710678118654,0.707106781186555));
#4152=DIRECTION('',(0.,0.,-1.));
#4153=DIRECTION('center_axis',(0.,-1.,0.));
#4154=DIRECTION('ref_axis',(1.,0.,0.));
#4155=DIRECTION('center_axis',(0.,1.,0.));
#4156=DIRECTION('ref_axis',(1.,0.,0.));
#4157=DIRECTION('',(0.,0.,1.));
#4158=DIRECTION('',(1.,0.,0.));
#4159=DIRECTION('',(0.,0.,1.));
#4160=DIRECTION('center_axis',(0.,-1.,0.));
#4161=DIRECTION('ref_axis',(1.,0.,0.));
#4162=DIRECTION('center_axis',(0.,1.,0.));
#4163=DIRECTION('ref_axis',(1.,0.,0.));
#4164=DIRECTION('',(0.,0.,1.));
#4165=DIRECTION('',(1.,0.,0.));
#4166=DIRECTION('',(0.,0.,1.));
#4167=DIRECTION('center_axis',(0.,0.,1.));
#4168=DIRECTION('ref_axis',(1.,0.,0.));
#4169=DIRECTION('',(1.77635683940024E-15,-1.,0.));
#4170=DIRECTION('',(-1.,2.43336553342498E-16,0.));
#4171=DIRECTION('',(-8.88178419700122E-16,1.,0.));
#4172=DIRECTION('',(1.,0.,0.));
#4173=DIRECTION('',(0.,-1.,0.));
#4174=DIRECTION('',(-1.,2.43336553342498E-16,0.));
#4175=DIRECTION('',(-8.88178419700122E-16,1.,0.));
#4176=DIRECTION('',(1.,0.,0.));
#4177=DIRECTION('',(0.,-1.,0.));
#4178=DIRECTION('',(1.,0.,0.));
#4179=DIRECTION('',(1.,0.,0.));
#4180=DIRECTION('center_axis',(1.,0.,0.));
#4181=DIRECTION('ref_axis',(0.,1.,0.));
#4182=DIRECTION('',(0.,1.,0.));
#4183=DIRECTION('',(0.,1.,0.));
#4184=DIRECTION('',(0.,0.,1.));
#4185=DIRECTION('center_axis',(1.,0.,0.));
#4186=DIRECTION('ref_axis',(0.,1.,0.));
#4187=DIRECTION('',(0.,1.,0.));
#4188=DIRECTION('',(0.,1.,0.));
#4189=DIRECTION('',(0.,0.,1.));
#4190=DIRECTION('center_axis',(-1.,0.,0.));
#4191=DIRECTION('ref_axis',(0.,-1.,0.));
#4192=DIRECTION('',(0.,-1.,0.));
#4193=DIRECTION('',(0.,0.,-1.));
#4194=DIRECTION('',(0.,-1.,0.));
#4195=DIRECTION('',(0.,0.,1.));
#4196=DIRECTION('center_axis',(1.,0.,0.));
#4197=DIRECTION('ref_axis',(0.,1.,0.));
#4198=DIRECTION('',(0.,1.,0.));
#4199=DIRECTION('',(0.,0.,1.));
#4200=DIRECTION('',(0.,1.,0.));
#4201=DIRECTION('',(0.,0.,1.));
#4202=DIRECTION('center_axis',(-1.,0.,0.));
#4203=DIRECTION('ref_axis',(0.,-1.,0.));
#4204=DIRECTION('',(0.,-1.,0.));
#4205=DIRECTION('',(0.,0.,-1.));
#4206=DIRECTION('',(0.,-1.,0.));
#4207=DIRECTION('center_axis',(0.,0.,1.));
#4208=DIRECTION('ref_axis',(1.,0.,0.));
#4209=DIRECTION('',(-1.,2.43336553342498E-16,0.));
#4210=DIRECTION('',(1.,0.,0.));
#4211=DIRECTION('',(-1.,2.43336553342498E-16,0.));
#4212=DIRECTION('',(0.,-1.,0.));
#4213=DIRECTION('',(1.,0.,0.));
#4214=DIRECTION('',(-8.88178419700122E-16,1.,0.));
#4215=DIRECTION('',(-1.,2.43336553342498E-16,0.));
#4216=DIRECTION('center_axis',(1.,8.88178419700122E-16,0.));
#4217=DIRECTION('ref_axis',(-8.88178419700122E-16,1.,0.));
#4218=DIRECTION('',(-1.26217744835362E-30,1.4210854715202E-15,-1.));
#4219=DIRECTION('',(0.,0.,1.));
#4220=DIRECTION('center_axis',(0.,-1.,-1.4210854715202E-15));
#4221=DIRECTION('ref_axis',(0.,1.4210854715202E-15,-1.));
#4222=DIRECTION('',(1.,0.,0.));
#4223=DIRECTION('',(0.,-1.4210854715202E-15,1.));
#4224=DIRECTION('center_axis',(0.,1.,1.4210854715202E-15));
#4225=DIRECTION('ref_axis',(-0.70710678118654,0.,0.707106781186555));
#4226=DIRECTION('',(1.,0.,0.));
#4227=DIRECTION('',(0.,1.4210854715202E-15,-1.));
#4228=DIRECTION('',(1.,0.,0.));
#4229=DIRECTION('',(0.,-1.4210854715202E-15,1.));
#4230=DIRECTION('',(1.,0.,0.));
#4231=DIRECTION('center_axis',(0.,1.,1.4210854715202E-15));
#4232=DIRECTION('ref_axis',(0.70710678118654,0.,0.707106781186555));
#4233=DIRECTION('',(0.,2.79702596259155E-15,-1.));
#4234=DIRECTION('',(1.,0.,0.));
#4235=DIRECTION('',(0.,-1.4210854715202E-15,1.));
#4236=DIRECTION('',(0.,-1.4210854715202E-15,1.));
#4237=DIRECTION('',(-1.26217744835362E-30,1.4210854715202E-15,-1.));
#4238=DIRECTION('',(1.,0.,0.));
#4239=DIRECTION('',(2.52435489670723E-30,-1.4210854715202E-15,1.));
#4240=DIRECTION('center_axis',(-1.,0.,0.));
#4241=DIRECTION('ref_axis',(0.,-1.,0.));
#4242=DIRECTION('',(0.,-1.,0.));
#4243=DIRECTION('',(0.,0.,1.));
#4244=DIRECTION('center_axis',(1.,0.,0.));
#4245=DIRECTION('ref_axis',(0.,1.,0.));
#4246=DIRECTION('',(0.,1.,0.));
#4247=DIRECTION('',(0.,1.,0.));
#4248=DIRECTION('',(0.,0.,1.));
#4249=DIRECTION('center_axis',(-1.,0.,0.));
#4250=DIRECTION('ref_axis',(0.,-1.,0.));
#4251=DIRECTION('',(0.,-1.,0.));
#4252=DIRECTION('',(0.,0.,-1.));
#4253=DIRECTION('',(0.,-1.,0.));
#4254=DIRECTION('',(0.,0.,1.));
#4255=DIRECTION('center_axis',(1.,0.,0.));
#4256=DIRECTION('ref_axis',(0.,1.,0.));
#4257=DIRECTION('',(0.,1.,0.));
#4258=DIRECTION('',(0.,0.,1.));
#4259=DIRECTION('',(0.,1.,0.));
#4260=DIRECTION('',(0.,0.,1.));
#4261=DIRECTION('center_axis',(-1.,0.,0.));
#4262=DIRECTION('ref_axis',(0.,-1.,0.));
#4263=DIRECTION('',(0.,-1.,0.));
#4264=DIRECTION('',(0.,0.,-1.));
#4265=DIRECTION('',(0.,-1.,0.));
#4266=DIRECTION('center_axis',(0.,0.,1.));
#4267=DIRECTION('ref_axis',(1.,0.,0.));
#4268=DIRECTION('',(-1.,2.43336553342498E-16,0.));
#4269=DIRECTION('',(1.,0.,0.));
#4270=DIRECTION('',(-1.,2.43336553342498E-16,0.));
#4271=DIRECTION('',(1.77635683940024E-15,-1.,0.));
#4272=DIRECTION('',(-8.88178419700122E-16,1.,0.));
#4273=DIRECTION('',(-1.,2.43336553342498E-16,0.));
#4274=DIRECTION('center_axis',(1.,8.88178419700122E-16,0.));
#4275=DIRECTION('ref_axis',(-8.88178419700122E-16,1.,0.));
#4276=DIRECTION('',(0.,0.,1.));
#4277=DIRECTION('center_axis',(-1.,-1.77635683940024E-15,0.));
#4278=DIRECTION('ref_axis',(1.77635683940024E-15,-1.,0.));
#4279=DIRECTION('',(0.,0.,1.));
#4280=DIRECTION('center_axis',(-1.,0.,0.));
#4281=DIRECTION('ref_axis',(0.,0.,1.));
#4282=DIRECTION('',(0.,0.000583517424606052,-0.999999829753693));
#4283=DIRECTION('',(0.,0.999999829753693,0.000583517424605567));
#4284=DIRECTION('',(0.,1.,0.));
#4285=DIRECTION('',(0.,0.,1.));
#4286=DIRECTION('',(0.,1.,0.));
#4287=DIRECTION('',(0.,2.79101917583857E-15,-1.));
#4288=DIRECTION('',(0.,-1.,-2.22044604925031E-15));
#4289=DIRECTION('',(0.,0.,1.));
#4290=DIRECTION('',(0.,1.,2.91206031420962E-15));
#4291=DIRECTION('center_axis',(0.,1.,2.22044604925031E-15));
#4292=DIRECTION('ref_axis',(0.,-2.22044604925031E-15,1.));
#4293=DIRECTION('',(-1.,0.,0.));
#4294=DIRECTION('',(0.,2.79101917583857E-15,-1.));
#4295=DIRECTION('',(-1.,0.,0.));
#4296=DIRECTION('center_axis',(0.,1.,0.));
#4297=DIRECTION('ref_axis',(1.,0.,0.));
#4298=DIRECTION('center_axis',(0.,-1.,0.));
#4299=DIRECTION('ref_axis',(1.,0.,0.));
#4300=DIRECTION('',(0.,1.,0.));
#4301=DIRECTION('center_axis',(-2.43336553342498E-16,-1.,0.));
#4302=DIRECTION('ref_axis',(1.,0.,0.));
#4303=DIRECTION('center_axis',(0.,1.,0.));
#4304=DIRECTION('ref_axis',(1.,0.,0.));
#4305=DIRECTION('center_axis',(0.,-1.,0.));
#4306=DIRECTION('ref_axis',(1.,0.,0.));
#4307=DIRECTION('',(0.,1.,0.));
#4308=DIRECTION('center_axis',(-2.43336553342498E-16,-1.,0.));
#4309=DIRECTION('ref_axis',(1.,0.,0.));
#4310=DIRECTION('center_axis',(0.,1.,0.));
#4311=DIRECTION('ref_axis',(1.,0.,0.));
#4312=DIRECTION('center_axis',(0.,-1.,0.));
#4313=DIRECTION('ref_axis',(1.,0.,0.));
#4314=DIRECTION('',(0.,1.,0.));
#4315=DIRECTION('center_axis',(0.,1.,0.));
#4316=DIRECTION('ref_axis',(1.,0.,0.));
#4317=DIRECTION('center_axis',(-2.43336553342498E-16,-1.,0.));
#4318=DIRECTION('ref_axis',(1.,0.,0.));
#4319=DIRECTION('center_axis',(0.,-1.,0.));
#4320=DIRECTION('ref_axis',(1.,0.,0.));
#4321=DIRECTION('center_axis',(0.,1.,0.));
#4322=DIRECTION('ref_axis',(1.,0.,0.));
#4323=DIRECTION('center_axis',(0.,-1.,0.));
#4324=DIRECTION('ref_axis',(1.,0.,0.));
#4325=DIRECTION('',(0.,1.,0.));
#4326=DIRECTION('center_axis',(-2.43336553342498E-16,-1.,0.));
#4327=DIRECTION('ref_axis',(1.,0.,0.));
#4328=DIRECTION('center_axis',(0.,1.,0.));
#4329=DIRECTION('ref_axis',(1.,0.,0.));
#4330=DIRECTION('center_axis',(0.,-1.,0.));
#4331=DIRECTION('ref_axis',(1.,0.,0.));
#4332=DIRECTION('',(0.,1.,0.));
#4333=DIRECTION('center_axis',(0.,1.,0.));
#4334=DIRECTION('ref_axis',(1.,0.,0.));
#4335=DIRECTION('center_axis',(-2.43336553342498E-16,-1.,0.));
#4336=DIRECTION('ref_axis',(1.,0.,0.));
#4337=DIRECTION('center_axis',(0.,-1.,0.));
#4338=DIRECTION('ref_axis',(1.,0.,0.));
#4339=DIRECTION('center_axis',(0.,1.,0.));
#4340=DIRECTION('ref_axis',(1.,0.,0.));
#4341=DIRECTION('center_axis',(0.,-1.,0.));
#4342=DIRECTION('ref_axis',(1.,0.,0.));
#4343=DIRECTION('',(0.,1.,0.));
#4344=DIRECTION('center_axis',(0.,-1.,0.));
#4345=DIRECTION('ref_axis',(1.,0.,0.));
#4346=DIRECTION('center_axis',(2.43336553342498E-16,1.,0.));
#4347=DIRECTION('ref_axis',(-1.,2.43336553342498E-16,0.));
#4348=DIRECTION('center_axis',(2.43336553342498E-16,1.,0.));
#4349=DIRECTION('ref_axis',(-1.,2.43336553342498E-16,0.));
#4350=DIRECTION('center_axis',(0.,1.,0.));
#4351=DIRECTION('ref_axis',(-1.,0.,0.));
#4352=DIRECTION('',(-1.,0.,0.));
#4353=DIRECTION('',(0.,0.,1.));
#4354=DIRECTION('',(-1.,0.,0.));
#4355=DIRECTION('',(0.,0.,1.));
#4356=DIRECTION('center_axis',(0.,1.,0.));
#4357=DIRECTION('ref_axis',(0.,0.,-1.));
#4358=DIRECTION('',(0.,0.,-1.));
#4359=DIRECTION('',(-1.,0.,0.));
#4360=DIRECTION('',(0.,0.,1.));
#4361=DIRECTION('center_axis',(0.,1.,0.));
#4362=DIRECTION('ref_axis',(1.,0.,0.));
#4363=DIRECTION('center_axis',(0.,1.,0.));
#4364=DIRECTION('ref_axis',(1.,0.,0.));
#4365=DIRECTION('',(0.,1.,0.));
#4366=DIRECTION('center_axis',(0.,1.,0.));
#4367=DIRECTION('ref_axis',(1.,0.,0.));
#4368=DIRECTION('center_axis',(0.,-1.,0.));
#4369=DIRECTION('ref_axis',(1.,0.,0.));
#4370=DIRECTION('center_axis',(0.,1.,0.));
#4371=DIRECTION('ref_axis',(1.,0.,0.));
#4372=DIRECTION('center_axis',(0.,1.,0.));
#4373=DIRECTION('ref_axis',(1.,0.,0.));
#4374=DIRECTION('',(0.,1.,0.));
#4375=DIRECTION('center_axis',(0.,1.,0.));
#4376=DIRECTION('ref_axis',(1.,0.,0.));
#4377=DIRECTION('center_axis',(0.,-1.,0.));
#4378=DIRECTION('ref_axis',(1.,0.,0.));
#4379=DIRECTION('center_axis',(0.,1.,0.));
#4380=DIRECTION('ref_axis',(1.,0.,0.));
#4381=DIRECTION('center_axis',(0.,1.,0.));
#4382=DIRECTION('ref_axis',(1.,0.,0.));
#4383=DIRECTION('',(0.,1.,0.));
#4384=DIRECTION('center_axis',(0.,1.,0.));
#4385=DIRECTION('ref_axis',(1.,0.,0.));
#4386=DIRECTION('center_axis',(0.,-1.,0.));
#4387=DIRECTION('ref_axis',(1.,0.,0.));
#4388=DIRECTION('center_axis',(0.,1.,0.));
#4389=DIRECTION('ref_axis',(1.,0.,0.));
#4390=DIRECTION('center_axis',(0.,1.,0.));
#4391=DIRECTION('ref_axis',(1.,0.,0.));
#4392=DIRECTION('',(0.,1.,0.));
#4393=DIRECTION('center_axis',(0.,1.,0.));
#4394=DIRECTION('ref_axis',(1.,0.,0.));
#4395=DIRECTION('center_axis',(0.,-1.,0.));
#4396=DIRECTION('ref_axis',(1.,0.,0.));
#4397=DIRECTION('center_axis',(0.,1.,0.));
#4398=DIRECTION('ref_axis',(1.,0.,0.));
#4399=DIRECTION('center_axis',(0.,1.,0.));
#4400=DIRECTION('ref_axis',(1.,0.,0.));
#4401=DIRECTION('',(0.,1.,0.));
#4402=DIRECTION('center_axis',(0.,1.,0.));
#4403=DIRECTION('ref_axis',(1.,0.,0.));
#4404=DIRECTION('center_axis',(0.,-1.,0.));
#4405=DIRECTION('ref_axis',(1.,0.,0.));
#4406=DIRECTION('center_axis',(0.,1.,0.));
#4407=DIRECTION('ref_axis',(1.,0.,0.));
#4408=DIRECTION('center_axis',(0.,1.,0.));
#4409=DIRECTION('ref_axis',(1.,0.,0.));
#4410=DIRECTION('',(0.,1.,0.));
#4411=DIRECTION('center_axis',(0.,1.,0.));
#4412=DIRECTION('ref_axis',(1.,0.,0.));
#4413=DIRECTION('center_axis',(0.,-1.,0.));
#4414=DIRECTION('ref_axis',(1.,0.,0.));
#4415=DIRECTION('center_axis',(3.17206578464337E-16,-1.,0.));
#4416=DIRECTION('ref_axis',(-1.,-3.17206578464337E-16,0.));
#4417=DIRECTION('',(1.,0.,0.));
#4418=DIRECTION('',(0.,0.,1.));
#4419=DIRECTION('',(1.,3.17206578464337E-16,0.));
#4420=DIRECTION('',(0.,1.4210854715202E-15,-1.));
#4421=DIRECTION('center_axis',(1.,1.4210854715202E-15,0.));
#4422=DIRECTION('ref_axis',(1.4210854715202E-15,-1.,0.));
#4423=DIRECTION('',(1.4210854715202E-15,-1.,0.));
#4424=DIRECTION('',(-1.4210854715202E-15,1.,0.));
#4425=DIRECTION('',(0.,1.,0.));
#4426=DIRECTION('',(-1.4210854715202E-15,1.,0.));
#4427=DIRECTION('center_axis',(1.,1.4210854715202E-15,0.));
#4428=DIRECTION('ref_axis',(0.,-0.70710678118654,-0.707106781186555));
#4429=DIRECTION('center_axis',(0.,-1.,0.));
#4430=DIRECTION('ref_axis',(0.70710678118654,0.,-0.707106781186555));
#4431=DIRECTION('center_axis',(3.17206578464337E-16,-1.,0.));
#4432=DIRECTION('ref_axis',(0.70710678118654,0.,-0.707106781186555));
#4433=DIRECTION('',(0.,-1.,0.));
#4434=DIRECTION('center_axis',(0.,-1.,0.));
#4435=DIRECTION('ref_axis',(0.,0.,-1.));
#4436=DIRECTION('',(0.,1.,0.));
#4437=DIRECTION('center_axis',(0.,-1.,0.));
#4438=DIRECTION('ref_axis',(0.70710678118654,0.,0.707106781186555));
#4439=DIRECTION('',(0.,-1.,0.));
#4440=DIRECTION('center_axis',(0.,-1.,0.));
#4441=DIRECTION('ref_axis',(1.,0.,0.));
#4442=DIRECTION('',(0.,1.,0.));
#4443=DIRECTION('center_axis',(0.,0.,-1.));
#4444=DIRECTION('ref_axis',(1.,0.,0.));
#4445=DIRECTION('',(1.,0.,0.));
#4446=DIRECTION('',(0.,-1.,0.));
#4447=DIRECTION('center_axis',(0.,0.,-1.));
#4448=DIRECTION('ref_axis',(0.599999999999987,-0.80000000000001,0.));
#4449=DIRECTION('center_axis',(0.,0.,-1.));
#4450=DIRECTION('ref_axis',(-0.599999999999998,0.800000000000002,0.));
#4451=DIRECTION('center_axis',(0.,0.,-1.));
#4452=DIRECTION('ref_axis',(1.,0.,0.));
#4453=DIRECTION('',(-1.93082265152201E-15,1.,0.));
#4454=DIRECTION('center_axis',(0.,0.,-1.));
#4455=DIRECTION('ref_axis',(1.,0.,0.));
#4456=DIRECTION('',(-1.,0.,0.));
#4457=DIRECTION('',(-1.93082265152201E-15,1.,0.));
#4458=DIRECTION('center_axis',(0.,0.,1.));
#4459=DIRECTION('ref_axis',(1.,0.,0.));
#4460=DIRECTION('center_axis',(0.,0.,-1.));
#4461=DIRECTION('ref_axis',(-0.599999999999998,0.800000000000002,0.));
#4462=DIRECTION('center_axis',(0.,0.,1.));
#4463=DIRECTION('ref_axis',(0.599999999999987,-0.80000000000001,0.));
#4464=DIRECTION('',(0.,-1.,0.));
#4465=DIRECTION('center_axis',(1.,0.,0.));
#4466=DIRECTION('ref_axis',(0.,1.,0.));
#4467=DIRECTION('',(-1.,0.,0.));
#4468=DIRECTION('center_axis',(1.,0.,0.));
#4469=DIRECTION('ref_axis',(0.,-1.,0.));
#4470=DIRECTION('center_axis',(1.,0.,0.));
#4471=DIRECTION('ref_axis',(0.,-1.,0.));
#4472=DIRECTION('center_axis',(-1.,0.,0.));
#4473=DIRECTION('ref_axis',(0.,-1.,0.));
#4474=DIRECTION('',(0.,1.4210854715202E-15,-1.));
#4475=DIRECTION('',(0.,0.,1.));
#4476=DIRECTION('',(0.,-1.,0.));
#4477=DIRECTION('center_axis',(0.,0.,1.));
#4478=DIRECTION('ref_axis',(-0.447213595500016,-0.894427190999887,0.));
#4479=DIRECTION('',(0.,0.,-1.));
#4480=DIRECTION('center_axis',(0.,0.,-1.));
#4481=DIRECTION('ref_axis',(-0.447213595500016,-0.894427190999887,0.));
#4482=DIRECTION('center_axis',(0.,0.,-1.));
#4483=DIRECTION('ref_axis',(1.,0.,0.));
#4484=DIRECTION('',(0.,0.,1.));
#4485=DIRECTION('center_axis',(0.,0.,-1.));
#4486=DIRECTION('ref_axis',(1.,0.,0.));
#4487=DIRECTION('center_axis',(0.,0.,1.));
#4488=DIRECTION('ref_axis',(0.447213595499882,-0.894427190999954,0.));
#4489=DIRECTION('',(0.,0.,-1.));
#4490=DIRECTION('center_axis',(0.,0.,-1.));
#4491=DIRECTION('ref_axis',(0.447213595499882,-0.894427190999954,0.));
#4492=DIRECTION('center_axis',(1.,0.,0.));
#4493=DIRECTION('ref_axis',(0.,1.,0.));
#4494=DIRECTION('',(0.,-1.4210854715202E-15,1.));
#4495=DIRECTION('',(0.,0.,-1.));
#4496=DIRECTION('',(0.,1.,0.));
#4497=DIRECTION('center_axis',(0.,0.,1.));
#4498=DIRECTION('ref_axis',(-0.447213595500016,-0.894427190999887,0.));
#4499=DIRECTION('',(0.,0.,1.));
#4500=DIRECTION('center_axis',(0.,0.,1.));
#4501=DIRECTION('ref_axis',(-0.447213595500016,-0.894427190999887,0.));
#4502=DIRECTION('',(0.,0.,-1.));
#4503=DIRECTION('center_axis',(0.,0.,1.));
#4504=DIRECTION('ref_axis',(0.447213595499882,-0.894427190999954,0.));
#4505=DIRECTION('',(0.,0.,1.));
#4506=DIRECTION('center_axis',(0.,0.,1.));
#4507=DIRECTION('ref_axis',(0.447213595499882,-0.894427190999954,0.));
#4508=DIRECTION('',(0.,0.,-1.));
#4509=DIRECTION('center_axis',(0.,0.,-1.));
#4510=DIRECTION('ref_axis',(1.,0.,0.));
#4511=DIRECTION('center_axis',(0.,0.,-1.));
#4512=DIRECTION('ref_axis',(1.,0.,0.));
#4513=DIRECTION('center_axis',(0.,0.,-1.));
#4514=DIRECTION('ref_axis',(1.,0.,0.));
#4515=DIRECTION('center_axis',(0.,0.,-1.));
#4516=DIRECTION('ref_axis',(1.,0.,0.));
#4517=DIRECTION('',(0.,0.,-1.));
#4518=DIRECTION('center_axis',(0.,0.,-1.));
#4519=DIRECTION('ref_axis',(1.,0.,0.));
#4520=DIRECTION('center_axis',(0.,0.,1.));
#4521=DIRECTION('ref_axis',(1.,0.,0.));
#4522=DIRECTION('center_axis',(0.,0.,1.));
#4523=DIRECTION('ref_axis',(-1.,0.,0.));
#4524=DIRECTION('center_axis',(0.,0.,-1.));
#4525=DIRECTION('ref_axis',(1.,0.,0.));
#4526=DIRECTION('',(0.,0.,-1.));
#4527=DIRECTION('center_axis',(0.,0.,1.));
#4528=DIRECTION('ref_axis',(-1.,0.,0.));
#4529=DIRECTION('center_axis',(0.,0.,1.));
#4530=DIRECTION('ref_axis',(1.,0.,0.));
#4531=DIRECTION('center_axis',(0.,0.,-1.));
#4532=DIRECTION('ref_axis',(1.,0.,0.));
#4533=DIRECTION('center_axis',(0.,0.,-1.));
#4534=DIRECTION('ref_axis',(1.,0.,0.));
#4535=DIRECTION('',(0.,0.,-1.));
#4536=DIRECTION('center_axis',(0.,0.,-1.));
#4537=DIRECTION('ref_axis',(1.,0.,0.));
#4538=DIRECTION('center_axis',(1.,0.,0.));
#4539=DIRECTION('ref_axis',(0.,-0.70710678118654,0.707106781186555));
#4540=DIRECTION('',(1.,0.,0.));
#4541=DIRECTION('center_axis',(-1.,0.,0.));
#4542=DIRECTION('ref_axis',(0.,-1.,0.));
#4543=DIRECTION('',(-1.,0.,0.));
#4544=DIRECTION('center_axis',(1.,0.,0.));
#4545=DIRECTION('ref_axis',(0.,-0.70710678118654,-0.707106781186555));
#4546=DIRECTION('',(1.,0.,0.));
#4547=DIRECTION('center_axis',(1.,0.,0.));
#4548=DIRECTION('ref_axis',(0.,-1.,0.));
#4549=DIRECTION('',(-1.,0.,0.));
#4550=DIRECTION('center_axis',(0.,0.,-1.));
#4551=DIRECTION('ref_axis',(1.,0.,0.));
#4552=DIRECTION('center_axis',(0.,0.,1.));
#4553=DIRECTION('ref_axis',(-1.,0.,0.));
#4554=DIRECTION('',(0.,0.,-1.));
#4555=DIRECTION('center_axis',(0.,0.,1.));
#4556=DIRECTION('ref_axis',(-1.,0.,0.));
#4557=DIRECTION('center_axis',(0.,0.,-1.));
#4558=DIRECTION('ref_axis',(1.,0.,0.));
#4559=DIRECTION('center_axis',(0.,0.,1.));
#4560=DIRECTION('ref_axis',(-1.,0.,0.));
#4561=DIRECTION('',(0.,0.,-1.));
#4562=DIRECTION('center_axis',(0.,0.,1.));
#4563=DIRECTION('ref_axis',(-1.,0.,0.));
#4564=DIRECTION('center_axis',(1.,0.,0.));
#4565=DIRECTION('ref_axis',(0.,1.,0.));
#4566=DIRECTION('center_axis',(-1.,0.,0.));
#4567=DIRECTION('ref_axis',(0.,1.,0.));
#4568=DIRECTION('center_axis',(-1.,0.,0.));
#4569=DIRECTION('ref_axis',(0.,1.,0.));
#4570=DIRECTION('center_axis',(0.,1.,0.));
#4571=DIRECTION('ref_axis',(-1.,0.,0.));
#4572=DIRECTION('center_axis',(0.,1.,0.));
#4573=DIRECTION('ref_axis',(0.,0.,-1.));
#4574=DIRECTION('center_axis',(0.,1.,0.));
#4575=DIRECTION('ref_axis',(0.,0.,-1.));
#4576=DIRECTION('center_axis',(0.,0.,1.));
#4577=DIRECTION('ref_axis',(1.,0.,0.));
#4578=DIRECTION('center_axis',(0.,0.,-1.));
#4579=DIRECTION('ref_axis',(1.,0.,0.));
#4580=DIRECTION('center_axis',(0.,0.,1.));
#4581=DIRECTION('ref_axis',(1.,0.,0.));
#4582=DIRECTION('center_axis',(0.,0.,-1.));
#4583=DIRECTION('ref_axis',(1.,0.,0.));
#4584=DIRECTION('center_axis',(0.,1.,0.));
#4585=DIRECTION('ref_axis',(-1.,0.,0.));
#4586=DIRECTION('',(0.,1.,0.));
#4587=DIRECTION('center_axis',(0.,1.,0.));
#4588=DIRECTION('ref_axis',(0.,0.,-1.));
#4589=DIRECTION('center_axis',(-1.,0.,0.));
#4590=DIRECTION('ref_axis',(0.,-1.,0.));
#4591=DIRECTION('',(-1.,0.,0.));
#4592=DIRECTION('center_axis',(1.,0.,0.));
#4593=DIRECTION('ref_axis',(0.,-1.,0.));
#4594=DIRECTION('center_axis',(0.,0.,1.));
#4595=DIRECTION('ref_axis',(1.,0.,0.));
#4596=DIRECTION('center_axis',(0.,0.,-1.));
#4597=DIRECTION('ref_axis',(1.,0.,0.));
#4598=DIRECTION('center_axis',(0.,0.,1.));
#4599=DIRECTION('ref_axis',(1.,0.,0.));
#4600=DIRECTION('center_axis',(0.,0.,-1.));
#4601=DIRECTION('ref_axis',(1.,0.,0.));
#4602=DIRECTION('center_axis',(-1.,0.,0.));
#4603=DIRECTION('ref_axis',(0.,-1.,0.));
#4604=DIRECTION('center_axis',(-1.,0.,0.));
#4605=DIRECTION('ref_axis',(0.,1.,0.));
#4606=DIRECTION('',(-1.,0.,0.));
#4607=DIRECTION('center_axis',(0.,1.,0.));
#4608=DIRECTION('ref_axis',(-1.,0.,0.));
#4609=DIRECTION('center_axis',(0.,1.,0.));
#4610=DIRECTION('ref_axis',(0.,0.,-1.));
#4611=DIRECTION('',(0.,1.,0.));
#4612=DIRECTION('center_axis',(0.,1.,0.));
#4613=DIRECTION('ref_axis',(-1.,0.,0.));
#4614=DIRECTION('',(0.,1.,0.));
#4615=DIRECTION('',(0.,1.,0.));
#4616=DIRECTION('center_axis',(0.,1.,0.));
#4617=DIRECTION('ref_axis',(0.,0.,-1.));
#4618=DIRECTION('center_axis',(-1.,0.,0.));
#4619=DIRECTION('ref_axis',(0.,-1.,0.));
#4620=DIRECTION('',(1.,0.,0.));
#4621=DIRECTION('center_axis',(-1.,0.,0.));
#4622=DIRECTION('ref_axis',(0.,1.,0.));
#4623=DIRECTION('',(1.,0.,0.));
#4624=DIRECTION('center_axis',(1.,0.,0.));
#4625=DIRECTION('ref_axis',(0.,-1.,0.));
#4626=DIRECTION('center_axis',(0.,0.,-1.));
#4627=DIRECTION('ref_axis',(1.,0.,0.));
#4628=DIRECTION('',(0.,0.,-1.));
#4629=DIRECTION('center_axis',(0.,0.,-1.));
#4630=DIRECTION('ref_axis',(1.,0.,0.));
#4631=DIRECTION('center_axis',(0.,0.,-1.));
#4632=DIRECTION('ref_axis',(1.,0.,0.));
#4633=DIRECTION('',(0.,0.,-1.));
#4634=DIRECTION('center_axis',(0.,0.,-1.));
#4635=DIRECTION('ref_axis',(1.,0.,0.));
#4636=DIRECTION('center_axis',(1.,0.,0.));
#4637=DIRECTION('ref_axis',(0.,0.,-1.));
#4638=DIRECTION('',(0.,-1.,0.));
#4639=DIRECTION('',(0.,0.,-1.));
#4640=DIRECTION('center_axis',(0.,1.,0.));
#4641=DIRECTION('ref_axis',(-1.,0.,0.));
#4642=DIRECTION('',(0.,0.,1.));
#4643=DIRECTION('',(-1.,0.,0.));
#4644=DIRECTION('center_axis',(-1.,0.,0.));
#4645=DIRECTION('ref_axis',(0.,0.,1.));
#4646=DIRECTION('',(0.,-1.,0.));
#4647=DIRECTION('center_axis',(0.,-1.,0.));
#4648=DIRECTION('ref_axis',(0.,0.,-1.));
#4649=DIRECTION('',(-1.,0.,0.));
#4650=DIRECTION('',(0.,0.,-1.));
#4651=DIRECTION('',(0.,0.,-1.));
#4652=DIRECTION('center_axis',(1.,0.,0.));
#4653=DIRECTION('ref_axis',(0.,1.,0.));
#4654=DIRECTION('',(0.,0.,1.));
#4655=DIRECTION('',(0.,1.,0.));
#4656=DIRECTION('center_axis',(0.,1.,0.));
#4657=DIRECTION('ref_axis',(0.,0.,1.));
#4658=DIRECTION('',(-1.,0.,0.));
#4659=DIRECTION('',(0.,0.,1.));
#4660=DIRECTION('center_axis',(0.,1.,0.));
#4661=DIRECTION('ref_axis',(-1.,0.,0.));
#4662=DIRECTION('',(1.,0.,0.));
#4663=DIRECTION('center_axis',(0.,1.,0.));
#4664=DIRECTION('ref_axis',(0.,0.,-1.));
#4665=DIRECTION('',(-1.,0.,0.));
#4666=DIRECTION('',(0.,0.,-1.));
#4667=DIRECTION('center_axis',(0.,0.,-1.));
#4668=DIRECTION('ref_axis',(1.,0.,0.));
#4669=DIRECTION('center_axis',(0.,0.,-1.));
#4670=DIRECTION('ref_axis',(1.,0.,0.));
#4671=DIRECTION('',(0.,0.,-1.));
#4672=DIRECTION('center_axis',(0.,0.,-1.));
#4673=DIRECTION('ref_axis',(1.,0.,0.));
#4674=DIRECTION('center_axis',(0.,0.,-1.));
#4675=DIRECTION('ref_axis',(1.,0.,0.));
#4676=DIRECTION('',(0.,0.,-1.));
#4677=DIRECTION('center_axis',(0.,0.,-1.));
#4678=DIRECTION('ref_axis',(1.,0.,0.));
#4679=DIRECTION('center_axis',(0.,0.,-1.));
#4680=DIRECTION('ref_axis',(1.,0.,0.));
#4681=DIRECTION('',(0.,0.,1.));
#4682=DIRECTION('center_axis',(0.,0.,-1.));
#4683=DIRECTION('ref_axis',(1.,0.,0.));
#4684=DIRECTION('',(0.,0.,-1.));
#4685=DIRECTION('center_axis',(0.,0.,1.));
#4686=DIRECTION('ref_axis',(-0.447213595500021,0.894427190999884,0.));
#4687=DIRECTION('center_axis',(0.,0.,1.));
#4688=DIRECTION('ref_axis',(-0.447213595500021,0.894427190999884,0.));
#4689=DIRECTION('',(0.,0.,-1.));
#4690=DIRECTION('center_axis',(0.,0.,-1.));
#4691=DIRECTION('ref_axis',(-0.447213595500021,0.894427190999884,0.));
#4692=DIRECTION('center_axis',(1.,0.,0.));
#4693=DIRECTION('ref_axis',(0.,1.,0.));
#4694=DIRECTION('',(0.,-1.,0.));
#4695=DIRECTION('center_axis',(1.,0.,0.));
#4696=DIRECTION('ref_axis',(0.,-1.,0.));
#4697=DIRECTION('',(0.,1.,0.));
#4698=DIRECTION('',(0.,0.,1.));
#4699=DIRECTION('center_axis',(0.,0.,1.));
#4700=DIRECTION('ref_axis',(0.447213595499942,0.894427190999924,0.));
#4701=DIRECTION('center_axis',(0.,0.,1.));
#4702=DIRECTION('ref_axis',(0.447213595499942,0.894427190999924,0.));
#4703=DIRECTION('center_axis',(0.,0.,-1.));
#4704=DIRECTION('ref_axis',(0.447213595499942,0.894427190999924,0.));
#4705=DIRECTION('',(0.,0.,1.));
#4706=DIRECTION('center_axis',(0.,0.,1.));
#4707=DIRECTION('ref_axis',(-0.894427190999932,0.447213595499926,0.));
#4708=DIRECTION('center_axis',(0.,0.,-1.));
#4709=DIRECTION('ref_axis',(-0.894427190999932,0.447213595499926,0.));
#4710=DIRECTION('',(0.,0.,1.));
#4711=DIRECTION('center_axis',(0.,0.,1.));
#4712=DIRECTION('ref_axis',(-0.894427190999932,0.447213595499926,0.));
#4713=DIRECTION('',(0.,0.,-1.));
#4714=DIRECTION('center_axis',(0.,0.,-1.));
#4715=DIRECTION('ref_axis',(1.,0.,0.));
#4716=DIRECTION('center_axis',(0.,0.,1.));
#4717=DIRECTION('ref_axis',(1.,0.,0.));
#4718=DIRECTION('center_axis',(0.,0.,-1.));
#4719=DIRECTION('ref_axis',(1.,0.,0.));
#4720=DIRECTION('',(0.,0.,1.));
#4721=DIRECTION('center_axis',(0.,0.,1.));
#4722=DIRECTION('ref_axis',(-0.894427190999916,-0.447213595499958,0.));
#4723=DIRECTION('center_axis',(0.,0.,1.));
#4724=DIRECTION('ref_axis',(-0.894427190999916,-0.447213595499958,0.));
#4725=DIRECTION('center_axis',(0.,0.,-1.));
#4726=DIRECTION('ref_axis',(-0.894427190999916,-0.447213595499958,0.));
#4727=DIRECTION('',(0.,0.,1.));
#4728=DIRECTION('center_axis',(0.707106781186548,0.707106781186548,0.));
#4729=DIRECTION('ref_axis',(-0.707106781186548,0.707106781186548,0.));
#4730=DIRECTION('',(0.707106781186548,-0.707106781186548,0.));
#4731=DIRECTION('',(0.,0.,-1.));
#4732=DIRECTION('',(-0.707106781186548,0.707106781186548,0.));
#4733=DIRECTION('',(0.,0.,1.));
#4734=DIRECTION('center_axis',(0.,-1.,0.));
#4735=DIRECTION('ref_axis',(1.,0.,0.));
#4736=DIRECTION('',(-1.,0.,0.));
#4737=DIRECTION('',(0.,0.,-1.));
#4738=DIRECTION('',(1.,0.,0.));
#4739=DIRECTION('center_axis',(0.,-1.,0.));
#4740=DIRECTION('ref_axis',(0.,0.,1.));
#4741=DIRECTION('center_axis',(0.,-1.,0.));
#4742=DIRECTION('ref_axis',(1.,0.,0.));
#4743=DIRECTION('',(-1.,0.,0.));
#4744=DIRECTION('center_axis',(0.,-1.,0.));
#4745=DIRECTION('ref_axis',(0.,0.,1.));
#4746=DIRECTION('',(1.,0.,0.));
#4747=DIRECTION('',(0.,0.,-1.));
#4748=DIRECTION('center_axis',(0.,0.,1.));
#4749=DIRECTION('ref_axis',(0.894427190999908,0.447213595499974,0.));
#4750=DIRECTION('center_axis',(0.,0.,1.));
#4751=DIRECTION('ref_axis',(0.,1.,0.));
#4752=DIRECTION('center_axis',(0.,0.,-1.));
#4753=DIRECTION('ref_axis',(0.894427190999908,0.447213595499974,0.));
#4754=DIRECTION('',(0.,0.,1.));
#4755=DIRECTION('center_axis',(0.,0.,1.));
#4756=DIRECTION('ref_axis',(0.894427190999908,0.447213595499974,0.));
#4757=DIRECTION('center_axis',(0.,0.,-1.));
#4758=DIRECTION('ref_axis',(0.,1.,0.));
#4759=DIRECTION('',(0.,0.,1.));
#4760=DIRECTION('center_axis',(0.,0.,1.));
#4761=DIRECTION('ref_axis',(0.894427190999908,0.447213595499974,0.));
#4762=DIRECTION('center_axis',(0.,0.,-1.));
#4763=DIRECTION('ref_axis',(-1.,-1.01064309961486E-15,0.));
#4764=DIRECTION('center_axis',(0.,0.,-1.));
#4765=DIRECTION('ref_axis',(-0.799999999999999,-0.600000000000002,0.));
#4766=DIRECTION('center_axis',(0.,0.,-1.));
#4767=DIRECTION('ref_axis',(1.,0.,0.));
#4768=DIRECTION('',(0.,0.,-1.));
#4769=DIRECTION('center_axis',(0.,0.,-1.));
#4770=DIRECTION('ref_axis',(-1.,-1.01064309961486E-15,0.));
#4771=DIRECTION('center_axis',(0.,0.,-1.));
#4772=DIRECTION('ref_axis',(-0.799999999999999,-0.600000000000002,0.));
#4773=DIRECTION('',(0.,0.,-1.));
#4774=DIRECTION('center_axis',(0.,0.,-1.));
#4775=DIRECTION('ref_axis',(1.,0.,0.));
#4776=DIRECTION('center_axis',(0.,0.,1.));
#4777=DIRECTION('ref_axis',(0.894427190999955,-0.447213595499879,0.));
#4778=DIRECTION('center_axis',(0.,0.,1.));
#4779=DIRECTION('ref_axis',(0.800000000000006,0.599999999999991,0.));
#4780=DIRECTION('center_axis',(0.,0.,-1.));
#4781=DIRECTION('ref_axis',(0.894427190999955,-0.447213595499879,0.));
#4782=DIRECTION('',(0.,0.,1.));
#4783=DIRECTION('center_axis',(0.,0.,1.));
#4784=DIRECTION('ref_axis',(0.894427190999955,-0.447213595499879,0.));
#4785=DIRECTION('center_axis',(0.,0.,-1.));
#4786=DIRECTION('ref_axis',(0.800000000000006,0.599999999999991,0.));
#4787=DIRECTION('',(0.,0.,1.));
#4788=DIRECTION('center_axis',(0.,0.,1.));
#4789=DIRECTION('ref_axis',(0.894427190999955,-0.447213595499879,0.));
#4790=DIRECTION('center_axis',(0.,1.,0.));
#4791=DIRECTION('ref_axis',(-1.,0.,0.));
#4792=DIRECTION('',(1.,0.,0.));
#4793=DIRECTION('',(-1.,0.,0.));
#4794=DIRECTION('center_axis',(0.,1.,0.));
#4795=DIRECTION('ref_axis',(0.,0.,-1.));
#4796=DIRECTION('center_axis',(0.,1.,0.));
#4797=DIRECTION('ref_axis',(-1.,0.,0.));
#4798=DIRECTION('',(1.,0.,0.));
#4799=DIRECTION('center_axis',(0.,1.,0.));
#4800=DIRECTION('ref_axis',(0.,0.,-1.));
#4801=DIRECTION('',(-1.,0.,0.));
#4802=DIRECTION('center_axis',(0.,1.,0.));
#4803=DIRECTION('ref_axis',(-1.,0.,0.));
#4804=DIRECTION('',(0.,1.,0.));
#4805=DIRECTION('center_axis',(0.,1.,0.));
#4806=DIRECTION('ref_axis',(-1.,0.,0.));
#4807=DIRECTION('',(0.,-1.,0.));
#4808=DIRECTION('center_axis',(0.,0.,-1.));
#4809=DIRECTION('ref_axis',(-1.,0.,0.));
#4810=DIRECTION('center_axis',(0.,0.,-1.));
#4811=DIRECTION('ref_axis',(-1.,0.,0.));
#4812=DIRECTION('center_axis',(0.,0.,1.));
#4813=DIRECTION('ref_axis',(-0.894427190999916,-0.447213595499958,0.));
#4814=DIRECTION('center_axis',(0.,0.,-1.));
#4815=DIRECTION('ref_axis',(-0.894427190999916,-0.447213595499958,0.));
#4816=DIRECTION('center_axis',(0.,0.,1.));
#4817=DIRECTION('ref_axis',(-0.894427190999916,-0.447213595499958,0.));
#4818=DIRECTION('',(0.,0.,-1.));
#4819=DIRECTION('center_axis',(0.,0.,-1.));
#4820=DIRECTION('ref_axis',(1.,0.,0.));
#4821=DIRECTION('center_axis',(0.,0.,-1.));
#4822=DIRECTION('ref_axis',(1.,0.,0.));
#4823=DIRECTION('center_axis',(0.,0.,-1.));
#4824=DIRECTION('ref_axis',(1.,0.,0.));
#4825=DIRECTION('',(0.,0.,-1.));
#4826=DIRECTION('center_axis',(0.,1.,0.));
#4827=DIRECTION('ref_axis',(-1.,0.,0.));
#4828=DIRECTION('',(-1.,0.,0.));
#4829=DIRECTION('',(-1.,0.,0.));
#4830=DIRECTION('center_axis',(0.,1.,0.));
#4831=DIRECTION('ref_axis',(0.,0.,-1.));
#4832=DIRECTION('center_axis',(0.,0.,1.));
#4833=DIRECTION('ref_axis',(-0.894427190999932,0.447213595499926,0.));
#4834=DIRECTION('center_axis',(0.,0.,1.));
#4835=DIRECTION('ref_axis',(-0.894427190999932,0.447213595499926,0.));
#4836=DIRECTION('center_axis',(0.,0.,-1.));
#4837=DIRECTION('ref_axis',(-0.894427190999932,0.447213595499926,0.));
#4838=DIRECTION('',(0.,0.,1.));
#4839=DIRECTION('center_axis',(0.,-1.,0.));
#4840=DIRECTION('ref_axis',(1.,0.,0.));
#4841=DIRECTION('',(-1.,0.,0.));
#4842=DIRECTION('',(1.,0.,0.));
#4843=DIRECTION('center_axis',(0.,-1.,0.));
#4844=DIRECTION('ref_axis',(0.,0.,1.));
#4845=DIRECTION('center_axis',(0.,-1.,0.));
#4846=DIRECTION('ref_axis',(1.,0.,0.));
#4847=DIRECTION('',(1.,0.,0.));
#4848=DIRECTION('center_axis',(0.,-1.,0.));
#4849=DIRECTION('ref_axis',(0.,0.,1.));
#4850=DIRECTION('',(1.,0.,0.));
#4851=DIRECTION('center_axis',(0.,0.,1.));
#4852=DIRECTION('ref_axis',(1.,0.,0.));
#4853=DIRECTION('',(0.,-1.,0.));
#4854=DIRECTION('center_axis',(0.,0.,1.));
#4855=DIRECTION('ref_axis',(1.,0.,0.));
#4856=DIRECTION('',(0.,1.,0.));
#4857=DIRECTION('center_axis',(0.,1.,0.));
#4858=DIRECTION('ref_axis',(-1.,0.,0.));
#4859=DIRECTION('',(-1.,0.,0.));
#4860=DIRECTION('center_axis',(0.,1.,0.));
#4861=DIRECTION('ref_axis',(0.,0.,-1.));
#4862=DIRECTION('',(-1.,0.,0.));
#4863=DIRECTION('',(0.,0.,1.));
#4864=DIRECTION('center_axis',(0.,1.,0.));
#4865=DIRECTION('ref_axis',(-1.,0.,0.));
#4866=DIRECTION('',(1.,0.,0.));
#4867=DIRECTION('',(0.,0.,1.));
#4868=DIRECTION('',(-1.,0.,0.));
#4869=DIRECTION('center_axis',(0.,1.,0.));
#4870=DIRECTION('ref_axis',(0.,0.,-1.));
#4871=DIRECTION('center_axis',(0.,1.,0.));
#4872=DIRECTION('ref_axis',(-1.,0.,0.));
#4873=DIRECTION('',(0.,-1.,0.));
#4874=DIRECTION('center_axis',(0.,-1.,0.));
#4875=DIRECTION('ref_axis',(0.,0.,1.));
#4876=DIRECTION('center_axis',(0.,1.,0.));
#4877=DIRECTION('ref_axis',(-1.,0.,0.));
#4878=DIRECTION('',(0.,1.,0.));
#4879=DIRECTION('center_axis',(0.,-1.,0.));
#4880=DIRECTION('ref_axis',(0.,0.,1.));
#4881=DIRECTION('center_axis',(0.,0.,1.));
#4882=DIRECTION('ref_axis',(0.894427190999963,-0.447213595499863,0.));
#4883=DIRECTION('center_axis',(0.,0.,-1.));
#4884=DIRECTION('ref_axis',(0.894427190999963,-0.447213595499863,0.));
#4885=DIRECTION('center_axis',(0.,0.,1.));
#4886=DIRECTION('ref_axis',(0.894427190999963,-0.447213595499863,0.));
#4887=DIRECTION('',(0.,0.,-1.));
#4888=DIRECTION('center_axis',(0.,0.,1.));
#4889=DIRECTION('ref_axis',(0.894427190999963,-0.447213595499863,0.));
#4890=DIRECTION('center_axis',(0.,0.,1.));
#4891=DIRECTION('ref_axis',(0.894427190999963,-0.447213595499863,0.));
#4892=DIRECTION('',(0.,0.,-1.));
#4893=DIRECTION('center_axis',(0.,0.,-1.));
#4894=DIRECTION('ref_axis',(0.894427190999963,-0.447213595499863,0.));
#4895=DIRECTION('center_axis',(0.,-1.,0.));
#4896=DIRECTION('ref_axis',(1.,0.,0.));
#4897=DIRECTION('',(-1.,0.,0.));
#4898=DIRECTION('',(1.,0.,0.));
#4899=DIRECTION('',(0.,0.,-1.));
#4900=DIRECTION('center_axis',(0.,-1.,0.));
#4901=DIRECTION('ref_axis',(1.,0.,0.));
#4902=DIRECTION('',(1.,0.,0.));
#4903=DIRECTION('',(0.,0.,-1.));
#4904=DIRECTION('',(1.,0.,0.));
#4905=DIRECTION('center_axis',(0.,0.,-1.));
#4906=DIRECTION('ref_axis',(-0.999418495019235,-0.0340979737446103,0.));
#4907=DIRECTION('center_axis',(0.,0.,1.));
#4908=DIRECTION('ref_axis',(1.,0.,0.));
#4909=DIRECTION('center_axis',(0.,0.,-1.));
#4910=DIRECTION('ref_axis',(1.,0.,0.));
#4911=DIRECTION('',(0.,0.,1.));
#4912=DIRECTION('center_axis',(0.,0.,-1.));
#4913=DIRECTION('ref_axis',(-0.999418495019235,-0.0340979737446103,0.));
#4914=DIRECTION('center_axis',(0.,0.,-1.));
#4915=DIRECTION('ref_axis',(1.,0.,0.));
#4916=DIRECTION('',(0.,0.,1.));
#4917=DIRECTION('center_axis',(0.,0.,-1.));
#4918=DIRECTION('ref_axis',(1.,0.,0.));
#4919=DIRECTION('center_axis',(0.,0.,1.));
#4920=DIRECTION('ref_axis',(0.382683432365103,0.923879532511281,0.));
#4921=DIRECTION('center_axis',(0.,0.,1.));
#4922=DIRECTION('ref_axis',(0.382683432365103,0.923879532511281,0.));
#4923=DIRECTION('center_axis',(0.,0.,-1.));
#4924=DIRECTION('ref_axis',(0.382683432365103,0.923879532511281,0.));
#4925=DIRECTION('',(0.,0.,1.));
#4926=DIRECTION('center_axis',(0.,0.,1.));
#4927=DIRECTION('ref_axis',(0.382683432365103,0.923879532511281,0.));
#4928=DIRECTION('center_axis',(0.,0.,-1.));
#4929=DIRECTION('ref_axis',(0.382683432365103,0.923879532511281,0.));
#4930=DIRECTION('center_axis',(0.,0.,1.));
#4931=DIRECTION('ref_axis',(0.382683432365103,0.923879532511281,0.));
#4932=DIRECTION('center_axis',(0.,0.,-1.));
#4933=DIRECTION('ref_axis',(0.994486994831152,0.104859988135152,0.));
#4934=DIRECTION('center_axis',(0.,0.,-1.));
#4935=DIRECTION('ref_axis',(0.994486994831152,0.104859988135152,0.));
#4936=DIRECTION('center_axis',(0.,0.,1.));
#4937=DIRECTION('ref_axis',(0.994486994831152,0.104859988135152,0.));
#4938=DIRECTION('center_axis',(0.,0.,-1.));
#4939=DIRECTION('ref_axis',(0.994486994831152,0.104859988135152,0.));
#4940=DIRECTION('center_axis',(0.,0.,1.));
#4941=DIRECTION('ref_axis',(0.994486994831152,0.104859988135152,0.));
#4942=DIRECTION('',(0.,0.,-1.));
#4943=DIRECTION('center_axis',(0.,0.,-1.));
#4944=DIRECTION('ref_axis',(0.994486994831152,0.104859988135152,0.));
#4945=DIRECTION('center_axis',(0.707106781186548,0.707106781186548,0.));
#4946=DIRECTION('ref_axis',(-0.707106781186548,0.707106781186548,0.));
#4947=DIRECTION('',(-0.707106781186548,0.707106781186548,0.));
#4948=DIRECTION('',(0.707106781186548,-0.707106781186548,0.));
#4949=DIRECTION('center_axis',(0.,0.,1.));
#4950=DIRECTION('ref_axis',(1.,0.,0.));
#4951=DIRECTION('center_axis',(0.,0.,1.));
#4952=DIRECTION('ref_axis',(1.,0.,0.));
#4953=DIRECTION('center_axis',(0.,0.,-1.));
#4954=DIRECTION('ref_axis',(1.,0.,0.));
#4955=DIRECTION('center_axis',(0.,0.,1.));
#4956=DIRECTION('ref_axis',(0.599999999999999,0.800000000000001,0.));
#4957=DIRECTION('',(0.,0.,1.));
#4958=DIRECTION('center_axis',(0.,0.,-1.));
#4959=DIRECTION('ref_axis',(1.,0.,0.));
#4960=DIRECTION('',(0.,0.,-1.));
#4961=DIRECTION('center_axis',(0.,0.,-1.));
#4962=DIRECTION('ref_axis',(1.,0.,0.));
#4963=DIRECTION('center_axis',(0.,0.,1.));
#4964=DIRECTION('ref_axis',(0.599999999999999,0.800000000000001,0.));
#4965=DIRECTION('',(0.,0.,-1.));
#4966=DIRECTION('center_axis',(0.,0.,-1.));
#4967=DIRECTION('ref_axis',(1.,0.,0.));
#4968=DIRECTION('',(0.,0.,1.));
#4969=DIRECTION('center_axis',(0.,0.,1.));
#4970=DIRECTION('ref_axis',(0.447213595499942,-0.894427190999924,0.));
#4971=DIRECTION('center_axis',(0.,0.,1.));
#4972=DIRECTION('ref_axis',(-0.599999999999991,-0.800000000000006,0.));
#4973=DIRECTION('center_axis',(0.,0.,1.));
#4974=DIRECTION('ref_axis',(0.447213595499942,-0.894427190999924,0.));
#4975=DIRECTION('',(0.,0.,-1.));
#4976=DIRECTION('center_axis',(0.,0.,1.));
#4977=DIRECTION('ref_axis',(0.447213595499942,-0.894427190999924,0.));
#4978=DIRECTION('center_axis',(0.,0.,-1.));
#4979=DIRECTION('ref_axis',(-0.599999999999991,-0.800000000000006,0.));
#4980=DIRECTION('',(0.,0.,-1.));
#4981=DIRECTION('center_axis',(0.,0.,-1.));
#4982=DIRECTION('ref_axis',(0.447213595499942,-0.894427190999924,0.));
#4983=DIRECTION('center_axis',(0.,0.,1.));
#4984=DIRECTION('ref_axis',(-0.104859988135174,-0.99448699483115,0.));
#4985=DIRECTION('center_axis',(0.,0.,-1.));
#4986=DIRECTION('ref_axis',(-0.707106781186548,-0.707106781186548,0.));
#4987=DIRECTION('center_axis',(0.,0.,-1.));
#4988=DIRECTION('ref_axis',(-0.104859988135174,-0.99448699483115,0.));
#4989=DIRECTION('',(0.,0.,1.));
#4990=DIRECTION('center_axis',(0.,0.,1.));
#4991=DIRECTION('ref_axis',(-0.104859988135174,-0.99448699483115,0.));
#4992=DIRECTION('center_axis',(0.,0.,1.));
#4993=DIRECTION('ref_axis',(-0.707106781186548,-0.707106781186548,0.));
#4994=DIRECTION('',(0.,0.,1.));
#4995=DIRECTION('center_axis',(0.,0.,1.));
#4996=DIRECTION('ref_axis',(-0.104859988135174,-0.99448699483115,0.));
#4997=DIRECTION('center_axis',(1.,0.,0.));
#4998=DIRECTION('ref_axis',(0.,1.,0.));
#4999=DIRECTION('',(0.,-1.,0.));
#5000=DIRECTION('',(0.,1.,0.));
#5001=DIRECTION('center_axis',(1.,0.,0.));
#5002=DIRECTION('ref_axis',(0.,-1.,0.));
#5003=DIRECTION('center_axis',(1.,0.,0.));
#5004=DIRECTION('ref_axis',(0.,1.,0.));
#5005=DIRECTION('',(0.,-1.,0.));
#5006=DIRECTION('center_axis',(1.,0.,0.));
#5007=DIRECTION('ref_axis',(0.,-1.,0.));
#5008=DIRECTION('',(0.,1.,0.));
#5009=DIRECTION('center_axis',(-0.707106781186548,-0.707106781186548,0.));
#5010=DIRECTION('ref_axis',(0.707106781186548,-0.707106781186548,0.));
#5011=DIRECTION('',(-0.707106781186541,0.707106781186554,0.));
#5012=DIRECTION('',(0.707106781186548,-0.707106781186548,0.));
#5013=DIRECTION('',(0.,0.,-1.));
#5014=DIRECTION('center_axis',(-0.707106781186548,-0.707106781186548,0.));
#5015=DIRECTION('ref_axis',(0.707106781186548,-0.707106781186548,0.));
#5016=DIRECTION('',(-0.707106781186541,0.707106781186554,0.));
#5017=DIRECTION('',(0.,0.,-1.));
#5018=DIRECTION('',(0.707106781186548,-0.707106781186548,0.));
#5019=DIRECTION('center_axis',(0.,0.,-1.));
#5020=DIRECTION('ref_axis',(-0.923879532511285,-0.382683432365094,0.));
#5021=DIRECTION('center_axis',(0.,0.,-1.));
#5022=DIRECTION('ref_axis',(-1.,0.,0.));
#5023=DIRECTION('center_axis',(0.,0.,-1.));
#5024=DIRECTION('ref_axis',(-0.923879532511285,-0.382683432365094,0.));
#5025=DIRECTION('',(0.,0.,1.));
#5026=DIRECTION('center_axis',(0.,0.,-1.));
#5027=DIRECTION('ref_axis',(-0.923879532511285,-0.382683432365094,0.));
#5028=DIRECTION('center_axis',(0.,0.,1.));
#5029=DIRECTION('ref_axis',(-1.,0.,0.));
#5030=DIRECTION('',(0.,0.,1.));
#5031=DIRECTION('center_axis',(0.,0.,1.));
#5032=DIRECTION('ref_axis',(-0.923879532511285,-0.382683432365094,0.));
#5033=DIRECTION('center_axis',(-1.,0.,0.));
#5034=DIRECTION('ref_axis',(0.,-1.,0.));
#5035=DIRECTION('',(0.,1.,0.));
#5036=DIRECTION('',(0.,-1.,0.));
#5037=DIRECTION('center_axis',(-1.,0.,0.));
#5038=DIRECTION('ref_axis',(0.,1.,0.));
#5039=DIRECTION('center_axis',(-1.,0.,0.));
#5040=DIRECTION('ref_axis',(0.,-1.,0.));
#5041=DIRECTION('',(0.,1.,0.));
#5042=DIRECTION('center_axis',(-1.,0.,0.));
#5043=DIRECTION('ref_axis',(0.,1.,0.));
#5044=DIRECTION('',(0.,-1.,0.));
#5045=DIRECTION('center_axis',(-1.,0.,0.));
#5046=DIRECTION('ref_axis',(0.,-1.,0.));
#5047=DIRECTION('',(-1.,0.,0.));
#5048=DIRECTION('center_axis',(-1.,0.,0.));
#5049=DIRECTION('ref_axis',(0.,1.,0.));
#5050=DIRECTION('',(1.,0.,0.));
#5051=DIRECTION('center_axis',(0.,0.,1.));
#5052=DIRECTION('ref_axis',(1.,0.,0.));
#5053=DIRECTION('center_axis',(0.,0.,1.));
#5054=DIRECTION('ref_axis',(1.,0.,0.));
#5055=DIRECTION('',(-1.,0.,0.));
#5056=DIRECTION('center_axis',(0.,0.,1.));
#5057=DIRECTION('ref_axis',(0.447213595499942,0.894427190999924,0.));
#5058=DIRECTION('center_axis',(0.,0.,-1.));
#5059=DIRECTION('ref_axis',(0.447213595499942,0.894427190999924,0.));
#5060=DIRECTION('center_axis',(0.,0.,1.));
#5061=DIRECTION('ref_axis',(0.447213595499942,0.894427190999924,0.));
#5062=DIRECTION('',(0.,0.,-1.));
#5063=DIRECTION('center_axis',(1.,0.,0.));
#5064=DIRECTION('ref_axis',(0.,1.,0.));
#5065=DIRECTION('',(0.,1.,0.));
#5066=DIRECTION('',(0.,1.,0.));
#5067=DIRECTION('center_axis',(1.,0.,0.));
#5068=DIRECTION('ref_axis',(0.,-1.,0.));
#5069=DIRECTION('center_axis',(0.,0.,-1.));
#5070=DIRECTION('ref_axis',(1.,0.,0.));
#5071=DIRECTION('center_axis',(0.,0.,1.));
#5072=DIRECTION('ref_axis',(1.,0.,0.));
#5073=DIRECTION('center_axis',(0.,0.,-1.));
#5074=DIRECTION('ref_axis',(1.,0.,0.));
#5075=DIRECTION('',(0.,0.,1.));
#5076=DIRECTION('center_axis',(-1.,0.,0.));
#5077=DIRECTION('ref_axis',(0.,-1.,0.));
#5078=DIRECTION('',(1.,0.,0.));
#5079=DIRECTION('center_axis',(-1.,0.,0.));
#5080=DIRECTION('ref_axis',(0.,1.,0.));
#5081=DIRECTION('center_axis',(-1.,0.,0.));
#5082=DIRECTION('ref_axis',(0.,-1.,0.));
#5083=DIRECTION('',(0.,-1.,0.));
#5084=DIRECTION('',(0.,-1.,0.));
#5085=DIRECTION('center_axis',(-1.,0.,0.));
#5086=DIRECTION('ref_axis',(0.,-1.,0.));
#5087=DIRECTION('',(0.,1.,0.));
#5088=DIRECTION('',(0.,0.,-1.));
#5089=DIRECTION('',(0.,-1.,0.));
#5090=DIRECTION('center_axis',(0.,0.,1.));
#5091=DIRECTION('ref_axis',(-0.447213595500021,0.894427190999884,0.));
#5092=DIRECTION('center_axis',(0.,0.,-1.));
#5093=DIRECTION('ref_axis',(-0.447213595500021,0.894427190999884,0.));
#5094=DIRECTION('center_axis',(0.,0.,1.));
#5095=DIRECTION('ref_axis',(-0.447213595500021,0.894427190999884,0.));
#5096=DIRECTION('center_axis',(0.,0.,1.));
#5097=DIRECTION('ref_axis',(1.,0.,0.));
#5098=DIRECTION('center_axis',(0.,0.,1.));
#5099=DIRECTION('ref_axis',(1.,0.,0.));
#5100=DIRECTION('center_axis',(0.,0.,-1.));
#5101=DIRECTION('ref_axis',(-1.,0.,0.));
#5102=DIRECTION('center_axis',(0.,0.,-1.));
#5103=DIRECTION('ref_axis',(0.707106781186548,-0.707106781186548,0.));
#5104=DIRECTION('center_axis',(0.,0.,1.));
#5105=DIRECTION('ref_axis',(0.707106781186548,-0.707106781186548,0.));
#5106=DIRECTION('center_axis',(0.,0.,-1.));
#5107=DIRECTION('ref_axis',(1.,0.,0.));
#5108=DIRECTION('center_axis',(0.,0.,1.));
#5109=DIRECTION('ref_axis',(0.707106781186548,-0.707106781186548,0.));
#5110=DIRECTION('',(0.,0.,-1.));
#5111=DIRECTION('',(0.,0.,-1.));
#5112=DIRECTION('center_axis',(0.,0.,-1.));
#5113=DIRECTION('ref_axis',(-1.,0.,0.));
#5114=DIRECTION('center_axis',(0.,0.,-1.));
#5115=DIRECTION('ref_axis',(0.707106781186548,-0.707106781186548,0.));
#5116=DIRECTION('center_axis',(0.,0.,1.));
#5117=DIRECTION('ref_axis',(1.,0.,0.));
#5118=DIRECTION('',(0.,1.,0.));
#5119=DIRECTION('',(0.,-1.,0.));
#5120=DIRECTION('',(1.,3.17206578464337E-16,0.));
#5121=DIRECTION('center_axis',(1.,0.,0.));
#5122=DIRECTION('ref_axis',(0.,1.,0.));
#5123=DIRECTION('',(0.,-1.,0.));
#5124=DIRECTION('center_axis',(0.,1.,0.));
#5125=DIRECTION('ref_axis',(-0.70710678118654,0.,0.707106781186555));
#5126=DIRECTION('center_axis',(0.707106781186548,0.707106781186548,0.));
#5127=DIRECTION('ref_axis',(0.707106781186547,-0.707106781186547,0.));
#5128=DIRECTION('',(0.,1.,0.));
#5129=DIRECTION('center_axis',(0.,0.,1.));
#5130=DIRECTION('ref_axis',(1.,0.,0.));
#5131=DIRECTION('',(0.,1.,0.));
#5132=DIRECTION('',(0.,-1.,0.));
#5133=DIRECTION('',(1.,0.,0.));
#5134=DIRECTION('center_axis',(-1.,0.,0.));
#5135=DIRECTION('ref_axis',(0.,-1.,0.));
#5136=DIRECTION('center_axis',(1.,0.,0.));
#5137=DIRECTION('ref_axis',(0.,-1.,0.));
#5138=DIRECTION('center_axis',(1.,0.,0.));
#5139=DIRECTION('ref_axis',(0.,1.,0.));
#5140=DIRECTION('center_axis',(1.,0.,0.));
#5141=DIRECTION('ref_axis',(0.,-1.,0.));
#5142=DIRECTION('center_axis',(1.,0.,0.));
#5143=DIRECTION('ref_axis',(0.,1.,0.));
#5144=DIRECTION('center_axis',(-1.,0.,0.));
#5145=DIRECTION('ref_axis',(0.,0.70710678118654,0.707106781186555));
#5146=DIRECTION('center_axis',(3.17206578464337E-16,-1.,0.));
#5147=DIRECTION('ref_axis',(-1.,-3.17206578464337E-16,0.));
#5148=DIRECTION('',(1.,0.,0.));
#5149=DIRECTION('center_axis',(0.,-1.,-1.4210854715202E-15));
#5150=DIRECTION('ref_axis',(0.,1.4210854715202E-15,-1.));
#5151=DIRECTION('',(1.,0.,0.));
#5152=DIRECTION('center_axis',(0.,-1.,-2.09660006530194E-15));
#5153=DIRECTION('ref_axis',(0.,2.09660006530194E-15,-1.));
#5154=DIRECTION('',(1.,0.,0.));
#5155=DIRECTION('',(0.,2.09660006530194E-15,-1.));
#5156=DIRECTION('',(1.,0.,0.));
#5157=DIRECTION('',(0.,-2.09660006530194E-15,1.));
#5158=DIRECTION('center_axis',(0.,0.00482535671329067,0.999988357898525));
#5159=DIRECTION('ref_axis',(0.,-0.999988357898525,0.00482535671329067));
#5160=DIRECTION('',(0.,-0.999988357898525,0.00482535671329067));
#5161=DIRECTION('',(1.,0.,0.));
#5162=DIRECTION('',(0.,0.999988357898525,-0.00482535671329067));
#5163=DIRECTION('center_axis',(0.,0.,1.));
#5164=DIRECTION('ref_axis',(0.,-1.,0.));
#5165=DIRECTION('',(0.,-1.,0.));
#5166=DIRECTION('',(1.,0.,0.));
#5167=DIRECTION('',(0.,1.,0.));
#5168=DIRECTION('center_axis',(0.,2.7969300262086E-15,-1.));
#5169=DIRECTION('ref_axis',(0.,1.,2.7969300262086E-15));
#5170=DIRECTION('',(-1.,0.,0.));
#5171=DIRECTION('',(0.,1.,2.7969300262086E-15));
#5172=DIRECTION('center_axis',(0.,0.,1.));
#5173=DIRECTION('ref_axis',(0.,-1.,0.));
#5174=DIRECTION('',(1.,0.,0.));
#5175=DIRECTION('',(0.,1.,2.22044604925031E-15));
#5176=DIRECTION('center_axis',(0.,-1.,0.));
#5177=DIRECTION('ref_axis',(0.,0.,-1.));
#5178=DIRECTION('',(1.,0.,0.));
#5179=DIRECTION('',(0.,0.,-1.));
#5180=DIRECTION('center_axis',(0.,0.,1.));
#5181=DIRECTION('ref_axis',(0.,-1.,0.));
#5182=DIRECTION('',(1.,0.,0.));
#5183=DIRECTION('',(1.,0.,0.));
#5184=DIRECTION('',(1.,0.,0.));
#5185=DIRECTION('',(0.,-1.,0.));
#5186=DIRECTION('center_axis',(0.,-0.252086896546024,0.967704601926535));
#5187=DIRECTION('ref_axis',(0.,-0.967704601926535,-0.252086896546024));
#5188=DIRECTION('',(0.,-0.967704601926535,-0.252086896546024));
#5189=DIRECTION('',(0.,0.967704601926535,0.252086896546024));
#5190=DIRECTION('center_axis',(0.,-2.91206031420962E-15,1.));
#5191=DIRECTION('ref_axis',(0.,-1.,-2.91206031420962E-15));
#5192=DIRECTION('',(-1.,0.,0.));
#5193=DIRECTION('',(0.,-1.,-2.91206031420962E-15));
#5194=DIRECTION('center_axis',(0.,-0.000583517424605567,0.999999829753693));
#5195=DIRECTION('ref_axis',(0.,-0.999999829753693,-0.000583517424605567));
#5196=DIRECTION('',(0.,0.999999829753693,0.000583517424605567));
#5197=DIRECTION('',(1.,0.,0.));
#5198=DIRECTION('center_axis',(0.,-1.,0.));
#5199=DIRECTION('ref_axis',(1.,0.,0.));
#5200=DIRECTION('center_axis',(0.,-0.000583517424605567,0.999999829753693));
#5201=DIRECTION('ref_axis',(0.,0.999999829753693,0.000583517424605567));
#5202=DIRECTION('',(0.,-0.999999829753693,-0.000583517424605567));
#5203=DIRECTION('',(1.,0.,0.));
#5204=DIRECTION('',(0.,-0.999999829753693,-0.000583517424606051));
#5205=DIRECTION('center_axis',(1.,0.,0.));
#5206=DIRECTION('ref_axis',(0.,0.,-1.));
#5207=DIRECTION('',(0.,-0.999999829753693,-0.000583517424606051));
#5208=DIRECTION('',(0.,-0.000583517424605514,0.999999829753693));
#5209=DIRECTION('center_axis',(-1.,0.,0.));
#5210=DIRECTION('ref_axis',(0.,0.,1.));
#5211=DIRECTION('',(0.,0.000583517424605514,-0.999999829753693));
#5212=DIRECTION('',(0.,-0.999999829753693,-0.000583517424606051));
#5213=DIRECTION('center_axis',(0.,-0.999999829753693,-0.000583517424606051));
#5214=DIRECTION('ref_axis',(0.,0.000583517424606051,-0.999999829753693));
#5215=DIRECTION('',(1.,0.,0.));
#5216=DIRECTION('',(0.,-0.000583517424606052,0.999999829753693));
#5217=DIRECTION('center_axis',(0.,0.000583517424606051,-0.999999829753693));
#5218=DIRECTION('ref_axis',(1.,0.,0.));
#5219=DIRECTION('center_axis',(1.,0.,0.));
#5220=DIRECTION('ref_axis',(0.,0.,-1.));
#5221=CARTESIAN_POINT('',(0.,0.,0.));
#5222=CARTESIAN_POINT('Origin',(2.8,-2.80428600000001,0.564999999999991));
#5223=CARTESIAN_POINT('',(2.56,-2.80428600000001,0.564999999999991));
#5224=CARTESIAN_POINT('Origin',(2.8,-2.80428600000001,0.564999999999991));
#5225=CARTESIAN_POINT('Origin',(7.59999999999999,-2.80428600000001,0.564999999999991));
#5226=CARTESIAN_POINT('',(7.60000000000006,-2.80428600000001,0.804999999999991));
#5227=CARTESIAN_POINT('',(7.60000000000006,-2.80428600000001,0.32499999999999));
#5228=CARTESIAN_POINT('',(7.60000000000006,-2.80428600000001,0.369999999999991));
#5229=CARTESIAN_POINT('',(7.35999999999999,-2.80428600000001,0.564999999999991));
#5230=CARTESIAN_POINT('Origin',(7.59999999999999,-2.80428600000001,0.564999999999991));
#5231=CARTESIAN_POINT('Origin',(7.59999999999999,-2.80428600000001,0.564999999999991));
#5232=CARTESIAN_POINT('Origin',(1.2,-2.80428600000001,0.564999999999991));
#5233=CARTESIAN_POINT('',(0.959999999999996,-2.80428600000001,0.564999999999991));
#5234=CARTESIAN_POINT('Origin',(1.2,-2.80428600000001,0.564999999999991));
#5235=CARTESIAN_POINT('Origin',(4.4,-2.80428600000001,0.564999999999991));
#5236=CARTESIAN_POINT('',(4.16,-2.80428600000001,0.564999999999991));
#5237=CARTESIAN_POINT('Origin',(4.4,-2.80428600000001,0.564999999999991));
#5238=CARTESIAN_POINT('Origin',(6.,-2.80428600000001,0.564999999999991));
#5239=CARTESIAN_POINT('',(5.76,-2.80428600000001,0.564999999999991));
#5240=CARTESIAN_POINT('Origin',(6.,-2.80428600000001,0.564999999999991));
#5241=CARTESIAN_POINT('Origin',(-0.400000000000002,-2.80428600000001,0.564999999999991));
#5242=CARTESIAN_POINT('',(-0.640000000000002,-2.80428600000001,0.564999999999991));
#5243=CARTESIAN_POINT('Origin',(-0.400000000000002,-2.80428600000001,0.564999999999991));
#5244=CARTESIAN_POINT('Origin',(2.8,-2.80528600000001,0.564999999999991));
#5245=CARTESIAN_POINT('',(2.58669270992298,-2.80528600000001,0.674999999999991));
#5246=CARTESIAN_POINT('',(2.95000000000003,-2.80528600000001,0.752349939951918));
#5247=CARTESIAN_POINT('Origin',(2.8,-2.80528600000001,0.564999999999991));
#5248=CARTESIAN_POINT('',(2.95000000000003,-2.80528600000001,0.974999999999991));
#5249=CARTESIAN_POINT('',(2.95000000000003,-2.80528600000001,0.424999999999991));
#5250=CARTESIAN_POINT('',(2.58669270992298,-2.80528600000001,0.974999999999991));
#5251=CARTESIAN_POINT('',(1.96250000000001,-2.80528600000001,0.974999999999991));
#5252=CARTESIAN_POINT('',(2.58669270992298,-2.80528600000001,0.674999999999991));
#5253=CARTESIAN_POINT('Origin',(7.60000000000006,-3.61528667399264,0.174999999999991));
#5254=CARTESIAN_POINT('',(7.60000000000006,-2.81528600000001,0.804999999999991));
#5255=CARTESIAN_POINT('',(7.60000000000006,-3.61528600000001,0.804999999999991));
#5256=CARTESIAN_POINT('',(7.60000000000006,-2.81528600000001,0.32499999999999));
#5257=CARTESIAN_POINT('',(7.60000000000006,-3.61528600000001,0.32499999999999));
#5258=CARTESIAN_POINT('',(7.60000000000006,-2.81528600000001,0.174999999999986));
#5259=CARTESIAN_POINT('',(7.60000000000006,-2.81528600000001,0.369999999999991));
#5260=CARTESIAN_POINT('',(7.60000000000006,-1.11528667399265,0.174999999999991));
#5261=CARTESIAN_POINT('',(7.60000000000006,-1.11528667399265,0.174999999999991));
#5262=CARTESIAN_POINT('',(7.60000000000006,-1.11528667399265,8.97499999999999));
#5263=CARTESIAN_POINT('',(7.60000000000006,-1.11528667399265,0.487499999999993));
#5264=CARTESIAN_POINT('',(7.60000000000006,-3.61528667399265,8.97499999999999));
#5265=CARTESIAN_POINT('',(7.60000000000006,-1.11528667399265,8.97499999999999));
#5266=CARTESIAN_POINT('',(7.60000000000006,-3.61528667399264,0.954999999999991));
#5267=CARTESIAN_POINT('',(7.60000000000006,-3.61528667399264,0.174999999999991));
#5268=CARTESIAN_POINT('',(7.60000000000006,-3.60528600000001,0.964999999999991));
#5269=CARTESIAN_POINT('Origin',(7.60000000000006,-3.60528600000001,0.954999999999991));
#5270=CARTESIAN_POINT('',(7.59999999999999,-3.49528600000001,0.964999999999991));
#5271=CARTESIAN_POINT('',(7.60000000000006,-3.01528633699633,0.964999999999991));
#5272=CARTESIAN_POINT('',(7.59999999999999,-2.93528600000001,0.964999999999991));
#5273=CARTESIAN_POINT('',(7.60000000000005,4.784714,0.964999999999991));
#5274=CARTESIAN_POINT('',(7.60000000000006,-2.82528600000001,0.964999999999991));
#5275=CARTESIAN_POINT('',(7.60000000000006,-3.01528633699633,0.964999999999991));
#5276=CARTESIAN_POINT('',(7.60000000000006,-2.81528600000001,0.954999999999991));
#5277=CARTESIAN_POINT('Origin',(7.60000000000006,-2.82528600000001,0.954999999999991));
#5278=CARTESIAN_POINT('',(7.60000000000006,-2.81528600000001,0.369999999999991));
#5279=CARTESIAN_POINT('Origin',(4.4,-2.80528600000001,0.564999999999991));
#5280=CARTESIAN_POINT('',(4.18669270992298,-2.80528600000001,0.674999999999991));
#5281=CARTESIAN_POINT('',(4.61330729007701,-2.80528600000001,0.674999999999991));
#5282=CARTESIAN_POINT('Origin',(4.4,-2.80528600000001,0.564999999999991));
#5283=CARTESIAN_POINT('',(4.61330729007701,-2.80528600000001,0.974999999999991));
#5284=CARTESIAN_POINT('',(4.61330729007701,-2.80528600000001,0.674999999999991));
#5285=CARTESIAN_POINT('',(4.18669270992298,-2.80528600000001,0.974999999999991));
#5286=CARTESIAN_POINT('',(4.83750000000002,-2.80528600000001,0.974999999999991));
#5287=CARTESIAN_POINT('',(4.18669270992298,-2.80528600000001,0.674999999999991));
#5288=CARTESIAN_POINT('Origin',(-0.400000000000002,-2.80528600000001,0.564999999999991));
#5289=CARTESIAN_POINT('',(-0.613307290077017,-2.80528600000001,0.674999999999991));
#5290=CARTESIAN_POINT('',(-0.186692709922987,-2.80528600000001,0.674999999999991));
#5291=CARTESIAN_POINT('Origin',(-0.400000000000002,-2.80528600000001,0.564999999999991));
#5292=CARTESIAN_POINT('',(-0.186692709922987,-2.80528600000001,0.974999999999991));
#5293=CARTESIAN_POINT('',(-0.186692709922987,-2.80528600000001,0.674999999999991));
#5294=CARTESIAN_POINT('',(-0.613307290077017,-2.80528600000001,0.974999999999991));
#5295=CARTESIAN_POINT('',(0.362500000000007,-2.80528600000001,0.974999999999991));
#5296=CARTESIAN_POINT('',(-0.613307290077017,-2.80528600000001,0.674999999999991));
#5297=CARTESIAN_POINT('Origin',(3.20000000000003,-2.36528667399264,8.97499999999999));
#5298=CARTESIAN_POINT('',(7.10000000000006,-1.11528667399265,8.97499999999999));
#5299=CARTESIAN_POINT('',(7.10000000000006,-3.11528667399265,8.97499999999999));
#5300=CARTESIAN_POINT('',(7.10000000000006,-1.11528667399265,8.97499999999999));
#5301=CARTESIAN_POINT('',(3.45000000000003,-3.11528667399265,8.97499999999999));
#5302=CARTESIAN_POINT('',(7.10000000000006,-3.11528667399265,8.97499999999999));
#5303=CARTESIAN_POINT('',(3.45000000000003,-1.11528667399264,8.97499999999999));
#5304=CARTESIAN_POINT('',(3.45000000000003,-3.11528667399265,8.97499999999999));
#5305=CARTESIAN_POINT('',(2.95000000000003,-1.11528667399264,8.97499999999999));
#5306=CARTESIAN_POINT('',(1.60000000000002,-1.11528667399266,8.97499999999999));
#5307=CARTESIAN_POINT('',(2.95000000000003,-3.11528667399265,8.97499999999999));
#5308=CARTESIAN_POINT('',(2.95000000000003,-1.11528667399264,8.97499999999999));
#5309=CARTESIAN_POINT('',(-0.699999999999998,-3.11528667399265,8.97499999999999));
#5310=CARTESIAN_POINT('',(2.95000000000003,-3.11528667399265,8.97499999999999));
#5311=CARTESIAN_POINT('',(-0.7,-1.11528667399264,8.97499999999999));
#5312=CARTESIAN_POINT('',(-0.699999999999998,-3.11528667399265,8.97499999999999));
#5313=CARTESIAN_POINT('',(-1.6,-1.11528667399264,8.97499999999999));
#5314=CARTESIAN_POINT('',(1.60000000000002,-1.11528667399266,8.97499999999999));
#5315=CARTESIAN_POINT('',(-1.6,-3.61528667399265,8.97499999999999));
#5316=CARTESIAN_POINT('',(-1.6,-1.11528667399264,8.97499999999999));
#5317=CARTESIAN_POINT('',(-1.2,-3.61528667399265,8.97499999999999));
#5318=CARTESIAN_POINT('',(1.60000000000002,-1.11528667399266,8.97499999999999));
#5319=CARTESIAN_POINT('Origin',(-0.613307290077017,-3.11528667399265,0.674999999999991));
#5320=CARTESIAN_POINT('',(-0.613307290077017,-3.11528667399265,0.674999999999991));
#5321=CARTESIAN_POINT('',(-0.613307290077017,-3.61528600000001,0.674999999999991));
#5322=CARTESIAN_POINT('',(-0.613307290077017,-3.11528667399265,0.974999999999991));
#5323=CARTESIAN_POINT('',(-0.613307290077017,-3.61528600000001,0.974999999999991));
#5324=CARTESIAN_POINT('',(-0.613307290077017,-3.11528667399265,0.424999999999991));
#5325=CARTESIAN_POINT('Origin',(2.58669270992298,-3.11528667399265,0.674999999999991));
#5326=CARTESIAN_POINT('',(2.58669270992298,-3.11528667399265,0.674999999999991));
#5327=CARTESIAN_POINT('',(2.58669270992298,-3.61528600000001,0.674999999999991));
#5328=CARTESIAN_POINT('',(2.58669270992298,-3.11528667399265,0.974999999999991));
#5329=CARTESIAN_POINT('',(2.58669270992298,-3.61528600000001,0.974999999999991));
#5330=CARTESIAN_POINT('',(2.58669270992298,-3.11528667399265,0.424999999999991));
#5331=CARTESIAN_POINT('Origin',(1.41330729007701,-2.80528600000001,0.674999999999991));
#5332=CARTESIAN_POINT('',(1.41330729007701,-2.80528600000001,0.674999999999991));
#5333=CARTESIAN_POINT('',(1.41330729007701,-3.11528667399265,0.674999999999991));
#5334=CARTESIAN_POINT('',(1.41330729007701,-3.61528600000001,0.674999999999991));
#5335=CARTESIAN_POINT('',(1.41330729007701,-3.11528667399265,0.974999999999991));
#5336=CARTESIAN_POINT('',(1.41330729007701,-3.11528667399265,0.424999999999991));
#5337=CARTESIAN_POINT('',(1.41330729007701,-2.80528600000001,0.974999999999991));
#5338=CARTESIAN_POINT('',(1.41330729007701,-3.61528600000001,0.974999999999991));
#5339=CARTESIAN_POINT('',(1.41330729007701,-2.80528600000001,0.674999999999991));
#5340=CARTESIAN_POINT('Origin',(0.986692709922981,-3.11528667399265,0.674999999999991));
#5341=CARTESIAN_POINT('',(0.986692709922981,-3.11528667399265,0.674999999999991));
#5342=CARTESIAN_POINT('',(0.986692709922981,-2.80528600000001,0.674999999999991));
#5343=CARTESIAN_POINT('',(0.986692709922981,-3.61528600000001,0.674999999999991));
#5344=CARTESIAN_POINT('',(0.986692709922981,-2.80528600000001,0.974999999999991));
#5345=CARTESIAN_POINT('',(0.986692709922981,-2.80528600000001,0.674999999999991));
#5346=CARTESIAN_POINT('',(0.986692709922981,-3.11528667399265,0.974999999999991));
#5347=CARTESIAN_POINT('',(0.986692709922981,-3.61528600000001,0.974999999999991));
#5348=CARTESIAN_POINT('',(0.986692709922981,-3.11528667399265,0.424999999999991));
#5349=CARTESIAN_POINT('Origin',(-0.186692709922987,-2.80528600000001,0.674999999999991));
#5350=CARTESIAN_POINT('',(-0.186692709922987,-3.11528667399265,0.674999999999991));
#5351=CARTESIAN_POINT('',(-0.186692709922987,-3.61528600000001,0.674999999999991));
#5352=CARTESIAN_POINT('',(-0.186692709922987,-3.11528667399265,0.974999999999991));
#5353=CARTESIAN_POINT('',(-0.186692709922987,-3.11528667399265,0.424999999999991));
#5354=CARTESIAN_POINT('',(-0.186692709922987,-3.61528600000001,0.974999999999991));
#5355=CARTESIAN_POINT('Origin',(1.12500000000002,-2.11528667399265,0.974999999999991));
#5356=CARTESIAN_POINT('',(2.03750000000002,-3.11528667399265,0.974999999999991));
#5357=CARTESIAN_POINT('',(1.16250000000001,-2.80528600000001,0.974999999999991));
#5358=CARTESIAN_POINT('',(2.03750000000002,-3.11528667399265,0.974999999999991));
#5359=CARTESIAN_POINT('',(2.95000000000003,-1.11528667399264,0.974999999999991));
#5360=CARTESIAN_POINT('',(2.95000000000003,-1.61528667399265,0.974999999999991));
#5361=CARTESIAN_POINT('',(-0.7,-1.11528667399264,0.974999999999991));
#5362=CARTESIAN_POINT('',(0.562500000000008,-1.11528667399265,0.974999999999991));
#5363=CARTESIAN_POINT('',(-0.699999999999998,-3.11528667399265,0.974999999999991));
#5364=CARTESIAN_POINT('',(-0.699999999999999,-2.61528667399265,0.974999999999991));
#5365=CARTESIAN_POINT('',(2.03750000000002,-3.11528667399265,0.974999999999991));
#5366=CARTESIAN_POINT('Origin',(-0.699999999999998,-3.11528667399265,0.174999999999991));
#5367=CARTESIAN_POINT('',(-0.7,-1.11528667399265,0.487499999999993));
#5368=CARTESIAN_POINT('',(-0.699999999999998,-3.11528667399265,0.174999999999991));
#5369=CARTESIAN_POINT('Origin',(0.,-1.11528667399265,0.799999999999991));
#5370=CARTESIAN_POINT('',(9.59999999999999,-1.11528667399264,0.174999999999991));
#5371=CARTESIAN_POINT('',(0.,-1.11528667399264,0.174999999999991));
#5372=CARTESIAN_POINT('',(9.59999999999999,-1.11528667399264,0.954999999999991));
#5373=CARTESIAN_POINT('',(9.59999999999999,-1.11528667399265,0.682499999999991));
#5374=CARTESIAN_POINT('',(9.60999999999999,-1.11528667399264,0.964999999999991));
#5375=CARTESIAN_POINT('Origin',(9.60999999999999,-1.11528667399265,0.954999999999991));
#5376=CARTESIAN_POINT('',(9.71999999999999,-1.11528667399264,0.964999999999991));
#5377=CARTESIAN_POINT('',(3.8,-1.11528667399265,0.964999999999991));
#5378=CARTESIAN_POINT('',(9.71999999999999,-1.11528667399264,0.829574366868671));
#5379=CARTESIAN_POINT('',(9.72,-1.11528667399265,0.682499999999988));
#5380=CARTESIAN_POINT('',(10.28,-1.11528667399264,0.829574366868671));
#5381=CARTESIAN_POINT('',(9.99999999999999,-1.11528667399265,0.829574366868669));
#5382=CARTESIAN_POINT('',(10.28,-1.11528667399264,0.964999999999991));
#5383=CARTESIAN_POINT('',(10.28,-1.11528667399265,0.682499999999991));
#5384=CARTESIAN_POINT('',(10.39,-1.11528667399264,0.964999999999991));
#5385=CARTESIAN_POINT('',(3.8,-1.11528667399265,0.964999999999991));
#5386=CARTESIAN_POINT('',(10.4,-1.11528667399264,0.954999999999991));
#5387=CARTESIAN_POINT('Origin',(10.39,-1.11528667399265,0.954999999999991));
#5388=CARTESIAN_POINT('',(10.4,-1.11528667399267,9.85));
#5389=CARTESIAN_POINT('',(10.4,-1.11528667399265,0.799999999999991));
#5390=CARTESIAN_POINT('',(-1.6,-1.11528667399267,9.85));
#5391=CARTESIAN_POINT('',(0.,-1.11528667399267,9.85));
#5392=CARTESIAN_POINT('',(-1.6,-1.11528667399265,0.799999999999991));
#5393=CARTESIAN_POINT('',(2.95000000000003,-1.11528667399265,0.487499999999991));
#5394=CARTESIAN_POINT('',(3.45000000000003,-1.11528667399264,0.974999999999991));
#5395=CARTESIAN_POINT('',(3.45000000000003,-1.11528667399265,0.487499999999993));
#5396=CARTESIAN_POINT('',(7.10000000000006,-1.11528667399265,0.974999999999991));
#5397=CARTESIAN_POINT('',(2.63750000000002,-1.11528667399265,0.974999999999991));
#5398=CARTESIAN_POINT('',(7.10000000000006,-1.11528667399265,0.487499999999991));
#5399=CARTESIAN_POINT('Origin',(2.95000000000003,-1.11528667399264,0.174999999999991));
#5400=CARTESIAN_POINT('',(2.95000000000003,-3.11528667399265,0.752349939951918));
#5401=CARTESIAN_POINT('',(2.95000000000003,-3.61528600000001,0.752349939951918));
#5402=CARTESIAN_POINT('',(2.95000000000003,-3.11528667399265,0.174999999999991));
#5403=CARTESIAN_POINT('Origin',(4.18669270992298,-3.11528667399265,0.674999999999991));
#5404=CARTESIAN_POINT('',(4.18669270992298,-3.11528667399265,0.674999999999991));
#5405=CARTESIAN_POINT('',(4.18669270992298,-3.61528600000001,0.674999999999991));
#5406=CARTESIAN_POINT('',(4.18669270992298,-3.11528667399265,0.974999999999991));
#5407=CARTESIAN_POINT('',(4.18669270992298,-3.61528600000001,0.974999999999991));
#5408=CARTESIAN_POINT('',(4.18669270992298,-3.11528667399265,0.424999999999991));
#5409=CARTESIAN_POINT('Origin',(6.21330729007701,-2.80528600000001,0.674999999999991));
#5410=CARTESIAN_POINT('',(6.21330729007701,-2.80528600000001,0.674999999999991));
#5411=CARTESIAN_POINT('',(6.21330729007701,-3.11528667399265,0.674999999999991));
#5412=CARTESIAN_POINT('',(6.21330729007701,-3.61528600000001,0.674999999999991));
#5413=CARTESIAN_POINT('',(6.21330729007701,-3.11528667399265,0.974999999999991));
#5414=CARTESIAN_POINT('',(6.21330729007701,-3.11528667399265,0.424999999999991));
#5415=CARTESIAN_POINT('',(6.21330729007701,-2.80528600000001,0.974999999999991));
#5416=CARTESIAN_POINT('',(6.21330729007701,-3.61528600000001,0.974999999999991));
#5417=CARTESIAN_POINT('',(6.21330729007701,-2.80528600000001,0.674999999999991));
#5418=CARTESIAN_POINT('Origin',(5.78669270992298,-3.11528667399265,0.674999999999991));
#5419=CARTESIAN_POINT('',(5.78669270992298,-3.11528667399265,0.674999999999991));
#5420=CARTESIAN_POINT('',(5.78669270992298,-2.80528600000001,0.674999999999991));
#5421=CARTESIAN_POINT('',(5.78669270992298,-3.61528600000001,0.674999999999991));
#5422=CARTESIAN_POINT('',(5.78669270992298,-2.80528600000001,0.974999999999991));
#5423=CARTESIAN_POINT('',(5.78669270992298,-2.80528600000001,0.674999999999991));
#5424=CARTESIAN_POINT('',(5.78669270992298,-3.11528667399265,0.974999999999991));
#5425=CARTESIAN_POINT('',(5.78669270992298,-3.61528600000001,0.974999999999991));
#5426=CARTESIAN_POINT('',(5.78669270992298,-3.11528667399265,0.424999999999991));
#5427=CARTESIAN_POINT('Origin',(4.61330729007701,-2.80528600000001,0.674999999999991));
#5428=CARTESIAN_POINT('',(4.61330729007701,-3.11528667399265,0.674999999999991));
#5429=CARTESIAN_POINT('',(4.61330729007701,-3.61528600000001,0.674999999999991));
#5430=CARTESIAN_POINT('',(4.61330729007701,-3.11528667399265,0.974999999999991));
#5431=CARTESIAN_POINT('',(4.61330729007701,-3.11528667399265,0.424999999999991));
#5432=CARTESIAN_POINT('',(4.61330729007701,-3.61528600000001,0.974999999999991));
#5433=CARTESIAN_POINT('Origin',(5.27500000000004,-2.11528667399265,0.974999999999991));
#5434=CARTESIAN_POINT('',(6.18750000000005,-3.11528667399265,0.974999999999991));
#5435=CARTESIAN_POINT('',(5.63750000000002,-2.80528600000001,0.974999999999991));
#5436=CARTESIAN_POINT('',(7.10000000000006,-3.11528667399265,0.974999999999991));
#5437=CARTESIAN_POINT('',(6.18750000000005,-3.11528667399265,0.974999999999991));
#5438=CARTESIAN_POINT('',(7.10000000000006,-1.61528667399265,0.974999999999991));
#5439=CARTESIAN_POINT('',(3.45000000000003,-3.11528667399265,0.974999999999991));
#5440=CARTESIAN_POINT('',(3.45000000000003,-2.61528667399265,0.974999999999991));
#5441=CARTESIAN_POINT('',(6.18750000000005,-3.11528667399265,0.974999999999991));
#5442=CARTESIAN_POINT('Origin',(3.45000000000003,-3.11528667399265,0.174999999999991));
#5443=CARTESIAN_POINT('',(3.45000000000003,-3.11528667399265,0.174999999999991));
#5444=CARTESIAN_POINT('Origin',(7.10000000000006,-1.11528667399265,0.174999999999991));
#5445=CARTESIAN_POINT('',(7.10000000000006,-3.11528667399265,0.174999999999991));
#5446=CARTESIAN_POINT('Origin',(-1.6,1.14235668833565,1.12968181736867));
#5447=CARTESIAN_POINT('',(-1.6,-0.555286666113712,9.85));
#5448=CARTESIAN_POINT('',(-1.6,-0.550611068220196,1.83721940364882));
#5449=CARTESIAN_POINT('',(-1.6,-0.552675035697963,5.37433250319584));
#5450=CARTESIAN_POINT('',(-1.6,1.09741384162386,1.83818105506361));
#5451=CARTESIAN_POINT('',(-1.6,1.09741384162386,1.83818105506361));
#5452=CARTESIAN_POINT('',(-1.6,3.02949514096222,1.83818105506361));
#5453=CARTESIAN_POINT('',(-1.6,2.9866,1.83818105506362));
#5454=CARTESIAN_POINT('',(-1.6,3.02949514096222,2.08436363473735));
#5455=CARTESIAN_POINT('',(-1.6,3.02949514096222,1.83818105506362));
#5456=CARTESIAN_POINT('',(-1.6,3.60000005066395,2.08436363473735));
#5457=CARTESIAN_POINT('',(-1.6,3.28150892948391,2.08436363473735));
#5458=CARTESIAN_POINT('',(-1.6,3.60000005066395,0.175000000000004));
#5459=CARTESIAN_POINT('',(-1.6,3.60000005066395,2.08436363473735));
#5460=CARTESIAN_POINT('',(-1.6,-3.61528667399264,0.174999999999992));
#5461=CARTESIAN_POINT('',(-1.6,3.40000005066395,0.175000000000003));
#5462=CARTESIAN_POINT('',(-1.6,-3.61528667399264,0.174999999999991));
#5463=CARTESIAN_POINT('',(-1.6,-0.505286657601395,9.85));
#5464=CARTESIAN_POINT('Origin',(0.,3.60000005066395,0.175000000000003));
#5465=CARTESIAN_POINT('',(10.4,3.60000005066395,2.08436363473735));
#5466=CARTESIAN_POINT('',(-1.2,3.60000005066395,2.08436363473735));
#5467=CARTESIAN_POINT('',(10.4,3.60000005066395,0.175000000000003));
#5468=CARTESIAN_POINT('',(10.4,3.60000005066395,2.08436363473735));
#5469=CARTESIAN_POINT('',(0.,3.60000005066395,0.175000000000003));
#5470=CARTESIAN_POINT('Origin',(4.4,-3.61528600000001,0.564999999999991));
#5471=CARTESIAN_POINT('',(4.16,-3.53528600000001,0.564999999999991));
#5472=CARTESIAN_POINT('Origin',(4.4,-3.53528600000001,0.564999999999991));
#5473=CARTESIAN_POINT('',(4.16,-3.61528600000001,0.564999999999991));
#5474=CARTESIAN_POINT('Origin',(4.4,-3.11528667399265,0.564999999999991));
#5475=CARTESIAN_POINT('Origin',(-0.400000000000002,-3.61528600000001,0.564999999999991));
#5476=CARTESIAN_POINT('',(-0.640000000000002,-3.53528600000001,0.564999999999991));
#5477=CARTESIAN_POINT('Origin',(-0.400000000000002,-3.53528600000001,0.564999999999991));
#5478=CARTESIAN_POINT('',(-0.640000000000002,-3.61528600000001,0.564999999999991));
#5479=CARTESIAN_POINT('Origin',(-0.400000000000002,-3.11528667399265,0.564999999999991));
#5480=CARTESIAN_POINT('Origin',(6.,-3.61528600000001,0.564999999999991));
#5481=CARTESIAN_POINT('',(5.76,-3.53528600000001,0.564999999999991));
#5482=CARTESIAN_POINT('Origin',(6.,-3.53528600000001,0.564999999999991));
#5483=CARTESIAN_POINT('',(5.76,-3.61528600000001,0.564999999999991));
#5484=CARTESIAN_POINT('Origin',(6.,-2.80528600000001,0.564999999999991));
#5485=CARTESIAN_POINT('Origin',(6.,-3.11528667399265,0.564999999999991));
#5486=CARTESIAN_POINT('Origin',(6.,-2.80528600000001,0.564999999999991));
#5487=CARTESIAN_POINT('Origin',(2.8,-3.61528600000001,0.564999999999991));
#5488=CARTESIAN_POINT('',(2.56,-3.53528600000001,0.564999999999991));
#5489=CARTESIAN_POINT('Origin',(2.8,-3.53528600000001,0.564999999999991));
#5490=CARTESIAN_POINT('',(2.56,-3.61528600000001,0.564999999999991));
#5491=CARTESIAN_POINT('Origin',(2.8,-3.11528667399265,0.564999999999991));
#5492=CARTESIAN_POINT('Origin',(1.2,-3.61528600000001,0.564999999999991));
#5493=CARTESIAN_POINT('',(0.959999999999996,-3.53528600000001,0.564999999999991));
#5494=CARTESIAN_POINT('Origin',(1.2,-3.53528600000001,0.564999999999991));
#5495=CARTESIAN_POINT('',(0.959999999999996,-3.61528600000001,0.564999999999991));
#5496=CARTESIAN_POINT('Origin',(1.2,-2.80528600000001,0.564999999999991));
#5497=CARTESIAN_POINT('Origin',(1.2,-3.11528667399265,0.564999999999991));
#5498=CARTESIAN_POINT('Origin',(1.2,-2.80528600000001,0.564999999999991));
#5499=CARTESIAN_POINT('Origin',(7.59999999999999,-3.61528600000001,0.564999999999991));
#5500=CARTESIAN_POINT('',(7.35999999999999,-3.53528600000001,0.564999999999991));
#5501=CARTESIAN_POINT('Origin',(7.59999999999999,-3.53528600000001,0.564999999999991));
#5502=CARTESIAN_POINT('',(7.35999999999999,-3.61528600000001,0.564999999999991));
#5503=CARTESIAN_POINT('Origin',(7.59999999999999,-2.81528600000001,0.564999999999991));
#5504=CARTESIAN_POINT('Origin',(7.10000000000006,-3.11528667399265,0.174999999999991));
#5505=CARTESIAN_POINT('Origin',(2.95000000000003,-3.11528667399265,0.174999999999991));
#5506=CARTESIAN_POINT('Origin',(12.8,-2.81528600000001,0.564999999999991));
#5507=CARTESIAN_POINT('',(9.59999999999999,-2.81528600000001,0.954999999999991));
#5508=CARTESIAN_POINT('',(6.99999999999999,-2.81528600000001,0.954999999999991));
#5509=CARTESIAN_POINT('',(9.59999999999999,-2.81528600000001,0.16499999999999));
#5510=CARTESIAN_POINT('',(9.59999999999999,-2.81528600000001,0.564999999999991));
#5511=CARTESIAN_POINT('',(9.50999999999999,-2.81528600000001,0.16499999999999));
#5512=CARTESIAN_POINT('',(9.55499999999999,-2.81528600000001,0.16499999999999));
#5513=CARTESIAN_POINT('',(9.50999999999999,-2.81528600000001,0.564999999999991));
#5514=CARTESIAN_POINT('',(9.50999999999999,-2.81528600000001,0.364999999999991));
#5515=CARTESIAN_POINT('',(8.88999999999999,-2.81528600000001,0.564999999999991));
#5516=CARTESIAN_POINT('Origin',(9.19999999999999,-2.81528600000001,0.564999999999991));
#5517=CARTESIAN_POINT('',(8.88999999999999,-2.81528600000001,0.16499999999999));
#5518=CARTESIAN_POINT('',(8.88999999999999,-2.81528600000001,0.364999999999991));
#5519=CARTESIAN_POINT('',(7.60000000000006,-2.81528600000001,0.16499999999999));
#5520=CARTESIAN_POINT('',(7.59999999999999,-2.81528600000001,0.16499999999999));
#5521=CARTESIAN_POINT('',(7.60000000000006,-2.81528600000001,2.15249999999999));
#5522=CARTESIAN_POINT('Origin',(4.4,-3.61528600000001,0.564999999999991));
#5523=CARTESIAN_POINT('',(4.09,-3.61528600000001,0.564999999999991));
#5524=CARTESIAN_POINT('Origin',(4.4,-3.61528667399264,0.564999999999991));
#5525=CARTESIAN_POINT('',(4.09,-3.53528600000001,0.564999999999991));
#5526=CARTESIAN_POINT('',(4.09,-3.61528600000001,0.564999999999991));
#5527=CARTESIAN_POINT('Origin',(4.4,-3.53528600000001,0.564999999999991));
#5528=CARTESIAN_POINT('Origin',(4.4,-3.53528600000001,0.564999999999991));
#5529=CARTESIAN_POINT('Origin',(-0.400000000000002,-3.61528600000001,0.564999999999991));
#5530=CARTESIAN_POINT('',(-0.710000000000002,-3.61528600000001,0.564999999999991));
#5531=CARTESIAN_POINT('Origin',(-0.400000000000002,-3.61528667399264,0.564999999999991));
#5532=CARTESIAN_POINT('',(-0.710000000000002,-3.53528600000001,0.564999999999991));
#5533=CARTESIAN_POINT('',(-0.710000000000002,-3.61528600000001,0.564999999999991));
#5534=CARTESIAN_POINT('Origin',(-0.400000000000002,-3.53528600000001,0.564999999999991));
#5535=CARTESIAN_POINT('Origin',(-0.400000000000002,-3.53528600000001,0.564999999999991));
#5536=CARTESIAN_POINT('Origin',(6.,-3.61528600000001,0.564999999999991));
#5537=CARTESIAN_POINT('',(5.69,-3.61528600000001,0.564999999999991));
#5538=CARTESIAN_POINT('Origin',(6.,-3.61528667399264,0.564999999999991));
#5539=CARTESIAN_POINT('',(5.69,-3.53528600000001,0.564999999999991));
#5540=CARTESIAN_POINT('',(5.69,-3.61528600000001,0.564999999999991));
#5541=CARTESIAN_POINT('Origin',(6.,-3.53528600000001,0.564999999999991));
#5542=CARTESIAN_POINT('Origin',(6.,-3.53528600000001,0.564999999999991));
#5543=CARTESIAN_POINT('Origin',(2.8,-3.61528600000001,0.564999999999991));
#5544=CARTESIAN_POINT('',(2.49,-3.61528600000001,0.564999999999991));
#5545=CARTESIAN_POINT('Origin',(2.8,-3.61528667399264,0.564999999999991));
#5546=CARTESIAN_POINT('',(2.49,-3.53528600000001,0.564999999999991));
#5547=CARTESIAN_POINT('',(2.49,-3.61528600000001,0.564999999999991));
#5548=CARTESIAN_POINT('Origin',(2.8,-3.53528600000001,0.564999999999991));
#5549=CARTESIAN_POINT('Origin',(2.8,-3.53528600000001,0.564999999999991));
#5550=CARTESIAN_POINT('Origin',(1.2,-3.61528600000001,0.564999999999991));
#5551=CARTESIAN_POINT('',(0.889999999999996,-3.61528600000001,0.564999999999991));
#5552=CARTESIAN_POINT('Origin',(1.2,-3.61528667399264,0.564999999999991));
#5553=CARTESIAN_POINT('',(0.889999999999996,-3.53528600000001,0.564999999999991));
#5554=CARTESIAN_POINT('',(0.889999999999996,-3.61528600000001,0.564999999999991));
#5555=CARTESIAN_POINT('Origin',(1.2,-3.53528600000001,0.564999999999991));
#5556=CARTESIAN_POINT('Origin',(1.2,-3.53528600000001,0.564999999999991));
#5557=CARTESIAN_POINT('Origin',(7.59999999999999,-3.61528600000001,0.564999999999991));
#5558=CARTESIAN_POINT('',(7.28999999999999,-3.61528600000001,0.564999999999991));
#5559=CARTESIAN_POINT('Origin',(7.59999999999999,-3.61528667399264,0.564999999999991));
#5560=CARTESIAN_POINT('',(7.28999999999999,-3.53528600000001,0.564999999999991));
#5561=CARTESIAN_POINT('',(7.28999999999999,-3.61528600000001,0.564999999999991));
#5562=CARTESIAN_POINT('Origin',(7.59999999999999,-3.53528600000001,0.564999999999991));
#5563=CARTESIAN_POINT('Origin',(7.59999999999999,-3.53528600000001,0.564999999999991));
#5564=CARTESIAN_POINT('Origin',(10.4,-1.11528667399264,3.73999999999999));
#5565=CARTESIAN_POINT('',(9.72,-1.11528667399265,0.174999999999991));
#5566=CARTESIAN_POINT('',(0.,-1.11528667399264,0.174999999999991));
#5567=CARTESIAN_POINT('',(9.71999999999999,-1.11528667399264,0.16499999999999));
#5568=CARTESIAN_POINT('',(9.72,-1.11528667399265,2.15249999999999));
#5569=CARTESIAN_POINT('',(9.59999999999999,-1.11528667399264,0.16499999999999));
#5570=CARTESIAN_POINT('',(9.,-1.11528667399265,0.16499999999999));
#5571=CARTESIAN_POINT('',(9.59999999999999,-1.11528667399265,0.682499999999991));
#5572=CARTESIAN_POINT('Origin',(7.60000000000006,-1.11528667399264,3.73999999999999));
#5573=CARTESIAN_POINT('',(7.60000000000006,-3.61528667399264,0.174999999999991));
#5574=CARTESIAN_POINT('',(7.60000000000006,-1.11528667399265,0.174999999999991));
#5575=CARTESIAN_POINT('',(7.59999999999999,-2.93528600000001,0.16499999999999));
#5576=CARTESIAN_POINT('',(7.60000000000006,-1.76528633699633,0.16499999999999));
#5577=CARTESIAN_POINT('',(7.59999999999999,-3.49528600000001,0.16499999999999));
#5578=CARTESIAN_POINT('',(7.60000000000005,4.784714,0.16499999999999));
#5579=CARTESIAN_POINT('',(7.60000000000006,-3.60528600000001,0.16499999999999));
#5580=CARTESIAN_POINT('',(7.60000000000006,-1.76528633699633,0.16499999999999));
#5581=CARTESIAN_POINT('Origin',(7.60000000000006,-3.60528600000001,0.174999999999991));
#5582=CARTESIAN_POINT('Origin',(10.39,-0.415286000000006,0.174999999999991));
#5583=CARTESIAN_POINT('',(10.39,-1.11528667399264,0.16499999999999));
#5584=CARTESIAN_POINT('',(10.4,-1.11528667399264,0.174999999999991));
#5585=CARTESIAN_POINT('Origin',(10.39,-1.11528667399264,0.174999999999991));
#5586=CARTESIAN_POINT('',(10.4,-3.21528600000001,0.174999999999991));
#5587=CARTESIAN_POINT('',(10.4,-0.415286000000006,0.174999999999991));
#5588=CARTESIAN_POINT('',(10.39,-3.21528600000001,0.16499999999999));
#5589=CARTESIAN_POINT('Origin',(10.39,-3.21528600000001,0.174999999999991));
#5590=CARTESIAN_POINT('',(10.39,-0.415286000000006,0.16499999999999));
#5591=CARTESIAN_POINT('Origin',(10.39,-0.415286000000006,0.954999999999991));
#5592=CARTESIAN_POINT('',(10.39,-3.21528600000001,0.964999999999991));
#5593=CARTESIAN_POINT('',(10.39,1.18471399999999,0.964999999999991));
#5594=CARTESIAN_POINT('',(10.4,-3.21528600000001,0.954999999999991));
#5595=CARTESIAN_POINT('Origin',(10.39,-3.21528600000001,0.954999999999991));
#5596=CARTESIAN_POINT('',(10.4,2.78471399999999,0.954999999999991));
#5597=CARTESIAN_POINT('Origin',(9.99999999999999,-1.23278600000001,0.654999999999991));
#5598=CARTESIAN_POINT('',(9.71999999999999,-1.20502950539811,0.654999999999991));
#5599=CARTESIAN_POINT('',(10.28,-1.20502950539811,0.654999999999991));
#5600=CARTESIAN_POINT('',(9.99999999999999,-1.20502950539811,0.654999999999991));
#5601=CARTESIAN_POINT('',(9.71999999999999,-1.27528600000001,0.654999999999991));
#5602=CARTESIAN_POINT('',(9.71999999999999,-0.815286000000006,0.654999999999991));
#5603=CARTESIAN_POINT('',(9.75999999999999,-1.29528600000001,0.654999999999991));
#5604=CARTESIAN_POINT('Origin',(9.74499999999999,-1.27528600000001,0.654999999999991));
#5605=CARTESIAN_POINT('',(10.24,-1.29528600000001,0.654999999999991));
#5606=CARTESIAN_POINT('Origin',(9.99999999999999,-1.61528600000001,0.654999999999991));
#5607=CARTESIAN_POINT('',(10.28,-1.27528600000001,0.654999999999991));
#5608=CARTESIAN_POINT('Origin',(10.255,-1.27528600000001,0.654999999999991));
#5609=CARTESIAN_POINT('',(10.28,-1.27528600000001,0.654999999999991));
#5610=CARTESIAN_POINT('Origin',(9.99999999999999,-1.23278600000001,0.474999999999991));
#5611=CARTESIAN_POINT('',(10.28,-1.20502950539811,0.474999999999991));
#5612=CARTESIAN_POINT('',(9.71999999999999,-1.20502950539811,0.474999999999991));
#5613=CARTESIAN_POINT('',(9.99999999999999,-1.20502950539811,0.474999999999991));
#5614=CARTESIAN_POINT('',(10.28,-1.27528600000001,0.474999999999991));
#5615=CARTESIAN_POINT('',(10.28,-1.27528600000001,0.474999999999991));
#5616=CARTESIAN_POINT('',(10.24,-1.29528600000001,0.474999999999991));
#5617=CARTESIAN_POINT('Origin',(10.255,-1.27528600000001,0.474999999999991));
#5618=CARTESIAN_POINT('',(9.75999999999999,-1.29528600000001,0.474999999999991));
#5619=CARTESIAN_POINT('Origin',(9.99999999999999,-1.61528600000001,0.474999999999991));
#5620=CARTESIAN_POINT('',(9.71999999999999,-1.27528600000001,0.474999999999991));
#5621=CARTESIAN_POINT('Origin',(9.74499999999999,-1.27528600000001,0.474999999999991));
#5622=CARTESIAN_POINT('',(9.71999999999999,-0.815286000000006,0.474999999999991));
#5623=CARTESIAN_POINT('Origin',(9.99999999999999,-0.815286000000006,0.564999999999991));
#5624=CARTESIAN_POINT('',(10.28,-1.11528667399264,0.300425633131311));
#5625=CARTESIAN_POINT('',(9.71999999999999,-1.11528667399264,0.300425633131311));
#5626=CARTESIAN_POINT('',(9.99999999999999,-1.11528667399264,0.300425633131311));
#5627=CARTESIAN_POINT('Origin',(10.28,-0.815286000000006,0.564999999999991));
#5628=CARTESIAN_POINT('Origin',(9.71999999999999,-0.815286000000006,0.564999999999991));
#5629=CARTESIAN_POINT('Origin',(9.72,2.90471399999999,0.564999999999991));
#5630=CARTESIAN_POINT('',(9.72,-1.11528667399265,0.682499999999988));
#5631=CARTESIAN_POINT('',(9.71999999999999,-1.27528600000001,0.16499999999999));
#5632=CARTESIAN_POINT('',(9.71999999999999,-1.27528600000001,0.564999999999991));
#5633=CARTESIAN_POINT('',(9.71999999999999,-1.07245743142901,0.16499999999999));
#5634=CARTESIAN_POINT('Origin',(9.74499999999999,-1.27528600000001,0.564999999999991));
#5635=CARTESIAN_POINT('',(9.75999999999999,-1.29528600000001,0.16499999999999));
#5636=CARTESIAN_POINT('',(9.75999999999999,-1.295286,0.564999999999991));
#5637=CARTESIAN_POINT('Origin',(9.74499999999999,-1.27528600000001,0.16499999999999));
#5638=CARTESIAN_POINT('Origin',(9.99999999999999,-1.61528600000001,0.564999999999991));
#5639=CARTESIAN_POINT('',(10.24,-1.29528600000001,0.16499999999999));
#5640=CARTESIAN_POINT('',(10.24,-1.29528600000001,0.564999999999991));
#5641=CARTESIAN_POINT('Origin',(9.99999999999999,-1.61528600000001,0.16499999999999));
#5642=CARTESIAN_POINT('Origin',(10.255,-1.27528600000001,0.564999999999991));
#5643=CARTESIAN_POINT('',(10.28,-1.27528600000001,0.16499999999999));
#5644=CARTESIAN_POINT('',(10.28,-1.27528600000001,0.564999999999991));
#5645=CARTESIAN_POINT('Origin',(10.255,-1.27528600000001,0.16499999999999));
#5646=CARTESIAN_POINT('Origin',(10.28,-0.815286000000006,0.564999999999991));
#5647=CARTESIAN_POINT('',(10.28,-1.11528667399264,0.174999999999991));
#5648=CARTESIAN_POINT('',(10.28,-1.11528667399265,0.682499999999991));
#5649=CARTESIAN_POINT('',(10.28,-1.11528667399264,0.16499999999999));
#5650=CARTESIAN_POINT('',(10.28,-1.11528667399264,2.15249999999999));
#5651=CARTESIAN_POINT('',(10.28,-1.07245743142901,0.16499999999999));
#5652=CARTESIAN_POINT('Origin',(9.74499999999999,-1.27528600000001,0.564999999999991));
#5653=CARTESIAN_POINT('',(9.71999999999999,-1.27528600000001,0.964999999999991));
#5654=CARTESIAN_POINT('',(9.71999999999999,-1.27528600000001,0.564999999999991));
#5655=CARTESIAN_POINT('',(9.75999999999999,-1.29528600000001,0.964999999999991));
#5656=CARTESIAN_POINT('Origin',(9.74499999999999,-1.27528600000001,0.964999999999991));
#5657=CARTESIAN_POINT('',(9.75999999999999,-1.295286,0.564999999999991));
#5658=CARTESIAN_POINT('Origin',(10.255,-1.27528600000001,0.564999999999991));
#5659=CARTESIAN_POINT('',(10.24,-1.29528600000001,0.964999999999991));
#5660=CARTESIAN_POINT('',(10.24,-1.29528600000001,0.564999999999991));
#5661=CARTESIAN_POINT('',(10.28,-1.27528600000001,0.964999999999991));
#5662=CARTESIAN_POINT('Origin',(10.255,-1.27528600000001,0.964999999999991));
#5663=CARTESIAN_POINT('',(10.28,-1.27528600000001,0.564999999999991));
#5664=CARTESIAN_POINT('Origin',(9.99999999999999,-1.61528600000001,0.564999999999991));
#5665=CARTESIAN_POINT('Origin',(9.99999999999999,-1.61528600000001,0.964999999999991));
#5666=CARTESIAN_POINT('Origin',(9.99999999999999,-1.61528600000001,0.924999999999991));
#5667=CARTESIAN_POINT('',(9.68999999999999,-1.61528600000001,0.964999999999991));
#5668=CARTESIAN_POINT('Origin',(9.99999999999999,-1.61528600000001,0.964999999999991));
#5669=CARTESIAN_POINT('',(9.68999999999999,-1.61528600000001,0.884999999999991));
#5670=CARTESIAN_POINT('',(9.68999999999999,-1.61528600000001,0.924999999999991));
#5671=CARTESIAN_POINT('Origin',(9.99999999999999,-1.61528600000001,0.884999999999991));
#5672=CARTESIAN_POINT('Origin',(4.39999999999999,-0.815286000000008,0.884999999999991));
#5673=CARTESIAN_POINT('',(9.75999999999999,-1.61528600000001,0.884999999999991));
#5674=CARTESIAN_POINT('Origin',(9.99999999999999,-1.61528600000001,0.884999999999991));
#5675=CARTESIAN_POINT('Origin',(9.99999999999999,-1.61528600000001,0.564999999999991));
#5676=CARTESIAN_POINT('',(9.75999999999999,-1.61528600000001,0.244999999999991));
#5677=CARTESIAN_POINT('',(9.75999999999999,-1.61528600000001,0.564999999999991));
#5678=CARTESIAN_POINT('Origin',(9.99999999999999,-1.61528600000001,0.244999999999991));
#5679=CARTESIAN_POINT('Origin',(4.39999999999999,-0.815286000000008,0.244999999999991));
#5680=CARTESIAN_POINT('',(9.68999999999999,-1.61528600000001,0.244999999999991));
#5681=CARTESIAN_POINT('Origin',(9.99999999999999,-1.61528600000001,0.244999999999991));
#5682=CARTESIAN_POINT('Origin',(9.99999999999999,-1.61528600000001,0.924999999999991));
#5683=CARTESIAN_POINT('',(9.68999999999999,-1.61528600000001,0.16499999999999));
#5684=CARTESIAN_POINT('',(9.68999999999999,-1.61528600000001,0.924999999999991));
#5685=CARTESIAN_POINT('Origin',(9.99999999999999,-1.61528600000001,0.16499999999999));
#5686=CARTESIAN_POINT('Origin',(7.59999999999999,-3.60528600000001,0.954999999999991));
#5687=CARTESIAN_POINT('',(9.99999999999999,-3.61528600000001,0.954999999999991));
#5688=CARTESIAN_POINT('',(4.39999999999999,-3.61528600000001,0.954999999999991));
#5689=CARTESIAN_POINT('',(9.99999999999999,-3.60528600000001,0.964999999999991));
#5690=CARTESIAN_POINT('Origin',(9.99999999999999,-3.60528600000001,0.954999999999991));
#5691=CARTESIAN_POINT('',(5.99999999999999,-3.60528600000001,0.964999999999991));
#5692=CARTESIAN_POINT('Origin',(7.59999999999999,-3.60528600000001,0.174999999999991));
#5693=CARTESIAN_POINT('',(9.99999999999999,-3.60528600000001,0.16499999999999));
#5694=CARTESIAN_POINT('',(4.39999999999999,-3.60528600000001,0.16499999999999));
#5695=CARTESIAN_POINT('',(9.99999999999999,-3.61528600000001,0.174999999999991));
#5696=CARTESIAN_POINT('Origin',(9.99999999999999,-3.60528600000001,0.174999999999991));
#5697=CARTESIAN_POINT('',(4.39999999999999,-3.61528600000001,0.174999999999991));
#5698=CARTESIAN_POINT('Origin',(8.4,-3.21528600000001,0.564999999999991));
#5699=CARTESIAN_POINT('',(8.16,-3.21528600000001,0.884999999999991));
#5700=CARTESIAN_POINT('Origin',(8.4,-3.21528600000001,0.884999999999991));
#5701=CARTESIAN_POINT('',(8.16,-3.21528600000001,0.244999999999991));
#5702=CARTESIAN_POINT('',(8.15999999999999,-3.21528600000001,0.564999999999991));
#5703=CARTESIAN_POINT('Origin',(8.4,-3.21528600000001,0.244999999999991));
#5704=CARTESIAN_POINT('Origin',(9.99999999999999,-3.21528600000001,0.564999999999991));
#5705=CARTESIAN_POINT('',(9.75999999999999,-3.21528600000001,0.884999999999991));
#5706=CARTESIAN_POINT('Origin',(9.99999999999999,-3.21528600000001,0.884999999999991));
#5707=CARTESIAN_POINT('',(9.75999999999999,-3.21528600000001,0.244999999999991));
#5708=CARTESIAN_POINT('',(9.75999999999999,-3.21528600000001,0.564999999999991));
#5709=CARTESIAN_POINT('Origin',(9.99999999999999,-3.21528600000001,0.244999999999991));
#5710=CARTESIAN_POINT('Origin',(10.32,0.784713999999993,0.564999999999991));
#5711=CARTESIAN_POINT('',(10.32,-2.10528600000001,0.564999999999991));
#5712=CARTESIAN_POINT('Origin',(10.32,-2.41528600000001,0.564999999999991));
#5713=CARTESIAN_POINT('',(10.32,-2.17528600000001,0.564999999999991));
#5714=CARTESIAN_POINT('Origin',(10.32,-2.41528600000001,0.564999999999991));
#5715=CARTESIAN_POINT('Origin',(4.39999999999999,-3.53528600000001,0.564999999999991));
#5716=CARTESIAN_POINT('',(9.50999999999999,-3.53528600000001,0.564999999999991));
#5717=CARTESIAN_POINT('Origin',(9.2,-3.53528600000001,0.564999999999991));
#5718=CARTESIAN_POINT('',(9.43999999999999,-3.53528600000001,0.564999999999991));
#5719=CARTESIAN_POINT('Origin',(9.2,-3.53528600000001,0.564999999999991));
#5720=CARTESIAN_POINT('Origin',(4.39999999999999,0.784713999999992,0.244999999999991));
#5721=CARTESIAN_POINT('',(8.09,-3.21528600000001,0.244999999999991));
#5722=CARTESIAN_POINT('Origin',(8.4,-3.21528600000001,0.244999999999991));
#5723=CARTESIAN_POINT('Origin',(4.39999999999999,0.784713999999992,0.244999999999991));
#5724=CARTESIAN_POINT('',(9.68999999999999,-3.21528600000001,0.244999999999991));
#5725=CARTESIAN_POINT('Origin',(9.99999999999999,-3.21528600000001,0.244999999999991));
#5726=CARTESIAN_POINT('Origin',(9.2,4.784714,0.564999999999991));
#5727=CARTESIAN_POINT('',(9.43999999999999,-2.89528600000001,0.564999999999991));
#5728=CARTESIAN_POINT('',(9.44,4.784714,0.564999999999991));
#5729=CARTESIAN_POINT('Origin',(9.2,-2.89528600000001,0.564999999999991));
#5730=CARTESIAN_POINT('Origin',(9.99999999999999,-2.41528600000001,0.564999999999991));
#5731=CARTESIAN_POINT('',(9.67999999999999,-2.17528600000001,0.564999999999991));
#5732=CARTESIAN_POINT('',(9.99999999999999,-2.17528600000001,0.564999999999991));
#5733=CARTESIAN_POINT('Origin',(9.67999999999999,-2.41528600000001,0.564999999999991));
#5734=CARTESIAN_POINT('Origin',(4.39999999999999,0.784713999999992,0.884999999999991));
#5735=CARTESIAN_POINT('',(8.09,-3.21528600000001,0.884999999999991));
#5736=CARTESIAN_POINT('Origin',(8.4,-3.21528600000001,0.884999999999991));
#5737=CARTESIAN_POINT('Origin',(4.39999999999999,0.784713999999992,0.884999999999991));
#5738=CARTESIAN_POINT('',(9.68999999999999,-3.21528600000001,0.884999999999991));
#5739=CARTESIAN_POINT('Origin',(9.99999999999999,-3.21528600000001,0.884999999999991));
#5740=CARTESIAN_POINT('Origin',(10.36,-2.41528600000001,0.564999999999991));
#5741=CARTESIAN_POINT('',(10.4,-2.10528600000001,0.564999999999991));
#5742=CARTESIAN_POINT('Origin',(10.4,-2.41528600000001,0.564999999999991));
#5743=CARTESIAN_POINT('',(10.36,-2.10528600000001,0.564999999999991));
#5744=CARTESIAN_POINT('Origin',(9.2,5.144714,0.564999999999991));
#5745=CARTESIAN_POINT('',(9.50999999999999,-3.61528600000001,0.564999999999991));
#5746=CARTESIAN_POINT('Origin',(9.2,-3.61528600000001,0.564999999999991));
#5747=CARTESIAN_POINT('',(9.51,5.144714,0.564999999999991));
#5748=CARTESIAN_POINT('Origin',(9.2,5.144714,0.564999999999991));
#5749=CARTESIAN_POINT('',(8.89,-2.89528600000001,0.564999999999991));
#5750=CARTESIAN_POINT('',(8.89,-2.85528600000001,0.564999999999991));
#5751=CARTESIAN_POINT('',(9.50999999999999,-2.89528600000001,0.564999999999914));
#5752=CARTESIAN_POINT('',(9.50999999999999,-2.85528600000001,0.564999999999991));
#5753=CARTESIAN_POINT('Origin',(9.2,-2.89528600000001,0.564999999999991));
#5754=CARTESIAN_POINT('Origin',(10.36,-2.41528600000001,0.564999999999991));
#5755=CARTESIAN_POINT('',(9.59999999999999,-2.72528600000001,0.564999999999991));
#5756=CARTESIAN_POINT('',(9.67999999999999,-2.72528600000001,0.564999999999991));
#5757=CARTESIAN_POINT('',(9.63999999999999,-2.72528600000001,0.564999999999991));
#5758=CARTESIAN_POINT('',(9.59999999999999,-2.10528600000001,0.564999999999991));
#5759=CARTESIAN_POINT('Origin',(9.59999999999999,-2.41528600000001,0.564999999999991));
#5760=CARTESIAN_POINT('',(9.67999999999999,-2.10528600000001,0.564999999999967));
#5761=CARTESIAN_POINT('',(9.63999999999999,-2.10528600000001,0.564999999999991));
#5762=CARTESIAN_POINT('Origin',(9.67999999999999,-2.41528600000001,0.564999999999991));
#5763=CARTESIAN_POINT('Origin',(8.4,-3.21528600000001,0.924999999999991));
#5764=CARTESIAN_POINT('',(8.09,-3.21528600000001,0.16499999999999));
#5765=CARTESIAN_POINT('',(8.08999999999999,-3.21528600000001,0.924999999999991));
#5766=CARTESIAN_POINT('Origin',(8.4,-3.21528600000001,0.16499999999999));
#5767=CARTESIAN_POINT('Origin',(9.99999999999999,-3.21528600000001,0.924999999999991));
#5768=CARTESIAN_POINT('',(9.68999999999999,-3.21528600000001,0.16499999999999));
#5769=CARTESIAN_POINT('',(9.68999999999999,-3.21528600000001,0.924999999999991));
#5770=CARTESIAN_POINT('Origin',(9.99999999999999,-3.21528600000001,0.16499999999999));
#5771=CARTESIAN_POINT('Origin',(8.88999999999999,4.38471399999999,0.564999999999991));
#5772=CARTESIAN_POINT('',(8.89,-2.89528600000001,0.16499999999999));
#5773=CARTESIAN_POINT('',(8.89,-2.85528600000001,0.16499999999999));
#5774=CARTESIAN_POINT('',(8.89,-2.89528600000001,0.364999999999991));
#5775=CARTESIAN_POINT('Origin',(4.39999999999999,-2.89528600000001,0.564999999999991));
#5776=CARTESIAN_POINT('',(9.50999999999999,-2.89528600000001,0.16499999999999));
#5777=CARTESIAN_POINT('',(9.50999999999999,-2.89528600000001,0.364999999999991));
#5778=CARTESIAN_POINT('',(9.2,-2.89528600000001,0.16499999999999));
#5779=CARTESIAN_POINT('Origin',(9.50999999999999,4.384714,-0.284643118084009));
#5780=CARTESIAN_POINT('',(9.50999999999999,-2.85528600000001,0.16499999999999));
#5781=CARTESIAN_POINT('Origin',(9.59999999999999,-2.72528600000001,0.564999999999991));
#5782=CARTESIAN_POINT('',(9.67999999999999,-2.72528600000001,0.16499999999999));
#5783=CARTESIAN_POINT('',(9.59999999999999,-2.72528600000001,0.16499999999999));
#5784=CARTESIAN_POINT('',(9.63999999999999,-2.72528600000001,0.16499999999999));
#5785=CARTESIAN_POINT('',(9.59999999999999,-2.72528600000001,0.364999999999991));
#5786=CARTESIAN_POINT('',(9.67999999999999,-2.72528600000001,0.364999999999991));
#5787=CARTESIAN_POINT('Origin',(9.67999999999999,0.784713999999993,0.564999999999991));
#5788=CARTESIAN_POINT('',(9.67999999999999,-2.10528600000001,0.16499999999999));
#5789=CARTESIAN_POINT('',(9.67999999999999,-2.10528600000001,0.364999999999991));
#5790=CARTESIAN_POINT('',(9.67999999999999,-2.41528600000001,0.16499999999999));
#5791=CARTESIAN_POINT('Origin',(9.59999999999999,-2.10528600000001,-0.185195789337009));
#5792=CARTESIAN_POINT('',(9.59999999999999,-2.10528600000001,0.16499999999999));
#5793=CARTESIAN_POINT('',(9.63999999999999,-2.10528600000001,0.16499999999999));
#5794=CARTESIAN_POINT('',(9.59999999999999,-2.10528600000001,0.364999999999991));
#5795=CARTESIAN_POINT('Origin',(9.99999999999999,-3.49528600000001,0.564999999999991));
#5796=CARTESIAN_POINT('',(8.73999999999999,-3.49528600000001,0.474999999999991));
#5797=CARTESIAN_POINT('',(8.81025649460189,-3.49528600000001,0.474999999999991));
#5798=CARTESIAN_POINT('',(9.39125,-3.49528600000001,0.474999999999991));
#5799=CARTESIAN_POINT('',(9.2,-3.49528600000001,0.16499999999999));
#5800=CARTESIAN_POINT('Origin',(9.2,-3.49528600000001,0.564999999999991));
#5801=CARTESIAN_POINT('',(8.73999999999999,-3.49528600000001,0.16499999999999));
#5802=CARTESIAN_POINT('',(8.94282856857,-3.49528600000001,0.16499999999999));
#5803=CARTESIAN_POINT('',(8.73999999999999,-3.49528600000001,0.564999999999991));
#5804=CARTESIAN_POINT('Origin',(8.4,-3.21528600000001,0.924999999999991));
#5805=CARTESIAN_POINT('',(8.09,-3.21528600000001,0.964999999999991));
#5806=CARTESIAN_POINT('Origin',(8.4,-3.21528600000001,0.964999999999991));
#5807=CARTESIAN_POINT('',(8.08999999999999,-3.21528600000001,0.924999999999991));
#5808=CARTESIAN_POINT('Origin',(9.99999999999999,-3.21528600000001,0.924999999999991));
#5809=CARTESIAN_POINT('',(9.68999999999999,-3.21528600000001,0.964999999999991));
#5810=CARTESIAN_POINT('Origin',(9.99999999999999,-3.21528600000001,0.964999999999991));
#5811=CARTESIAN_POINT('',(9.68999999999999,-3.21528600000001,0.924999999999991));
#5812=CARTESIAN_POINT('Origin',(9.99999999999999,-1.61528600000001,0.564999999999991));
#5813=CARTESIAN_POINT('',(10.24,-1.93528600000001,0.474999999999991));
#5814=CARTESIAN_POINT('',(9.75999999999999,-1.93528600000001,0.474999999999991));
#5815=CARTESIAN_POINT('Origin',(9.99999999999999,-1.61528600000001,0.474999999999991));
#5816=CARTESIAN_POINT('',(9.75999999999999,-1.93528600000001,0.16499999999999));
#5817=CARTESIAN_POINT('',(9.75999999999999,-1.93528600000001,0.564999999999991));
#5818=CARTESIAN_POINT('',(10.24,-1.93528600000001,0.16499999999999));
#5819=CARTESIAN_POINT('Origin',(9.99999999999999,-1.61528600000001,0.16499999999999));
#5820=CARTESIAN_POINT('',(10.24,-1.93528600000001,0.564999999999991));
#5821=CARTESIAN_POINT('Origin',(9.74499999999999,-1.95528600000001,0.564999999999991));
#5822=CARTESIAN_POINT('',(9.71999999999999,-1.95528600000001,0.474999999999991));
#5823=CARTESIAN_POINT('Origin',(9.74499999999999,-1.95528600000001,0.474999999999991));
#5824=CARTESIAN_POINT('',(9.71999999999999,-1.95528600000001,0.16499999999999));
#5825=CARTESIAN_POINT('',(9.71999999999999,-1.95528600000001,0.564999999999991));
#5826=CARTESIAN_POINT('Origin',(9.74499999999999,-1.95528600000001,0.16499999999999));
#5827=CARTESIAN_POINT('Origin',(10.28,0.784713999999993,0.564999999999991));
#5828=CARTESIAN_POINT('',(10.28,-1.95528600000001,0.654999999999991));
#5829=CARTESIAN_POINT('',(10.28,-2.02554249460191,0.654999999999991));
#5830=CARTESIAN_POINT('',(10.28,-0.606536000000006,0.654999999999991));
#5831=CARTESIAN_POINT('',(10.28,-2.41528600000001,0.964999999999991));
#5832=CARTESIAN_POINT('Origin',(10.28,-2.41528600000001,0.564999999999991));
#5833=CARTESIAN_POINT('',(10.28,-1.95528600000001,0.964999999999991));
#5834=CARTESIAN_POINT('',(10.28,-2.15811456857001,0.964999999999991));
#5835=CARTESIAN_POINT('',(10.28,-1.95528600000001,0.564999999999991));
#5836=CARTESIAN_POINT('Origin',(10.255,-1.95528600000001,0.564999999999991));
#5837=CARTESIAN_POINT('',(10.28,-1.95528600000001,0.474999999999991));
#5838=CARTESIAN_POINT('Origin',(10.255,-1.95528600000001,0.474999999999991));
#5839=CARTESIAN_POINT('',(10.28,-1.95528600000001,0.16499999999999));
#5840=CARTESIAN_POINT('Origin',(10.255,-1.95528600000001,0.16499999999999));
#5841=CARTESIAN_POINT('',(10.28,-1.95528600000001,0.564999999999991));
#5842=CARTESIAN_POINT('Origin',(8.73999999999999,-2.96028600000001,0.564999999999991));
#5843=CARTESIAN_POINT('',(8.72,-2.97528600000001,0.654999999999991));
#5844=CARTESIAN_POINT('',(8.73999999999999,-2.93528600000001,0.654999999999991));
#5845=CARTESIAN_POINT('Origin',(8.73999999999999,-2.96028600000001,0.654999999999991));
#5846=CARTESIAN_POINT('',(8.73999999999999,-2.93528600000001,0.964999999999991));
#5847=CARTESIAN_POINT('',(8.73999999999999,-2.93528600000001,0.564999999999991));
#5848=CARTESIAN_POINT('',(8.72,-2.97528600000001,0.964999999999991));
#5849=CARTESIAN_POINT('Origin',(8.73999999999999,-2.96028600000001,0.964999999999991));
#5850=CARTESIAN_POINT('',(8.72,-2.97528600000001,0.564999999999991));
#5851=CARTESIAN_POINT('Origin',(8.4,-3.21528600000001,0.564999999999991));
#5852=CARTESIAN_POINT('',(8.72,-3.45528600000001,0.654999999999991));
#5853=CARTESIAN_POINT('Origin',(8.4,-3.21528600000001,0.654999999999991));
#5854=CARTESIAN_POINT('',(8.72,-3.45528600000001,0.964999999999991));
#5855=CARTESIAN_POINT('Origin',(8.4,-3.21528600000001,0.964999999999991));
#5856=CARTESIAN_POINT('',(8.72,-3.45528600000001,0.564999999999991));
#5857=CARTESIAN_POINT('Origin',(8.73999999999999,-3.47028600000001,0.564999999999991));
#5858=CARTESIAN_POINT('',(8.72,-3.45528600000001,0.474999999999991));
#5859=CARTESIAN_POINT('Origin',(8.73999999999999,-3.47028600000001,0.474999999999991));
#5860=CARTESIAN_POINT('',(8.72,-3.45528600000001,0.16499999999999));
#5861=CARTESIAN_POINT('Origin',(8.73999999999999,-3.47028600000001,0.16499999999999));
#5862=CARTESIAN_POINT('',(8.72,-3.45528600000001,0.564999999999991));
#5863=CARTESIAN_POINT('Origin',(9.67575995989113,-2.98104595989115,0.16499999999999));
#5864=CARTESIAN_POINT('',(9.63732233047034,-2.94260833047035,0.654999999999991));
#5865=CARTESIAN_POINT('',(9.66108843210528,-2.96637443210529,0.654999999999991));
#5866=CARTESIAN_POINT('',(9.71975497994557,-3.02504097994558,0.654999999999991));
#5867=CARTESIAN_POINT('',(9.66108843210528,-2.96637443210529,0.964999999999991));
#5868=CARTESIAN_POINT('',(9.66108843210528,-2.96637443210529,0.564999999999991));
#5869=CARTESIAN_POINT('',(9.63732233047034,-2.94260833047035,0.964999999999991));
#5870=CARTESIAN_POINT('',(9.50999999999999,-2.81528600000001,0.964999999999991));
#5871=CARTESIAN_POINT('',(9.63732233047034,-2.94260833047035,0.364999999999991));
#5872=CARTESIAN_POINT('Origin',(4.39999999999999,-2.93528600000001,0.564999999999991));
#5873=CARTESIAN_POINT('',(8.06,-2.93528600000001,0.654999999999991));
#5874=CARTESIAN_POINT('',(7.98974350539809,-2.93528600000001,0.654999999999991));
#5875=CARTESIAN_POINT('',(8.06,-2.93528600000001,0.654999999999991));
#5876=CARTESIAN_POINT('',(8.06,-2.93528600000001,0.964999999999991));
#5877=CARTESIAN_POINT('',(8.06,-2.93528600000001,0.564999999999991));
#5878=CARTESIAN_POINT('',(7.85717143142999,-2.93528600000001,0.964999999999991));
#5879=CARTESIAN_POINT('Origin',(7.59999999999999,-2.93528600000001,0.564999999999991));
#5880=CARTESIAN_POINT('Origin',(4.39999999999999,-2.93528600000001,0.564999999999991));
#5881=CARTESIAN_POINT('',(8.06,-2.93528600000001,0.474999999999991));
#5882=CARTESIAN_POINT('',(7.98974350539809,-2.93528600000001,0.474999999999991));
#5883=CARTESIAN_POINT('',(8.06,-2.93528600000001,0.474999999999991));
#5884=CARTESIAN_POINT('Origin',(7.59999999999999,-2.93528600000001,0.564999999999991));
#5885=CARTESIAN_POINT('',(8.06,-2.93528600000001,0.16499999999999));
#5886=CARTESIAN_POINT('',(7.85717143142999,-2.93528600000001,0.16499999999999));
#5887=CARTESIAN_POINT('',(8.06,-2.93528600000001,0.564999999999991));
#5888=CARTESIAN_POINT('Origin',(8.06,-2.96028600000001,0.564999999999991));
#5889=CARTESIAN_POINT('',(8.07999999999999,-2.97528600000001,0.474999999999991));
#5890=CARTESIAN_POINT('Origin',(8.06,-2.96028600000001,0.474999999999991));
#5891=CARTESIAN_POINT('',(8.07999999999999,-2.97528600000001,0.16499999999999));
#5892=CARTESIAN_POINT('Origin',(8.06,-2.96028600000001,0.16499999999999));
#5893=CARTESIAN_POINT('',(8.07999999999999,-2.97528600000001,0.564999999999991));
#5894=CARTESIAN_POINT('Origin',(8.06,-2.96028600000001,0.564999999999991));
#5895=CARTESIAN_POINT('',(8.07999999999999,-2.97528600000001,0.654999999999991));
#5896=CARTESIAN_POINT('Origin',(8.06,-2.96028600000001,0.654999999999991));
#5897=CARTESIAN_POINT('',(8.07999999999999,-2.97528600000001,0.964999999999991));
#5898=CARTESIAN_POINT('',(8.07999999999999,-2.97528600000001,0.564999999999991));
#5899=CARTESIAN_POINT('Origin',(8.06,-2.96028600000001,0.964999999999991));
#5900=CARTESIAN_POINT('Origin',(8.4,-3.21528600000001,0.564999999999991));
#5901=CARTESIAN_POINT('',(8.07999999999999,-3.45528600000001,0.474999999999991));
#5902=CARTESIAN_POINT('Origin',(8.4,-3.21528600000001,0.474999999999991));
#5903=CARTESIAN_POINT('',(8.07999999999999,-3.45528600000001,0.16499999999999));
#5904=CARTESIAN_POINT('Origin',(8.4,-3.21528600000001,0.16499999999999));
#5905=CARTESIAN_POINT('',(8.07999999999999,-3.45528600000001,0.564999999999991));
#5906=CARTESIAN_POINT('Origin',(8.4,-3.21528600000001,0.564999999999991));
#5907=CARTESIAN_POINT('',(8.07999999999999,-3.45528600000001,0.654999999999991));
#5908=CARTESIAN_POINT('Origin',(8.4,-3.21528600000001,0.654999999999991));
#5909=CARTESIAN_POINT('',(8.07999999999999,-3.45528600000001,0.964999999999991));
#5910=CARTESIAN_POINT('',(8.07999999999999,-3.45528600000001,0.564999999999991));
#5911=CARTESIAN_POINT('Origin',(8.4,-3.21528600000001,0.964999999999991));
#5912=CARTESIAN_POINT('Origin',(8.06,-3.47028600000001,0.564999999999991));
#5913=CARTESIAN_POINT('',(8.06,-3.49528600000001,0.474999999999991));
#5914=CARTESIAN_POINT('Origin',(8.06,-3.47028600000001,0.474999999999991));
#5915=CARTESIAN_POINT('',(8.06,-3.49528600000001,0.16499999999999));
#5916=CARTESIAN_POINT('Origin',(8.06,-3.47028600000001,0.16499999999999));
#5917=CARTESIAN_POINT('',(8.06,-3.49528600000001,0.564999999999991));
#5918=CARTESIAN_POINT('Origin',(8.06,-3.47028600000001,0.564999999999991));
#5919=CARTESIAN_POINT('',(8.06,-3.49528600000001,0.654999999999991));
#5920=CARTESIAN_POINT('Origin',(8.06,-3.47028600000001,0.654999999999991));
#5921=CARTESIAN_POINT('',(8.06,-3.49528600000001,0.964999999999991));
#5922=CARTESIAN_POINT('',(8.06,-3.49528600000001,0.564999999999991));
#5923=CARTESIAN_POINT('Origin',(8.06,-3.47028600000001,0.964999999999991));
#5924=CARTESIAN_POINT('Origin',(9.99999999999999,-3.49528600000001,0.564999999999991));
#5925=CARTESIAN_POINT('',(7.98974350539809,-3.49528600000001,0.474999999999991));
#5926=CARTESIAN_POINT('',(7.59999999999999,-3.49528600000001,0.474999999999991));
#5927=CARTESIAN_POINT('',(7.85717143142999,-3.49528600000001,0.16499999999999));
#5928=CARTESIAN_POINT('Origin',(7.59999999999999,-3.49528600000001,0.564999999999991));
#5929=CARTESIAN_POINT('Origin',(9.99999999999999,-3.49528600000001,0.564999999999991));
#5930=CARTESIAN_POINT('',(7.98974350539809,-3.49528600000001,0.654999999999991));
#5931=CARTESIAN_POINT('',(7.59999999999999,-3.49528600000001,0.654999999999991));
#5932=CARTESIAN_POINT('Origin',(7.59999999999999,-3.49528600000001,0.564999999999991));
#5933=CARTESIAN_POINT('',(7.85717143142999,-3.49528600000001,0.964999999999991));
#5934=CARTESIAN_POINT('Origin',(7.59999999999999,4.784714,0.564999999999991));
#5935=CARTESIAN_POINT('',(7.9897435053981,4.784714,0.654999999999991));
#5936=CARTESIAN_POINT('Origin',(7.59999999999999,4.784714,0.564999999999991));
#5937=CARTESIAN_POINT('',(7.9897435053981,4.784714,0.474999999999991));
#5938=CARTESIAN_POINT('Origin',(8.01749999999999,-3.21528600000001,0.654999999999991));
#5939=CARTESIAN_POINT('Origin',(8.01749999999999,-3.21528600000001,0.474999999999991));
#5940=CARTESIAN_POINT('Origin',(8.73999999999999,-3.47028600000001,0.564999999999991));
#5941=CARTESIAN_POINT('',(8.73999999999999,-3.49528600000001,0.654999999999991));
#5942=CARTESIAN_POINT('Origin',(8.73999999999999,-3.47028600000001,0.654999999999991));
#5943=CARTESIAN_POINT('',(8.73999999999999,-3.49528600000001,0.964999999999991));
#5944=CARTESIAN_POINT('Origin',(8.73999999999999,-3.47028600000001,0.964999999999991));
#5945=CARTESIAN_POINT('',(8.73999999999999,-3.49528600000001,0.564999999999991));
#5946=CARTESIAN_POINT('Origin',(8.4,-3.21528600000001,0.564999999999991));
#5947=CARTESIAN_POINT('',(8.72,-2.97528600000001,0.474999999999991));
#5948=CARTESIAN_POINT('Origin',(8.4,-3.21528600000001,0.474999999999991));
#5949=CARTESIAN_POINT('',(8.72,-2.97528600000001,0.16499999999999));
#5950=CARTESIAN_POINT('Origin',(8.4,-3.21528600000001,0.16499999999999));
#5951=CARTESIAN_POINT('',(8.72,-2.97528600000001,0.564999999999991));
#5952=CARTESIAN_POINT('Origin',(9.99999999999999,-3.49528600000001,0.564999999999991));
#5953=CARTESIAN_POINT('',(8.81025649460189,-3.49528600000001,0.654999999999991));
#5954=CARTESIAN_POINT('',(9.39125,-3.49528600000001,0.654999999999991));
#5955=CARTESIAN_POINT('',(9.2,-3.49528600000001,0.964999999999991));
#5956=CARTESIAN_POINT('',(8.94282856857,-3.49528600000001,0.964999999999991));
#5957=CARTESIAN_POINT('Origin',(9.2,-3.49528600000001,0.564999999999991));
#5958=CARTESIAN_POINT('Origin',(8.73999999999999,-2.96028600000001,0.564999999999991));
#5959=CARTESIAN_POINT('',(8.73999999999999,-2.93528600000001,0.474999999999991));
#5960=CARTESIAN_POINT('Origin',(8.73999999999999,-2.96028600000001,0.474999999999991));
#5961=CARTESIAN_POINT('',(8.73999999999999,-2.93528600000001,0.16499999999999));
#5962=CARTESIAN_POINT('Origin',(8.73999999999999,-2.96028600000001,0.16499999999999));
#5963=CARTESIAN_POINT('',(8.73999999999999,-2.93528600000001,0.564999999999991));
#5964=CARTESIAN_POINT('Origin',(4.39999999999999,-2.93528600000001,0.564999999999991));
#5965=CARTESIAN_POINT('',(8.81025649460189,-2.93528600000001,0.474999999999991));
#5966=CARTESIAN_POINT('',(6.59124999999999,-2.93528600000001,0.474999999999991));
#5967=CARTESIAN_POINT('',(9.2,-2.93528600000001,0.16499999999999));
#5968=CARTESIAN_POINT('',(8.94282856857,-2.93528600000001,0.16499999999999));
#5969=CARTESIAN_POINT('Origin',(9.2,-2.93528600000001,0.564999999999991));
#5970=CARTESIAN_POINT('Origin',(4.39999999999999,-2.93528600000001,0.564999999999991));
#5971=CARTESIAN_POINT('',(8.81025649460189,-2.93528600000001,0.654999999999991));
#5972=CARTESIAN_POINT('',(6.59124999999999,-2.93528600000001,0.654999999999991));
#5973=CARTESIAN_POINT('',(9.2,-2.93528600000001,0.964999999999991));
#5974=CARTESIAN_POINT('Origin',(9.2,-2.93528600000001,0.564999999999991));
#5975=CARTESIAN_POINT('',(8.94282856857,-2.93528600000001,0.964999999999991));
#5976=CARTESIAN_POINT('Origin',(8.7825,-3.21528600000001,0.654999999999991));
#5977=CARTESIAN_POINT('',(8.81025649460189,4.784714,0.654999999999991));
#5978=CARTESIAN_POINT('Origin',(8.7825,-3.21528600000001,0.474999999999991));
#5979=CARTESIAN_POINT('',(8.81025649460189,4.784714,0.474999999999991));
#5980=CARTESIAN_POINT('Origin',(9.99999999999999,-3.49528600000001,0.564999999999991));
#5981=CARTESIAN_POINT('',(9.66,-3.49528600000001,0.654999999999991));
#5982=CARTESIAN_POINT('',(9.5897435053981,-3.49528600000001,0.654999999999991));
#5983=CARTESIAN_POINT('',(9.80875,-3.49528600000001,0.654999999999991));
#5984=CARTESIAN_POINT('Origin',(9.2,-3.49528600000001,0.564999999999991));
#5985=CARTESIAN_POINT('',(9.66,-3.49528600000001,0.964999999999991));
#5986=CARTESIAN_POINT('',(9.45717143142999,-3.49528600000001,0.964999999999991));
#5987=CARTESIAN_POINT('',(9.66,-3.49528600000001,0.564999999999991));
#5988=CARTESIAN_POINT('Origin',(9.99999999999999,-3.49528600000001,0.564999999999991));
#5989=CARTESIAN_POINT('',(9.5897435053981,-3.49528600000001,0.474999999999991));
#5990=CARTESIAN_POINT('',(9.66,-3.49528600000001,0.474999999999991));
#5991=CARTESIAN_POINT('',(9.80875,-3.49528600000001,0.474999999999991));
#5992=CARTESIAN_POINT('',(9.66,-3.49528600000001,0.16499999999999));
#5993=CARTESIAN_POINT('',(9.66,-3.49528600000001,0.564999999999991));
#5994=CARTESIAN_POINT('',(9.45717143142999,-3.49528600000001,0.16499999999999));
#5995=CARTESIAN_POINT('Origin',(9.2,-3.49528600000001,0.564999999999991));
#5996=CARTESIAN_POINT('Origin',(9.2,4.784714,0.564999999999991));
#5997=CARTESIAN_POINT('',(9.5897435053981,-2.93528600000001,0.474999999999991));
#5998=CARTESIAN_POINT('',(9.58974350539809,4.784714,0.474999999999991));
#5999=CARTESIAN_POINT('Origin',(9.2,-2.93528600000001,0.564999999999991));
#6000=CARTESIAN_POINT('Origin',(9.2,4.784714,0.564999999999991));
#6001=CARTESIAN_POINT('',(9.5897435053981,-2.93528600000001,0.654999999999991));
#6002=CARTESIAN_POINT('',(9.58974350539809,4.784714,0.654999999999991));
#6003=CARTESIAN_POINT('Origin',(9.2,-2.93528600000001,0.564999999999991));
#6004=CARTESIAN_POINT('Origin',(9.66,-3.47028600000001,0.564999999999991));
#6005=CARTESIAN_POINT('',(9.68,-3.45528600000001,0.654999999999991));
#6006=CARTESIAN_POINT('Origin',(9.66,-3.47028600000001,0.654999999999991));
#6007=CARTESIAN_POINT('',(9.68,-3.45528600000001,0.964999999999991));
#6008=CARTESIAN_POINT('Origin',(9.66,-3.47028600000001,0.964999999999991));
#6009=CARTESIAN_POINT('',(9.68,-3.45528600000001,0.564999999999991));
#6010=CARTESIAN_POINT('Origin',(9.66,-3.47028600000001,0.564999999999991));
#6011=CARTESIAN_POINT('',(9.68,-3.45528600000001,0.474999999999991));
#6012=CARTESIAN_POINT('Origin',(9.66,-3.47028600000001,0.474999999999991));
#6013=CARTESIAN_POINT('',(9.68,-3.45528600000001,0.16499999999999));
#6014=CARTESIAN_POINT('',(9.68,-3.45528600000001,0.564999999999991));
#6015=CARTESIAN_POINT('Origin',(9.66,-3.47028600000001,0.16499999999999));
#6016=CARTESIAN_POINT('Origin',(4.39999999999999,-2.93528600000001,0.564999999999991));
#6017=CARTESIAN_POINT('',(9.61964466094066,-2.93528600000001,0.474999999999991));
#6018=CARTESIAN_POINT('',(7.00874999999999,-2.93528600000001,0.474999999999991));
#6019=CARTESIAN_POINT('',(9.61964466094066,-2.93528600000001,0.16499999999999));
#6020=CARTESIAN_POINT('',(9.45717143142999,-2.93528600000001,0.16499999999999));
#6021=CARTESIAN_POINT('',(9.61964466094066,-2.93528600000001,0.364999999999991));
#6022=CARTESIAN_POINT('Origin',(4.39999999999999,-2.93528600000001,0.564999999999991));
#6023=CARTESIAN_POINT('',(9.61964466094066,-2.93528600000001,0.654999999999991));
#6024=CARTESIAN_POINT('',(7.00874999999999,-2.93528600000001,0.654999999999991));
#6025=CARTESIAN_POINT('',(9.61964466094066,-2.93528600000001,0.964999999999991));
#6026=CARTESIAN_POINT('',(9.61964466094066,-2.93528600000001,0.364999999999991));
#6027=CARTESIAN_POINT('',(9.45717143142999,-2.93528600000001,0.964999999999991));
#6028=CARTESIAN_POINT('Origin',(9.99999999999999,-3.21528600000001,0.564999999999991));
#6029=CARTESIAN_POINT('',(9.66438660007116,-2.99765409565643,0.654999999999991));
#6030=CARTESIAN_POINT('Origin',(9.99999999999999,-3.21528600000001,0.654999999999991));
#6031=CARTESIAN_POINT('',(9.66438660007116,-2.99765409565643,0.964999999999991));
#6032=CARTESIAN_POINT('Origin',(9.99999999999999,-3.21528600000001,0.964999999999991));
#6033=CARTESIAN_POINT('',(9.66438660007116,-2.99765409565643,0.564999999999991));
#6034=CARTESIAN_POINT('Origin',(9.99999999999999,-3.21528600000001,0.564999999999991));
#6035=CARTESIAN_POINT('',(9.66438660007116,-2.99765409565643,0.474999999999991));
#6036=CARTESIAN_POINT('Origin',(9.99999999999999,-3.21528600000001,0.474999999999991));
#6037=CARTESIAN_POINT('',(9.66438660007116,-2.99765409565643,0.16499999999999));
#6038=CARTESIAN_POINT('',(9.66438660007116,-2.99765409565643,0.564999999999991));
#6039=CARTESIAN_POINT('Origin',(9.99999999999999,-3.21528600000001,0.16499999999999));
#6040=CARTESIAN_POINT('Origin',(9.61964466094066,-2.96028600000001,0.364999999999991));
#6041=CARTESIAN_POINT('',(9.63732233047034,-2.94260833047035,0.474999999999991));
#6042=CARTESIAN_POINT('Origin',(9.61964466094066,-2.96028600000001,0.474999999999991));
#6043=CARTESIAN_POINT('',(9.63732233047034,-2.94260833047035,0.16499999999999));
#6044=CARTESIAN_POINT('Origin',(9.61964466094066,-2.96028600000001,0.16499999999999));
#6045=CARTESIAN_POINT('',(9.63732233047034,-2.94260833047035,0.364999999999991));
#6046=CARTESIAN_POINT('Origin',(9.61964466094066,-2.96028600000001,0.364999999999991));
#6047=CARTESIAN_POINT('Origin',(9.61964466094066,-2.96028600000001,0.654999999999991));
#6048=CARTESIAN_POINT('Origin',(9.61964466094066,-2.96028600000001,0.964999999999991));
#6049=CARTESIAN_POINT('Origin',(9.64341076257562,-2.98405210163496,0.564999999999991));
#6050=CARTESIAN_POINT('Origin',(9.64341076257562,-2.98405210163496,0.654999999999991));
#6051=CARTESIAN_POINT('Origin',(9.64341076257562,-2.98405210163496,0.964999999999991));
#6052=CARTESIAN_POINT('Origin',(9.64341076257562,-2.98405210163496,0.564999999999991));
#6053=CARTESIAN_POINT('',(9.66108843210528,-2.96637443210529,0.474999999999991));
#6054=CARTESIAN_POINT('Origin',(9.64341076257562,-2.98405210163496,0.474999999999991));
#6055=CARTESIAN_POINT('',(9.66108843210528,-2.96637443210529,0.16499999999999));
#6056=CARTESIAN_POINT('',(9.66108843210528,-2.96637443210529,0.564999999999991));
#6057=CARTESIAN_POINT('Origin',(9.64341076257562,-2.98405210163496,0.16499999999999));
#6058=CARTESIAN_POINT('Origin',(9.67575995989113,-2.98104595989115,0.16499999999999));
#6059=CARTESIAN_POINT('',(9.71975497994557,-3.02504097994558,0.474999999999991));
#6060=CARTESIAN_POINT('',(9.50999999999999,-2.81528600000001,0.16499999999999));
#6061=CARTESIAN_POINT('Origin',(9.6175,-3.21528600000001,0.474999999999991));
#6062=CARTESIAN_POINT('Origin',(9.6175,-3.21528600000001,0.654999999999991));
#6063=CARTESIAN_POINT('Origin',(9.99999999999999,-3.21528600000001,0.564999999999991));
#6064=CARTESIAN_POINT('',(10.24,-2.89528600000001,0.474999999999991));
#6065=CARTESIAN_POINT('',(9.78236809565642,-2.87967260007118,0.474999999999991));
#6066=CARTESIAN_POINT('Origin',(9.99999999999999,-3.21528600000001,0.474999999999991));
#6067=CARTESIAN_POINT('',(10.24,-2.89528600000001,0.16499999999999));
#6068=CARTESIAN_POINT('',(10.24,-2.89528600000001,0.564999999999991));
#6069=CARTESIAN_POINT('',(9.78236809565642,-2.87967260007118,0.16499999999999));
#6070=CARTESIAN_POINT('Origin',(9.99999999999999,-3.21528600000001,0.16499999999999));
#6071=CARTESIAN_POINT('',(9.78236809565642,-2.87967260007118,0.564999999999991));
#6072=CARTESIAN_POINT('Origin',(9.99999999999999,-3.21528600000001,0.564999999999991));
#6073=CARTESIAN_POINT('',(10.24,-2.89528600000001,0.654999999999991));
#6074=CARTESIAN_POINT('',(9.78236809565642,-2.87967260007118,0.654999999999991));
#6075=CARTESIAN_POINT('Origin',(9.99999999999999,-3.21528600000001,0.654999999999991));
#6076=CARTESIAN_POINT('',(9.78236809565642,-2.87967260007118,0.964999999999991));
#6077=CARTESIAN_POINT('',(9.78236809565642,-2.87967260007118,0.564999999999991));
#6078=CARTESIAN_POINT('',(10.24,-2.89528600000001,0.964999999999991));
#6079=CARTESIAN_POINT('Origin',(9.99999999999999,-3.21528600000001,0.964999999999991));
#6080=CARTESIAN_POINT('',(10.24,-2.89528600000001,0.564999999999991));
#6081=CARTESIAN_POINT('Origin',(10.255,-2.87528600000001,0.564999999999991));
#6082=CARTESIAN_POINT('',(10.28,-2.87528600000001,0.654999999999991));
#6083=CARTESIAN_POINT('Origin',(10.255,-2.87528600000001,0.654999999999991));
#6084=CARTESIAN_POINT('',(10.28,-2.87528600000001,0.964999999999991));
#6085=CARTESIAN_POINT('Origin',(10.255,-2.87528600000001,0.964999999999991));
#6086=CARTESIAN_POINT('',(10.28,-2.87528600000001,0.564999999999991));
#6087=CARTESIAN_POINT('Origin',(10.255,-2.87528600000001,0.564999999999991));
#6088=CARTESIAN_POINT('',(10.28,-2.87528600000001,0.474999999999991));
#6089=CARTESIAN_POINT('Origin',(10.255,-2.87528600000001,0.474999999999991));
#6090=CARTESIAN_POINT('',(10.28,-2.87528600000001,0.16499999999999));
#6091=CARTESIAN_POINT('',(10.28,-2.87528600000001,0.564999999999991));
#6092=CARTESIAN_POINT('Origin',(10.255,-2.87528600000001,0.16499999999999));
#6093=CARTESIAN_POINT('Origin',(9.76876610163495,-2.85869676257563,0.564999999999991));
#6094=CARTESIAN_POINT('',(9.75108843210528,-2.87637443210529,0.474999999999991));
#6095=CARTESIAN_POINT('Origin',(9.76876610163495,-2.85869676257563,0.474999999999991));
#6096=CARTESIAN_POINT('',(9.75108843210528,-2.87637443210529,0.16499999999999));
#6097=CARTESIAN_POINT('Origin',(9.76876610163495,-2.85869676257563,0.16499999999999));
#6098=CARTESIAN_POINT('',(9.75108843210528,-2.87637443210529,0.564999999999991));
#6099=CARTESIAN_POINT('Origin',(9.76876610163495,-2.85869676257563,0.564999999999991));
#6100=CARTESIAN_POINT('',(9.75108843210528,-2.87637443210529,0.654999999999991));
#6101=CARTESIAN_POINT('Origin',(9.76876610163495,-2.85869676257563,0.654999999999991));
#6102=CARTESIAN_POINT('',(9.75108843210528,-2.87637443210529,0.964999999999991));
#6103=CARTESIAN_POINT('',(9.75108843210528,-2.87637443210529,0.564999999999991));
#6104=CARTESIAN_POINT('Origin',(9.76876610163495,-2.85869676257563,0.964999999999991));
#6105=CARTESIAN_POINT('Origin',(10.28,0.784713999999993,0.564999999999991));
#6106=CARTESIAN_POINT('',(10.28,-2.80502950539811,0.654999999999991));
#6107=CARTESIAN_POINT('',(10.28,-2.41528600000001,0.654999999999991));
#6108=CARTESIAN_POINT('',(10.28,-2.67245743143001,0.964999999999991));
#6109=CARTESIAN_POINT('Origin',(10.28,-2.41528600000001,0.564999999999991));
#6110=CARTESIAN_POINT('Origin',(10.28,0.784713999999993,0.564999999999991));
#6111=CARTESIAN_POINT('',(10.28,-2.80502950539811,0.474999999999991));
#6112=CARTESIAN_POINT('',(10.28,-2.41528600000001,0.474999999999991));
#6113=CARTESIAN_POINT('',(10.28,-2.41528600000001,0.16499999999999));
#6114=CARTESIAN_POINT('Origin',(10.28,-2.41528600000001,0.564999999999991));
#6115=CARTESIAN_POINT('',(10.28,-2.67245743143001,0.16499999999999));
#6116=CARTESIAN_POINT('Origin',(9.71999999999927,-2.84528599999929,0.16499999999999));
#6117=CARTESIAN_POINT('',(9.72732233047034,-2.85260833047035,0.474999999999991));
#6118=CARTESIAN_POINT('',(9.75108843210528,-2.87637443210529,0.474999999999991));
#6119=CARTESIAN_POINT('',(9.72732233047034,-2.85260833047035,0.16499999999999));
#6120=CARTESIAN_POINT('',(9.59999999999999,-2.72528600000001,0.16499999999999));
#6121=CARTESIAN_POINT('',(9.72732233047034,-2.85260833047035,0.364999999999991));
#6122=CARTESIAN_POINT('Origin',(9.71999999999927,-2.84528599999929,0.16499999999999));
#6123=CARTESIAN_POINT('',(9.72732233047034,-2.85260833047035,0.654999999999991));
#6124=CARTESIAN_POINT('',(9.75108843210528,-2.87637443210529,0.654999999999991));
#6125=CARTESIAN_POINT('',(9.72732233047034,-2.85260833047035,0.964999999999991));
#6126=CARTESIAN_POINT('',(9.72732233047034,-2.85260833047035,0.364999999999991));
#6127=CARTESIAN_POINT('',(9.59999999999999,-2.72528600000001,0.964999999999991));
#6128=CARTESIAN_POINT('Origin',(9.745,-2.83493066094068,0.364999999999991));
#6129=CARTESIAN_POINT('',(9.72,-2.83493066094068,0.474999999999991));
#6130=CARTESIAN_POINT('Origin',(9.745,-2.83493066094068,0.474999999999991));
#6131=CARTESIAN_POINT('',(9.72,-2.83493066094068,0.16499999999999));
#6132=CARTESIAN_POINT('Origin',(9.745,-2.83493066094068,0.16499999999999));
#6133=CARTESIAN_POINT('',(9.72,-2.83493066094068,0.364999999999991));
#6134=CARTESIAN_POINT('Origin',(9.745,-2.83493066094068,0.364999999999991));
#6135=CARTESIAN_POINT('',(9.72,-2.83493066094068,0.654999999999991));
#6136=CARTESIAN_POINT('Origin',(9.745,-2.83493066094068,0.654999999999991));
#6137=CARTESIAN_POINT('',(9.72,-2.83493066094068,0.964999999999991));
#6138=CARTESIAN_POINT('',(9.72,-2.83493066094068,0.364999999999991));
#6139=CARTESIAN_POINT('Origin',(9.745,-2.83493066094068,0.964999999999991));
#6140=CARTESIAN_POINT('Origin',(9.72,4.504714,0.564999999999991));
#6141=CARTESIAN_POINT('',(9.71999999999999,-2.80502950539811,0.474999999999991));
#6142=CARTESIAN_POINT('',(9.72,-2.83493066094068,0.474999999999991));
#6143=CARTESIAN_POINT('',(9.71999999999999,-2.41528600000001,0.16499999999999));
#6144=CARTESIAN_POINT('',(9.71999999999999,-2.67245743143001,0.16499999999999));
#6145=CARTESIAN_POINT('Origin',(9.71999999999999,-2.41528600000001,0.564999999999991));
#6146=CARTESIAN_POINT('Origin',(9.72,4.504714,0.564999999999991));
#6147=CARTESIAN_POINT('',(9.71999999999999,-2.80502950539811,0.654999999999991));
#6148=CARTESIAN_POINT('',(9.72,-2.83493066094068,0.654999999999991));
#6149=CARTESIAN_POINT('',(9.71999999999999,-2.41528600000001,0.964999999999991));
#6150=CARTESIAN_POINT('Origin',(9.71999999999999,-2.41528600000001,0.564999999999991));
#6151=CARTESIAN_POINT('',(9.71999999999999,-2.67245743143001,0.964999999999991));
#6152=CARTESIAN_POINT('Origin',(9.99999999999999,-2.41528600000001,0.564999999999991));
#6153=CARTESIAN_POINT('',(9.71999999999999,-2.02554249460191,0.654999999999991));
#6154=CARTESIAN_POINT('',(9.99999999999999,-2.02554249460191,0.654999999999991));
#6155=CARTESIAN_POINT('Origin',(9.71999999999999,-2.41528600000001,0.564999999999991));
#6156=CARTESIAN_POINT('',(9.99999999999999,-2.80502950539811,0.654999999999991));
#6157=CARTESIAN_POINT('Origin',(9.99999999999999,-2.83278600000001,0.654999999999991));
#6158=CARTESIAN_POINT('Origin',(9.99999999999999,-2.83278600000001,0.474999999999991));
#6159=CARTESIAN_POINT('',(9.99999999999999,-2.80502950539811,0.474999999999991));
#6160=CARTESIAN_POINT('Origin',(10.255,-1.95528600000001,0.564999999999991));
#6161=CARTESIAN_POINT('',(10.24,-1.93528600000001,0.654999999999991));
#6162=CARTESIAN_POINT('Origin',(10.255,-1.95528600000001,0.654999999999991));
#6163=CARTESIAN_POINT('',(10.24,-1.93528600000001,0.964999999999991));
#6164=CARTESIAN_POINT('Origin',(10.255,-1.95528600000001,0.964999999999991));
#6165=CARTESIAN_POINT('',(10.24,-1.93528600000001,0.564999999999991));
#6166=CARTESIAN_POINT('Origin',(10.28,0.784713999999993,0.564999999999991));
#6167=CARTESIAN_POINT('',(10.28,-2.02554249460191,0.474999999999991));
#6168=CARTESIAN_POINT('',(10.28,-0.606536000000006,0.474999999999991));
#6169=CARTESIAN_POINT('',(10.28,-2.15811456857001,0.16499999999999));
#6170=CARTESIAN_POINT('Origin',(10.28,-2.41528600000001,0.564999999999991));
#6171=CARTESIAN_POINT('Origin',(9.99999999999999,-1.61528600000001,0.564999999999991));
#6172=CARTESIAN_POINT('',(9.75999999999999,-1.93528600000001,0.654999999999991));
#6173=CARTESIAN_POINT('Origin',(9.99999999999999,-1.61528600000001,0.654999999999991));
#6174=CARTESIAN_POINT('',(9.75999999999999,-1.93528600000001,0.964999999999991));
#6175=CARTESIAN_POINT('Origin',(9.99999999999999,-1.61528600000001,0.964999999999991));
#6176=CARTESIAN_POINT('',(9.75999999999999,-1.93528600000001,0.564999999999991));
#6177=CARTESIAN_POINT('Origin',(9.99999999999999,-2.41528600000001,0.564999999999991));
#6178=CARTESIAN_POINT('',(9.71999999999999,-2.02554249460191,0.474999999999991));
#6179=CARTESIAN_POINT('',(9.99999999999999,-2.02554249460191,0.474999999999991));
#6180=CARTESIAN_POINT('Origin',(9.71999999999999,-2.41528600000001,0.564999999999991));
#6181=CARTESIAN_POINT('Origin',(9.72,4.504714,0.564999999999991));
#6182=CARTESIAN_POINT('',(9.71999999999999,1.25346399999999,0.474999999999991));
#6183=CARTESIAN_POINT('',(9.71999999999999,-2.15811456857001,0.16499999999999));
#6184=CARTESIAN_POINT('Origin',(9.72,4.504714,0.564999999999991));
#6185=CARTESIAN_POINT('',(9.71999999999999,-1.95528600000001,0.654999999999991));
#6186=CARTESIAN_POINT('',(9.71999999999999,1.25346399999999,0.654999999999991));
#6187=CARTESIAN_POINT('',(9.71999999999999,-1.95528600000001,0.964999999999991));
#6188=CARTESIAN_POINT('',(9.71999999999999,-1.95528600000001,0.564999999999991));
#6189=CARTESIAN_POINT('',(9.71999999999999,-2.15811456857001,0.964999999999991));
#6190=CARTESIAN_POINT('Origin',(9.74499999999999,-1.95528600000001,0.564999999999991));
#6191=CARTESIAN_POINT('Origin',(9.74499999999999,-1.95528600000001,0.654999999999991));
#6192=CARTESIAN_POINT('Origin',(9.74499999999999,-1.95528600000001,0.964999999999991));
#6193=CARTESIAN_POINT('Origin',(9.99999999999999,-1.99778600000001,0.474999999999991));
#6194=CARTESIAN_POINT('Origin',(9.99999999999999,-1.99778600000001,0.654999999999991));
#6195=CARTESIAN_POINT('Origin',(9.99999999999999,-3.21528600000001,0.174999999999991));
#6196=CARTESIAN_POINT('Origin',(9.99999999999999,-3.21528600000001,0.174999999999991));
#6197=CARTESIAN_POINT('Origin',(9.99999999999999,-3.21528600000001,0.16499999999999));
#6198=CARTESIAN_POINT('Origin',(9.99999999999999,-3.21528600000001,0.564999999999991));
#6199=CARTESIAN_POINT('Origin',(9.99999999999999,-3.21528600000001,0.954999999999991));
#6200=CARTESIAN_POINT('',(9.99999999999999,-3.61528600000001,0.564999999999991));
#6201=CARTESIAN_POINT('',(10.4,-3.21528600000001,0.564999999999991));
#6202=CARTESIAN_POINT('Origin',(9.99999999999999,-3.21528600000001,0.954999999999991));
#6203=CARTESIAN_POINT('Origin',(9.99999999999999,-3.21528600000001,0.964999999999991));
#6204=CARTESIAN_POINT('Origin',(7.59999999999999,-2.41528600000001,0.16499999999999));
#6205=CARTESIAN_POINT('',(9.59999999999999,-2.77028600000001,0.16499999999999));
#6206=CARTESIAN_POINT('',(9.59999999999999,-0.815286000000006,0.16499999999999));
#6207=CARTESIAN_POINT('',(9.,-1.11528667399265,0.16499999999999));
#6208=CARTESIAN_POINT('Origin',(9.59999999999999,-2.41528600000001,0.564999999999991));
#6209=CARTESIAN_POINT('',(9.59999999999999,0.784713999999993,0.954999999999991));
#6210=CARTESIAN_POINT('Origin',(9.60999999999999,-2.41528600000001,0.954999999999991));
#6211=CARTESIAN_POINT('',(9.61,-2.82528600000001,0.964999999999991));
#6212=CARTESIAN_POINT('Origin',(9.61,-2.82528600000001,0.954999999999991));
#6213=CARTESIAN_POINT('',(9.60999999999999,-0.815286000000006,0.964999999999991));
#6214=CARTESIAN_POINT('Origin',(7.59999999999999,-2.41528600000001,0.964999999999991));
#6215=CARTESIAN_POINT('',(10.28,-1.07245743142901,0.964999999999991));
#6216=CARTESIAN_POINT('',(9.71999999999999,-1.07245743142901,0.964999999999991));
#6217=CARTESIAN_POINT('',(8.59999999999999,-2.82528600000001,0.964999999999991));
#6218=CARTESIAN_POINT('Origin',(9.72,2.90471399999999,0.564999999999991));
#6219=CARTESIAN_POINT('Origin',(9.71999999999999,-0.815286000000006,0.564999999999991));
#6220=CARTESIAN_POINT('Origin',(9.99999999999999,-0.815286000000006,0.564999999999991));
#6221=CARTESIAN_POINT('Origin',(10.28,-0.815286000000006,0.564999999999991));
#6222=CARTESIAN_POINT('Origin',(10.28,-0.815286000000006,0.564999999999991));
#6223=CARTESIAN_POINT('Origin',(10.2,-2.82528600000001,0.954999999999991));
#6224=CARTESIAN_POINT('Origin',(10.4,-1.11528667399264,3.73999999999999));
#6225=CARTESIAN_POINT('',(0.,-1.11528667399264,0.174999999999991));
#6226=CARTESIAN_POINT('Origin',(0.,-1.11528667399265,0.799999999999991));
#6227=CARTESIAN_POINT('',(0.,-1.11528667399264,0.174999999999991));
#6228=CARTESIAN_POINT('Origin',(0.,0.181104500987606,1.59948261599733));
#6229=CARTESIAN_POINT('',(-0.615,0.181104500987607,1.59948261599733));
#6230=CARTESIAN_POINT('',(9.815,0.181104500987607,1.59948261599733));
#6231=CARTESIAN_POINT('',(0.,0.181104500987607,1.59948261599733));
#6232=CARTESIAN_POINT('',(-0.615,0.181104500987608,0.786761626084541));
#6233=CARTESIAN_POINT('',(-0.615,0.181104500987607,1.4559769782857));
#6234=CARTESIAN_POINT('',(9.815,0.181104500987608,0.786761626084541));
#6235=CARTESIAN_POINT('',(0.,0.181104500987608,0.786761626084541));
#6236=CARTESIAN_POINT('',(9.815,0.181104500987607,1.4559769782857));
#6237=CARTESIAN_POINT('Origin',(0.,0.181104500987608,0.786761626084541));
#6238=CARTESIAN_POINT('',(-0.615,-0.489999989047647,0.789999982342124));
#6239=CARTESIAN_POINT('',(-0.615,0.23848322245884,0.786484750062271));
#6240=CARTESIAN_POINT('',(9.815,-0.489999989047647,0.789999982342124));
#6241=CARTESIAN_POINT('',(0.,-0.489999989047647,0.789999982342124));
#6242=CARTESIAN_POINT('',(9.815,0.23848322245884,0.786484750062271));
#6243=CARTESIAN_POINT('Origin',(0.,-0.489999989047647,0.789999982342124));
#6244=CARTESIAN_POINT('',(-0.615,-0.499999988824129,0.789999982342124));
#6245=CARTESIAN_POINT('',(-0.615,-0.095799303300987,0.789999982342124));
#6246=CARTESIAN_POINT('',(9.815,-0.499999988824129,0.789999982342124));
#6247=CARTESIAN_POINT('',(0.,-0.499999988824129,0.789999982342124));
#6248=CARTESIAN_POINT('',(9.815,-0.095799303300987,0.789999982342124));
#6249=CARTESIAN_POINT('Origin',(0.,-1.11528667399264,0.174999999999991));
#6250=CARTESIAN_POINT('',(-1.2,-3.61528667399264,0.174999999999991));
#6251=CARTESIAN_POINT('',(10.4,-1.11528667399264,0.174999999999991));
#6252=CARTESIAN_POINT('Origin',(0.,3.40000005066395,2.08436363473735));
#6253=CARTESIAN_POINT('',(10.4,3.02949514096222,2.08436363473735));
#6254=CARTESIAN_POINT('',(0.,3.02949514096222,2.08436363473735));
#6255=CARTESIAN_POINT('',(10.4,3.40000005066395,2.08436363473735));
#6256=CARTESIAN_POINT('Origin',(0.,3.02949514096222,2.08436363473735));
#6257=CARTESIAN_POINT('',(10.4,3.02949514096222,1.83818105506362));
#6258=CARTESIAN_POINT('',(0.,3.02949514096222,1.83818105506362));
#6259=CARTESIAN_POINT('',(10.4,3.02949514096222,1.83818105506362));
#6260=CARTESIAN_POINT('Origin',(0.,3.02949514096222,1.83818105506362));
#6261=CARTESIAN_POINT('',(-0.615,1.09741384162386,1.83818105506361));
#6262=CARTESIAN_POINT('',(0.,1.09741384162386,1.83818105506361));
#6263=CARTESIAN_POINT('',(9.815,1.09741384162386,1.83818105506361));
#6264=CARTESIAN_POINT('',(0.,1.09741384162386,1.83818105506361));
#6265=CARTESIAN_POINT('',(10.4,1.09741384162386,1.83818105506361));
#6266=CARTESIAN_POINT('',(0.,1.09741384162386,1.83818105506361));
#6267=CARTESIAN_POINT('',(10.4,2.9866,1.83818105506362));
#6268=CARTESIAN_POINT('Origin',(0.,1.09741384162386,1.83818105506361));
#6269=CARTESIAN_POINT('',(-0.615,0.659173056401004,1.7240193994646));
#6270=CARTESIAN_POINT('',(9.815,0.659173056401004,1.7240193994646));
#6271=CARTESIAN_POINT('Origin',(0.,-0.505286657601395,9.85));
#6272=CARTESIAN_POINT('',(10.4,-0.555286666113711,9.85));
#6273=CARTESIAN_POINT('',(-0.6,-0.555286666113712,9.85));
#6274=CARTESIAN_POINT('',(10.4,-0.505286657601395,9.85));
#6275=CARTESIAN_POINT('Origin',(-1.2,1.09741384162386,1.83818105506361));
#6276=CARTESIAN_POINT('',(-0.615,-0.550611068220196,1.83721940364882));
#6277=CARTESIAN_POINT('',(-0.615,0.697754367700441,1.83794784675697));
#6278=CARTESIAN_POINT('',(-0.6,-0.550611068220196,1.83721940364882));
#6279=CARTESIAN_POINT('Origin',(-1.2,-3.61528667399264,0.174999999999991));
#6280=CARTESIAN_POINT('Origin',(10.4,-0.500611076732512,1.83724857952005));
#6281=CARTESIAN_POINT('',(9.815,-0.550611068220196,1.83721940364882));
#6282=CARTESIAN_POINT('',(9.815,-0.101258091477743,1.83748160898518));
#6283=CARTESIAN_POINT('',(10.4,-0.550611068220196,1.83721940364882));
#6284=CARTESIAN_POINT('',(5.2,-0.550611068220196,1.83721940364882));
#6285=CARTESIAN_POINT('',(10.4,0.320666087360152,1.83772780913731));
#6286=CARTESIAN_POINT('Origin',(9.815,0.298401382445673,1.31247134057408));
#6287=CARTESIAN_POINT('',(9.815,-0.549999980311814,0.789970806470894));
#6288=CARTESIAN_POINT('',(9.815,-0.499999988824129,0.789999982342124));
#6289=CARTESIAN_POINT('',(9.815,-0.550152279931682,1.05097345612173));
#6290=CARTESIAN_POINT('Origin',(-0.615,0.298401382445673,1.31247134057408));
#6291=CARTESIAN_POINT('',(-0.615,-0.549999980311814,0.789970806470894));
#6292=CARTESIAN_POINT('',(-0.615,-0.550152279931682,1.05097345612173));
#6293=CARTESIAN_POINT('',(-0.615,-0.499999988824129,0.789999982342124));
#6294=CARTESIAN_POINT('Origin',(0.,-0.549999980311814,0.789970806470894));
#6295=CARTESIAN_POINT('',(0.,-0.549999980311814,0.789970806470894));
#6296=CARTESIAN_POINT('',(10.4,-0.552675035697963,5.37433250319584));
#6297=CARTESIAN_POINT('Origin',(-0.615,-0.499999988824129,0.789999982342124));
#6298=CARTESIAN_POINT('Origin',(10.4,1.14235668833565,1.12968181736867));
#6299=UNCERTAINTY_MEASURE_WITH_UNIT(LENGTH_MEASURE(0.001),#6303,
'DISTANCE_ACCURACY_VALUE',
'Maximum model space distance between geometric entities at asserted c
onnectivities');
#6300=UNCERTAINTY_MEASURE_WITH_UNIT(LENGTH_MEASURE(0.001),#6303,
'DISTANCE_ACCURACY_VALUE',
'Maximum model space distance between geometric entities at asserted c
onnectivities');
#6301=(
GEOMETRIC_REPRESENTATION_CONTEXT(3)
GLOBAL_UNCERTAINTY_ASSIGNED_CONTEXT((#6299))
GLOBAL_UNIT_ASSIGNED_CONTEXT((#6303,#6304,#6305))
REPRESENTATION_CONTEXT('','3D')
);
#6302=(
GEOMETRIC_REPRESENTATION_CONTEXT(3)
GLOBAL_UNCERTAINTY_ASSIGNED_CONTEXT((#6300))
GLOBAL_UNIT_ASSIGNED_CONTEXT((#6303,#6304,#6305))
REPRESENTATION_CONTEXT('','3D')
);
#6303=(
LENGTH_UNIT()
NAMED_UNIT(*)
SI_UNIT(.CENTI.,.METRE.)
);
#6304=(
NAMED_UNIT(*)
PLANE_ANGLE_UNIT()
SI_UNIT($,.RADIAN.)
);
#6305=(
NAMED_UNIT(*)
SI_UNIT($,.STERADIAN.)
SOLID_ANGLE_UNIT()
);
#6306=SHAPE_DEFINITION_REPRESENTATION(#6307,#6308);
#6307=PRODUCT_DEFINITION_SHAPE('',$,#6310);
#6308=SHAPE_REPRESENTATION('',(#3712),#6301);
#6309=PRODUCT_DEFINITION_CONTEXT('part definition',#6314,'design');
#6310=PRODUCT_DEFINITION('Mid_Chassis','Mid_Chassis v5',#6311,#6309);
#6311=PRODUCT_DEFINITION_FORMATION('',$,#6316);
#6312=PRODUCT_RELATED_PRODUCT_CATEGORY('Mid_Chassis v5',
'Mid_Chassis v5',(#6316));
#6313=APPLICATION_PROTOCOL_DEFINITION('international standard',
'automotive_design',2009,#6314);
#6314=APPLICATION_CONTEXT(
'Core Data for Automotive Mechanical Design Process');
#6315=PRODUCT_CONTEXT('part definition',#6314,'mechanical');
#6316=PRODUCT('Mid_Chassis','Mid_Chassis v5',$,(#6315));
#6317=PRESENTATION_STYLE_ASSIGNMENT((#6321));
#6318=PRESENTATION_STYLE_ASSIGNMENT((#6322));
#6319=PRESENTATION_STYLE_ASSIGNMENT((#6323));
#6320=PRESENTATION_STYLE_ASSIGNMENT((#6324));
#6321=SURFACE_STYLE_USAGE(.BOTH.,#6325);
#6322=SURFACE_STYLE_USAGE(.BOTH.,#6326);
#6323=SURFACE_STYLE_USAGE(.BOTH.,#6327);
#6324=SURFACE_STYLE_USAGE(.BOTH.,#6328);
#6325=SURFACE_SIDE_STYLE('',(#6329));
#6326=SURFACE_SIDE_STYLE('',(#6330));
#6327=SURFACE_SIDE_STYLE('',(#6331));
#6328=SURFACE_SIDE_STYLE('',(#6332));
#6329=SURFACE_STYLE_FILL_AREA(#6333);
#6330=SURFACE_STYLE_FILL_AREA(#6334);
#6331=SURFACE_STYLE_FILL_AREA(#6335);
#6332=SURFACE_STYLE_FILL_AREA(#6336);
#6333=FILL_AREA_STYLE('Steel - Satin',(#6337));
#6334=FILL_AREA_STYLE('Opaque(100,100,100)',(#6338));
#6335=FILL_AREA_STYLE('Opaque(39,37,31)',(#6339));
#6336=FILL_AREA_STYLE('Paint - Enamel Glossy (Grey)',(#6340));
#6337=FILL_AREA_STYLE_COLOUR('Steel - Satin',#6341);
#6338=FILL_AREA_STYLE_COLOUR('Opaque(100,100,100)',#6342);
#6339=FILL_AREA_STYLE_COLOUR('Opaque(39,37,31)',#6343);
#6340=FILL_AREA_STYLE_COLOUR('Paint - Enamel Glossy (Grey)',#6344);
#6341=COLOUR_RGB('Steel - Satin',0.627450980392157,0.627450980392157,0.627450980392157);
#6342=COLOUR_RGB('Opaque(100,100,100)',0.392156862745098,0.392156862745098,
0.392156862745098);
#6343=COLOUR_RGB('Opaque(39,37,31)',0.152941176470588,0.145098039215686,
0.12156862745098);
#6344=COLOUR_RGB('Paint - Enamel Glossy (Grey)',0.701960784313725,0.701960784313725,
0.701960784313725);
ENDSEC;
END-ISO-10303-21;
