ISO-10303-21;
HEADER;
/* Generated by software containing ST-Developer
 * from STEP Tools, Inc. (www.steptools.com) 
 */

FILE_DESCRIPTION(
/* description */ (''),
/* implementation_level */ '2;1');

FILE_NAME(
/* name */ 'LegoAngleBeam.step',
/* time_stamp */ '2026-08-28T13:24:40+07:00',
/* author */ (''),
/* organization */ (''),
/* preprocessor_version */ 'ST-DEVELOPER v20.1',
/* originating_system */ 'Autodesk Translation Framework v15.8.0.0',
/* authorisation */ '');

FILE_SCHEMA (('AUTOMOTIVE_DESIGN { 1 0 10303 214 3 1 1 }'));
ENDSEC;

DATA;
#10=MECHANICAL_DESIGN_GEOMETRIC_PRESENTATION_REPRESENTATION('',(#13),#11886);
#11=SHAPE_REPRESENTATION_RELATIONSHIP('SRR','None',#11893,#12);
#12=ADVANCED_BREP_SHAPE_REPRESENTATION('',(#14),#11885);
#13=STYLED_ITEM('',(#11902),#14);
#14=MANIFOLD_SOLID_BREP('MeshBody1',#2486);
#15=B_SPLINE_SURFACE_WITH_KNOTS('',3,3,((#5263,#5264,#5265,#5266),(#5267,
#5268,#5269,#5270),(#5271,#5272,#5273,#5274),(#5275,#5276,#5277,#5278),
(#5279,#5280,#5281,#5282),(#5283,#5284,#5285,#5286),(#5287,#5288,#5289,
#5290),(#5291,#5292,#5293,#5294),(#5295,#5296,#5297,#5298)),
 .UNSPECIFIED.,.F.,.F.,.F.,(4,1,1,1,1,1,4),(4,4),(0.,0.249996778987324,
0.249996795980045,0.499997852658216,0.499997863986696,0.749998926329108,
1.),(0.,1.),.UNSPECIFIED.);
#16=B_SPLINE_SURFACE_WITH_KNOTS('',3,3,((#5299,#5300,#5301,#5302),(#5303,
#5304,#5305,#5306),(#5307,#5308,#5309,#5310),(#5311,#5312,#5313,#5314),
(#5315,#5316,#5317,#5318),(#5319,#5320,#5321,#5322),(#5323,#5324,#5325,
#5326),(#5327,#5328,#5329,#5330),(#5331,#5332,#5333,#5334)),
 .UNSPECIFIED.,.F.,.F.,.F.,(4,1,1,1,1,1,4),(4,4),(0.,0.24999717937283,0.249997196217187,
0.499998119581886,0.499998130811458,0.749999059790943,1.),(0.,1.),
 .UNSPECIFIED.);
#17=B_SPLINE_SURFACE_WITH_KNOTS('',3,3,((#5335,#5336,#5337,#5338),(#5339,
#5340,#5341,#5342),(#5343,#5344,#5345,#5346),(#5347,#5348,#5349,#5350),
(#5351,#5352,#5353,#5354),(#5355,#5356,#5357,#5358),(#5359,#5360,#5361,
#5362),(#5363,#5364,#5365,#5366),(#5367,#5368,#5369,#5370)),
 .UNSPECIFIED.,.F.,.F.,.F.,(4,1,1,1,1,1,4),(4,4),(0.,0.249995682462075,
0.249995683274975,0.499997121641383,0.499997122183317,0.749998560820692,
1.),(0.,1.),.UNSPECIFIED.);
#18=B_SPLINE_SURFACE_WITH_KNOTS('',3,3,((#5371,#5372,#5373,#5374),(#5375,
#5376,#5377,#5378),(#5379,#5380,#5381,#5382),(#5383,#5384,#5385,#5386),
(#5387,#5388,#5389,#5390),(#5391,#5392,#5393,#5394),(#5395,#5396,#5397,
#5398),(#5399,#5400,#5401,#5402),(#5403,#5404,#5405,#5406)),
 .UNSPECIFIED.,.F.,.F.,.F.,(4,1,1,1,1,1,4),(4,4),(0.,0.249995848111999,
0.249995848922612,0.499997232074666,0.499997232615075,0.749998616037333,
1.),(0.,1.),.UNSPECIFIED.);
#19=B_SPLINE_SURFACE_WITH_KNOTS('',5,5,((#5407,#5408,#5409,#5410,#5411,
#5412,#5413,#5414,#5415,#5416,#5417,#5418,#5419,#5420,#5421,#5422,#5423,
#5424,#5425,#5426,#5427,#5428,#5429,#5430,#5431,#5432,#5433,#5434,#5435,
#5436,#5437,#5438,#5439),(#5440,#5441,#5442,#5443,#5444,#5445,#5446,#5447,
#5448,#5449,#5450,#5451,#5452,#5453,#5454,#5455,#5456,#5457,#5458,#5459,
#5460,#5461,#5462,#5463,#5464,#5465,#5466,#5467,#5468,#5469,#5470,#5471,
#5472),(#5473,#5474,#5475,#5476,#5477,#5478,#5479,#5480,#5481,#5482,#5483,
#5484,#5485,#5486,#5487,#5488,#5489,#5490,#5491,#5492,#5493,#5494,#5495,
#5496,#5497,#5498,#5499,#5500,#5501,#5502,#5503,#5504,#5505),(#5506,#5507,
#5508,#5509,#5510,#5511,#5512,#5513,#5514,#5515,#5516,#5517,#5518,#5519,
#5520,#5521,#5522,#5523,#5524,#5525,#5526,#5527,#5528,#5529,#5530,#5531,
#5532,#5533,#5534,#5535,#5536,#5537,#5538),(#5539,#5540,#5541,#5542,#5543,
#5544,#5545,#5546,#5547,#5548,#5549,#5550,#5551,#5552,#5553,#5554,#5555,
#5556,#5557,#5558,#5559,#5560,#5561,#5562,#5563,#5564,#5565,#5566,#5567,
#5568,#5569,#5570,#5571),(#5572,#5573,#5574,#5575,#5576,#5577,#5578,#5579,
#5580,#5581,#5582,#5583,#5584,#5585,#5586,#5587,#5588,#5589,#5590,#5591,
#5592,#5593,#5594,#5595,#5596,#5597,#5598,#5599,#5600,#5601,#5602,#5603,
#5604),(#5605,#5606,#5607,#5608,#5609,#5610,#5611,#5612,#5613,#5614,#5615,
#5616,#5617,#5618,#5619,#5620,#5621,#5622,#5623,#5624,#5625,#5626,#5627,
#5628,#5629,#5630,#5631,#5632,#5633,#5634,#5635,#5636,#5637),(#5638,#5639,
#5640,#5641,#5642,#5643,#5644,#5645,#5646,#5647,#5648,#5649,#5650,#5651,
#5652,#5653,#5654,#5655,#5656,#5657,#5658,#5659,#5660,#5661,#5662,#5663,
#5664,#5665,#5666,#5667,#5668,#5669,#5670),(#5671,#5672,#5673,#5674,#5675,
#5676,#5677,#5678,#5679,#5680,#5681,#5682,#5683,#5684,#5685,#5686,#5687,
#5688,#5689,#5690,#5691,#5692,#5693,#5694,#5695,#5696,#5697,#5698,#5699,
#5700,#5701,#5702,#5703),(#5704,#5705,#5706,#5707,#5708,#5709,#5710,#5711,
#5712,#5713,#5714,#5715,#5716,#5717,#5718,#5719,#5720,#5721,#5722,#5723,
#5724,#5725,#5726,#5727,#5728,#5729,#5730,#5731,#5732,#5733,#5734,#5735,
#5736),(#5737,#5738,#5739,#5740,#5741,#5742,#5743,#5744,#5745,#5746,#5747,
#5748,#5749,#5750,#5751,#5752,#5753,#5754,#5755,#5756,#5757,#5758,#5759,
#5760,#5761,#5762,#5763,#5764,#5765,#5766,#5767,#5768,#5769),(#5770,#5771,
#5772,#5773,#5774,#5775,#5776,#5777,#5778,#5779,#5780,#5781,#5782,#5783,
#5784,#5785,#5786,#5787,#5788,#5789,#5790,#5791,#5792,#5793,#5794,#5795,
#5796,#5797,#5798,#5799,#5800,#5801,#5802),(#5803,#5804,#5805,#5806,#5807,
#5808,#5809,#5810,#5811,#5812,#5813,#5814,#5815,#5816,#5817,#5818,#5819,
#5820,#5821,#5822,#5823,#5824,#5825,#5826,#5827,#5828,#5829,#5830,#5831,
#5832,#5833,#5834,#5835),(#5836,#5837,#5838,#5839,#5840,#5841,#5842,#5843,
#5844,#5845,#5846,#5847,#5848,#5849,#5850,#5851,#5852,#5853,#5854,#5855,
#5856,#5857,#5858,#5859,#5860,#5861,#5862,#5863,#5864,#5865,#5866,#5867,
#5868),(#5869,#5870,#5871,#5872,#5873,#5874,#5875,#5876,#5877,#5878,#5879,
#5880,#5881,#5882,#5883,#5884,#5885,#5886,#5887,#5888,#5889,#5890,#5891,
#5892,#5893,#5894,#5895,#5896,#5897,#5898,#5899,#5900,#5901),(#5902,#5903,
#5904,#5905,#5906,#5907,#5908,#5909,#5910,#5911,#5912,#5913,#5914,#5915,
#5916,#5917,#5918,#5919,#5920,#5921,#5922,#5923,#5924,#5925,#5926,#5927,
#5928,#5929,#5930,#5931,#5932,#5933,#5934),(#5935,#5936,#5937,#5938,#5939,
#5940,#5941,#5942,#5943,#5944,#5945,#5946,#5947,#5948,#5949,#5950,#5951,
#5952,#5953,#5954,#5955,#5956,#5957,#5958,#5959,#5960,#5961,#5962,#5963,
#5964,#5965,#5966,#5967),(#5968,#5969,#5970,#5971,#5972,#5973,#5974,#5975,
#5976,#5977,#5978,#5979,#5980,#5981,#5982,#5983,#5984,#5985,#5986,#5987,
#5988,#5989,#5990,#5991,#5992,#5993,#5994,#5995,#5996,#5997,#5998,#5999,
#6000),(#6001,#6002,#6003,#6004,#6005,#6006,#6007,#6008,#6009,#6010,#6011,
#6012,#6013,#6014,#6015,#6016,#6017,#6018,#6019,#6020,#6021,#6022,#6023,
#6024,#6025,#6026,#6027,#6028,#6029,#6030,#6031,#6032,#6033),(#6034,#6035,
#6036,#6037,#6038,#6039,#6040,#6041,#6042,#6043,#6044,#6045,#6046,#6047,
#6048,#6049,#6050,#6051,#6052,#6053,#6054,#6055,#6056,#6057,#6058,#6059,
#6060,#6061,#6062,#6063,#6064,#6065,#6066),(#6067,#6068,#6069,#6070,#6071,
#6072,#6073,#6074,#6075,#6076,#6077,#6078,#6079,#6080,#6081,#6082,#6083,
#6084,#6085,#6086,#6087,#6088,#6089,#6090,#6091,#6092,#6093,#6094,#6095,
#6096,#6097,#6098,#6099),(#6100,#6101,#6102,#6103,#6104,#6105,#6106,#6107,
#6108,#6109,#6110,#6111,#6112,#6113,#6114,#6115,#6116,#6117,#6118,#6119,
#6120,#6121,#6122,#6123,#6124,#6125,#6126,#6127,#6128,#6129,#6130,#6131,
#6132),(#6133,#6134,#6135,#6136,#6137,#6138,#6139,#6140,#6141,#6142,#6143,
#6144,#6145,#6146,#6147,#6148,#6149,#6150,#6151,#6152,#6153,#6154,#6155,
#6156,#6157,#6158,#6159,#6160,#6161,#6162,#6163,#6164,#6165),(#6166,#6167,
#6168,#6169,#6170,#6171,#6172,#6173,#6174,#6175,#6176,#6177,#6178,#6179,
#6180,#6181,#6182,#6183,#6184,#6185,#6186,#6187,#6188,#6189,#6190,#6191,
#6192,#6193,#6194,#6195,#6196,#6197,#6198),(#6199,#6200,#6201,#6202,#6203,
#6204,#6205,#6206,#6207,#6208,#6209,#6210,#6211,#6212,#6213,#6214,#6215,
#6216,#6217,#6218,#6219,#6220,#6221,#6222,#6223,#6224,#6225,#6226,#6227,
#6228,#6229,#6230,#6231),(#6232,#6233,#6234,#6235,#6236,#6237,#6238,#6239,
#6240,#6241,#6242,#6243,#6244,#6245,#6246,#6247,#6248,#6249,#6250,#6251,
#6252,#6253,#6254,#6255,#6256,#6257,#6258,#6259,#6260,#6261,#6262,#6263,
#6264),(#6265,#6266,#6267,#6268,#6269,#6270,#6271,#6272,#6273,#6274,#6275,
#6276,#6277,#6278,#6279,#6280,#6281,#6282,#6283,#6284,#6285,#6286,#6287,
#6288,#6289,#6290,#6291,#6292,#6293,#6294,#6295,#6296,#6297),(#6298,#6299,
#6300,#6301,#6302,#6303,#6304,#6305,#6306,#6307,#6308,#6309,#6310,#6311,
#6312,#6313,#6314,#6315,#6316,#6317,#6318,#6319,#6320,#6321,#6322,#6323,
#6324,#6325,#6326,#6327,#6328,#6329,#6330),(#6331,#6332,#6333,#6334,#6335,
#6336,#6337,#6338,#6339,#6340,#6341,#6342,#6343,#6344,#6345,#6346,#6347,
#6348,#6349,#6350,#6351,#6352,#6353,#6354,#6355,#6356,#6357,#6358,#6359,
#6360,#6361,#6362,#6363),(#6364,#6365,#6366,#6367,#6368,#6369,#6370,#6371,
#6372,#6373,#6374,#6375,#6376,#6377,#6378,#6379,#6380,#6381,#6382,#6383,
#6384,#6385,#6386,#6387,#6388,#6389,#6390,#6391,#6392,#6393,#6394,#6395,
#6396),(#6397,#6398,#6399,#6400,#6401,#6402,#6403,#6404,#6405,#6406,#6407,
#6408,#6409,#6410,#6411,#6412,#6413,#6414,#6415,#6416,#6417,#6418,#6419,
#6420,#6421,#6422,#6423,#6424,#6425,#6426,#6427,#6428,#6429),(#6430,#6431,
#6432,#6433,#6434,#6435,#6436,#6437,#6438,#6439,#6440,#6441,#6442,#6443,
#6444,#6445,#6446,#6447,#6448,#6449,#6450,#6451,#6452,#6453,#6454,#6455,
#6456,#6457,#6458,#6459,#6460,#6461,#6462),(#6463,#6464,#6465,#6466,#6467,
#6468,#6469,#6470,#6471,#6472,#6473,#6474,#6475,#6476,#6477,#6478,#6479,
#6480,#6481,#6482,#6483,#6484,#6485,#6486,#6487,#6488,#6489,#6490,#6491,
#6492,#6493,#6494,#6495),(#6496,#6497,#6498,#6499,#6500,#6501,#6502,#6503,
#6504,#6505,#6506,#6507,#6508,#6509,#6510,#6511,#6512,#6513,#6514,#6515,
#6516,#6517,#6518,#6519,#6520,#6521,#6522,#6523,#6524,#6525,#6526,#6527,
#6528),(#6529,#6530,#6531,#6532,#6533,#6534,#6535,#6536,#6537,#6538,#6539,
#6540,#6541,#6542,#6543,#6544,#6545,#6546,#6547,#6548,#6549,#6550,#6551,
#6552,#6553,#6554,#6555,#6556,#6557,#6558,#6559,#6560,#6561),(#6562,#6563,
#6564,#6565,#6566,#6567,#6568,#6569,#6570,#6571,#6572,#6573,#6574,#6575,
#6576,#6577,#6578,#6579,#6580,#6581,#6582,#6583,#6584,#6585,#6586,#6587,
#6588,#6589,#6590,#6591,#6592,#6593,#6594),(#6595,#6596,#6597,#6598,#6599,
#6600,#6601,#6602,#6603,#6604,#6605,#6606,#6607,#6608,#6609,#6610,#6611,
#6612,#6613,#6614,#6615,#6616,#6617,#6618,#6619,#6620,#6621,#6622,#6623,
#6624,#6625,#6626,#6627),(#6628,#6629,#6630,#6631,#6632,#6633,#6634,#6635,
#6636,#6637,#6638,#6639,#6640,#6641,#6642,#6643,#6644,#6645,#6646,#6647,
#6648,#6649,#6650,#6651,#6652,#6653,#6654,#6655,#6656,#6657,#6658,#6659,
#6660),(#6661,#6662,#6663,#6664,#6665,#6666,#6667,#6668,#6669,#6670,#6671,
#6672,#6673,#6674,#6675,#6676,#6677,#6678,#6679,#6680,#6681,#6682,#6683,
#6684,#6685,#6686,#6687,#6688,#6689,#6690,#6691,#6692,#6693),(#6694,#6695,
#6696,#6697,#6698,#6699,#6700,#6701,#6702,#6703,#6704,#6705,#6706,#6707,
#6708,#6709,#6710,#6711,#6712,#6713,#6714,#6715,#6716,#6717,#6718,#6719,
#6720,#6721,#6722,#6723,#6724,#6725,#6726),(#6727,#6728,#6729,#6730,#6731,
#6732,#6733,#6734,#6735,#6736,#6737,#6738,#6739,#6740,#6741,#6742,#6743,
#6744,#6745,#6746,#6747,#6748,#6749,#6750,#6751,#6752,#6753,#6754,#6755,
#6756,#6757,#6758,#6759),(#6760,#6761,#6762,#6763,#6764,#6765,#6766,#6767,
#6768,#6769,#6770,#6771,#6772,#6773,#6774,#6775,#6776,#6777,#6778,#6779,
#6780,#6781,#6782,#6783,#6784,#6785,#6786,#6787,#6788,#6789,#6790,#6791,
#6792),(#6793,#6794,#6795,#6796,#6797,#6798,#6799,#6800,#6801,#6802,#6803,
#6804,#6805,#6806,#6807,#6808,#6809,#6810,#6811,#6812,#6813,#6814,#6815,
#6816,#6817,#6818,#6819,#6820,#6821,#6822,#6823,#6824,#6825),(#6826,#6827,
#6828,#6829,#6830,#6831,#6832,#6833,#6834,#6835,#6836,#6837,#6838,#6839,
#6840,#6841,#6842,#6843,#6844,#6845,#6846,#6847,#6848,#6849,#6850,#6851,
#6852,#6853,#6854,#6855,#6856,#6857,#6858),(#6859,#6860,#6861,#6862,#6863,
#6864,#6865,#6866,#6867,#6868,#6869,#6870,#6871,#6872,#6873,#6874,#6875,
#6876,#6877,#6878,#6879,#6880,#6881,#6882,#6883,#6884,#6885,#6886,#6887,
#6888,#6889,#6890,#6891)),.UNSPECIFIED.,.F.,.F.,.F.,(6,3,3,3,3,3,3,3,3,
3,3,3,3,3,6),(6,3,3,3,3,3,3,3,3,3,6),(-0.00400897240454242,0.058991590604906,
0.121992153614354,0.184992716623803,0.247993279633251,0.3109938426427,0.373994405652148,
0.499995531671045,0.625996657689941,0.68899722069939,0.751997783708838,
0.814998346718286,0.877998909727735,0.940999472737183,1.00400003574663),
(-0.781167183773153,-0.732149721046351,-0.68313225831955,-0.585097332865947,
-0.487062407412344,-0.389027481958742,-0.290992556505139,-0.192957631051536,
-0.0949227055979329,-0.0459052428711315,0.00311221985566993),
 .UNSPECIFIED.);
#20=B_SPLINE_SURFACE_WITH_KNOTS('',3,3,((#6892,#6893,#6894,#6895),(#6896,
#6897,#6898,#6899),(#6900,#6901,#6902,#6903),(#6904,#6905,#6906,#6907),
(#6908,#6909,#6910,#6911),(#6912,#6913,#6914,#6915),(#6916,#6917,#6918,
#6919),(#6920,#6921,#6922,#6923),(#6924,#6925,#6926,#6927)),
 .UNSPECIFIED.,.F.,.F.,.F.,(4,1,1,1,1,1,4),(4,4),(0.,0.249999805754504,
0.249999838279339,0.499999870503003,0.499999892186226,0.749999935251501,
1.),(0.,1.),.UNSPECIFIED.);
#21=B_SPLINE_SURFACE_WITH_KNOTS('',3,3,((#6928,#6929,#6930,#6931),(#6932,
#6933,#6934,#6935),(#6936,#6937,#6938,#6939),(#6940,#6941,#6942,#6943),
(#6944,#6945,#6946,#6947),(#6948,#6949,#6950,#6951),(#6952,#6953,#6954,
#6955),(#6956,#6957,#6958,#6959),(#6960,#6961,#6962,#6963)),
 .UNSPECIFIED.,.F.,.F.,.F.,(4,1,1,1,1,1,4),(4,4),(0.,0.249996991677847,
0.249996992444694,0.499997994451898,0.499997994963129,0.749998997225949,
1.),(0.,1.),.UNSPECIFIED.);
#22=B_SPLINE_SURFACE_WITH_KNOTS('',3,3,((#6964,#6965,#6966,#6967),(#6968,
#6969,#6970,#6971),(#6972,#6973,#6974,#6975),(#6976,#6977,#6978,#6979),
(#6980,#6981,#6982,#6983),(#6984,#6985,#6986,#6987),(#6988,#6989,#6990,
#6991),(#6992,#6993,#6994,#6995),(#6996,#6997,#6998,#6999)),
 .UNSPECIFIED.,.F.,.F.,.F.,(4,1,1,1,1,1,4),(4,4),(0.,0.249996991677847,
0.249996992444694,0.499997994451898,0.499997994963129,0.749998997225949,
1.),(0.,1.),.UNSPECIFIED.);
#23=B_SPLINE_SURFACE_WITH_KNOTS('',3,3,((#7000,#7001,#7002,#7003),(#7004,
#7005,#7006,#7007),(#7008,#7009,#7010,#7011),(#7012,#7013,#7014,#7015),
(#7016,#7017,#7018,#7019),(#7020,#7021,#7022,#7023),(#7024,#7025,#7026,
#7027),(#7028,#7029,#7030,#7031),(#7032,#7033,#7034,#7035)),
 .UNSPECIFIED.,.F.,.F.,.F.,(4,1,1,1,1,1,4),(4,4),(0.,0.249995990146102,
0.249995990892528,0.499997326764068,0.499997327261685,0.749998663382034,
1.),(0.,1.),.UNSPECIFIED.);
#24=B_SPLINE_SURFACE_WITH_KNOTS('',3,3,((#7036,#7037,#7038,#7039),(#7040,
#7041,#7042,#7043),(#7044,#7045,#7046,#7047),(#7048,#7049,#7050,#7051),
(#7052,#7053,#7054,#7055),(#7056,#7057,#7058,#7059),(#7060,#7061,#7062,
#7063),(#7064,#7065,#7066,#7067),(#7068,#7069,#7070,#7071)),
 .UNSPECIFIED.,.F.,.F.,.F.,(4,1,1,1,1,1,4),(4,4),(0.,0.249995990146102,
0.249995990892528,0.499997326764068,0.499997327261685,0.749998663382034,
1.),(0.,1.),.UNSPECIFIED.);
#25=B_SPLINE_SURFACE_WITH_KNOTS('',3,3,((#7072,#7073,#7074,#7075),(#7076,
#7077,#7078,#7079),(#7080,#7081,#7082,#7083),(#7084,#7085,#7086,#7087),
(#7088,#7089,#7090,#7091),(#7092,#7093,#7094,#7095),(#7096,#7097,#7098,
#7099),(#7100,#7101,#7102,#7103)),.UNSPECIFIED.,.F.,.F.,.F.,(4,1,1,1,1,
4),(4,4),(0.,0.250000424166217,0.500000859426674,0.75000127249865,0.750001289140012,
1.),(0.,1.),.UNSPECIFIED.);
#26=B_SPLINE_SURFACE_WITH_KNOTS('',3,3,((#7104,#7105,#7106,#7107),(#7108,
#7109,#7110,#7111),(#7112,#7113,#7114,#7115),(#7116,#7117,#7118,#7119),
(#7120,#7121,#7122,#7123),(#7124,#7125,#7126,#7127),(#7128,#7129,#7130,
#7131),(#7132,#7133,#7134,#7135)),.UNSPECIFIED.,.F.,.F.,.F.,(4,1,1,1,1,
4),(4,4),(0.,0.250000424166216,0.500000859426675,0.750001272498649,0.750001289140012,
1.),(0.,1.),.UNSPECIFIED.);
#27=B_SPLINE_SURFACE_WITH_KNOTS('',3,3,((#7136,#7137,#7138,#7139),(#7140,
#7141,#7142,#7143),(#7144,#7145,#7146,#7147),(#7148,#7149,#7150,#7151),
(#7152,#7153,#7154,#7155),(#7156,#7157,#7158,#7159),(#7160,#7161,#7162,
#7163),(#7164,#7165,#7166,#7167)),.UNSPECIFIED.,.F.,.F.,.F.,(4,1,1,1,1,
4),(4,4),(0.,0.250000830828289,0.500001662193544,0.750002492484868,0.750002493290316,
1.),(0.,1.),.UNSPECIFIED.);
#28=B_SPLINE_SURFACE_WITH_KNOTS('',3,3,((#7168,#7169,#7170,#7171),(#7172,
#7173,#7174,#7175),(#7176,#7177,#7178,#7179),(#7180,#7181,#7182,#7183),
(#7184,#7185,#7186,#7187),(#7188,#7189,#7190,#7191),(#7192,#7193,#7194,
#7195),(#7196,#7197,#7198,#7199)),.UNSPECIFIED.,.F.,.F.,.F.,(4,1,1,1,1,
4),(4,4),(0.,0.250000830828289,0.500001662193544,0.750002492484867,0.750002493290316,
1.),(0.,1.),.UNSPECIFIED.);
#29=B_SPLINE_SURFACE_WITH_KNOTS('',5,5,((#7200,#7201,#7202,#7203,#7204,
#7205,#7206,#7207,#7208,#7209,#7210,#7211,#7212,#7213,#7214,#7215,#7216,
#7217,#7218,#7219,#7220,#7221,#7222,#7223,#7224,#7225,#7226,#7227,#7228,
#7229,#7230,#7231,#7232),(#7233,#7234,#7235,#7236,#7237,#7238,#7239,#7240,
#7241,#7242,#7243,#7244,#7245,#7246,#7247,#7248,#7249,#7250,#7251,#7252,
#7253,#7254,#7255,#7256,#7257,#7258,#7259,#7260,#7261,#7262,#7263,#7264,
#7265),(#7266,#7267,#7268,#7269,#7270,#7271,#7272,#7273,#7274,#7275,#7276,
#7277,#7278,#7279,#7280,#7281,#7282,#7283,#7284,#7285,#7286,#7287,#7288,
#7289,#7290,#7291,#7292,#7293,#7294,#7295,#7296,#7297,#7298),(#7299,#7300,
#7301,#7302,#7303,#7304,#7305,#7306,#7307,#7308,#7309,#7310,#7311,#7312,
#7313,#7314,#7315,#7316,#7317,#7318,#7319,#7320,#7321,#7322,#7323,#7324,
#7325,#7326,#7327,#7328,#7329,#7330,#7331),(#7332,#7333,#7334,#7335,#7336,
#7337,#7338,#7339,#7340,#7341,#7342,#7343,#7344,#7345,#7346,#7347,#7348,
#7349,#7350,#7351,#7352,#7353,#7354,#7355,#7356,#7357,#7358,#7359,#7360,
#7361,#7362,#7363,#7364),(#7365,#7366,#7367,#7368,#7369,#7370,#7371,#7372,
#7373,#7374,#7375,#7376,#7377,#7378,#7379,#7380,#7381,#7382,#7383,#7384,
#7385,#7386,#7387,#7388,#7389,#7390,#7391,#7392,#7393,#7394,#7395,#7396,
#7397),(#7398,#7399,#7400,#7401,#7402,#7403,#7404,#7405,#7406,#7407,#7408,
#7409,#7410,#7411,#7412,#7413,#7414,#7415,#7416,#7417,#7418,#7419,#7420,
#7421,#7422,#7423,#7424,#7425,#7426,#7427,#7428,#7429,#7430),(#7431,#7432,
#7433,#7434,#7435,#7436,#7437,#7438,#7439,#7440,#7441,#7442,#7443,#7444,
#7445,#7446,#7447,#7448,#7449,#7450,#7451,#7452,#7453,#7454,#7455,#7456,
#7457,#7458,#7459,#7460,#7461,#7462,#7463),(#7464,#7465,#7466,#7467,#7468,
#7469,#7470,#7471,#7472,#7473,#7474,#7475,#7476,#7477,#7478,#7479,#7480,
#7481,#7482,#7483,#7484,#7485,#7486,#7487,#7488,#7489,#7490,#7491,#7492,
#7493,#7494,#7495,#7496),(#7497,#7498,#7499,#7500,#7501,#7502,#7503,#7504,
#7505,#7506,#7507,#7508,#7509,#7510,#7511,#7512,#7513,#7514,#7515,#7516,
#7517,#7518,#7519,#7520,#7521,#7522,#7523,#7524,#7525,#7526,#7527,#7528,
#7529),(#7530,#7531,#7532,#7533,#7534,#7535,#7536,#7537,#7538,#7539,#7540,
#7541,#7542,#7543,#7544,#7545,#7546,#7547,#7548,#7549,#7550,#7551,#7552,
#7553,#7554,#7555,#7556,#7557,#7558,#7559,#7560,#7561,#7562),(#7563,#7564,
#7565,#7566,#7567,#7568,#7569,#7570,#7571,#7572,#7573,#7574,#7575,#7576,
#7577,#7578,#7579,#7580,#7581,#7582,#7583,#7584,#7585,#7586,#7587,#7588,
#7589,#7590,#7591,#7592,#7593,#7594,#7595),(#7596,#7597,#7598,#7599,#7600,
#7601,#7602,#7603,#7604,#7605,#7606,#7607,#7608,#7609,#7610,#7611,#7612,
#7613,#7614,#7615,#7616,#7617,#7618,#7619,#7620,#7621,#7622,#7623,#7624,
#7625,#7626,#7627,#7628),(#7629,#7630,#7631,#7632,#7633,#7634,#7635,#7636,
#7637,#7638,#7639,#7640,#7641,#7642,#7643,#7644,#7645,#7646,#7647,#7648,
#7649,#7650,#7651,#7652,#7653,#7654,#7655,#7656,#7657,#7658,#7659,#7660,
#7661),(#7662,#7663,#7664,#7665,#7666,#7667,#7668,#7669,#7670,#7671,#7672,
#7673,#7674,#7675,#7676,#7677,#7678,#7679,#7680,#7681,#7682,#7683,#7684,
#7685,#7686,#7687,#7688,#7689,#7690,#7691,#7692,#7693,#7694),(#7695,#7696,
#7697,#7698,#7699,#7700,#7701,#7702,#7703,#7704,#7705,#7706,#7707,#7708,
#7709,#7710,#7711,#7712,#7713,#7714,#7715,#7716,#7717,#7718,#7719,#7720,
#7721,#7722,#7723,#7724,#7725,#7726,#7727),(#7728,#7729,#7730,#7731,#7732,
#7733,#7734,#7735,#7736,#7737,#7738,#7739,#7740,#7741,#7742,#7743,#7744,
#7745,#7746,#7747,#7748,#7749,#7750,#7751,#7752,#7753,#7754,#7755,#7756,
#7757,#7758,#7759,#7760),(#7761,#7762,#7763,#7764,#7765,#7766,#7767,#7768,
#7769,#7770,#7771,#7772,#7773,#7774,#7775,#7776,#7777,#7778,#7779,#7780,
#7781,#7782,#7783,#7784,#7785,#7786,#7787,#7788,#7789,#7790,#7791,#7792,
#7793),(#7794,#7795,#7796,#7797,#7798,#7799,#7800,#7801,#7802,#7803,#7804,
#7805,#7806,#7807,#7808,#7809,#7810,#7811,#7812,#7813,#7814,#7815,#7816,
#7817,#7818,#7819,#7820,#7821,#7822,#7823,#7824,#7825,#7826),(#7827,#7828,
#7829,#7830,#7831,#7832,#7833,#7834,#7835,#7836,#7837,#7838,#7839,#7840,
#7841,#7842,#7843,#7844,#7845,#7846,#7847,#7848,#7849,#7850,#7851,#7852,
#7853,#7854,#7855,#7856,#7857,#7858,#7859),(#7860,#7861,#7862,#7863,#7864,
#7865,#7866,#7867,#7868,#7869,#7870,#7871,#7872,#7873,#7874,#7875,#7876,
#7877,#7878,#7879,#7880,#7881,#7882,#7883,#7884,#7885,#7886,#7887,#7888,
#7889,#7890,#7891,#7892),(#7893,#7894,#7895,#7896,#7897,#7898,#7899,#7900,
#7901,#7902,#7903,#7904,#7905,#7906,#7907,#7908,#7909,#7910,#7911,#7912,
#7913,#7914,#7915,#7916,#7917,#7918,#7919,#7920,#7921,#7922,#7923,#7924,
#7925),(#7926,#7927,#7928,#7929,#7930,#7931,#7932,#7933,#7934,#7935,#7936,
#7937,#7938,#7939,#7940,#7941,#7942,#7943,#7944,#7945,#7946,#7947,#7948,
#7949,#7950,#7951,#7952,#7953,#7954,#7955,#7956,#7957,#7958),(#7959,#7960,
#7961,#7962,#7963,#7964,#7965,#7966,#7967,#7968,#7969,#7970,#7971,#7972,
#7973,#7974,#7975,#7976,#7977,#7978,#7979,#7980,#7981,#7982,#7983,#7984,
#7985,#7986,#7987,#7988,#7989,#7990,#7991),(#7992,#7993,#7994,#7995,#7996,
#7997,#7998,#7999,#8000,#8001,#8002,#8003,#8004,#8005,#8006,#8007,#8008,
#8009,#8010,#8011,#8012,#8013,#8014,#8015,#8016,#8017,#8018,#8019,#8020,
#8021,#8022,#8023,#8024),(#8025,#8026,#8027,#8028,#8029,#8030,#8031,#8032,
#8033,#8034,#8035,#8036,#8037,#8038,#8039,#8040,#8041,#8042,#8043,#8044,
#8045,#8046,#8047,#8048,#8049,#8050,#8051,#8052,#8053,#8054,#8055,#8056,
#8057),(#8058,#8059,#8060,#8061,#8062,#8063,#8064,#8065,#8066,#8067,#8068,
#8069,#8070,#8071,#8072,#8073,#8074,#8075,#8076,#8077,#8078,#8079,#8080,
#8081,#8082,#8083,#8084,#8085,#8086,#8087,#8088,#8089,#8090),(#8091,#8092,
#8093,#8094,#8095,#8096,#8097,#8098,#8099,#8100,#8101,#8102,#8103,#8104,
#8105,#8106,#8107,#8108,#8109,#8110,#8111,#8112,#8113,#8114,#8115,#8116,
#8117,#8118,#8119,#8120,#8121,#8122,#8123),(#8124,#8125,#8126,#8127,#8128,
#8129,#8130,#8131,#8132,#8133,#8134,#8135,#8136,#8137,#8138,#8139,#8140,
#8141,#8142,#8143,#8144,#8145,#8146,#8147,#8148,#8149,#8150,#8151,#8152,
#8153,#8154,#8155,#8156),(#8157,#8158,#8159,#8160,#8161,#8162,#8163,#8164,
#8165,#8166,#8167,#8168,#8169,#8170,#8171,#8172,#8173,#8174,#8175,#8176,
#8177,#8178,#8179,#8180,#8181,#8182,#8183,#8184,#8185,#8186,#8187,#8188,
#8189),(#8190,#8191,#8192,#8193,#8194,#8195,#8196,#8197,#8198,#8199,#8200,
#8201,#8202,#8203,#8204,#8205,#8206,#8207,#8208,#8209,#8210,#8211,#8212,
#8213,#8214,#8215,#8216,#8217,#8218,#8219,#8220,#8221,#8222),(#8223,#8224,
#8225,#8226,#8227,#8228,#8229,#8230,#8231,#8232,#8233,#8234,#8235,#8236,
#8237,#8238,#8239,#8240,#8241,#8242,#8243,#8244,#8245,#8246,#8247,#8248,
#8249,#8250,#8251,#8252,#8253,#8254,#8255),(#8256,#8257,#8258,#8259,#8260,
#8261,#8262,#8263,#8264,#8265,#8266,#8267,#8268,#8269,#8270,#8271,#8272,
#8273,#8274,#8275,#8276,#8277,#8278,#8279,#8280,#8281,#8282,#8283,#8284,
#8285,#8286,#8287,#8288),(#8289,#8290,#8291,#8292,#8293,#8294,#8295,#8296,
#8297,#8298,#8299,#8300,#8301,#8302,#8303,#8304,#8305,#8306,#8307,#8308,
#8309,#8310,#8311,#8312,#8313,#8314,#8315,#8316,#8317,#8318,#8319,#8320,
#8321),(#8322,#8323,#8324,#8325,#8326,#8327,#8328,#8329,#8330,#8331,#8332,
#8333,#8334,#8335,#8336,#8337,#8338,#8339,#8340,#8341,#8342,#8343,#8344,
#8345,#8346,#8347,#8348,#8349,#8350,#8351,#8352,#8353,#8354),(#8355,#8356,
#8357,#8358,#8359,#8360,#8361,#8362,#8363,#8364,#8365,#8366,#8367,#8368,
#8369,#8370,#8371,#8372,#8373,#8374,#8375,#8376,#8377,#8378,#8379,#8380,
#8381,#8382,#8383,#8384,#8385,#8386,#8387),(#8388,#8389,#8390,#8391,#8392,
#8393,#8394,#8395,#8396,#8397,#8398,#8399,#8400,#8401,#8402,#8403,#8404,
#8405,#8406,#8407,#8408,#8409,#8410,#8411,#8412,#8413,#8414,#8415,#8416,
#8417,#8418,#8419,#8420),(#8421,#8422,#8423,#8424,#8425,#8426,#8427,#8428,
#8429,#8430,#8431,#8432,#8433,#8434,#8435,#8436,#8437,#8438,#8439,#8440,
#8441,#8442,#8443,#8444,#8445,#8446,#8447,#8448,#8449,#8450,#8451,#8452,
#8453),(#8454,#8455,#8456,#8457,#8458,#8459,#8460,#8461,#8462,#8463,#8464,
#8465,#8466,#8467,#8468,#8469,#8470,#8471,#8472,#8473,#8474,#8475,#8476,
#8477,#8478,#8479,#8480,#8481,#8482,#8483,#8484,#8485,#8486),(#8487,#8488,
#8489,#8490,#8491,#8492,#8493,#8494,#8495,#8496,#8497,#8498,#8499,#8500,
#8501,#8502,#8503,#8504,#8505,#8506,#8507,#8508,#8509,#8510,#8511,#8512,
#8513,#8514,#8515,#8516,#8517,#8518,#8519),(#8520,#8521,#8522,#8523,#8524,
#8525,#8526,#8527,#8528,#8529,#8530,#8531,#8532,#8533,#8534,#8535,#8536,
#8537,#8538,#8539,#8540,#8541,#8542,#8543,#8544,#8545,#8546,#8547,#8548,
#8549,#8550,#8551,#8552),(#8553,#8554,#8555,#8556,#8557,#8558,#8559,#8560,
#8561,#8562,#8563,#8564,#8565,#8566,#8567,#8568,#8569,#8570,#8571,#8572,
#8573,#8574,#8575,#8576,#8577,#8578,#8579,#8580,#8581,#8582,#8583,#8584,
#8585),(#8586,#8587,#8588,#8589,#8590,#8591,#8592,#8593,#8594,#8595,#8596,
#8597,#8598,#8599,#8600,#8601,#8602,#8603,#8604,#8605,#8606,#8607,#8608,
#8609,#8610,#8611,#8612,#8613,#8614,#8615,#8616,#8617,#8618),(#8619,#8620,
#8621,#8622,#8623,#8624,#8625,#8626,#8627,#8628,#8629,#8630,#8631,#8632,
#8633,#8634,#8635,#8636,#8637,#8638,#8639,#8640,#8641,#8642,#8643,#8644,
#8645,#8646,#8647,#8648,#8649,#8650,#8651),(#8652,#8653,#8654,#8655,#8656,
#8657,#8658,#8659,#8660,#8661,#8662,#8663,#8664,#8665,#8666,#8667,#8668,
#8669,#8670,#8671,#8672,#8673,#8674,#8675,#8676,#8677,#8678,#8679,#8680,
#8681,#8682,#8683,#8684)),.UNSPECIFIED.,.F.,.F.,.F.,(6,3,3,3,3,3,3,3,3,
3,3,3,3,3,6),(6,3,3,3,3,3,3,3,3,3,6),(-0.00400027259697296,0.0590040208053512,
0.122008314207675,0.185012607609999,0.248016901012323,0.311021194414648,
0.374025487816972,0.50003407462162,0.626042661426268,0.689046954828592,
0.752051248230916,0.81505554163324,0.878059835035565,0.941064128437889,
1.00406842184021),(-0.780407742216601,-0.731437933691058,-0.682468125165514,
-0.584528508114427,-0.486588891063339,-0.388649274012252,-0.290709656961164,
-0.192770039910077,-0.0948304228589894,-0.0458606143334457,0.00310919419209801),
 .UNSPECIFIED.);
#30=B_SPLINE_SURFACE_WITH_KNOTS('',3,3,((#8685,#8686,#8687,#8688),(#8689,
#8690,#8691,#8692),(#8693,#8694,#8695,#8696),(#8697,#8698,#8699,#8700),
(#8701,#8702,#8703,#8704),(#8705,#8706,#8707,#8708),(#8709,#8710,#8711,
#8712),(#8713,#8714,#8715,#8716),(#8717,#8718,#8719,#8720)),
 .UNSPECIFIED.,.F.,.F.,.F.,(4,1,1,1,1,1,4),(4,4),(0.,0.249997552352074,
0.249997573487777,0.499998368234716,0.499998382325185,0.749999184117358,
1.),(0.,1.),.UNSPECIFIED.);
#31=B_SPLINE_SURFACE_WITH_KNOTS('',3,3,((#8721,#8722,#8723,#8724),(#8725,
#8726,#8727,#8728),(#8729,#8730,#8731,#8732),(#8733,#8734,#8735,#8736),
(#8737,#8738,#8739,#8740),(#8741,#8742,#8743,#8744),(#8745,#8746,#8747,
#8748),(#8749,#8750,#8751,#8752)),.UNSPECIFIED.,.F.,.F.,.F.,(4,1,1,1,1,
4),(4,4),(0.,0.250000610780549,0.500001222070113,0.750001832341647,0.75000183310517,
1.),(0.,1.),.UNSPECIFIED.);
#32=B_SPLINE_SURFACE_WITH_KNOTS('',3,3,((#8753,#8754,#8755,#8756),(#8757,
#8758,#8759,#8760),(#8761,#8762,#8763,#8764),(#8765,#8766,#8767,#8768),
(#8769,#8770,#8771,#8772),(#8773,#8774,#8775,#8776),(#8777,#8778,#8779,
#8780),(#8781,#8782,#8783,#8784)),.UNSPECIFIED.,.F.,.F.,.F.,(4,1,1,1,1,
4),(4,4),(0.,0.250000610780549,0.500001222070114,0.750001832341647,0.75000183310517,
1.),(0.,1.),.UNSPECIFIED.);
#33=B_SPLINE_SURFACE_WITH_KNOTS('',3,3,((#8785,#8786,#8787,#8788),(#8789,
#8790,#8791,#8792),(#8793,#8794,#8795,#8796),(#8797,#8798,#8799,#8800),
(#8801,#8802,#8803,#8804),(#8805,#8806,#8807,#8808),(#8809,#8810,#8811,
#8812),(#8813,#8814,#8815,#8816)),.UNSPECIFIED.,.F.,.F.,.F.,(4,1,1,1,1,
4),(4,4),(0.,0.250000831579088,0.500001663653848,0.750002494737264,0.750002495480771,
1.),(0.,1.),.UNSPECIFIED.);
#34=B_SPLINE_SURFACE_WITH_KNOTS('',3,3,((#8817,#8818,#8819,#8820),(#8821,
#8822,#8823,#8824),(#8825,#8826,#8827,#8828),(#8829,#8830,#8831,#8832),
(#8833,#8834,#8835,#8836),(#8837,#8838,#8839,#8840),(#8841,#8842,#8843,
#8844),(#8845,#8846,#8847,#8848)),.UNSPECIFIED.,.F.,.F.,.F.,(4,1,1,1,1,
4),(4,4),(0.,0.250000831579088,0.500001663653847,0.750002494737264,0.750002495480771,
1.),(0.,1.),.UNSPECIFIED.);
#35=B_SPLINE_SURFACE_WITH_KNOTS('',5,5,((#8849,#8850,#8851,#8852,#8853,
#8854,#8855,#8856,#8857,#8858,#8859,#8860,#8861,#8862,#8863,#8864,#8865,
#8866,#8867,#8868,#8869,#8870,#8871,#8872,#8873,#8874,#8875,#8876,#8877,
#8878,#8879,#8880,#8881),(#8882,#8883,#8884,#8885,#8886,#8887,#8888,#8889,
#8890,#8891,#8892,#8893,#8894,#8895,#8896,#8897,#8898,#8899,#8900,#8901,
#8902,#8903,#8904,#8905,#8906,#8907,#8908,#8909,#8910,#8911,#8912,#8913,
#8914),(#8915,#8916,#8917,#8918,#8919,#8920,#8921,#8922,#8923,#8924,#8925,
#8926,#8927,#8928,#8929,#8930,#8931,#8932,#8933,#8934,#8935,#8936,#8937,
#8938,#8939,#8940,#8941,#8942,#8943,#8944,#8945,#8946,#8947),(#8948,#8949,
#8950,#8951,#8952,#8953,#8954,#8955,#8956,#8957,#8958,#8959,#8960,#8961,
#8962,#8963,#8964,#8965,#8966,#8967,#8968,#8969,#8970,#8971,#8972,#8973,
#8974,#8975,#8976,#8977,#8978,#8979,#8980),(#8981,#8982,#8983,#8984,#8985,
#8986,#8987,#8988,#8989,#8990,#8991,#8992,#8993,#8994,#8995,#8996,#8997,
#8998,#8999,#9000,#9001,#9002,#9003,#9004,#9005,#9006,#9007,#9008,#9009,
#9010,#9011,#9012,#9013),(#9014,#9015,#9016,#9017,#9018,#9019,#9020,#9021,
#9022,#9023,#9024,#9025,#9026,#9027,#9028,#9029,#9030,#9031,#9032,#9033,
#9034,#9035,#9036,#9037,#9038,#9039,#9040,#9041,#9042,#9043,#9044,#9045,
#9046),(#9047,#9048,#9049,#9050,#9051,#9052,#9053,#9054,#9055,#9056,#9057,
#9058,#9059,#9060,#9061,#9062,#9063,#9064,#9065,#9066,#9067,#9068,#9069,
#9070,#9071,#9072,#9073,#9074,#9075,#9076,#9077,#9078,#9079),(#9080,#9081,
#9082,#9083,#9084,#9085,#9086,#9087,#9088,#9089,#9090,#9091,#9092,#9093,
#9094,#9095,#9096,#9097,#9098,#9099,#9100,#9101,#9102,#9103,#9104,#9105,
#9106,#9107,#9108,#9109,#9110,#9111,#9112),(#9113,#9114,#9115,#9116,#9117,
#9118,#9119,#9120,#9121,#9122,#9123,#9124,#9125,#9126,#9127,#9128,#9129,
#9130,#9131,#9132,#9133,#9134,#9135,#9136,#9137,#9138,#9139,#9140,#9141,
#9142,#9143,#9144,#9145),(#9146,#9147,#9148,#9149,#9150,#9151,#9152,#9153,
#9154,#9155,#9156,#9157,#9158,#9159,#9160,#9161,#9162,#9163,#9164,#9165,
#9166,#9167,#9168,#9169,#9170,#9171,#9172,#9173,#9174,#9175,#9176,#9177,
#9178),(#9179,#9180,#9181,#9182,#9183,#9184,#9185,#9186,#9187,#9188,#9189,
#9190,#9191,#9192,#9193,#9194,#9195,#9196,#9197,#9198,#9199,#9200,#9201,
#9202,#9203,#9204,#9205,#9206,#9207,#9208,#9209,#9210,#9211),(#9212,#9213,
#9214,#9215,#9216,#9217,#9218,#9219,#9220,#9221,#9222,#9223,#9224,#9225,
#9226,#9227,#9228,#9229,#9230,#9231,#9232,#9233,#9234,#9235,#9236,#9237,
#9238,#9239,#9240,#9241,#9242,#9243,#9244),(#9245,#9246,#9247,#9248,#9249,
#9250,#9251,#9252,#9253,#9254,#9255,#9256,#9257,#9258,#9259,#9260,#9261,
#9262,#9263,#9264,#9265,#9266,#9267,#9268,#9269,#9270,#9271,#9272,#9273,
#9274,#9275,#9276,#9277),(#9278,#9279,#9280,#9281,#9282,#9283,#9284,#9285,
#9286,#9287,#9288,#9289,#9290,#9291,#9292,#9293,#9294,#9295,#9296,#9297,
#9298,#9299,#9300,#9301,#9302,#9303,#9304,#9305,#9306,#9307,#9308,#9309,
#9310),(#9311,#9312,#9313,#9314,#9315,#9316,#9317,#9318,#9319,#9320,#9321,
#9322,#9323,#9324,#9325,#9326,#9327,#9328,#9329,#9330,#9331,#9332,#9333,
#9334,#9335,#9336,#9337,#9338,#9339,#9340,#9341,#9342,#9343),(#9344,#9345,
#9346,#9347,#9348,#9349,#9350,#9351,#9352,#9353,#9354,#9355,#9356,#9357,
#9358,#9359,#9360,#9361,#9362,#9363,#9364,#9365,#9366,#9367,#9368,#9369,
#9370,#9371,#9372,#9373,#9374,#9375,#9376),(#9377,#9378,#9379,#9380,#9381,
#9382,#9383,#9384,#9385,#9386,#9387,#9388,#9389,#9390,#9391,#9392,#9393,
#9394,#9395,#9396,#9397,#9398,#9399,#9400,#9401,#9402,#9403,#9404,#9405,
#9406,#9407,#9408,#9409),(#9410,#9411,#9412,#9413,#9414,#9415,#9416,#9417,
#9418,#9419,#9420,#9421,#9422,#9423,#9424,#9425,#9426,#9427,#9428,#9429,
#9430,#9431,#9432,#9433,#9434,#9435,#9436,#9437,#9438,#9439,#9440,#9441,
#9442),(#9443,#9444,#9445,#9446,#9447,#9448,#9449,#9450,#9451,#9452,#9453,
#9454,#9455,#9456,#9457,#9458,#9459,#9460,#9461,#9462,#9463,#9464,#9465,
#9466,#9467,#9468,#9469,#9470,#9471,#9472,#9473,#9474,#9475),(#9476,#9477,
#9478,#9479,#9480,#9481,#9482,#9483,#9484,#9485,#9486,#9487,#9488,#9489,
#9490,#9491,#9492,#9493,#9494,#9495,#9496,#9497,#9498,#9499,#9500,#9501,
#9502,#9503,#9504,#9505,#9506,#9507,#9508),(#9509,#9510,#9511,#9512,#9513,
#9514,#9515,#9516,#9517,#9518,#9519,#9520,#9521,#9522,#9523,#9524,#9525,
#9526,#9527,#9528,#9529,#9530,#9531,#9532,#9533,#9534,#9535,#9536,#9537,
#9538,#9539,#9540,#9541),(#9542,#9543,#9544,#9545,#9546,#9547,#9548,#9549,
#9550,#9551,#9552,#9553,#9554,#9555,#9556,#9557,#9558,#9559,#9560,#9561,
#9562,#9563,#9564,#9565,#9566,#9567,#9568,#9569,#9570,#9571,#9572,#9573,
#9574),(#9575,#9576,#9577,#9578,#9579,#9580,#9581,#9582,#9583,#9584,#9585,
#9586,#9587,#9588,#9589,#9590,#9591,#9592,#9593,#9594,#9595,#9596,#9597,
#9598,#9599,#9600,#9601,#9602,#9603,#9604,#9605,#9606,#9607),(#9608,#9609,
#9610,#9611,#9612,#9613,#9614,#9615,#9616,#9617,#9618,#9619,#9620,#9621,
#9622,#9623,#9624,#9625,#9626,#9627,#9628,#9629,#9630,#9631,#9632,#9633,
#9634,#9635,#9636,#9637,#9638,#9639,#9640),(#9641,#9642,#9643,#9644,#9645,
#9646,#9647,#9648,#9649,#9650,#9651,#9652,#9653,#9654,#9655,#9656,#9657,
#9658,#9659,#9660,#9661,#9662,#9663,#9664,#9665,#9666,#9667,#9668,#9669,
#9670,#9671,#9672,#9673),(#9674,#9675,#9676,#9677,#9678,#9679,#9680,#9681,
#9682,#9683,#9684,#9685,#9686,#9687,#9688,#9689,#9690,#9691,#9692,#9693,
#9694,#9695,#9696,#9697,#9698,#9699,#9700,#9701,#9702,#9703,#9704,#9705,
#9706),(#9707,#9708,#9709,#9710,#9711,#9712,#9713,#9714,#9715,#9716,#9717,
#9718,#9719,#9720,#9721,#9722,#9723,#9724,#9725,#9726,#9727,#9728,#9729,
#9730,#9731,#9732,#9733,#9734,#9735,#9736,#9737,#9738,#9739),(#9740,#9741,
#9742,#9743,#9744,#9745,#9746,#9747,#9748,#9749,#9750,#9751,#9752,#9753,
#9754,#9755,#9756,#9757,#9758,#9759,#9760,#9761,#9762,#9763,#9764,#9765,
#9766,#9767,#9768,#9769,#9770,#9771,#9772),(#9773,#9774,#9775,#9776,#9777,
#9778,#9779,#9780,#9781,#9782,#9783,#9784,#9785,#9786,#9787,#9788,#9789,
#9790,#9791,#9792,#9793,#9794,#9795,#9796,#9797,#9798,#9799,#9800,#9801,
#9802,#9803,#9804,#9805),(#9806,#9807,#9808,#9809,#9810,#9811,#9812,#9813,
#9814,#9815,#9816,#9817,#9818,#9819,#9820,#9821,#9822,#9823,#9824,#9825,
#9826,#9827,#9828,#9829,#9830,#9831,#9832,#9833,#9834,#9835,#9836,#9837,
#9838),(#9839,#9840,#9841,#9842,#9843,#9844,#9845,#9846,#9847,#9848,#9849,
#9850,#9851,#9852,#9853,#9854,#9855,#9856,#9857,#9858,#9859,#9860,#9861,
#9862,#9863,#9864,#9865,#9866,#9867,#9868,#9869,#9870,#9871),(#9872,#9873,
#9874,#9875,#9876,#9877,#9878,#9879,#9880,#9881,#9882,#9883,#9884,#9885,
#9886,#9887,#9888,#9889,#9890,#9891,#9892,#9893,#9894,#9895,#9896,#9897,
#9898,#9899,#9900,#9901,#9902,#9903,#9904),(#9905,#9906,#9907,#9908,#9909,
#9910,#9911,#9912,#9913,#9914,#9915,#9916,#9917,#9918,#9919,#9920,#9921,
#9922,#9923,#9924,#9925,#9926,#9927,#9928,#9929,#9930,#9931,#9932,#9933,
#9934,#9935,#9936,#9937),(#9938,#9939,#9940,#9941,#9942,#9943,#9944,#9945,
#9946,#9947,#9948,#9949,#9950,#9951,#9952,#9953,#9954,#9955,#9956,#9957,
#9958,#9959,#9960,#9961,#9962,#9963,#9964,#9965,#9966,#9967,#9968,#9969,
#9970),(#9971,#9972,#9973,#9974,#9975,#9976,#9977,#9978,#9979,#9980,#9981,
#9982,#9983,#9984,#9985,#9986,#9987,#9988,#9989,#9990,#9991,#9992,#9993,
#9994,#9995,#9996,#9997,#9998,#9999,#10000,#10001,#10002,#10003),(#10004,
#10005,#10006,#10007,#10008,#10009,#10010,#10011,#10012,#10013,#10014,#10015,
#10016,#10017,#10018,#10019,#10020,#10021,#10022,#10023,#10024,#10025,#10026,
#10027,#10028,#10029,#10030,#10031,#10032,#10033,#10034,#10035,#10036),
(#10037,#10038,#10039,#10040,#10041,#10042,#10043,#10044,#10045,#10046,
#10047,#10048,#10049,#10050,#10051,#10052,#10053,#10054,#10055,#10056,#10057,
#10058,#10059,#10060,#10061,#10062,#10063,#10064,#10065,#10066,#10067,#10068,
#10069),(#10070,#10071,#10072,#10073,#10074,#10075,#10076,#10077,#10078,
#10079,#10080,#10081,#10082,#10083,#10084,#10085,#10086,#10087,#10088,#10089,
#10090,#10091,#10092,#10093,#10094,#10095,#10096,#10097,#10098,#10099,#10100,
#10101,#10102),(#10103,#10104,#10105,#10106,#10107,#10108,#10109,#10110,
#10111,#10112,#10113,#10114,#10115,#10116,#10117,#10118,#10119,#10120,#10121,
#10122,#10123,#10124,#10125,#10126,#10127,#10128,#10129,#10130,#10131,#10132,
#10133,#10134,#10135),(#10136,#10137,#10138,#10139,#10140,#10141,#10142,
#10143,#10144,#10145,#10146,#10147,#10148,#10149,#10150,#10151,#10152,#10153,
#10154,#10155,#10156,#10157,#10158,#10159,#10160,#10161,#10162,#10163,#10164,
#10165,#10166,#10167,#10168),(#10169,#10170,#10171,#10172,#10173,#10174,
#10175,#10176,#10177,#10178,#10179,#10180,#10181,#10182,#10183,#10184,#10185,
#10186,#10187,#10188,#10189,#10190,#10191,#10192,#10193,#10194,#10195,#10196,
#10197,#10198,#10199,#10200,#10201),(#10202,#10203,#10204,#10205,#10206,
#10207,#10208,#10209,#10210,#10211,#10212,#10213,#10214,#10215,#10216,#10217,
#10218,#10219,#10220,#10221,#10222,#10223,#10224,#10225,#10226,#10227,#10228,
#10229,#10230,#10231,#10232,#10233,#10234),(#10235,#10236,#10237,#10238,
#10239,#10240,#10241,#10242,#10243,#10244,#10245,#10246,#10247,#10248,#10249,
#10250,#10251,#10252,#10253,#10254,#10255,#10256,#10257,#10258,#10259,#10260,
#10261,#10262,#10263,#10264,#10265,#10266,#10267),(#10268,#10269,#10270,
#10271,#10272,#10273,#10274,#10275,#10276,#10277,#10278,#10279,#10280,#10281,
#10282,#10283,#10284,#10285,#10286,#10287,#10288,#10289,#10290,#10291,#10292,
#10293,#10294,#10295,#10296,#10297,#10298,#10299,#10300),(#10301,#10302,
#10303,#10304,#10305,#10306,#10307,#10308,#10309,#10310,#10311,#10312,#10313,
#10314,#10315,#10316,#10317,#10318,#10319,#10320,#10321,#10322,#10323,#10324,
#10325,#10326,#10327,#10328,#10329,#10330,#10331,#10332,#10333)),
 .UNSPECIFIED.,.F.,.F.,.F.,(6,3,3,3,3,3,3,3,3,3,3,3,3,3,6),(6,3,3,3,3,3,
3,3,3,3,6),(-0.00417135673489298,0.0588422286486824,0.121855814032258,0.184869399415833,
0.247882984799408,0.310896570182984,0.373910155566559,0.49993732633371,
0.62596449710086,0.688978082484436,0.751991667868011,0.815005253251586,
0.878018838635162,0.941032424018737,1.00404600940231),(-0.780251513853269,
-0.731291508501918,-0.682331503150567,-0.584411492447866,-0.486491481745165,
-0.388571471042464,-0.290651460339763,-0.192731449637062,-0.0948114389343613,
-0.0458514335830108,0.00310857176833972),.UNSPECIFIED.);
#36=B_SPLINE_SURFACE_WITH_KNOTS('',5,5,((#10334,#10335,#10336,#10337,#10338,
#10339,#10340,#10341,#10342,#10343,#10344,#10345,#10346,#10347,#10348,#10349,
#10350,#10351,#10352,#10353,#10354,#10355,#10356,#10357,#10358,#10359,#10360,
#10361,#10362,#10363,#10364,#10365,#10366),(#10367,#10368,#10369,#10370,
#10371,#10372,#10373,#10374,#10375,#10376,#10377,#10378,#10379,#10380,#10381,
#10382,#10383,#10384,#10385,#10386,#10387,#10388,#10389,#10390,#10391,#10392,
#10393,#10394,#10395,#10396,#10397,#10398,#10399),(#10400,#10401,#10402,
#10403,#10404,#10405,#10406,#10407,#10408,#10409,#10410,#10411,#10412,#10413,
#10414,#10415,#10416,#10417,#10418,#10419,#10420,#10421,#10422,#10423,#10424,
#10425,#10426,#10427,#10428,#10429,#10430,#10431,#10432),(#10433,#10434,
#10435,#10436,#10437,#10438,#10439,#10440,#10441,#10442,#10443,#10444,#10445,
#10446,#10447,#10448,#10449,#10450,#10451,#10452,#10453,#10454,#10455,#10456,
#10457,#10458,#10459,#10460,#10461,#10462,#10463,#10464,#10465),(#10466,
#10467,#10468,#10469,#10470,#10471,#10472,#10473,#10474,#10475,#10476,#10477,
#10478,#10479,#10480,#10481,#10482,#10483,#10484,#10485,#10486,#10487,#10488,
#10489,#10490,#10491,#10492,#10493,#10494,#10495,#10496,#10497,#10498),
(#10499,#10500,#10501,#10502,#10503,#10504,#10505,#10506,#10507,#10508,
#10509,#10510,#10511,#10512,#10513,#10514,#10515,#10516,#10517,#10518,#10519,
#10520,#10521,#10522,#10523,#10524,#10525,#10526,#10527,#10528,#10529,#10530,
#10531),(#10532,#10533,#10534,#10535,#10536,#10537,#10538,#10539,#10540,
#10541,#10542,#10543,#10544,#10545,#10546,#10547,#10548,#10549,#10550,#10551,
#10552,#10553,#10554,#10555,#10556,#10557,#10558,#10559,#10560,#10561,#10562,
#10563,#10564),(#10565,#10566,#10567,#10568,#10569,#10570,#10571,#10572,
#10573,#10574,#10575,#10576,#10577,#10578,#10579,#10580,#10581,#10582,#10583,
#10584,#10585,#10586,#10587,#10588,#10589,#10590,#10591,#10592,#10593,#10594,
#10595,#10596,#10597),(#10598,#10599,#10600,#10601,#10602,#10603,#10604,
#10605,#10606,#10607,#10608,#10609,#10610,#10611,#10612,#10613,#10614,#10615,
#10616,#10617,#10618,#10619,#10620,#10621,#10622,#10623,#10624,#10625,#10626,
#10627,#10628,#10629,#10630),(#10631,#10632,#10633,#10634,#10635,#10636,
#10637,#10638,#10639,#10640,#10641,#10642,#10643,#10644,#10645,#10646,#10647,
#10648,#10649,#10650,#10651,#10652,#10653,#10654,#10655,#10656,#10657,#10658,
#10659,#10660,#10661,#10662,#10663),(#10664,#10665,#10666,#10667,#10668,
#10669,#10670,#10671,#10672,#10673,#10674,#10675,#10676,#10677,#10678,#10679,
#10680,#10681,#10682,#10683,#10684,#10685,#10686,#10687,#10688,#10689,#10690,
#10691,#10692,#10693,#10694,#10695,#10696),(#10697,#10698,#10699,#10700,
#10701,#10702,#10703,#10704,#10705,#10706,#10707,#10708,#10709,#10710,#10711,
#10712,#10713,#10714,#10715,#10716,#10717,#10718,#10719,#10720,#10721,#10722,
#10723,#10724,#10725,#10726,#10727,#10728,#10729),(#10730,#10731,#10732,
#10733,#10734,#10735,#10736,#10737,#10738,#10739,#10740,#10741,#10742,#10743,
#10744,#10745,#10746,#10747,#10748,#10749,#10750,#10751,#10752,#10753,#10754,
#10755,#10756,#10757,#10758,#10759,#10760,#10761,#10762),(#10763,#10764,
#10765,#10766,#10767,#10768,#10769,#10770,#10771,#10772,#10773,#10774,#10775,
#10776,#10777,#10778,#10779,#10780,#10781,#10782,#10783,#10784,#10785,#10786,
#10787,#10788,#10789,#10790,#10791,#10792,#10793,#10794,#10795),(#10796,
#10797,#10798,#10799,#10800,#10801,#10802,#10803,#10804,#10805,#10806,#10807,
#10808,#10809,#10810,#10811,#10812,#10813,#10814,#10815,#10816,#10817,#10818,
#10819,#10820,#10821,#10822,#10823,#10824,#10825,#10826,#10827,#10828),
(#10829,#10830,#10831,#10832,#10833,#10834,#10835,#10836,#10837,#10838,
#10839,#10840,#10841,#10842,#10843,#10844,#10845,#10846,#10847,#10848,#10849,
#10850,#10851,#10852,#10853,#10854,#10855,#10856,#10857,#10858,#10859,#10860,
#10861),(#10862,#10863,#10864,#10865,#10866,#10867,#10868,#10869,#10870,
#10871,#10872,#10873,#10874,#10875,#10876,#10877,#10878,#10879,#10880,#10881,
#10882,#10883,#10884,#10885,#10886,#10887,#10888,#10889,#10890,#10891,#10892,
#10893,#10894),(#10895,#10896,#10897,#10898,#10899,#10900,#10901,#10902,
#10903,#10904,#10905,#10906,#10907,#10908,#10909,#10910,#10911,#10912,#10913,
#10914,#10915,#10916,#10917,#10918,#10919,#10920,#10921,#10922,#10923,#10924,
#10925,#10926,#10927),(#10928,#10929,#10930,#10931,#10932,#10933,#10934,
#10935,#10936,#10937,#10938,#10939,#10940,#10941,#10942,#10943,#10944,#10945,
#10946,#10947,#10948,#10949,#10950,#10951,#10952,#10953,#10954,#10955,#10956,
#10957,#10958,#10959,#10960),(#10961,#10962,#10963,#10964,#10965,#10966,
#10967,#10968,#10969,#10970,#10971,#10972,#10973,#10974,#10975,#10976,#10977,
#10978,#10979,#10980,#10981,#10982,#10983,#10984,#10985,#10986,#10987,#10988,
#10989,#10990,#10991,#10992,#10993),(#10994,#10995,#10996,#10997,#10998,
#10999,#11000,#11001,#11002,#11003,#11004,#11005,#11006,#11007,#11008,#11009,
#11010,#11011,#11012,#11013,#11014,#11015,#11016,#11017,#11018,#11019,#11020,
#11021,#11022,#11023,#11024,#11025,#11026),(#11027,#11028,#11029,#11030,
#11031,#11032,#11033,#11034,#11035,#11036,#11037,#11038,#11039,#11040,#11041,
#11042,#11043,#11044,#11045,#11046,#11047,#11048,#11049,#11050,#11051,#11052,
#11053,#11054,#11055,#11056,#11057,#11058,#11059),(#11060,#11061,#11062,
#11063,#11064,#11065,#11066,#11067,#11068,#11069,#11070,#11071,#11072,#11073,
#11074,#11075,#11076,#11077,#11078,#11079,#11080,#11081,#11082,#11083,#11084,
#11085,#11086,#11087,#11088,#11089,#11090,#11091,#11092),(#11093,#11094,
#11095,#11096,#11097,#11098,#11099,#11100,#11101,#11102,#11103,#11104,#11105,
#11106,#11107,#11108,#11109,#11110,#11111,#11112,#11113,#11114,#11115,#11116,
#11117,#11118,#11119,#11120,#11121,#11122,#11123,#11124,#11125),(#11126,
#11127,#11128,#11129,#11130,#11131,#11132,#11133,#11134,#11135,#11136,#11137,
#11138,#11139,#11140,#11141,#11142,#11143,#11144,#11145,#11146,#11147,#11148,
#11149,#11150,#11151,#11152,#11153,#11154,#11155,#11156,#11157,#11158),
(#11159,#11160,#11161,#11162,#11163,#11164,#11165,#11166,#11167,#11168,
#11169,#11170,#11171,#11172,#11173,#11174,#11175,#11176,#11177,#11178,#11179,
#11180,#11181,#11182,#11183,#11184,#11185,#11186,#11187,#11188,#11189,#11190,
#11191),(#11192,#11193,#11194,#11195,#11196,#11197,#11198,#11199,#11200,
#11201,#11202,#11203,#11204,#11205,#11206,#11207,#11208,#11209,#11210,#11211,
#11212,#11213,#11214,#11215,#11216,#11217,#11218,#11219,#11220,#11221,#11222,
#11223,#11224),(#11225,#11226,#11227,#11228,#11229,#11230,#11231,#11232,
#11233,#11234,#11235,#11236,#11237,#11238,#11239,#11240,#11241,#11242,#11243,
#11244,#11245,#11246,#11247,#11248,#11249,#11250,#11251,#11252,#11253,#11254,
#11255,#11256,#11257),(#11258,#11259,#11260,#11261,#11262,#11263,#11264,
#11265,#11266,#11267,#11268,#11269,#11270,#11271,#11272,#11273,#11274,#11275,
#11276,#11277,#11278,#11279,#11280,#11281,#11282,#11283,#11284,#11285,#11286,
#11287,#11288,#11289,#11290),(#11291,#11292,#11293,#11294,#11295,#11296,
#11297,#11298,#11299,#11300,#11301,#11302,#11303,#11304,#11305,#11306,#11307,
#11308,#11309,#11310,#11311,#11312,#11313,#11314,#11315,#11316,#11317,#11318,
#11319,#11320,#11321,#11322,#11323),(#11324,#11325,#11326,#11327,#11328,
#11329,#11330,#11331,#11332,#11333,#11334,#11335,#11336,#11337,#11338,#11339,
#11340,#11341,#11342,#11343,#11344,#11345,#11346,#11347,#11348,#11349,#11350,
#11351,#11352,#11353,#11354,#11355,#11356),(#11357,#11358,#11359,#11360,
#11361,#11362,#11363,#11364,#11365,#11366,#11367,#11368,#11369,#11370,#11371,
#11372,#11373,#11374,#11375,#11376,#11377,#11378,#11379,#11380,#11381,#11382,
#11383,#11384,#11385,#11386,#11387,#11388,#11389),(#11390,#11391,#11392,
#11393,#11394,#11395,#11396,#11397,#11398,#11399,#11400,#11401,#11402,#11403,
#11404,#11405,#11406,#11407,#11408,#11409,#11410,#11411,#11412,#11413,#11414,
#11415,#11416,#11417,#11418,#11419,#11420,#11421,#11422),(#11423,#11424,
#11425,#11426,#11427,#11428,#11429,#11430,#11431,#11432,#11433,#11434,#11435,
#11436,#11437,#11438,#11439,#11440,#11441,#11442,#11443,#11444,#11445,#11446,
#11447,#11448,#11449,#11450,#11451,#11452,#11453,#11454,#11455),(#11456,
#11457,#11458,#11459,#11460,#11461,#11462,#11463,#11464,#11465,#11466,#11467,
#11468,#11469,#11470,#11471,#11472,#11473,#11474,#11475,#11476,#11477,#11478,
#11479,#11480,#11481,#11482,#11483,#11484,#11485,#11486,#11487,#11488),
(#11489,#11490,#11491,#11492,#11493,#11494,#11495,#11496,#11497,#11498,
#11499,#11500,#11501,#11502,#11503,#11504,#11505,#11506,#11507,#11508,#11509,
#11510,#11511,#11512,#11513,#11514,#11515,#11516,#11517,#11518,#11519,#11520,
#11521),(#11522,#11523,#11524,#11525,#11526,#11527,#11528,#11529,#11530,
#11531,#11532,#11533,#11534,#11535,#11536,#11537,#11538,#11539,#11540,#11541,
#11542,#11543,#11544,#11545,#11546,#11547,#11548,#11549,#11550,#11551,#11552,
#11553,#11554),(#11555,#11556,#11557,#11558,#11559,#11560,#11561,#11562,
#11563,#11564,#11565,#11566,#11567,#11568,#11569,#11570,#11571,#11572,#11573,
#11574,#11575,#11576,#11577,#11578,#11579,#11580,#11581,#11582,#11583,#11584,
#11585,#11586,#11587),(#11588,#11589,#11590,#11591,#11592,#11593,#11594,
#11595,#11596,#11597,#11598,#11599,#11600,#11601,#11602,#11603,#11604,#11605,
#11606,#11607,#11608,#11609,#11610,#11611,#11612,#11613,#11614,#11615,#11616,
#11617,#11618,#11619,#11620),(#11621,#11622,#11623,#11624,#11625,#11626,
#11627,#11628,#11629,#11630,#11631,#11632,#11633,#11634,#11635,#11636,#11637,
#11638,#11639,#11640,#11641,#11642,#11643,#11644,#11645,#11646,#11647,#11648,
#11649,#11650,#11651,#11652,#11653),(#11654,#11655,#11656,#11657,#11658,
#11659,#11660,#11661,#11662,#11663,#11664,#11665,#11666,#11667,#11668,#11669,
#11670,#11671,#11672,#11673,#11674,#11675,#11676,#11677,#11678,#11679,#11680,
#11681,#11682,#11683,#11684,#11685,#11686),(#11687,#11688,#11689,#11690,
#11691,#11692,#11693,#11694,#11695,#11696,#11697,#11698,#11699,#11700,#11701,
#11702,#11703,#11704,#11705,#11706,#11707,#11708,#11709,#11710,#11711,#11712,
#11713,#11714,#11715,#11716,#11717,#11718,#11719),(#11720,#11721,#11722,
#11723,#11724,#11725,#11726,#11727,#11728,#11729,#11730,#11731,#11732,#11733,
#11734,#11735,#11736,#11737,#11738,#11739,#11740,#11741,#11742,#11743,#11744,
#11745,#11746,#11747,#11748,#11749,#11750,#11751,#11752),(#11753,#11754,
#11755,#11756,#11757,#11758,#11759,#11760,#11761,#11762,#11763,#11764,#11765,
#11766,#11767,#11768,#11769,#11770,#11771,#11772,#11773,#11774,#11775,#11776,
#11777,#11778,#11779,#11780,#11781,#11782,#11783,#11784,#11785),(#11786,
#11787,#11788,#11789,#11790,#11791,#11792,#11793,#11794,#11795,#11796,#11797,
#11798,#11799,#11800,#11801,#11802,#11803,#11804,#11805,#11806,#11807,#11808,
#11809,#11810,#11811,#11812,#11813,#11814,#11815,#11816,#11817,#11818)),
 .UNSPECIFIED.,.F.,.F.,.F.,(6,3,3,3,3,3,3,3,3,3,3,3,3,3,6),(6,3,3,3,3,3,
3,3,3,3,6),(-0.0040317476048436,0.0589828408137719,0.121997429232387,0.185012017651003,
0.248026606069619,0.311041194488234,0.37405578290685,0.500084959744081,
0.626114136581312,0.689128724999927,0.752143313418543,0.815157901837158,
0.878172490255774,0.941187078674389,1.004201667093),(-0.779770284349444,
-0.730840475670146,-0.681910666990848,-0.584051049632253,-0.486191432273657,
-0.388331814915062,-0.290472197556466,-0.192612580197871,-0.094752962839275,
-0.0458231541599773,0.00310665451932049),.UNSPECIFIED.);
#37=B_SPLINE_SURFACE_WITH_KNOTS('',3,3,((#11819,#11820,#11821,#11822),(#11823,
#11824,#11825,#11826),(#11827,#11828,#11829,#11830),(#11831,#11832,#11833,
#11834),(#11835,#11836,#11837,#11838),(#11839,#11840,#11841,#11842),(#11843,
#11844,#11845,#11846),(#11847,#11848,#11849,#11850)),.UNSPECIFIED.,.F.,
 .F.,.F.,(4,1,1,1,1,4),(4,4),(0.,0.25,0.500007528743061,0.75,0.750011293114591,
1.),(0.,1.),.UNSPECIFIED.);
#38=B_SPLINE_SURFACE_WITH_KNOTS('',3,3,((#11851,#11852,#11853,#11854),(#11855,
#11856,#11857,#11858),(#11859,#11860,#11861,#11862),(#11863,#11864,#11865,
#11866),(#11867,#11868,#11869,#11870),(#11871,#11872,#11873,#11874),(#11875,
#11876,#11877,#11878),(#11879,#11880,#11881,#11882)),.UNSPECIFIED.,.F.,
 .F.,.F.,(4,1,1,1,1,4),(4,4),(0.,0.25,0.500007528638018,0.75,0.750011292957027,
1.),(0.,1.),.UNSPECIFIED.);
#39=FACE_BOUND('',#844,.T.);
#40=FACE_BOUND('',#846,.T.);
#41=FACE_BOUND('',#848,.T.);
#42=FACE_BOUND('',#850,.T.);
#43=FACE_BOUND('',#852,.T.);
#44=FACE_BOUND('',#854,.T.);
#45=FACE_BOUND('',#856,.T.);
#46=FACE_BOUND('',#858,.T.);
#47=FACE_BOUND('',#860,.T.);
#48=FACE_BOUND('',#862,.T.);
#49=FACE_BOUND('',#864,.T.);
#50=FACE_BOUND('',#866,.T.);
#51=FACE_BOUND('',#868,.T.);
#52=FACE_BOUND('',#870,.T.);
#53=FACE_BOUND('',#890,.T.);
#54=FACE_BOUND('',#891,.T.);
#55=FACE_BOUND('',#892,.T.);
#56=FACE_BOUND('',#893,.T.);
#57=FACE_BOUND('',#894,.T.);
#58=FACE_BOUND('',#895,.T.);
#59=FACE_BOUND('',#896,.T.);
#60=FACE_BOUND('',#897,.T.);
#61=FACE_BOUND('',#898,.T.);
#62=FACE_BOUND('',#899,.T.);
#63=FACE_BOUND('',#900,.T.);
#64=FACE_BOUND('',#901,.T.);
#65=FACE_BOUND('',#902,.T.);
#66=FACE_BOUND('',#903,.T.);
#67=FACE_BOUND('',#904,.T.);
#68=FACE_BOUND('',#906,.T.);
#69=FACE_BOUND('',#907,.T.);
#70=FACE_BOUND('',#908,.T.);
#71=FACE_BOUND('',#909,.T.);
#72=FACE_BOUND('',#910,.T.);
#73=FACE_BOUND('',#911,.T.);
#74=FACE_BOUND('',#912,.T.);
#75=FACE_BOUND('',#913,.T.);
#76=FACE_BOUND('',#914,.T.);
#77=FACE_BOUND('',#915,.T.);
#78=FACE_BOUND('',#916,.T.);
#79=FACE_BOUND('',#917,.T.);
#80=FACE_BOUND('',#918,.T.);
#81=FACE_BOUND('',#919,.T.);
#82=FACE_BOUND('',#920,.T.);
#83=PLANE('',#2564);
#84=PLANE('',#2566);
#85=PLANE('',#2567);
#86=PLANE('',#2712);
#87=PLANE('',#2713);
#88=PLANE('',#2720);
#89=PLANE('',#2721);
#90=PLANE('',#2722);
#91=PLANE('',#2723);
#92=PLANE('',#2724);
#93=PLANE('',#2725);
#94=PLANE('',#2726);
#95=PLANE('',#2727);
#96=PLANE('',#2728);
#97=PLANE('',#2729);
#98=PLANE('',#2730);
#99=PLANE('',#2731);
#100=PLANE('',#2732);
#101=PLANE('',#2733);
#102=PLANE('',#2734);
#103=PLANE('',#2735);
#104=PLANE('',#2736);
#105=PLANE('',#2737);
#106=PLANE('',#2738);
#107=PLANE('',#2739);
#108=PLANE('',#2740);
#109=PLANE('',#2741);
#110=PLANE('',#2742);
#111=PLANE('',#2743);
#112=PLANE('',#2744);
#113=PLANE('',#2745);
#114=PLANE('',#2746);
#115=PLANE('',#2747);
#116=PLANE('',#2748);
#117=PLANE('',#2749);
#118=PLANE('',#2750);
#119=PLANE('',#2751);
#120=PLANE('',#2752);
#121=PLANE('',#2753);
#122=PLANE('',#2754);
#123=PLANE('',#2755);
#124=PLANE('',#2756);
#125=PLANE('',#2757);
#126=PLANE('',#2758);
#127=PLANE('',#2759);
#128=PLANE('',#2760);
#129=PLANE('',#2761);
#130=ELLIPSE('',#2512,60.7182453995889,60.6582996518383);
#131=ELLIPSE('',#2513,57.2139688982906,57.1574828433196);
#132=ELLIPSE('',#2515,61.2388834394859,61.1720943362885);
#133=ELLIPSE('',#2516,57.554349225807,57.4915785945675);
#134=ELLIPSE('',#2550,61.7123379681938,61.5716930570867);
#135=ELLIPSE('',#2551,56.3759114196315,56.2474284401941);
#136=ELLIPSE('',#2556,63.2571174969289,63.0321403001028);
#137=ELLIPSE('',#2557,56.5684919176097,56.3673031621956);
#138=ELLIPSE('',#2668,35.9908664176847,35.9908143612748);
#139=ELLIPSE('',#2669,35.9374461564187,35.9373941772747);
#140=LINE('',#3723,#277);
#141=LINE('',#3741,#278);
#142=LINE('',#3747,#279);
#143=LINE('',#3771,#280);
#144=LINE('',#3775,#281);
#145=LINE('',#3779,#282);
#146=LINE('',#3785,#283);
#147=LINE('',#3792,#284);
#148=LINE('',#3795,#285);
#149=LINE('',#3800,#286);
#150=LINE('',#3805,#287);
#151=LINE('',#3824,#288);
#152=LINE('',#4125,#289);
#153=LINE('',#4128,#290);
#154=LINE('',#4134,#291);
#155=LINE('',#4137,#292);
#156=LINE('',#4142,#293);
#157=LINE('',#4157,#294);
#158=LINE('',#4172,#295);
#159=LINE('',#4177,#296);
#160=LINE('',#4183,#297);
#161=LINE('',#4185,#298);
#162=LINE('',#4187,#299);
#163=LINE('',#4188,#300);
#164=LINE('',#4192,#301);
#165=LINE('',#4198,#302);
#166=LINE('',#4207,#303);
#167=LINE('',#4212,#304);
#168=LINE('',#4213,#305);
#169=LINE('',#4215,#306);
#170=LINE('',#4216,#307);
#171=LINE('',#4224,#308);
#172=LINE('',#4230,#309);
#173=LINE('',#4236,#310);
#174=LINE('',#4242,#311);
#175=LINE('',#4247,#312);
#176=LINE('',#4251,#313);
#177=LINE('',#4256,#314);
#178=LINE('',#4260,#315);
#179=LINE('',#4267,#316);
#180=LINE('',#4279,#317);
#181=LINE('',#4293,#318);
#182=LINE('',#4299,#319);
#183=LINE('',#4305,#320);
#184=LINE('',#4312,#321);
#185=LINE('',#4315,#322);
#186=LINE('',#4321,#323);
#187=LINE('',#4324,#324);
#188=LINE('',#4328,#325);
#189=LINE('',#4332,#326);
#190=LINE('',#4337,#327);
#191=LINE('',#4341,#328);
#192=LINE('',#4347,#329);
#193=LINE('',#4353,#330);
#194=LINE('',#4359,#331);
#195=LINE('',#4365,#332);
#196=LINE('',#4371,#333);
#197=LINE('',#4377,#334);
#198=LINE('',#4384,#335);
#199=LINE('',#4387,#336);
#200=LINE('',#4393,#337);
#201=LINE('',#4396,#338);
#202=LINE('',#4400,#339);
#203=LINE('',#4404,#340);
#204=LINE('',#4409,#341);
#205=LINE('',#4413,#342);
#206=LINE('',#4419,#343);
#207=LINE('',#4425,#344);
#208=LINE('',#4431,#345);
#209=LINE('',#4438,#346);
#210=LINE('',#4441,#347);
#211=LINE('',#4447,#348);
#212=LINE('',#4450,#349);
#213=LINE('',#4454,#350);
#214=LINE('',#4458,#351);
#215=LINE('',#4479,#352);
#216=LINE('',#4485,#353);
#217=LINE('',#4491,#354);
#218=LINE('',#4498,#355);
#219=LINE('',#4501,#356);
#220=LINE('',#4507,#357);
#221=LINE('',#4510,#358);
#222=LINE('',#4514,#359);
#223=LINE('',#4518,#360);
#224=LINE('',#4523,#361);
#225=LINE('',#4527,#362);
#226=LINE('',#4533,#363);
#227=LINE('',#4539,#364);
#228=LINE('',#4545,#365);
#229=LINE('',#4552,#366);
#230=LINE('',#4555,#367);
#231=LINE('',#4561,#368);
#232=LINE('',#4564,#369);
#233=LINE('',#4568,#370);
#234=LINE('',#4572,#371);
#235=LINE('',#4577,#372);
#236=LINE('',#4581,#373);
#237=LINE('',#4584,#374);
#238=LINE('',#4585,#375);
#239=LINE('',#4587,#376);
#240=LINE('',#4588,#377);
#241=LINE('',#4596,#378);
#242=LINE('',#4601,#379);
#243=LINE('',#4602,#380);
#244=LINE('',#4603,#381);
#245=LINE('',#4606,#382);
#246=LINE('',#4608,#383);
#247=LINE('',#4609,#384);
#248=LINE('',#4613,#385);
#249=LINE('',#4614,#386);
#250=LINE('',#4615,#387);
#251=LINE('',#4617,#388);
#252=LINE('',#4618,#389);
#253=LINE('',#4622,#390);
#254=LINE('',#4623,#391);
#255=LINE('',#4624,#392);
#256=LINE('',#4626,#393);
#257=LINE('',#4627,#394);
#258=LINE('',#4629,#395);
#259=LINE('',#4630,#396);
#260=LINE('',#4632,#397);
#261=LINE('',#4633,#398);
#262=LINE('',#4650,#399);
#263=LINE('',#4652,#400);
#264=LINE('',#4653,#401);
#265=LINE('',#4656,#402);
#266=LINE('',#4658,#403);
#267=LINE('',#4659,#404);
#268=LINE('',#4661,#405);
#269=LINE('',#4662,#406);
#270=LINE('',#4665,#407);
#271=LINE('',#4667,#408);
#272=LINE('',#4668,#409);
#273=LINE('',#4670,#410);
#274=LINE('',#4671,#411);
#275=LINE('',#4673,#412);
#276=LINE('',#4674,#413);
#277=VECTOR('',#2772,10.);
#278=VECTOR('',#2781,10.);
#279=VECTOR('',#2786,10.);
#280=VECTOR('',#2807,10.);
#281=VECTOR('',#2810,10.);
#282=VECTOR('',#2813,10.);
#283=VECTOR('',#2820,10.);
#284=VECTOR('',#2827,10.);
#285=VECTOR('',#2830,10.);
#286=VECTOR('',#2835,10.);
#287=VECTOR('',#2840,10.);
#288=VECTOR('',#2849,10.);
#289=VECTOR('',#2860,10.);
#290=VECTOR('',#2863,10.);
#291=VECTOR('',#2868,10.);
#292=VECTOR('',#2871,10.);
#293=VECTOR('',#2876,10.);
#294=VECTOR('',#2889,10.);
#295=VECTOR('',#2902,10.);
#296=VECTOR('',#2907,10.);
#297=VECTOR('',#2914,10.);
#298=VECTOR('',#2915,10.);
#299=VECTOR('',#2916,10.);
#300=VECTOR('',#2917,10.);
#301=VECTOR('',#2920,10.);
#302=VECTOR('',#2921,10.);
#303=VECTOR('',#2922,10.);
#304=VECTOR('',#2925,10.);
#305=VECTOR('',#2926,10.);
#306=VECTOR('',#2929,10.);
#307=VECTOR('',#2930,10.);
#308=VECTOR('',#2941,10.);
#309=VECTOR('',#2948,10.);
#310=VECTOR('',#2955,10.);
#311=VECTOR('',#2962,10.);
#312=VECTOR('',#2967,10.);
#313=VECTOR('',#2970,10.);
#314=VECTOR('',#2975,10.);
#315=VECTOR('',#2978,10.);
#316=VECTOR('',#2985,10.);
#317=VECTOR('',#2992,10.);
#318=VECTOR('',#3005,10.);
#319=VECTOR('',#3012,10.);
#320=VECTOR('',#3019,10.);
#321=VECTOR('',#3026,10.);
#322=VECTOR('',#3029,10.);
#323=VECTOR('',#3034,10.);
#324=VECTOR('',#3037,10.);
#325=VECTOR('',#3040,10.);
#326=VECTOR('',#3043,10.);
#327=VECTOR('',#3048,10.);
#328=VECTOR('',#3051,10.);
#329=VECTOR('',#3058,10.);
#330=VECTOR('',#3065,10.);
#331=VECTOR('',#3072,10.);
#332=VECTOR('',#3079,10.);
#333=VECTOR('',#3086,10.);
#334=VECTOR('',#3093,10.);
#335=VECTOR('',#3100,10.);
#336=VECTOR('',#3103,10.);
#337=VECTOR('',#3108,10.);
#338=VECTOR('',#3111,10.);
#339=VECTOR('',#3114,10.);
#340=VECTOR('',#3117,10.);
#341=VECTOR('',#3122,10.);
#342=VECTOR('',#3125,10.);
#343=VECTOR('',#3132,10.);
#344=VECTOR('',#3139,10.);
#345=VECTOR('',#3146,10.);
#346=VECTOR('',#3153,10.);
#347=VECTOR('',#3156,10.);
#348=VECTOR('',#3161,10.);
#349=VECTOR('',#3164,10.);
#350=VECTOR('',#3167,10.);
#351=VECTOR('',#3170,10.);
#352=VECTOR('',#3183,10.);
#353=VECTOR('',#3190,10.);
#354=VECTOR('',#3197,10.);
#355=VECTOR('',#3204,10.);
#356=VECTOR('',#3207,10.);
#357=VECTOR('',#3212,10.);
#358=VECTOR('',#3215,10.);
#359=VECTOR('',#3218,10.);
#360=VECTOR('',#3221,10.);
#361=VECTOR('',#3226,10.);
#362=VECTOR('',#3229,10.);
#363=VECTOR('',#3236,10.);
#364=VECTOR('',#3243,10.);
#365=VECTOR('',#3250,10.);
#366=VECTOR('',#3257,10.);
#367=VECTOR('',#3260,10.);
#368=VECTOR('',#3265,10.);
#369=VECTOR('',#3268,10.);
#370=VECTOR('',#3271,10.);
#371=VECTOR('',#3274,10.);
#372=VECTOR('',#3279,10.);
#373=VECTOR('',#3282,10.);
#374=VECTOR('',#3287,10.);
#375=VECTOR('',#3288,10.);
#376=VECTOR('',#3291,10.);
#377=VECTOR('',#3292,10.);
#378=VECTOR('',#3303,10.);
#379=VECTOR('',#3308,10.);
#380=VECTOR('',#3309,10.);
#381=VECTOR('',#3310,10.);
#382=VECTOR('',#3313,10.);
#383=VECTOR('',#3314,10.);
#384=VECTOR('',#3315,10.);
#385=VECTOR('',#3318,10.);
#386=VECTOR('',#3319,10.);
#387=VECTOR('',#3320,10.);
#388=VECTOR('',#3323,10.);
#389=VECTOR('',#3324,10.);
#390=VECTOR('',#3327,10.);
#391=VECTOR('',#3328,10.);
#392=VECTOR('',#3329,10.);
#393=VECTOR('',#3332,10.);
#394=VECTOR('',#3333,10.);
#395=VECTOR('',#3336,10.);
#396=VECTOR('',#3337,10.);
#397=VECTOR('',#3340,10.);
#398=VECTOR('',#3341,10.);
#399=VECTOR('',#3372,10.);
#400=VECTOR('',#3373,10.);
#401=VECTOR('',#3374,10.);
#402=VECTOR('',#3377,10.);
#403=VECTOR('',#3378,10.);
#404=VECTOR('',#3379,10.);
#405=VECTOR('',#3382,10.);
#406=VECTOR('',#3383,10.);
#407=VECTOR('',#3386,10.);
#408=VECTOR('',#3387,10.);
#409=VECTOR('',#3388,10.);
#410=VECTOR('',#3391,10.);
#411=VECTOR('',#3392,10.);
#412=VECTOR('',#3395,10.);
#413=VECTOR('',#3396,10.);
#414=CIRCLE('',#2503,9.12928494187067);
#415=CIRCLE('',#2504,9.12928494187067);
#416=CIRCLE('',#2506,9.12670981422149);
#417=CIRCLE('',#2507,9.12670981422149);
#418=CIRCLE('',#2509,20.0270951729804);
#419=CIRCLE('',#2510,20.0270951729804);
#420=CIRCLE('',#2518,19.7264929302989);
#421=CIRCLE('',#2519,19.7264929302989);
#422=CIRCLE('',#2521,20.0325450563933);
#423=CIRCLE('',#2522,20.0325450563933);
#424=CIRCLE('',#2524,19.704285502132);
#425=CIRCLE('',#2525,19.704285502132);
#426=CIRCLE('',#2527,19.8594832676437);
#427=CIRCLE('',#2528,19.8594832676437);
#428=CIRCLE('',#2530,19.9995553743478);
#429=CIRCLE('',#2531,19.9995553743478);
#430=CIRCLE('',#2533,9.08880232325228);
#431=CIRCLE('',#2534,9.08880232325228);
#432=CIRCLE('',#2536,9.05981836603417);
#433=CIRCLE('',#2537,9.05981836603417);
#434=CIRCLE('',#2541,19.8906663171304);
#435=CIRCLE('',#2542,19.8906663171304);
#436=CIRCLE('',#2544,19.8906731004909);
#437=CIRCLE('',#2545,19.8906731004909);
#438=CIRCLE('',#2547,19.9504281972471);
#439=CIRCLE('',#2548,19.9504281972471);
#440=CIRCLE('',#2553,20.1269721212316);
#441=CIRCLE('',#2554,20.1269721212316);
#442=CIRCLE('',#2559,19.8906731004909);
#443=CIRCLE('',#2560,19.8906731004909);
#444=CIRCLE('',#2562,19.8906663171304);
#445=CIRCLE('',#2563,19.8906663171304);
#446=CIRCLE('',#2569,35.9741802899721);
#447=CIRCLE('',#2570,35.9741802899721);
#448=CIRCLE('',#2572,36.001806555825);
#449=CIRCLE('',#2573,36.001806555825);
#450=CIRCLE('',#2575,24.0000382427168);
#451=CIRCLE('',#2576,24.0000382427168);
#452=CIRCLE('',#2578,31.9990510834884);
#453=CIRCLE('',#2579,31.9990510834884);
#454=CIRCLE('',#2581,31.9990510834884);
#455=CIRCLE('',#2582,31.9990510834884);
#456=CIRCLE('',#2584,36.0291740378275);
#457=CIRCLE('',#2585,36.0291740378275);
#458=CIRCLE('',#2587,36.0291740378269);
#459=CIRCLE('',#2588,36.0291740378269);
#460=CIRCLE('',#2590,35.930218457541);
#461=CIRCLE('',#2591,35.930218457541);
#462=CIRCLE('',#2593,35.9302184781874);
#463=CIRCLE('',#2594,35.9302184781874);
#464=CIRCLE('',#2596,35.9429312868515);
#465=CIRCLE('',#2597,35.9429312868515);
#466=CIRCLE('',#2599,24.0002570669512);
#467=CIRCLE('',#2600,24.0002570669512);
#468=CIRCLE('',#2602,32.0014839597642);
#469=CIRCLE('',#2603,32.0014839597642);
#470=CIRCLE('',#2605,32.002695067624);
#471=CIRCLE('',#2606,32.002695067624);
#472=CIRCLE('',#2608,36.1115446527916);
#473=CIRCLE('',#2609,36.1115446527916);
#474=CIRCLE('',#2611,36.1115446527908);
#475=CIRCLE('',#2612,36.1115446527908);
#476=CIRCLE('',#2614,35.922667306976);
#477=CIRCLE('',#2615,35.922667306976);
#478=CIRCLE('',#2617,35.92266730697);
#479=CIRCLE('',#2618,35.92266730697);
#480=CIRCLE('',#2620,23.9998905786102);
#481=CIRCLE('',#2621,23.9998905786102);
#482=CIRCLE('',#2623,32.0013211588515);
#483=CIRCLE('',#2624,32.0013211588515);
#484=CIRCLE('',#2626,32.0013211588515);
#485=CIRCLE('',#2627,32.0013211588515);
#486=CIRCLE('',#2629,23.9992746122449);
#487=CIRCLE('',#2630,23.9992746122449);
#488=CIRCLE('',#2632,32.0012709249687);
#489=CIRCLE('',#2633,32.0012709249687);
#490=CIRCLE('',#2635,32.0012709249687);
#491=CIRCLE('',#2636,32.0012709249687);
#492=CIRCLE('',#2638,36.0483843501662);
#493=CIRCLE('',#2639,36.0483843501662);
#494=CIRCLE('',#2641,36.0483843501662);
#495=CIRCLE('',#2642,36.0483843501662);
#496=CIRCLE('',#2644,36.0388065164223);
#497=CIRCLE('',#2645,36.0388065164223);
#498=CIRCLE('',#2647,36.0388065164217);
#499=CIRCLE('',#2648,36.0388065164217);
#500=CIRCLE('',#2650,24.0000870931053);
#501=CIRCLE('',#2651,24.0000870931053);
#502=CIRCLE('',#2653,32.0013815084508);
#503=CIRCLE('',#2654,32.0013815084508);
#504=CIRCLE('',#2656,32.0013815084508);
#505=CIRCLE('',#2657,32.0013815084508);
#506=CIRCLE('',#2659,35.8607687846733);
#507=CIRCLE('',#2660,35.8607687846733);
#508=CIRCLE('',#2662,35.8607687846727);
#509=CIRCLE('',#2663,35.8607687846727);
#510=CIRCLE('',#2665,36.0169914449947);
#511=CIRCLE('',#2666,36.0169914449947);
#512=CIRCLE('',#2671,24.0000306952143);
#513=CIRCLE('',#2672,24.0000306952143);
#514=CIRCLE('',#2674,32.0016169381491);
#515=CIRCLE('',#2675,32.0016169381491);
#516=CIRCLE('',#2677,32.0016169381491);
#517=CIRCLE('',#2678,32.0016169381491);
#518=CIRCLE('',#2680,36.0486509274927);
#519=CIRCLE('',#2681,36.0486509274927);
#520=CIRCLE('',#2683,36.0486509274926);
#521=CIRCLE('',#2684,36.0486509274926);
#522=CIRCLE('',#2686,35.9227718908681);
#523=CIRCLE('',#2687,35.9227718908681);
#524=CIRCLE('',#2689,35.9227718908621);
#525=CIRCLE('',#2690,35.9227718908621);
#526=CIRCLE('',#2692,24.0002592717391);
#527=CIRCLE('',#2693,24.0002592717391);
#528=CIRCLE('',#2695,32.0014836355248);
#529=CIRCLE('',#2696,32.0014836355248);
#530=CIRCLE('',#2698,32.0014836355248);
#531=CIRCLE('',#2699,32.0014836355248);
#532=CIRCLE('',#2701,36.0486100586031);
#533=CIRCLE('',#2702,36.0486100586031);
#534=CIRCLE('',#2704,36.0486100586031);
#535=CIRCLE('',#2705,36.0486100586031);
#536=CIRCLE('',#2707,35.9759563838193);
#537=CIRCLE('',#2708,35.9759563838193);
#538=CIRCLE('',#2710,35.9759563838075);
#539=CIRCLE('',#2711,35.9759563838075);
#540=CIRCLE('',#2715,35.9226694697799);
#541=CIRCLE('',#2716,35.9226694697799);
#542=CIRCLE('',#2718,36.0006616164634);
#543=CIRCLE('',#2719,36.0006616164634);
#544=CYLINDRICAL_SURFACE('',#2502,9.12928494184876);
#545=CYLINDRICAL_SURFACE('',#2505,9.12670981419726);
#546=CYLINDRICAL_SURFACE('',#2508,20.0270951729804);
#547=CYLINDRICAL_SURFACE('',#2517,19.7264929302989);
#548=CYLINDRICAL_SURFACE('',#2520,20.0325450563933);
#549=CYLINDRICAL_SURFACE('',#2523,19.704285502132);
#550=CYLINDRICAL_SURFACE('',#2526,19.8594832676437);
#551=CYLINDRICAL_SURFACE('',#2529,19.9995553743478);
#552=CYLINDRICAL_SURFACE('',#2532,9.0888023232126);
#553=CYLINDRICAL_SURFACE('',#2535,9.05981836599613);
#554=CYLINDRICAL_SURFACE('',#2540,19.8906663171304);
#555=CYLINDRICAL_SURFACE('',#2543,19.8906731004909);
#556=CYLINDRICAL_SURFACE('',#2546,19.9504281972471);
#557=CYLINDRICAL_SURFACE('',#2552,20.1269721212316);
#558=CYLINDRICAL_SURFACE('',#2558,19.8906731004909);
#559=CYLINDRICAL_SURFACE('',#2561,19.8906663171304);
#560=CYLINDRICAL_SURFACE('',#2568,35.9741802899721);
#561=CYLINDRICAL_SURFACE('',#2571,36.001806555825);
#562=CYLINDRICAL_SURFACE('',#2574,24.0000382427168);
#563=CYLINDRICAL_SURFACE('',#2577,31.9990510834884);
#564=CYLINDRICAL_SURFACE('',#2580,31.9990510834884);
#565=CYLINDRICAL_SURFACE('',#2583,36.0291740378274);
#566=CYLINDRICAL_SURFACE('',#2586,36.0291740378269);
#567=CYLINDRICAL_SURFACE('',#2589,35.93021497427);
#568=CYLINDRICAL_SURFACE('',#2592,35.9302149905784);
#569=CYLINDRICAL_SURFACE('',#2595,35.9429263012712);
#570=CYLINDRICAL_SURFACE('',#2598,24.0002570669512);
#571=CYLINDRICAL_SURFACE('',#2601,32.0014831936478);
#572=CYLINDRICAL_SURFACE('',#2604,32.0026944507227);
#573=CYLINDRICAL_SURFACE('',#2607,36.1115446527915);
#574=CYLINDRICAL_SURFACE('',#2610,36.1115446527907);
#575=CYLINDRICAL_SURFACE('',#2613,35.9226673069755);
#576=CYLINDRICAL_SURFACE('',#2616,35.9226673069695);
#577=CYLINDRICAL_SURFACE('',#2619,23.9998905786102);
#578=CYLINDRICAL_SURFACE('',#2622,32.0013211588515);
#579=CYLINDRICAL_SURFACE('',#2625,32.0013211588515);
#580=CYLINDRICAL_SURFACE('',#2628,23.9992746122449);
#581=CYLINDRICAL_SURFACE('',#2631,32.0012709249687);
#582=CYLINDRICAL_SURFACE('',#2634,32.0012709249687);
#583=CYLINDRICAL_SURFACE('',#2637,36.0483843501662);
#584=CYLINDRICAL_SURFACE('',#2640,36.0483843501662);
#585=CYLINDRICAL_SURFACE('',#2643,36.0388065164223);
#586=CYLINDRICAL_SURFACE('',#2646,36.0388065164217);
#587=CYLINDRICAL_SURFACE('',#2649,24.0000870931053);
#588=CYLINDRICAL_SURFACE('',#2652,32.0013815084508);
#589=CYLINDRICAL_SURFACE('',#2655,32.0013815084508);
#590=CYLINDRICAL_SURFACE('',#2658,35.8607687846733);
#591=CYLINDRICAL_SURFACE('',#2661,35.8607687846727);
#592=CYLINDRICAL_SURFACE('',#2664,36.0169914449946);
#593=CYLINDRICAL_SURFACE('',#2670,24.0000306952143);
#594=CYLINDRICAL_SURFACE('',#2673,32.0016169381491);
#595=CYLINDRICAL_SURFACE('',#2676,32.0016169381491);
#596=CYLINDRICAL_SURFACE('',#2679,36.0486509274927);
#597=CYLINDRICAL_SURFACE('',#2682,36.0486509274926);
#598=CYLINDRICAL_SURFACE('',#2685,35.9227718908676);
#599=CYLINDRICAL_SURFACE('',#2688,35.9227718908616);
#600=CYLINDRICAL_SURFACE('',#2691,24.0002592717391);
#601=CYLINDRICAL_SURFACE('',#2694,32.0014836355248);
#602=CYLINDRICAL_SURFACE('',#2697,32.0014836355248);
#603=CYLINDRICAL_SURFACE('',#2700,36.0486100586031);
#604=CYLINDRICAL_SURFACE('',#2703,36.0486100586031);
#605=CYLINDRICAL_SURFACE('',#2706,35.9759563838174);
#606=CYLINDRICAL_SURFACE('',#2709,35.9759563838056);
#607=CYLINDRICAL_SURFACE('',#2714,35.9226694697798);
#608=CYLINDRICAL_SURFACE('',#2717,36.0006616164634);
#609=FACE_OUTER_BOUND('',#755,.T.);
#610=FACE_OUTER_BOUND('',#756,.T.);
#611=FACE_OUTER_BOUND('',#757,.T.);
#612=FACE_OUTER_BOUND('',#758,.T.);
#613=FACE_OUTER_BOUND('',#759,.T.);
#614=FACE_OUTER_BOUND('',#760,.T.);
#615=FACE_OUTER_BOUND('',#761,.T.);
#616=FACE_OUTER_BOUND('',#762,.T.);
#617=FACE_OUTER_BOUND('',#763,.T.);
#618=FACE_OUTER_BOUND('',#764,.T.);
#619=FACE_OUTER_BOUND('',#765,.T.);
#620=FACE_OUTER_BOUND('',#766,.T.);
#621=FACE_OUTER_BOUND('',#767,.T.);
#622=FACE_OUTER_BOUND('',#768,.T.);
#623=FACE_OUTER_BOUND('',#769,.T.);
#624=FACE_OUTER_BOUND('',#770,.T.);
#625=FACE_OUTER_BOUND('',#771,.T.);
#626=FACE_OUTER_BOUND('',#772,.T.);
#627=FACE_OUTER_BOUND('',#773,.T.);
#628=FACE_OUTER_BOUND('',#774,.T.);
#629=FACE_OUTER_BOUND('',#775,.T.);
#630=FACE_OUTER_BOUND('',#776,.T.);
#631=FACE_OUTER_BOUND('',#777,.T.);
#632=FACE_OUTER_BOUND('',#778,.T.);
#633=FACE_OUTER_BOUND('',#779,.T.);
#634=FACE_OUTER_BOUND('',#780,.T.);
#635=FACE_OUTER_BOUND('',#781,.T.);
#636=FACE_OUTER_BOUND('',#782,.T.);
#637=FACE_OUTER_BOUND('',#783,.T.);
#638=FACE_OUTER_BOUND('',#784,.T.);
#639=FACE_OUTER_BOUND('',#785,.T.);
#640=FACE_OUTER_BOUND('',#786,.T.);
#641=FACE_OUTER_BOUND('',#787,.T.);
#642=FACE_OUTER_BOUND('',#788,.T.);
#643=FACE_OUTER_BOUND('',#789,.T.);
#644=FACE_OUTER_BOUND('',#790,.T.);
#645=FACE_OUTER_BOUND('',#791,.T.);
#646=FACE_OUTER_BOUND('',#792,.T.);
#647=FACE_OUTER_BOUND('',#793,.T.);
#648=FACE_OUTER_BOUND('',#794,.T.);
#649=FACE_OUTER_BOUND('',#795,.T.);
#650=FACE_OUTER_BOUND('',#796,.T.);
#651=FACE_OUTER_BOUND('',#797,.T.);
#652=FACE_OUTER_BOUND('',#798,.T.);
#653=FACE_OUTER_BOUND('',#799,.T.);
#654=FACE_OUTER_BOUND('',#800,.T.);
#655=FACE_OUTER_BOUND('',#801,.T.);
#656=FACE_OUTER_BOUND('',#802,.T.);
#657=FACE_OUTER_BOUND('',#803,.T.);
#658=FACE_OUTER_BOUND('',#804,.T.);
#659=FACE_OUTER_BOUND('',#805,.T.);
#660=FACE_OUTER_BOUND('',#806,.T.);
#661=FACE_OUTER_BOUND('',#807,.T.);
#662=FACE_OUTER_BOUND('',#808,.T.);
#663=FACE_OUTER_BOUND('',#809,.T.);
#664=FACE_OUTER_BOUND('',#810,.T.);
#665=FACE_OUTER_BOUND('',#811,.T.);
#666=FACE_OUTER_BOUND('',#812,.T.);
#667=FACE_OUTER_BOUND('',#813,.T.);
#668=FACE_OUTER_BOUND('',#814,.T.);
#669=FACE_OUTER_BOUND('',#815,.T.);
#670=FACE_OUTER_BOUND('',#816,.T.);
#671=FACE_OUTER_BOUND('',#817,.T.);
#672=FACE_OUTER_BOUND('',#818,.T.);
#673=FACE_OUTER_BOUND('',#819,.T.);
#674=FACE_OUTER_BOUND('',#820,.T.);
#675=FACE_OUTER_BOUND('',#821,.T.);
#676=FACE_OUTER_BOUND('',#822,.T.);
#677=FACE_OUTER_BOUND('',#823,.T.);
#678=FACE_OUTER_BOUND('',#824,.T.);
#679=FACE_OUTER_BOUND('',#825,.T.);
#680=FACE_OUTER_BOUND('',#826,.T.);
#681=FACE_OUTER_BOUND('',#827,.T.);
#682=FACE_OUTER_BOUND('',#828,.T.);
#683=FACE_OUTER_BOUND('',#829,.T.);
#684=FACE_OUTER_BOUND('',#830,.T.);
#685=FACE_OUTER_BOUND('',#831,.T.);
#686=FACE_OUTER_BOUND('',#832,.T.);
#687=FACE_OUTER_BOUND('',#833,.T.);
#688=FACE_OUTER_BOUND('',#834,.T.);
#689=FACE_OUTER_BOUND('',#835,.T.);
#690=FACE_OUTER_BOUND('',#836,.T.);
#691=FACE_OUTER_BOUND('',#837,.T.);
#692=FACE_OUTER_BOUND('',#838,.T.);
#693=FACE_OUTER_BOUND('',#839,.T.);
#694=FACE_OUTER_BOUND('',#840,.T.);
#695=FACE_OUTER_BOUND('',#841,.T.);
#696=FACE_OUTER_BOUND('',#842,.T.);
#697=FACE_OUTER_BOUND('',#843,.T.);
#698=FACE_OUTER_BOUND('',#845,.T.);
#699=FACE_OUTER_BOUND('',#847,.T.);
#700=FACE_OUTER_BOUND('',#849,.T.);
#701=FACE_OUTER_BOUND('',#851,.T.);
#702=FACE_OUTER_BOUND('',#853,.T.);
#703=FACE_OUTER_BOUND('',#855,.T.);
#704=FACE_OUTER_BOUND('',#857,.T.);
#705=FACE_OUTER_BOUND('',#859,.T.);
#706=FACE_OUTER_BOUND('',#861,.T.);
#707=FACE_OUTER_BOUND('',#863,.T.);
#708=FACE_OUTER_BOUND('',#865,.T.);
#709=FACE_OUTER_BOUND('',#867,.T.);
#710=FACE_OUTER_BOUND('',#869,.T.);
#711=FACE_OUTER_BOUND('',#871,.T.);
#712=FACE_OUTER_BOUND('',#872,.T.);
#713=FACE_OUTER_BOUND('',#873,.T.);
#714=FACE_OUTER_BOUND('',#874,.T.);
#715=FACE_OUTER_BOUND('',#875,.T.);
#716=FACE_OUTER_BOUND('',#876,.T.);
#717=FACE_OUTER_BOUND('',#877,.T.);
#718=FACE_OUTER_BOUND('',#878,.T.);
#719=FACE_OUTER_BOUND('',#879,.T.);
#720=FACE_OUTER_BOUND('',#880,.T.);
#721=FACE_OUTER_BOUND('',#881,.T.);
#722=FACE_OUTER_BOUND('',#882,.T.);
#723=FACE_OUTER_BOUND('',#883,.T.);
#724=FACE_OUTER_BOUND('',#884,.T.);
#725=FACE_OUTER_BOUND('',#885,.T.);
#726=FACE_OUTER_BOUND('',#886,.T.);
#727=FACE_OUTER_BOUND('',#887,.T.);
#728=FACE_OUTER_BOUND('',#888,.T.);
#729=FACE_OUTER_BOUND('',#889,.T.);
#730=FACE_OUTER_BOUND('',#905,.T.);
#731=FACE_OUTER_BOUND('',#921,.T.);
#732=FACE_OUTER_BOUND('',#922,.T.);
#733=FACE_OUTER_BOUND('',#923,.T.);
#734=FACE_OUTER_BOUND('',#924,.T.);
#735=FACE_OUTER_BOUND('',#925,.T.);
#736=FACE_OUTER_BOUND('',#926,.T.);
#737=FACE_OUTER_BOUND('',#927,.T.);
#738=FACE_OUTER_BOUND('',#928,.T.);
#739=FACE_OUTER_BOUND('',#929,.T.);
#740=FACE_OUTER_BOUND('',#930,.T.);
#741=FACE_OUTER_BOUND('',#931,.T.);
#742=FACE_OUTER_BOUND('',#932,.T.);
#743=FACE_OUTER_BOUND('',#933,.T.);
#744=FACE_OUTER_BOUND('',#934,.T.);
#745=FACE_OUTER_BOUND('',#935,.T.);
#746=FACE_OUTER_BOUND('',#936,.T.);
#747=FACE_OUTER_BOUND('',#937,.T.);
#748=FACE_OUTER_BOUND('',#938,.T.);
#749=FACE_OUTER_BOUND('',#939,.T.);
#750=FACE_OUTER_BOUND('',#940,.T.);
#751=FACE_OUTER_BOUND('',#941,.T.);
#752=FACE_OUTER_BOUND('',#942,.T.);
#753=FACE_OUTER_BOUND('',#943,.T.);
#754=FACE_OUTER_BOUND('',#944,.T.);
#755=EDGE_LOOP('',(#1618,#1619,#1620,#1621));
#756=EDGE_LOOP('',(#1622,#1623,#1624,#1625));
#757=EDGE_LOOP('',(#1626,#1627,#1628,#1629));
#758=EDGE_LOOP('',(#1630,#1631,#1632,#1633));
#759=EDGE_LOOP('',(#1634,#1635,#1636,#1637));
#760=EDGE_LOOP('',(#1638,#1639,#1640,#1641));
#761=EDGE_LOOP('',(#1642,#1643,#1644,#1645));
#762=EDGE_LOOP('',(#1646,#1647,#1648,#1649));
#763=EDGE_LOOP('',(#1650,#1651,#1652,#1653));
#764=EDGE_LOOP('',(#1654,#1655,#1656,#1657));
#765=EDGE_LOOP('',(#1658,#1659,#1660,#1661));
#766=EDGE_LOOP('',(#1662,#1663,#1664,#1665));
#767=EDGE_LOOP('',(#1666,#1667,#1668,#1669));
#768=EDGE_LOOP('',(#1670,#1671,#1672,#1673));
#769=EDGE_LOOP('',(#1674,#1675,#1676,#1677));
#770=EDGE_LOOP('',(#1678,#1679,#1680,#1681));
#771=EDGE_LOOP('',(#1682,#1683,#1684,#1685));
#772=EDGE_LOOP('',(#1686,#1687,#1688,#1689));
#773=EDGE_LOOP('',(#1690,#1691,#1692,#1693));
#774=EDGE_LOOP('',(#1694,#1695,#1696,#1697));
#775=EDGE_LOOP('',(#1698,#1699,#1700,#1701));
#776=EDGE_LOOP('',(#1702,#1703,#1704,#1705));
#777=EDGE_LOOP('',(#1706,#1707,#1708,#1709));
#778=EDGE_LOOP('',(#1710,#1711,#1712,#1713));
#779=EDGE_LOOP('',(#1714,#1715,#1716,#1717));
#780=EDGE_LOOP('',(#1718,#1719,#1720,#1721,#1722,#1723,#1724));
#781=EDGE_LOOP('',(#1725,#1726,#1727,#1728));
#782=EDGE_LOOP('',(#1729,#1730,#1731,#1732));
#783=EDGE_LOOP('',(#1733,#1734,#1735,#1736));
#784=EDGE_LOOP('',(#1737,#1738,#1739,#1740));
#785=EDGE_LOOP('',(#1741,#1742,#1743,#1744));
#786=EDGE_LOOP('',(#1745,#1746,#1747,#1748));
#787=EDGE_LOOP('',(#1749,#1750,#1751,#1752));
#788=EDGE_LOOP('',(#1753,#1754,#1755,#1756));
#789=EDGE_LOOP('',(#1757,#1758,#1759,#1760));
#790=EDGE_LOOP('',(#1761,#1762,#1763,#1764));
#791=EDGE_LOOP('',(#1765,#1766,#1767,#1768));
#792=EDGE_LOOP('',(#1769,#1770,#1771,#1772));
#793=EDGE_LOOP('',(#1773,#1774,#1775,#1776));
#794=EDGE_LOOP('',(#1777,#1778,#1779,#1780));
#795=EDGE_LOOP('',(#1781,#1782,#1783,#1784));
#796=EDGE_LOOP('',(#1785,#1786,#1787,#1788));
#797=EDGE_LOOP('',(#1789,#1790,#1791,#1792));
#798=EDGE_LOOP('',(#1793,#1794,#1795,#1796));
#799=EDGE_LOOP('',(#1797,#1798,#1799,#1800));
#800=EDGE_LOOP('',(#1801,#1802,#1803,#1804));
#801=EDGE_LOOP('',(#1805,#1806,#1807,#1808));
#802=EDGE_LOOP('',(#1809,#1810,#1811,#1812));
#803=EDGE_LOOP('',(#1813,#1814,#1815,#1816));
#804=EDGE_LOOP('',(#1817,#1818,#1819,#1820));
#805=EDGE_LOOP('',(#1821,#1822,#1823,#1824));
#806=EDGE_LOOP('',(#1825,#1826,#1827,#1828));
#807=EDGE_LOOP('',(#1829,#1830,#1831,#1832));
#808=EDGE_LOOP('',(#1833,#1834,#1835,#1836));
#809=EDGE_LOOP('',(#1837,#1838,#1839,#1840));
#810=EDGE_LOOP('',(#1841,#1842,#1843,#1844));
#811=EDGE_LOOP('',(#1845,#1846,#1847,#1848));
#812=EDGE_LOOP('',(#1849,#1850,#1851,#1852));
#813=EDGE_LOOP('',(#1853,#1854,#1855,#1856));
#814=EDGE_LOOP('',(#1857,#1858,#1859,#1860));
#815=EDGE_LOOP('',(#1861,#1862,#1863,#1864));
#816=EDGE_LOOP('',(#1865,#1866,#1867,#1868));
#817=EDGE_LOOP('',(#1869,#1870,#1871,#1872));
#818=EDGE_LOOP('',(#1873,#1874,#1875,#1876));
#819=EDGE_LOOP('',(#1877,#1878,#1879,#1880));
#820=EDGE_LOOP('',(#1881,#1882,#1883,#1884));
#821=EDGE_LOOP('',(#1885,#1886,#1887,#1888));
#822=EDGE_LOOP('',(#1889,#1890,#1891,#1892));
#823=EDGE_LOOP('',(#1893,#1894,#1895,#1896));
#824=EDGE_LOOP('',(#1897,#1898,#1899,#1900));
#825=EDGE_LOOP('',(#1901,#1902,#1903,#1904));
#826=EDGE_LOOP('',(#1905,#1906,#1907,#1908));
#827=EDGE_LOOP('',(#1909,#1910,#1911,#1912));
#828=EDGE_LOOP('',(#1913,#1914,#1915,#1916));
#829=EDGE_LOOP('',(#1917,#1918,#1919,#1920));
#830=EDGE_LOOP('',(#1921,#1922,#1923,#1924));
#831=EDGE_LOOP('',(#1925,#1926,#1927,#1928));
#832=EDGE_LOOP('',(#1929,#1930,#1931,#1932));
#833=EDGE_LOOP('',(#1933,#1934,#1935,#1936));
#834=EDGE_LOOP('',(#1937,#1938,#1939,#1940));
#835=EDGE_LOOP('',(#1941,#1942,#1943,#1944));
#836=EDGE_LOOP('',(#1945,#1946,#1947,#1948));
#837=EDGE_LOOP('',(#1949,#1950,#1951,#1952));
#838=EDGE_LOOP('',(#1953,#1954,#1955,#1956));
#839=EDGE_LOOP('',(#1957,#1958,#1959,#1960));
#840=EDGE_LOOP('',(#1961,#1962,#1963,#1964));
#841=EDGE_LOOP('',(#1965,#1966,#1967,#1968));
#842=EDGE_LOOP('',(#1969,#1970,#1971,#1972));
#843=EDGE_LOOP('',(#1973));
#844=EDGE_LOOP('',(#1974));
#845=EDGE_LOOP('',(#1975));
#846=EDGE_LOOP('',(#1976));
#847=EDGE_LOOP('',(#1977));
#848=EDGE_LOOP('',(#1978));
#849=EDGE_LOOP('',(#1979));
#850=EDGE_LOOP('',(#1980));
#851=EDGE_LOOP('',(#1981));
#852=EDGE_LOOP('',(#1982));
#853=EDGE_LOOP('',(#1983));
#854=EDGE_LOOP('',(#1984));
#855=EDGE_LOOP('',(#1985));
#856=EDGE_LOOP('',(#1986));
#857=EDGE_LOOP('',(#1987));
#858=EDGE_LOOP('',(#1988));
#859=EDGE_LOOP('',(#1989));
#860=EDGE_LOOP('',(#1990));
#861=EDGE_LOOP('',(#1991));
#862=EDGE_LOOP('',(#1992));
#863=EDGE_LOOP('',(#1993));
#864=EDGE_LOOP('',(#1994));
#865=EDGE_LOOP('',(#1995));
#866=EDGE_LOOP('',(#1996));
#867=EDGE_LOOP('',(#1997));
#868=EDGE_LOOP('',(#1998));
#869=EDGE_LOOP('',(#1999));
#870=EDGE_LOOP('',(#2000));
#871=EDGE_LOOP('',(#2001,#2002,#2003,#2004));
#872=EDGE_LOOP('',(#2005,#2006,#2007,#2008));
#873=EDGE_LOOP('',(#2009,#2010,#2011,#2012));
#874=EDGE_LOOP('',(#2013,#2014,#2015,#2016));
#875=EDGE_LOOP('',(#2017,#2018,#2019,#2020));
#876=EDGE_LOOP('',(#2021,#2022,#2023,#2024));
#877=EDGE_LOOP('',(#2025,#2026,#2027,#2028));
#878=EDGE_LOOP('',(#2029,#2030,#2031,#2032));
#879=EDGE_LOOP('',(#2033,#2034,#2035,#2036));
#880=EDGE_LOOP('',(#2037,#2038,#2039,#2040));
#881=EDGE_LOOP('',(#2041,#2042,#2043,#2044));
#882=EDGE_LOOP('',(#2045,#2046,#2047,#2048));
#883=EDGE_LOOP('',(#2049,#2050,#2051,#2052));
#884=EDGE_LOOP('',(#2053,#2054,#2055,#2056));
#885=EDGE_LOOP('',(#2057,#2058,#2059,#2060));
#886=EDGE_LOOP('',(#2061,#2062,#2063,#2064));
#887=EDGE_LOOP('',(#2065,#2066,#2067,#2068));
#888=EDGE_LOOP('',(#2069,#2070,#2071,#2072));
#889=EDGE_LOOP('',(#2073,#2074,#2075,#2076,#2077,#2078,#2079));
#890=EDGE_LOOP('',(#2080));
#891=EDGE_LOOP('',(#2081));
#892=EDGE_LOOP('',(#2082));
#893=EDGE_LOOP('',(#2083));
#894=EDGE_LOOP('',(#2084));
#895=EDGE_LOOP('',(#2085));
#896=EDGE_LOOP('',(#2086,#2087,#2088,#2089));
#897=EDGE_LOOP('',(#2090,#2091,#2092,#2093));
#898=EDGE_LOOP('',(#2094,#2095,#2096,#2097));
#899=EDGE_LOOP('',(#2098,#2099,#2100,#2101));
#900=EDGE_LOOP('',(#2102,#2103,#2104,#2105));
#901=EDGE_LOOP('',(#2106,#2107,#2108,#2109,#2110,#2111,#2112,#2113,#2114,
#2115,#2116,#2117,#2118,#2119,#2120,#2121,#2122,#2123,#2124,#2125,#2126));
#902=EDGE_LOOP('',(#2127,#2128,#2129,#2130));
#903=EDGE_LOOP('',(#2131));
#904=EDGE_LOOP('',(#2132,#2133,#2134,#2135,#2136,#2137,#2138,#2139,#2140,
#2141,#2142,#2143,#2144,#2145,#2146,#2147,#2148,#2149,#2150,#2151,#2152));
#905=EDGE_LOOP('',(#2153,#2154,#2155,#2156,#2157,#2158,#2159,#2160));
#906=EDGE_LOOP('',(#2161));
#907=EDGE_LOOP('',(#2162));
#908=EDGE_LOOP('',(#2163));
#909=EDGE_LOOP('',(#2164));
#910=EDGE_LOOP('',(#2165));
#911=EDGE_LOOP('',(#2166));
#912=EDGE_LOOP('',(#2167,#2168,#2169,#2170));
#913=EDGE_LOOP('',(#2171,#2172,#2173,#2174));
#914=EDGE_LOOP('',(#2175,#2176,#2177,#2178));
#915=EDGE_LOOP('',(#2179,#2180,#2181,#2182));
#916=EDGE_LOOP('',(#2183,#2184,#2185,#2186));
#917=EDGE_LOOP('',(#2187,#2188,#2189,#2190,#2191,#2192,#2193,#2194,#2195,
#2196,#2197,#2198,#2199,#2200,#2201,#2202,#2203,#2204,#2205,#2206,#2207));
#918=EDGE_LOOP('',(#2208,#2209,#2210,#2211));
#919=EDGE_LOOP('',(#2212));
#920=EDGE_LOOP('',(#2213,#2214,#2215,#2216,#2217,#2218,#2219,#2220,#2221,
#2222,#2223,#2224,#2225,#2226,#2227,#2228,#2229,#2230,#2231,#2232,#2233));
#921=EDGE_LOOP('',(#2234,#2235,#2236,#2237));
#922=EDGE_LOOP('',(#2238,#2239,#2240,#2241));
#923=EDGE_LOOP('',(#2242,#2243,#2244,#2245));
#924=EDGE_LOOP('',(#2246,#2247,#2248,#2249));
#925=EDGE_LOOP('',(#2250,#2251,#2252,#2253));
#926=EDGE_LOOP('',(#2254,#2255,#2256,#2257));
#927=EDGE_LOOP('',(#2258,#2259,#2260,#2261));
#928=EDGE_LOOP('',(#2262,#2263,#2264,#2265));
#929=EDGE_LOOP('',(#2266,#2267,#2268,#2269));
#930=EDGE_LOOP('',(#2270,#2271,#2272,#2273));
#931=EDGE_LOOP('',(#2274,#2275,#2276,#2277));
#932=EDGE_LOOP('',(#2278,#2279,#2280,#2281));
#933=EDGE_LOOP('',(#2282,#2283,#2284,#2285));
#934=EDGE_LOOP('',(#2286,#2287,#2288,#2289));
#935=EDGE_LOOP('',(#2290,#2291,#2292,#2293));
#936=EDGE_LOOP('',(#2294,#2295,#2296,#2297));
#937=EDGE_LOOP('',(#2298,#2299,#2300,#2301));
#938=EDGE_LOOP('',(#2302,#2303,#2304,#2305));
#939=EDGE_LOOP('',(#2306,#2307,#2308,#2309));
#940=EDGE_LOOP('',(#2310,#2311,#2312,#2313));
#941=EDGE_LOOP('',(#2314,#2315,#2316,#2317));
#942=EDGE_LOOP('',(#2318,#2319,#2320,#2321));
#943=EDGE_LOOP('',(#2322,#2323,#2324,#2325));
#944=EDGE_LOOP('',(#2326,#2327,#2328,#2329));
#945=B_SPLINE_CURVE_WITH_KNOTS('',3,(#3433,#3434,#3435,#3436,#3437,#3438,
#3439,#3440,#3441,#3442,#3443,#3444,#3445,#3446,#3447,#3448,#3449,#3450,
#3451,#3452,#3453,#3454,#3455,#3456,#3457,#3458,#3459,#3460,#3461,#3462,
#3463,#3464,#3465,#3466,#3467,#3468,#3469,#3470,#3471,#3472,#3473,#3474,
#3475,#3476,#3477,#3478,#3479,#3480,#3481,#3482,#3483,#3484,#3485,#3486,
#3487,#3488,#3489,#3490,#3491,#3492,#3493,#3494,#3495,#3496,#3497,#3498,
#3499),.UNSPECIFIED.,.F.,.F.,(4,3,3,3,3,3,3,3,3,3,3,3,3,3,3,3,3,3,3,3,3,
3,4),(0.,0.0210261946892319,0.0418303647206035,0.0624725571878779,0.0829708343346585,
0.103428074630498,0.123881809221531,0.144369339164044,0.164988317170446,
0.185719643507472,0.206702898543311,0.220412014897716,0.241093493486106,
0.26200876052062,0.283116526653049,0.30441331023077,0.325765198094506,0.347117603658493,
0.368415706980891,0.389533995828177,0.410505781489647,0.431204768747943,
0.440824029795432),.UNSPECIFIED.);
#946=B_SPLINE_CURVE_WITH_KNOTS('',3,(#3501,#3502,#3503,#3504),
 .UNSPECIFIED.,.F.,.F.,(4,4),(-13.4564639462708,-6.15488824132574),
 .UNSPECIFIED.);
#947=B_SPLINE_CURVE_WITH_KNOTS('',3,(#3505,#3506,#3507,#3508,#3509,#3510,
#3511,#3512,#3513,#3514,#3515,#3516,#3517,#3518,#3519,#3520,#3521,#3522,
#3523,#3524,#3525,#3526,#3527,#3528,#3529,#3530,#3531,#3532,#3533,#3534,
#3535,#3536,#3537,#3538,#3539,#3540,#3541,#3542,#3543,#3544,#3545,#3546,
#3547,#3548,#3549,#3550,#3551,#3552,#3553,#3554,#3555,#3556,#3557,#3558,
#3559,#3560,#3561,#3562,#3563,#3564,#3565,#3566,#3567,#3568,#3569,#3570,
#3571),.UNSPECIFIED.,.F.,.F.,(4,3,3,3,3,3,3,3,3,3,3,3,3,3,3,3,3,3,3,3,3,
3,4),(0.,0.0206005697007855,0.0414342419955482,0.0624597978449104,0.0836735391837326,
0.10494203844872,0.126210798504909,0.147425100841811,0.168459826254131,
0.189348217353832,0.209964979769079,0.219322544071688,0.240269610832495,
0.260994913473482,0.281558509486563,0.301978613484336,0.322357887960384,
0.34273385970013,0.363143832050971,0.383685353582386,0.404339401402978,
0.425244885965793,0.438645088143376),.UNSPECIFIED.);
#948=B_SPLINE_CURVE_WITH_KNOTS('',3,(#3575,#3576,#3577,#3578),
 .UNSPECIFIED.,.F.,.F.,(4,4),(-13.4321019744509,-6.13037075635427),
 .UNSPECIFIED.);
#949=B_SPLINE_CURVE_WITH_KNOTS('',3,(#3580,#3581,#3582,#3583,#3584,#3585,
#3586,#3587,#3588,#3589,#3590,#3591,#3592,#3593,#3594,#3595,#3596,#3597,
#3598,#3599,#3600,#3601,#3602,#3603,#3604,#3605,#3606,#3607,#3608,#3609,
#3610,#3611,#3612,#3613,#3614,#3615,#3616,#3617,#3618,#3619,#3620,#3621,
#3622,#3623,#3624,#3625,#3626,#3627,#3628,#3629,#3630,#3631,#3632,#3633,
#3634,#3635,#3636,#3637,#3638,#3639,#3640,#3641,#3642,#3643,#3644,#3645,
#3646),.UNSPECIFIED.,.F.,.F.,(4,3,3,3,3,3,3,3,3,3,3,3,3,3,3,3,3,3,3,3,3,
3,4),(0.,0.0207154788434098,0.0416651195133165,0.0628075862814054,0.0841394691917378,
0.105526605780804,0.12691434278536,0.148247789543414,0.16940121874515,0.190407990809381,
0.211141396725391,0.2208521440195,0.241911887188397,0.262749389811705,0.283424732764117,
0.303955939050959,0.324446016417382,0.344932517725534,0.365452763344376,
0.386104496275977,0.406868579959993,0.427884906671249,0.441704288038999),
 .UNSPECIFIED.);
#950=B_SPLINE_CURVE_WITH_KNOTS('',3,(#3651,#3652,#3653,#3654,#3655,#3656,
#3657,#3658,#3659,#3660,#3661,#3662,#3663,#3664,#3665,#3666,#3667,#3668,
#3669,#3670,#3671,#3672,#3673,#3674,#3675,#3676,#3677,#3678,#3679,#3680,
#3681,#3682,#3683,#3684,#3685,#3686,#3687,#3688,#3689,#3690,#3691,#3692,
#3693,#3694,#3695,#3696,#3697,#3698,#3699,#3700,#3701,#3702,#3703,#3704,
#3705,#3706,#3707,#3708,#3709,#3710,#3711,#3712,#3713,#3714,#3715,#3716,
#3717),.UNSPECIFIED.,.F.,.F.,(4,3,3,3,3,3,3,3,3,3,3,3,3,3,3,3,3,3,3,3,3,
3,4),(0.,0.0209799259655256,0.0417378704203358,0.0623339254439148,0.0827862672306408,
0.103197687403152,0.123605734632732,0.144047731721268,0.164621316113035,
0.185307429503237,0.206245288077775,0.219752611032768,0.240386424510727,
0.261253711149437,0.282313207225571,0.303561288298613,0.324864279611616,
0.346167618437903,0.367416516401449,0.388485644756751,0.409408290623504,
0.430058755741092,0.439505222065536),.UNSPECIFIED.);
#951=B_SPLINE_CURVE_WITH_KNOTS('',3,(#3726,#3727,#3728,#3729),
 .UNSPECIFIED.,.F.,.F.,(4,4),(-11.4913413846072,-4.1720005149594),
 .UNSPECIFIED.);
#952=B_SPLINE_CURVE_WITH_KNOTS('',3,(#3735,#3736,#3737,#3738),
 .UNSPECIFIED.,.F.,.F.,(4,4),(-11.485074599489,-4.1656540491979),
 .UNSPECIFIED.);
#953=B_SPLINE_CURVE_WITH_KNOTS('',3,(#3750,#3751,#3752,#3753),
 .UNSPECIFIED.,.F.,.F.,(4,4),(4.78594069129333,12.0984204666811),
 .UNSPECIFIED.);
#954=B_SPLINE_CURVE_WITH_KNOTS('',3,(#3761,#3762,#3763,#3764),
 .UNSPECIFIED.,.F.,.F.,(4,4),(-12.1125808818358,-4.80024320246376),
 .UNSPECIFIED.);
#955=B_SPLINE_CURVE_WITH_KNOTS('',3,(#3809,#3810,#3811,#3812),
 .UNSPECIFIED.,.F.,.F.,(4,4),(-11.4913434661083,-4.1720026228567),
 .UNSPECIFIED.);
#956=B_SPLINE_CURVE_WITH_KNOTS('',3,(#3817,#3818,#3819,#3820),
 .UNSPECIFIED.,.F.,.F.,(4,4),(-11.4858255541488,-4.16641456252618),
 .UNSPECIFIED.);
#957=B_SPLINE_CURVE_WITH_KNOTS('',3,(#3829,#3830,#3831,#3832,#3833,#3834,
#3835,#3836,#3837,#3838,#3839,#3840,#3841,#3842,#3843,#3844,#3845,#3846,
#3847,#3848,#3849,#3850,#3851,#3852,#3853,#3854,#3855,#3856,#3857,#3858,
#3859,#3860,#3861,#3862,#3863,#3864,#3865,#3866,#3867,#3868,#3869,#3870,
#3871,#3872,#3873,#3874,#3875,#3876,#3877,#3878,#3879,#3880,#3881,#3882,
#3883,#3884,#3885,#3886,#3887,#3888,#3889,#3890,#3891,#3892,#3893,#3894,
#3895),.UNSPECIFIED.,.F.,.F.,(4,3,3,3,3,3,3,3,3,3,3,3,3,3,3,3,3,3,3,3,3,
3,4),(0.,0.0202953952753375,0.0408212096948133,0.0625954409545393,0.0834993604256295,
0.104453829921874,0.125404595110934,0.146297368434749,0.167008917169401,
0.187573038709245,0.207872029788374,0.215015059772621,0.235662976258572,
0.25609020021063,0.276356840321525,0.296481840822928,0.316566854420162,
0.336649411995308,0.356766849284856,0.377015928304024,0.39737823418458,
0.417988397773077,0.429704264521507),.UNSPECIFIED.);
#958=B_SPLINE_CURVE_WITH_KNOTS('',3,(#3901,#3902,#3903,#3904,#3905,#3906,
#3907,#3908,#3909,#3910,#3911,#3912,#3913,#3914,#3915,#3916,#3917,#3918,
#3919,#3920,#3921,#3922,#3923,#3924,#3925,#3926,#3927,#3928,#3929,#3930,
#3931,#3932,#3933,#3934,#3935,#3936,#3937,#3938,#3939,#3940,#3941,#3942,
#3943,#3944,#3945,#3946,#3947,#3948,#3949,#3950,#3951,#3952,#3953,#3954,
#3955,#3956,#3957,#3958,#3959,#3960,#3961,#3962,#3963,#3964,#3965,#3966,
#3967),.UNSPECIFIED.,.F.,.F.,(4,3,3,3,3,3,3,3,3,3,3,3,3,3,3,3,3,3,3,3,3,
3,4),(0.,0.0205718134255574,0.0409232652711365,0.061114460170017,0.0811644556788809,
0.101174748871197,0.121182862748209,0.141226134837625,0.161401576730656,
0.181690577294275,0.20222833031202,0.213977643061764,0.234195638628306,
0.254643403014141,0.276307388402814,0.297131770992143,0.31800645267286,
0.338877266580131,0.359690020734281,0.380321861424852,0.400806484988769,
0.421027061265144,0.427955286123528),.UNSPECIFIED.);
#959=B_SPLINE_CURVE_WITH_KNOTS('',3,(#3968,#3969,#3970,#3971,#3972,#3973),
 .UNSPECIFIED.,.F.,.F.,(4,2,4),(-13.6880565895631,-9.05773900371243,-6.12307113386371),
 .UNSPECIFIED.);
#960=B_SPLINE_CURVE_WITH_KNOTS('',3,(#3977,#3978,#3979,#3980,#3981,#3982,
#3983,#3984,#3985,#3986,#3987,#3988,#3989,#3990,#3991,#3992,#3993,#3994,
#3995,#3996,#3997,#3998,#3999,#4000,#4001,#4002,#4003,#4004,#4005,#4006,
#4007,#4008,#4009,#4010,#4011,#4012,#4013,#4014,#4015,#4016,#4017,#4018,
#4019,#4020,#4021,#4022,#4023,#4024,#4025,#4026,#4027,#4028,#4029,#4030,
#4031,#4032,#4033,#4034,#4035,#4036,#4037,#4038,#4039,#4040,#4041,#4042,
#4043),.UNSPECIFIED.,.F.,.F.,(4,3,3,3,3,3,3,3,3,3,3,3,3,3,3,3,3,3,3,3,3,
3,4),(0.000210783757832934,0.0207593078178276,0.041087889750354,0.0612565713260589,
0.0812845043118509,0.101272982050599,0.121259511674689,0.1412814233983,
0.161435835602317,0.181704018765589,0.202221273555903,0.213941206838165,
0.234136712174801,0.254562067098012,0.276227110420302,0.297029678857537,
0.317882688351729,0.33873198683557,0.359523389672078,0.380133931557967,
0.400597363935567,0.420796353439466,0.42788241367633),.UNSPECIFIED.);
#961=B_SPLINE_CURVE_WITH_KNOTS('',3,(#4045,#4046,#4047,#4048),
 .UNSPECIFIED.,.F.,.F.,(4,4),(-13.487768541315,-6.18638064337712),
 .UNSPECIFIED.);
#962=B_SPLINE_CURVE_WITH_KNOTS('',3,(#4050,#4051,#4052,#4053,#4054,#4055,
#4056,#4057,#4058,#4059,#4060,#4061,#4062,#4063,#4064,#4065,#4066,#4067,
#4068,#4069,#4070,#4071,#4072,#4073,#4074,#4075,#4076,#4077,#4078,#4079,
#4080,#4081,#4082,#4083,#4084,#4085,#4086,#4087,#4088,#4089,#4090,#4091,
#4092,#4093,#4094,#4095,#4096,#4097,#4098,#4099,#4100,#4101,#4102,#4103,
#4104,#4105,#4106,#4107,#4108,#4109,#4110,#4111,#4112,#4113,#4114,#4115,
#4116),.UNSPECIFIED.,.F.,.F.,(4,3,3,3,3,3,3,3,3,3,3,3,3,3,3,3,3,3,3,3,3,
3,4),(0.,0.0202720541042351,0.0407746014829742,0.0625488082122428,0.0834300427847286,
0.104361967159205,0.125290342846285,0.146160890744377,0.166850270489096,
0.187392333379951,0.207668880203911,0.214968255317123,0.235594396932465,
0.255999664955173,0.276244201050501,0.296346819439264,0.316409393799261,
0.336469446574222,0.356564302483369,0.3767911387269,0.397131235314465,0.417720982111467,
0.429936510634246),.UNSPECIFIED.);
#963=B_SPLINE_CURVE_WITH_KNOTS('',3,(#4147,#4148,#4149,#4150),
 .UNSPECIFIED.,.F.,.F.,(4,4),(-12.1363309062618,-4.82424508056778),
 .UNSPECIFIED.);
#964=B_SPLINE_CURVE_WITH_KNOTS('',3,(#4163,#4164,#4165,#4166),
 .UNSPECIFIED.,.F.,.F.,(4,4),(-12.2025087187384,-4.89105031365508),
 .UNSPECIFIED.);
#965=B_SPLINE_CURVE_WITH_KNOTS('',3,(#4270,#4271,#4272,#4273),
 .UNSPECIFIED.,.F.,.F.,(4,4),(3.33616184193631E-6,3.19999950971279),
 .UNSPECIFIED.);
#966=B_SPLINE_CURVE_WITH_KNOTS('',3,(#4282,#4283,#4284,#4285),
 .UNSPECIFIED.,.F.,.F.,(4,4),(1.99116122354151E-7,3.19799989290435),
 .UNSPECIFIED.);
#967=B_SPLINE_CURVE_WITH_KNOTS('',3,(#4463,#4464,#4465,#4466),
 .UNSPECIFIED.,.F.,.F.,(4,4),(1.774597586523E-6,3.19999812871852),
 .UNSPECIFIED.);
#968=B_SPLINE_CURVE_WITH_KNOTS('',3,(#4470,#4471,#4472,#4473),
 .UNSPECIFIED.,.F.,.F.,(4,4),(5.76035288402175E-7,3.1999996056033),
 .UNSPECIFIED.);
#969=B_SPLINE_CURVE_WITH_KNOTS('',3,(#4676,#4677,#4678,#4679,#4680,#4681,
#4682),.UNSPECIFIED.,.F.,.F.,(4,1,1,1,4),(-4.12679171403134,-3.09516507476875,
-2.06344338317917,-1.03172169158958,0.),.UNSPECIFIED.);
#970=B_SPLINE_CURVE_WITH_KNOTS('',3,(#4683,#4684,#4685,#4686,#4687,#4688,
#4689),.UNSPECIFIED.,.F.,.F.,(4,1,1,1,4),(-4.13057981134463,-3.09793485850848,
-2.06528990567232,-1.03264495283616,-5.8980947337913E-5),.UNSPECIFIED.);
#971=B_SPLINE_CURVE_WITH_KNOTS('',3,(#4691,#4692,#4693,#4694,#4695,#4696,
#4697),.UNSPECIFIED.,.F.,.F.,(4,1,1,1,4),(-4.12788066669237,-3.09596382588816,
-2.06397588392544,-1.03198794196272,0.),.UNSPECIFIED.);
#972=B_SPLINE_CURVE_WITH_KNOTS('',3,(#4698,#4699,#4700,#4701,#4702,#4703,
#4704),.UNSPECIFIED.,.F.,.F.,(4,1,1,1,4),(-4.13164679119113,-3.09873509339335,
-2.06582339559557,-1.03291169779778,-4.33662988213699E-5),.UNSPECIFIED.);
#973=B_SPLINE_CURVE_WITH_KNOTS('',3,(#4706,#4707,#4708,#4709,#4710,#4711,
#4712,#4713,#4714,#4715,#4716,#4717,#4718,#4719,#4720,#4721,#4722,#4723,
#4724,#4725,#4726,#4727,#4728,#4729,#4730,#4731,#4732,#4733,#4734,#4735,
#4736,#4737,#4738,#4739,#4740,#4741),.UNSPECIFIED.,.F.,.F.,(4,2,2,2,2,2,
2,2,2,2,2,2,2,2,2,2,2,4),(0.000171980702743213,0.245003823804944,0.378946107149135,
0.519032662470799,0.645286155890767,0.751577372264295,0.915370071462407,
1.06902263936015,1.23766483774792,1.39444019645212,1.55124628261482,1.72019900405637,
1.87664620605111,2.04387285776236,2.15312846868985,2.28282272385485,2.4254021779368,
2.70548590767699),.UNSPECIFIED.);
#974=B_SPLINE_CURVE_WITH_KNOTS('',3,(#4742,#4743,#4744,#4745,#4746,#4747,
#4748,#4749,#4750,#4751,#4752,#4753,#4754,#4755,#4756,#4757,#4758,#4759,
#4760,#4761,#4762,#4763,#4764,#4765,#4766,#4767,#4768,#4769,#4770,#4771,
#4772,#4773,#4774,#4775,#4776,#4777),.UNSPECIFIED.,.F.,.F.,(4,2,2,2,2,2,
2,2,2,2,2,2,2,2,2,2,2,4),(0.000207899940506329,0.265854741903664,0.428109975537198,
0.597984750752514,0.745944883924344,0.8712071738332,1.06510817726851,1.24599904242602,
1.43821089157956,1.61642257758578,1.7945864386782,1.9868520121002,2.16546638157463,
2.35650719548044,2.47889672928265,2.62290822860436,2.7824312233528,3.09928895034712),
 .UNSPECIFIED.);
#975=B_SPLINE_CURVE_WITH_KNOTS('',3,(#4779,#4780,#4781,#4782,#4783,#4784,
#4785),.UNSPECIFIED.,.F.,.F.,(4,1,1,1,4),(0.,1.0330353297117,2.06607065942339,
3.09910598913509,4.13214131884679),.UNSPECIFIED.);
#976=B_SPLINE_CURVE_WITH_KNOTS('',3,(#4786,#4787,#4788,#4789,#4790,#4791,
#4792,#4793,#4794,#4795,#4796,#4797,#4798,#4799,#4800,#4801,#4802,#4803,
#4804,#4805,#4806,#4807,#4808,#4809,#4810,#4811,#4812,#4813,#4814,#4815,
#4816,#4817,#4818,#4819,#4820,#4821),.UNSPECIFIED.,.F.,.F.,(4,2,2,2,2,2,
2,2,2,2,2,2,2,2,2,2,2,4),(0.000100231428977933,0.263855664405346,0.423337029596043,
0.589570483086633,0.736831304371678,0.861040622379893,1.05172069657359,
1.22968690996641,1.4194083055492,1.59478093634151,1.77016033300332,1.95964226406812,
2.1354152716404,2.3232261238243,2.4457927047448,2.59124796712127,2.75019539125122,
3.06494231347818),.UNSPECIFIED.);
#977=B_SPLINE_CURVE_WITH_KNOTS('',3,(#4823,#4824,#4825,#4826,#4827,#4828,
#4829),.UNSPECIFIED.,.F.,.F.,(4,1,1,1,4),(-4.12788859219175,-3.09596170107506,
-2.06397446738337,-1.03198723369169,0.),.UNSPECIFIED.);
#978=B_SPLINE_CURVE_WITH_KNOTS('',3,(#4830,#4831,#4832,#4833,#4834,#4835,
#4836),.UNSPECIFIED.,.F.,.F.,(4,1,1,1,4),(-4.13164395999413,-3.0987329699956,
-2.06582197999707,-1.03291098999853,-3.00186722775096E-5),.UNSPECIFIED.);
#979=B_SPLINE_CURVE_WITH_KNOTS('',3,(#4838,#4839,#4840,#4841,#4842,#4843,
#4844),.UNSPECIFIED.,.F.,.F.,(4,1,1,1,4),(-4.12825876421367,-3.09626615842796,
-2.06417743895197,-1.03208871947599,0.),.UNSPECIFIED.);
#980=B_SPLINE_CURVE_WITH_KNOTS('',3,(#4845,#4846,#4847,#4848,#4849,#4850,
#4851),.UNSPECIFIED.,.F.,.F.,(4,1,1,1,4),(-4.13204792217343,-3.09903594163007,
-2.06602396108671,-1.03301198054336,-5.89491294992604E-5),.UNSPECIFIED.);
#981=B_SPLINE_CURVE_WITH_KNOTS('',3,(#4853,#4854,#4855,#4856,#4857,#4858,
#4859),.UNSPECIFIED.,.F.,.F.,(4,1,1,1,4),(-4.13214131884679,-3.09910598913509,
-2.06607065942339,-1.0330353297117,0.),.UNSPECIFIED.);
#982=B_SPLINE_CURVE_WITH_KNOTS('',3,(#4860,#4861,#4862,#4863,#4864,#4865,
#4866,#4867,#4868,#4869,#4870,#4871,#4872,#4873,#4874,#4875,#4876,#4877,
#4878,#4879,#4880,#4881,#4882,#4883,#4884,#4885,#4886,#4887,#4888,#4889,
#4890,#4891,#4892,#4893,#4894,#4895,#4896,#4897),.UNSPECIFIED.,.F.,.F.,
(4,2,2,2,2,2,2,2,2,2,2,2,2,2,2,2,2,2,4),(-10.8407462898388,-9.65687389511607,
-8.97775958252076,-8.26843310026091,-7.63922264163668,-7.11023627104868,
-6.29957089678566,-5.54080250603482,-4.72286961801715,-3.96585536904627,
-3.20889867430658,-2.38977702740802,-1.86588109178766,-1.48335915332434,
-1.23408809440739,-0.937584559035596,-0.602530565733199,-0.304611735190509,
-4.67581864064219E-5),.UNSPECIFIED.);
#983=B_SPLINE_CURVE_WITH_KNOTS('',3,(#4899,#4900,#4901,#4902,#4903,#4904,
#4905),.UNSPECIFIED.,.F.,.F.,(4,1,1,1,4),(5.89856880000884E-5,1.03198723369169,
2.06397446738337,3.09596170107506,4.12794893476675),.UNSPECIFIED.);
#984=B_SPLINE_CURVE_WITH_KNOTS('',3,(#4906,#4907,#4908,#4909,#4910,#4911,
#4912),.UNSPECIFIED.,.F.,.F.,(4,1,1,1,4),(0.,1.03291098999853,2.06582197999707,
3.0987329699956,4.1316138342017),.UNSPECIFIED.);
#985=B_SPLINE_CURVE_WITH_KNOTS('',3,(#4914,#4915,#4916,#4917,#4918,#4919,
#4920),.UNSPECIFIED.,.F.,.F.,(4,1,1,1,4),(9.55133471058908E-5,1.03208871947598,
2.06417743895197,3.09626615842795,4.12835487790394),.UNSPECIFIED.);
#986=B_SPLINE_CURVE_WITH_KNOTS('',3,(#4921,#4922,#4923,#4924,#4925,#4926,
#4927),.UNSPECIFIED.,.F.,.F.,(4,1,1,1,4),(0.,1.03301198054336,2.06602396108671,
3.09903594163007,4.13198896764291),.UNSPECIFIED.);
#987=B_SPLINE_CURVE_WITH_KNOTS('',3,(#4929,#4930,#4931,#4932,#4933,#4934,
#4935),.UNSPECIFIED.,.F.,.F.,(4,1,1,1,4),(3.38211603212048E-6,1.03179692873508,
2.06359385747016,3.09539078620524,4.12718771494032),.UNSPECIFIED.);
#988=B_SPLINE_CURVE_WITH_KNOTS('',3,(#4936,#4937,#4938,#4939,#4940,#4941,
#4942),.UNSPECIFIED.,.F.,.F.,(4,1,1,1,4),(5.75843766497387E-5,1.03291288524145,
2.06582577048291,3.09873865572436,4.13165154096581),.UNSPECIFIED.);
#989=B_SPLINE_CURVE_WITH_KNOTS('',3,(#4944,#4945,#4946,#4947,#4948,#4949,
#4950),.UNSPECIFIED.,.F.,.F.,(4,1,1,1,4),(7.11061093858239E-5,1.03198794196272,
2.06397588392544,3.09596382588816,4.12795176785088),.UNSPECIFIED.);
#990=B_SPLINE_CURVE_WITH_KNOTS('',3,(#4951,#4952,#4953,#4954,#4955,#4956,
#4957),.UNSPECIFIED.,.F.,.F.,(4,1,1,1,4),(0.,1.03291169779778,2.06582339559557,
3.09873509339335,4.13160341999863),.UNSPECIFIED.);
#991=B_SPLINE_CURVE_WITH_KNOTS('',3,(#4959,#4960,#4961,#4962,#4963,#4964,
#4965),.UNSPECIFIED.,.F.,.F.,(4,1,1,1,4),(9.50573637277692E-5,1.03172169158958,
2.06344338317917,3.09516507476875,4.12688676635833),.UNSPECIFIED.);
#992=B_SPLINE_CURVE_WITH_KNOTS('',3,(#4966,#4967,#4968,#4969,#4970,#4971,
#4972),.UNSPECIFIED.,.F.,.F.,(4,1,1,1,4),(0.,1.03264495283616,2.06528990567232,
3.09793485850848,4.13052082541329),.UNSPECIFIED.);
#993=B_SPLINE_CURVE_WITH_KNOTS('',3,(#4974,#4975,#4976,#4977,#4978,#4979,
#4980),.UNSPECIFIED.,.F.,.F.,(4,1,1,1,4),(6.04519302291172E-5,1.03198723369169,
2.06397446738337,3.09596170107506,4.12794893476675),.UNSPECIFIED.);
#994=B_SPLINE_CURVE_WITH_KNOTS('',3,(#4981,#4982,#4983,#4984,#4985,#4986,
#4987),.UNSPECIFIED.,.F.,.F.,(4,1,1,1,4),(0.,1.03291098999853,2.06582197999707,
3.0987329699956,4.1316138342017),.UNSPECIFIED.);
#995=B_SPLINE_CURVE_WITH_KNOTS('',3,(#4988,#4989,#4990,#4991,#4992,#4993,
#4994),.UNSPECIFIED.,.F.,.F.,(4,1,1,1,4),(9.61191635656592E-5,1.03208871947598,
2.06417743895197,3.09626615842795,4.12835487790394),.UNSPECIFIED.);
#996=B_SPLINE_CURVE_WITH_KNOTS('',3,(#4995,#4996,#4997,#4998,#4999,#5000,
#5001),.UNSPECIFIED.,.F.,.F.,(4,1,1,1,4),(0.,1.03301198054336,2.06602396108671,
3.09903594163007,4.1319889676429),.UNSPECIFIED.);
#997=B_SPLINE_CURVE_WITH_KNOTS('',3,(#5002,#5003,#5004,#5005,#5006,#5007,
#5008,#5009,#5010,#5011,#5012,#5013,#5014,#5015,#5016,#5017,#5018,#5019,
#5020,#5021,#5022,#5023,#5024,#5025,#5026,#5027,#5028,#5029,#5030,#5031,
#5032,#5033,#5034,#5035,#5036,#5037,#5038,#5039),.UNSPECIFIED.,.F.,.F.,
(4,2,2,2,2,2,2,2,2,2,2,2,2,2,2,2,2,2,4),(-6.06581599765983,-5.58866561902254,
-5.27508080710571,-4.9397693628123,-4.64132081879061,-4.39045062314725,
-4.00654811471003,-3.6474306928174,-3.25970987866456,-2.89984301065498,
-2.5400703659173,-2.15305195048354,-1.80067951971487,-1.42510669027758,
-1.1815458444086,-0.893251653364508,-0.575334097601011,-0.296123225567252,
-9.21505134293075E-5),.UNSPECIFIED.);
#998=B_SPLINE_CURVE_WITH_KNOTS('',3,(#5040,#5041,#5042,#5043,#5044,#5045,
#5046,#5047,#5048,#5049,#5050,#5051,#5052,#5053,#5054,#5055,#5056,#5057,
#5058,#5059,#5060,#5061,#5062,#5063,#5064,#5065,#5066,#5067,#5068,#5069,
#5070,#5071,#5072,#5073,#5074,#5075),.UNSPECIFIED.,.F.,.F.,(4,2,2,2,2,2,
2,2,2,2,2,2,2,2,2,2,2,4),(-5.70921420755,-5.28087574992618,-4.99168890465471,
-4.68472983320484,-4.41198499915513,-4.18212808516692,-3.82682408936565,
-3.49470331157825,-3.13912460917163,-2.80925590721132,-2.479479244347,-2.12347558873726,
-1.78823450591871,-1.42871253141689,-1.19627658501822,-0.921925220982938,
-0.612167679966714,-9.67928688554378E-5),.UNSPECIFIED.);
#999=B_SPLINE_CURVE_WITH_KNOTS('',3,(#5076,#5077,#5078,#5079,#5080,#5081,
#5082),.UNSPECIFIED.,.F.,.F.,(4,1,1,1,4),(7.11061093828201E-5,1.03198794196272,
2.06397588392544,3.09596382588816,4.12795176785088),.UNSPECIFIED.);
#1000=B_SPLINE_CURVE_WITH_KNOTS('',3,(#5083,#5084,#5085,#5086,#5087,#5088,
#5089),.UNSPECIFIED.,.F.,.F.,(4,1,1,1,4),(0.,1.03291169779778,2.06582339559557,
3.09873509339335,4.13160341999863),.UNSPECIFIED.);
#1001=B_SPLINE_CURVE_WITH_KNOTS('',3,(#5090,#5091,#5092,#5093,#5094,#5095,
#5096),.UNSPECIFIED.,.F.,.F.,(4,1,1,1,4),(9.50573637178878E-5,1.03172169158958,
2.06344338317917,3.09516507476875,4.12688676635833),.UNSPECIFIED.);
#1002=B_SPLINE_CURVE_WITH_KNOTS('',3,(#5097,#5098,#5099,#5100,#5101,#5102,
#5103),.UNSPECIFIED.,.F.,.F.,(4,1,1,1,4),(0.,1.03264495283616,2.06528990567232,
3.09793485850848,4.13052082541329),.UNSPECIFIED.);
#1003=B_SPLINE_CURVE_WITH_KNOTS('',3,(#5104,#5105,#5106,#5107,#5108,#5109,
#5110),.UNSPECIFIED.,.F.,.F.,(4,1,1,1,4),(-4.13214131884679,-3.09910598913509,
-2.06607065942339,-1.0330353297117,-0.000135106160924952),.UNSPECIFIED.);
#1004=B_SPLINE_CURVE_WITH_KNOTS('',3,(#5111,#5112,#5113,#5114,#5115,#5116,
#5117,#5118,#5119,#5120,#5121,#5122,#5123,#5124,#5125,#5126,#5127,#5128,
#5129,#5130,#5131,#5132,#5133,#5134,#5135,#5136,#5137,#5138,#5139,#5140,
#5141,#5142,#5143,#5144,#5145,#5146),.UNSPECIFIED.,.F.,.F.,(4,2,2,2,2,2,
2,2,2,2,2,2,2,2,2,2,2,4),(-5.73380807244659,-5.22602018096674,-4.93482097321618,
-4.63042253295447,-4.36019180483687,-4.1331121398712,-3.78519124458666,
-3.45962885879385,-3.1087844879605,-2.78399577543044,-2.45914333316364,
-2.10816934403035,-1.77897965079662,-1.42651841607149,-1.19750925641709,
-0.926233032400734,-0.617507049884424,-0.000519738808417864),
 .UNSPECIFIED.);
#1005=B_SPLINE_CURVE_WITH_KNOTS('',3,(#5148,#5149,#5150,#5151,#5152,#5153,
#5154),.UNSPECIFIED.,.F.,.F.,(4,1,1,1,4),(-4.12789005789074,-3.09596170107506,
-2.06397446738337,-1.03198723369169,0.),.UNSPECIFIED.);
#1006=B_SPLINE_CURVE_WITH_KNOTS('',3,(#5155,#5156,#5157,#5158,#5159,#5160,
#5161),.UNSPECIFIED.,.F.,.F.,(4,1,1,1,4),(-4.13164395999413,-3.0987329699956,
-2.06582197999707,-1.03291098999853,-3.00186722746282E-5),.UNSPECIFIED.);
#1007=B_SPLINE_CURVE_WITH_KNOTS('',3,(#5162,#5163,#5164,#5165,#5166,#5167,
#5168),.UNSPECIFIED.,.F.,.F.,(4,1,1,1,4),(-4.12825937002177,-3.09626615842796,
-2.06417743895197,-1.03208871947599,0.),.UNSPECIFIED.);
#1008=B_SPLINE_CURVE_WITH_KNOTS('',3,(#5169,#5170,#5171,#5172,#5173,#5174,
#5175),.UNSPECIFIED.,.F.,.F.,(4,1,1,1,4),(-4.13204792217343,-3.09903594163007,
-2.06602396108671,-1.03301198054336,-5.89491295008022E-5),.UNSPECIFIED.);
#1009=B_SPLINE_CURVE_WITH_KNOTS('',3,(#5176,#5177,#5178,#5179,#5180,#5181,
#5182),.UNSPECIFIED.,.F.,.F.,(4,1,1,1,4),(-4.12718416158703,-3.09539078620524,
-2.06359385747016,-1.03179692873508,0.),.UNSPECIFIED.);
#1010=B_SPLINE_CURVE_WITH_KNOTS('',3,(#5183,#5184,#5185,#5186,#5187,#5188,
#5189),.UNSPECIFIED.,.F.,.F.,(4,1,1,1,4),(-4.13159381849095,-3.09873865572436,
-2.06582577048291,-1.03291288524145,0.),.UNSPECIFIED.);
#1011=B_SPLINE_CURVE_WITH_KNOTS('',3,(#5190,#5191,#5192,#5193,#5194,#5195,
#5196),.UNSPECIFIED.,.F.,.F.,(4,1,1,1,4),(-4.12788066669237,-3.09596382588816,
-2.06397588392544,-1.03198794196272,0.),.UNSPECIFIED.);
#1012=B_SPLINE_CURVE_WITH_KNOTS('',3,(#5197,#5198,#5199,#5200,#5201,#5202,
#5203),.UNSPECIFIED.,.F.,.F.,(4,1,1,1,4),(-4.13164679119113,-3.09873509339335,
-2.06582339559557,-1.03291169779778,-4.3366298813334E-5),.UNSPECIFIED.);
#1013=B_SPLINE_CURVE_WITH_KNOTS('',3,(#5204,#5205,#5206,#5207,#5208,#5209,
#5210),.UNSPECIFIED.,.F.,.F.,(4,1,1,1,4),(-4.12679171403133,-3.09516507476875,
-2.06344338317917,-1.03172169158958,0.),.UNSPECIFIED.);
#1014=B_SPLINE_CURVE_WITH_KNOTS('',3,(#5211,#5212,#5213,#5214,#5215,#5216,
#5217),.UNSPECIFIED.,.F.,.F.,(4,1,1,1,4),(-4.13057981134463,-3.09793485850848,
-2.06528990567232,-1.03264495283616,-5.89809473366564E-5),.UNSPECIFIED.);
#1015=B_SPLINE_CURVE_WITH_KNOTS('',3,(#5218,#5219,#5220,#5221,#5222,#5223,
#5224),.UNSPECIFIED.,.F.,.F.,(4,1,1,1,4),(0.,1.0330353297117,2.06607065942339,
3.09910598913509,4.13200621383588),.UNSPECIFIED.);
#1016=B_SPLINE_CURVE_WITH_KNOTS('',3,(#5225,#5226,#5227,#5228,#5229,#5230,
#5231,#5232,#5233,#5234,#5235,#5236,#5237,#5238,#5239,#5240,#5241,#5242,
#5243,#5244,#5245,#5246,#5247,#5248,#5249,#5250,#5251,#5252,#5253,#5254,
#5255,#5256,#5257,#5258,#5259,#5260,#5261,#5262),.UNSPECIFIED.,.F.,.F.,
(4,2,2,2,2,2,2,2,2,2,2,2,2,2,2,2,2,2,4),(0.000956153777956718,0.315066035125666,
0.593891414027193,0.906005072364279,1.18578000556505,1.42145680341147,1.78320991817782,
2.27851128327723,3.05095998585177,3.76681681245039,4.48231375532223,5.25525559515583,
5.97224146606101,6.73840367532812,7.23836915439322,7.83165933053829,8.47934003192468,
9.04577471129128,9.64307657929167),.UNSPECIFIED.);
#1017=(
BOUNDED_CURVE()
B_SPLINE_CURVE(2,(#3429,#3430,#3431),.UNSPECIFIED.,.F.,.F.)
B_SPLINE_CURVE_WITH_KNOTS((3,3),(5.15368581929435,13.151633302859),
 .UNSPECIFIED.)
CURVE()
GEOMETRIC_REPRESENTATION_ITEM()
RATIONAL_B_SPLINE_CURVE((1.00000597440648,1.00000878793332,1.00000594550655))
REPRESENTATION_ITEM('')
);
#1018=(
BOUNDED_CURVE()
B_SPLINE_CURVE(2,(#3648,#3649,#3650),.UNSPECIFIED.,.F.,.F.)
B_SPLINE_CURVE_WITH_KNOTS((3,3),(5.11389435451195,13.1118410289248),
 .UNSPECIFIED.)
CURVE()
GEOMETRIC_REPRESENTATION_ITEM()
RATIONAL_B_SPLINE_CURVE((1.00000603523729,1.00000891976417,1.00000606479327))
REPRESENTATION_ITEM('')
);
#1019=(
BOUNDED_CURVE()
B_SPLINE_CURVE(2,(#3897,#3898,#3899),.UNSPECIFIED.,.F.,.F.)
B_SPLINE_CURVE_WITH_KNOTS((3,3),(5.11171141370472,13.1096616014191),
 .UNSPECIFIED.)
CURVE()
GEOMETRIC_REPRESENTATION_ITEM()
RATIONAL_B_SPLINE_CURVE((1.00000567234327,1.00000838485886,1.00000569923265))
REPRESENTATION_ITEM('')
);
#1020=(
BOUNDED_CURVE()
B_SPLINE_CURVE(2,(#4117,#4118,#4119),.UNSPECIFIED.,.F.,.F.)
B_SPLINE_CURVE_WITH_KNOTS((3,3),(-13.1505887223846,-5.15263760134821),
 .UNSPECIFIED.)
CURVE()
GEOMETRIC_REPRESENTATION_ITEM()
RATIONAL_B_SPLINE_CURVE((1.00000556319899,1.0000082224182,1.00000558931333))
REPRESENTATION_ITEM('')
);
#1021=(
BOUNDED_CURVE()
B_SPLINE_CURVE(2,(#4194,#4195,#4196),.UNSPECIFIED.,.F.,.F.)
B_SPLINE_CURVE_WITH_KNOTS((3,3),(-34.2249360387298,-17.5025703691481),
 .UNSPECIFIED.)
CURVE()
GEOMETRIC_REPRESENTATION_ITEM()
RATIONAL_B_SPLINE_CURVE((1.08055872653422,1.94740948743067,1.94793862411001))
REPRESENTATION_ITEM('')
);
#1022=(
BOUNDED_CURVE()
B_SPLINE_CURVE(2,(#4200,#4201,#4202,#4203,#4204,#4205),.UNSPECIFIED.,.F.,
 .F.)
B_SPLINE_CURVE_WITH_KNOTS((3,1,1,1,3),(11.5620153828493,14.1250610368134,
24.8646918649823,31.5010076662605,34.1842646571685),.UNSPECIFIED.)
CURVE()
GEOMETRIC_REPRESENTATION_ITEM()
RATIONAL_B_SPLINE_CURVE((5.48557490535867,5.73053328411408,6.42153218583257,
4.14757055265328,1.87514738570029,1.09832172248617))
REPRESENTATION_ITEM('')
);
#1023=(
BOUNDED_CURVE()
B_SPLINE_CURVE(2,(#4208,#4209,#4210),.UNSPECIFIED.,.F.,.F.)
B_SPLINE_CURVE_WITH_KNOTS((3,3),(-17.5025703691481,-15.5102456455875),
 .UNSPECIFIED.)
CURVE()
GEOMETRIC_REPRESENTATION_ITEM()
RATIONAL_B_SPLINE_CURVE((1.94793862411001,1.94800166615258,1.93576757232148))
REPRESENTATION_ITEM('')
);
#1024=VERTEX_POINT('',#3427);
#1025=VERTEX_POINT('',#3428);
#1026=VERTEX_POINT('',#3432);
#1027=VERTEX_POINT('',#3500);
#1028=VERTEX_POINT('',#3573);
#1029=VERTEX_POINT('',#3574);
#1030=VERTEX_POINT('',#3579);
#1031=VERTEX_POINT('',#3647);
#1032=VERTEX_POINT('',#3719);
#1033=VERTEX_POINT('',#3720);
#1034=VERTEX_POINT('',#3722);
#1035=VERTEX_POINT('',#3724);
#1036=VERTEX_POINT('',#3731);
#1037=VERTEX_POINT('',#3732);
#1038=VERTEX_POINT('',#3734);
#1039=VERTEX_POINT('',#3739);
#1040=VERTEX_POINT('',#3743);
#1041=VERTEX_POINT('',#3744);
#1042=VERTEX_POINT('',#3746);
#1043=VERTEX_POINT('',#3748);
#1044=VERTEX_POINT('',#3758);
#1045=VERTEX_POINT('',#3760);
#1046=VERTEX_POINT('',#3767);
#1047=VERTEX_POINT('',#3769);
#1048=VERTEX_POINT('',#3773);
#1049=VERTEX_POINT('',#3774);
#1050=VERTEX_POINT('',#3776);
#1051=VERTEX_POINT('',#3778);
#1052=VERTEX_POINT('',#3782);
#1053=VERTEX_POINT('',#3784);
#1054=VERTEX_POINT('',#3788);
#1055=VERTEX_POINT('',#3789);
#1056=VERTEX_POINT('',#3791);
#1057=VERTEX_POINT('',#3793);
#1058=VERTEX_POINT('',#3797);
#1059=VERTEX_POINT('',#3799);
#1060=VERTEX_POINT('',#3803);
#1061=VERTEX_POINT('',#3804);
#1062=VERTEX_POINT('',#3806);
#1063=VERTEX_POINT('',#3808);
#1064=VERTEX_POINT('',#3815);
#1065=VERTEX_POINT('',#3816);
#1066=VERTEX_POINT('',#3821);
#1067=VERTEX_POINT('',#3823);
#1068=VERTEX_POINT('',#3827);
#1069=VERTEX_POINT('',#3828);
#1070=VERTEX_POINT('',#3896);
#1071=VERTEX_POINT('',#3900);
#1072=VERTEX_POINT('',#3975);
#1073=VERTEX_POINT('',#3976);
#1074=VERTEX_POINT('',#4044);
#1075=VERTEX_POINT('',#4049);
#1076=VERTEX_POINT('',#4121);
#1077=VERTEX_POINT('',#4122);
#1078=VERTEX_POINT('',#4124);
#1079=VERTEX_POINT('',#4126);
#1080=VERTEX_POINT('',#4130);
#1081=VERTEX_POINT('',#4131);
#1082=VERTEX_POINT('',#4133);
#1083=VERTEX_POINT('',#4135);
#1084=VERTEX_POINT('',#4139);
#1085=VERTEX_POINT('',#4141);
#1086=VERTEX_POINT('',#4145);
#1087=VERTEX_POINT('',#4146);
#1088=VERTEX_POINT('',#4154);
#1089=VERTEX_POINT('',#4156);
#1090=VERTEX_POINT('',#4160);
#1091=VERTEX_POINT('',#4162);
#1092=VERTEX_POINT('',#4169);
#1093=VERTEX_POINT('',#4171);
#1094=VERTEX_POINT('',#4175);
#1095=VERTEX_POINT('',#4176);
#1096=VERTEX_POINT('',#4181);
#1097=VERTEX_POINT('',#4182);
#1098=VERTEX_POINT('',#4184);
#1099=VERTEX_POINT('',#4186);
#1100=VERTEX_POINT('',#4190);
#1101=VERTEX_POINT('',#4191);
#1102=VERTEX_POINT('',#4193);
#1103=VERTEX_POINT('',#4197);
#1104=VERTEX_POINT('',#4199);
#1105=VERTEX_POINT('',#4206);
#1106=VERTEX_POINT('',#4221);
#1107=VERTEX_POINT('',#4223);
#1108=VERTEX_POINT('',#4227);
#1109=VERTEX_POINT('',#4229);
#1110=VERTEX_POINT('',#4233);
#1111=VERTEX_POINT('',#4235);
#1112=VERTEX_POINT('',#4239);
#1113=VERTEX_POINT('',#4241);
#1114=VERTEX_POINT('',#4245);
#1115=VERTEX_POINT('',#4246);
#1116=VERTEX_POINT('',#4248);
#1117=VERTEX_POINT('',#4250);
#1118=VERTEX_POINT('',#4254);
#1119=VERTEX_POINT('',#4255);
#1120=VERTEX_POINT('',#4257);
#1121=VERTEX_POINT('',#4259);
#1122=VERTEX_POINT('',#4263);
#1123=VERTEX_POINT('',#4264);
#1124=VERTEX_POINT('',#4266);
#1125=VERTEX_POINT('',#4268);
#1126=VERTEX_POINT('',#4275);
#1127=VERTEX_POINT('',#4276);
#1128=VERTEX_POINT('',#4278);
#1129=VERTEX_POINT('',#4280);
#1130=VERTEX_POINT('',#4290);
#1131=VERTEX_POINT('',#4292);
#1132=VERTEX_POINT('',#4296);
#1133=VERTEX_POINT('',#4298);
#1134=VERTEX_POINT('',#4302);
#1135=VERTEX_POINT('',#4304);
#1136=VERTEX_POINT('',#4308);
#1137=VERTEX_POINT('',#4309);
#1138=VERTEX_POINT('',#4311);
#1139=VERTEX_POINT('',#4313);
#1140=VERTEX_POINT('',#4317);
#1141=VERTEX_POINT('',#4318);
#1142=VERTEX_POINT('',#4320);
#1143=VERTEX_POINT('',#4322);
#1144=VERTEX_POINT('',#4326);
#1145=VERTEX_POINT('',#4327);
#1146=VERTEX_POINT('',#4329);
#1147=VERTEX_POINT('',#4331);
#1148=VERTEX_POINT('',#4335);
#1149=VERTEX_POINT('',#4336);
#1150=VERTEX_POINT('',#4338);
#1151=VERTEX_POINT('',#4340);
#1152=VERTEX_POINT('',#4344);
#1153=VERTEX_POINT('',#4346);
#1154=VERTEX_POINT('',#4350);
#1155=VERTEX_POINT('',#4352);
#1156=VERTEX_POINT('',#4356);
#1157=VERTEX_POINT('',#4358);
#1158=VERTEX_POINT('',#4362);
#1159=VERTEX_POINT('',#4364);
#1160=VERTEX_POINT('',#4368);
#1161=VERTEX_POINT('',#4370);
#1162=VERTEX_POINT('',#4374);
#1163=VERTEX_POINT('',#4376);
#1164=VERTEX_POINT('',#4380);
#1165=VERTEX_POINT('',#4381);
#1166=VERTEX_POINT('',#4383);
#1167=VERTEX_POINT('',#4385);
#1168=VERTEX_POINT('',#4389);
#1169=VERTEX_POINT('',#4390);
#1170=VERTEX_POINT('',#4392);
#1171=VERTEX_POINT('',#4394);
#1172=VERTEX_POINT('',#4398);
#1173=VERTEX_POINT('',#4399);
#1174=VERTEX_POINT('',#4401);
#1175=VERTEX_POINT('',#4403);
#1176=VERTEX_POINT('',#4407);
#1177=VERTEX_POINT('',#4408);
#1178=VERTEX_POINT('',#4410);
#1179=VERTEX_POINT('',#4412);
#1180=VERTEX_POINT('',#4416);
#1181=VERTEX_POINT('',#4418);
#1182=VERTEX_POINT('',#4422);
#1183=VERTEX_POINT('',#4424);
#1184=VERTEX_POINT('',#4428);
#1185=VERTEX_POINT('',#4430);
#1186=VERTEX_POINT('',#4434);
#1187=VERTEX_POINT('',#4435);
#1188=VERTEX_POINT('',#4437);
#1189=VERTEX_POINT('',#4439);
#1190=VERTEX_POINT('',#4443);
#1191=VERTEX_POINT('',#4444);
#1192=VERTEX_POINT('',#4446);
#1193=VERTEX_POINT('',#4448);
#1194=VERTEX_POINT('',#4452);
#1195=VERTEX_POINT('',#4453);
#1196=VERTEX_POINT('',#4455);
#1197=VERTEX_POINT('',#4457);
#1198=VERTEX_POINT('',#4461);
#1199=VERTEX_POINT('',#4462);
#1200=VERTEX_POINT('',#4467);
#1201=VERTEX_POINT('',#4469);
#1202=VERTEX_POINT('',#4476);
#1203=VERTEX_POINT('',#4478);
#1204=VERTEX_POINT('',#4482);
#1205=VERTEX_POINT('',#4484);
#1206=VERTEX_POINT('',#4488);
#1207=VERTEX_POINT('',#4490);
#1208=VERTEX_POINT('',#4494);
#1209=VERTEX_POINT('',#4495);
#1210=VERTEX_POINT('',#4497);
#1211=VERTEX_POINT('',#4499);
#1212=VERTEX_POINT('',#4503);
#1213=VERTEX_POINT('',#4504);
#1214=VERTEX_POINT('',#4506);
#1215=VERTEX_POINT('',#4508);
#1216=VERTEX_POINT('',#4512);
#1217=VERTEX_POINT('',#4513);
#1218=VERTEX_POINT('',#4515);
#1219=VERTEX_POINT('',#4517);
#1220=VERTEX_POINT('',#4521);
#1221=VERTEX_POINT('',#4522);
#1222=VERTEX_POINT('',#4524);
#1223=VERTEX_POINT('',#4526);
#1224=VERTEX_POINT('',#4530);
#1225=VERTEX_POINT('',#4532);
#1226=VERTEX_POINT('',#4536);
#1227=VERTEX_POINT('',#4538);
#1228=VERTEX_POINT('',#4542);
#1229=VERTEX_POINT('',#4544);
#1230=VERTEX_POINT('',#4548);
#1231=VERTEX_POINT('',#4549);
#1232=VERTEX_POINT('',#4551);
#1233=VERTEX_POINT('',#4553);
#1234=VERTEX_POINT('',#4557);
#1235=VERTEX_POINT('',#4558);
#1236=VERTEX_POINT('',#4560);
#1237=VERTEX_POINT('',#4562);
#1238=VERTEX_POINT('',#4566);
#1239=VERTEX_POINT('',#4567);
#1240=VERTEX_POINT('',#4569);
#1241=VERTEX_POINT('',#4571);
#1242=VERTEX_POINT('',#4575);
#1243=VERTEX_POINT('',#4576);
#1244=VERTEX_POINT('',#4578);
#1245=VERTEX_POINT('',#4580);
#1246=VERTEX_POINT('',#4593);
#1247=VERTEX_POINT('',#4595);
#1248=VERTEX_POINT('',#4599);
#1249=VERTEX_POINT('',#4600);
#1250=VERTEX_POINT('',#4605);
#1251=VERTEX_POINT('',#4607);
#1252=VERTEX_POINT('',#4611);
#1253=VERTEX_POINT('',#4612);
#1254=VERTEX_POINT('',#4620);
#1255=VERTEX_POINT('',#4621);
#1256=VERTEX_POINT('',#4649);
#1257=VERTEX_POINT('',#4651);
#1258=VERTEX_POINT('',#4655);
#1259=VERTEX_POINT('',#4657);
#1260=VERTEX_POINT('',#4664);
#1261=VERTEX_POINT('',#4666);
#1262=EDGE_CURVE('',#1024,#1025,#1017,.T.);
#1263=EDGE_CURVE('',#1026,#1024,#945,.T.);
#1264=EDGE_CURVE('',#1027,#1026,#946,.T.);
#1265=EDGE_CURVE('',#1025,#1027,#947,.T.);
#1266=EDGE_CURVE('',#1028,#1029,#948,.T.);
#1267=EDGE_CURVE('',#1030,#1028,#949,.T.);
#1268=EDGE_CURVE('',#1031,#1030,#1018,.T.);
#1269=EDGE_CURVE('',#1029,#1031,#950,.T.);
#1270=EDGE_CURVE('',#1032,#1033,#414,.T.);
#1271=EDGE_CURVE('',#1034,#1032,#140,.T.);
#1272=EDGE_CURVE('',#1035,#1034,#415,.T.);
#1273=EDGE_CURVE('',#1033,#1035,#951,.T.);
#1274=EDGE_CURVE('',#1036,#1037,#416,.T.);
#1275=EDGE_CURVE('',#1038,#1036,#952,.T.);
#1276=EDGE_CURVE('',#1039,#1038,#417,.T.);
#1277=EDGE_CURVE('',#1037,#1039,#141,.T.);
#1278=EDGE_CURVE('',#1040,#1041,#418,.T.);
#1279=EDGE_CURVE('',#1042,#1040,#142,.T.);
#1280=EDGE_CURVE('',#1043,#1042,#419,.T.);
#1281=EDGE_CURVE('',#1041,#1043,#953,.T.);
#1282=EDGE_CURVE('',#1041,#1029,#130,.T.);
#1283=EDGE_CURVE('',#1028,#1043,#131,.T.);
#1284=EDGE_CURVE('',#1044,#1026,#132,.T.);
#1285=EDGE_CURVE('',#1045,#1044,#954,.T.);
#1286=EDGE_CURVE('',#1027,#1045,#133,.T.);
#1287=EDGE_CURVE('',#1045,#1046,#420,.T.);
#1288=EDGE_CURVE('',#1047,#1044,#421,.T.);
#1289=EDGE_CURVE('',#1046,#1047,#143,.T.);
#1290=EDGE_CURVE('',#1048,#1049,#144,.T.);
#1291=EDGE_CURVE('',#1050,#1048,#422,.T.);
#1292=EDGE_CURVE('',#1051,#1050,#145,.T.);
#1293=EDGE_CURVE('',#1049,#1051,#423,.T.);
#1294=EDGE_CURVE('',#1052,#1050,#424,.T.);
#1295=EDGE_CURVE('',#1053,#1052,#146,.T.);
#1296=EDGE_CURVE('',#1051,#1053,#425,.T.);
#1297=EDGE_CURVE('',#1054,#1055,#426,.T.);
#1298=EDGE_CURVE('',#1056,#1054,#147,.T.);
#1299=EDGE_CURVE('',#1057,#1056,#427,.T.);
#1300=EDGE_CURVE('',#1055,#1057,#148,.T.);
#1301=EDGE_CURVE('',#1058,#1057,#428,.T.);
#1302=EDGE_CURVE('',#1059,#1058,#149,.T.);
#1303=EDGE_CURVE('',#1055,#1059,#429,.T.);
#1304=EDGE_CURVE('',#1060,#1061,#150,.T.);
#1305=EDGE_CURVE('',#1062,#1060,#430,.T.);
#1306=EDGE_CURVE('',#1063,#1062,#955,.T.);
#1307=EDGE_CURVE('',#1061,#1063,#431,.T.);
#1308=EDGE_CURVE('',#1064,#1065,#956,.T.);
#1309=EDGE_CURVE('',#1066,#1064,#432,.T.);
#1310=EDGE_CURVE('',#1067,#1066,#151,.T.);
#1311=EDGE_CURVE('',#1065,#1067,#433,.T.);
#1312=EDGE_CURVE('',#1068,#1069,#957,.T.);
#1313=EDGE_CURVE('',#1070,#1068,#1019,.T.);
#1314=EDGE_CURVE('',#1071,#1070,#958,.T.);
#1315=EDGE_CURVE('',#1069,#1071,#959,.T.);
#1316=EDGE_CURVE('',#1072,#1073,#960,.T.);
#1317=EDGE_CURVE('',#1074,#1072,#961,.T.);
#1318=EDGE_CURVE('',#1075,#1074,#962,.T.);
#1319=EDGE_CURVE('',#1073,#1075,#1020,.T.);
#1320=EDGE_CURVE('',#1076,#1077,#434,.T.);
#1321=EDGE_CURVE('',#1078,#1076,#152,.T.);
#1322=EDGE_CURVE('',#1079,#1078,#435,.T.);
#1323=EDGE_CURVE('',#1077,#1079,#153,.T.);
#1324=EDGE_CURVE('',#1080,#1081,#436,.T.);
#1325=EDGE_CURVE('',#1082,#1080,#154,.T.);
#1326=EDGE_CURVE('',#1083,#1082,#437,.T.);
#1327=EDGE_CURVE('',#1081,#1083,#155,.T.);
#1328=EDGE_CURVE('',#1084,#1076,#438,.T.);
#1329=EDGE_CURVE('',#1085,#1084,#156,.T.);
#1330=EDGE_CURVE('',#1078,#1085,#439,.T.);
#1331=EDGE_CURVE('',#1086,#1087,#963,.T.);
#1332=EDGE_CURVE('',#1074,#1086,#134,.T.);
#1333=EDGE_CURVE('',#1087,#1072,#135,.T.);
#1334=EDGE_CURVE('',#1088,#1083,#440,.T.);
#1335=EDGE_CURVE('',#1089,#1088,#157,.T.);
#1336=EDGE_CURVE('',#1081,#1089,#441,.T.);
#1337=EDGE_CURVE('',#1090,#1071,#136,.T.);
#1338=EDGE_CURVE('',#1091,#1090,#964,.T.);
#1339=EDGE_CURVE('',#1069,#1091,#137,.T.);
#1340=EDGE_CURVE('',#1092,#1090,#442,.T.);
#1341=EDGE_CURVE('',#1093,#1092,#158,.T.);
#1342=EDGE_CURVE('',#1091,#1093,#443,.T.);
#1343=EDGE_CURVE('',#1094,#1095,#159,.T.);
#1344=EDGE_CURVE('',#1086,#1094,#444,.T.);
#1345=EDGE_CURVE('',#1095,#1087,#445,.T.);
#1346=EDGE_CURVE('',#1096,#1097,#160,.T.);
#1347=EDGE_CURVE('',#1098,#1096,#161,.T.);
#1348=EDGE_CURVE('',#1099,#1098,#162,.T.);
#1349=EDGE_CURVE('',#1097,#1099,#163,.T.);
#1350=EDGE_CURVE('',#1100,#1101,#164,.T.);
#1351=EDGE_CURVE('',#1102,#1101,#1021,.T.);
#1352=EDGE_CURVE('',#1103,#1102,#165,.T.);
#1353=EDGE_CURVE('',#1104,#1103,#1022,.T.);
#1354=EDGE_CURVE('',#1105,#1104,#166,.T.);
#1355=EDGE_CURVE('',#1101,#1105,#1023,.T.);
#1356=EDGE_CURVE('',#1024,#1039,#167,.T.);
#1357=EDGE_CURVE('',#1037,#1025,#168,.T.);
#1358=EDGE_CURVE('',#1031,#1032,#169,.T.);
#1359=EDGE_CURVE('',#1034,#1030,#170,.T.);
#1360=EDGE_CURVE('',#1033,#1036,#446,.T.);
#1361=EDGE_CURVE('',#1038,#1035,#447,.T.);
#1362=EDGE_CURVE('',#1106,#1102,#448,.T.);
#1363=EDGE_CURVE('',#1107,#1106,#171,.T.);
#1364=EDGE_CURVE('',#1103,#1107,#449,.T.);
#1365=EDGE_CURVE('',#1108,#1108,#450,.T.);
#1366=EDGE_CURVE('',#1108,#1109,#172,.T.);
#1367=EDGE_CURVE('',#1109,#1109,#451,.T.);
#1368=EDGE_CURVE('',#1110,#1110,#452,.T.);
#1369=EDGE_CURVE('',#1110,#1111,#173,.T.);
#1370=EDGE_CURVE('',#1111,#1111,#453,.T.);
#1371=EDGE_CURVE('',#1112,#1112,#454,.T.);
#1372=EDGE_CURVE('',#1112,#1113,#174,.T.);
#1373=EDGE_CURVE('',#1113,#1113,#455,.T.);
#1374=EDGE_CURVE('',#1114,#1115,#175,.T.);
#1375=EDGE_CURVE('',#1116,#1115,#456,.T.);
#1376=EDGE_CURVE('',#1116,#1117,#176,.T.);
#1377=EDGE_CURVE('',#1114,#1117,#457,.T.);
#1378=EDGE_CURVE('',#1118,#1119,#177,.T.);
#1379=EDGE_CURVE('',#1120,#1119,#458,.T.);
#1380=EDGE_CURVE('',#1120,#1121,#178,.T.);
#1381=EDGE_CURVE('',#1118,#1121,#459,.T.);
#1382=EDGE_CURVE('',#1122,#1123,#460,.T.);
#1383=EDGE_CURVE('',#1122,#1124,#179,.T.);
#1384=EDGE_CURVE('',#1125,#1124,#461,.T.);
#1385=EDGE_CURVE('',#1125,#1123,#965,.T.);
#1386=EDGE_CURVE('',#1126,#1127,#462,.T.);
#1387=EDGE_CURVE('',#1126,#1128,#180,.T.);
#1388=EDGE_CURVE('',#1129,#1128,#463,.T.);
#1389=EDGE_CURVE('',#1129,#1127,#966,.T.);
#1390=EDGE_CURVE('',#1105,#1097,#464,.T.);
#1391=EDGE_CURVE('',#1096,#1104,#465,.T.);
#1392=EDGE_CURVE('',#1130,#1130,#466,.T.);
#1393=EDGE_CURVE('',#1130,#1131,#181,.T.);
#1394=EDGE_CURVE('',#1131,#1131,#467,.T.);
#1395=EDGE_CURVE('',#1132,#1132,#468,.T.);
#1396=EDGE_CURVE('',#1132,#1133,#182,.T.);
#1397=EDGE_CURVE('',#1133,#1133,#469,.T.);
#1398=EDGE_CURVE('',#1134,#1134,#470,.T.);
#1399=EDGE_CURVE('',#1134,#1135,#183,.T.);
#1400=EDGE_CURVE('',#1135,#1135,#471,.T.);
#1401=EDGE_CURVE('',#1136,#1137,#472,.T.);
#1402=EDGE_CURVE('',#1136,#1138,#184,.T.);
#1403=EDGE_CURVE('',#1139,#1138,#473,.T.);
#1404=EDGE_CURVE('',#1139,#1137,#185,.T.);
#1405=EDGE_CURVE('',#1140,#1141,#474,.T.);
#1406=EDGE_CURVE('',#1140,#1142,#186,.T.);
#1407=EDGE_CURVE('',#1143,#1142,#475,.T.);
#1408=EDGE_CURVE('',#1143,#1141,#187,.T.);
#1409=EDGE_CURVE('',#1144,#1145,#188,.T.);
#1410=EDGE_CURVE('',#1146,#1145,#476,.T.);
#1411=EDGE_CURVE('',#1146,#1147,#189,.T.);
#1412=EDGE_CURVE('',#1144,#1147,#477,.T.);
#1413=EDGE_CURVE('',#1148,#1149,#190,.T.);
#1414=EDGE_CURVE('',#1150,#1149,#478,.T.);
#1415=EDGE_CURVE('',#1150,#1151,#191,.T.);
#1416=EDGE_CURVE('',#1148,#1151,#479,.T.);
#1417=EDGE_CURVE('',#1152,#1152,#480,.T.);
#1418=EDGE_CURVE('',#1152,#1153,#192,.T.);
#1419=EDGE_CURVE('',#1153,#1153,#481,.T.);
#1420=EDGE_CURVE('',#1154,#1154,#482,.T.);
#1421=EDGE_CURVE('',#1154,#1155,#193,.T.);
#1422=EDGE_CURVE('',#1155,#1155,#483,.T.);
#1423=EDGE_CURVE('',#1156,#1156,#484,.T.);
#1424=EDGE_CURVE('',#1156,#1157,#194,.T.);
#1425=EDGE_CURVE('',#1157,#1157,#485,.T.);
#1426=EDGE_CURVE('',#1158,#1158,#486,.T.);
#1427=EDGE_CURVE('',#1158,#1159,#195,.T.);
#1428=EDGE_CURVE('',#1159,#1159,#487,.T.);
#1429=EDGE_CURVE('',#1160,#1160,#488,.T.);
#1430=EDGE_CURVE('',#1160,#1161,#196,.T.);
#1431=EDGE_CURVE('',#1161,#1161,#489,.T.);
#1432=EDGE_CURVE('',#1162,#1162,#490,.T.);
#1433=EDGE_CURVE('',#1162,#1163,#197,.T.);
#1434=EDGE_CURVE('',#1163,#1163,#491,.T.);
#1435=EDGE_CURVE('',#1164,#1165,#492,.T.);
#1436=EDGE_CURVE('',#1164,#1166,#198,.T.);
#1437=EDGE_CURVE('',#1167,#1166,#493,.T.);
#1438=EDGE_CURVE('',#1167,#1165,#199,.T.);
#1439=EDGE_CURVE('',#1168,#1169,#494,.T.);
#1440=EDGE_CURVE('',#1168,#1170,#200,.T.);
#1441=EDGE_CURVE('',#1171,#1170,#495,.T.);
#1442=EDGE_CURVE('',#1171,#1169,#201,.T.);
#1443=EDGE_CURVE('',#1172,#1173,#202,.T.);
#1444=EDGE_CURVE('',#1174,#1173,#496,.T.);
#1445=EDGE_CURVE('',#1174,#1175,#203,.T.);
#1446=EDGE_CURVE('',#1172,#1175,#497,.T.);
#1447=EDGE_CURVE('',#1176,#1177,#204,.T.);
#1448=EDGE_CURVE('',#1178,#1177,#498,.T.);
#1449=EDGE_CURVE('',#1178,#1179,#205,.T.);
#1450=EDGE_CURVE('',#1176,#1179,#499,.T.);
#1451=EDGE_CURVE('',#1180,#1180,#500,.T.);
#1452=EDGE_CURVE('',#1180,#1181,#206,.T.);
#1453=EDGE_CURVE('',#1181,#1181,#501,.T.);
#1454=EDGE_CURVE('',#1182,#1182,#502,.T.);
#1455=EDGE_CURVE('',#1182,#1183,#207,.T.);
#1456=EDGE_CURVE('',#1183,#1183,#503,.T.);
#1457=EDGE_CURVE('',#1184,#1184,#504,.T.);
#1458=EDGE_CURVE('',#1184,#1185,#208,.T.);
#1459=EDGE_CURVE('',#1185,#1185,#505,.T.);
#1460=EDGE_CURVE('',#1186,#1187,#506,.T.);
#1461=EDGE_CURVE('',#1186,#1188,#209,.T.);
#1462=EDGE_CURVE('',#1189,#1188,#507,.T.);
#1463=EDGE_CURVE('',#1189,#1187,#210,.T.);
#1464=EDGE_CURVE('',#1190,#1191,#508,.T.);
#1465=EDGE_CURVE('',#1190,#1192,#211,.T.);
#1466=EDGE_CURVE('',#1193,#1192,#509,.T.);
#1467=EDGE_CURVE('',#1193,#1191,#212,.T.);
#1468=EDGE_CURVE('',#1194,#1195,#213,.T.);
#1469=EDGE_CURVE('',#1196,#1195,#510,.T.);
#1470=EDGE_CURVE('',#1196,#1197,#214,.T.);
#1471=EDGE_CURVE('',#1194,#1197,#511,.T.);
#1472=EDGE_CURVE('',#1198,#1199,#967,.T.);
#1473=EDGE_CURVE('',#1200,#1199,#138,.T.);
#1474=EDGE_CURVE('',#1200,#1201,#968,.T.);
#1475=EDGE_CURVE('',#1198,#1201,#139,.T.);
#1476=EDGE_CURVE('',#1202,#1202,#512,.T.);
#1477=EDGE_CURVE('',#1202,#1203,#215,.T.);
#1478=EDGE_CURVE('',#1203,#1203,#513,.T.);
#1479=EDGE_CURVE('',#1204,#1204,#514,.T.);
#1480=EDGE_CURVE('',#1204,#1205,#216,.T.);
#1481=EDGE_CURVE('',#1205,#1205,#515,.T.);
#1482=EDGE_CURVE('',#1206,#1206,#516,.T.);
#1483=EDGE_CURVE('',#1206,#1207,#217,.T.);
#1484=EDGE_CURVE('',#1207,#1207,#517,.T.);
#1485=EDGE_CURVE('',#1208,#1209,#518,.T.);
#1486=EDGE_CURVE('',#1208,#1210,#218,.T.);
#1487=EDGE_CURVE('',#1211,#1210,#519,.T.);
#1488=EDGE_CURVE('',#1211,#1209,#219,.T.);
#1489=EDGE_CURVE('',#1212,#1213,#520,.T.);
#1490=EDGE_CURVE('',#1212,#1214,#220,.T.);
#1491=EDGE_CURVE('',#1215,#1214,#521,.T.);
#1492=EDGE_CURVE('',#1215,#1213,#221,.T.);
#1493=EDGE_CURVE('',#1216,#1217,#222,.T.);
#1494=EDGE_CURVE('',#1218,#1217,#522,.T.);
#1495=EDGE_CURVE('',#1218,#1219,#223,.T.);
#1496=EDGE_CURVE('',#1216,#1219,#523,.T.);
#1497=EDGE_CURVE('',#1220,#1221,#224,.T.);
#1498=EDGE_CURVE('',#1222,#1221,#524,.T.);
#1499=EDGE_CURVE('',#1222,#1223,#225,.T.);
#1500=EDGE_CURVE('',#1220,#1223,#525,.T.);
#1501=EDGE_CURVE('',#1224,#1224,#526,.T.);
#1502=EDGE_CURVE('',#1224,#1225,#226,.T.);
#1503=EDGE_CURVE('',#1225,#1225,#527,.T.);
#1504=EDGE_CURVE('',#1226,#1226,#528,.T.);
#1505=EDGE_CURVE('',#1226,#1227,#227,.T.);
#1506=EDGE_CURVE('',#1227,#1227,#529,.T.);
#1507=EDGE_CURVE('',#1228,#1228,#530,.T.);
#1508=EDGE_CURVE('',#1228,#1229,#228,.T.);
#1509=EDGE_CURVE('',#1229,#1229,#531,.T.);
#1510=EDGE_CURVE('',#1230,#1231,#532,.T.);
#1511=EDGE_CURVE('',#1230,#1232,#229,.T.);
#1512=EDGE_CURVE('',#1233,#1232,#533,.T.);
#1513=EDGE_CURVE('',#1233,#1231,#230,.T.);
#1514=EDGE_CURVE('',#1234,#1235,#534,.T.);
#1515=EDGE_CURVE('',#1234,#1236,#231,.T.);
#1516=EDGE_CURVE('',#1237,#1236,#535,.T.);
#1517=EDGE_CURVE('',#1237,#1235,#232,.T.);
#1518=EDGE_CURVE('',#1238,#1239,#233,.T.);
#1519=EDGE_CURVE('',#1240,#1239,#536,.T.);
#1520=EDGE_CURVE('',#1240,#1241,#234,.T.);
#1521=EDGE_CURVE('',#1238,#1241,#537,.T.);
#1522=EDGE_CURVE('',#1242,#1243,#235,.T.);
#1523=EDGE_CURVE('',#1244,#1243,#538,.T.);
#1524=EDGE_CURVE('',#1244,#1245,#236,.T.);
#1525=EDGE_CURVE('',#1242,#1245,#539,.T.);
#1526=EDGE_CURVE('',#1060,#1075,#237,.T.);
#1527=EDGE_CURVE('',#1073,#1061,#238,.T.);
#1528=EDGE_CURVE('',#1070,#1066,#239,.T.);
#1529=EDGE_CURVE('',#1067,#1068,#240,.T.);
#1530=EDGE_CURVE('',#1064,#1062,#540,.T.);
#1531=EDGE_CURVE('',#1063,#1065,#541,.T.);
#1532=EDGE_CURVE('',#1246,#1098,#542,.T.);
#1533=EDGE_CURVE('',#1247,#1246,#241,.T.);
#1534=EDGE_CURVE('',#1099,#1247,#543,.T.);
#1535=EDGE_CURVE('',#1248,#1249,#242,.T.);
#1536=EDGE_CURVE('',#1107,#1248,#243,.T.);
#1537=EDGE_CURVE('',#1249,#1106,#244,.T.);
#1538=EDGE_CURVE('',#1059,#1250,#245,.T.);
#1539=EDGE_CURVE('',#1251,#1058,#246,.T.);
#1540=EDGE_CURVE('',#1250,#1251,#247,.T.);
#1541=EDGE_CURVE('',#1252,#1253,#248,.T.);
#1542=EDGE_CURVE('',#1056,#1252,#249,.T.);
#1543=EDGE_CURVE('',#1253,#1054,#250,.T.);
#1544=EDGE_CURVE('',#1252,#1052,#251,.T.);
#1545=EDGE_CURVE('',#1053,#1253,#252,.T.);
#1546=EDGE_CURVE('',#1254,#1255,#253,.T.);
#1547=EDGE_CURVE('',#1048,#1254,#254,.T.);
#1548=EDGE_CURVE('',#1255,#1049,#255,.T.);
#1549=EDGE_CURVE('',#1254,#1047,#256,.T.);
#1550=EDGE_CURVE('',#1046,#1255,#257,.T.);
#1551=EDGE_CURVE('',#1250,#1040,#258,.T.);
#1552=EDGE_CURVE('',#1042,#1251,#259,.T.);
#1553=EDGE_CURVE('',#1248,#1246,#260,.T.);
#1554=EDGE_CURVE('',#1247,#1249,#261,.T.);
#1555=EDGE_CURVE('',#1256,#1080,#262,.T.);
#1556=EDGE_CURVE('',#1257,#1256,#263,.T.);
#1557=EDGE_CURVE('',#1082,#1257,#264,.T.);
#1558=EDGE_CURVE('',#1089,#1258,#265,.T.);
#1559=EDGE_CURVE('',#1259,#1088,#266,.T.);
#1560=EDGE_CURVE('',#1258,#1259,#267,.T.);
#1561=EDGE_CURVE('',#1258,#1084,#268,.T.);
#1562=EDGE_CURVE('',#1085,#1259,#269,.T.);
#1563=EDGE_CURVE('',#1077,#1260,#270,.T.);
#1564=EDGE_CURVE('',#1261,#1079,#271,.T.);
#1565=EDGE_CURVE('',#1260,#1261,#272,.T.);
#1566=EDGE_CURVE('',#1094,#1261,#273,.T.);
#1567=EDGE_CURVE('',#1260,#1095,#274,.T.);
#1568=EDGE_CURVE('',#1257,#1092,#275,.T.);
#1569=EDGE_CURVE('',#1093,#1256,#276,.T.);
#1570=EDGE_CURVE('',#1234,#1245,#969,.T.);
#1571=EDGE_CURVE('',#1242,#1235,#970,.T.);
#1572=EDGE_CURVE('',#1212,#1223,#971,.T.);
#1573=EDGE_CURVE('',#1220,#1213,#972,.T.);
#1574=EDGE_CURVE('',#1201,#1190,#973,.T.);
#1575=EDGE_CURVE('',#1191,#1198,#974,.T.);
#1576=EDGE_CURVE('',#1121,#1122,#975,.T.);
#1577=EDGE_CURVE('',#1123,#1118,#976,.T.);
#1578=EDGE_CURVE('',#1140,#1151,#977,.T.);
#1579=EDGE_CURVE('',#1148,#1141,#978,.T.);
#1580=EDGE_CURVE('',#1168,#1179,#979,.T.);
#1581=EDGE_CURVE('',#1176,#1169,#980,.T.);
#1582=EDGE_CURVE('',#1116,#1128,#981,.T.);
#1583=EDGE_CURVE('',#1115,#1129,#982,.T.);
#1584=EDGE_CURVE('',#1138,#1146,#983,.T.);
#1585=EDGE_CURVE('',#1145,#1139,#984,.T.);
#1586=EDGE_CURVE('',#1166,#1174,#985,.T.);
#1587=EDGE_CURVE('',#1173,#1167,#986,.T.);
#1588=EDGE_CURVE('',#1188,#1196,#987,.T.);
#1589=EDGE_CURVE('',#1195,#1189,#988,.T.);
#1590=EDGE_CURVE('',#1210,#1218,#989,.T.);
#1591=EDGE_CURVE('',#1217,#1211,#990,.T.);
#1592=EDGE_CURVE('',#1232,#1240,#991,.T.);
#1593=EDGE_CURVE('',#1239,#1233,#992,.T.);
#1594=EDGE_CURVE('',#1142,#1150,#993,.T.);
#1595=EDGE_CURVE('',#1149,#1143,#994,.T.);
#1596=EDGE_CURVE('',#1170,#1178,#995,.T.);
#1597=EDGE_CURVE('',#1177,#1171,#996,.T.);
#1598=EDGE_CURVE('',#1192,#1200,#997,.T.);
#1599=EDGE_CURVE('',#1199,#1193,#998,.T.);
#1600=EDGE_CURVE('',#1214,#1222,#999,.T.);
#1601=EDGE_CURVE('',#1221,#1215,#1000,.T.);
#1602=EDGE_CURVE('',#1236,#1244,#1001,.T.);
#1603=EDGE_CURVE('',#1243,#1237,#1002,.T.);
#1604=EDGE_CURVE('',#1120,#1124,#1003,.T.);
#1605=EDGE_CURVE('',#1119,#1125,#1004,.T.);
#1606=EDGE_CURVE('',#1136,#1147,#1005,.T.);
#1607=EDGE_CURVE('',#1144,#1137,#1006,.T.);
#1608=EDGE_CURVE('',#1164,#1175,#1007,.T.);
#1609=EDGE_CURVE('',#1172,#1165,#1008,.T.);
#1610=EDGE_CURVE('',#1186,#1197,#1009,.T.);
#1611=EDGE_CURVE('',#1194,#1187,#1010,.T.);
#1612=EDGE_CURVE('',#1208,#1219,#1011,.T.);
#1613=EDGE_CURVE('',#1216,#1209,#1012,.T.);
#1614=EDGE_CURVE('',#1230,#1241,#1013,.T.);
#1615=EDGE_CURVE('',#1238,#1231,#1014,.T.);
#1616=EDGE_CURVE('',#1117,#1126,#1015,.T.);
#1617=EDGE_CURVE('',#1127,#1114,#1016,.T.);
#1618=ORIENTED_EDGE('',*,*,#1262,.F.);
#1619=ORIENTED_EDGE('',*,*,#1263,.F.);
#1620=ORIENTED_EDGE('',*,*,#1264,.F.);
#1621=ORIENTED_EDGE('',*,*,#1265,.F.);
#1622=ORIENTED_EDGE('',*,*,#1266,.F.);
#1623=ORIENTED_EDGE('',*,*,#1267,.F.);
#1624=ORIENTED_EDGE('',*,*,#1268,.F.);
#1625=ORIENTED_EDGE('',*,*,#1269,.F.);
#1626=ORIENTED_EDGE('',*,*,#1270,.F.);
#1627=ORIENTED_EDGE('',*,*,#1271,.F.);
#1628=ORIENTED_EDGE('',*,*,#1272,.F.);
#1629=ORIENTED_EDGE('',*,*,#1273,.F.);
#1630=ORIENTED_EDGE('',*,*,#1274,.F.);
#1631=ORIENTED_EDGE('',*,*,#1275,.F.);
#1632=ORIENTED_EDGE('',*,*,#1276,.F.);
#1633=ORIENTED_EDGE('',*,*,#1277,.F.);
#1634=ORIENTED_EDGE('',*,*,#1278,.F.);
#1635=ORIENTED_EDGE('',*,*,#1279,.F.);
#1636=ORIENTED_EDGE('',*,*,#1280,.F.);
#1637=ORIENTED_EDGE('',*,*,#1281,.F.);
#1638=ORIENTED_EDGE('',*,*,#1282,.F.);
#1639=ORIENTED_EDGE('',*,*,#1281,.T.);
#1640=ORIENTED_EDGE('',*,*,#1283,.F.);
#1641=ORIENTED_EDGE('',*,*,#1266,.T.);
#1642=ORIENTED_EDGE('',*,*,#1264,.T.);
#1643=ORIENTED_EDGE('',*,*,#1284,.F.);
#1644=ORIENTED_EDGE('',*,*,#1285,.F.);
#1645=ORIENTED_EDGE('',*,*,#1286,.F.);
#1646=ORIENTED_EDGE('',*,*,#1287,.F.);
#1647=ORIENTED_EDGE('',*,*,#1285,.T.);
#1648=ORIENTED_EDGE('',*,*,#1288,.F.);
#1649=ORIENTED_EDGE('',*,*,#1289,.F.);
#1650=ORIENTED_EDGE('',*,*,#1290,.F.);
#1651=ORIENTED_EDGE('',*,*,#1291,.F.);
#1652=ORIENTED_EDGE('',*,*,#1292,.F.);
#1653=ORIENTED_EDGE('',*,*,#1293,.F.);
#1654=ORIENTED_EDGE('',*,*,#1292,.T.);
#1655=ORIENTED_EDGE('',*,*,#1294,.F.);
#1656=ORIENTED_EDGE('',*,*,#1295,.F.);
#1657=ORIENTED_EDGE('',*,*,#1296,.F.);
#1658=ORIENTED_EDGE('',*,*,#1297,.F.);
#1659=ORIENTED_EDGE('',*,*,#1298,.F.);
#1660=ORIENTED_EDGE('',*,*,#1299,.F.);
#1661=ORIENTED_EDGE('',*,*,#1300,.F.);
#1662=ORIENTED_EDGE('',*,*,#1300,.T.);
#1663=ORIENTED_EDGE('',*,*,#1301,.F.);
#1664=ORIENTED_EDGE('',*,*,#1302,.F.);
#1665=ORIENTED_EDGE('',*,*,#1303,.F.);
#1666=ORIENTED_EDGE('',*,*,#1304,.F.);
#1667=ORIENTED_EDGE('',*,*,#1305,.F.);
#1668=ORIENTED_EDGE('',*,*,#1306,.F.);
#1669=ORIENTED_EDGE('',*,*,#1307,.F.);
#1670=ORIENTED_EDGE('',*,*,#1308,.F.);
#1671=ORIENTED_EDGE('',*,*,#1309,.F.);
#1672=ORIENTED_EDGE('',*,*,#1310,.F.);
#1673=ORIENTED_EDGE('',*,*,#1311,.F.);
#1674=ORIENTED_EDGE('',*,*,#1312,.F.);
#1675=ORIENTED_EDGE('',*,*,#1313,.F.);
#1676=ORIENTED_EDGE('',*,*,#1314,.F.);
#1677=ORIENTED_EDGE('',*,*,#1315,.F.);
#1678=ORIENTED_EDGE('',*,*,#1316,.F.);
#1679=ORIENTED_EDGE('',*,*,#1317,.F.);
#1680=ORIENTED_EDGE('',*,*,#1318,.F.);
#1681=ORIENTED_EDGE('',*,*,#1319,.F.);
#1682=ORIENTED_EDGE('',*,*,#1320,.F.);
#1683=ORIENTED_EDGE('',*,*,#1321,.F.);
#1684=ORIENTED_EDGE('',*,*,#1322,.F.);
#1685=ORIENTED_EDGE('',*,*,#1323,.F.);
#1686=ORIENTED_EDGE('',*,*,#1324,.F.);
#1687=ORIENTED_EDGE('',*,*,#1325,.F.);
#1688=ORIENTED_EDGE('',*,*,#1326,.F.);
#1689=ORIENTED_EDGE('',*,*,#1327,.F.);
#1690=ORIENTED_EDGE('',*,*,#1328,.F.);
#1691=ORIENTED_EDGE('',*,*,#1329,.F.);
#1692=ORIENTED_EDGE('',*,*,#1330,.F.);
#1693=ORIENTED_EDGE('',*,*,#1321,.T.);
#1694=ORIENTED_EDGE('',*,*,#1331,.F.);
#1695=ORIENTED_EDGE('',*,*,#1332,.F.);
#1696=ORIENTED_EDGE('',*,*,#1317,.T.);
#1697=ORIENTED_EDGE('',*,*,#1333,.F.);
#1698=ORIENTED_EDGE('',*,*,#1327,.T.);
#1699=ORIENTED_EDGE('',*,*,#1334,.F.);
#1700=ORIENTED_EDGE('',*,*,#1335,.F.);
#1701=ORIENTED_EDGE('',*,*,#1336,.F.);
#1702=ORIENTED_EDGE('',*,*,#1315,.T.);
#1703=ORIENTED_EDGE('',*,*,#1337,.F.);
#1704=ORIENTED_EDGE('',*,*,#1338,.F.);
#1705=ORIENTED_EDGE('',*,*,#1339,.F.);
#1706=ORIENTED_EDGE('',*,*,#1338,.T.);
#1707=ORIENTED_EDGE('',*,*,#1340,.F.);
#1708=ORIENTED_EDGE('',*,*,#1341,.F.);
#1709=ORIENTED_EDGE('',*,*,#1342,.F.);
#1710=ORIENTED_EDGE('',*,*,#1343,.F.);
#1711=ORIENTED_EDGE('',*,*,#1344,.F.);
#1712=ORIENTED_EDGE('',*,*,#1331,.T.);
#1713=ORIENTED_EDGE('',*,*,#1345,.F.);
#1714=ORIENTED_EDGE('',*,*,#1346,.F.);
#1715=ORIENTED_EDGE('',*,*,#1347,.F.);
#1716=ORIENTED_EDGE('',*,*,#1348,.F.);
#1717=ORIENTED_EDGE('',*,*,#1349,.F.);
#1718=ORIENTED_EDGE('',*,*,#1350,.T.);
#1719=ORIENTED_EDGE('',*,*,#1351,.F.);
#1720=ORIENTED_EDGE('',*,*,#1352,.F.);
#1721=ORIENTED_EDGE('',*,*,#1353,.F.);
#1722=ORIENTED_EDGE('',*,*,#1354,.F.);
#1723=ORIENTED_EDGE('',*,*,#1355,.F.);
#1724=ORIENTED_EDGE('',*,*,#1350,.F.);
#1725=ORIENTED_EDGE('',*,*,#1277,.T.);
#1726=ORIENTED_EDGE('',*,*,#1356,.F.);
#1727=ORIENTED_EDGE('',*,*,#1262,.T.);
#1728=ORIENTED_EDGE('',*,*,#1357,.F.);
#1729=ORIENTED_EDGE('',*,*,#1358,.F.);
#1730=ORIENTED_EDGE('',*,*,#1268,.T.);
#1731=ORIENTED_EDGE('',*,*,#1359,.F.);
#1732=ORIENTED_EDGE('',*,*,#1271,.T.);
#1733=ORIENTED_EDGE('',*,*,#1360,.F.);
#1734=ORIENTED_EDGE('',*,*,#1273,.T.);
#1735=ORIENTED_EDGE('',*,*,#1361,.F.);
#1736=ORIENTED_EDGE('',*,*,#1275,.T.);
#1737=ORIENTED_EDGE('',*,*,#1362,.F.);
#1738=ORIENTED_EDGE('',*,*,#1363,.F.);
#1739=ORIENTED_EDGE('',*,*,#1364,.F.);
#1740=ORIENTED_EDGE('',*,*,#1352,.T.);
#1741=ORIENTED_EDGE('',*,*,#1365,.F.);
#1742=ORIENTED_EDGE('',*,*,#1366,.T.);
#1743=ORIENTED_EDGE('',*,*,#1367,.F.);
#1744=ORIENTED_EDGE('',*,*,#1366,.F.);
#1745=ORIENTED_EDGE('',*,*,#1368,.F.);
#1746=ORIENTED_EDGE('',*,*,#1369,.T.);
#1747=ORIENTED_EDGE('',*,*,#1370,.F.);
#1748=ORIENTED_EDGE('',*,*,#1369,.F.);
#1749=ORIENTED_EDGE('',*,*,#1371,.F.);
#1750=ORIENTED_EDGE('',*,*,#1372,.T.);
#1751=ORIENTED_EDGE('',*,*,#1373,.F.);
#1752=ORIENTED_EDGE('',*,*,#1372,.F.);
#1753=ORIENTED_EDGE('',*,*,#1374,.T.);
#1754=ORIENTED_EDGE('',*,*,#1375,.F.);
#1755=ORIENTED_EDGE('',*,*,#1376,.T.);
#1756=ORIENTED_EDGE('',*,*,#1377,.F.);
#1757=ORIENTED_EDGE('',*,*,#1378,.T.);
#1758=ORIENTED_EDGE('',*,*,#1379,.F.);
#1759=ORIENTED_EDGE('',*,*,#1380,.T.);
#1760=ORIENTED_EDGE('',*,*,#1381,.F.);
#1761=ORIENTED_EDGE('',*,*,#1382,.F.);
#1762=ORIENTED_EDGE('',*,*,#1383,.T.);
#1763=ORIENTED_EDGE('',*,*,#1384,.F.);
#1764=ORIENTED_EDGE('',*,*,#1385,.T.);
#1765=ORIENTED_EDGE('',*,*,#1386,.F.);
#1766=ORIENTED_EDGE('',*,*,#1387,.T.);
#1767=ORIENTED_EDGE('',*,*,#1388,.F.);
#1768=ORIENTED_EDGE('',*,*,#1389,.T.);
#1769=ORIENTED_EDGE('',*,*,#1390,.F.);
#1770=ORIENTED_EDGE('',*,*,#1354,.T.);
#1771=ORIENTED_EDGE('',*,*,#1391,.F.);
#1772=ORIENTED_EDGE('',*,*,#1346,.T.);
#1773=ORIENTED_EDGE('',*,*,#1392,.F.);
#1774=ORIENTED_EDGE('',*,*,#1393,.T.);
#1775=ORIENTED_EDGE('',*,*,#1394,.F.);
#1776=ORIENTED_EDGE('',*,*,#1393,.F.);
#1777=ORIENTED_EDGE('',*,*,#1395,.F.);
#1778=ORIENTED_EDGE('',*,*,#1396,.T.);
#1779=ORIENTED_EDGE('',*,*,#1397,.F.);
#1780=ORIENTED_EDGE('',*,*,#1396,.F.);
#1781=ORIENTED_EDGE('',*,*,#1398,.F.);
#1782=ORIENTED_EDGE('',*,*,#1399,.T.);
#1783=ORIENTED_EDGE('',*,*,#1400,.F.);
#1784=ORIENTED_EDGE('',*,*,#1399,.F.);
#1785=ORIENTED_EDGE('',*,*,#1401,.F.);
#1786=ORIENTED_EDGE('',*,*,#1402,.T.);
#1787=ORIENTED_EDGE('',*,*,#1403,.F.);
#1788=ORIENTED_EDGE('',*,*,#1404,.T.);
#1789=ORIENTED_EDGE('',*,*,#1405,.F.);
#1790=ORIENTED_EDGE('',*,*,#1406,.T.);
#1791=ORIENTED_EDGE('',*,*,#1407,.F.);
#1792=ORIENTED_EDGE('',*,*,#1408,.T.);
#1793=ORIENTED_EDGE('',*,*,#1409,.T.);
#1794=ORIENTED_EDGE('',*,*,#1410,.F.);
#1795=ORIENTED_EDGE('',*,*,#1411,.T.);
#1796=ORIENTED_EDGE('',*,*,#1412,.F.);
#1797=ORIENTED_EDGE('',*,*,#1413,.T.);
#1798=ORIENTED_EDGE('',*,*,#1414,.F.);
#1799=ORIENTED_EDGE('',*,*,#1415,.T.);
#1800=ORIENTED_EDGE('',*,*,#1416,.F.);
#1801=ORIENTED_EDGE('',*,*,#1417,.F.);
#1802=ORIENTED_EDGE('',*,*,#1418,.T.);
#1803=ORIENTED_EDGE('',*,*,#1419,.F.);
#1804=ORIENTED_EDGE('',*,*,#1418,.F.);
#1805=ORIENTED_EDGE('',*,*,#1420,.F.);
#1806=ORIENTED_EDGE('',*,*,#1421,.T.);
#1807=ORIENTED_EDGE('',*,*,#1422,.F.);
#1808=ORIENTED_EDGE('',*,*,#1421,.F.);
#1809=ORIENTED_EDGE('',*,*,#1423,.F.);
#1810=ORIENTED_EDGE('',*,*,#1424,.T.);
#1811=ORIENTED_EDGE('',*,*,#1425,.F.);
#1812=ORIENTED_EDGE('',*,*,#1424,.F.);
#1813=ORIENTED_EDGE('',*,*,#1426,.F.);
#1814=ORIENTED_EDGE('',*,*,#1427,.T.);
#1815=ORIENTED_EDGE('',*,*,#1428,.F.);
#1816=ORIENTED_EDGE('',*,*,#1427,.F.);
#1817=ORIENTED_EDGE('',*,*,#1429,.F.);
#1818=ORIENTED_EDGE('',*,*,#1430,.T.);
#1819=ORIENTED_EDGE('',*,*,#1431,.F.);
#1820=ORIENTED_EDGE('',*,*,#1430,.F.);
#1821=ORIENTED_EDGE('',*,*,#1432,.F.);
#1822=ORIENTED_EDGE('',*,*,#1433,.T.);
#1823=ORIENTED_EDGE('',*,*,#1434,.F.);
#1824=ORIENTED_EDGE('',*,*,#1433,.F.);
#1825=ORIENTED_EDGE('',*,*,#1435,.F.);
#1826=ORIENTED_EDGE('',*,*,#1436,.T.);
#1827=ORIENTED_EDGE('',*,*,#1437,.F.);
#1828=ORIENTED_EDGE('',*,*,#1438,.T.);
#1829=ORIENTED_EDGE('',*,*,#1439,.F.);
#1830=ORIENTED_EDGE('',*,*,#1440,.T.);
#1831=ORIENTED_EDGE('',*,*,#1441,.F.);
#1832=ORIENTED_EDGE('',*,*,#1442,.T.);
#1833=ORIENTED_EDGE('',*,*,#1443,.T.);
#1834=ORIENTED_EDGE('',*,*,#1444,.F.);
#1835=ORIENTED_EDGE('',*,*,#1445,.T.);
#1836=ORIENTED_EDGE('',*,*,#1446,.F.);
#1837=ORIENTED_EDGE('',*,*,#1447,.T.);
#1838=ORIENTED_EDGE('',*,*,#1448,.F.);
#1839=ORIENTED_EDGE('',*,*,#1449,.T.);
#1840=ORIENTED_EDGE('',*,*,#1450,.F.);
#1841=ORIENTED_EDGE('',*,*,#1451,.F.);
#1842=ORIENTED_EDGE('',*,*,#1452,.T.);
#1843=ORIENTED_EDGE('',*,*,#1453,.F.);
#1844=ORIENTED_EDGE('',*,*,#1452,.F.);
#1845=ORIENTED_EDGE('',*,*,#1454,.F.);
#1846=ORIENTED_EDGE('',*,*,#1455,.T.);
#1847=ORIENTED_EDGE('',*,*,#1456,.F.);
#1848=ORIENTED_EDGE('',*,*,#1455,.F.);
#1849=ORIENTED_EDGE('',*,*,#1457,.F.);
#1850=ORIENTED_EDGE('',*,*,#1458,.T.);
#1851=ORIENTED_EDGE('',*,*,#1459,.F.);
#1852=ORIENTED_EDGE('',*,*,#1458,.F.);
#1853=ORIENTED_EDGE('',*,*,#1460,.F.);
#1854=ORIENTED_EDGE('',*,*,#1461,.T.);
#1855=ORIENTED_EDGE('',*,*,#1462,.F.);
#1856=ORIENTED_EDGE('',*,*,#1463,.T.);
#1857=ORIENTED_EDGE('',*,*,#1464,.F.);
#1858=ORIENTED_EDGE('',*,*,#1465,.T.);
#1859=ORIENTED_EDGE('',*,*,#1466,.F.);
#1860=ORIENTED_EDGE('',*,*,#1467,.T.);
#1861=ORIENTED_EDGE('',*,*,#1468,.T.);
#1862=ORIENTED_EDGE('',*,*,#1469,.F.);
#1863=ORIENTED_EDGE('',*,*,#1470,.T.);
#1864=ORIENTED_EDGE('',*,*,#1471,.F.);
#1865=ORIENTED_EDGE('',*,*,#1472,.T.);
#1866=ORIENTED_EDGE('',*,*,#1473,.F.);
#1867=ORIENTED_EDGE('',*,*,#1474,.T.);
#1868=ORIENTED_EDGE('',*,*,#1475,.F.);
#1869=ORIENTED_EDGE('',*,*,#1476,.F.);
#1870=ORIENTED_EDGE('',*,*,#1477,.T.);
#1871=ORIENTED_EDGE('',*,*,#1478,.F.);
#1872=ORIENTED_EDGE('',*,*,#1477,.F.);
#1873=ORIENTED_EDGE('',*,*,#1479,.F.);
#1874=ORIENTED_EDGE('',*,*,#1480,.T.);
#1875=ORIENTED_EDGE('',*,*,#1481,.F.);
#1876=ORIENTED_EDGE('',*,*,#1480,.F.);
#1877=ORIENTED_EDGE('',*,*,#1482,.F.);
#1878=ORIENTED_EDGE('',*,*,#1483,.T.);
#1879=ORIENTED_EDGE('',*,*,#1484,.F.);
#1880=ORIENTED_EDGE('',*,*,#1483,.F.);
#1881=ORIENTED_EDGE('',*,*,#1485,.F.);
#1882=ORIENTED_EDGE('',*,*,#1486,.T.);
#1883=ORIENTED_EDGE('',*,*,#1487,.F.);
#1884=ORIENTED_EDGE('',*,*,#1488,.T.);
#1885=ORIENTED_EDGE('',*,*,#1489,.F.);
#1886=ORIENTED_EDGE('',*,*,#1490,.T.);
#1887=ORIENTED_EDGE('',*,*,#1491,.F.);
#1888=ORIENTED_EDGE('',*,*,#1492,.T.);
#1889=ORIENTED_EDGE('',*,*,#1493,.T.);
#1890=ORIENTED_EDGE('',*,*,#1494,.F.);
#1891=ORIENTED_EDGE('',*,*,#1495,.T.);
#1892=ORIENTED_EDGE('',*,*,#1496,.F.);
#1893=ORIENTED_EDGE('',*,*,#1497,.T.);
#1894=ORIENTED_EDGE('',*,*,#1498,.F.);
#1895=ORIENTED_EDGE('',*,*,#1499,.T.);
#1896=ORIENTED_EDGE('',*,*,#1500,.F.);
#1897=ORIENTED_EDGE('',*,*,#1501,.F.);
#1898=ORIENTED_EDGE('',*,*,#1502,.T.);
#1899=ORIENTED_EDGE('',*,*,#1503,.F.);
#1900=ORIENTED_EDGE('',*,*,#1502,.F.);
#1901=ORIENTED_EDGE('',*,*,#1504,.F.);
#1902=ORIENTED_EDGE('',*,*,#1505,.T.);
#1903=ORIENTED_EDGE('',*,*,#1506,.F.);
#1904=ORIENTED_EDGE('',*,*,#1505,.F.);
#1905=ORIENTED_EDGE('',*,*,#1507,.F.);
#1906=ORIENTED_EDGE('',*,*,#1508,.T.);
#1907=ORIENTED_EDGE('',*,*,#1509,.F.);
#1908=ORIENTED_EDGE('',*,*,#1508,.F.);
#1909=ORIENTED_EDGE('',*,*,#1510,.F.);
#1910=ORIENTED_EDGE('',*,*,#1511,.T.);
#1911=ORIENTED_EDGE('',*,*,#1512,.F.);
#1912=ORIENTED_EDGE('',*,*,#1513,.T.);
#1913=ORIENTED_EDGE('',*,*,#1514,.F.);
#1914=ORIENTED_EDGE('',*,*,#1515,.T.);
#1915=ORIENTED_EDGE('',*,*,#1516,.F.);
#1916=ORIENTED_EDGE('',*,*,#1517,.T.);
#1917=ORIENTED_EDGE('',*,*,#1518,.T.);
#1918=ORIENTED_EDGE('',*,*,#1519,.F.);
#1919=ORIENTED_EDGE('',*,*,#1520,.T.);
#1920=ORIENTED_EDGE('',*,*,#1521,.F.);
#1921=ORIENTED_EDGE('',*,*,#1522,.T.);
#1922=ORIENTED_EDGE('',*,*,#1523,.F.);
#1923=ORIENTED_EDGE('',*,*,#1524,.T.);
#1924=ORIENTED_EDGE('',*,*,#1525,.F.);
#1925=ORIENTED_EDGE('',*,*,#1319,.T.);
#1926=ORIENTED_EDGE('',*,*,#1526,.F.);
#1927=ORIENTED_EDGE('',*,*,#1304,.T.);
#1928=ORIENTED_EDGE('',*,*,#1527,.F.);
#1929=ORIENTED_EDGE('',*,*,#1310,.T.);
#1930=ORIENTED_EDGE('',*,*,#1528,.F.);
#1931=ORIENTED_EDGE('',*,*,#1313,.T.);
#1932=ORIENTED_EDGE('',*,*,#1529,.F.);
#1933=ORIENTED_EDGE('',*,*,#1306,.T.);
#1934=ORIENTED_EDGE('',*,*,#1530,.F.);
#1935=ORIENTED_EDGE('',*,*,#1308,.T.);
#1936=ORIENTED_EDGE('',*,*,#1531,.F.);
#1937=ORIENTED_EDGE('',*,*,#1348,.T.);
#1938=ORIENTED_EDGE('',*,*,#1532,.F.);
#1939=ORIENTED_EDGE('',*,*,#1533,.F.);
#1940=ORIENTED_EDGE('',*,*,#1534,.F.);
#1941=ORIENTED_EDGE('',*,*,#1535,.F.);
#1942=ORIENTED_EDGE('',*,*,#1536,.F.);
#1943=ORIENTED_EDGE('',*,*,#1363,.T.);
#1944=ORIENTED_EDGE('',*,*,#1537,.F.);
#1945=ORIENTED_EDGE('',*,*,#1538,.F.);
#1946=ORIENTED_EDGE('',*,*,#1302,.T.);
#1947=ORIENTED_EDGE('',*,*,#1539,.F.);
#1948=ORIENTED_EDGE('',*,*,#1540,.F.);
#1949=ORIENTED_EDGE('',*,*,#1541,.F.);
#1950=ORIENTED_EDGE('',*,*,#1542,.F.);
#1951=ORIENTED_EDGE('',*,*,#1298,.T.);
#1952=ORIENTED_EDGE('',*,*,#1543,.F.);
#1953=ORIENTED_EDGE('',*,*,#1295,.T.);
#1954=ORIENTED_EDGE('',*,*,#1544,.F.);
#1955=ORIENTED_EDGE('',*,*,#1541,.T.);
#1956=ORIENTED_EDGE('',*,*,#1545,.F.);
#1957=ORIENTED_EDGE('',*,*,#1546,.F.);
#1958=ORIENTED_EDGE('',*,*,#1547,.F.);
#1959=ORIENTED_EDGE('',*,*,#1290,.T.);
#1960=ORIENTED_EDGE('',*,*,#1548,.F.);
#1961=ORIENTED_EDGE('',*,*,#1289,.T.);
#1962=ORIENTED_EDGE('',*,*,#1549,.F.);
#1963=ORIENTED_EDGE('',*,*,#1546,.T.);
#1964=ORIENTED_EDGE('',*,*,#1550,.F.);
#1965=ORIENTED_EDGE('',*,*,#1551,.F.);
#1966=ORIENTED_EDGE('',*,*,#1540,.T.);
#1967=ORIENTED_EDGE('',*,*,#1552,.F.);
#1968=ORIENTED_EDGE('',*,*,#1279,.T.);
#1969=ORIENTED_EDGE('',*,*,#1533,.T.);
#1970=ORIENTED_EDGE('',*,*,#1553,.F.);
#1971=ORIENTED_EDGE('',*,*,#1535,.T.);
#1972=ORIENTED_EDGE('',*,*,#1554,.F.);
#1973=ORIENTED_EDGE('',*,*,#1507,.T.);
#1974=ORIENTED_EDGE('',*,*,#1503,.T.);
#1975=ORIENTED_EDGE('',*,*,#1482,.T.);
#1976=ORIENTED_EDGE('',*,*,#1478,.T.);
#1977=ORIENTED_EDGE('',*,*,#1457,.T.);
#1978=ORIENTED_EDGE('',*,*,#1453,.T.);
#1979=ORIENTED_EDGE('',*,*,#1432,.T.);
#1980=ORIENTED_EDGE('',*,*,#1428,.T.);
#1981=ORIENTED_EDGE('',*,*,#1398,.T.);
#1982=ORIENTED_EDGE('',*,*,#1394,.T.);
#1983=ORIENTED_EDGE('',*,*,#1425,.T.);
#1984=ORIENTED_EDGE('',*,*,#1419,.T.);
#1985=ORIENTED_EDGE('',*,*,#1368,.T.);
#1986=ORIENTED_EDGE('',*,*,#1367,.T.);
#1987=ORIENTED_EDGE('',*,*,#1506,.T.);
#1988=ORIENTED_EDGE('',*,*,#1501,.T.);
#1989=ORIENTED_EDGE('',*,*,#1431,.T.);
#1990=ORIENTED_EDGE('',*,*,#1426,.T.);
#1991=ORIENTED_EDGE('',*,*,#1456,.T.);
#1992=ORIENTED_EDGE('',*,*,#1451,.T.);
#1993=ORIENTED_EDGE('',*,*,#1481,.T.);
#1994=ORIENTED_EDGE('',*,*,#1476,.T.);
#1995=ORIENTED_EDGE('',*,*,#1422,.T.);
#1996=ORIENTED_EDGE('',*,*,#1417,.T.);
#1997=ORIENTED_EDGE('',*,*,#1397,.T.);
#1998=ORIENTED_EDGE('',*,*,#1392,.T.);
#1999=ORIENTED_EDGE('',*,*,#1373,.T.);
#2000=ORIENTED_EDGE('',*,*,#1365,.T.);
#2001=ORIENTED_EDGE('',*,*,#1555,.F.);
#2002=ORIENTED_EDGE('',*,*,#1556,.F.);
#2003=ORIENTED_EDGE('',*,*,#1557,.F.);
#2004=ORIENTED_EDGE('',*,*,#1325,.T.);
#2005=ORIENTED_EDGE('',*,*,#1558,.F.);
#2006=ORIENTED_EDGE('',*,*,#1335,.T.);
#2007=ORIENTED_EDGE('',*,*,#1559,.F.);
#2008=ORIENTED_EDGE('',*,*,#1560,.F.);
#2009=ORIENTED_EDGE('',*,*,#1561,.F.);
#2010=ORIENTED_EDGE('',*,*,#1560,.T.);
#2011=ORIENTED_EDGE('',*,*,#1562,.F.);
#2012=ORIENTED_EDGE('',*,*,#1329,.T.);
#2013=ORIENTED_EDGE('',*,*,#1563,.F.);
#2014=ORIENTED_EDGE('',*,*,#1323,.T.);
#2015=ORIENTED_EDGE('',*,*,#1564,.F.);
#2016=ORIENTED_EDGE('',*,*,#1565,.F.);
#2017=ORIENTED_EDGE('',*,*,#1565,.T.);
#2018=ORIENTED_EDGE('',*,*,#1566,.F.);
#2019=ORIENTED_EDGE('',*,*,#1343,.T.);
#2020=ORIENTED_EDGE('',*,*,#1567,.F.);
#2021=ORIENTED_EDGE('',*,*,#1341,.T.);
#2022=ORIENTED_EDGE('',*,*,#1568,.F.);
#2023=ORIENTED_EDGE('',*,*,#1556,.T.);
#2024=ORIENTED_EDGE('',*,*,#1569,.F.);
#2025=ORIENTED_EDGE('',*,*,#1525,.T.);
#2026=ORIENTED_EDGE('',*,*,#1570,.F.);
#2027=ORIENTED_EDGE('',*,*,#1514,.T.);
#2028=ORIENTED_EDGE('',*,*,#1571,.F.);
#2029=ORIENTED_EDGE('',*,*,#1500,.T.);
#2030=ORIENTED_EDGE('',*,*,#1572,.F.);
#2031=ORIENTED_EDGE('',*,*,#1489,.T.);
#2032=ORIENTED_EDGE('',*,*,#1573,.F.);
#2033=ORIENTED_EDGE('',*,*,#1475,.T.);
#2034=ORIENTED_EDGE('',*,*,#1574,.T.);
#2035=ORIENTED_EDGE('',*,*,#1464,.T.);
#2036=ORIENTED_EDGE('',*,*,#1575,.T.);
#2037=ORIENTED_EDGE('',*,*,#1381,.T.);
#2038=ORIENTED_EDGE('',*,*,#1576,.T.);
#2039=ORIENTED_EDGE('',*,*,#1382,.T.);
#2040=ORIENTED_EDGE('',*,*,#1577,.T.);
#2041=ORIENTED_EDGE('',*,*,#1416,.T.);
#2042=ORIENTED_EDGE('',*,*,#1578,.F.);
#2043=ORIENTED_EDGE('',*,*,#1405,.T.);
#2044=ORIENTED_EDGE('',*,*,#1579,.F.);
#2045=ORIENTED_EDGE('',*,*,#1450,.T.);
#2046=ORIENTED_EDGE('',*,*,#1580,.F.);
#2047=ORIENTED_EDGE('',*,*,#1439,.T.);
#2048=ORIENTED_EDGE('',*,*,#1581,.F.);
#2049=ORIENTED_EDGE('',*,*,#1388,.T.);
#2050=ORIENTED_EDGE('',*,*,#1582,.F.);
#2051=ORIENTED_EDGE('',*,*,#1375,.T.);
#2052=ORIENTED_EDGE('',*,*,#1583,.T.);
#2053=ORIENTED_EDGE('',*,*,#1403,.T.);
#2054=ORIENTED_EDGE('',*,*,#1584,.T.);
#2055=ORIENTED_EDGE('',*,*,#1410,.T.);
#2056=ORIENTED_EDGE('',*,*,#1585,.T.);
#2057=ORIENTED_EDGE('',*,*,#1437,.T.);
#2058=ORIENTED_EDGE('',*,*,#1586,.T.);
#2059=ORIENTED_EDGE('',*,*,#1444,.T.);
#2060=ORIENTED_EDGE('',*,*,#1587,.T.);
#2061=ORIENTED_EDGE('',*,*,#1462,.T.);
#2062=ORIENTED_EDGE('',*,*,#1588,.T.);
#2063=ORIENTED_EDGE('',*,*,#1469,.T.);
#2064=ORIENTED_EDGE('',*,*,#1589,.T.);
#2065=ORIENTED_EDGE('',*,*,#1487,.T.);
#2066=ORIENTED_EDGE('',*,*,#1590,.T.);
#2067=ORIENTED_EDGE('',*,*,#1494,.T.);
#2068=ORIENTED_EDGE('',*,*,#1591,.T.);
#2069=ORIENTED_EDGE('',*,*,#1512,.T.);
#2070=ORIENTED_EDGE('',*,*,#1592,.T.);
#2071=ORIENTED_EDGE('',*,*,#1519,.T.);
#2072=ORIENTED_EDGE('',*,*,#1593,.T.);
#2073=ORIENTED_EDGE('',*,*,#1353,.T.);
#2074=ORIENTED_EDGE('',*,*,#1364,.T.);
#2075=ORIENTED_EDGE('',*,*,#1536,.T.);
#2076=ORIENTED_EDGE('',*,*,#1553,.T.);
#2077=ORIENTED_EDGE('',*,*,#1532,.T.);
#2078=ORIENTED_EDGE('',*,*,#1347,.T.);
#2079=ORIENTED_EDGE('',*,*,#1391,.T.);
#2080=ORIENTED_EDGE('',*,*,#1400,.T.);
#2081=ORIENTED_EDGE('',*,*,#1423,.T.);
#2082=ORIENTED_EDGE('',*,*,#1434,.T.);
#2083=ORIENTED_EDGE('',*,*,#1459,.T.);
#2084=ORIENTED_EDGE('',*,*,#1484,.T.);
#2085=ORIENTED_EDGE('',*,*,#1509,.T.);
#2086=ORIENTED_EDGE('',*,*,#1407,.T.);
#2087=ORIENTED_EDGE('',*,*,#1594,.T.);
#2088=ORIENTED_EDGE('',*,*,#1414,.T.);
#2089=ORIENTED_EDGE('',*,*,#1595,.T.);
#2090=ORIENTED_EDGE('',*,*,#1441,.T.);
#2091=ORIENTED_EDGE('',*,*,#1596,.T.);
#2092=ORIENTED_EDGE('',*,*,#1448,.T.);
#2093=ORIENTED_EDGE('',*,*,#1597,.T.);
#2094=ORIENTED_EDGE('',*,*,#1466,.T.);
#2095=ORIENTED_EDGE('',*,*,#1598,.T.);
#2096=ORIENTED_EDGE('',*,*,#1473,.T.);
#2097=ORIENTED_EDGE('',*,*,#1599,.T.);
#2098=ORIENTED_EDGE('',*,*,#1491,.T.);
#2099=ORIENTED_EDGE('',*,*,#1600,.T.);
#2100=ORIENTED_EDGE('',*,*,#1498,.T.);
#2101=ORIENTED_EDGE('',*,*,#1601,.T.);
#2102=ORIENTED_EDGE('',*,*,#1516,.T.);
#2103=ORIENTED_EDGE('',*,*,#1602,.T.);
#2104=ORIENTED_EDGE('',*,*,#1523,.T.);
#2105=ORIENTED_EDGE('',*,*,#1603,.T.);
#2106=ORIENTED_EDGE('',*,*,#1318,.T.);
#2107=ORIENTED_EDGE('',*,*,#1332,.T.);
#2108=ORIENTED_EDGE('',*,*,#1344,.T.);
#2109=ORIENTED_EDGE('',*,*,#1566,.T.);
#2110=ORIENTED_EDGE('',*,*,#1564,.T.);
#2111=ORIENTED_EDGE('',*,*,#1322,.T.);
#2112=ORIENTED_EDGE('',*,*,#1330,.T.);
#2113=ORIENTED_EDGE('',*,*,#1562,.T.);
#2114=ORIENTED_EDGE('',*,*,#1559,.T.);
#2115=ORIENTED_EDGE('',*,*,#1334,.T.);
#2116=ORIENTED_EDGE('',*,*,#1326,.T.);
#2117=ORIENTED_EDGE('',*,*,#1557,.T.);
#2118=ORIENTED_EDGE('',*,*,#1568,.T.);
#2119=ORIENTED_EDGE('',*,*,#1340,.T.);
#2120=ORIENTED_EDGE('',*,*,#1337,.T.);
#2121=ORIENTED_EDGE('',*,*,#1314,.T.);
#2122=ORIENTED_EDGE('',*,*,#1528,.T.);
#2123=ORIENTED_EDGE('',*,*,#1309,.T.);
#2124=ORIENTED_EDGE('',*,*,#1530,.T.);
#2125=ORIENTED_EDGE('',*,*,#1305,.T.);
#2126=ORIENTED_EDGE('',*,*,#1526,.T.);
#2127=ORIENTED_EDGE('',*,*,#1384,.T.);
#2128=ORIENTED_EDGE('',*,*,#1604,.F.);
#2129=ORIENTED_EDGE('',*,*,#1379,.T.);
#2130=ORIENTED_EDGE('',*,*,#1605,.T.);
#2131=ORIENTED_EDGE('',*,*,#1370,.T.);
#2132=ORIENTED_EDGE('',*,*,#1276,.T.);
#2133=ORIENTED_EDGE('',*,*,#1361,.T.);
#2134=ORIENTED_EDGE('',*,*,#1272,.T.);
#2135=ORIENTED_EDGE('',*,*,#1359,.T.);
#2136=ORIENTED_EDGE('',*,*,#1267,.T.);
#2137=ORIENTED_EDGE('',*,*,#1283,.T.);
#2138=ORIENTED_EDGE('',*,*,#1280,.T.);
#2139=ORIENTED_EDGE('',*,*,#1552,.T.);
#2140=ORIENTED_EDGE('',*,*,#1539,.T.);
#2141=ORIENTED_EDGE('',*,*,#1301,.T.);
#2142=ORIENTED_EDGE('',*,*,#1299,.T.);
#2143=ORIENTED_EDGE('',*,*,#1542,.T.);
#2144=ORIENTED_EDGE('',*,*,#1544,.T.);
#2145=ORIENTED_EDGE('',*,*,#1294,.T.);
#2146=ORIENTED_EDGE('',*,*,#1291,.T.);
#2147=ORIENTED_EDGE('',*,*,#1547,.T.);
#2148=ORIENTED_EDGE('',*,*,#1549,.T.);
#2149=ORIENTED_EDGE('',*,*,#1288,.T.);
#2150=ORIENTED_EDGE('',*,*,#1284,.T.);
#2151=ORIENTED_EDGE('',*,*,#1263,.T.);
#2152=ORIENTED_EDGE('',*,*,#1356,.T.);
#2153=ORIENTED_EDGE('',*,*,#1349,.T.);
#2154=ORIENTED_EDGE('',*,*,#1534,.T.);
#2155=ORIENTED_EDGE('',*,*,#1554,.T.);
#2156=ORIENTED_EDGE('',*,*,#1537,.T.);
#2157=ORIENTED_EDGE('',*,*,#1362,.T.);
#2158=ORIENTED_EDGE('',*,*,#1351,.T.);
#2159=ORIENTED_EDGE('',*,*,#1355,.T.);
#2160=ORIENTED_EDGE('',*,*,#1390,.T.);
#2161=ORIENTED_EDGE('',*,*,#1395,.T.);
#2162=ORIENTED_EDGE('',*,*,#1420,.T.);
#2163=ORIENTED_EDGE('',*,*,#1429,.T.);
#2164=ORIENTED_EDGE('',*,*,#1454,.T.);
#2165=ORIENTED_EDGE('',*,*,#1479,.T.);
#2166=ORIENTED_EDGE('',*,*,#1504,.T.);
#2167=ORIENTED_EDGE('',*,*,#1412,.T.);
#2168=ORIENTED_EDGE('',*,*,#1606,.F.);
#2169=ORIENTED_EDGE('',*,*,#1401,.T.);
#2170=ORIENTED_EDGE('',*,*,#1607,.F.);
#2171=ORIENTED_EDGE('',*,*,#1446,.T.);
#2172=ORIENTED_EDGE('',*,*,#1608,.F.);
#2173=ORIENTED_EDGE('',*,*,#1435,.T.);
#2174=ORIENTED_EDGE('',*,*,#1609,.F.);
#2175=ORIENTED_EDGE('',*,*,#1471,.T.);
#2176=ORIENTED_EDGE('',*,*,#1610,.F.);
#2177=ORIENTED_EDGE('',*,*,#1460,.T.);
#2178=ORIENTED_EDGE('',*,*,#1611,.F.);
#2179=ORIENTED_EDGE('',*,*,#1496,.T.);
#2180=ORIENTED_EDGE('',*,*,#1612,.F.);
#2181=ORIENTED_EDGE('',*,*,#1485,.T.);
#2182=ORIENTED_EDGE('',*,*,#1613,.F.);
#2183=ORIENTED_EDGE('',*,*,#1521,.T.);
#2184=ORIENTED_EDGE('',*,*,#1614,.F.);
#2185=ORIENTED_EDGE('',*,*,#1510,.T.);
#2186=ORIENTED_EDGE('',*,*,#1615,.F.);
#2187=ORIENTED_EDGE('',*,*,#1307,.T.);
#2188=ORIENTED_EDGE('',*,*,#1531,.T.);
#2189=ORIENTED_EDGE('',*,*,#1311,.T.);
#2190=ORIENTED_EDGE('',*,*,#1529,.T.);
#2191=ORIENTED_EDGE('',*,*,#1312,.T.);
#2192=ORIENTED_EDGE('',*,*,#1339,.T.);
#2193=ORIENTED_EDGE('',*,*,#1342,.T.);
#2194=ORIENTED_EDGE('',*,*,#1569,.T.);
#2195=ORIENTED_EDGE('',*,*,#1555,.T.);
#2196=ORIENTED_EDGE('',*,*,#1324,.T.);
#2197=ORIENTED_EDGE('',*,*,#1336,.T.);
#2198=ORIENTED_EDGE('',*,*,#1558,.T.);
#2199=ORIENTED_EDGE('',*,*,#1561,.T.);
#2200=ORIENTED_EDGE('',*,*,#1328,.T.);
#2201=ORIENTED_EDGE('',*,*,#1320,.T.);
#2202=ORIENTED_EDGE('',*,*,#1563,.T.);
#2203=ORIENTED_EDGE('',*,*,#1567,.T.);
#2204=ORIENTED_EDGE('',*,*,#1345,.T.);
#2205=ORIENTED_EDGE('',*,*,#1333,.T.);
#2206=ORIENTED_EDGE('',*,*,#1316,.T.);
#2207=ORIENTED_EDGE('',*,*,#1527,.T.);
#2208=ORIENTED_EDGE('',*,*,#1377,.T.);
#2209=ORIENTED_EDGE('',*,*,#1616,.T.);
#2210=ORIENTED_EDGE('',*,*,#1386,.T.);
#2211=ORIENTED_EDGE('',*,*,#1617,.T.);
#2212=ORIENTED_EDGE('',*,*,#1371,.T.);
#2213=ORIENTED_EDGE('',*,*,#1357,.T.);
#2214=ORIENTED_EDGE('',*,*,#1265,.T.);
#2215=ORIENTED_EDGE('',*,*,#1286,.T.);
#2216=ORIENTED_EDGE('',*,*,#1287,.T.);
#2217=ORIENTED_EDGE('',*,*,#1550,.T.);
#2218=ORIENTED_EDGE('',*,*,#1548,.T.);
#2219=ORIENTED_EDGE('',*,*,#1293,.T.);
#2220=ORIENTED_EDGE('',*,*,#1296,.T.);
#2221=ORIENTED_EDGE('',*,*,#1545,.T.);
#2222=ORIENTED_EDGE('',*,*,#1543,.T.);
#2223=ORIENTED_EDGE('',*,*,#1297,.T.);
#2224=ORIENTED_EDGE('',*,*,#1303,.T.);
#2225=ORIENTED_EDGE('',*,*,#1538,.T.);
#2226=ORIENTED_EDGE('',*,*,#1551,.T.);
#2227=ORIENTED_EDGE('',*,*,#1278,.T.);
#2228=ORIENTED_EDGE('',*,*,#1282,.T.);
#2229=ORIENTED_EDGE('',*,*,#1269,.T.);
#2230=ORIENTED_EDGE('',*,*,#1358,.T.);
#2231=ORIENTED_EDGE('',*,*,#1270,.T.);
#2232=ORIENTED_EDGE('',*,*,#1360,.T.);
#2233=ORIENTED_EDGE('',*,*,#1274,.T.);
#2234=ORIENTED_EDGE('',*,*,#1594,.F.);
#2235=ORIENTED_EDGE('',*,*,#1406,.F.);
#2236=ORIENTED_EDGE('',*,*,#1578,.T.);
#2237=ORIENTED_EDGE('',*,*,#1415,.F.);
#2238=ORIENTED_EDGE('',*,*,#1584,.F.);
#2239=ORIENTED_EDGE('',*,*,#1402,.F.);
#2240=ORIENTED_EDGE('',*,*,#1606,.T.);
#2241=ORIENTED_EDGE('',*,*,#1411,.F.);
#2242=ORIENTED_EDGE('',*,*,#1596,.F.);
#2243=ORIENTED_EDGE('',*,*,#1440,.F.);
#2244=ORIENTED_EDGE('',*,*,#1580,.T.);
#2245=ORIENTED_EDGE('',*,*,#1449,.F.);
#2246=ORIENTED_EDGE('',*,*,#1586,.F.);
#2247=ORIENTED_EDGE('',*,*,#1436,.F.);
#2248=ORIENTED_EDGE('',*,*,#1608,.T.);
#2249=ORIENTED_EDGE('',*,*,#1445,.F.);
#2250=ORIENTED_EDGE('',*,*,#1598,.F.);
#2251=ORIENTED_EDGE('',*,*,#1465,.F.);
#2252=ORIENTED_EDGE('',*,*,#1574,.F.);
#2253=ORIENTED_EDGE('',*,*,#1474,.F.);
#2254=ORIENTED_EDGE('',*,*,#1588,.F.);
#2255=ORIENTED_EDGE('',*,*,#1461,.F.);
#2256=ORIENTED_EDGE('',*,*,#1610,.T.);
#2257=ORIENTED_EDGE('',*,*,#1470,.F.);
#2258=ORIENTED_EDGE('',*,*,#1600,.F.);
#2259=ORIENTED_EDGE('',*,*,#1490,.F.);
#2260=ORIENTED_EDGE('',*,*,#1572,.T.);
#2261=ORIENTED_EDGE('',*,*,#1499,.F.);
#2262=ORIENTED_EDGE('',*,*,#1590,.F.);
#2263=ORIENTED_EDGE('',*,*,#1486,.F.);
#2264=ORIENTED_EDGE('',*,*,#1612,.T.);
#2265=ORIENTED_EDGE('',*,*,#1495,.F.);
#2266=ORIENTED_EDGE('',*,*,#1602,.F.);
#2267=ORIENTED_EDGE('',*,*,#1515,.F.);
#2268=ORIENTED_EDGE('',*,*,#1570,.T.);
#2269=ORIENTED_EDGE('',*,*,#1524,.F.);
#2270=ORIENTED_EDGE('',*,*,#1592,.F.);
#2271=ORIENTED_EDGE('',*,*,#1511,.F.);
#2272=ORIENTED_EDGE('',*,*,#1614,.T.);
#2273=ORIENTED_EDGE('',*,*,#1520,.F.);
#2274=ORIENTED_EDGE('',*,*,#1595,.F.);
#2275=ORIENTED_EDGE('',*,*,#1413,.F.);
#2276=ORIENTED_EDGE('',*,*,#1579,.T.);
#2277=ORIENTED_EDGE('',*,*,#1408,.F.);
#2278=ORIENTED_EDGE('',*,*,#1585,.F.);
#2279=ORIENTED_EDGE('',*,*,#1409,.F.);
#2280=ORIENTED_EDGE('',*,*,#1607,.T.);
#2281=ORIENTED_EDGE('',*,*,#1404,.F.);
#2282=ORIENTED_EDGE('',*,*,#1597,.F.);
#2283=ORIENTED_EDGE('',*,*,#1447,.F.);
#2284=ORIENTED_EDGE('',*,*,#1581,.T.);
#2285=ORIENTED_EDGE('',*,*,#1442,.F.);
#2286=ORIENTED_EDGE('',*,*,#1587,.F.);
#2287=ORIENTED_EDGE('',*,*,#1443,.F.);
#2288=ORIENTED_EDGE('',*,*,#1609,.T.);
#2289=ORIENTED_EDGE('',*,*,#1438,.F.);
#2290=ORIENTED_EDGE('',*,*,#1599,.F.);
#2291=ORIENTED_EDGE('',*,*,#1472,.F.);
#2292=ORIENTED_EDGE('',*,*,#1575,.F.);
#2293=ORIENTED_EDGE('',*,*,#1467,.F.);
#2294=ORIENTED_EDGE('',*,*,#1589,.F.);
#2295=ORIENTED_EDGE('',*,*,#1468,.F.);
#2296=ORIENTED_EDGE('',*,*,#1611,.T.);
#2297=ORIENTED_EDGE('',*,*,#1463,.F.);
#2298=ORIENTED_EDGE('',*,*,#1601,.F.);
#2299=ORIENTED_EDGE('',*,*,#1497,.F.);
#2300=ORIENTED_EDGE('',*,*,#1573,.T.);
#2301=ORIENTED_EDGE('',*,*,#1492,.F.);
#2302=ORIENTED_EDGE('',*,*,#1591,.F.);
#2303=ORIENTED_EDGE('',*,*,#1493,.F.);
#2304=ORIENTED_EDGE('',*,*,#1613,.T.);
#2305=ORIENTED_EDGE('',*,*,#1488,.F.);
#2306=ORIENTED_EDGE('',*,*,#1603,.F.);
#2307=ORIENTED_EDGE('',*,*,#1522,.F.);
#2308=ORIENTED_EDGE('',*,*,#1571,.T.);
#2309=ORIENTED_EDGE('',*,*,#1517,.F.);
#2310=ORIENTED_EDGE('',*,*,#1593,.F.);
#2311=ORIENTED_EDGE('',*,*,#1518,.F.);
#2312=ORIENTED_EDGE('',*,*,#1615,.T.);
#2313=ORIENTED_EDGE('',*,*,#1513,.F.);
#2314=ORIENTED_EDGE('',*,*,#1605,.F.);
#2315=ORIENTED_EDGE('',*,*,#1378,.F.);
#2316=ORIENTED_EDGE('',*,*,#1577,.F.);
#2317=ORIENTED_EDGE('',*,*,#1385,.F.);
#2318=ORIENTED_EDGE('',*,*,#1583,.F.);
#2319=ORIENTED_EDGE('',*,*,#1374,.F.);
#2320=ORIENTED_EDGE('',*,*,#1617,.F.);
#2321=ORIENTED_EDGE('',*,*,#1389,.F.);
#2322=ORIENTED_EDGE('',*,*,#1576,.F.);
#2323=ORIENTED_EDGE('',*,*,#1380,.F.);
#2324=ORIENTED_EDGE('',*,*,#1604,.T.);
#2325=ORIENTED_EDGE('',*,*,#1383,.F.);
#2326=ORIENTED_EDGE('',*,*,#1616,.F.);
#2327=ORIENTED_EDGE('',*,*,#1376,.F.);
#2328=ORIENTED_EDGE('',*,*,#1582,.T.);
#2329=ORIENTED_EDGE('',*,*,#1387,.F.);
#2330=CONICAL_SURFACE('',#2500,39.2087186302255,0.00240515841295302);
#2331=CONICAL_SURFACE('',#2501,39.1075031771458,0.00241639053590134);
#2332=CONICAL_SURFACE('',#2511,57.2184156845757,0.0437001011649418);
#2333=CONICAL_SURFACE('',#2514,57.4365768117839,0.0459354283193696);
#2334=CONICAL_SURFACE('',#2538,40.1240864927662,0.00240342454072962);
#2335=CONICAL_SURFACE('',#2539,40.1788579157508,0.00238308224279266);
#2336=CONICAL_SURFACE('',#2549,55.5691982928398,0.0663208296298969);
#2337=CONICAL_SURFACE('',#2555,54.7691824295075,0.0828448776531143);
#2338=CONICAL_SURFACE('',#2565,175.839152227849,1.5685570891086);
#2339=CONICAL_SURFACE('',#2667,35.9908143611298,0.00166937688419734);
#2340=ADVANCED_FACE('',(#609),#2330,.F.);
#2341=ADVANCED_FACE('',(#610),#2331,.F.);
#2342=ADVANCED_FACE('',(#611),#544,.F.);
#2343=ADVANCED_FACE('',(#612),#545,.F.);
#2344=ADVANCED_FACE('',(#613),#546,.T.);
#2345=ADVANCED_FACE('',(#614),#2332,.T.);
#2346=ADVANCED_FACE('',(#615),#2333,.T.);
#2347=ADVANCED_FACE('',(#616),#547,.T.);
#2348=ADVANCED_FACE('',(#617),#548,.T.);
#2349=ADVANCED_FACE('',(#618),#549,.T.);
#2350=ADVANCED_FACE('',(#619),#550,.T.);
#2351=ADVANCED_FACE('',(#620),#551,.T.);
#2352=ADVANCED_FACE('',(#621),#552,.F.);
#2353=ADVANCED_FACE('',(#622),#553,.F.);
#2354=ADVANCED_FACE('',(#623),#2334,.F.);
#2355=ADVANCED_FACE('',(#624),#2335,.F.);
#2356=ADVANCED_FACE('',(#625),#554,.T.);
#2357=ADVANCED_FACE('',(#626),#555,.T.);
#2358=ADVANCED_FACE('',(#627),#556,.T.);
#2359=ADVANCED_FACE('',(#628),#2336,.T.);
#2360=ADVANCED_FACE('',(#629),#557,.T.);
#2361=ADVANCED_FACE('',(#630),#2337,.T.);
#2362=ADVANCED_FACE('',(#631),#558,.T.);
#2363=ADVANCED_FACE('',(#632),#559,.T.);
#2364=ADVANCED_FACE('',(#633),#83,.F.);
#2365=ADVANCED_FACE('',(#634),#2338,.T.);
#2366=ADVANCED_FACE('',(#635),#84,.T.);
#2367=ADVANCED_FACE('',(#636),#85,.T.);
#2368=ADVANCED_FACE('',(#637),#560,.T.);
#2369=ADVANCED_FACE('',(#638),#561,.T.);
#2370=ADVANCED_FACE('',(#639),#562,.F.);
#2371=ADVANCED_FACE('',(#640),#563,.F.);
#2372=ADVANCED_FACE('',(#641),#564,.F.);
#2373=ADVANCED_FACE('',(#642),#565,.T.);
#2374=ADVANCED_FACE('',(#643),#566,.T.);
#2375=ADVANCED_FACE('',(#644),#567,.T.);
#2376=ADVANCED_FACE('',(#645),#568,.T.);
#2377=ADVANCED_FACE('',(#646),#569,.T.);
#2378=ADVANCED_FACE('',(#647),#570,.F.);
#2379=ADVANCED_FACE('',(#648),#571,.F.);
#2380=ADVANCED_FACE('',(#649),#572,.F.);
#2381=ADVANCED_FACE('',(#650),#573,.T.);
#2382=ADVANCED_FACE('',(#651),#574,.T.);
#2383=ADVANCED_FACE('',(#652),#575,.T.);
#2384=ADVANCED_FACE('',(#653),#576,.T.);
#2385=ADVANCED_FACE('',(#654),#577,.F.);
#2386=ADVANCED_FACE('',(#655),#578,.F.);
#2387=ADVANCED_FACE('',(#656),#579,.F.);
#2388=ADVANCED_FACE('',(#657),#580,.F.);
#2389=ADVANCED_FACE('',(#658),#581,.F.);
#2390=ADVANCED_FACE('',(#659),#582,.F.);
#2391=ADVANCED_FACE('',(#660),#583,.T.);
#2392=ADVANCED_FACE('',(#661),#584,.T.);
#2393=ADVANCED_FACE('',(#662),#585,.T.);
#2394=ADVANCED_FACE('',(#663),#586,.T.);
#2395=ADVANCED_FACE('',(#664),#587,.F.);
#2396=ADVANCED_FACE('',(#665),#588,.F.);
#2397=ADVANCED_FACE('',(#666),#589,.F.);
#2398=ADVANCED_FACE('',(#667),#590,.T.);
#2399=ADVANCED_FACE('',(#668),#591,.T.);
#2400=ADVANCED_FACE('',(#669),#592,.T.);
#2401=ADVANCED_FACE('',(#670),#2339,.T.);
#2402=ADVANCED_FACE('',(#671),#593,.F.);
#2403=ADVANCED_FACE('',(#672),#594,.F.);
#2404=ADVANCED_FACE('',(#673),#595,.F.);
#2405=ADVANCED_FACE('',(#674),#596,.T.);
#2406=ADVANCED_FACE('',(#675),#597,.T.);
#2407=ADVANCED_FACE('',(#676),#598,.T.);
#2408=ADVANCED_FACE('',(#677),#599,.T.);
#2409=ADVANCED_FACE('',(#678),#600,.F.);
#2410=ADVANCED_FACE('',(#679),#601,.F.);
#2411=ADVANCED_FACE('',(#680),#602,.F.);
#2412=ADVANCED_FACE('',(#681),#603,.T.);
#2413=ADVANCED_FACE('',(#682),#604,.T.);
#2414=ADVANCED_FACE('',(#683),#605,.T.);
#2415=ADVANCED_FACE('',(#684),#606,.T.);
#2416=ADVANCED_FACE('',(#685),#86,.F.);
#2417=ADVANCED_FACE('',(#686),#87,.T.);
#2418=ADVANCED_FACE('',(#687),#607,.T.);
#2419=ADVANCED_FACE('',(#688),#608,.T.);
#2420=ADVANCED_FACE('',(#689),#88,.F.);
#2421=ADVANCED_FACE('',(#690),#89,.T.);
#2422=ADVANCED_FACE('',(#691),#90,.T.);
#2423=ADVANCED_FACE('',(#692),#91,.T.);
#2424=ADVANCED_FACE('',(#693),#92,.T.);
#2425=ADVANCED_FACE('',(#694),#93,.F.);
#2426=ADVANCED_FACE('',(#695),#94,.F.);
#2427=ADVANCED_FACE('',(#696),#95,.T.);
#2428=ADVANCED_FACE('',(#697,#39),#96,.T.);
#2429=ADVANCED_FACE('',(#698,#40),#97,.T.);
#2430=ADVANCED_FACE('',(#699,#41),#98,.T.);
#2431=ADVANCED_FACE('',(#700,#42),#99,.T.);
#2432=ADVANCED_FACE('',(#701,#43),#100,.T.);
#2433=ADVANCED_FACE('',(#702,#44),#101,.T.);
#2434=ADVANCED_FACE('',(#703,#45),#102,.T.);
#2435=ADVANCED_FACE('',(#704,#46),#103,.F.);
#2436=ADVANCED_FACE('',(#705,#47),#104,.F.);
#2437=ADVANCED_FACE('',(#706,#48),#105,.F.);
#2438=ADVANCED_FACE('',(#707,#49),#106,.F.);
#2439=ADVANCED_FACE('',(#708,#50),#107,.F.);
#2440=ADVANCED_FACE('',(#709,#51),#108,.F.);
#2441=ADVANCED_FACE('',(#710,#52),#109,.F.);
#2442=ADVANCED_FACE('',(#711),#110,.T.);
#2443=ADVANCED_FACE('',(#712),#111,.F.);
#2444=ADVANCED_FACE('',(#713),#112,.F.);
#2445=ADVANCED_FACE('',(#714),#113,.F.);
#2446=ADVANCED_FACE('',(#715),#114,.F.);
#2447=ADVANCED_FACE('',(#716),#115,.T.);
#2448=ADVANCED_FACE('',(#717),#116,.T.);
#2449=ADVANCED_FACE('',(#718),#117,.T.);
#2450=ADVANCED_FACE('',(#719),#118,.T.);
#2451=ADVANCED_FACE('',(#720),#119,.T.);
#2452=ADVANCED_FACE('',(#721),#120,.T.);
#2453=ADVANCED_FACE('',(#722),#121,.T.);
#2454=ADVANCED_FACE('',(#723),#122,.F.);
#2455=ADVANCED_FACE('',(#724),#123,.F.);
#2456=ADVANCED_FACE('',(#725),#124,.F.);
#2457=ADVANCED_FACE('',(#726),#125,.F.);
#2458=ADVANCED_FACE('',(#727),#126,.F.);
#2459=ADVANCED_FACE('',(#728),#127,.F.);
#2460=ADVANCED_FACE('',(#729,#53,#54,#55,#56,#57,#58,#59,#60,#61,#62,#63,
#64,#65,#66,#67),#128,.T.);
#2461=ADVANCED_FACE('',(#730,#68,#69,#70,#71,#72,#73,#74,#75,#76,#77,#78,
#79,#80,#81,#82),#129,.F.);
#2462=ADVANCED_FACE('',(#731),#15,.F.);
#2463=ADVANCED_FACE('',(#732),#16,.F.);
#2464=ADVANCED_FACE('',(#733),#17,.F.);
#2465=ADVANCED_FACE('',(#734),#18,.F.);
#2466=ADVANCED_FACE('',(#735),#19,.T.);
#2467=ADVANCED_FACE('',(#736),#20,.F.);
#2468=ADVANCED_FACE('',(#737),#21,.F.);
#2469=ADVANCED_FACE('',(#738),#22,.F.);
#2470=ADVANCED_FACE('',(#739),#23,.F.);
#2471=ADVANCED_FACE('',(#740),#24,.F.);
#2472=ADVANCED_FACE('',(#741),#25,.F.);
#2473=ADVANCED_FACE('',(#742),#26,.F.);
#2474=ADVANCED_FACE('',(#743),#27,.F.);
#2475=ADVANCED_FACE('',(#744),#28,.F.);
#2476=ADVANCED_FACE('',(#745),#29,.T.);
#2477=ADVANCED_FACE('',(#746),#30,.F.);
#2478=ADVANCED_FACE('',(#747),#31,.F.);
#2479=ADVANCED_FACE('',(#748),#32,.F.);
#2480=ADVANCED_FACE('',(#749),#33,.F.);
#2481=ADVANCED_FACE('',(#750),#34,.F.);
#2482=ADVANCED_FACE('',(#751),#35,.T.);
#2483=ADVANCED_FACE('',(#752),#36,.T.);
#2484=ADVANCED_FACE('',(#753),#37,.F.);
#2485=ADVANCED_FACE('',(#754),#38,.F.);
#2486=CLOSED_SHELL('',(#2340,#2341,#2342,#2343,#2344,#2345,#2346,#2347,
#2348,#2349,#2350,#2351,#2352,#2353,#2354,#2355,#2356,#2357,#2358,#2359,
#2360,#2361,#2362,#2363,#2364,#2365,#2366,#2367,#2368,#2369,#2370,#2371,
#2372,#2373,#2374,#2375,#2376,#2377,#2378,#2379,#2380,#2381,#2382,#2383,
#2384,#2385,#2386,#2387,#2388,#2389,#2390,#2391,#2392,#2393,#2394,#2395,
#2396,#2397,#2398,#2399,#2400,#2401,#2402,#2403,#2404,#2405,#2406,#2407,
#2408,#2409,#2410,#2411,#2412,#2413,#2414,#2415,#2416,#2417,#2418,#2419,
#2420,#2421,#2422,#2423,#2424,#2425,#2426,#2427,#2428,#2429,#2430,#2431,
#2432,#2433,#2434,#2435,#2436,#2437,#2438,#2439,#2440,#2441,#2442,#2443,
#2444,#2445,#2446,#2447,#2448,#2449,#2450,#2451,#2452,#2453,#2454,#2455,
#2456,#2457,#2458,#2459,#2460,#2461,#2462,#2463,#2464,#2465,#2466,#2467,
#2468,#2469,#2470,#2471,#2472,#2473,#2474,#2475,#2476,#2477,#2478,#2479,
#2480,#2481,#2482,#2483,#2484,#2485));
#2487=DERIVED_UNIT_ELEMENT(#2489,1.);
#2488=DERIVED_UNIT_ELEMENT(#11888,-3.);
#2489=(
MASS_UNIT()
NAMED_UNIT(*)
SI_UNIT(.KILO.,.GRAM.)
);
#2490=DERIVED_UNIT((#2487,#2488));
#2491=MEASURE_REPRESENTATION_ITEM('density measure',
POSITIVE_RATIO_MEASURE(7850.),#2490);
#2492=PROPERTY_DEFINITION_REPRESENTATION(#2497,#2494);
#2493=PROPERTY_DEFINITION_REPRESENTATION(#2498,#2495);
#2494=REPRESENTATION('material name',(#2496),#11885);
#2495=REPRESENTATION('density',(#2491),#11885);
#2496=DESCRIPTIVE_REPRESENTATION_ITEM('Steel','Steel');
#2497=PROPERTY_DEFINITION('material property','material name',#11895);
#2498=PROPERTY_DEFINITION('material property','density of part',#11895);
#2499=AXIS2_PLACEMENT_3D('',#3425,#2762,#2763);
#2500=AXIS2_PLACEMENT_3D('',#3426,#2764,#2765);
#2501=AXIS2_PLACEMENT_3D('',#3572,#2766,#2767);
#2502=AXIS2_PLACEMENT_3D('',#3718,#2768,#2769);
#2503=AXIS2_PLACEMENT_3D('',#3721,#2770,#2771);
#2504=AXIS2_PLACEMENT_3D('',#3725,#2773,#2774);
#2505=AXIS2_PLACEMENT_3D('',#3730,#2775,#2776);
#2506=AXIS2_PLACEMENT_3D('',#3733,#2777,#2778);
#2507=AXIS2_PLACEMENT_3D('',#3740,#2779,#2780);
#2508=AXIS2_PLACEMENT_3D('',#3742,#2782,#2783);
#2509=AXIS2_PLACEMENT_3D('',#3745,#2784,#2785);
#2510=AXIS2_PLACEMENT_3D('',#3749,#2787,#2788);
#2511=AXIS2_PLACEMENT_3D('',#3754,#2789,#2790);
#2512=AXIS2_PLACEMENT_3D('',#3755,#2791,#2792);
#2513=AXIS2_PLACEMENT_3D('',#3756,#2793,#2794);
#2514=AXIS2_PLACEMENT_3D('',#3757,#2795,#2796);
#2515=AXIS2_PLACEMENT_3D('',#3759,#2797,#2798);
#2516=AXIS2_PLACEMENT_3D('',#3765,#2799,#2800);
#2517=AXIS2_PLACEMENT_3D('',#3766,#2801,#2802);
#2518=AXIS2_PLACEMENT_3D('',#3768,#2803,#2804);
#2519=AXIS2_PLACEMENT_3D('',#3770,#2805,#2806);
#2520=AXIS2_PLACEMENT_3D('',#3772,#2808,#2809);
#2521=AXIS2_PLACEMENT_3D('',#3777,#2811,#2812);
#2522=AXIS2_PLACEMENT_3D('',#3780,#2814,#2815);
#2523=AXIS2_PLACEMENT_3D('',#3781,#2816,#2817);
#2524=AXIS2_PLACEMENT_3D('',#3783,#2818,#2819);
#2525=AXIS2_PLACEMENT_3D('',#3786,#2821,#2822);
#2526=AXIS2_PLACEMENT_3D('',#3787,#2823,#2824);
#2527=AXIS2_PLACEMENT_3D('',#3790,#2825,#2826);
#2528=AXIS2_PLACEMENT_3D('',#3794,#2828,#2829);
#2529=AXIS2_PLACEMENT_3D('',#3796,#2831,#2832);
#2530=AXIS2_PLACEMENT_3D('',#3798,#2833,#2834);
#2531=AXIS2_PLACEMENT_3D('',#3801,#2836,#2837);
#2532=AXIS2_PLACEMENT_3D('',#3802,#2838,#2839);
#2533=AXIS2_PLACEMENT_3D('',#3807,#2841,#2842);
#2534=AXIS2_PLACEMENT_3D('',#3813,#2843,#2844);
#2535=AXIS2_PLACEMENT_3D('',#3814,#2845,#2846);
#2536=AXIS2_PLACEMENT_3D('',#3822,#2847,#2848);
#2537=AXIS2_PLACEMENT_3D('',#3825,#2850,#2851);
#2538=AXIS2_PLACEMENT_3D('',#3826,#2852,#2853);
#2539=AXIS2_PLACEMENT_3D('',#3974,#2854,#2855);
#2540=AXIS2_PLACEMENT_3D('',#4120,#2856,#2857);
#2541=AXIS2_PLACEMENT_3D('',#4123,#2858,#2859);
#2542=AXIS2_PLACEMENT_3D('',#4127,#2861,#2862);
#2543=AXIS2_PLACEMENT_3D('',#4129,#2864,#2865);
#2544=AXIS2_PLACEMENT_3D('',#4132,#2866,#2867);
#2545=AXIS2_PLACEMENT_3D('',#4136,#2869,#2870);
#2546=AXIS2_PLACEMENT_3D('',#4138,#2872,#2873);
#2547=AXIS2_PLACEMENT_3D('',#4140,#2874,#2875);
#2548=AXIS2_PLACEMENT_3D('',#4143,#2877,#2878);
#2549=AXIS2_PLACEMENT_3D('',#4144,#2879,#2880);
#2550=AXIS2_PLACEMENT_3D('',#4151,#2881,#2882);
#2551=AXIS2_PLACEMENT_3D('',#4152,#2883,#2884);
#2552=AXIS2_PLACEMENT_3D('',#4153,#2885,#2886);
#2553=AXIS2_PLACEMENT_3D('',#4155,#2887,#2888);
#2554=AXIS2_PLACEMENT_3D('',#4158,#2890,#2891);
#2555=AXIS2_PLACEMENT_3D('',#4159,#2892,#2893);
#2556=AXIS2_PLACEMENT_3D('',#4161,#2894,#2895);
#2557=AXIS2_PLACEMENT_3D('',#4167,#2896,#2897);
#2558=AXIS2_PLACEMENT_3D('',#4168,#2898,#2899);
#2559=AXIS2_PLACEMENT_3D('',#4170,#2900,#2901);
#2560=AXIS2_PLACEMENT_3D('',#4173,#2903,#2904);
#2561=AXIS2_PLACEMENT_3D('',#4174,#2905,#2906);
#2562=AXIS2_PLACEMENT_3D('',#4178,#2908,#2909);
#2563=AXIS2_PLACEMENT_3D('',#4179,#2910,#2911);
#2564=AXIS2_PLACEMENT_3D('',#4180,#2912,#2913);
#2565=AXIS2_PLACEMENT_3D('',#4189,#2918,#2919);
#2566=AXIS2_PLACEMENT_3D('',#4211,#2923,#2924);
#2567=AXIS2_PLACEMENT_3D('',#4214,#2927,#2928);
#2568=AXIS2_PLACEMENT_3D('',#4217,#2931,#2932);
#2569=AXIS2_PLACEMENT_3D('',#4218,#2933,#2934);
#2570=AXIS2_PLACEMENT_3D('',#4219,#2935,#2936);
#2571=AXIS2_PLACEMENT_3D('',#4220,#2937,#2938);
#2572=AXIS2_PLACEMENT_3D('',#4222,#2939,#2940);
#2573=AXIS2_PLACEMENT_3D('',#4225,#2942,#2943);
#2574=AXIS2_PLACEMENT_3D('',#4226,#2944,#2945);
#2575=AXIS2_PLACEMENT_3D('',#4228,#2946,#2947);
#2576=AXIS2_PLACEMENT_3D('',#4231,#2949,#2950);
#2577=AXIS2_PLACEMENT_3D('',#4232,#2951,#2952);
#2578=AXIS2_PLACEMENT_3D('',#4234,#2953,#2954);
#2579=AXIS2_PLACEMENT_3D('',#4237,#2956,#2957);
#2580=AXIS2_PLACEMENT_3D('',#4238,#2958,#2959);
#2581=AXIS2_PLACEMENT_3D('',#4240,#2960,#2961);
#2582=AXIS2_PLACEMENT_3D('',#4243,#2963,#2964);
#2583=AXIS2_PLACEMENT_3D('',#4244,#2965,#2966);
#2584=AXIS2_PLACEMENT_3D('',#4249,#2968,#2969);
#2585=AXIS2_PLACEMENT_3D('',#4252,#2971,#2972);
#2586=AXIS2_PLACEMENT_3D('',#4253,#2973,#2974);
#2587=AXIS2_PLACEMENT_3D('',#4258,#2976,#2977);
#2588=AXIS2_PLACEMENT_3D('',#4261,#2979,#2980);
#2589=AXIS2_PLACEMENT_3D('',#4262,#2981,#2982);
#2590=AXIS2_PLACEMENT_3D('',#4265,#2983,#2984);
#2591=AXIS2_PLACEMENT_3D('',#4269,#2986,#2987);
#2592=AXIS2_PLACEMENT_3D('',#4274,#2988,#2989);
#2593=AXIS2_PLACEMENT_3D('',#4277,#2990,#2991);
#2594=AXIS2_PLACEMENT_3D('',#4281,#2993,#2994);
#2595=AXIS2_PLACEMENT_3D('',#4286,#2995,#2996);
#2596=AXIS2_PLACEMENT_3D('',#4287,#2997,#2998);
#2597=AXIS2_PLACEMENT_3D('',#4288,#2999,#3000);
#2598=AXIS2_PLACEMENT_3D('',#4289,#3001,#3002);
#2599=AXIS2_PLACEMENT_3D('',#4291,#3003,#3004);
#2600=AXIS2_PLACEMENT_3D('',#4294,#3006,#3007);
#2601=AXIS2_PLACEMENT_3D('',#4295,#3008,#3009);
#2602=AXIS2_PLACEMENT_3D('',#4297,#3010,#3011);
#2603=AXIS2_PLACEMENT_3D('',#4300,#3013,#3014);
#2604=AXIS2_PLACEMENT_3D('',#4301,#3015,#3016);
#2605=AXIS2_PLACEMENT_3D('',#4303,#3017,#3018);
#2606=AXIS2_PLACEMENT_3D('',#4306,#3020,#3021);
#2607=AXIS2_PLACEMENT_3D('',#4307,#3022,#3023);
#2608=AXIS2_PLACEMENT_3D('',#4310,#3024,#3025);
#2609=AXIS2_PLACEMENT_3D('',#4314,#3027,#3028);
#2610=AXIS2_PLACEMENT_3D('',#4316,#3030,#3031);
#2611=AXIS2_PLACEMENT_3D('',#4319,#3032,#3033);
#2612=AXIS2_PLACEMENT_3D('',#4323,#3035,#3036);
#2613=AXIS2_PLACEMENT_3D('',#4325,#3038,#3039);
#2614=AXIS2_PLACEMENT_3D('',#4330,#3041,#3042);
#2615=AXIS2_PLACEMENT_3D('',#4333,#3044,#3045);
#2616=AXIS2_PLACEMENT_3D('',#4334,#3046,#3047);
#2617=AXIS2_PLACEMENT_3D('',#4339,#3049,#3050);
#2618=AXIS2_PLACEMENT_3D('',#4342,#3052,#3053);
#2619=AXIS2_PLACEMENT_3D('',#4343,#3054,#3055);
#2620=AXIS2_PLACEMENT_3D('',#4345,#3056,#3057);
#2621=AXIS2_PLACEMENT_3D('',#4348,#3059,#3060);
#2622=AXIS2_PLACEMENT_3D('',#4349,#3061,#3062);
#2623=AXIS2_PLACEMENT_3D('',#4351,#3063,#3064);
#2624=AXIS2_PLACEMENT_3D('',#4354,#3066,#3067);
#2625=AXIS2_PLACEMENT_3D('',#4355,#3068,#3069);
#2626=AXIS2_PLACEMENT_3D('',#4357,#3070,#3071);
#2627=AXIS2_PLACEMENT_3D('',#4360,#3073,#3074);
#2628=AXIS2_PLACEMENT_3D('',#4361,#3075,#3076);
#2629=AXIS2_PLACEMENT_3D('',#4363,#3077,#3078);
#2630=AXIS2_PLACEMENT_3D('',#4366,#3080,#3081);
#2631=AXIS2_PLACEMENT_3D('',#4367,#3082,#3083);
#2632=AXIS2_PLACEMENT_3D('',#4369,#3084,#3085);
#2633=AXIS2_PLACEMENT_3D('',#4372,#3087,#3088);
#2634=AXIS2_PLACEMENT_3D('',#4373,#3089,#3090);
#2635=AXIS2_PLACEMENT_3D('',#4375,#3091,#3092);
#2636=AXIS2_PLACEMENT_3D('',#4378,#3094,#3095);
#2637=AXIS2_PLACEMENT_3D('',#4379,#3096,#3097);
#2638=AXIS2_PLACEMENT_3D('',#4382,#3098,#3099);
#2639=AXIS2_PLACEMENT_3D('',#4386,#3101,#3102);
#2640=AXIS2_PLACEMENT_3D('',#4388,#3104,#3105);
#2641=AXIS2_PLACEMENT_3D('',#4391,#3106,#3107);
#2642=AXIS2_PLACEMENT_3D('',#4395,#3109,#3110);
#2643=AXIS2_PLACEMENT_3D('',#4397,#3112,#3113);
#2644=AXIS2_PLACEMENT_3D('',#4402,#3115,#3116);
#2645=AXIS2_PLACEMENT_3D('',#4405,#3118,#3119);
#2646=AXIS2_PLACEMENT_3D('',#4406,#3120,#3121);
#2647=AXIS2_PLACEMENT_3D('',#4411,#3123,#3124);
#2648=AXIS2_PLACEMENT_3D('',#4414,#3126,#3127);
#2649=AXIS2_PLACEMENT_3D('',#4415,#3128,#3129);
#2650=AXIS2_PLACEMENT_3D('',#4417,#3130,#3131);
#2651=AXIS2_PLACEMENT_3D('',#4420,#3133,#3134);
#2652=AXIS2_PLACEMENT_3D('',#4421,#3135,#3136);
#2653=AXIS2_PLACEMENT_3D('',#4423,#3137,#3138);
#2654=AXIS2_PLACEMENT_3D('',#4426,#3140,#3141);
#2655=AXIS2_PLACEMENT_3D('',#4427,#3142,#3143);
#2656=AXIS2_PLACEMENT_3D('',#4429,#3144,#3145);
#2657=AXIS2_PLACEMENT_3D('',#4432,#3147,#3148);
#2658=AXIS2_PLACEMENT_3D('',#4433,#3149,#3150);
#2659=AXIS2_PLACEMENT_3D('',#4436,#3151,#3152);
#2660=AXIS2_PLACEMENT_3D('',#4440,#3154,#3155);
#2661=AXIS2_PLACEMENT_3D('',#4442,#3157,#3158);
#2662=AXIS2_PLACEMENT_3D('',#4445,#3159,#3160);
#2663=AXIS2_PLACEMENT_3D('',#4449,#3162,#3163);
#2664=AXIS2_PLACEMENT_3D('',#4451,#3165,#3166);
#2665=AXIS2_PLACEMENT_3D('',#4456,#3168,#3169);
#2666=AXIS2_PLACEMENT_3D('',#4459,#3171,#3172);
#2667=AXIS2_PLACEMENT_3D('',#4460,#3173,#3174);
#2668=AXIS2_PLACEMENT_3D('',#4468,#3175,#3176);
#2669=AXIS2_PLACEMENT_3D('',#4474,#3177,#3178);
#2670=AXIS2_PLACEMENT_3D('',#4475,#3179,#3180);
#2671=AXIS2_PLACEMENT_3D('',#4477,#3181,#3182);
#2672=AXIS2_PLACEMENT_3D('',#4480,#3184,#3185);
#2673=AXIS2_PLACEMENT_3D('',#4481,#3186,#3187);
#2674=AXIS2_PLACEMENT_3D('',#4483,#3188,#3189);
#2675=AXIS2_PLACEMENT_3D('',#4486,#3191,#3192);
#2676=AXIS2_PLACEMENT_3D('',#4487,#3193,#3194);
#2677=AXIS2_PLACEMENT_3D('',#4489,#3195,#3196);
#2678=AXIS2_PLACEMENT_3D('',#4492,#3198,#3199);
#2679=AXIS2_PLACEMENT_3D('',#4493,#3200,#3201);
#2680=AXIS2_PLACEMENT_3D('',#4496,#3202,#3203);
#2681=AXIS2_PLACEMENT_3D('',#4500,#3205,#3206);
#2682=AXIS2_PLACEMENT_3D('',#4502,#3208,#3209);
#2683=AXIS2_PLACEMENT_3D('',#4505,#3210,#3211);
#2684=AXIS2_PLACEMENT_3D('',#4509,#3213,#3214);
#2685=AXIS2_PLACEMENT_3D('',#4511,#3216,#3217);
#2686=AXIS2_PLACEMENT_3D('',#4516,#3219,#3220);
#2687=AXIS2_PLACEMENT_3D('',#4519,#3222,#3223);
#2688=AXIS2_PLACEMENT_3D('',#4520,#3224,#3225);
#2689=AXIS2_PLACEMENT_3D('',#4525,#3227,#3228);
#2690=AXIS2_PLACEMENT_3D('',#4528,#3230,#3231);
#2691=AXIS2_PLACEMENT_3D('',#4529,#3232,#3233);
#2692=AXIS2_PLACEMENT_3D('',#4531,#3234,#3235);
#2693=AXIS2_PLACEMENT_3D('',#4534,#3237,#3238);
#2694=AXIS2_PLACEMENT_3D('',#4535,#3239,#3240);
#2695=AXIS2_PLACEMENT_3D('',#4537,#3241,#3242);
#2696=AXIS2_PLACEMENT_3D('',#4540,#3244,#3245);
#2697=AXIS2_PLACEMENT_3D('',#4541,#3246,#3247);
#2698=AXIS2_PLACEMENT_3D('',#4543,#3248,#3249);
#2699=AXIS2_PLACEMENT_3D('',#4546,#3251,#3252);
#2700=AXIS2_PLACEMENT_3D('',#4547,#3253,#3254);
#2701=AXIS2_PLACEMENT_3D('',#4550,#3255,#3256);
#2702=AXIS2_PLACEMENT_3D('',#4554,#3258,#3259);
#2703=AXIS2_PLACEMENT_3D('',#4556,#3261,#3262);
#2704=AXIS2_PLACEMENT_3D('',#4559,#3263,#3264);
#2705=AXIS2_PLACEMENT_3D('',#4563,#3266,#3267);
#2706=AXIS2_PLACEMENT_3D('',#4565,#3269,#3270);
#2707=AXIS2_PLACEMENT_3D('',#4570,#3272,#3273);
#2708=AXIS2_PLACEMENT_3D('',#4573,#3275,#3276);
#2709=AXIS2_PLACEMENT_3D('',#4574,#3277,#3278);
#2710=AXIS2_PLACEMENT_3D('',#4579,#3280,#3281);
#2711=AXIS2_PLACEMENT_3D('',#4582,#3283,#3284);
#2712=AXIS2_PLACEMENT_3D('',#4583,#3285,#3286);
#2713=AXIS2_PLACEMENT_3D('',#4586,#3289,#3290);
#2714=AXIS2_PLACEMENT_3D('',#4589,#3293,#3294);
#2715=AXIS2_PLACEMENT_3D('',#4590,#3295,#3296);
#2716=AXIS2_PLACEMENT_3D('',#4591,#3297,#3298);
#2717=AXIS2_PLACEMENT_3D('',#4592,#3299,#3300);
#2718=AXIS2_PLACEMENT_3D('',#4594,#3301,#3302);
#2719=AXIS2_PLACEMENT_3D('',#4597,#3304,#3305);
#2720=AXIS2_PLACEMENT_3D('',#4598,#3306,#3307);
#2721=AXIS2_PLACEMENT_3D('',#4604,#3311,#3312);
#2722=AXIS2_PLACEMENT_3D('',#4610,#3316,#3317);
#2723=AXIS2_PLACEMENT_3D('',#4616,#3321,#3322);
#2724=AXIS2_PLACEMENT_3D('',#4619,#3325,#3326);
#2725=AXIS2_PLACEMENT_3D('',#4625,#3330,#3331);
#2726=AXIS2_PLACEMENT_3D('',#4628,#3334,#3335);
#2727=AXIS2_PLACEMENT_3D('',#4631,#3338,#3339);
#2728=AXIS2_PLACEMENT_3D('',#4634,#3342,#3343);
#2729=AXIS2_PLACEMENT_3D('',#4635,#3344,#3345);
#2730=AXIS2_PLACEMENT_3D('',#4636,#3346,#3347);
#2731=AXIS2_PLACEMENT_3D('',#4637,#3348,#3349);
#2732=AXIS2_PLACEMENT_3D('',#4638,#3350,#3351);
#2733=AXIS2_PLACEMENT_3D('',#4639,#3352,#3353);
#2734=AXIS2_PLACEMENT_3D('',#4640,#3354,#3355);
#2735=AXIS2_PLACEMENT_3D('',#4641,#3356,#3357);
#2736=AXIS2_PLACEMENT_3D('',#4642,#3358,#3359);
#2737=AXIS2_PLACEMENT_3D('',#4643,#3360,#3361);
#2738=AXIS2_PLACEMENT_3D('',#4644,#3362,#3363);
#2739=AXIS2_PLACEMENT_3D('',#4645,#3364,#3365);
#2740=AXIS2_PLACEMENT_3D('',#4646,#3366,#3367);
#2741=AXIS2_PLACEMENT_3D('',#4647,#3368,#3369);
#2742=AXIS2_PLACEMENT_3D('',#4648,#3370,#3371);
#2743=AXIS2_PLACEMENT_3D('',#4654,#3375,#3376);
#2744=AXIS2_PLACEMENT_3D('',#4660,#3380,#3381);
#2745=AXIS2_PLACEMENT_3D('',#4663,#3384,#3385);
#2746=AXIS2_PLACEMENT_3D('',#4669,#3389,#3390);
#2747=AXIS2_PLACEMENT_3D('',#4672,#3393,#3394);
#2748=AXIS2_PLACEMENT_3D('',#4675,#3397,#3398);
#2749=AXIS2_PLACEMENT_3D('',#4690,#3399,#3400);
#2750=AXIS2_PLACEMENT_3D('',#4705,#3401,#3402);
#2751=AXIS2_PLACEMENT_3D('',#4778,#3403,#3404);
#2752=AXIS2_PLACEMENT_3D('',#4822,#3405,#3406);
#2753=AXIS2_PLACEMENT_3D('',#4837,#3407,#3408);
#2754=AXIS2_PLACEMENT_3D('',#4852,#3409,#3410);
#2755=AXIS2_PLACEMENT_3D('',#4898,#3411,#3412);
#2756=AXIS2_PLACEMENT_3D('',#4913,#3413,#3414);
#2757=AXIS2_PLACEMENT_3D('',#4928,#3415,#3416);
#2758=AXIS2_PLACEMENT_3D('',#4943,#3417,#3418);
#2759=AXIS2_PLACEMENT_3D('',#4958,#3419,#3420);
#2760=AXIS2_PLACEMENT_3D('',#4973,#3421,#3422);
#2761=AXIS2_PLACEMENT_3D('',#5147,#3423,#3424);
#2762=DIRECTION('axis',(0.,0.,1.));
#2763=DIRECTION('refdir',(1.,0.,0.));
#2764=DIRECTION('center_axis',(-0.00223815742867231,0.000971447868403066,
-0.999997023465752));
#2765=DIRECTION('ref_axis',(-0.999997495320162,0.,0.00223815848475991));
#2766=DIRECTION('center_axis',(-0.00156657436550853,0.00188541448268275,
-0.999996995523979));
#2767=DIRECTION('ref_axis',(-0.999998772917264,0.,0.00156657714993565));
#2768=DIRECTION('center_axis',(-2.1905914544657E-6,1.01622331659784E-6,
-0.999999999997084));
#2769=DIRECTION('ref_axis',(-0.883460493593467,0.468505662990078,2.41140738631958E-6));
#2770=DIRECTION('center_axis',(0.,0.,1.));
#2771=DIRECTION('ref_axis',(1.,-2.22613011317033E-12,0.));
#2772=DIRECTION('',(-1.65928436900388E-6,1.24470595512242E-6,-0.999999999997849));
#2773=DIRECTION('center_axis',(0.,0.,-1.));
#2774=DIRECTION('ref_axis',(1.,-2.22613011317033E-12,0.));
#2775=DIRECTION('center_axis',(-1.52137595649577E-6,1.73053403822213E-6,
0.999999999997345));
#2776=DIRECTION('ref_axis',(-0.999999999998843,0.,-1.52137595649805E-6));
#2777=DIRECTION('center_axis',(0.,0.,1.));
#2778=DIRECTION('ref_axis',(-0.660244352812247,0.75105086018161,0.));
#2779=DIRECTION('center_axis',(0.,0.,-1.));
#2780=DIRECTION('ref_axis',(-0.660244352812247,0.75105086018161,0.));
#2781=DIRECTION('',(-1.58836968467126E-6,1.19265960799067E-6,0.999999999998027));
#2782=DIRECTION('center_axis',(-1.20035080716331E-16,1.23782818978085E-16,
-1.));
#2783=DIRECTION('ref_axis',(1.,0.,-1.20035080716331E-16));
#2784=DIRECTION('center_axis',(0.,0.,-1.));
#2785=DIRECTION('ref_axis',(1.,0.,-1.20035080716331E-16));
#2786=DIRECTION('',(-1.20035080716331E-16,1.23782818978085E-16,-1.));
#2787=DIRECTION('center_axis',(0.,0.,1.));
#2788=DIRECTION('ref_axis',(1.,0.,-1.20035080716331E-16));
#2789=DIRECTION('center_axis',(0.0242071336792598,0.0371998399972224,-0.999014607792707));
#2790=DIRECTION('ref_axis',(0.999706558272165,0.,0.0242239003387511));
#2791=DIRECTION('center_axis',(0.,0.,-1.));
#2792=DIRECTION('ref_axis',(0.545419703450538,0.838163079053192,1.46361982265107E-16));
#2793=DIRECTION('center_axis',(0.,0.,1.));
#2794=DIRECTION('ref_axis',(0.545419703450178,0.838163079053426,0.));
#2795=DIRECTION('center_axis',(-0.0304100438503318,-0.0353653425822464,
0.998911668655973));
#2796=DIRECTION('ref_axis',(-0.999536928365794,0.,-0.0304290787417943));
#2797=DIRECTION('center_axis',(0.,0.,1.));
#2798=DIRECTION('ref_axis',(0.651988110712032,0.758229189289198,-1.4503504469963E-16));
#2799=DIRECTION('center_axis',(0.,0.,-1.));
#2800=DIRECTION('ref_axis',(0.651988110711623,0.75822918928955,0.));
#2801=DIRECTION('center_axis',(-1.03819595987607E-16,5.48830124833464E-17,
-1.));
#2802=DIRECTION('ref_axis',(1.,0.,-1.03819595987607E-16));
#2803=DIRECTION('center_axis',(0.,0.,-1.));
#2804=DIRECTION('ref_axis',(1.,0.,-1.03819595987607E-16));
#2805=DIRECTION('center_axis',(0.,0.,1.));
#2806=DIRECTION('ref_axis',(1.,0.,-1.03819595987607E-16));
#2807=DIRECTION('',(1.03819595987607E-16,-5.48830124833464E-17,1.));
#2808=DIRECTION('center_axis',(2.81374797076825E-16,-2.91115909344101E-16,
1.));
#2809=DIRECTION('ref_axis',(-1.,0.,2.81374797076825E-16));
#2810=DIRECTION('',(-2.81374797076825E-16,2.91115909344101E-16,-1.));
#2811=DIRECTION('center_axis',(0.,0.,1.));
#2812=DIRECTION('ref_axis',(-1.,0.,2.81374797076825E-16));
#2813=DIRECTION('',(1.10130261368348E-16,2.01157093443255E-16,1.));
#2814=DIRECTION('center_axis',(0.,0.,-1.));
#2815=DIRECTION('ref_axis',(-1.,0.,2.81374797076825E-16));
#2816=DIRECTION('center_axis',(1.10130261368348E-16,2.01157093443255E-16,
1.));
#2817=DIRECTION('ref_axis',(-1.,0.,1.10130261368348E-16));
#2818=DIRECTION('center_axis',(0.,0.,1.));
#2819=DIRECTION('ref_axis',(-1.,0.,1.10130261368348E-16));
#2820=DIRECTION('',(1.10130261368348E-16,2.01157093443255E-16,1.));
#2821=DIRECTION('center_axis',(0.,0.,-1.));
#2822=DIRECTION('ref_axis',(-1.,0.,1.10130261368348E-16));
#2823=DIRECTION('center_axis',(-3.83163889327567E-16,-3.69914832566312E-16,
-1.));
#2824=DIRECTION('ref_axis',(1.,0.,-3.83163889327567E-16));
#2825=DIRECTION('center_axis',(0.,0.,-1.));
#2826=DIRECTION('ref_axis',(1.,0.,-3.83163889327567E-16));
#2827=DIRECTION('',(-3.83163889327567E-16,-3.69914832566312E-16,-1.));
#2828=DIRECTION('center_axis',(0.,0.,1.));
#2829=DIRECTION('ref_axis',(1.,0.,-3.83163889327567E-16));
#2830=DIRECTION('',(-7.98555010890637E-17,4.14655294396239E-17,1.));
#2831=DIRECTION('center_axis',(7.98555010890637E-17,-4.14655294396239E-17,
-1.));
#2832=DIRECTION('ref_axis',(1.,0.,7.98555010890637E-17));
#2833=DIRECTION('center_axis',(0.,0.,1.));
#2834=DIRECTION('ref_axis',(1.,0.,7.98555010890637E-17));
#2835=DIRECTION('',(-7.98555010890637E-17,4.14655294396239E-17,1.));
#2836=DIRECTION('center_axis',(0.,0.,-1.));
#2837=DIRECTION('ref_axis',(1.,0.,7.98555010890637E-17));
#2838=DIRECTION('center_axis',(6.20629484721059E-7,-2.95464395550684E-6,
-0.999999999995442));
#2839=DIRECTION('ref_axis',(0.999999999999807,0.,6.20629484723768E-7));
#2840=DIRECTION('',(7.19839332370969E-14,-2.59449809877512E-6,-0.999999999996634));
#2841=DIRECTION('center_axis',(0.,0.,-1.));
#2842=DIRECTION('ref_axis',(0.,-1.,0.));
#2843=DIRECTION('center_axis',(0.,0.,1.));
#2844=DIRECTION('ref_axis',(0.,-1.,0.));
#2845=DIRECTION('center_axis',(-6.08998945517431E-7,-2.89790071482517E-6,
0.999999999995616));
#2846=DIRECTION('ref_axis',(-0.999999999999814,0.,-6.08998945519988E-7));
#2847=DIRECTION('center_axis',(0.,0.,-1.));
#2848=DIRECTION('ref_axis',(0.,-1.,0.));
#2849=DIRECTION('',(-7.04403562404671E-14,-2.54371757196177E-6,0.999999999996765));
#2850=DIRECTION('center_axis',(0.,0.,1.));
#2851=DIRECTION('ref_axis',(0.,-1.,0.));
#2852=DIRECTION('center_axis',(0.000563940080313177,-0.00237035438524469,
0.999997031691432));
#2853=DIRECTION('ref_axis',(-0.999999840984887,0.,0.000563941664591057));
#2854=DIRECTION('center_axis',(-0.000558467910591583,-0.00235045396910791,
-0.999997081735608));
#2855=DIRECTION('ref_axis',(-0.999999844055923,0.,0.00055846945326334));
#2856=DIRECTION('center_axis',(-2.04009833952912E-17,1.28080394651346E-16,
1.));
#2857=DIRECTION('ref_axis',(-1.,0.,-2.04009833952912E-17));
#2858=DIRECTION('center_axis',(0.,0.,-1.));
#2859=DIRECTION('ref_axis',(-1.,0.,-2.04009833952912E-17));
#2860=DIRECTION('',(1.26591323549088E-17,-4.38423401362356E-20,-1.));
#2861=DIRECTION('center_axis',(0.,0.,1.));
#2862=DIRECTION('ref_axis',(-1.,0.,-2.04009833952912E-17));
#2863=DIRECTION('',(-2.04009833952912E-17,1.28080394651346E-16,1.));
#2864=DIRECTION('center_axis',(-1.97457975258185E-18,-1.2223704412897E-17,
-1.));
#2865=DIRECTION('ref_axis',(1.,0.,-1.97457975258185E-18));
#2866=DIRECTION('center_axis',(0.,0.,-1.));
#2867=DIRECTION('ref_axis',(1.,0.,-1.97457975258185E-18));
#2868=DIRECTION('',(-1.97457975258185E-18,-1.2223704412897E-17,-1.));
#2869=DIRECTION('center_axis',(0.,0.,1.));
#2870=DIRECTION('ref_axis',(1.,0.,-1.97457975258185E-18));
#2871=DIRECTION('',(-1.62428990263655E-16,-2.57047871530852E-17,1.));
#2872=DIRECTION('center_axis',(1.26591323549088E-17,-4.38423401362356E-20,
-1.));
#2873=DIRECTION('ref_axis',(1.,0.,1.26591323549088E-17));
#2874=DIRECTION('center_axis',(0.,0.,-1.));
#2875=DIRECTION('ref_axis',(1.,0.,1.26591323549088E-17));
#2876=DIRECTION('',(1.26591323549088E-17,-4.38423401362356E-20,-1.));
#2877=DIRECTION('center_axis',(0.,0.,1.));
#2878=DIRECTION('ref_axis',(1.,0.,1.26591323549088E-17));
#2879=DIRECTION('center_axis',(-0.0671785892221115,-0.00446403435925306,
0.997730980549049));
#2880=DIRECTION('ref_axis',(0.995304919989198,0.0695361625199463,0.0673263570030021));
#2881=DIRECTION('center_axis',(0.,0.,1.));
#2882=DIRECTION('ref_axis',(0.997799466720403,0.0663040286293379,0.));
#2883=DIRECTION('center_axis',(0.,0.,-1.));
#2884=DIRECTION('ref_axis',(0.997799466720404,0.0663040286293191,0.));
#2885=DIRECTION('center_axis',(1.62428990263655E-16,2.57047871530852E-17,
-1.));
#2886=DIRECTION('ref_axis',(-0.987529801845568,-0.157432177355369,-1.64450229179009E-16));
#2887=DIRECTION('center_axis',(0.,0.,1.));
#2888=DIRECTION('ref_axis',(1.,0.,1.62428990263655E-16));
#2889=DIRECTION('',(-1.62428990263655E-16,-2.57047871530852E-17,1.));
#2890=DIRECTION('center_axis',(0.,0.,-1.));
#2891=DIRECTION('ref_axis',(1.,0.,1.62428990263655E-16));
#2892=DIRECTION('center_axis',(0.0837941737371296,-0.005510847298188,0.996467845446991));
#2893=DIRECTION('ref_axis',(-0.996482976875839,0.,0.0837954461570914));
#2894=DIRECTION('center_axis',(0.,0.,1.));
#2895=DIRECTION('ref_axis',(-0.997844375650019,0.0656247055888532,1.40407665547398E-16));
#2896=DIRECTION('center_axis',(0.,0.,-1.));
#2897=DIRECTION('ref_axis',(-0.997844375649999,0.0656247055891604,0.));
#2898=DIRECTION('center_axis',(1.74187676024588E-17,-1.08259052313547E-16,
1.));
#2899=DIRECTION('ref_axis',(-1.,0.,1.74187676024588E-17));
#2900=DIRECTION('center_axis',(0.,0.,1.));
#2901=DIRECTION('ref_axis',(-1.,0.,1.74187676024588E-17));
#2902=DIRECTION('',(1.74187676024588E-17,-1.08259052313547E-16,1.));
#2903=DIRECTION('center_axis',(0.,0.,-1.));
#2904=DIRECTION('ref_axis',(-1.,0.,1.74187676024588E-17));
#2905=DIRECTION('center_axis',(-1.97457658325778E-18,-1.22236942549265E-17,
1.));
#2906=DIRECTION('ref_axis',(-1.,0.,-1.97457658325778E-18));
#2907=DIRECTION('',(1.97457658325778E-18,1.22236942549265E-17,-1.));
#2908=DIRECTION('center_axis',(0.,0.,1.));
#2909=DIRECTION('ref_axis',(-1.,0.,-1.97457658325778E-18));
#2910=DIRECTION('center_axis',(0.,0.,-1.));
#2911=DIRECTION('ref_axis',(-1.,0.,-1.97457658325778E-18));
#2912=DIRECTION('center_axis',(0.99999999887467,4.74123296906621E-5,-1.65266765323026E-6));
#2913=DIRECTION('ref_axis',(-1.6526676550878E-6,0.,-0.999999999998634));
#2914=DIRECTION('',(-0.000749806642138087,-0.0294945399602701,-0.999564660190891));
#2915=DIRECTION('',(4.74123296907268E-5,-0.999999998876035,0.));
#2916=DIRECTION('',(1.6526676550878E-6,0.,0.999999999998634));
#2917=DIRECTION('',(-4.74123296907268E-5,0.999999998876035,0.));
#2918=DIRECTION('center_axis',(0.60320281429109,0.797587114065976,-0.00107717557377903));
#2919=DIRECTION('ref_axis',(0.,0.00135054161785952,0.999999088018253));
#2920=DIRECTION('',(0.00135071334545757,0.000435447399455285,-0.999998992979003));
#2921=DIRECTION('',(0.,0.,-1.));
#2922=DIRECTION('',(0.,0.,1.));
#2923=DIRECTION('center_axis',(0.600445309979355,0.799665823781282,0.));
#2924=DIRECTION('ref_axis',(0.,0.,-1.));
#2925=DIRECTION('',(-0.799665823781282,0.600445309979355,0.));
#2926=DIRECTION('',(0.799665823781282,-0.600445309979355,0.));
#2927=DIRECTION('center_axis',(-0.600074874577398,-0.79994383859176,1.68189482101333E-16));
#2928=DIRECTION('ref_axis',(2.80280826988099E-16,0.,1.));
#2929=DIRECTION('',(-0.79994383859176,0.600074874577398,0.));
#2930=DIRECTION('',(0.79994383859176,-0.600074874577398,0.));
#2931=DIRECTION('center_axis',(6.10692841340833E-8,-4.57228003630771E-8,
-0.999999999999997));
#2932=DIRECTION('ref_axis',(0.999999999999998,0.,6.10692841340834E-8));
#2933=DIRECTION('center_axis',(0.,0.,-1.));
#2934=DIRECTION('ref_axis',(1.,-2.79225868677873E-15,0.));
#2935=DIRECTION('center_axis',(0.,0.,1.));
#2936=DIRECTION('ref_axis',(1.,-2.79225868677873E-15,0.));
#2937=DIRECTION('center_axis',(-2.00588611014461E-11,1.38311299919213E-11,
1.));
#2938=DIRECTION('ref_axis',(0.799865610577615,-0.600179144102241,2.43455489429179E-11));
#2939=DIRECTION('center_axis',(0.,0.,-1.));
#2940=DIRECTION('ref_axis',(-1.,0.,-2.00588611014461E-11));
#2941=DIRECTION('',(0.,0.,-1.));
#2942=DIRECTION('center_axis',(0.,0.,1.));
#2943=DIRECTION('ref_axis',(-1.,0.,-2.00588611014461E-11));
#2944=DIRECTION('center_axis',(-6.84775639850902E-13,-4.97418480357343E-13,
1.));
#2945=DIRECTION('ref_axis',(-1.,0.,-6.84775639850902E-13));
#2946=DIRECTION('center_axis',(0.,0.,1.));
#2947=DIRECTION('ref_axis',(-1.,0.,-6.84775639850902E-13));
#2948=DIRECTION('',(-6.84775639850902E-13,-4.97418480357343E-13,1.));
#2949=DIRECTION('center_axis',(0.,0.,-1.));
#2950=DIRECTION('ref_axis',(-1.,0.,-6.84775639850902E-13));
#2951=DIRECTION('center_axis',(5.22908195622736E-12,3.65410599393992E-12,
1.));
#2952=DIRECTION('ref_axis',(-1.,0.,5.22908195622736E-12));
#2953=DIRECTION('center_axis',(0.,0.,1.));
#2954=DIRECTION('ref_axis',(-1.,0.,5.22908195622736E-12));
#2955=DIRECTION('',(5.22908195622736E-12,3.65410599393992E-12,1.));
#2956=DIRECTION('center_axis',(0.,0.,-1.));
#2957=DIRECTION('ref_axis',(-1.,0.,5.22908195622736E-12));
#2958=DIRECTION('center_axis',(5.21600525888822E-12,3.64496793644715E-12,
1.));
#2959=DIRECTION('ref_axis',(-1.,0.,5.21600525888822E-12));
#2960=DIRECTION('center_axis',(0.,0.,1.));
#2961=DIRECTION('ref_axis',(-1.,0.,5.21600525888822E-12));
#2962=DIRECTION('',(5.21600525888822E-12,3.64496793644715E-12,1.));
#2963=DIRECTION('center_axis',(0.,0.,-1.));
#2964=DIRECTION('ref_axis',(-1.,0.,5.21600525888822E-12));
#2965=DIRECTION('center_axis',(4.79002844492584E-8,-3.58377050275164E-8,
-0.999999999999998));
#2966=DIRECTION('ref_axis',(0.999999999999999,0.,4.79002844492585E-8));
#2967=DIRECTION('',(-4.79002844492584E-8,3.58377050275164E-8,0.999999999999998));
#2968=DIRECTION('center_axis',(0.,0.,1.));
#2969=DIRECTION('ref_axis',(1.,-1.71663626482666E-15,0.));
#2970=DIRECTION('',(4.79002844492584E-8,-3.58377050275164E-8,-0.999999999999998));
#2971=DIRECTION('center_axis',(0.,0.,-1.));
#2972=DIRECTION('ref_axis',(1.,-1.71663626482666E-15,0.));
#2973=DIRECTION('center_axis',(4.78703343711892E-8,-3.58152965928717E-8,
-0.999999999999998));
#2974=DIRECTION('ref_axis',(0.999999999999999,0.,4.78703343711892E-8));
#2975=DIRECTION('',(-4.78703343711892E-8,3.58152965928717E-8,0.999999999999998));
#2976=DIRECTION('center_axis',(0.,0.,1.));
#2977=DIRECTION('ref_axis',(1.,-1.71449022350409E-15,0.));
#2978=DIRECTION('',(4.78703343711892E-8,-3.58152965928717E-8,-0.999999999999998));
#2979=DIRECTION('center_axis',(0.,0.,-1.));
#2980=DIRECTION('ref_axis',(1.,-1.71449022350409E-15,0.));
#2981=DIRECTION('center_axis',(0.000419743401057599,-0.000133065220720513,
-0.999999903054558));
#2982=DIRECTION('ref_axis',(0.999999911907733,0.,0.000419743404773661));
#2983=DIRECTION('center_axis',(0.,0.,-1.));
#2984=DIRECTION('ref_axis',(0.953246437849029,-0.302194024970941,0.));
#2985=DIRECTION('',(-0.000419743401057599,0.000133065220720513,0.999999903054557));
#2986=DIRECTION('center_axis',(0.,0.,1.));
#2987=DIRECTION('ref_axis',(0.953246437849029,-0.302194024970941,0.));
#2988=DIRECTION('center_axis',(0.000420004822959904,-0.000133147654081926,
0.999999902933821));
#2989=DIRECTION('ref_axis',(-0.999999911797969,0.,0.00042000482668289));
#2990=DIRECTION('center_axis',(0.,0.,-1.));
#2991=DIRECTION('ref_axis',(-0.953246726532274,0.302193114341647,0.));
#2992=DIRECTION('',(0.000420004822959904,-0.000133147654081926,0.999999902933821));
#2993=DIRECTION('center_axis',(0.,0.,1.));
#2994=DIRECTION('ref_axis',(-0.953246726532274,0.302193114341647,0.));
#2995=DIRECTION('center_axis',(-0.000460063175915199,-0.000256433832603237,
-0.999999861291772));
#2996=DIRECTION('ref_axis',(-0.935791136931364,-0.352554501705229,0.000520930016781015));
#2997=DIRECTION('center_axis',(0.,0.,-1.));
#2998=DIRECTION('ref_axis',(0.873476809026879,0.486865755719398,0.));
#2999=DIRECTION('center_axis',(0.,0.,1.));
#3000=DIRECTION('ref_axis',(0.873476809026879,0.486865755719398,0.));
#3001=DIRECTION('center_axis',(-3.47413915691896E-16,-9.23901920876118E-13,
1.));
#3002=DIRECTION('ref_axis',(-1.,0.,-3.47413915691896E-16));
#3003=DIRECTION('center_axis',(0.,0.,1.));
#3004=DIRECTION('ref_axis',(-1.,0.,-3.47413915691896E-16));
#3005=DIRECTION('',(-3.47413915691896E-16,-9.23901920876118E-13,1.));
#3006=DIRECTION('center_axis',(0.,0.,-1.));
#3007=DIRECTION('ref_axis',(-1.,0.,-3.47413915691896E-16));
#3008=DIRECTION('center_axis',(3.6795379439909E-5,0.000215699222328807,
0.999999976059972));
#3009=DIRECTION('ref_axis',(-0.99999999932305,0.,3.67953802958828E-5));
#3010=DIRECTION('center_axis',(0.,0.,1.));
#3011=DIRECTION('ref_axis',(-0.168157393742651,-0.985760158927961,0.));
#3012=DIRECTION('',(3.6795379439909E-5,0.000215699222328807,0.999999976059972));
#3013=DIRECTION('center_axis',(0.,0.,-1.));
#3014=DIRECTION('ref_axis',(-0.168157393742651,-0.985760158927961,0.));
#3015=DIRECTION('center_axis',(-9.05377410489604E-5,-0.000174229739189924,
0.999999980723458));
#3016=DIRECTION('ref_axis',(-0.999999995901458,0.,-9.05377424231423E-5));
#3017=DIRECTION('center_axis',(0.,0.,1.));
#3018=DIRECTION('ref_axis',(-0.461105272044811,-0.887345438987816,0.));
#3019=DIRECTION('',(-9.05377410489604E-5,-0.000174229739189924,0.999999980723458));
#3020=DIRECTION('center_axis',(0.,0.,-1.));
#3021=DIRECTION('ref_axis',(-0.461105272044811,-0.887345438987816,0.));
#3022=DIRECTION('center_axis',(7.56119237717745E-13,-7.12458958980993E-8,
-0.999999999999998));
#3023=DIRECTION('ref_axis',(1.,0.,7.56119237717746E-13));
#3024=DIRECTION('center_axis',(0.,0.,-1.));
#3025=DIRECTION('ref_axis',(-6.66660053905487E-36,-1.,0.));
#3026=DIRECTION('',(-7.56119237717744E-13,7.12458958980993E-8,0.999999999999998));
#3027=DIRECTION('center_axis',(0.,0.,1.));
#3028=DIRECTION('ref_axis',(-6.66660053905487E-36,-1.,0.));
#3029=DIRECTION('',(7.56119237717744E-13,-7.12458958980993E-8,-0.999999999999998));
#3030=DIRECTION('center_axis',(7.56273496931705E-13,-7.12013674097911E-8,
-0.999999999999998));
#3031=DIRECTION('ref_axis',(1.,0.,7.56273496931707E-13));
#3032=DIRECTION('center_axis',(0.,0.,-1.));
#3033=DIRECTION('ref_axis',(6.66660053905502E-36,-1.,0.));
#3034=DIRECTION('',(-7.56273496931705E-13,7.12013674097911E-8,0.999999999999998));
#3035=DIRECTION('center_axis',(0.,0.,1.));
#3036=DIRECTION('ref_axis',(6.66660053905502E-36,-1.,0.));
#3037=DIRECTION('',(7.56273496931705E-13,-7.12013674097911E-8,-0.999999999999998));
#3038=DIRECTION('center_axis',(-4.46627069506753E-12,1.6590710875718E-7,
0.999999999999986));
#3039=DIRECTION('ref_axis',(-1.,0.,-4.46627069506759E-12));
#3040=DIRECTION('',(-4.46627069506753E-12,1.6590710875718E-7,0.999999999999986));
#3041=DIRECTION('center_axis',(0.,0.,1.));
#3042=DIRECTION('ref_axis',(0.,-1.,0.));
#3043=DIRECTION('',(4.46627069506753E-12,-1.6590710875718E-7,-0.999999999999986));
#3044=DIRECTION('center_axis',(0.,0.,-1.));
#3045=DIRECTION('ref_axis',(0.,-1.,0.));
#3046=DIRECTION('center_axis',(-4.46347136556452E-12,1.65803929216377E-7,
0.999999999999986));
#3047=DIRECTION('ref_axis',(-1.,0.,-4.46347136556458E-12));
#3048=DIRECTION('',(-4.46347136556452E-12,1.65803929216377E-7,0.999999999999986));
#3049=DIRECTION('center_axis',(0.,0.,1.));
#3050=DIRECTION('ref_axis',(0.,-1.,0.));
#3051=DIRECTION('',(4.46347136556452E-12,-1.65803929216377E-7,-0.999999999999986));
#3052=DIRECTION('center_axis',(0.,0.,-1.));
#3053=DIRECTION('ref_axis',(0.,-1.,0.));
#3054=DIRECTION('center_axis',(-6.86123592555683E-16,-1.24854297848994E-13,
1.));
#3055=DIRECTION('ref_axis',(-1.,0.,-6.86123592555683E-16));
#3056=DIRECTION('center_axis',(0.,0.,1.));
#3057=DIRECTION('ref_axis',(-1.,0.,-6.86123592555683E-16));
#3058=DIRECTION('',(-6.86123592555683E-16,-1.24854297848994E-13,1.));
#3059=DIRECTION('center_axis',(0.,0.,-1.));
#3060=DIRECTION('ref_axis',(-1.,0.,-6.86123592555683E-16));
#3061=DIRECTION('center_axis',(-1.66907892267733E-12,1.33936945546916E-12,
1.));
#3062=DIRECTION('ref_axis',(-1.,0.,-1.66907892267733E-12));
#3063=DIRECTION('center_axis',(0.,0.,1.));
#3064=DIRECTION('ref_axis',(-1.,0.,-1.66907892267733E-12));
#3065=DIRECTION('',(-1.66907892267733E-12,1.33936945546916E-12,1.));
#3066=DIRECTION('center_axis',(0.,0.,-1.));
#3067=DIRECTION('ref_axis',(-1.,0.,-1.66907892267733E-12));
#3068=DIRECTION('center_axis',(-1.67326290085388E-12,1.342727295334E-12,
-1.));
#3069=DIRECTION('ref_axis',(1.,0.,-1.67326290085388E-12));
#3070=DIRECTION('center_axis',(0.,0.,-1.));
#3071=DIRECTION('ref_axis',(1.,0.,-1.67326290085388E-12));
#3072=DIRECTION('',(-1.67326290085388E-12,1.342727295334E-12,-1.));
#3073=DIRECTION('center_axis',(0.,0.,1.));
#3074=DIRECTION('ref_axis',(1.,0.,-1.67326290085388E-12));
#3075=DIRECTION('center_axis',(-7.74541486980403E-16,-4.60785612852153E-13,
1.));
#3076=DIRECTION('ref_axis',(-1.,0.,-7.74541486980403E-16));
#3077=DIRECTION('center_axis',(0.,0.,1.));
#3078=DIRECTION('ref_axis',(-1.,0.,-7.74541486980403E-16));
#3079=DIRECTION('',(-7.74541486980403E-16,-4.60785612852153E-13,1.));
#3080=DIRECTION('center_axis',(0.,0.,-1.));
#3081=DIRECTION('ref_axis',(-1.,0.,-7.74541486980403E-16));
#3082=DIRECTION('center_axis',(-9.36817877919616E-12,1.7407538718024E-11,
1.));
#3083=DIRECTION('ref_axis',(-1.,0.,-9.36817877919616E-12));
#3084=DIRECTION('center_axis',(0.,0.,1.));
#3085=DIRECTION('ref_axis',(-1.,0.,-9.36817877919616E-12));
#3086=DIRECTION('',(-9.36817877919616E-12,1.7407538718024E-11,1.));
#3087=DIRECTION('center_axis',(0.,0.,-1.));
#3088=DIRECTION('ref_axis',(-1.,0.,-9.36817877919616E-12));
#3089=DIRECTION('center_axis',(-9.39166504112143E-12,1.74511798637313E-11,
1.));
#3090=DIRECTION('ref_axis',(-1.,0.,-9.39166504112143E-12));
#3091=DIRECTION('center_axis',(0.,0.,1.));
#3092=DIRECTION('ref_axis',(-1.,0.,-9.39166504112143E-12));
#3093=DIRECTION('',(-9.39166504112143E-12,1.74511798637313E-11,1.));
#3094=DIRECTION('center_axis',(0.,0.,-1.));
#3095=DIRECTION('ref_axis',(-1.,0.,-9.39166504112143E-12));
#3096=DIRECTION('center_axis',(4.13212798809827E-14,-3.39022567242973E-9,
-1.));
#3097=DIRECTION('ref_axis',(1.,0.,4.13212798809827E-14));
#3098=DIRECTION('center_axis',(0.,0.,-1.));
#3099=DIRECTION('ref_axis',(1.,-1.40088463870162E-22,0.));
#3100=DIRECTION('',(-4.13212798809827E-14,3.39022567242973E-9,1.));
#3101=DIRECTION('center_axis',(0.,0.,1.));
#3102=DIRECTION('ref_axis',(1.,-1.40088463870162E-22,0.));
#3103=DIRECTION('',(4.13212798809827E-14,-3.39022567242973E-9,-1.));
#3104=DIRECTION('center_axis',(4.12585509618948E-14,-3.38810559514159E-9,
-1.));
#3105=DIRECTION('ref_axis',(1.,0.,4.12585509618948E-14));
#3106=DIRECTION('center_axis',(0.,0.,-1.));
#3107=DIRECTION('ref_axis',(1.,-1.3978832736143E-22,0.));
#3108=DIRECTION('',(-4.12585509618948E-14,3.38810559514159E-9,1.));
#3109=DIRECTION('center_axis',(0.,0.,1.));
#3110=DIRECTION('ref_axis',(1.,-1.3978832736143E-22,0.));
#3111=DIRECTION('',(4.12585509618948E-14,-3.38810559514159E-9,-1.));
#3112=DIRECTION('center_axis',(2.60120099010055E-13,2.46711908445049E-8,
1.));
#3113=DIRECTION('ref_axis',(-1.,0.,2.60120099010055E-13));
#3114=DIRECTION('',(2.60120099010055E-13,2.46711908445049E-8,1.));
#3115=DIRECTION('center_axis',(0.,0.,1.));
#3116=DIRECTION('ref_axis',(0.,-1.,0.));
#3117=DIRECTION('',(-2.60120099010055E-13,-2.46711908445049E-8,-1.));
#3118=DIRECTION('center_axis',(0.,0.,-1.));
#3119=DIRECTION('ref_axis',(0.,-1.,0.));
#3120=DIRECTION('center_axis',(2.60196752791217E-13,2.46557908515186E-8,
1.));
#3121=DIRECTION('ref_axis',(-1.,0.,2.60196752791217E-13));
#3122=DIRECTION('',(2.60196752791217E-13,2.46557908515186E-8,1.));
#3123=DIRECTION('center_axis',(0.,0.,1.));
#3124=DIRECTION('ref_axis',(8.35006990793058E-37,-1.,0.));
#3125=DIRECTION('',(-2.60196752791217E-13,-2.46557908515186E-8,-1.));
#3126=DIRECTION('center_axis',(0.,0.,-1.));
#3127=DIRECTION('ref_axis',(8.35006990793058E-37,-1.,0.));
#3128=DIRECTION('center_axis',(-1.59966305720252E-16,1.18304330853273E-12,
1.));
#3129=DIRECTION('ref_axis',(-1.,0.,-1.59966305720253E-16));
#3130=DIRECTION('center_axis',(0.,0.,1.));
#3131=DIRECTION('ref_axis',(-1.,0.,-1.59966305720253E-16));
#3132=DIRECTION('',(-1.59966305720252E-16,1.18304330853273E-12,1.));
#3133=DIRECTION('center_axis',(0.,0.,-1.));
#3134=DIRECTION('ref_axis',(-1.,0.,-1.59966305720253E-16));
#3135=DIRECTION('center_axis',(1.62027257355695E-13,1.71569533630075E-11,
1.));
#3136=DIRECTION('ref_axis',(-1.,0.,1.62027257355695E-13));
#3137=DIRECTION('center_axis',(0.,0.,1.));
#3138=DIRECTION('ref_axis',(-1.,0.,1.62027257355695E-13));
#3139=DIRECTION('',(1.62027257355695E-13,1.71569533630075E-11,1.));
#3140=DIRECTION('center_axis',(0.,0.,-1.));
#3141=DIRECTION('ref_axis',(-1.,0.,1.62027257355695E-13));
#3142=DIRECTION('center_axis',(1.62433470256352E-13,1.71999662489144E-11,
1.));
#3143=DIRECTION('ref_axis',(-1.,0.,1.62433470256352E-13));
#3144=DIRECTION('center_axis',(0.,0.,1.));
#3145=DIRECTION('ref_axis',(-1.,0.,1.62433470256352E-13));
#3146=DIRECTION('',(1.62433470256352E-13,1.71999662489144E-11,1.));
#3147=DIRECTION('center_axis',(0.,0.,-1.));
#3148=DIRECTION('ref_axis',(-1.,0.,1.62433470256352E-13));
#3149=DIRECTION('center_axis',(4.83307799319183E-13,-4.560126617409E-8,
-0.999999999999999));
#3150=DIRECTION('ref_axis',(1.,0.,4.83307799319184E-13));
#3151=DIRECTION('center_axis',(0.,0.,-1.));
#3152=DIRECTION('ref_axis',(-3.35661017885506E-36,-1.,0.));
#3153=DIRECTION('',(-4.83307799319183E-13,4.560126617409E-8,0.999999999999999));
#3154=DIRECTION('center_axis',(0.,0.,1.));
#3155=DIRECTION('ref_axis',(-3.35661017885506E-36,-1.,0.));
#3156=DIRECTION('',(4.83307799319183E-13,-4.560126617409E-8,-0.999999999999999));
#3157=DIRECTION('center_axis',(4.83324184947003E-13,-4.557277474176E-8,
-0.999999999999999));
#3158=DIRECTION('ref_axis',(1.,0.,4.83324184947003E-13));
#3159=DIRECTION('center_axis',(0.,0.,-1.));
#3160=DIRECTION('ref_axis',(0.,-1.,0.));
#3161=DIRECTION('',(-4.83324184947003E-13,4.557277474176E-8,0.999999999999999));
#3162=DIRECTION('center_axis',(0.,0.,1.));
#3163=DIRECTION('ref_axis',(0.,-1.,0.));
#3164=DIRECTION('',(4.83324184947003E-13,-4.557277474176E-8,-0.999999999999999));
#3165=DIRECTION('center_axis',(3.28775109708394E-11,8.97746475049129E-8,
0.999999999999996));
#3166=DIRECTION('ref_axis',(-1.,0.,3.28775109708395E-11));
#3167=DIRECTION('',(3.28775109708394E-11,8.97746475049128E-8,0.999999999999996));
#3168=DIRECTION('center_axis',(0.,0.,1.));
#3169=DIRECTION('ref_axis',(0.,-1.,0.));
#3170=DIRECTION('',(-3.28775109708394E-11,-8.97746475049128E-8,-0.999999999999996));
#3171=DIRECTION('center_axis',(0.,0.,-1.));
#3172=DIRECTION('ref_axis',(0.,-1.,0.));
#3173=DIRECTION('center_axis',(-0.00029345181501005,-0.00167530074026711,
0.999998553625685));
#3174=DIRECTION('ref_axis',(-0.999999956942894,0.,-0.000293452226816628));
#3175=DIRECTION('center_axis',(0.,0.,1.));
#3176=DIRECTION('ref_axis',(0.172536748010101,0.985003081510966,0.));
#3177=DIRECTION('center_axis',(0.,0.,-1.));
#3178=DIRECTION('ref_axis',(0.172536748416978,0.985003081439696,0.));
#3179=DIRECTION('center_axis',(-1.07898674438009E-15,1.471349922013E-12,
1.));
#3180=DIRECTION('ref_axis',(-1.,0.,-1.07898674438009E-15));
#3181=DIRECTION('center_axis',(0.,0.,1.));
#3182=DIRECTION('ref_axis',(-1.,0.,-1.07898674438009E-15));
#3183=DIRECTION('',(-1.07898674438009E-15,1.471349922013E-12,1.));
#3184=DIRECTION('center_axis',(0.,0.,-1.));
#3185=DIRECTION('ref_axis',(-1.,0.,-1.07898674438009E-15));
#3186=DIRECTION('center_axis',(-2.25517441521216E-12,9.55992562411635E-12,
1.));
#3187=DIRECTION('ref_axis',(-1.,0.,-2.25517441521216E-12));
#3188=DIRECTION('center_axis',(0.,0.,1.));
#3189=DIRECTION('ref_axis',(-1.,0.,-2.25517441521216E-12));
#3190=DIRECTION('',(-2.25517441521216E-12,9.55992562411635E-12,1.));
#3191=DIRECTION('center_axis',(0.,0.,-1.));
#3192=DIRECTION('ref_axis',(-1.,0.,-2.25517441521216E-12));
#3193=DIRECTION('center_axis',(-2.26082816129704E-12,9.58389254243118E-12,
1.));
#3194=DIRECTION('ref_axis',(-1.,0.,-2.26082816129704E-12));
#3195=DIRECTION('center_axis',(0.,0.,1.));
#3196=DIRECTION('ref_axis',(-1.,0.,-2.26082816129704E-12));
#3197=DIRECTION('',(-2.26082816129704E-12,9.58389254243118E-12,1.));
#3198=DIRECTION('center_axis',(0.,0.,-1.));
#3199=DIRECTION('ref_axis',(-1.,0.,-2.26082816129704E-12));
#3200=DIRECTION('center_axis',(4.01943180487073E-14,-3.27035822940397E-9,
-1.));
#3201=DIRECTION('ref_axis',(1.,0.,4.01943180487073E-14));
#3202=DIRECTION('center_axis',(0.,0.,-1.));
#3203=DIRECTION('ref_axis',(1.,-1.3144981880587E-22,0.));
#3204=DIRECTION('',(-4.01943180487073E-14,3.27035822940397E-9,1.));
#3205=DIRECTION('center_axis',(0.,0.,1.));
#3206=DIRECTION('ref_axis',(1.,-1.3144981880587E-22,0.));
#3207=DIRECTION('',(4.01943180487073E-14,-3.27035822940397E-9,-1.));
#3208=DIRECTION('center_axis',(4.01439424503901E-14,-3.26831351337313E-9,
-1.));
#3209=DIRECTION('ref_axis',(1.,0.,4.01439424503901E-14));
#3210=DIRECTION('center_axis',(0.,0.,-1.));
#3211=DIRECTION('ref_axis',(1.,-1.31202989590683E-22,0.));
#3212=DIRECTION('',(-4.01439424503901E-14,3.26831351337313E-9,1.));
#3213=DIRECTION('center_axis',(0.,0.,1.));
#3214=DIRECTION('ref_axis',(1.,-1.31202989590683E-22,0.));
#3215=DIRECTION('',(4.01439424503901E-14,-3.26831351337313E-9,-1.));
#3216=DIRECTION('center_axis',(-4.4255557507372E-12,1.66420796885578E-7,
0.999999999999986));
#3217=DIRECTION('ref_axis',(-1.,0.,-4.42555575073726E-12));
#3218=DIRECTION('',(-4.4255557507372E-12,1.66420796885578E-7,0.999999999999986));
#3219=DIRECTION('center_axis',(0.,0.,1.));
#3220=DIRECTION('ref_axis',(1.07226132228222E-34,-1.,0.));
#3221=DIRECTION('',(4.4255557507372E-12,-1.66420796885578E-7,-0.999999999999986));
#3222=DIRECTION('center_axis',(0.,0.,-1.));
#3223=DIRECTION('ref_axis',(1.07226132228222E-34,-1.,0.));
#3224=DIRECTION('center_axis',(-4.42278186220033E-12,1.66317297865525E-7,
0.999999999999986));
#3225=DIRECTION('ref_axis',(-1.,0.,-4.42278186220039E-12));
#3226=DIRECTION('',(-4.42278186220033E-12,1.66317297865525E-7,0.999999999999986));
#3227=DIRECTION('center_axis',(0.,0.,1.));
#3228=DIRECTION('ref_axis',(2.14452264456479E-34,-1.,0.));
#3229=DIRECTION('',(4.42278186220033E-12,-1.66317297865525E-7,-0.999999999999986));
#3230=DIRECTION('center_axis',(0.,0.,-1.));
#3231=DIRECTION('ref_axis',(2.14452264456479E-34,-1.,0.));
#3232=DIRECTION('center_axis',(-3.49232489038533E-16,-9.33417267940452E-13,
1.));
#3233=DIRECTION('ref_axis',(-1.,0.,-3.49232489038533E-16));
#3234=DIRECTION('center_axis',(0.,0.,1.));
#3235=DIRECTION('ref_axis',(-1.,0.,-3.49232489038533E-16));
#3236=DIRECTION('',(-3.49232489038533E-16,-9.33417267940452E-13,1.));
#3237=DIRECTION('center_axis',(0.,0.,-1.));
#3238=DIRECTION('ref_axis',(-1.,0.,-3.49232489038533E-16));
#3239=DIRECTION('center_axis',(-7.40364570820696E-12,1.55587873244819E-11,
1.));
#3240=DIRECTION('ref_axis',(-1.,0.,-7.40364570820696E-12));
#3241=DIRECTION('center_axis',(0.,0.,1.));
#3242=DIRECTION('ref_axis',(-1.,0.,-7.40364570820696E-12));
#3243=DIRECTION('',(-7.40364570820696E-12,1.55587873244819E-11,1.));
#3244=DIRECTION('center_axis',(0.,0.,-1.));
#3245=DIRECTION('ref_axis',(-1.,0.,-7.40364570820696E-12));
#3246=DIRECTION('center_axis',(-7.42220684287689E-12,1.55977936005151E-11,
1.));
#3247=DIRECTION('ref_axis',(-1.,0.,-7.42220684287688E-12));
#3248=DIRECTION('center_axis',(0.,0.,1.));
#3249=DIRECTION('ref_axis',(-1.,0.,-7.42220684287688E-12));
#3250=DIRECTION('',(-7.42220684287689E-12,1.55977936005151E-11,1.));
#3251=DIRECTION('center_axis',(0.,0.,-1.));
#3252=DIRECTION('ref_axis',(-1.,0.,-7.42220684287688E-12));
#3253=DIRECTION('center_axis',(3.84972996600343E-14,-3.12838464631089E-9,
-1.));
#3254=DIRECTION('ref_axis',(1.,0.,3.84972996600343E-14));
#3255=DIRECTION('center_axis',(0.,0.,-1.));
#3256=DIRECTION('ref_axis',(1.,-1.20434361180881E-22,0.));
#3257=DIRECTION('',(-3.84972996600343E-14,3.12838464631089E-9,1.));
#3258=DIRECTION('center_axis',(0.,0.,1.));
#3259=DIRECTION('ref_axis',(1.,-1.20434361180881E-22,0.));
#3260=DIRECTION('',(3.84972996600343E-14,-3.12838464631089E-9,-1.));
#3261=DIRECTION('center_axis',(3.85896138752477E-14,-3.12642884209949E-9,
-1.));
#3262=DIRECTION('ref_axis',(1.,0.,3.85896138752477E-14));
#3263=DIRECTION('center_axis',(0.,0.,-1.));
#3264=DIRECTION('ref_axis',(1.,-1.20647681825057E-22,0.));
#3265=DIRECTION('',(-3.85896138752477E-14,3.12642884209949E-9,1.));
#3266=DIRECTION('center_axis',(0.,0.,1.));
#3267=DIRECTION('ref_axis',(1.,-1.20647681825057E-22,0.));
#3268=DIRECTION('',(3.85896138752477E-14,-3.12642884209949E-9,-1.));
#3269=DIRECTION('center_axis',(-1.61295825722651E-12,3.2753022511841E-7,
0.999999999999946));
#3270=DIRECTION('ref_axis',(-1.,0.,-1.6129582572266E-12));
#3271=DIRECTION('',(-1.61295825722651E-12,3.2753022511841E-7,0.999999999999946));
#3272=DIRECTION('center_axis',(0.,0.,1.));
#3273=DIRECTION('ref_axis',(1.07067616151183E-34,-1.,0.));
#3274=DIRECTION('',(1.61295825722651E-12,-3.2753022511841E-7,-0.999999999999946));
#3275=DIRECTION('center_axis',(0.,0.,-1.));
#3276=DIRECTION('ref_axis',(1.07067616151183E-34,-1.,0.));
#3277=DIRECTION('center_axis',(-1.61193373267844E-12,3.27326533822393E-7,
0.999999999999946));
#3278=DIRECTION('ref_axis',(-1.,0.,-1.61193373267853E-12));
#3279=DIRECTION('',(-1.61193373267844E-12,3.27326533822393E-7,0.999999999999946));
#3280=DIRECTION('center_axis',(0.,0.,1.));
#3281=DIRECTION('ref_axis',(0.,-1.,0.));
#3282=DIRECTION('',(1.61193373267844E-12,-3.27326533822393E-7,-0.999999999999946));
#3283=DIRECTION('center_axis',(0.,0.,-1.));
#3284=DIRECTION('ref_axis',(0.,-1.,0.));
#3285=DIRECTION('center_axis',(-1.,-2.77098625498095E-8,0.));
#3286=DIRECTION('ref_axis',(0.,0.,1.));
#3287=DIRECTION('',(-2.77098625498095E-8,1.,0.));
#3288=DIRECTION('',(2.77098625498095E-8,-1.,0.));
#3289=DIRECTION('center_axis',(-1.,2.77097589388205E-8,0.));
#3290=DIRECTION('ref_axis',(0.,0.,1.));
#3291=DIRECTION('',(-2.77097589388205E-8,-1.,0.));
#3292=DIRECTION('',(2.77097589388205E-8,1.,0.));
#3293=DIRECTION('center_axis',(-1.76184210626511E-12,6.62514060923687E-8,
0.999999999999998));
#3294=DIRECTION('ref_axis',(-1.,0.,-1.76184210626511E-12));
#3295=DIRECTION('center_axis',(0.,0.,1.));
#3296=DIRECTION('ref_axis',(0.,-1.,0.));
#3297=DIRECTION('center_axis',(0.,0.,-1.));
#3298=DIRECTION('ref_axis',(0.,-1.,0.));
#3299=DIRECTION('center_axis',(2.68687352774177E-13,2.38686621774737E-11,
-1.));
#3300=DIRECTION('ref_axis',(-2.25107010425991E-8,1.,2.38686621714253E-11));
#3301=DIRECTION('center_axis',(0.,0.,1.));
#3302=DIRECTION('ref_axis',(1.,0.,2.68687352774177E-13));
#3303=DIRECTION('',(0.,0.,1.));
#3304=DIRECTION('center_axis',(0.,0.,-1.));
#3305=DIRECTION('ref_axis',(1.,0.,2.68687352774177E-13));
#3306=DIRECTION('center_axis',(-0.599929457439067,-0.800052902061399,4.95287504145547E-17));
#3307=DIRECTION('ref_axis',(8.25576237345958E-17,0.,1.));
#3308=DIRECTION('',(4.83464143630263E-6,-3.6253150340056E-6,-0.999999999981742));
#3309=DIRECTION('',(-0.800052902061399,0.599929457439067,0.));
#3310=DIRECTION('',(0.800052902061399,-0.599929457439067,0.));
#3311=DIRECTION('center_axis',(-0.74292667761852,-0.66937280470804,0.));
#3312=DIRECTION('ref_axis',(0.,0.,1.));
#3313=DIRECTION('',(-0.66937280470804,0.74292667761852,0.));
#3314=DIRECTION('',(0.66937280470804,-0.74292667761852,0.));
#3315=DIRECTION('',(0.,0.,1.));
#3316=DIRECTION('center_axis',(-0.901178381722436,0.433448410212947,0.));
#3317=DIRECTION('ref_axis',(0.,0.,1.));
#3318=DIRECTION('',(0.,0.,-1.));
#3319=DIRECTION('',(-0.433448410212947,-0.901178381722436,0.));
#3320=DIRECTION('',(0.433448410212947,0.901178381722436,0.));
#3321=DIRECTION('center_axis',(-0.668015549110237,0.744147314815385,0.));
#3322=DIRECTION('ref_axis',(0.,0.,1.));
#3323=DIRECTION('',(-0.744147314815386,-0.668015549110237,0.));
#3324=DIRECTION('',(0.744147314815385,0.668015549110237,0.));
#3325=DIRECTION('center_axis',(0.432408829774242,0.901677660770894,0.));
#3326=DIRECTION('ref_axis',(0.,0.,1.));
#3327=DIRECTION('',(0.,0.,-1.));
#3328=DIRECTION('',(-0.901677660770894,0.432408829774242,0.));
#3329=DIRECTION('',(0.901677660770894,-0.432408829774242,0.));
#3330=DIRECTION('center_axis',(-0.744024522250643,-0.668152310696972,0.));
#3331=DIRECTION('ref_axis',(0.,0.,1.));
#3332=DIRECTION('',(-0.668152310696972,0.744024522250643,0.));
#3333=DIRECTION('',(0.668152310696972,-0.744024522250643,0.));
#3334=DIRECTION('center_axis',(0.434407295631738,0.900716548921979,0.));
#3335=DIRECTION('ref_axis',(0.,0.,1.));
#3336=DIRECTION('',(-0.900716548921979,0.434407295631738,0.));
#3337=DIRECTION('',(0.900716548921979,-0.434407295631738,0.));
#3338=DIRECTION('center_axis',(0.99999999960233,-2.77842707778338E-5,4.83474216120287E-6));
#3339=DIRECTION('ref_axis',(4.834742163069E-6,0.,-0.999999999988313));
#3340=DIRECTION('',(2.77842707781585E-5,0.999999999614017,0.));
#3341=DIRECTION('',(-2.77842707781585E-5,-0.999999999614017,0.));
#3342=DIRECTION('center_axis',(0.,0.,1.));
#3343=DIRECTION('ref_axis',(1.,0.,0.));
#3344=DIRECTION('center_axis',(0.,0.,1.));
#3345=DIRECTION('ref_axis',(1.,0.,0.));
#3346=DIRECTION('center_axis',(0.,0.,1.));
#3347=DIRECTION('ref_axis',(1.,0.,0.));
#3348=DIRECTION('center_axis',(0.,0.,1.));
#3349=DIRECTION('ref_axis',(1.,0.,0.));
#3350=DIRECTION('center_axis',(0.,0.,1.));
#3351=DIRECTION('ref_axis',(1.,0.,0.));
#3352=DIRECTION('center_axis',(0.,0.,1.));
#3353=DIRECTION('ref_axis',(1.,0.,0.));
#3354=DIRECTION('center_axis',(0.,0.,1.));
#3355=DIRECTION('ref_axis',(1.,0.,0.));
#3356=DIRECTION('center_axis',(0.,0.,1.));
#3357=DIRECTION('ref_axis',(1.,0.,0.));
#3358=DIRECTION('center_axis',(0.,0.,1.));
#3359=DIRECTION('ref_axis',(1.,0.,0.));
#3360=DIRECTION('center_axis',(0.,0.,1.));
#3361=DIRECTION('ref_axis',(1.,0.,0.));
#3362=DIRECTION('center_axis',(0.,0.,1.));
#3363=DIRECTION('ref_axis',(1.,0.,0.));
#3364=DIRECTION('center_axis',(0.,0.,1.));
#3365=DIRECTION('ref_axis',(1.,0.,0.));
#3366=DIRECTION('center_axis',(0.,0.,1.));
#3367=DIRECTION('ref_axis',(1.,0.,0.));
#3368=DIRECTION('center_axis',(0.,0.,1.));
#3369=DIRECTION('ref_axis',(1.,0.,0.));
#3370=DIRECTION('center_axis',(-0.980580653211268,-0.196116247536409,0.));
#3371=DIRECTION('ref_axis',(0.,0.,1.));
#3372=DIRECTION('',(-0.196116247536409,0.980580653211268,0.));
#3373=DIRECTION('',(0.,0.,-1.));
#3374=DIRECTION('',(0.196116247536409,-0.980580653211268,0.));
#3375=DIRECTION('center_axis',(0.193758459189738,0.981049264559338,0.));
#3376=DIRECTION('ref_axis',(0.,0.,1.));
#3377=DIRECTION('',(-0.981049264559338,0.193758459189738,0.));
#3378=DIRECTION('',(0.981049264559338,-0.193758459189738,0.));
#3379=DIRECTION('',(0.,0.,1.));
#3380=DIRECTION('center_axis',(-0.193758459189738,0.981049264559338,0.));
#3381=DIRECTION('ref_axis',(0.,0.,1.));
#3382=DIRECTION('',(-0.981049264559338,-0.193758459189738,0.));
#3383=DIRECTION('',(0.981049264559338,0.193758459189738,0.));
#3384=DIRECTION('center_axis',(-0.980580765609409,0.196115685545205,0.));
#3385=DIRECTION('ref_axis',(0.,0.,1.));
#3386=DIRECTION('',(-0.196115685545205,-0.980580765609409,0.));
#3387=DIRECTION('',(0.196115685545205,0.980580765609409,0.));
#3388=DIRECTION('',(0.,0.,1.));
#3389=DIRECTION('center_axis',(-0.980580585771813,-0.196116584733183,0.));
#3390=DIRECTION('ref_axis',(0.,0.,1.));
#3391=DIRECTION('',(-0.196116584733183,0.980580585771813,0.));
#3392=DIRECTION('',(0.196116584733183,-0.980580585771813,0.));
#3393=DIRECTION('center_axis',(-0.980580473372663,0.196117146726758,0.));
#3394=DIRECTION('ref_axis',(0.,0.,1.));
#3395=DIRECTION('',(-0.196117146726758,-0.980580473372663,0.));
#3396=DIRECTION('',(0.196117146726758,0.980580473372663,0.));
#3397=DIRECTION('center_axis',(0.,0.,1.));
#3398=DIRECTION('ref_axis',(1.,0.,0.));
#3399=DIRECTION('center_axis',(0.,0.,1.));
#3400=DIRECTION('ref_axis',(1.,0.,0.));
#3401=DIRECTION('center_axis',(0.,0.,1.));
#3402=DIRECTION('ref_axis',(1.,0.,0.));
#3403=DIRECTION('center_axis',(0.,0.,1.));
#3404=DIRECTION('ref_axis',(1.,0.,0.));
#3405=DIRECTION('center_axis',(0.,0.,1.));
#3406=DIRECTION('ref_axis',(1.,0.,0.));
#3407=DIRECTION('center_axis',(0.,0.,1.));
#3408=DIRECTION('ref_axis',(1.,0.,0.));
#3409=DIRECTION('center_axis',(0.,0.,1.));
#3410=DIRECTION('ref_axis',(1.,0.,0.));
#3411=DIRECTION('center_axis',(0.,0.,1.));
#3412=DIRECTION('ref_axis',(1.,0.,0.));
#3413=DIRECTION('center_axis',(0.,0.,1.));
#3414=DIRECTION('ref_axis',(1.,0.,0.));
#3415=DIRECTION('center_axis',(0.,0.,1.));
#3416=DIRECTION('ref_axis',(1.,0.,0.));
#3417=DIRECTION('center_axis',(0.,0.,1.));
#3418=DIRECTION('ref_axis',(1.,0.,0.));
#3419=DIRECTION('center_axis',(0.,0.,1.));
#3420=DIRECTION('ref_axis',(1.,0.,0.));
#3421=DIRECTION('center_axis',(0.,0.,1.));
#3422=DIRECTION('ref_axis',(1.,0.,0.));
#3423=DIRECTION('center_axis',(0.,0.,1.));
#3424=DIRECTION('ref_axis',(1.,0.,0.));
#3425=CARTESIAN_POINT('',(0.,0.,0.));
#3426=CARTESIAN_POINT('Origin',(-7.13802804193162,-266.311922261925,79.9829918030738));
#3427=CARTESIAN_POINT('',(24.4371333341245,-289.556194737683,79.9800108254028));
#3428=CARTESIAN_POINT('',(24.4390742033508,-289.557133677083,1.38429935293121E-5));
#3429=CARTESIAN_POINT('Ctrl Pts',(24.3355985525155,-289.694085564239,79.9800060689626));
#3430=CARTESIAN_POINT('Ctrl Pts',(24.3365304192521,-289.694785275287,40.0877391334476));
#3431=CARTESIAN_POINT('Ctrl Pts',(24.3374468723845,-289.695473412718,9.19394873414611E-6));
#3432=CARTESIAN_POINT('',(31.3697164646982,-273.692174872404,79.9799894430232));
#3433=CARTESIAN_POINT('Ctrl Pts',(31.3677073773085,-273.702664437952,79.9799895212035));
#3434=CARTESIAN_POINT('Ctrl Pts',(31.3159078201116,-273.972539839774,79.9799396523813));
#3435=CARTESIAN_POINT('Ctrl Pts',(31.2606408362162,-274.245131590837,79.9798976523001));
#3436=CARTESIAN_POINT('Ctrl Pts',(31.2018571582209,-274.519719159111,79.9798630012743));
#3437=CARTESIAN_POINT('Ctrl Pts',(31.1436942024336,-274.791407238829,79.9798287161437));
#3438=CARTESIAN_POINT('Ctrl Pts',(31.0820883740161,-275.065049013748,79.9798016259968));
#3439=CARTESIAN_POINT('Ctrl Pts',(31.0170428846484,-275.339950121197,79.9797811099551));
#3440=CARTESIAN_POINT('Ctrl Pts',(30.9525038278809,-275.612710897564,79.9797607536477));
#3441=CARTESIAN_POINT('Ctrl Pts',(30.8845784372968,-275.886711280093,79.9797468697189));
#3442=CARTESIAN_POINT('Ctrl Pts',(30.8133208877482,-276.161279432269,79.9797387311992));
#3443=CARTESIAN_POINT('Ctrl Pts',(30.7425601387743,-276.433933322494,79.9797306494204));
#3444=CARTESIAN_POINT('Ctrl Pts',(30.6685135470204,-276.707146907243,79.9797282333637));
#3445=CARTESIAN_POINT('Ctrl Pts',(30.5912847689264,-276.980271493786,79.9797306489654));
#3446=CARTESIAN_POINT('Ctrl Pts',(30.5142106002092,-277.252849294234,79.9797330597311));
#3447=CARTESIAN_POINT('Ctrl Pts',(30.4339669905995,-277.52533826622,79.979740282972));
#3448=CARTESIAN_POINT('Ctrl Pts',(30.3507073763321,-277.797105584039,79.9797513651806));
#3449=CARTESIAN_POINT('Ctrl Pts',(30.2674620300512,-278.068826329789,79.9797624454902));
#3450=CARTESIAN_POINT('Ctrl Pts',(30.1812017562497,-278.339825487892,79.9797773835233));
#3451=CARTESIAN_POINT('Ctrl Pts',(30.0921299148391,-278.609485305157,79.9797951000228));
#3452=CARTESIAN_POINT('Ctrl Pts',(30.0029109015673,-278.87959067667,79.9798128457949));
#3453=CARTESIAN_POINT('Ctrl Pts',(29.9108710914827,-279.148352104515,79.9798333792353));
#3454=CARTESIAN_POINT('Ctrl Pts',(29.8162641995369,-279.415166236196,79.9798554883161));
#3455=CARTESIAN_POINT('Ctrl Pts',(29.721050309441,-279.683692248282,79.9798777392489));
#3456=CARTESIAN_POINT('Ctrl Pts',(29.6232363639627,-279.95024572161,79.9799015861119));
#3457=CARTESIAN_POINT('Ctrl Pts',(29.5231299169378,-280.214231945639,79.9799256641487));
#3458=CARTESIAN_POINT('Ctrl Pts',(29.4224780116363,-280.479656573238,79.9799498733815));
#3459=CARTESIAN_POINT('Ctrl Pts',(29.3195086780563,-280.742485745775,79.979974316185));
#3460=CARTESIAN_POINT('Ctrl Pts',(29.2145823272758,-281.002137940991,79.9799974760753));
#3461=CARTESIAN_POINT('Ctrl Pts',(29.1083809032755,-281.264945449988,79.9800209174065));
#3462=CARTESIAN_POINT('Ctrl Pts',(29.0001747289451,-281.524498140414,79.9800430443412));
#3463=CARTESIAN_POINT('Ctrl Pts',(28.8903845868095,-281.780218899964,79.980062153951));
#3464=CARTESIAN_POINT('Ctrl Pts',(28.8186547321929,-281.947290483516,79.9800746389474));
#3465=CARTESIAN_POINT('Ctrl Pts',(28.7462497261187,-282.112726952943,79.9800858333294));
#3466=CARTESIAN_POINT('Ctrl Pts',(28.67329711293,-282.276373651934,79.98009523326));
#3467=CARTESIAN_POINT('Ctrl Pts',(28.5632413027213,-282.523249935843,79.9801094139307));
#3468=CARTESIAN_POINT('Ctrl Pts',(28.4519449090688,-282.766055164626,79.9801194958214));
#3469=CARTESIAN_POINT('Ctrl Pts',(28.3393425109016,-283.005360984714,79.9801259321791));
#3470=CARTESIAN_POINT('Ctrl Pts',(28.2254672279363,-283.247371975789,79.980132441295));
#3471=CARTESIAN_POINT('Ctrl Pts',(28.1102561222501,-283.485804134288,79.980135222135));
#3472=CARTESIAN_POINT('Ctrl Pts',(27.993590824842,-283.721232236918,79.9801348729809));
#3473=CARTESIAN_POINT('Ctrl Pts',(27.8758517680374,-283.958827163299,79.9801345206133));
#3474=CARTESIAN_POINT('Ctrl Pts',(27.7566315110957,-284.193362622433,79.9801309804969));
#3475=CARTESIAN_POINT('Ctrl Pts',(27.6357588991656,-284.425410610395,79.9801249966068));
#3476=CARTESIAN_POINT('Ctrl Pts',(27.5138038878868,-284.659536559501,79.9801189591317));
#3477=CARTESIAN_POINT('Ctrl Pts',(27.3901667044582,-284.891130439671,79.9801104339768));
#3478=CARTESIAN_POINT('Ctrl Pts',(27.264622995369,-285.120758496479,79.9801003146152));
#3479=CARTESIAN_POINT('Ctrl Pts',(27.1387544486616,-285.350980703576,79.9800901690703));
#3480=CARTESIAN_POINT('Ctrl Pts',(27.010969387785,-285.579227043695,79.9800784211654));
#3481=CARTESIAN_POINT('Ctrl Pts',(26.880994713546,-285.806044719253,79.9800660993003));
#3482=CARTESIAN_POINT('Ctrl Pts',(26.7510168879266,-286.032867894257,79.9800537771366));
#3483=CARTESIAN_POINT('Ctrl Pts',(26.6188492473224,-286.258262483495,79.9800408810547));
#3484=CARTESIAN_POINT('Ctrl Pts',(26.484173299561,-286.482750147174,79.9800285659336));
#3485=CARTESIAN_POINT('Ctrl Pts',(26.3498398521248,-286.706666906404,79.9800162821317));
#3486=CARTESIAN_POINT('Ctrl Pts',(26.2130107574659,-286.929681502157,79.9800045763719));
#3487=CARTESIAN_POINT('Ctrl Pts',(26.0733261570903,-287.152283924991,79.9799947196629));
#3488=CARTESIAN_POINT('Ctrl Pts',(25.9348208783057,-287.373006972125,79.9799849461716));
#3489=CARTESIAN_POINT('Ctrl Pts',(25.793508013718,-287.593324920509,79.9799769907095));
#3490=CARTESIAN_POINT('Ctrl Pts',(25.6489949952326,-287.813686006073,79.9799722144093));
#3491=CARTESIAN_POINT('Ctrl Pts',(25.5054845019874,-288.032518388186,79.9799674712436));
#3492=CARTESIAN_POINT('Ctrl Pts',(25.3588180444546,-288.251393480898,79.979965863246));
#3493=CARTESIAN_POINT('Ctrl Pts',(25.2085709160126,-288.47071875106,79.9799688441139));
#3494=CARTESIAN_POINT('Ctrl Pts',(25.0602781836999,-288.687191065139,79.979971786207));
#3495=CARTESIAN_POINT('Ctrl Pts',(24.908497252054,-288.90410207359,79.9799791985822));
#3496=CARTESIAN_POINT('Ctrl Pts',(24.7527814677058,-289.121810415199,79.9799925968646));
#3497=CARTESIAN_POINT('Ctrl Pts',(24.6804170201042,-289.222984126938,79.9799988233323));
#3498=CARTESIAN_POINT('Ctrl Pts',(24.6072022407137,-289.324329550386,79.9800063442267));
#3499=CARTESIAN_POINT('Ctrl Pts',(24.5330894925485,-289.425880043658,79.9800153205101));
#3500=CARTESIAN_POINT('',(31.3696305299758,-273.702710009582,-6.9457843121512E-6));
#3501=CARTESIAN_POINT('Ctrl Pts',(31.3709469751277,-273.695887607714,-4.78929746527967E-6));
#3502=CARTESIAN_POINT('Ctrl Pts',(31.3721345434426,-273.68644574828,26.4352123916125));
#3503=CARTESIAN_POINT('Ctrl Pts',(31.3729773836662,-273.678594358481,53.5449900361598));
#3504=CARTESIAN_POINT('Ctrl Pts',(31.3734953995326,-273.672444827385,79.9799892959721));
#3505=CARTESIAN_POINT('Ctrl Pts',(24.5351541560479,-289.426345284536,1.82382679270177E-5));
#3506=CARTESIAN_POINT('Ctrl Pts',(24.6944104345798,-289.207621771823,-9.06036293113305E-7));
#3507=CARTESIAN_POINT('Ctrl Pts',(24.8495208861993,-288.989865050108,-1.33600707157719E-5));
#3508=CARTESIAN_POINT('Ctrl Pts',(25.0009497279824,-288.77273105801,-2.0687670883035E-5));
#3509=CARTESIAN_POINT('Ctrl Pts',(25.1540920396518,-288.553140119453,-2.80981853886599E-5));
#3510=CARTESIAN_POINT('Ctrl Pts',(25.3034690110249,-288.334185905916,-3.02655529456607E-5));
#3511=CARTESIAN_POINT('Ctrl Pts',(25.4495212088438,-288.11547683506,-2.86840052439175E-5));
#3512=CARTESIAN_POINT('Ctrl Pts',(25.5969185854904,-287.894753396629,-2.70878910754233E-5));
#3513=CARTESIAN_POINT('Ctrl Pts',(25.7409297251459,-287.674279466301,-2.16734607487142E-5));
#3514=CARTESIAN_POINT('Ctrl Pts',(25.8819664950913,-287.453619038728,-1.38523358117482E-5));
#3515=CARTESIAN_POINT('Ctrl Pts',(26.0242655895038,-287.230983629334,-5.96120929028485E-6));
#3516=CARTESIAN_POINT('Ctrl Pts',(26.1635369182478,-287.008158215013,4.37984469576941E-6));
#3517=CARTESIAN_POINT('Ctrl Pts',(26.3001608624794,-286.784663497557,1.58469879636414E-5));
#3518=CARTESIAN_POINT('Ctrl Pts',(26.4371374669859,-286.560591884822,2.73437307714697E-5));
#3519=CARTESIAN_POINT('Ctrl Pts',(26.5714530706848,-286.335847343744,3.99723913358878E-5));
#3520=CARTESIAN_POINT('Ctrl Pts',(26.7034472453302,-286.109917812235,5.25250150218426E-5));
#3521=CARTESIAN_POINT('Ctrl Pts',(26.8354430384688,-285.883985510413,6.50777926262185E-5));
#3522=CARTESIAN_POINT('Ctrl Pts',(26.9651174261474,-285.656868033232,7.75545026631437E-5));
#3523=CARTESIAN_POINT('Ctrl Pts',(27.0927651983672,-285.428026720677,8.88732231771883E-5));
#3524=CARTESIAN_POINT('Ctrl Pts',(27.2200861341128,-285.19977134618,0.000100162962608047));
#3525=CARTESIAN_POINT('Ctrl Pts',(27.3453909127153,-284.969800805132,0.000110300568946212));
#3526=CARTESIAN_POINT('Ctrl Pts',(27.4689262290491,-284.737556403619,0.000118338470443291));
#3527=CARTESIAN_POINT('Ctrl Pts',(27.5914158314191,-284.507277927486,0.000126308331916804));
#3528=CARTESIAN_POINT('Ctrl Pts',(27.7121658795397,-284.274763772265,0.000132213858116673));
#3529=CARTESIAN_POINT('Ctrl Pts',(27.8313705253002,-284.039447783457,0.000135255948165991));
#3530=CARTESIAN_POINT('Ctrl Pts',(27.9497458885502,-283.805768840192,0.000138276875012673));
#3531=CARTESIAN_POINT('Ctrl Pts',(28.0665973956476,-283.569326778037,0.000138473931177296));
#3532=CARTESIAN_POINT('Ctrl Pts',(28.1820678070906,-283.329547958148,0.000135189263417601));
#3533=CARTESIAN_POINT('Ctrl Pts',(28.2960366631576,-283.092887176651,0.000131947308855786));
#3534=CARTESIAN_POINT('Ctrl Pts',(28.4086602034966,-282.852975712936,0.000125313518879823));
#3535=CARTESIAN_POINT('Ctrl Pts',(28.5200278779732,-282.609245285327,0.000114778639968449));
#3536=CARTESIAN_POINT('Ctrl Pts',(28.5705755902743,-282.498620585731,0.000109997054729805));
#3537=CARTESIAN_POINT('Ctrl Pts',(28.6208639181865,-282.387208930788,0.000104413513447639));
#3538=CARTESIAN_POINT('Ctrl Pts',(28.6708978179675,-282.274956143671,9.79890368881797E-5));
#3539=CARTESIAN_POINT('Ctrl Pts',(28.7828995531545,-282.023676371523,8.36077369000286E-5));
#3540=CARTESIAN_POINT('Ctrl Pts',(28.8936218395488,-281.768179142446,6.50251667983132E-5));
#3541=CARTESIAN_POINT('Ctrl Pts',(29.002611361845,-281.50902942574,4.40348088233122E-5));
#3542=CARTESIAN_POINT('Ctrl Pts',(29.1104470249514,-281.252623296452,2.32666732870996E-5));
#3543=CARTESIAN_POINT('Ctrl Pts',(29.2165862624364,-280.992641735136,1.41687683472346E-7));
#3544=CARTESIAN_POINT('Ctrl Pts',(29.3206338495471,-280.729658124122,-2.37265795277608E-5));
#3545=CARTESIAN_POINT('Ctrl Pts',(29.423869618141,-280.468726410427,-4.74086175161189E-5));
#3546=CARTESIAN_POINT('Ctrl Pts',(29.5250461177737,-280.204839453515,-7.18222294444923E-5));
#3547=CARTESIAN_POINT('Ctrl Pts',(29.6238228564179,-279.938581216354,-9.55164935732E-5));
#3548=CARTESIAN_POINT('Ctrl Pts',(29.7219103346192,-279.674180919362,-0.00011904541999984));
#3549=CARTESIAN_POINT('Ctrl Pts',(29.8176313323028,-279.407442480609,-0.000141864949303125));
#3550=CARTESIAN_POINT('Ctrl Pts',(29.9106992078678,-279.13895912277,-0.000162679793945131));
#3551=CARTESIAN_POINT('Ctrl Pts',(30.003580996386,-278.871012591145,-0.000183453019790699));
#3552=CARTESIAN_POINT('Ctrl Pts',(30.0938201695241,-278.601328273159,-0.000202229520092315));
#3553=CARTESIAN_POINT('Ctrl Pts',(30.1811799969642,-278.330514843052,-0.000217848090855455));
#3554=CARTESIAN_POINT('Ctrl Pts',(30.2685256665659,-278.059745301914,-0.00023346413041854));
#3555=CARTESIAN_POINT('Ctrl Pts',(30.3529928562239,-277.787847187184,-0.000245923280635826));
#3556=CARTESIAN_POINT('Ctrl Pts',(30.4343943996307,-277.515445390806,-0.000254191618935806));
#3557=CARTESIAN_POINT('Ctrl Pts',(30.5159317747051,-277.242589047884,-0.000262473754298254));
#3558=CARTESIAN_POINT('Ctrl Pts',(30.5943932220948,-276.969227522185,-0.000266551162409328));
#3559=CARTESIAN_POINT('Ctrl Pts',(30.6696411006727,-276.696002754861,-0.000265511200737478));
#3560=CARTESIAN_POINT('Ctrl Pts',(30.7453739772995,-276.421016961424,-0.000264464536160627));
#3561=CARTESIAN_POINT('Ctrl Pts',(30.8178516866702,-276.146169879366,-0.00025823441280114));
#3562=CARTESIAN_POINT('Ctrl Pts',(30.8869856633539,-275.872127280028,-0.000246017275742361));
#3563=CARTESIAN_POINT('Ctrl Pts',(30.956498355404,-275.596583477542,-0.000233733213305367));
#3564=CARTESIAN_POINT('Ctrl Pts',(31.0226305951943,-275.321853191485,-0.000215396586723316));
#3565=CARTESIAN_POINT('Ctrl Pts',(31.0853446923751,-275.048621740712,-0.000190316007532942));
#3566=CARTESIAN_POINT('Ctrl Pts',(31.1488222538621,-274.772064044814,-0.000164930104215334));
#3567=CARTESIAN_POINT('Ctrl Pts',(31.2087979510904,-274.497042096801,-0.000132635260636431));
#3568=CARTESIAN_POINT('Ctrl Pts',(31.2652860969537,-274.22427230478,-9.28396299428869E-5));
#3569=CARTESIAN_POINT('Ctrl Pts',(31.3014944217563,-274.049429652841,-6.73310369477984E-5));
#3570=CARTESIAN_POINT('Ctrl Pts',(31.3362709066592,-273.875512446407,-3.8743139074254E-5));
#3571=CARTESIAN_POINT('Ctrl Pts',(31.3696305299758,-273.702710009582,-6.94578430682213E-6));
#3572=CARTESIAN_POINT('Origin',(23.3181095933253,-225.877020569087,79.9828110073321));
#3573=CARTESIAN_POINT('',(41.1255958170601,-260.694850992676,79.9799894328806));
#3574=CARTESIAN_POINT('',(41.1187701631996,-260.700518763734,-4.97323486953257E-6));
#3575=CARTESIAN_POINT('Ctrl Pts',(41.1216781318982,-260.696854404361,79.9799938227942));
#3576=CARTESIAN_POINT('Ctrl Pts',(41.1140577107257,-260.701478202458,53.5459201490439));
#3577=CARTESIAN_POINT('Ctrl Pts',(41.1078044256539,-260.705420421534,26.4338613319755));
#3578=CARTESIAN_POINT('Ctrl Pts',(41.1029988603866,-260.708599915277,-6.01358314256117E-7));
#3579=CARTESIAN_POINT('',(54.3979605276656,-249.613140824768,79.9800109179483));
#3580=CARTESIAN_POINT('Ctrl Pts',(54.3004305966259,-249.740877472654,79.9800154455234));
#3581=CARTESIAN_POINT('Ctrl Pts',(54.1356475440734,-249.954814428563,79.9799960248338));
#3582=CARTESIAN_POINT('Ctrl Pts',(53.9706103367103,-250.164504852239,79.9799833639051));
#3583=CARTESIAN_POINT('Ctrl Pts',(53.8051219048047,-250.370488239113,79.9799758868114));
#3584=CARTESIAN_POINT('Ctrl Pts',(53.6377628391681,-250.578800003066,79.9799683251987));
#3585=CARTESIAN_POINT('Ctrl Pts',(53.4699421363488,-250.783320556756,79.9799660653164));
#3586=CARTESIAN_POINT('Ctrl Pts',(53.301410541686,-250.984579989703,79.9799676009735));
#3587=CARTESIAN_POINT('Ctrl Pts',(53.1313277371322,-251.187691868322,79.9799691507651));
#3588=CARTESIAN_POINT('Ctrl Pts',(52.9605207470408,-251.387482426603,79.9799745663125));
#3589=CARTESIAN_POINT('Ctrl Pts',(52.7886896741775,-251.584466642957,79.9799824242472));
#3590=CARTESIAN_POINT('Ctrl Pts',(52.6153191603731,-251.783215648195,79.9799903525815));
#3591=CARTESIAN_POINT('Ctrl Pts',(52.4409060073885,-251.979107928267,79.9800007672194));
#3592=CARTESIAN_POINT('Ctrl Pts',(52.2650999698199,-252.172640368619,79.98001233277));
#3593=CARTESIAN_POINT('Ctrl Pts',(52.0888385608075,-252.366674095206,79.9800239282776));
#3594=CARTESIAN_POINT('Ctrl Pts',(51.9111769019063,-252.558335854311,79.9800366806747));
#3595=CARTESIAN_POINT('Ctrl Pts',(51.7317218379112,-252.74809257305,79.9800493708967));
#3596=CARTESIAN_POINT('Ctrl Pts',(51.5522617359531,-252.937854618957,79.9800620614748));
#3597=CARTESIAN_POINT('Ctrl Pts',(51.3710080004185,-253.125711639239,79.980074689845));
#3598=CARTESIAN_POINT('Ctrl Pts',(51.1875293467578,-253.312095077191,79.9800861634966));
#3599=CARTESIAN_POINT('Ctrl Pts',(51.0045164320078,-253.49800540278,79.9800976080236));
#3600=CARTESIAN_POINT('Ctrl Pts',(50.819289763973,-253.682449749242,79.9801079036206));
#3601=CARTESIAN_POINT('Ctrl Pts',(50.6313852774468,-253.865819069913,79.9801160927229));
#3602=CARTESIAN_POINT('Ctrl Pts',(50.4450663812319,-254.047641069263,79.9801242127232));
#3603=CARTESIAN_POINT('Ctrl Pts',(50.2561145435912,-254.228406227033,79.9801302616018));
#3604=CARTESIAN_POINT('Ctrl Pts',(50.0640436915476,-254.408457247785,79.9801334310227));
#3605=CARTESIAN_POINT('Ctrl Pts',(49.8733044704699,-254.587259971296,79.9801365784699));
#3606=CARTESIAN_POINT('Ctrl Pts',(49.6794892378214,-254.765358577516,79.9801368861113));
#3607=CARTESIAN_POINT('Ctrl Pts',(49.4820902446247,-254.943048607672,79.9801336875692));
#3608=CARTESIAN_POINT('Ctrl Pts',(49.2872600517306,-255.118426314975,79.9801305306505));
#3609=CARTESIAN_POINT('Ctrl Pts',(49.0889386536318,-255.293406141056,79.9801239581357));
#3610=CARTESIAN_POINT('Ctrl Pts',(48.8866084303685,-255.468231028804,79.9801134531379));
#3611=CARTESIAN_POINT('Ctrl Pts',(48.791844565906,-255.550112428924,79.9801085329922));
#3612=CARTESIAN_POINT('Ctrl Pts',(48.6962008991264,-255.631959236779,79.9801027519909));
#3613=CARTESIAN_POINT('Ctrl Pts',(48.5996220838461,-255.713793104994,79.9800960666565));
#3614=CARTESIAN_POINT('Ctrl Pts',(48.3901711545038,-255.891266598531,79.9800815681405));
#3615=CARTESIAN_POINT('Ctrl Pts',(48.1763181847751,-256.068675566644,79.98006282912));
#3616=CARTESIAN_POINT('Ctrl Pts',(47.9584761111383,-256.245428609241,79.9800416551538));
#3617=CARTESIAN_POINT('Ctrl Pts',(47.7429328946581,-256.420316401521,79.9800207046336));
#3618=CARTESIAN_POINT('Ctrl Pts',(47.5234844027439,-256.594561852345,79.979997370515));
#3619=CARTESIAN_POINT('Ctrl Pts',(47.3005680586283,-256.767626826297,79.9799732776743));
#3620=CARTESIAN_POINT('Ctrl Pts',(47.0793864733105,-256.939344990139,79.9799493723268));
#3621=CARTESIAN_POINT('Ctrl Pts',(46.8547909014547,-257.109900812434,79.9799247201753));
#3622=CARTESIAN_POINT('Ctrl Pts',(46.6272443453821,-257.278805648873,79.9799007827024));
#3623=CARTESIAN_POINT('Ctrl Pts',(46.4012841137507,-257.446532977398,79.9798770121079));
#3624=CARTESIAN_POINT('Ctrl Pts',(46.1724140282699,-257.612632123901,79.9798539463157));
#3625=CARTESIAN_POINT('Ctrl Pts',(45.9411211196087,-257.776663496542,79.9798328903983));
#3626=CARTESIAN_POINT('Ctrl Pts',(45.7102915460045,-257.940366275081,79.979811876661));
#3627=CARTESIAN_POINT('Ctrl Pts',(45.4770489767471,-258.102009421376,79.9797928648038));
#3628=CARTESIAN_POINT('Ctrl Pts',(45.2419092523591,-258.261196929589,79.9797770251557));
#3629=CARTESIAN_POINT('Ctrl Pts',(45.0068105660472,-258.420356655388,79.979761188272));
#3630=CARTESIAN_POINT('Ctrl Pts',(44.7698155343124,-258.577061486536,79.9797485224734));
#3631=CARTESIAN_POINT('Ctrl Pts',(44.5314694077709,-258.730958482068,79.9797400701755));
#3632=CARTESIAN_POINT('Ctrl Pts',(44.2927306897554,-258.885108968812,79.9797316039555));
#3633=CARTESIAN_POINT('Ctrl Pts',(44.0526365853845,-259.036442271012,79.9797273650452));
#3634=CARTESIAN_POINT('Ctrl Pts',(43.811762501748,-259.18464826671,79.9797282739797));
#3635=CARTESIAN_POINT('Ctrl Pts',(43.5693449723576,-259.333803920052,79.9797291887384));
#3636=CARTESIAN_POINT('Ctrl Pts',(43.3261376026302,-259.479791970466,79.9797353174341));
#3637=CARTESIAN_POINT('Ctrl Pts',(43.0827522615558,-259.62234282821,79.9797474709977));
#3638=CARTESIAN_POINT('Ctrl Pts',(42.8380428414665,-259.765669199378,79.9797596906797));
#3639=CARTESIAN_POINT('Ctrl Pts',(42.5931537009932,-259.905520836403,79.9797780007377));
#3640=CARTESIAN_POINT('Ctrl Pts',(42.3487295504004,-260.041671605814,79.979803099416));
#3641=CARTESIAN_POINT('Ctrl Pts',(42.1013361241769,-260.179476340926,79.9798285029943));
#3642=CARTESIAN_POINT('Ctrl Pts',(41.8544192465208,-260.313489697116,79.9798608609215));
#3643=CARTESIAN_POINT('Ctrl Pts',(41.6086678149751,-260.443526886861,79.9799007715516));
#3644=CARTESIAN_POINT('Ctrl Pts',(41.4470728416546,-260.529033433355,79.9799270149682));
#3645=CARTESIAN_POINT('Ctrl Pts',(41.285982195103,-260.612821799123,79.9799565214249));
#3646=CARTESIAN_POINT('Ctrl Pts',(41.1255958170601,-260.694850992676,79.9799894328807));
#3647=CARTESIAN_POINT('',(54.3994161919433,-249.614753461029,1.39321040992072E-5));
#3648=CARTESIAN_POINT('Ctrl Pts',(54.5030698320771,-249.479312822489,9.24805177043822E-6));
#3649=CARTESIAN_POINT('Ctrl Pts',(54.5021466403532,-249.478620293674,40.0884666715232));
#3650=CARTESIAN_POINT('Ctrl Pts',(54.5012078239801,-249.477916044088,79.9800061249593));
#3651=CARTESIAN_POINT('Ctrl Pts',(41.1261913290409,-260.696716188481,-7.0304156452039E-6));
#3652=CARTESIAN_POINT('Ctrl Pts',(41.3707498836432,-260.571302989947,-5.70195601393568E-5));
#3653=CARTESIAN_POINT('Ctrl Pts',(41.6169512595146,-260.441802520925,-9.91161510988915E-5));
#3654=CARTESIAN_POINT('Ctrl Pts',(41.8640889010914,-260.308370223045,-0.000133841590255201));
#3655=CARTESIAN_POINT('Ctrl Pts',(42.1086116627529,-260.176349727242,-0.000168199611268243));
#3656=CARTESIAN_POINT('Ctrl Pts',(42.3540507798807,-260.040480166884,-0.000195341324802992));
#3657=CARTESIAN_POINT('Ctrl Pts',(42.5997396278033,-259.9009599807,-0.000215889819955351));
#3658=CARTESIAN_POINT('Ctrl Pts',(42.8435123694401,-259.7625279005,-0.000236278059153652));
#3659=CARTESIAN_POINT('Ctrl Pts',(43.0875307698837,-259.620501943665,-0.000250175273616203));
#3660=CARTESIAN_POINT('Ctrl Pts',(43.3311641783468,-259.475123122961,-0.000258311155320712));
#3661=CARTESIAN_POINT('Ctrl Pts',(43.5730975842756,-259.330758713068,-0.000266390267226681));
#3662=CARTESIAN_POINT('Ctrl Pts',(43.8146511784043,-259.183088133188,-0.000268788020841486));
#3663=CARTESIAN_POINT('Ctrl Pts',(44.0552304373438,-259.032393382876,-0.000266341722323205));
#3664=CARTESIAN_POINT('Ctrl Pts',(44.2953283386117,-258.882000146811,-0.000263900318427029));
#3665=CARTESIAN_POINT('Ctrl Pts',(44.5344556260638,-258.728594898204,-0.000256634083911532));
#3666=CARTESIAN_POINT('Ctrl Pts',(44.7720469703509,-258.572502967473,-0.000245500346537142));
#3667=CARTESIAN_POINT('Ctrl Pts',(45.0095990531834,-258.416436830596,-0.000234368448988715));
#3668=CARTESIAN_POINT('Ctrl Pts',(45.2456155394427,-258.257684991765,-0.000219370248478796));
#3669=CARTESIAN_POINT('Ctrl Pts',(45.4795595533712,-258.096616484735,-0.000201589437168082));
#3670=CARTESIAN_POINT('Ctrl Pts',(45.71389274546,-257.935280031781,-0.000183779046543418));
#3671=CARTESIAN_POINT('Ctrl Pts',(45.9461464176964,-257.771619311516,-0.00016317676695803));
#3672=CARTESIAN_POINT('Ctrl Pts',(46.1758116064928,-257.606047676894,-0.000140999721111257));
#3673=CARTESIAN_POINT('Ctrl Pts',(46.4069551744666,-257.439410240101,-0.000118679919268385));
#3674=CARTESIAN_POINT('Ctrl Pts',(46.635476680151,-257.27083732709,-9.47650059719874E-5));
#3675=CARTESIAN_POINT('Ctrl Pts',(46.86089048889,-257.100791596561,-7.06256179796583E-5));
#3676=CARTESIAN_POINT('Ctrl Pts',(47.087537217943,-256.929815786208,-4.63541975178331E-5));
#3677=CARTESIAN_POINT('Ctrl Pts',(47.3110420499542,-256.757351164632,-2.18559704134977E-5));
#3678=CARTESIAN_POINT('Ctrl Pts',(47.5309467672449,-256.583907484502,1.3459099506008E-6));
#3679=CARTESIAN_POINT('Ctrl Pts',(47.7535276737524,-256.408353035163,2.48301517974481E-5));
#3680=CARTESIAN_POINT('Ctrl Pts',(47.9724201892544,-256.231795711533,4.69861873299984E-5));
#3681=CARTESIAN_POINT('Ctrl Pts',(48.1871871702626,-256.054802051443,6.61034860769405E-5));
#3682=CARTESIAN_POINT('Ctrl Pts',(48.3257365334757,-255.940620817516,7.84363388986739E-5));
#3683=CARTESIAN_POINT('Ctrl Pts',(48.4625697401109,-255.826258757867,8.95018852244564E-5));
#3684=CARTESIAN_POINT('Ctrl Pts',(48.5975779389468,-255.711875671056,9.8813038889034E-5));
#3685=CARTESIAN_POINT('Ctrl Pts',(48.8038167326782,-255.537143839578,0.000113036775792318));
#3686=CARTESIAN_POINT('Ctrl Pts',(49.0058004180656,-255.36236775768,0.000123151683380106));
#3687=CARTESIAN_POINT('Ctrl Pts',(49.2040606024835,-255.187323560821,0.000129611397426288));
#3688=CARTESIAN_POINT('Ctrl Pts',(49.4045641158894,-255.010298725629,0.000136144203625674));
#3689=CARTESIAN_POINT('Ctrl Pts',(49.6012594869892,-254.832999515191,0.000138938774789044));
#3690=CARTESIAN_POINT('Ctrl Pts',(49.7946665549382,-254.655150320072,0.000138594417620652));
#3691=CARTESIAN_POINT('Ctrl Pts',(49.9898551033628,-254.475662948687,0.000138246888564187));
#3692=CARTESIAN_POINT('Ctrl Pts',(50.1816945937971,-254.295615262552,0.000134702465915347));
#3693=CARTESIAN_POINT('Ctrl Pts',(50.370687461372,-254.114681721367,0.000128706795109679));
#3694=CARTESIAN_POINT('Ctrl Pts',(50.5613727350339,-253.932127944294,0.000122657433866392));
#3695=CARTESIAN_POINT('Ctrl Pts',(50.7491602950277,-253.748672245766,0.000114112784130067));
#3696=CARTESIAN_POINT('Ctrl Pts',(50.9345321998197,-253.563939592339,0.000103968637844787));
#3697=CARTESIAN_POINT('Ctrl Pts',(51.120383150966,-253.378729544539,9.3798276603681E-5));
#3698=CARTESIAN_POINT('Ctrl Pts',(51.3038060512975,-253.192235788545,8.20202484587569E-5));
#3699=CARTESIAN_POINT('Ctrl Pts',(51.4852510447617,-253.004041814307,6.9665879408376E-5));
#3700=CARTESIAN_POINT('Ctrl Pts',(51.6666989981175,-252.815844770083,5.73113088225722E-5));
#3701=CARTESIAN_POINT('Ctrl Pts',(51.8461690953092,-252.625947319466,4.43804481377574E-5));
#3702=CARTESIAN_POINT('Ctrl Pts',(52.0240742533976,-252.433896523898,3.20316717647984E-5));
#3703=CARTESIAN_POINT('Ctrl Pts',(52.2015247733483,-252.242336515764,1.97144527944144E-5));
#3704=CARTESIAN_POINT('Ctrl Pts',(52.3774184682241,-252.048634032904,7.97637885821656E-6));
#3705=CARTESIAN_POINT('Ctrl Pts',(52.5521262619811,-251.852305299257,-1.90752270157191E-6));
#3706=CARTESIAN_POINT('Ctrl Pts',(52.7253559954785,-251.657637543021,-1.17078046254443E-5));
#3707=CARTESIAN_POINT('Ctrl Pts',(52.8974199207568,-251.460387655945,-1.96850863908252E-5));
#3708=CARTESIAN_POINT('Ctrl Pts',(53.0686396869658,-251.260052180544,-2.44737968984055E-5));
#3709=CARTESIAN_POINT('Ctrl Pts',(53.2386690528403,-251.061109531581,-2.92292140385401E-5));
#3710=CARTESIAN_POINT('Ctrl Pts',(53.4078661039164,-250.85912394834,-3.08402812881442E-5));
#3711=CARTESIAN_POINT('Ctrl Pts',(53.5765043327883,-250.653572549428,-2.78484247360211E-5));
#3712=CARTESIAN_POINT('Ctrl Pts',(53.7429487626654,-250.450695149499,-2.48954889668111E-5));
#3713=CARTESIAN_POINT('Ctrl Pts',(53.90884894025,-250.244343989766,-1.7458586905059E-5));
#3714=CARTESIAN_POINT('Ctrl Pts',(54.0744253082382,-250.033988794954,-4.01681137418564E-6));
#3715=CARTESIAN_POINT('Ctrl Pts',(54.1501675046206,-249.937762717108,2.13207094735452E-6));
#3716=CARTESIAN_POINT('Ctrl Pts',(54.2258413394036,-249.840698396409,9.53915785325603E-6));
#3717=CARTESIAN_POINT('Ctrl Pts',(54.3014647675601,-249.742743210807,1.83584763675526E-5));
#3718=CARTESIAN_POINT('Origin',(43.8442953205381,-247.164899049385,-9.91691338707385E-7));
#3719=CARTESIAN_POINT('',(40.2377213587487,-238.778215091671,-1.13686837721616E-12));
#3720=CARTESIAN_POINT('',(34.8783879830226,-248.884302773036,-1.13686837721616E-12));
#3721=CARTESIAN_POINT('Origin',(43.8442953205403,-247.164899049386,-1.13686837721616E-12));
#3722=CARTESIAN_POINT('',(40.237854068307,-238.77831464325,79.9799966812134));
#3723=CARTESIAN_POINT('',(40.2377877135277,-238.77826486746,39.9899982174058));
#3724=CARTESIAN_POINT('',(34.8784764470795,-248.883931682201,79.9799966812134));
#3725=CARTESIAN_POINT('Origin',(43.8444705240375,-247.164980326924,79.9799966812134));
#3726=CARTESIAN_POINT('Ctrl Pts',(34.8783879830247,-248.884302773028,-1.15019105351166E-12));
#3727=CARTESIAN_POINT('Ctrl Pts',(34.8784170762739,-248.884180734241,26.3048303039557));
#3728=CARTESIAN_POINT('Ctrl Pts',(34.8784473499804,-248.884053741478,53.675166376355));
#3729=CARTESIAN_POINT('Ctrl Pts',(34.8784764470816,-248.883931682192,79.9799966812134));
#3730=CARTESIAN_POINT('Origin',(19.1352181041174,-280.116861857136,79.9799975953891));
#3731=CARTESIAN_POINT('',(18.2520959052683,-271.033129268585,-1.13686837721616E-12));
#3732=CARTESIAN_POINT('',(10.0786125438842,-278.988938328054,-1.13686837721616E-12));
#3733=CARTESIAN_POINT('Origin',(19.1353397837628,-280.117000265245,-1.13686837721616E-12));
#3734=CARTESIAN_POINT('',(18.2523885513491,-271.032950584255,79.9799966812134));
#3735=CARTESIAN_POINT('Ctrl Pts',(18.2523885513491,-271.032950584255,79.9799966812134));
#3736=CARTESIAN_POINT('Ctrl Pts',(18.2522923120268,-271.033009347023,53.6757507028566));
#3737=CARTESIAN_POINT('Ctrl Pts',(18.2521921599408,-271.03307049805,26.3042459807883));
#3738=CARTESIAN_POINT('Ctrl Pts',(18.2520959052683,-271.033129268585,-1.13242748511766E-12));
#3739=CARTESIAN_POINT('',(10.0784855060821,-278.988842939143,79.9799966812134));
#3740=CARTESIAN_POINT('Origin',(19.1352181041188,-280.116861857138,79.9799966812134));
#3741=CARTESIAN_POINT('',(10.0785490249829,-278.988890633598,39.9899984658048));
#3742=CARTESIAN_POINT('Origin',(53.3039676923972,-255.978596375446,-1.13686837721616E-12));
#3743=CARTESIAN_POINT('',(71.0406255722046,-265.27889251709,-1.13686837721616E-12));
#3744=CARTESIAN_POINT('',(61.798910574844,-274.114761529402,-1.15445277053374E-12));
#3745=CARTESIAN_POINT('Origin',(53.3039676923972,-255.978596375446,-1.16636821554735E-12));
#3746=CARTESIAN_POINT('',(71.0406255722046,-265.27889251709,79.9799966812134));
#3747=CARTESIAN_POINT('',(71.0406255722046,-265.27889251709,-1.14039912914792E-12));
#3748=CARTESIAN_POINT('',(61.8302607142113,-274.100044120418,79.9799966812134));
#3749=CARTESIAN_POINT('Origin',(53.3039676923972,-255.978596375446,79.9799966812134));
#3750=CARTESIAN_POINT('Ctrl Pts',(61.7989105748439,-274.114761529402,-1.15019105351166E-12));
#3751=CARTESIAN_POINT('Ctrl Pts',(61.8071987055836,-274.110879385816,26.3553256114348));
#3752=CARTESIAN_POINT('Ctrl Pts',(61.817739560977,-274.105935427943,53.6250213501801));
#3753=CARTESIAN_POINT('Ctrl Pts',(61.8302607142113,-274.100044120419,79.9799966812134));
#3754=CARTESIAN_POINT('Origin',(81.8042821044624,-220.540002296518,78.5854524314785));
#3755=CARTESIAN_POINT('Origin',(83.7728224099187,-217.514886421118,-1.1457552199725E-12));
#3756=CARTESIAN_POINT('Origin',(81.8311132183375,-220.498770106192,79.9799966812134));
#3757=CARTESIAN_POINT('Origin',(4.03371024770508,-324.141166151298,-1.19234943553702));
#3758=CARTESIAN_POINT('',(50.03419309298,-289.80450987235,79.9799966812134));
#3759=CARTESIAN_POINT('Origin',(1.47686823496996,-327.114644063862,79.9799966812134));
#3760=CARTESIAN_POINT('',(50.0286955461354,-289.84071899244,-1.13686837721616E-12));
#3761=CARTESIAN_POINT('Ctrl Pts',(50.0286955461354,-289.84071899244,-1.13242748511766E-12));
#3762=CARTESIAN_POINT('Ctrl Pts',(50.0309193212295,-289.826163348505,26.3560175026825));
#3763=CARTESIAN_POINT('Ctrl Pts',(50.032760537971,-289.814004655234,53.6236278037733));
#3764=CARTESIAN_POINT('Ctrl Pts',(50.03419309298,-289.80450987235,79.9799966812134));
#3765=CARTESIAN_POINT('Origin',(3.91686951414322,-324.277046013567,-1.13686837721616E-12));
#3766=CARTESIAN_POINT('Origin',(30.5284670361248,-286.861522559422,-1.13686837721616E-12));
#3767=CARTESIAN_POINT('',(44.1406345367432,-301.138896942139,-1.13686837721616E-12));
#3768=CARTESIAN_POINT('Origin',(30.5284670361248,-286.861522559422,-1.15437823999457E-12));
#3769=CARTESIAN_POINT('',(44.1406345367432,-301.138896942139,79.9799966812134));
#3770=CARTESIAN_POINT('Origin',(30.5284670361248,-286.861522559422,79.9799966812134));
#3771=CARTESIAN_POINT('',(44.1406345367432,-301.138896942139,-1.13996208450213E-12));
#3772=CARTESIAN_POINT('Origin',(74.660438407043,-320.08295839763,79.9799966812134));
#3773=CARTESIAN_POINT('',(56.9406414031982,-310.738887786865,79.9799966812134));
#3774=CARTESIAN_POINT('',(56.9406414031982,-310.738887786865,-1.13686837721616E-12));
#3775=CARTESIAN_POINT('',(56.9406414031982,-310.738887786865,79.9799966812134));
#3776=CARTESIAN_POINT('',(66.0006284713745,-302.018890380859,79.9799966812134));
#3777=CARTESIAN_POINT('Origin',(74.660438407043,-320.08295839763,79.9799966812133));
#3778=CARTESIAN_POINT('',(66.0006284713745,-302.018890380859,-1.13686837721616E-12));
#3779=CARTESIAN_POINT('',(66.0006284713745,-302.018890380859,79.9799966812134));
#3780=CARTESIAN_POINT('Origin',(74.6604384070429,-320.08295839763,-1.23456800338317E-12));
#3781=CARTESIAN_POINT('Origin',(62.8767195662915,-321.473968388985,79.9799966812134));
#3782=CARTESIAN_POINT('',(77.1206283569336,-307.858905792236,79.9799966812134));
#3783=CARTESIAN_POINT('Origin',(62.8767195662915,-321.473968388985,79.9799966812134));
#3784=CARTESIAN_POINT('',(77.1206283569336,-307.858905792236,-1.13686837721616E-12));
#3785=CARTESIAN_POINT('',(77.1206283569336,-307.858905792236,79.9799966812134));
#3786=CARTESIAN_POINT('Origin',(62.8767195662915,-321.473968388985,-1.11022302462516E-12));
#3787=CARTESIAN_POINT('Origin',(95.9206198024109,-277.458915529317,79.9799966812134));
#3788=CARTESIAN_POINT('',(86.7206382751465,-295.058898925781,-1.13686837721616E-12));
#3789=CARTESIAN_POINT('',(78.0006408691406,-286.018905639648,-1.13686837721616E-12));
#3790=CARTESIAN_POINT('Origin',(95.9206198024109,-277.458915529317,-1.12798659301916E-12));
#3791=CARTESIAN_POINT('',(86.7206382751465,-295.058898925781,79.9799966812134));
#3792=CARTESIAN_POINT('',(86.7206382751465,-295.058898925781,79.9799966812134));
#3793=CARTESIAN_POINT('',(78.0006408691406,-286.018905639648,79.9799966812134));
#3794=CARTESIAN_POINT('Origin',(95.9206198024109,-277.458915529317,79.9799966812134));
#3795=CARTESIAN_POINT('',(78.0006408691406,-286.018905639648,79.9799966812134));
#3796=CARTESIAN_POINT('Origin',(97.735218451779,-289.263695741709,79.9799966812134));
#3797=CARTESIAN_POINT('',(83.8406372070312,-274.878883361816,79.9799966812134));
#3798=CARTESIAN_POINT('Origin',(97.735218451779,-289.263695741709,79.9799966812134));
#3799=CARTESIAN_POINT('',(83.8406372070313,-274.878883361816,-1.13686837721616E-12));
#3800=CARTESIAN_POINT('',(83.8406372070313,-274.878883361816,79.9799966812134));
#3801=CARTESIAN_POINT('Origin',(97.735218451779,-289.263695741709,-1.11910480882216E-12));
#3802=CARTESIAN_POINT('Origin',(-84.5776158418354,247.314573166382,-1.39655576988523E-6));
#3803=CARTESIAN_POINT('',(-89.1393706817033,239.453691662634,79.9799966812134));
#3804=CARTESIAN_POINT('',(-89.1393706816975,239.453484154685,-1.13686837721616E-12));
#3805=CARTESIAN_POINT('',(-89.1393706817004,239.453587908659,39.9899981642496));
#3806=CARTESIAN_POINT('',(-77.8327288543589,241.22283462741,79.9799966812134));
#3807=CARTESIAN_POINT('Origin',(-84.5776654797804,247.3148094788,79.9799966812134));
#3808=CARTESIAN_POINT('',(-77.8323144627319,241.223002188717,-1.13686837721616E-12));
#3809=CARTESIAN_POINT('Ctrl Pts',(-77.8323144627319,241.223002188717,-1.14575016141316E-12));
#3810=CARTESIAN_POINT('Ctrl Pts',(-77.8324507400462,241.222947085477,26.304830497646));
#3811=CARTESIAN_POINT('Ctrl Pts',(-77.832592550977,241.222889743524,53.6751661824448));
#3812=CARTESIAN_POINT('Ctrl Pts',(-77.8327288543589,241.22283462741,79.9799966812134));
#3813=CARTESIAN_POINT('Origin',(-84.5776158418363,247.314573166386,-1.13686837721616E-12));
#3814=CARTESIAN_POINT('Origin',(-43.4341376588325,247.285741024807,79.9799980494306));
#3815=CARTESIAN_POINT('',(-50.1624158373569,241.218568571543,79.9799966812134));
#3816=CARTESIAN_POINT('',(-50.1619948158659,241.218387488405,-1.13686837721616E-12));
#3817=CARTESIAN_POINT('Ctrl Pts',(-50.1624158373569,241.218568571543,79.9799966812134));
#3818=CARTESIAN_POINT('Ctrl Pts',(-50.1622773828127,241.218509022515,53.6756806051823));
#3819=CARTESIAN_POINT('Ctrl Pts',(-50.1621332976288,241.218447050863,26.3043160776945));
#3820=CARTESIAN_POINT('Ctrl Pts',(-50.1619948158658,241.218387488405,-1.14130926931466E-12));
#3821=CARTESIAN_POINT('',(-38.8793673496715,239.454114357627,79.9799966812134));
#3822=CARTESIAN_POINT('Origin',(-43.4341376588317,247.285741024811,79.9799966812134));
#3823=CARTESIAN_POINT('',(-38.8793673496658,239.45431780415,-1.13686837721616E-12));
#3824=CARTESIAN_POINT('',(-38.8793673496686,239.454216080888,39.9899985154877));
#3825=CARTESIAN_POINT('Origin',(-43.434088951098,247.2859727989,-1.13686837721616E-12));
#3826=CARTESIAN_POINT('Origin',(-38.4708233317692,217.158124128527,-0.00310988933211934));
#3827=CARTESIAN_POINT('',(-39.0509403554504,257.277553612858,-1.31999122245539E-5));
#3828=CARTESIAN_POINT('',(-55.8586317922928,253.318836796217,9.14335024112048E-6));
#3829=CARTESIAN_POINT('Ctrl Pts',(-39.2133243552235,257.275224172626,-1.73766583651119E-5));
#3830=CARTESIAN_POINT('Ctrl Pts',(-39.4847206862412,257.270201062707,1.37998011618088E-6));
#3831=CARTESIAN_POINT('Ctrl Pts',(-39.7528142757449,257.262488470206,1.35305023753808E-5));
#3832=CARTESIAN_POINT('Ctrl Pts',(-40.0181697695436,257.252247634475,2.06279906324602E-5));
#3833=CARTESIAN_POINT('Ctrl Pts',(-40.2865379164562,257.241890531749,2.78060586046693E-5));
#3834=CARTESIAN_POINT('Ctrl Pts',(-40.5521056157633,257.228947391045,2.98156572259131E-5));
#3835=CARTESIAN_POINT('Ctrl Pts',(-40.8154614208403,257.213531883963,2.81399639198016E-5));
#3836=CARTESIAN_POINT('Ctrl Pts',(-41.0948349982364,257.197178778097,2.63623519419291E-5));
#3837=CARTESIAN_POINT('Ctrl Pts',(-41.3717196227276,257.178043854778,2.04386768738044E-5));
#3838=CARTESIAN_POINT('Ctrl Pts',(-41.6468201113706,257.15619983967,1.19915127066716E-5));
#3839=CARTESIAN_POINT('Ctrl Pts',(-41.9109248869861,257.135228925597,3.88198004843144E-6));
#3840=CARTESIAN_POINT('Ctrl Pts',(-42.1733854781974,257.111760668541,-6.55439992950518E-6));
#3841=CARTESIAN_POINT('Ctrl Pts',(-42.4348247290443,257.085805097043,-1.80111480039963E-5));
#3842=CARTESIAN_POINT('Ctrl Pts',(-42.6968961943773,257.059786759575,-2.9495600878257E-5));
#3843=CARTESIAN_POINT('Ctrl Pts',(-42.9579415442603,257.031269019486,-4.20053707487344E-5));
#3844=CARTESIAN_POINT('Ctrl Pts',(-43.2185847640862,257.000209601344,-5.43505403111794E-5));
#3845=CARTESIAN_POINT('Ctrl Pts',(-43.4791819077014,256.96915567385,-6.66935275086494E-5));
#3846=CARTESIAN_POINT('Ctrl Pts',(-43.7393772337169,256.935560938842,-7.88719429510763E-5));
#3847=CARTESIAN_POINT('Ctrl Pts',(-43.9997884634091,256.899331422239,-8.98224438972001E-5));
#3848=CARTESIAN_POINT('Ctrl Pts',(-44.2594788729879,256.863202189194,-0.000100742633779766));
#3849=CARTESIAN_POINT('Ctrl Pts',(-44.5193841642421,256.824452728357,-0.000110441629656927));
#3850=CARTESIAN_POINT('Ctrl Pts',(-44.7801084932277,256.782938736608,-0.000117990802253262));
#3851=CARTESIAN_POINT('Ctrl Pts',(-45.0385712909809,256.74178483856,-0.000125474493083195));
#3852=CARTESIAN_POINT('Ctrl Pts',(-45.2978391452627,256.697914134255,-0.000130845463666739));
#3853=CARTESIAN_POINT('Ctrl Pts',(-45.5584898183093,256.651136109243,-0.000133323497340743));
#3854=CARTESIAN_POINT('Ctrl Pts',(-45.817285149776,256.604691055614,-0.000135783892084993));
#3855=CARTESIAN_POINT('Ctrl Pts',(-46.0774438600454,256.555379940854,-0.000135392246846605));
#3856=CARTESIAN_POINT('Ctrl Pts',(-46.3395182188394,256.502966890818,-0.000131509449372041));
#3857=CARTESIAN_POINT('Ctrl Pts',(-46.5982136880779,256.451229595205,-0.000127676712284512));
#3858=CARTESIAN_POINT('Ctrl Pts',(-46.8587758967994,256.396469829797,-0.000120442180120415));
#3859=CARTESIAN_POINT('Ctrl Pts',(-47.1217205483181,256.338412391033,-0.000109314445628603));
#3860=CARTESIAN_POINT('Ctrl Pts',(-47.2142483750792,256.317982507386,-0.000105398697263479));
#3861=CARTESIAN_POINT('Ctrl Pts',(-47.3070710595752,256.297143840602,-0.000101001997611807));
#3862=CARTESIAN_POINT('Ctrl Pts',(-47.4002105456934,256.275882946019,-9.61066757850099E-5));
#3863=CARTESIAN_POINT('Ctrl Pts',(-47.669443117187,256.21442538855,-8.19560707232261E-5));
#3864=CARTESIAN_POINT('Ctrl Pts',(-47.9413222905931,256.149434974258,-6.36507813317348E-5));
#3865=CARTESIAN_POINT('Ctrl Pts',(-48.215115817735,256.080890920421,-4.29735210192295E-5));
#3866=CARTESIAN_POINT('Ctrl Pts',(-48.485982938849,256.013079490669,-2.2517266878239E-5));
#3867=CARTESIAN_POINT('Ctrl Pts',(-48.7587235157545,255.941789932066,2.60299673098522E-7));
#3868=CARTESIAN_POINT('Ctrl Pts',(-49.0326340377802,255.867052883926,2.37564515121885E-5));
#3869=CARTESIAN_POINT('Ctrl Pts',(-49.3043912763316,255.792903363602,4.70678938516549E-5));
#3870=CARTESIAN_POINT('Ctrl Pts',(-49.5772999472687,255.715360324742,7.10865149182152E-5));
#3871=CARTESIAN_POINT('Ctrl Pts',(-49.8506813134987,255.634504458161,9.43721167370876E-5));
#3872=CARTESIAN_POINT('Ctrl Pts',(-50.122152070484,255.554213677519,0.000117494980009739));
#3873=CARTESIAN_POINT('Ctrl Pts',(-50.3940887565853,255.470656233826,0.000139894981313066));
#3874=CARTESIAN_POINT('Ctrl Pts',(-50.6658377708975,255.383961388234,0.00016028722541056));
#3875=CARTESIAN_POINT('Ctrl Pts',(-50.9370468397925,255.29743879896,0.000180638951610405));
#3876=CARTESIAN_POINT('Ctrl Pts',(-51.2080687995198,255.2077912858,0.000198990842439274));
#3877=CARTESIAN_POINT('Ctrl Pts',(-51.4782676766407,255.115197299718,0.000214191814919384));
#3878=CARTESIAN_POINT('Ctrl Pts',(-51.7484335134847,255.022614636152,0.000229390928604429));
#3879=CARTESIAN_POINT('Ctrl Pts',(-52.0177762929892,254.927086269392,0.000241439911792985));
#3880=CARTESIAN_POINT('Ctrl Pts',(-52.2856767215571,254.828840063146,0.000249314659846928));
#3881=CARTESIAN_POINT('Ctrl Pts',(-52.5540424439702,254.730423221283,0.000257203084892064));
#3882=CARTESIAN_POINT('Ctrl Pts',(-52.8209606333481,254.629279165796,0.000260902845353608));
#3883=CARTESIAN_POINT('Ctrl Pts',(-53.0858278615926,254.525685693529,0.000259510801802185));
#3884=CARTESIAN_POINT('Ctrl Pts',(-53.3524282917129,254.421414340493,0.000258109649186909));
#3885=CARTESIAN_POINT('Ctrl Pts',(-53.6169506624418,254.314661487838,0.000251549926959942));
#3886=CARTESIAN_POINT('Ctrl Pts',(-53.8788015211592,254.205758665638,0.00023903735550572));
#3887=CARTESIAN_POINT('Ctrl Pts',(-54.1421165724385,254.096246891063,0.000226454817452409));
#3888=CARTESIAN_POINT('Ctrl Pts',(-54.4027300065031,253.984561164735,0.000207852894875761));
#3889=CARTESIAN_POINT('Ctrl Pts',(-54.6600628060467,253.871085658889,0.000182549220128836));
#3890=CARTESIAN_POINT('Ctrl Pts',(-54.920527957999,253.756228886159,0.000156937539458512));
#3891=CARTESIAN_POINT('Ctrl Pts',(-55.1776319734428,253.639538623123,0.000124460175725011));
#3892=CARTESIAN_POINT('Ctrl Pts',(-55.4308016938922,253.521459452476,8.45344471216702E-5));
#3893=CARTESIAN_POINT('Ctrl Pts',(-55.5747162580239,253.454337237597,6.18386293935761E-5));
#3894=CARTESIAN_POINT('Ctrl Pts',(-55.7173600172023,253.386767046536,3.67382291587613E-5));
#3895=CARTESIAN_POINT('Ctrl Pts',(-55.8586317922928,253.318836796217,9.14335024114477E-6));
#3896=CARTESIAN_POINT('',(-39.0513360014592,257.279537847539,79.97998375973));
#3897=CARTESIAN_POINT('Ctrl Pts',(-38.8793668556599,257.282187248708,79.9799880741604));
#3898=CARTESIAN_POINT('Ctrl Pts',(-38.8793668556897,257.281109992792,39.8946557373083));
#3899=CARTESIAN_POINT('Ctrl Pts',(-38.8793668557201,257.280014878829,-8.78679915065762E-6));
#3900=CARTESIAN_POINT('',(-55.8818974055857,253.309667305468,79.9799998725523));
#3901=CARTESIAN_POINT('Ctrl Pts',(-55.8714768653152,253.314674186779,79.980003317649));
#3902=CARTESIAN_POINT('Ctrl Pts',(-55.6222424661621,253.434304039921,79.9800520375045));
#3903=CARTESIAN_POINT('Ctrl Pts',(-55.3687319795382,253.552827449368,79.9800930154407));
#3904=CARTESIAN_POINT('Ctrl Pts',(-55.1115076224993,253.669771509134,79.980126765904));
#3905=CARTESIAN_POINT('Ctrl Pts',(-54.8570386066913,253.785462885083,79.9801601548385));
#3906=CARTESIAN_POINT('Ctrl Pts',(-54.598934980025,253.899608407062,79.9801864700023));
#3907=CARTESIAN_POINT('Ctrl Pts',(-54.3377683479516,254.011793374029,79.9802063271898));
#3908=CARTESIAN_POINT('Ctrl Pts',(-54.0786582653251,254.123094943565,79.9802260280124));
#3909=CARTESIAN_POINT('Ctrl Pts',(-53.8165333630667,254.232466579833,79.9802393719255));
#3910=CARTESIAN_POINT('Ctrl Pts',(-53.551976929071,254.339548216838,79.9802470808997));
#3911=CARTESIAN_POINT('Ctrl Pts',(-53.2892705691938,254.445881019418,79.9802547359641));
#3912=CARTESIAN_POINT('Ctrl Pts',(-53.0241667217046,254.549955642608,79.980256834484));
#3913=CARTESIAN_POINT('Ctrl Pts',(-52.7572591814324,254.651465703324,79.9802542056344));
#3914=CARTESIAN_POINT('Ctrl Pts',(-52.4908801623585,254.752774757284,79.9802515819905));
#3915=CARTESIAN_POINT('Ctrl Pts',(-52.2227047430319,254.85152929978,79.9802442495424));
#3916=CARTESIAN_POINT('Ctrl Pts',(-51.9533435439113,254.947472416878,79.9802331569774));
#3917=CARTESIAN_POINT('Ctrl Pts',(-51.6840116808418,255.043405084839,79.9802220656205));
#3918=CARTESIAN_POINT('Ctrl Pts',(-51.4134944640232,255.136526868905,79.9802072148924));
#3919=CARTESIAN_POINT('Ctrl Pts',(-51.1424202518915,255.226629898609,79.9801896793378));
#3920=CARTESIAN_POINT('Ctrl Pts',(-50.8708697087679,255.316891257153,79.9801721129697));
#3921=CARTESIAN_POINT('Ctrl Pts',(-50.5987603882364,255.404123197419,79.9801518523234));
#3922=CARTESIAN_POINT('Ctrl Pts',(-50.3267393818085,255.488166784704,79.9801301049085));
#3923=CARTESIAN_POINT('Ctrl Pts',(-50.0529246082333,255.572764574136,79.9801082140863));
#3924=CARTESIAN_POINT('Ctrl Pts',(-49.7791994976203,255.654131778798,79.9800848168208));
#3925=CARTESIAN_POINT('Ctrl Pts',(-49.5062369495376,255.732157687985,79.9800612737652));
#3926=CARTESIAN_POINT('Ctrl Pts',(-49.2317380155733,255.810622770625,79.980037598196));
#3927=CARTESIAN_POINT('Ctrl Pts',(-48.9580104458574,255.885708849501,79.9800137753259));
#3928=CARTESIAN_POINT('Ctrl Pts',(-48.6857487609508,255.957355373704,79.9799913180151));
#3929=CARTESIAN_POINT('Ctrl Pts',(-48.4101490228922,256.029880317159,79.9799685853674));
#3930=CARTESIAN_POINT('Ctrl Pts',(-48.1360515299294,256.09888085342,79.9799472520924));
#3931=CARTESIAN_POINT('Ctrl Pts',(-47.8641841421089,256.164347319301,79.979929017565));
#3932=CARTESIAN_POINT('Ctrl Pts',(-47.7086532540318,256.201799614184,79.9799185858899));
#3933=CARTESIAN_POINT('Ctrl Pts',(-47.5538523546613,256.238096253331,79.9799091707483));
#3934=CARTESIAN_POINT('Ctrl Pts',(-47.3999184258514,256.273243035675,79.9799011087473));
#3935=CARTESIAN_POINT('Ctrl Pts',(-47.135031827247,256.333722955203,79.9798872358082));
#3936=CARTESIAN_POINT('Ctrl Pts',(-46.8727140205184,256.390803513657,79.9798773835043));
#3937=CARTESIAN_POINT('Ctrl Pts',(-46.6124531509093,256.444777417956,79.9798711074543));
#3938=CARTESIAN_POINT('Ctrl Pts',(-46.349234528514,256.49936471245,79.9798647600798));
#3939=CARTESIAN_POINT('Ctrl Pts',(-46.0881196785829,256.550774322009,79.9798620705605));
#3940=CARTESIAN_POINT('Ctrl Pts',(-45.8285620185226,256.599258548231,79.979862449861));
#3941=CARTESIAN_POINT('Ctrl Pts',(-45.553566021456,256.65062658772,79.979862851722));
#3942=CARTESIAN_POINT('Ctrl Pts',(-45.2803178876557,256.698711354134,79.9798666993694));
#3943=CARTESIAN_POINT('Ctrl Pts',(-45.008150390774,256.743752571637,79.979873139587));
#3944=CARTESIAN_POINT('Ctrl Pts',(-44.746530934254,256.787048185474,79.9798793302096));
#3945=CARTESIAN_POINT('Ctrl Pts',(-44.4859096894929,256.82753117077,79.9798879151906));
#3946=CARTESIAN_POINT('Ctrl Pts',(-44.2256817539006,256.865361564569,79.9798980044442));
#3947=CARTESIAN_POINT('Ctrl Pts',(-43.9648252652812,256.90328333368,79.9799081180673));
#3948=CARTESIAN_POINT('Ctrl Pts',(-43.7043638127254,256.938539680013,79.9799197431356));
#3949=CARTESIAN_POINT('Ctrl Pts',(-43.4436787829575,256.971240151621,79.9799318554113));
#3950=CARTESIAN_POINT('Ctrl Pts',(-43.1830420543158,257.003934564311,79.9799439654427));
#3951=CARTESIAN_POINT('Ctrl Pts',(-42.9221816599731,257.034074063157,79.9799565624371));
#3952=CARTESIAN_POINT('Ctrl Pts',(-42.6604726315602,257.061716509076,79.979968496575));
#3953=CARTESIAN_POINT('Ctrl Pts',(-42.3994916419122,257.089282057487,79.9799803975137));
#3954=CARTESIAN_POINT('Ctrl Pts',(-42.1376665644187,257.114364456181,79.9799916392539));
#3955=CARTESIAN_POINT('Ctrl Pts',(-41.8743735130838,257.136969448169,79.9800009568257));
#3956=CARTESIAN_POINT('Ctrl Pts',(-41.6133691188628,257.159377947787,79.9800101934051));
#3957=CARTESIAN_POINT('Ctrl Pts',(-41.3509219936752,257.179351937252,79.9800175390621));
#3958=CARTESIAN_POINT('Ctrl Pts',(-41.0864228226088,257.1968459444,79.9800216396034));
#3959=CARTESIAN_POINT('Ctrl Pts',(-40.8238109677809,257.214215124225,79.9800257108855));
#3960=CARTESIAN_POINT('Ctrl Pts',(-40.5591760810788,257.229139646812,79.9800265832455));
#3961=CARTESIAN_POINT('Ctrl Pts',(-40.2919227219091,257.241523869463,79.9800228105799));
#3962=CARTESIAN_POINT('Ctrl Pts',(-40.0281142649294,257.253748459188,79.9800190865439));
#3963=CARTESIAN_POINT('Ctrl Pts',(-39.761754240327,257.263497852832,79.9800108364542));
#3964=CARTESIAN_POINT('Ctrl Pts',(-39.4922732802639,257.27062940689,79.979996551232));
#3965=CARTESIAN_POINT('Ctrl Pts',(-39.3999403684392,257.273072908472,79.9799916566519));
#3966=CARTESIAN_POINT('Ctrl Pts',(-39.3072411086853,257.27520863884,79.979986052534));
#3967=CARTESIAN_POINT('Ctrl Pts',(-39.2141527454982,257.27702945064,79.9799796749186));
#3968=CARTESIAN_POINT('Ctrl Pts',(-55.8586317925173,253.318836795994,4.57190548197595E-6));
#3969=CARTESIAN_POINT('Ctrl Pts',(-55.8708331130945,253.313398859708,16.9472965200692));
#3970=CARTESIAN_POINT('Ctrl Pts',(-55.8804940238134,253.309177187178,33.7080377908431));
#3971=CARTESIAN_POINT('Ctrl Pts',(-55.8925459002682,253.304020459341,58.9246525692393));
#3972=CARTESIAN_POINT('Ctrl Pts',(-55.8968647344382,253.302207608468,69.3407574086748));
#3973=CARTESIAN_POINT('Ctrl Pts',(-55.9005684740533,253.300696194439,79.9799936997786));
#3974=CARTESIAN_POINT('Origin',(-89.5395349630877,217.102984737271,79.9830524478047));
#3975=CARTESIAN_POINT('',(-72.1348323708174,253.318338026023,-8.0595309714937E-6));
#3976=CARTESIAN_POINT('',(-88.9674814952181,257.279280502191,1.27961613042703E-5));
#3977=CARTESIAN_POINT('Ctrl Pts',(-72.1348323708174,253.318338026023,-8.05953096971734E-6));
#3978=CARTESIAN_POINT('Ctrl Pts',(-72.384238995557,253.437887147867,-5.61541785729823E-5));
#3979=CARTESIAN_POINT('Ctrl Pts',(-72.6379200862909,253.55632846242,-9.65961607654081E-5));
#3980=CARTESIAN_POINT('Ctrl Pts',(-72.8953126583929,253.67318935792,-0.000129892946731047));
#3981=CARTESIAN_POINT('Ctrl Pts',(-73.1499502165708,253.788799427137,-0.000162833338927394));
#3982=CARTESIAN_POINT('Ctrl Pts',(-73.4082201082124,253.902862570168,-0.000188780369862486));
#3983=CARTESIAN_POINT('Ctrl Pts',(-73.6695500056689,254.0149643823,-0.000208342116948756));
#3984=CARTESIAN_POINT('Ctrl Pts',(-73.9288243370269,254.126184425118,-0.000227749995440084));
#3985=CARTESIAN_POINT('Ctrl Pts',(-74.1911105882218,254.235473737396,-0.000240872408978076));
#3986=CARTESIAN_POINT('Ctrl Pts',(-74.4558247852107,254.342472551737,-0.000248422804233428));
#3987=CARTESIAN_POINT('Ctrl Pts',(-74.7186916552033,254.448724667182,-0.000255920508514336));
#3988=CARTESIAN_POINT('Ctrl Pts',(-74.9839525470541,254.55271804554,-0.000257923552569625));
#3989=CARTESIAN_POINT('Ctrl Pts',(-75.2510130010619,254.654146598293,-0.000255251776408727));
#3990=CARTESIAN_POINT('Ctrl Pts',(-75.5175473430542,254.755375335689,-0.000252585263676089));
#3991=CARTESIAN_POINT('Ctrl Pts',(-75.7858740075501,254.85404924777,-0.000245262194975226));
#3992=CARTESIAN_POINT('Ctrl Pts',(-76.0553817260393,254.949911719263,-0.000234220961331744));
#3993=CARTESIAN_POINT('Ctrl Pts',(-76.324863177799,255.045764847819,-0.000223180803787672));
#3994=CARTESIAN_POINT('Ctrl Pts',(-76.5955252856525,255.138807013158,-0.000208423133674156));
#3995=CARTESIAN_POINT('Ctrl Pts',(-76.866739051937,255.228830647158,-0.00019101117577236));
#3996=CARTESIAN_POINT('Ctrl Pts',(-77.1384329472209,255.319013649756,-0.000173568393528423));
#3997=CARTESIAN_POINT('Ctrl Pts',(-77.4106802788321,255.406167378896,-0.000153461909908972));
#3998=CARTESIAN_POINT('Ctrl Pts',(-77.6828333159337,255.490133205815,-0.000131886825002425));
#3999=CARTESIAN_POINT('Ctrl Pts',(-77.9567874002407,255.574654699573,-0.000110168961066864));
#4000=CARTESIAN_POINT('Ctrl Pts',(-78.2306457576875,255.65594591431,-8.696299205353E-5));
#4001=CARTESIAN_POINT('Ctrl Pts',(-78.5037348165802,255.733896449433,-6.36159140583459E-5));
#4002=CARTESIAN_POINT('Ctrl Pts',(-78.7783654537575,255.812287012629,-4.01370426160287E-5));
#4003=CARTESIAN_POINT('Ctrl Pts',(-79.0522178893518,255.887299084918,-1.65155987804782E-5));
#4004=CARTESIAN_POINT('Ctrl Pts',(-79.3245969103451,255.958872432414,5.75046730943995E-6));
#4005=CARTESIAN_POINT('Ctrl Pts',(-79.600323142353,256.031325330384,2.82901566079195E-5));
#4006=CARTESIAN_POINT('Ctrl Pts',(-79.8745393292819,256.100254474445,4.94408290896202E-5));
#4007=CARTESIAN_POINT('Ctrl Pts',(-80.1465168552651,256.165650531151,6.75195415595908E-5));
#4008=CARTESIAN_POINT('Ctrl Pts',(-80.3018767458243,256.203006280219,7.7846522734347E-5));
#4009=CARTESIAN_POINT('Ctrl Pts',(-80.4565060503608,256.239210169235,8.71687833088626E-5));
#4010=CARTESIAN_POINT('Ctrl Pts',(-80.6102682666313,256.27426802845,9.51544610643396E-5));
#4011=CARTESIAN_POINT('Ctrl Pts',(-80.8752275957056,256.334678882831,0.000108915187670293));
#4012=CARTESIAN_POINT('Ctrl Pts',(-81.1376106355044,256.39169225312,0.000118693412595347));
#4013=CARTESIAN_POINT('Ctrl Pts',(-81.3979299543708,256.445600979662,0.000124927667258135));
#4014=CARTESIAN_POINT('Ctrl Pts',(-81.66121202593,256.500123253541,0.00013123287537482));
#4015=CARTESIAN_POINT('Ctrl Pts',(-81.9223833164565,256.551469794007,0.000133913129484203));
#4016=CARTESIAN_POINT('Ctrl Pts',(-82.1819911582015,256.59989304707,0.000133550349588063));
#4017=CARTESIAN_POINT('Ctrl Pts',(-82.4573555354354,256.651255281869,0.000133165551272642));
#4018=CARTESIAN_POINT('Ctrl Pts',(-82.7309609961786,256.699329083218,0.000129356055477461));
#4019=CARTESIAN_POINT('Ctrl Pts',(-83.0034779516831,256.744355133709,0.00012296831248193));
#4020=CARTESIAN_POINT('Ctrl Pts',(-83.265146139134,256.78758871893,0.000116834862442286));
#4021=CARTESIAN_POINT('Ctrl Pts',(-83.525811051116,256.828011953502,0.000108325525851751));
#4022=CARTESIAN_POINT('Ctrl Pts',(-83.7860784587627,256.865784986691,9.83208741160979E-5));
#4023=CARTESIAN_POINT('Ctrl Pts',(-84.0469769501707,256.903649610096,8.82919635871353E-5));
#4024=CARTESIAN_POINT('Ctrl Pts',(-84.3074761824138,256.938851162488,7.67605798634599E-5));
#4025=CARTESIAN_POINT('Ctrl Pts',(-84.5681956518957,256.971499305662,6.4740327317736E-5));
#4026=CARTESIAN_POINT('Ctrl Pts',(-84.828868723631,257.004141638758,5.27222139012168E-5));
#4027=CARTESIAN_POINT('Ctrl Pts',(-85.0897621253622,257.03423148505,4.02154690623165E-5));
#4028=CARTESIAN_POINT('Ctrl Pts',(-85.351501715844,257.061826819831,2.83582434690288E-5));
#4029=CARTESIAN_POINT('Ctrl Pts',(-85.6125144913187,257.089345526146,1.65339437677966E-5));
#4030=CARTESIAN_POINT('Ctrl Pts',(-85.8743689311419,257.114383585054,5.35558586486031E-6));
#4031=CARTESIAN_POINT('Ctrl Pts',(-86.1376898107925,257.136946853814,-3.9244666822924E-6));
#4032=CARTESIAN_POINT('Ctrl Pts',(-86.3987201059653,257.159313848457,-1.31237935978626E-5));
#4033=CARTESIAN_POINT('Ctrl Pts',(-86.6611916058247,257.17924893548,-2.04576380176782E-5));
#4034=CARTESIAN_POINT('Ctrl Pts',(-86.9257144801972,257.196706756657,-2.45851416593723E-5));
#4035=CARTESIAN_POINT('Ctrl Pts',(-87.1883492998939,257.214039971141,-2.86831848902459E-5));
#4036=CARTESIAN_POINT('Ctrl Pts',(-87.4530064806588,257.228931216772,-2.96205430338961E-5));
#4037=CARTESIAN_POINT('Ctrl Pts',(-87.7202822993575,257.241284966773,-2.59651931173721E-5));
#4038=CARTESIAN_POINT('Ctrl Pts',(-87.9841041918398,257.253479072923,-2.23570802048107E-5));
#4039=CARTESIAN_POINT('Ctrl Pts',(-88.2504776439748,257.263200878922,-1.42741870526297E-5));
#4040=CARTESIAN_POINT('Ctrl Pts',(-88.5199727779621,257.27030787181,-2.22124143078872E-7));
#4041=CARTESIAN_POINT('Ctrl Pts',(-88.6145150694271,257.272801094538,4.70751672881041E-6));
#4042=CARTESIAN_POINT('Ctrl Pts',(-88.7094415027464,257.274972050484,1.03728452363827E-5));
#4043=CARTESIAN_POINT('Ctrl Pts',(-88.8047765341833,257.27681306459,1.68418700496886E-5));
#4044=CARTESIAN_POINT('',(-72.1205933496974,253.309500527033,79.979989665349));
#4045=CARTESIAN_POINT('Ctrl Pts',(-72.1046674937427,253.301836353562,79.9799891554657));
#4046=CARTESIAN_POINT('Ctrl Pts',(-72.1115255467432,253.305817649887,53.543672817225));
#4047=CARTESIAN_POINT('Ctrl Pts',(-72.1214734741823,253.31128535535,26.4366563752456));
#4048=CARTESIAN_POINT('Ctrl Pts',(-72.1348323728424,253.318338026895,-4.02956004563748E-6));
#4049=CARTESIAN_POINT('',(-88.9678727660183,257.277315212614,79.9800097505745));
#4050=CARTESIAN_POINT('Ctrl Pts',(-88.805595949094,257.275024707824,79.980013886421));
#4051=CARTESIAN_POINT('Ctrl Pts',(-88.5341404790803,257.270065231117,79.9799953068159));
#4052=CARTESIAN_POINT('Ctrl Pts',(-88.2659931794844,257.262418176434,79.9799832740441));
#4053=CARTESIAN_POINT('Ctrl Pts',(-88.0005887437108,257.25224504763,79.9799762493497));
#4054=CARTESIAN_POINT('Ctrl Pts',(-87.7321666592492,257.241956250342,79.9799691447847));
#4055=CARTESIAN_POINT('Ctrl Pts',(-87.466549992398,257.229083548136,79.9799671628754));
#4056=CARTESIAN_POINT('Ctrl Pts',(-87.2031494648957,257.213740892131,79.9799688341515));
#4057=CARTESIAN_POINT('Ctrl Pts',(-86.9234116629296,257.197446616232,79.9799706090876));
#4058=CARTESIAN_POINT('Ctrl Pts',(-86.646173249077,257.178366944628,79.9799765032626));
#4059=CARTESIAN_POINT('Ctrl Pts',(-86.3707261193958,257.156575150485,79.9799849038231));
#4060=CARTESIAN_POINT('Ctrl Pts',(-86.1065752275308,257.135677049768,79.979992959872));
#4061=CARTESIAN_POINT('Ctrl Pts',(-85.8440715307373,257.112284218544,79.9800033220155));
#4062=CARTESIAN_POINT('Ctrl Pts',(-85.5825912952418,257.086406924359,79.9800146959984));
#4063=CARTESIAN_POINT('Ctrl Pts',(-85.3204763088979,257.060466812292,79.980026097592));
#4064=CARTESIAN_POINT('Ctrl Pts',(-85.0593895885449,257.032030116419,79.9800385159518));
#4065=CARTESIAN_POINT('Ctrl Pts',(-84.7987062158861,257.001054798917,79.9800507723736));
#4066=CARTESIAN_POINT('Ctrl Pts',(-84.5380670381032,256.970084732805,79.9800630267175));
#4067=CARTESIAN_POINT('Ctrl Pts',(-84.2778309011879,256.936576877742,79.9800751191491));
#4068=CARTESIAN_POINT('Ctrl Pts',(-84.0173791155777,256.900437492725,79.9800859964413));
#4069=CARTESIAN_POINT('Ctrl Pts',(-83.7576469916902,256.86439796547,79.9800968436781));
#4070=CARTESIAN_POINT('Ctrl Pts',(-83.4977002378247,256.825741418521,79.9801064824142));
#4071=CARTESIAN_POINT('Ctrl Pts',(-83.2369337032314,256.78432377453,79.9801139929686));
#4072=CARTESIAN_POINT('Ctrl Pts',(-82.9784307695634,256.743265659102,79.9801214383271));
#4073=CARTESIAN_POINT('Ctrl Pts',(-82.7191220600519,256.699494147745,79.9801267922612));
#4074=CARTESIAN_POINT('Ctrl Pts',(-82.4584288265737,256.652818945372,79.9801292822286));
#4075=CARTESIAN_POINT('Ctrl Pts',(-82.1995918356439,256.606476089548,79.9801317544665));
#4076=CARTESIAN_POINT('Ctrl Pts',(-81.9393897914468,256.55727076413,79.9801314032377));
#4077=CARTESIAN_POINT('Ctrl Pts',(-81.6772694314559,256.504967306765,79.9801275958837));
#4078=CARTESIAN_POINT('Ctrl Pts',(-81.4185371034952,256.453339896803,79.9801238377415));
#4079=CARTESIAN_POINT('Ctrl Pts',(-81.1579355609485,256.398693922337,79.9801167121576));
#4080=CARTESIAN_POINT('Ctrl Pts',(-80.8949481622558,256.340754405217,79.980105732927));
#4081=CARTESIAN_POINT('Ctrl Pts',(-80.8002750559437,256.31989669838,79.9801017805024));
#4082=CARTESIAN_POINT('Ctrl Pts',(-80.7052929171356,256.298611710726,79.9800973298376));
#4083=CARTESIAN_POINT('Ctrl Pts',(-80.609978210021,256.276885048588,79.9800923622456));
#4084=CARTESIAN_POINT('Ctrl Pts',(-80.340643559249,256.215491134298,79.9800783251185));
#4085=CARTESIAN_POINT('Ctrl Pts',(-80.0686539472728,256.15056569816,79.9800601720869));
#4086=CARTESIAN_POINT('Ctrl Pts',(-79.7947423385349,256.082087676949,79.9800396684726));
#4087=CARTESIAN_POINT('Ctrl Pts',(-79.5237638930716,256.01434294783,79.9800193844199));
#4088=CARTESIAN_POINT('Ctrl Pts',(-79.2509045874365,255.943121262649,79.97999680008));
#4089=CARTESIAN_POINT('Ctrl Pts',(-78.9768686018687,255.868452986836,79.9799735022955));
#4090=CARTESIAN_POINT('Ctrl Pts',(-78.7049911928058,255.794372871681,79.9799503880273));
#4091=CARTESIAN_POINT('Ctrl Pts',(-78.4319557585646,255.716900230038,79.9799265716618));
#4092=CARTESIAN_POINT('Ctrl Pts',(-78.1584416788946,255.636115483277,79.9799034788797));
#4093=CARTESIAN_POINT('Ctrl Pts',(-77.8868449803252,255.555897051591,79.9798805479819));
#4094=CARTESIAN_POINT('Ctrl Pts',(-77.6147765055451,255.472412809775,79.9798583306107));
#4095=CARTESIAN_POINT('Ctrl Pts',(-77.3428904655848,255.385791750852,79.9798380984275));
#4096=CARTESIAN_POINT('Ctrl Pts',(-77.071546017381,255.299343239411,79.9798179065464));
#4097=CARTESIAN_POINT('Ctrl Pts',(-76.8003834602095,255.209770417916,79.9797996920012));
#4098=CARTESIAN_POINT('Ctrl Pts',(-76.5300393898976,255.117251473282,79.979784593774));
#4099=CARTESIAN_POINT('Ctrl Pts',(-76.2597292980548,255.024744156986,79.9797694974444));
#4100=CARTESIAN_POINT('Ctrl Pts',(-75.9902376632641,254.929291506976,79.9797575166329));
#4101=CARTESIAN_POINT('Ctrl Pts',(-75.7221844222096,254.831121129662,79.9797496644061));
#4102=CARTESIAN_POINT('Ctrl Pts',(-75.4536661229112,254.732780431918,79.9797417985562));
#4103=CARTESIAN_POINT('Ctrl Pts',(-75.1865913802384,254.631712643026,79.9797380755474));
#4104=CARTESIAN_POINT('Ctrl Pts',(-74.9215642939974,254.528195312497,79.9797393884791));
#4105=CARTESIAN_POINT('Ctrl Pts',(-74.6547965451898,254.423998093944,79.9797407100339));
#4106=CARTESIAN_POINT('Ctrl Pts',(-74.390103607504,254.317319129455,79.9797471338084));
#4107=CARTESIAN_POINT('Ctrl Pts',(-74.1280796911078,254.208489738393,79.9797594449553));
#4108=CARTESIAN_POINT('Ctrl Pts',(-73.8645885695314,254.099050956218,79.9797718250385));
#4109=CARTESIAN_POINT('Ctrl Pts',(-73.6037965884505,253.987437726087,79.9797901583901));
#4110=CARTESIAN_POINT('Ctrl Pts',(-73.3462835771676,253.874034040813,79.9798151191374));
#4111=CARTESIAN_POINT('Ctrl Pts',(-73.0856099035486,253.759238461767,79.9798403862478));
#4112=CARTESIAN_POINT('Ctrl Pts',(-72.8282963346755,253.642608331684,79.9798724442285));
#4113=CARTESIAN_POINT('Ctrl Pts',(-72.5749170701502,253.524588214416,79.9799118683942));
#4114=CARTESIAN_POINT('Ctrl Pts',(-72.4245916842479,253.454568989656,79.9799352580466));
#4115=CARTESIAN_POINT('Ctrl Pts',(-72.2756505792945,253.384061382564,79.9799612381338));
#4116=CARTESIAN_POINT('Ctrl Pts',(-72.1282089263391,253.313165454095,79.9799899091699));
#4117=CARTESIAN_POINT('Ctrl Pts',(-89.1393711757201,257.281887227014,8.52207166444728E-6));
#4118=CARTESIAN_POINT('Ctrl Pts',(-89.1393711756906,257.280820315711,40.0844122025689));
#4119=CARTESIAN_POINT('Ctrl Pts',(-89.1393711756605,257.279735878341,79.9800053797031));
#4120=CARTESIAN_POINT('Origin',(-83.2093691825867,315.611040473232,79.9799966812134));
#4121=CARTESIAN_POINT('',(-73.9993667602539,297.981109619141,-1.13686837721616E-12));
#4122=CARTESIAN_POINT('',(-86.4193725585938,295.981101989746,-1.13686837721616E-12));
#4123=CARTESIAN_POINT('Origin',(-83.2093691825867,315.611040473232,-1.19015908239817E-12));
#4124=CARTESIAN_POINT('',(-73.9993667602539,297.981109619141,79.9799966812134));
#4125=CARTESIAN_POINT('',(-73.9993667602539,297.981109619141,-1.13669840277525E-12));
#4126=CARTESIAN_POINT('',(-86.4193725585938,295.981101989746,79.9799966812134));
#4127=CARTESIAN_POINT('Origin',(-83.2093691825867,315.611040473232,79.9799966812133));
#4128=CARTESIAN_POINT('',(-86.4193725585938,295.981101989746,79.9799966812134));
#4129=CARTESIAN_POINT('Origin',(-44.8093676567078,315.611048126442,-1.13686837721616E-12));
#4130=CARTESIAN_POINT('',(-41.5993690490723,295.981101989746,-1.13686837721616E-12));
#4131=CARTESIAN_POINT('',(-54.0193700790405,297.981109619141,-1.12803219500297E-12));
#4132=CARTESIAN_POINT('Origin',(-44.8093676567078,315.611048126442,-1.14214217935278E-12));
#4133=CARTESIAN_POINT('',(-41.5993690490723,295.981101989746,79.9799966812134));
#4134=CARTESIAN_POINT('',(-41.5993690490723,295.981101989746,-1.13677522869598E-12));
#4135=CARTESIAN_POINT('',(-54.0193700790405,297.981109619141,79.9799966812134));
#4136=CARTESIAN_POINT('Origin',(-44.8093676567078,315.611048126442,79.9799966812134));
#4137=CARTESIAN_POINT('',(-54.0193700790405,297.981109619141,79.9799966812134));
#4138=CARTESIAN_POINT('Origin',(-91.6914842722317,307.201118469238,-1.13686837721616E-12));
#4139=CARTESIAN_POINT('',(-71.999363899231,310.40111541748,-1.13686837721616E-12));
#4140=CARTESIAN_POINT('Origin',(-91.6914842722317,307.201118469238,-1.13744651344413E-12));
#4141=CARTESIAN_POINT('',(-71.999363899231,310.40111541748,79.9799966812134));
#4142=CARTESIAN_POINT('',(-71.999363899231,310.40111541748,-1.13676910572259E-12));
#4143=CARTESIAN_POINT('Origin',(-91.6914842722317,307.201118469238,79.9799966812134));
#4144=CARTESIAN_POINT('Origin',(-126.928693375497,261.841182079767,-10.1798482555806));
#4145=CARTESIAN_POINT('',(-73.8040281713643,277.877677759487,79.9799966812134));
#4146=CARTESIAN_POINT('',(-73.8520807350992,277.903379750964,-1.12796811633651E-12));
#4147=CARTESIAN_POINT('Ctrl Pts',(-73.8040281713642,277.877677759487,79.9799966812134));
#4148=CARTESIAN_POINT('Ctrl Pts',(-73.8152703800048,277.883710727396,53.6217117672689));
#4149=CARTESIAN_POINT('Ctrl Pts',(-73.8311220915969,277.892206447235,26.3578130525428));
#4150=CARTESIAN_POINT('Ctrl Pts',(-73.8520807350991,277.903379750964,-1.15463194561016E-12));
#4151=CARTESIAN_POINT('Origin',(-133.275258303627,261.41945122429,79.9799966812134));
#4152=CARTESIAN_POINT('Origin',(-127.866231259541,261.77888244865,-1.13686837721616E-12));
#4153=CARTESIAN_POINT('Origin',(-36.1284102508772,307.201118469238,79.9799966812134));
#4154=CARTESIAN_POINT('',(-55.9993696212769,310.40111541748,79.9799966812134));
#4155=CARTESIAN_POINT('Origin',(-36.1284102508772,307.201118469238,79.9799966812134));
#4156=CARTESIAN_POINT('',(-55.9993696212768,310.40111541748,-1.12798659301916E-12));
#4157=CARTESIAN_POINT('',(-55.9993696212769,310.401115417481,79.9799966812134));
#4158=CARTESIAN_POINT('Origin',(-36.1284102508772,307.201118469238,-1.12798659301916E-12));
#4159=CARTESIAN_POINT('Origin',(-1.94560234964213,261.934088568304,-19.161824576234));
#4160=CARTESIAN_POINT('',(-54.2202707063254,277.874691881973,79.9799966812134));
#4161=CARTESIAN_POINT('Origin',(6.83304529176241,261.356747871704,79.9799966812134));
#4162=CARTESIAN_POINT('',(-54.1558677594799,277.909126921656,-1.09607402327798E-12));
#4163=CARTESIAN_POINT('Ctrl Pts',(-54.15586775948,277.909126921656,-1.10134124042816E-12));
#4164=CARTESIAN_POINT('Ctrl Pts',(-54.1849295594385,277.893656663088,26.3623901936226));
#4165=CARTESIAN_POINT('Ctrl Pts',(-54.2058930020497,277.882413342905,53.6170593343535));
#4166=CARTESIAN_POINT('Ctrl Pts',(-54.2202707063254,277.874691881973,79.9799966812134));
#4167=CARTESIAN_POINT('Origin',(0.0607282758398053,261.802139278591,-1.13686837721616E-12));
#4168=CARTESIAN_POINT('Origin',(-44.8093676567078,260.35117111184,-1.13686837721616E-12));
#4169=CARTESIAN_POINT('',(-41.5993690490723,279.981117248535,79.9799966812134));
#4170=CARTESIAN_POINT('Origin',(-44.8093676567078,260.35117111184,79.9799966812134));
#4171=CARTESIAN_POINT('',(-41.5993690490723,279.981117248535,-1.13686837721616E-12));
#4172=CARTESIAN_POINT('',(-41.5993690490723,279.981117248535,-1.13382287845468E-12));
#4173=CARTESIAN_POINT('Origin',(-44.8093676567078,260.35117111184,-1.09623682779117E-12));
#4174=CARTESIAN_POINT('Origin',(-83.2093691825867,260.351178765049,79.9799966812134));
#4175=CARTESIAN_POINT('',(-86.4193725585938,279.981117248535,79.9799966812134));
#4176=CARTESIAN_POINT('',(-86.4193725585938,279.981117248535,-1.13686837721616E-12));
#4177=CARTESIAN_POINT('',(-86.4193725585938,279.981117248535,79.9799966812134));
#4178=CARTESIAN_POINT('Origin',(-83.2093691825867,260.351178765049,79.9799966812134));
#4179=CARTESIAN_POINT('Origin',(-83.2093691825867,260.351178765049,-1.12798659301916E-12));
#4180=CARTESIAN_POINT('Origin',(-99.9941944795496,50.7448722614961,39.7595280759472));
#4181=CARTESIAN_POINT('',(-99.939374977118,-189.65889187153,79.9799254779434));
#4182=CARTESIAN_POINT('',(-99.9993705749512,-192.018890380859,-1.15463194561016E-12));
#4183=CARTESIAN_POINT('',(-99.9393749237061,-189.658889770508,79.9799966812134));
#4184=CARTESIAN_POINT('',(-100.005375930284,287.981090307848,79.9799966812134));
#4185=CARTESIAN_POINT('',(-99.9903164284687,-29.6472964833929,79.9799966812134));
#4186=CARTESIAN_POINT('',(-100.005508110631,287.981090257793,2.20661267036348E-9));
#4187=CARTESIAN_POINT('',(-100.005442401344,287.981090257793,39.7595280945363));
#4188=CARTESIAN_POINT('',(-99.9903215378133,-32.3274223003638,-1.13686837721616E-12));
#4189=CARTESIAN_POINT('Origin',(-81.1277209493715,-223.413982297988,64.363081510687));
#4190=CARTESIAN_POINT('',(-81.3652298343962,-223.728029284647,64.3635056445993));
#4191=CARTESIAN_POINT('',(-81.2782931008145,-223.70000233527,-1.12798664248093E-12));
#4192=CARTESIAN_POINT('',(-81.1277209493715,-223.651460391121,-111.475910355065));
#4193=CARTESIAN_POINT('',(42.3806503748318,-316.818914156631,2.1539361003194E-9));
#4194=CARTESIAN_POINT('Ctrl Pts',(42.3266847960195,-316.890433789643,-1.12798659301916E-12));
#4195=CARTESIAN_POINT('Ctrl Pts',(-47.0339347555035,-249.59838339184,-1.12798659301916E-12));
#4196=CARTESIAN_POINT('Ctrl Pts',(-81.2782931008145,-223.70000233527,-1.12798659301916E-12));
#4197=CARTESIAN_POINT('',(42.3806381225586,-316.818904876709,79.9799966812134));
#4198=CARTESIAN_POINT('',(42.3806381225586,-316.818904876709,79.9799966812134));
#4199=CARTESIAN_POINT('',(-89.4593715667725,-217.458915710449,79.9799966812134));
#4200=CARTESIAN_POINT('Ctrl Pts',(-89.4933221221791,-217.507366496019,79.9799966812134));
#4201=CARTESIAN_POINT('Ctrl Pts',(-87.3626987140179,-219.122839025961,79.9799966812134));
#4202=CARTESIAN_POINT('Ctrl Pts',(-78.4572201929146,-225.867830811333,79.9799966812134));
#4203=CARTESIAN_POINT('Ctrl Pts',(-60.1497208192608,-239.668423878875,79.9799966812134));
#4204=CARTESIAN_POINT('Ctrl Pts',(-14.6059466728076,-273.958182334022,79.9799966812134));
#4205=CARTESIAN_POINT('Ctrl Pts',(42.3623045373494,-316.843209336421,79.9799966812134));
#4206=CARTESIAN_POINT('',(-89.4593715667725,-217.458915710449,-1.13390778248383E-12));
#4207=CARTESIAN_POINT('',(-89.4593715667725,-217.458915710449,-1.13686837721616E-12));
#4208=CARTESIAN_POINT('Ctrl Pts',(-81.2782931008145,-223.70000233527,-1.12798659301916E-12));
#4209=CARTESIAN_POINT('Ctrl Pts',(-85.3569708989339,-220.615373014507,-1.12798659301916E-12));
#4210=CARTESIAN_POINT('Ctrl Pts',(-89.4858331459001,-217.490494267819,-1.12798659301916E-12));
#4211=CARTESIAN_POINT('Origin',(16.9106340408325,-284.118900299072,39.9899983406061));
#4212=CARTESIAN_POINT('',(-45.163908859084,-237.508970194617,79.9799966812134));
#4213=CARTESIAN_POINT('',(-44.1852663275407,-238.243803797275,-1.13686837721616E-12));
#4214=CARTESIAN_POINT('Origin',(47.0706343650818,-243.90389919281,39.9899983406061));
#4215=CARTESIAN_POINT('',(-14.0263871666076,-198.072197310809,-1.13686837721616E-12));
#4216=CARTESIAN_POINT('',(-15.0044685317102,-197.338493237878,79.9799966812134));
#4217=CARTESIAN_POINT('Origin',(0.0118728432606723,-240.026099256285,-1.13686837721616E-12));
#4218=CARTESIAN_POINT('Origin',(0.0118728432606723,-240.026099256285,-1.13686837721616E-12));
#4219=CARTESIAN_POINT('Origin',(0.0118679589395299,-240.026095599376,79.9799966812134));
#4220=CARTESIAN_POINT('Origin',(63.9893075643977,-288.008102091245,79.9799966812134));
#4221=CARTESIAN_POINT('',(85.6006399756022,-259.218900204568,2.31860208517188E-10));
#4222=CARTESIAN_POINT('Origin',(63.989307566002,-288.008102092352,4.62232918607697E-9));
#4223=CARTESIAN_POINT('',(85.6006399756019,-259.218900204567,79.9799966769263));
#4224=CARTESIAN_POINT('',(85.600643157959,-259.218902587891,79.9799966812134));
#4225=CARTESIAN_POINT('Origin',(63.9893075643977,-288.008102091245,79.9799966858916));
#4226=CARTESIAN_POINT('Origin',(-0.00807156604027702,-240.010904214327,
8.00000011920929));
#4227=CARTESIAN_POINT('',(23.9919666766765,-240.010904214327,8.00000011921372));
#4228=CARTESIAN_POINT('Origin',(-0.00807156604027702,-240.010904214327,
8.00000011920929));
#4229=CARTESIAN_POINT('',(23.9919666766327,-240.010904214359,72.0000028610514));
#4230=CARTESIAN_POINT('',(23.9919666766765,-240.010904214327,8.00000011922572));
#4231=CARTESIAN_POINT('Origin',(-0.00807156608410266,-240.010904214359,
72.0000028610229));
#4232=CARTESIAN_POINT('Origin',(-0.00946049726276217,-240.010315852001,
72.0000028610229));
#4233=CARTESIAN_POINT('',(31.9895905862257,-240.010315852001,72.000002860738));
#4234=CARTESIAN_POINT('Origin',(-0.00946049726276217,-240.010315852001,
72.0000028610229));
#4235=CARTESIAN_POINT('',(31.9895905862674,-240.010315851972,79.9799966813954));
#4236=CARTESIAN_POINT('',(31.9895905862257,-240.010315852001,72.0000028608556));
#4237=CARTESIAN_POINT('Origin',(-0.00946049722103413,-240.010315851972,
79.9799966814451));
#4238=CARTESIAN_POINT('Origin',(-0.00946049726276217,-240.010315852001,
-1.13686837721616E-12));
#4239=CARTESIAN_POINT('',(31.9895905862257,-240.010315852001,-7.87625930078308E-11));
#4240=CARTESIAN_POINT('Origin',(-0.00946049726276217,-240.010315852001,
2.05438208910374E-10));
#4241=CARTESIAN_POINT('',(31.9895905862674,-240.010315851972,8.00000011915968));
#4242=CARTESIAN_POINT('',(31.9895905862257,-240.010315852001,-1.68044087108125E-10));
#4243=CARTESIAN_POINT('Origin',(-0.00946049722103413,-240.010315851972,
8.00000011920929));
#4244=CARTESIAN_POINT('Origin',(0.0207557422789685,-240.02550345399,31.9800019264341));
#4245=CARTESIAN_POINT('',(-34.8799206754332,-231.078769971797,1.1194665638925E-6));
#4246=CARTESIAN_POINT('',(-34.8799222072844,-231.078768825707,31.9800019263993));
#4247=CARTESIAN_POINT('',(-34.8799222072843,-231.078768825707,31.9799999340512));
#4248=CARTESIAN_POINT('',(-18.3600964095541,-209.037672680948,31.9800019263428));
#4249=CARTESIAN_POINT('Origin',(0.0207557422789685,-240.02550345399,31.9800019264221));
#4250=CARTESIAN_POINT('',(-18.3600948076842,-209.037673785476,-5.83044723612147E-11));
#4251=CARTESIAN_POINT('',(-18.3600963395353,-209.037672639386,31.9799999354533));
#4252=CARTESIAN_POINT('Origin',(0.0207572741301575,-240.02550460008,-1.13686837721616E-12));
#4253=CARTESIAN_POINT('Origin',(0.0207557422785074,-240.02550345399,79.9799966812253));
#4254=CARTESIAN_POINT('',(-34.8799206754338,-231.078769971796,47.9799997071773));
#4255=CARTESIAN_POINT('',(-34.8799222072844,-231.078768825707,79.9799966811906));
#4256=CARTESIAN_POINT('',(-34.8799222072843,-231.078768825707,79.9799946900882));
#4257=CARTESIAN_POINT('',(-18.3600964095539,-209.037672680948,79.9799966811342));
#4258=CARTESIAN_POINT('Origin',(0.0207557422785074,-240.02550345399,79.9799966812134));
#4259=CARTESIAN_POINT('',(-18.3600948076846,-209.037673785476,47.9799985885049));
#4260=CARTESIAN_POINT('',(-18.3600963395351,-209.037672639386,79.9799946914894));
#4261=CARTESIAN_POINT('Origin',(0.0207572741291159,-240.02550460008,47.979998588562));
#4262=CARTESIAN_POINT('Origin',(-63.9507875720364,-192.054284553763,47.979998588562));
#4263=CARTESIAN_POINT('',(-29.1366481584958,-200.940020001416,47.9799998681936));
#4264=CARTESIAN_POINT('',(-45.6588505277453,-222.979767999304,47.979998588562));
#4265=CARTESIAN_POINT('Origin',(-63.9507875720364,-192.054284553763,47.979998588562));
#4266=CARTESIAN_POINT('',(-29.1500681720626,-200.935763874018,79.9799918122072));
#4267=CARTESIAN_POINT('',(-29.1366547879684,-200.940017899769,47.9957939746619));
#4268=CARTESIAN_POINT('',(-45.6641977757138,-222.970733154682,79.9799602248765));
#4269=CARTESIAN_POINT('Origin',(-63.9642193613718,-192.050026466541,79.9799966812134));
#4270=CARTESIAN_POINT('Ctrl Pts',(-45.6642003430891,-222.970728140805,79.979960203259));
#4271=CARTESIAN_POINT('Ctrl Pts',(-45.6624168630195,-222.973741778977,69.3133064425303));
#4272=CARTESIAN_POINT('Ctrl Pts',(-45.6606335912874,-222.97675506513,58.6466526816672));
#4273=CARTESIAN_POINT('Ctrl Pts',(-45.6588505278008,-222.97976799921,47.97999892067));
#4274=CARTESIAN_POINT('Origin',(-63.9507875855182,-192.054284543729,31.9800019264221));
#4275=CARTESIAN_POINT('',(-29.1500681322555,-200.935763892263,4.87201785666565E-6));
#4276=CARTESIAN_POINT('',(-45.6642003276985,-222.970728166802,3.11825901988527E-6));
#4277=CARTESIAN_POINT('Origin',(-63.9642193418693,-192.050026481082,-1.13686837721616E-12));
#4278=CARTESIAN_POINT('',(-29.1366481516311,-200.940019995092,31.980000645992));
#4279=CARTESIAN_POINT('',(-29.1366547893625,-200.940017890834,31.9641967066564));
#4280=CARTESIAN_POINT('',(-45.658850526497,-222.979768001415,31.9799996029455));
#4281=CARTESIAN_POINT('Origin',(-63.9507875855182,-192.054284543729,31.9800019264221));
#4282=CARTESIAN_POINT('Ctrl Pts',(-45.658850526497,-222.979768001415,31.9799996029455));
#4283=CARTESIAN_POINT('Ctrl Pts',(-45.6606335852883,-222.976755075265,21.3200007745823));
#4284=CARTESIAN_POINT('Ctrl Pts',(-45.6624168523248,-222.973741797042,10.6600019463535));
#4285=CARTESIAN_POINT('Ctrl Pts',(-45.6642003276985,-222.970728166802,3.11825901988527E-6));
#4286=CARTESIAN_POINT('Origin',(-64.0663266948341,-192.027410999773,79.9799966812134));
#4287=CARTESIAN_POINT('Origin',(-64.1031225512208,-192.047920579698,-1.13686837721616E-12));
#4288=CARTESIAN_POINT('Origin',(-64.0663266948341,-192.027410999773,79.9799966812134));
#4289=CARTESIAN_POINT('Origin',(-64.0093682368411,-192.011211029206,72.0000028610229));
#4290=CARTESIAN_POINT('',(-40.0091111698899,-192.011211029147,8.00000011918712));
#4291=CARTESIAN_POINT('Origin',(-64.0093682368411,-192.011211029147,8.00000011920929));
#4292=CARTESIAN_POINT('',(-40.0091111698899,-192.011211029206,72.0000028610451));
#4293=CARTESIAN_POINT('',(-40.0091111698899,-192.011211029206,72.000002861023));
#4294=CARTESIAN_POINT('Origin',(-64.0093682368411,-192.011211029206,72.0000028610229));
#4295=CARTESIAN_POINT('Origin',(-64.0080018318597,-192.010912686105,8.00000011920929));
#4296=CARTESIAN_POINT('',(-32.0068129795955,-192.012638025964,-1.13686837721616E-12));
#4297=CARTESIAN_POINT('Origin',(-64.0082961949067,-192.012638279951,-1.13686837721616E-12));
#4298=CARTESIAN_POINT('',(-32.0065186165485,-192.010912432118,8.00000011920929));
#4299=CARTESIAN_POINT('',(-32.0065186598753,-192.010912686105,7.99882261246515));
#4300=CARTESIAN_POINT('Origin',(-64.0080018318597,-192.010912686105,8.00000011920929));
#4301=CARTESIAN_POINT('Origin',(-64.0087243344935,-192.012302827649,79.9799966812134));
#4302=CARTESIAN_POINT('',(-32.0053072619785,-192.010911970558,72.0000028610229));
#4303=CARTESIAN_POINT('Origin',(-64.0080018438655,-192.01091247538,72.0000028610229));
#4304=CARTESIAN_POINT('',(-32.0060297526064,-192.012302322827,79.9799966812134));
#4305=CARTESIAN_POINT('',(-32.0060300149352,-192.012302827649,79.9828941329204));
#4306=CARTESIAN_POINT('Origin',(-64.0087243344935,-192.012302827649,79.9799966812134));
#4307=CARTESIAN_POINT('Origin',(-64.0026823917153,-111.895192201113,-1.64950239571482E-11));
#4308=CARTESIAN_POINT('',(-50.2215186248185,-145.273684801555,-2.64573485937793E-10));
#4309=CARTESIAN_POINT('',(-77.778182679328,-145.276017281232,-1.47247591933533E-10));
#4310=CARTESIAN_POINT('Origin',(-64.0026823917153,-111.895192201113,-1.13686837721616E-12));
#4311=CARTESIAN_POINT('',(-50.2215181272277,-145.273683443067,31.9800019260661));
#4312=CARTESIAN_POINT('',(-50.221522505095,-145.273677627956,2.37807402313322E-6));
#4313=CARTESIAN_POINT('',(-77.778183169639,-145.27601592683,31.9800019262248));
#4314=CARTESIAN_POINT('Origin',(-64.0026823917395,-111.89518992267,31.9800019264221));
#4315=CARTESIAN_POINT('',(-77.7781811537172,-145.276014405916,2.37821967285274E-6));
#4316=CARTESIAN_POINT('Origin',(-64.0026823917153,-111.895192201114,47.9799985885467));
#4317=CARTESIAN_POINT('',(-50.2215183500875,-145.273685262304,47.9799985883804));
#4318=CARTESIAN_POINT('',(-77.7781826793281,-145.276017281232,47.979998588416));
#4319=CARTESIAN_POINT('Origin',(-64.0026823917153,-111.895192201114,47.979998588562));
#4320=CARTESIAN_POINT('',(-50.221517850017,-145.273683902724,79.979996680858));
#4321=CARTESIAN_POINT('',(-50.2215225050949,-145.273677627956,47.9800009651509));
#4322=CARTESIAN_POINT('',(-77.778183169639,-145.27601592683,79.9799966810162));
#4323=CARTESIAN_POINT('Origin',(-64.0026823917395,-111.895189922671,79.9799966812134));
#4324=CARTESIAN_POINT('',(-77.7781811537172,-145.276014405916,47.9800009652964));
#4325=CARTESIAN_POINT('Origin',(-64.0026835016021,-191.930873535322,31.9800019264221));
#4326=CARTESIAN_POINT('',(-77.7807651013113,-158.755549243942,-4.03512778746062E-10));
#4327=CARTESIAN_POINT('',(-77.7807651014541,-158.755543938233,31.9800019259674));
#4328=CARTESIAN_POINT('',(-77.7807651014541,-158.755543938234,31.9799964223376));
#4329=CARTESIAN_POINT('',(-50.2189485701464,-158.75789239451,31.9800019262537));
#4330=CARTESIAN_POINT('Origin',(-64.0026835016021,-191.930873535322,31.9800019264221));
#4331=CARTESIAN_POINT('',(-50.2189483610006,-158.757897786785,-1.22097887356176E-10));
#4332=CARTESIAN_POINT('',(-50.2189483611434,-158.757892481077,31.9799964228503));
#4333=CARTESIAN_POINT('Origin',(-64.0026835014593,-191.930878841031,-1.13686837721616E-12));
#4334=CARTESIAN_POINT('Origin',(-64.0026835016021,-191.930873535315,79.9799966812134));
#4335=CARTESIAN_POINT('',(-77.7807651013084,-158.755549243957,47.9799985881599));
#4336=CARTESIAN_POINT('',(-77.7807651014512,-158.755543938232,79.979996680759));
#4337=CARTESIAN_POINT('',(-77.7807651014512,-158.755543938233,79.9799911805519));
#4338=CARTESIAN_POINT('',(-50.2189485701499,-158.757892394509,79.9799966810451));
#4339=CARTESIAN_POINT('Origin',(-64.0026835016021,-191.930873535315,79.9799966812134));
#4340=CARTESIAN_POINT('',(-50.2189483610035,-158.7578977868,47.9799985884876));
#4341=CARTESIAN_POINT('',(-50.2189483611463,-158.757892481076,79.9799911810643));
#4342=CARTESIAN_POINT('Origin',(-64.0026835014593,-191.930878841041,47.979998588562));
#4343=CARTESIAN_POINT('Origin',(-64.0093682301735,-112.011778160556,72.0000028610229));
#4344=CARTESIAN_POINT('',(-40.0094776515632,-112.011778160548,8.00000011920631));
#4345=CARTESIAN_POINT('Origin',(-64.0093682301734,-112.011778160548,8.00000011920929));
#4346=CARTESIAN_POINT('',(-40.0094776515633,-112.011778160556,72.000002861026));
#4347=CARTESIAN_POINT('',(-40.0094776515633,-112.011778160556,72.000002861023));
#4348=CARTESIAN_POINT('Origin',(-64.0093682301735,-112.011778160556,72.0000028610229));
#4349=CARTESIAN_POINT('Origin',(-64.0080016605558,-112.010735944755,8.00000011920929));
#4350=CARTESIAN_POINT('',(-32.006680501691,-112.010735944766,-2.27051710766091E-11));
#4351=CARTESIAN_POINT('Origin',(-64.0080016605425,-112.010735944766,-3.32500693644988E-11));
#4352=CARTESIAN_POINT('',(-32.0066805017043,-112.010735944755,8.00000011930557));
#4353=CARTESIAN_POINT('',(-32.0066805017043,-112.010735944755,8.0000001192627));
#4354=CARTESIAN_POINT('Origin',(-64.0080016605558,-112.010735944755,8.00000011920929));
#4355=CARTESIAN_POINT('Origin',(-64.0080016605558,-112.010735944755,72.0000028610229));
#4356=CARTESIAN_POINT('',(-96.0093228193939,-112.010735944766,79.9799966813365));
#4357=CARTESIAN_POINT('Origin',(-64.0080016605425,-112.010735944766,79.97999668124));
#4358=CARTESIAN_POINT('',(-96.0093228194073,-112.010735944755,72.0000028610335));
#4359=CARTESIAN_POINT('',(-96.0093228194073,-112.010735944755,72.0000028610765));
#4360=CARTESIAN_POINT('Origin',(-64.0080016605558,-112.010735944755,72.0000028610229));
#4361=CARTESIAN_POINT('Origin',(-64.0093682193567,-32.0097832890783,72.0000028610229));
#4362=CARTESIAN_POINT('',(-40.0100936071117,-32.0097832890488,8.00000011919825));
#4363=CARTESIAN_POINT('Origin',(-64.0093682193567,-32.0097832890488,8.00000011920929));
#4364=CARTESIAN_POINT('',(-40.0100936071118,-32.0097832890783,72.000002861034));
#4365=CARTESIAN_POINT('',(-40.0100936071118,-32.0097832890783,72.000002861023));
#4366=CARTESIAN_POINT('Origin',(-64.0093682193567,-32.0097832890783,72.0000028610229));
#4367=CARTESIAN_POINT('Origin',(-64.0080016769593,-32.0122825403034,8.00000011920929));
#4368=CARTESIAN_POINT('',(-32.0067307519156,-32.0122825404427,-1.86477833175047E-9));
#4369=CARTESIAN_POINT('Origin',(-64.0080016768844,-32.0122825404427,-1.6074486186568E-9));
#4370=CARTESIAN_POINT('',(-32.0067307519906,-32.0122825403034,8.00000012006623));
#4371=CARTESIAN_POINT('',(-32.0067307519906,-32.0122825403034,8.00000011950908));
#4372=CARTESIAN_POINT('Origin',(-64.0080016769593,-32.0122825403034,8.00000011920932));
#4373=CARTESIAN_POINT('Origin',(-64.0080016769593,-32.0122825403034,79.9799966812134));
#4374=CARTESIAN_POINT('',(-32.0067307519156,-32.0122825404427,72.000002860765));
#4375=CARTESIAN_POINT('Origin',(-64.0080016768844,-32.0122825404427,72.000002861023));
#4376=CARTESIAN_POINT('',(-32.0067307519906,-32.0122825403034,79.9799966805466));
#4377=CARTESIAN_POINT('',(-32.0067307519906,-32.0122825403034,79.9799966815139));
#4378=CARTESIAN_POINT('Origin',(-64.0080016769593,-32.0122825403034,79.9799966796875));
#4379=CARTESIAN_POINT('Origin',(-64.002677877703,-31.9618616279316,-1.17490672043123E-12));
#4380=CARTESIAN_POINT('',(-50.2221049317973,-65.2722678596503,-1.68106321547736E-11));
#4381=CARTESIAN_POINT('',(-77.7775969973424,-65.2745979773185,-1.13315115111078E-11));
#4382=CARTESIAN_POINT('Origin',(-64.002677877703,-31.9618616279316,-1.13686837721616E-12));
#4383=CARTESIAN_POINT('',(-50.222104906892,-65.2722677942354,31.9800019264009));
#4384=CARTESIAN_POINT('',(-50.2221143277956,-65.2722516362198,1.12929133888549E-7));
#4385=CARTESIAN_POINT('',(-77.7775970219782,-65.2745979120694,31.980001926408));
#4386=CARTESIAN_POINT('Origin',(-64.0026778777043,-31.9618615195121,31.9800019264221));
#4387=CARTESIAN_POINT('',(-77.777591553538,-65.2745884373749,1.12935917544229E-7));
#4388=CARTESIAN_POINT('Origin',(-64.002677877703,-31.9618616279316,47.979998588562));
#4389=CARTESIAN_POINT('',(-50.2221047669825,-65.2722681124802,47.9799985885463));
#4390=CARTESIAN_POINT('',(-77.7775969973424,-65.2745979773185,47.9799985885518));
#4391=CARTESIAN_POINT('Origin',(-64.002677877703,-31.9618616279316,47.979998588562));
#4392=CARTESIAN_POINT('',(-50.2221047420392,-65.2722680470481,79.9799966811921));
#4393=CARTESIAN_POINT('',(-50.2221143277956,-65.2722516362198,47.9799987014217));
#4394=CARTESIAN_POINT('',(-77.7775970219782,-65.2745979120695,79.9799966811993));
#4395=CARTESIAN_POINT('Origin',(-64.0026778777043,-31.9618615195122,79.9799966812134));
#4396=CARTESIAN_POINT('',(-77.777591553538,-65.2745884373749,47.9799987014284));
#4397=CARTESIAN_POINT('Origin',(-64.0026777519668,-112.053736363235,31.980001926424));
#4398=CARTESIAN_POINT('',(-77.7817642139654,-78.7531008568768,-1.04260384569618E-10));
#4399=CARTESIAN_POINT('',(-77.7817640745791,-78.7531004047111,31.9800019263058));
#4400=CARTESIAN_POINT('',(-77.7817640745791,-78.7531004047112,31.9800011048612));
#4401=CARTESIAN_POINT('',(-50.2179411897915,-78.7554389136741,31.980001926337));
#4402=CARTESIAN_POINT('Origin',(-64.0026777519668,-112.053736363235,31.9800019264221));
#4403=CARTESIAN_POINT('',(-50.2179410193849,-78.7554393787108,-6.25959345471903E-11));
#4404=CARTESIAN_POINT('',(-50.2179411588086,-78.7554389264985,31.9800011049118));
#4405=CARTESIAN_POINT('Origin',(-64.0026777519752,-112.05373715222,-1.13686837721616E-12));
#4406=CARTESIAN_POINT('Origin',(-64.0026777519668,-112.053736363234,79.9799966812152));
#4407=CARTESIAN_POINT('',(-77.7817642139653,-78.7531008568772,47.979998588459));
#4408=CARTESIAN_POINT('',(-77.7817640745789,-78.7531004047111,79.9799966810971));
#4409=CARTESIAN_POINT('',(-77.7817640745789,-78.7531004047112,79.9799958601653));
#4410=CARTESIAN_POINT('',(-50.2179411897916,-78.755438913674,79.9799966811283));
#4411=CARTESIAN_POINT('Origin',(-64.0026777519668,-112.053736363234,79.9799966812134));
#4412=CARTESIAN_POINT('',(-50.2179410193849,-78.7554393787111,47.9799985885006));
#4413=CARTESIAN_POINT('',(-50.2179411588087,-78.7554389264985,79.9799958602158));
#4414=CARTESIAN_POINT('Origin',(-64.0026777519752,-112.05373715222,47.979998588562));
#4415=CARTESIAN_POINT('Origin',(-64.0093684073499,47.9888599614111,72.0000028610229));
#4416=CARTESIAN_POINT('',(-40.0092813142447,47.9888599613354,8.00000011918089));
#4417=CARTESIAN_POINT('Origin',(-64.0093684073499,47.9888599613354,8.00000011920929));
#4418=CARTESIAN_POINT('',(-40.0092813142447,47.9888599614111,72.0000028610513));
#4419=CARTESIAN_POINT('',(-40.0092813142447,47.9888599614111,72.0000028610229));
#4420=CARTESIAN_POINT('Origin',(-64.0093684073499,47.9888599614111,72.0000028610229));
#4421=CARTESIAN_POINT('Origin',(-64.0080018688634,47.9888895853447,8.00000011920929));
#4422=CARTESIAN_POINT('',(-32.0066203604139,47.9888895852074,-3.35596883616063E-9));
#4423=CARTESIAN_POINT('Origin',(-64.0080018688647,47.9888895852074,-2.80166778665603E-9));
#4424=CARTESIAN_POINT('',(-32.0066203604126,47.9888895853447,8.00000011975322));
#4425=CARTESIAN_POINT('',(-32.0066203604126,47.9888895853447,8.0000001192041));
#4426=CARTESIAN_POINT('Origin',(-64.0080018688634,47.9888895853447,8.00000011920929));
#4427=CARTESIAN_POINT('Origin',(-64.0080018688634,47.9888895853447,79.9799966812134));
#4428=CARTESIAN_POINT('',(-32.0066203604139,47.9888895852074,72.0000028604673));
#4429=CARTESIAN_POINT('Origin',(-64.0080018688647,47.9888895852074,72.0000028610229));
#4430=CARTESIAN_POINT('',(-32.0066203604126,47.9888895853447,79.9799966790435));
#4431=CARTESIAN_POINT('',(-32.0066203604126,47.9888895853447,79.9799966812082));
#4432=CARTESIAN_POINT('Origin',(-64.0080018688634,47.9888895853447,79.9799966784982));
#4433=CARTESIAN_POINT('Origin',(-64.0026789862838,47.8476917899591,-7.67562388757528E-12));
#4434=CARTESIAN_POINT('',(-50.2195408884051,14.7415014110556,-1.48658132361893E-11));
#4435=CARTESIAN_POINT('',(-77.7801769101037,14.7391537855981,8.73984609123275E-11));
#4436=CARTESIAN_POINT('Origin',(-64.0026789862838,47.8476917899591,-1.13686837721616E-12));
#4437=CARTESIAN_POINT('',(-50.2195385168462,14.7415034342623,31.9800019264041));
#4438=CARTESIAN_POINT('',(-50.219538690282,14.7415023171652,1.50968314403405E-6));
#4439=CARTESIAN_POINT('',(-77.7801769676016,14.739155267836,31.9800019264664));
#4440=CARTESIAN_POINT('Origin',(-64.0026789862993,47.8476932482876,31.9800019264221));
#4441=CARTESIAN_POINT('',(-77.7801769675861,14.7391538095074,1.50977691868543E-6));
#4442=CARTESIAN_POINT('Origin',(-64.0026789862838,47.8476917899584,47.9799985885555));
#4443=CARTESIAN_POINT('',(-50.219538690282,14.7415023171652,47.9799985885529));
#4444=CARTESIAN_POINT('',(-77.7801770825432,14.7391538573447,47.979998588562));
#4445=CARTESIAN_POINT('Origin',(-64.0026789862838,47.8476917899584,47.979998588562));
#4446=CARTESIAN_POINT('',(-50.2195386902975,14.7415037754939,79.9799966811996));
#4447=CARTESIAN_POINT('',(-50.219538690282,14.7415023171652,47.9800000973031));
#4448=CARTESIAN_POINT('',(-77.7801769676015,14.7391552678359,79.979991118972));
#4449=CARTESIAN_POINT('Origin',(-64.0026789862993,47.8476932482871,79.9799966812134));
#4450=CARTESIAN_POINT('',(-77.7801769675861,14.7391538095075,47.9800000973968));
#4451=CARTESIAN_POINT('Origin',(-64.0120851347882,-32.0266225878494,31.9800019264469));
#4452=CARTESIAN_POINT('',(-77.7773202621435,1.25614230151236,4.31851372628864E-10));
#4453=CARTESIAN_POINT('',(-77.7773196305699,1.25614401644619,31.9800019267375));
#4454=CARTESIAN_POINT('',(-77.7773158812903,1.25613714214229,31.9799989389514));
#4455=CARTESIAN_POINT('',(-50.2180801622666,1.2442219996437,31.9800019261429));
#4456=CARTESIAN_POINT('Origin',(-64.0120851347882,-32.0266225878494,31.9800019264221));
#4457=CARTESIAN_POINT('',(-50.2180800505469,1.24421908192203,-2.02637906454584E-10));
#4458=CARTESIAN_POINT('',(-50.2180800494955,1.24422195291516,31.979998939115));
#4459=CARTESIAN_POINT('Origin',(-64.0120851358396,-32.0266254588428,-1.13686837721616E-12));
#4460=CARTESIAN_POINT('Origin',(-64.0120711562978,-31.9996546714254,79.9799966812134));
#4461=CARTESIAN_POINT('',(-77.7810137353707,1.24507297710313,47.9800153283296));
#4462=CARTESIAN_POINT('',(-77.7768130268583,1.25492486990212,79.979996661041));
#4463=CARTESIAN_POINT('Ctrl Pts',(-77.7810137353707,1.24507297710312,47.9800153283296));
#4464=CARTESIAN_POINT('Ctrl Pts',(-77.7796327664858,1.24835576413644,58.6466757649405));
#4465=CARTESIAN_POINT('Ctrl Pts',(-77.7782325319091,1.25163973786409,69.313336209193));
#4466=CARTESIAN_POINT('Ctrl Pts',(-77.7768130268583,1.25492486990211,79.979996661041));
#4467=CARTESIAN_POINT('',(-50.2185813351144,1.24300989043582,79.9799909012786));
#4468=CARTESIAN_POINT('Origin',(-64.0120887876057,-31.9997553276204,79.9799966812134));
#4469=CARTESIAN_POINT('',(-50.218698410803,1.24272622800357,47.9799985716901));
#4470=CARTESIAN_POINT('Ctrl Pts',(-50.2185813351144,1.24300989043581,79.9799909012786));
#4471=CARTESIAN_POINT('Ctrl Pts',(-50.2186146758929,1.24291368544672,69.3133267903182));
#4472=CARTESIAN_POINT('Ctrl Pts',(-50.2186537014285,1.24281913037746,58.6466626804538));
#4473=CARTESIAN_POINT('Ctrl Pts',(-50.218698410803,1.24272622800356,47.9799985716901));
#4474=CARTESIAN_POINT('Origin',(-64.0026982903333,-31.9461454801863,47.979998588562));
#4475=CARTESIAN_POINT('Origin',(-64.0093682324675,127.988725612505,72.0000028610229));
#4476=CARTESIAN_POINT('',(-40.0093375372531,127.98872561241,8.00000011917399));
#4477=CARTESIAN_POINT('Origin',(-64.0093682324674,127.98872561241,8.00000011920929));
#4478=CARTESIAN_POINT('',(-40.0093375372532,127.988725612505,72.0000028610583));
#4479=CARTESIAN_POINT('',(-40.0093375372532,127.988725612505,72.000002861023));
#4480=CARTESIAN_POINT('Origin',(-64.0093682324675,127.988725612505,72.0000028610229));
#4481=CARTESIAN_POINT('Origin',(-64.0080019250433,127.988962476455,8.00000011920929));
#4482=CARTESIAN_POINT('',(-32.0063849868761,127.988962476378,-2.59897658949626E-9));
#4483=CARTESIAN_POINT('Origin',(-64.0080019250253,127.988962476378,-2.36515140805693E-9));
#4484=CARTESIAN_POINT('',(-32.0063849868942,127.988962476455,8.00000011958746));
#4485=CARTESIAN_POINT('',(-32.0063849868942,127.988962476455,8.00000011928146));
#4486=CARTESIAN_POINT('Origin',(-64.0080019250433,127.988962476455,8.00000011920929));
#4487=CARTESIAN_POINT('Origin',(-64.0080019250433,127.988962476455,79.9799966812134));
#4488=CARTESIAN_POINT('',(-32.0063849868761,127.988962476378,72.0000028607885));
#4489=CARTESIAN_POINT('Origin',(-64.0080019250253,127.988962476378,72.0000028610229));
#4490=CARTESIAN_POINT('',(-32.0063849868942,127.988962476455,79.9799966792717));
#4491=CARTESIAN_POINT('',(-32.0063849868942,127.988962476455,79.9799966812857));
#4492=CARTESIAN_POINT('Origin',(-64.0080019250433,127.988962476455,79.9799966788926));
#4493=CARTESIAN_POINT('Origin',(-64.0026778761001,128.038416224849,-1.15862420824231E-12));
#4494=CARTESIAN_POINT('',(-50.2221073432093,94.7277294501772,-1.65588497127016E-11));
#4495=CARTESIAN_POINT('',(-77.7775964017326,94.7253965544116,-1.11579833333345E-11));
#4496=CARTESIAN_POINT('Origin',(-64.0026778761001,128.038416224849,-1.13686837721616E-12));
#4497=CARTESIAN_POINT('',(-50.2221073205725,94.7277295124455,31.980001926401));
#4498=CARTESIAN_POINT('',(-50.222112234284,94.7277385931378,1.08937243996121E-7));
#4499=CARTESIAN_POINT('',(-77.7775964241286,94.7253966165336,31.9800019264084));
#4500=CARTESIAN_POINT('Origin',(-64.0026778761014,128.038416329436,31.9800019264221));
#4501=CARTESIAN_POINT('',(-77.7775936317237,94.7254018067922,1.08943778550793E-7));
#4502=CARTESIAN_POINT('Origin',(-64.0026778761001,128.038416224849,47.979998588562));
#4503=CARTESIAN_POINT('',(-50.2221073432093,94.7277294501771,47.9799985885466));
#4504=CARTESIAN_POINT('',(-77.7775964017326,94.7253965544116,47.979998588552));
#4505=CARTESIAN_POINT('Origin',(-64.0026778761001,128.038416224849,47.979998588562));
#4506=CARTESIAN_POINT('',(-50.2221073205725,94.7277295124454,79.9799966811923));
#4507=CARTESIAN_POINT('',(-50.222112234284,94.7277385931378,47.9799986974323));
#4508=CARTESIAN_POINT('',(-77.7775964241286,94.7253966165336,79.9799966811997));
#4509=CARTESIAN_POINT('Origin',(-64.0026778761014,128.038416329436,79.9799966812134));
#4510=CARTESIAN_POINT('',(-77.7775936317237,94.7254018067922,47.9799986974388));
#4511=CARTESIAN_POINT('Origin',(-64.0026834916786,48.0690288528767,31.9800019264221));
#4512=CARTESIAN_POINT('',(-77.7807638740639,81.2444668781306,-4.0440983894996E-10));
#4513=CARTESIAN_POINT('',(-77.7807638742054,81.244472200268,31.9800019259664));
#4514=CARTESIAN_POINT('',(-77.7807638742054,81.2444722002671,31.9799964052774));
#4515=CARTESIAN_POINT('',(-50.2189497897692,81.2421237573261,31.9800019262537));
#4516=CARTESIAN_POINT('Origin',(-64.0026834916786,48.0690288528767,31.9800019264221));
#4517=CARTESIAN_POINT('',(-50.2189495799776,81.2421183483572,-1.22128973600866E-10));
#4518=CARTESIAN_POINT('',(-50.2189495801192,81.2421236704937,31.9799964057902));
#4519=CARTESIAN_POINT('Origin',(-64.002683491537,48.0690235307393,-1.13686837721616E-12));
#4520=CARTESIAN_POINT('Origin',(-64.0026834916786,48.0690288528829,79.9799966812134));
#4521=CARTESIAN_POINT('',(-77.780763874061,81.2444668781157,47.979998588159));
#4522=CARTESIAN_POINT('',(-77.7807638742025,81.2444722002689,79.979996680758));
#4523=CARTESIAN_POINT('',(-77.7807638742025,81.244472200268,79.9799911635023));
#4524=CARTESIAN_POINT('',(-50.2189497897727,81.2421237573273,79.9799966810451));
#4525=CARTESIAN_POINT('Origin',(-64.0026834916786,48.0690288528829,79.9799966812134));
#4526=CARTESIAN_POINT('',(-50.2189495799805,81.2421183483423,47.9799985884411));
#4527=CARTESIAN_POINT('',(-50.2189495801221,81.2421236704945,79.9799911640148));
#4528=CARTESIAN_POINT('Origin',(-64.002683491537,48.0690235307297,47.979998588562));
#4529=CARTESIAN_POINT('Origin',(-64.0093682367134,207.988799729632,72.0000028610229));
#4530=CARTESIAN_POINT('',(-40.0091089649742,207.988799729692,8.0000001191869));
#4531=CARTESIAN_POINT('Origin',(-64.0093682367134,207.988799729692,8.00000011920929));
#4532=CARTESIAN_POINT('',(-40.0091089649742,207.988799729632,72.0000028610454));
#4533=CARTESIAN_POINT('',(-40.0091089649742,207.988799729632,72.000002861023));
#4534=CARTESIAN_POINT('Origin',(-64.0093682367134,207.988799729632,72.0000028610229));
#4535=CARTESIAN_POINT('Origin',(-64.0080017736781,207.989097110208,8.00000011920929));
#4536=CARTESIAN_POINT('',(-32.006518138094,207.989097110084,-5.416005421921E-9));
#4537=CARTESIAN_POINT('Origin',(-64.0080017736188,207.989097110084,-5.15496201280996E-9));
#4538=CARTESIAN_POINT('',(-32.0065181381532,207.989097110208,8.00000011994418));
#4539=CARTESIAN_POINT('',(-32.0065181381532,207.989097110208,8.00000011944622));
#4540=CARTESIAN_POINT('Origin',(-64.0080017736781,207.989097110208,8.00000011920929));
#4541=CARTESIAN_POINT('Origin',(-64.0080017736781,207.989097110208,79.9799966812134));
#4542=CARTESIAN_POINT('',(-32.006518138094,207.989097110084,72.0000028607613));
#4543=CARTESIAN_POINT('Origin',(-64.0080017736188,207.989097110084,72.0000028610229));
#4544=CARTESIAN_POINT('',(-32.0065181381532,207.989097110208,79.9799966768598));
#4545=CARTESIAN_POINT('',(-32.0065181381532,207.989097110208,79.9799966814509));
#4546=CARTESIAN_POINT('Origin',(-64.0080017736781,207.989097110208,79.9799966761231));
#4547=CARTESIAN_POINT('Origin',(-64.0026778862711,208.038379950162,-1.16766700258459E-12));
#4548=CARTESIAN_POINT('',(-50.2221057790453,174.727729360184,-1.56105434540952E-11));
#4549=CARTESIAN_POINT('',(-77.77759627433,174.725399042815,-1.05479783571512E-11));
#4550=CARTESIAN_POINT('Origin',(-64.0026778862711,208.038379950162,-1.13686837721616E-12));
#4551=CARTESIAN_POINT('',(-50.2221057560915,174.727729420534,31.9800019264019));
#4552=CARTESIAN_POINT('',(-50.2221150470083,174.727745387153,1.04207840573246E-7));
#4553=CARTESIAN_POINT('',(-77.7775962970636,174.725399103025,31.9800019264091));
#4554=CARTESIAN_POINT('Origin',(-64.0026778862723,208.038380050208,31.9800019264221));
#4555=CARTESIAN_POINT('',(-77.7775908249233,174.725408592299,1.04214090154978E-7));
#4556=CARTESIAN_POINT('Origin',(-64.0026778862711,208.038379950162,47.979998588562));
#4557=CARTESIAN_POINT('',(-50.2221057790453,174.727729360184,47.9799985885475));
#4558=CARTESIAN_POINT('',(-77.77759627433,174.725399042815,47.9799985885526));
#4559=CARTESIAN_POINT('Origin',(-64.0026778862711,208.038379950162,47.979998588562));
#4560=CARTESIAN_POINT('',(-50.2221057560915,174.727729420534,79.9799966811931));
#4561=CARTESIAN_POINT('',(-50.2221150470083,174.727745387153,47.9799986927058));
#4562=CARTESIAN_POINT('',(-77.7775962970636,174.725399103025,79.9799966812003));
#4563=CARTESIAN_POINT('Origin',(-64.0026778862723,208.038380050208,79.9799966812134));
#4564=CARTESIAN_POINT('',(-77.7775908249233,174.725408592299,47.9799986927121));
#4565=CARTESIAN_POINT('Origin',(-64.0026732195129,128.012629546811,31.9800019264221));
#4566=CARTESIAN_POINT('',(-77.7811776763313,161.245468072479,-1.03162811626589E-9));
#4567=CARTESIAN_POINT('',(-77.7811776763829,161.245478546896,31.9800019252567));
#4568=CARTESIAN_POINT('',(-77.7811776763829,161.245478546892,31.9799910416374));
#4569=CARTESIAN_POINT('',(-50.2185301822727,161.243140202284,31.9800019257577));
#4570=CARTESIAN_POINT('Origin',(-64.0026732195129,128.012629546811,31.9800019264221));
#4571=CARTESIAN_POINT('',(-50.2185297701272,161.243129557468,-4.7845283290826E-10));
#4572=CARTESIAN_POINT('',(-50.2185297701788,161.243140031881,31.9799910424478));
#4573=CARTESIAN_POINT('Origin',(-64.0026732194613,128.012619072394,-1.13686837721616E-12));
#4574=CARTESIAN_POINT('Origin',(-64.0026732195129,128.012629546823,79.9799966812134));
#4575=CARTESIAN_POINT('',(-77.7811776763256,161.245468072449,47.9799985875322));
#4576=CARTESIAN_POINT('',(-77.7811776763772,161.245478546898,79.9799966800487));
#4577=CARTESIAN_POINT('',(-77.7811776763772,161.245478546894,79.9799858031979));
#4578=CARTESIAN_POINT('',(-50.2185301822797,161.243140202286,79.9799966805494));
#4579=CARTESIAN_POINT('Origin',(-64.0026732195129,128.012629546823,79.9799966812134));
#4580=CARTESIAN_POINT('',(-50.2185297701329,161.243129557438,47.979998588085));
#4581=CARTESIAN_POINT('',(-50.2185297701845,161.243140031883,79.9799858040078));
#4582=CARTESIAN_POINT('Origin',(-64.0026732194613,128.012619072374,47.979998588562));
#4583=CARTESIAN_POINT('Origin',(-89.1393709182739,247.991108894348,39.9899983406061));
#4584=CARTESIAN_POINT('',(-89.13936595782,68.9770886913078,79.9799966812134));
#4585=CARTESIAN_POINT('',(-89.1393658835535,66.2969400334505,-1.13686837721616E-12));
#4586=CARTESIAN_POINT('Origin',(-38.8793671131134,247.991108894348,39.9899983406061));
#4587=CARTESIAN_POINT('',(-38.8793720735487,68.9770891758948,79.9799966812134));
#4588=CARTESIAN_POINT('',(-38.879372147815,66.2969404913231,-1.13686837721616E-12));
#4589=CARTESIAN_POINT('Origin',(-64.0026834716245,208.069131568075,79.9799966812134));
#4590=CARTESIAN_POINT('Origin',(-64.0026834716245,208.069131568075,79.9799966812134));
#4591=CARTESIAN_POINT('Origin',(-64.0026834714835,208.069126269288,-1.13686837721616E-12));
#4592=CARTESIAN_POINT('Origin',(-64.0076642224516,287.985545954978,79.9799966812134));
#4593=CARTESIAN_POINT('',(-27.9993677141097,287.981089822018,79.9799966773154));
#4594=CARTESIAN_POINT('Origin',(-64.0076642224516,287.985545954978,79.9799966907089));
#4595=CARTESIAN_POINT('',(-27.9993677141497,287.981089687348,5.87252566853665E-9));
#4596=CARTESIAN_POINT('',(-27.9993677139282,287.981090545654,-1.13686837721616E-12));
#4597=CARTESIAN_POINT('Origin',(-64.0076642224302,287.985545956887,9.62263158044152E-9));
#4598=CARTESIAN_POINT('Origin',(34.3406365315119,-220.792233149211,39.9899983406061));
#4599=CARTESIAN_POINT('',(-28.008764193661,-174.038772156411,79.9799966812134));
#4600=CARTESIAN_POINT('',(-28.008377519055,-174.039062109095,-1.13686837721616E-12));
#4601=CARTESIAN_POINT('',(-28.0085715036084,-174.038916647404,40.1238759764055));
#4602=CARTESIAN_POINT('',(-18.1185732041128,-181.455052878649,79.9799966812134));
#4603=CARTESIAN_POINT('',(-17.1407123615851,-182.188313795767,-1.13686837721616E-12));
#4604=CARTESIAN_POINT('Origin',(81.1106371879578,-271.84889793396,39.9899983406061));
#4605=CARTESIAN_POINT('',(78.3806371688843,-268.818912506104,-1.13686837721616E-12));
#4606=CARTESIAN_POINT('',(13.3999221929062,-196.69780697742,-1.13686837721616E-12));
#4607=CARTESIAN_POINT('',(78.3806371688843,-268.818912506104,79.9799966812134));
#4608=CARTESIAN_POINT('',(12.2830792578585,-195.458240019634,79.9799966812134));
#4609=CARTESIAN_POINT('',(78.3806371688843,-268.818912506104,39.9899983406061));
#4610=CARTESIAN_POINT('Origin',(84.9506378173828,-298.738889694214,39.9899983406061));
#4611=CARTESIAN_POINT('',(83.1806373596191,-302.418880462646,79.9799966812134));
#4612=CARTESIAN_POINT('',(83.1806373596191,-302.418880462646,-1.13686837721616E-12));
#4613=CARTESIAN_POINT('',(83.1806373596191,-302.418880462646,39.9899983406061));
#4614=CARTESIAN_POINT('',(109.455153683829,-247.791788648055,79.9799966812134));
#4615=CARTESIAN_POINT('',(108.317685314703,-250.156688091673,-1.13686837721616E-12));
#4616=CARTESIAN_POINT('Origin',(80.1506328582764,-305.138893127441,39.9899983406061));
#4617=CARTESIAN_POINT('',(93.5707419406838,-293.091760309354,79.9799966812134));
#4618=CARTESIAN_POINT('',(91.9715043619149,-294.527384073722,-1.13686837721616E-12));
#4619=CARTESIAN_POINT('Origin',(53.27064037323,-308.978900909424,39.9899983406061));
#4620=CARTESIAN_POINT('',(49.6006393432617,-307.218914031982,79.9799966812134));
#4621=CARTESIAN_POINT('',(49.6006393432617,-307.218914031982,-1.13686837721616E-12));
#4622=CARTESIAN_POINT('',(49.6006393432617,-307.218914031982,39.9899983406061));
#4623=CARTESIAN_POINT('',(-26.079069729159,-270.925928343857,79.9799966812134));
#4624=CARTESIAN_POINT('',(-25.4260042813429,-271.239112620614,-1.13686837721616E-12));
#4625=CARTESIAN_POINT('Origin',(46.8706369400024,-304.178905487061,39.9899983406061));
#4626=CARTESIAN_POINT('',(-22.2318664524865,-227.229449128392,79.9799966812134));
#4627=CARTESIAN_POINT('',(-21.1147008495858,-228.47347476546,-1.13686837721616E-12));
#4628=CARTESIAN_POINT('Origin',(74.7106313705444,-267.048902511597,39.9899983406061));
#4629=CARTESIAN_POINT('',(-4.52663479547747,-228.833498842561,-1.13686837721616E-12));
#4630=CARTESIAN_POINT('',(-5.18424583006963,-228.516339097404,79.9799966812134));
#4631=CARTESIAN_POINT('Origin',(-28.0019991648825,62.5332133236684,40.2573669270462));
#4632=CARTESIAN_POINT('',(-28.0045885885023,-23.7521157069746,79.9799966812134));
#4633=CARTESIAN_POINT('',(-28.0042763721889,-26.4322777799038,-1.13686837721616E-12));
#4634=CARTESIAN_POINT('Origin',(-64.0085346500079,207.988611757755,72.0000028610229));
#4635=CARTESIAN_POINT('Origin',(-64.0085346500079,127.989129225413,72.0000028610229));
#4636=CARTESIAN_POINT('Origin',(-64.0085346500079,47.9889206215739,72.0000028610229));
#4637=CARTESIAN_POINT('Origin',(-64.0085346500079,-32.0109786976051,72.0000028610229));
#4638=CARTESIAN_POINT('Origin',(-64.0085346500079,-192.01139986515,72.0000028610229));
#4639=CARTESIAN_POINT('Origin',(-64.0085346500079,-112.011500597,72.0000028610229));
#4640=CARTESIAN_POINT('Origin',(-0.00832414564987024,-240.010878741741,
72.0000028610229));
#4641=CARTESIAN_POINT('Origin',(-64.0085346500079,207.988611757755,8.00000011920929));
#4642=CARTESIAN_POINT('Origin',(-64.0085346500079,-32.0109786976051,8.00000011920929));
#4643=CARTESIAN_POINT('Origin',(-64.0085346500079,47.9889206215739,8.00000011920929));
#4644=CARTESIAN_POINT('Origin',(-64.0085346500079,127.989129225413,8.00000011920929));
#4645=CARTESIAN_POINT('Origin',(-64.0085346500079,-112.011500597,8.00000011920929));
#4646=CARTESIAN_POINT('Origin',(-64.0085346500079,-192.01139986515,8.00000011920929));
#4647=CARTESIAN_POINT('Origin',(-0.00832414564987024,-240.010878741741,
8.00000011920929));
#4648=CARTESIAN_POINT('Origin',(-40.7993674278259,291.9810962677,39.9899983406061));
#4649=CARTESIAN_POINT('',(-39.9993658065796,287.981090545654,-1.13686837721616E-12));
#4650=CARTESIAN_POINT('',(-1.75693414356917,96.7690462016989,-1.13686837721616E-12));
#4651=CARTESIAN_POINT('',(-39.9993658065796,287.981090545654,79.9799966812134));
#4652=CARTESIAN_POINT('',(-39.9993658065796,287.981090545654,39.9899983406061));
#4653=CARTESIAN_POINT('',(-2.25380773649539,99.2534126855344,79.9799966812134));
#4654=CARTESIAN_POINT('Origin',(-59.9993681907654,311.191120147705,39.9899983406061));
#4655=CARTESIAN_POINT('',(-63.9993667602539,311.98112487793,-1.13686837721616E-12));
#4656=CARTESIAN_POINT('',(-13.4330044164284,301.99420494586,-1.13686837721616E-12));
#4657=CARTESIAN_POINT('',(-63.9993667602539,311.98112487793,79.9799966812134));
#4658=CARTESIAN_POINT('',(-13.4785247761649,302.003195273954,79.9799966812134));
#4659=CARTESIAN_POINT('',(-63.9993667602539,311.98112487793,39.9899983406061));
#4660=CARTESIAN_POINT('Origin',(-67.9993653297424,311.191120147705,39.9899983406061));
#4661=CARTESIAN_POINT('',(-98.6718983247895,305.13325644273,-1.13686837721616E-12));
#4662=CARTESIAN_POINT('',(-97.6984980204647,305.325504222688,79.9799966812134));
#4663=CARTESIAN_POINT('Origin',(-87.2193717956543,291.9810962677,39.9899983406061));
#4664=CARTESIAN_POINT('',(-88.0193710327148,287.981090545654,-1.13686837721616E-12));
#4665=CARTESIAN_POINT('',(-125.626170193813,99.9466464317574,-1.13686837721616E-12));
#4666=CARTESIAN_POINT('',(-88.0193710327148,287.981090545654,79.9799966812134));
#4667=CARTESIAN_POINT('',(-125.092218331724,102.616412107408,79.9799966812134));
#4668=CARTESIAN_POINT('',(-88.0193710327148,287.981090545654,39.9899983406061));
#4669=CARTESIAN_POINT('Origin',(-87.2193717956543,283.981103897095,39.9899983406061));
#4670=CARTESIAN_POINT('',(-48.5502839217907,90.6361254996657,79.9799966812134));
#4671=CARTESIAN_POINT('',(-48.0534095418786,88.1517595233151,-1.13686837721616E-12));
#4672=CARTESIAN_POINT('Origin',(-40.7993674278259,283.981103897095,39.9899983406061));
#4673=CARTESIAN_POINT('',(-78.7959465443407,93.9992274601258,79.9799966812134));
#4674=CARTESIAN_POINT('',(-79.3299023692239,91.3294626574924,-1.13686837721616E-12));
#4675=CARTESIAN_POINT('Origin',(-64.0061862360348,167.988841750405,47.979998588562));
#4676=CARTESIAN_POINT('Ctrl Pts',(-50.2185020827993,174.721497534988,47.979998588562));
#4677=CARTESIAN_POINT('Ctrl Pts',(-47.0823296889702,176.132706132626,47.979998588562));
#4678=CARTESIAN_POINT('Ctrl Pts',(-38.2209551264002,181.076533364841,47.979998588562));
#4679=CARTESIAN_POINT('Ctrl Pts',(-38.7310974350316,167.994863941274,47.979998588562));
#4680=CARTESIAN_POINT('Ctrl Pts',(-38.2108657623876,154.912538579139,47.979998588562));
#4681=CARTESIAN_POINT('Ctrl Pts',(-47.0780129857263,159.841432819561,47.979998588562));
#4682=CARTESIAN_POINT('Ctrl Pts',(-50.2193689346313,161.241111755371,47.979998588562));
#4683=CARTESIAN_POINT('Ctrl Pts',(-77.779369354248,161.241111755371,47.979998588562));
#4684=CARTESIAN_POINT('Ctrl Pts',(-80.9256255052614,159.844878332046,47.979998588562));
#4685=CARTESIAN_POINT('Ctrl Pts',(-89.798143487351,154.904026475978,47.979998588562));
#4686=CARTESIAN_POINT('Ctrl Pts',(-89.2925047906703,167.994861972921,47.979998588562));
#4687=CARTESIAN_POINT('Ctrl Pts',(-89.7880682742896,181.085147262358,47.979998588562));
#4688=CARTESIAN_POINT('Ctrl Pts',(-80.9210213859968,176.1290837711,47.979998588562));
#4689=CARTESIAN_POINT('Ctrl Pts',(-77.7799075995408,174.72134870043,47.979998588562));
#4690=CARTESIAN_POINT('Origin',(-64.0061862360348,87.9874749617143,47.979998588562));
#4691=CARTESIAN_POINT('Ctrl Pts',(-50.218718283697,94.7213942294047,47.979998588562));
#4692=CARTESIAN_POINT('Ctrl Pts',(-47.0709193106985,96.1086887013796,47.979998588562));
#4693=CARTESIAN_POINT('Ctrl Pts',(-38.2162113910135,101.08717936846,47.979998588562));
#4694=CARTESIAN_POINT('Ctrl Pts',(-38.7298626055657,87.9874076250109,47.979998588562));
#4695=CARTESIAN_POINT('Ctrl Pts',(-38.2205631820576,74.8761798984967,47.979998588562));
#4696=CARTESIAN_POINT('Ctrl Pts',(-47.0710363172698,79.8549930010487,47.979998588562));
#4697=CARTESIAN_POINT('Ctrl Pts',(-50.2193689346313,81.2411117553711,47.979998588562));
#4698=CARTESIAN_POINT('Ctrl Pts',(-77.779369354248,81.2411117553711,47.979998588562));
#4699=CARTESIAN_POINT('Ctrl Pts',(-80.9325957706602,79.8584763472419,47.979998588562));
#4700=CARTESIAN_POINT('Ctrl Pts',(-89.7885170299089,74.8675860001208,47.979998588562));
#4701=CARTESIAN_POINT('Ctrl Pts',(-89.293719735139,87.987430495569,47.979998588562));
#4702=CARTESIAN_POINT('Ctrl Pts',(-89.792819186947,101.095799168,47.979998588562));
#4703=CARTESIAN_POINT('Ctrl Pts',(-80.9324743788951,96.1050771349662,47.979998588562));
#4704=CARTESIAN_POINT('Ctrl Pts',(-77.7797664589234,94.7212817782889,47.979998588562));
#4705=CARTESIAN_POINT('Origin',(-64.0061862360348,7.98928671431812,47.979998588562));
#4706=CARTESIAN_POINT('Ctrl Pts',(-50.2187002419866,1.24272168863612,47.979998588562));
#4707=CARTESIAN_POINT('Ctrl Pts',(-49.465768149914,0.929914141718736,47.979998588562));
#4708=CARTESIAN_POINT('Ctrl Pts',(-49.2468055576897,0.77828365246121,47.979998588562));
#4709=CARTESIAN_POINT('Ctrl Pts',(-46.1366189331241,-0.636376555508332,
47.979998588562));
#4710=CARTESIAN_POINT('Ctrl Pts',(-45.1920012614258,-1.05051690347715,47.979998588562));
#4711=CARTESIAN_POINT('Ctrl Pts',(-43.1490046254069,-1.73361490204487,47.979998588562));
#4712=CARTESIAN_POINT('Ctrl Pts',(-42.5208778575001,-1.83628700997312,47.979998588562));
#4713=CARTESIAN_POINT('Ctrl Pts',(-41.8445834988024,-1.90909864578587,47.979998588562));
#4714=CARTESIAN_POINT('Ctrl Pts',(-41.4463816626639,-1.92304889427328,47.979998588562));
#4715=CARTESIAN_POINT('Ctrl Pts',(-40.7103994571893,-1.78664333709211,47.979998588562));
#4716=CARTESIAN_POINT('Ctrl Pts',(-40.4751606574939,-1.68082399875558,47.979998588562));
#4717=CARTESIAN_POINT('Ctrl Pts',(-40.0667012893497,-1.4448912019142,47.979998588562));
#4718=CARTESIAN_POINT('Ctrl Pts',(-39.8615611880346,-1.25454699743727,47.979998588562));
#4719=CARTESIAN_POINT('Ctrl Pts',(-39.5249448706541,-0.816556677558721,
47.979998588562));
#4720=CARTESIAN_POINT('Ctrl Pts',(-39.3430454360529,-0.514187597313286,
47.979998588562));
#4721=CARTESIAN_POINT('Ctrl Pts',(-38.9870024984361,0.445122606096556,47.979998588562));
#4722=CARTESIAN_POINT('Ctrl Pts',(-38.7626237639053,1.27112952978167,47.979998588562));
#4723=CARTESIAN_POINT('Ctrl Pts',(-38.5395269665889,4.274251040447,47.979998588562));
#4724=CARTESIAN_POINT('Ctrl Pts',(-38.5601401096539,5.90518023531003,47.9799985885621));
#4725=CARTESIAN_POINT('Ctrl Pts',(-38.5578689322331,10.0591115107899,47.9799985885621));
#4726=CARTESIAN_POINT('Ctrl Pts',(-38.5354664903053,11.6897780503667,47.979998588562));
#4727=CARTESIAN_POINT('Ctrl Pts',(-38.7557167245303,14.6939968187314,47.979998588562));
#4728=CARTESIAN_POINT('Ctrl Pts',(-38.9799138130343,15.5178119150444,47.979998588562));
#4729=CARTESIAN_POINT('Ctrl Pts',(-39.3327988553091,16.4731620282566,47.979998588562));
#4730=CARTESIAN_POINT('Ctrl Pts',(-39.5149476850004,16.7763367798722,47.979998588562));
#4731=CARTESIAN_POINT('Ctrl Pts',(-39.8509487082292,17.2148023341014,47.979998588562));
#4732=CARTESIAN_POINT('Ctrl Pts',(-40.0561072091239,17.405769220721,47.979998588562));
#4733=CARTESIAN_POINT('Ctrl Pts',(-40.4658515217484,17.643256169677,47.979998588562));
#4734=CARTESIAN_POINT('Ctrl Pts',(-40.7011041321355,17.7490163839501,47.979998588562));
#4735=CARTESIAN_POINT('Ctrl Pts',(-41.4344341284144,17.8858824655753,47.979998588562));
#4736=CARTESIAN_POINT('Ctrl Pts',(-41.8321949276729,17.8729724712722,47.979998588562));
#4737=CARTESIAN_POINT('Ctrl Pts',(-42.5099859090211,17.8011068357272,47.979998588562));
#4738=CARTESIAN_POINT('Ctrl Pts',(-43.1436230032664,17.698934397989,47.979998588562));
#4739=CARTESIAN_POINT('Ctrl Pts',(-46.2478826941251,16.6658191148805,47.979998588562));
#4740=CARTESIAN_POINT('Ctrl Pts',(-48.3649633947079,15.541318635984,47.979998588562));
#4741=CARTESIAN_POINT('Ctrl Pts',(-50.2193418159907,14.7411051260729,47.979998588562));
#4742=CARTESIAN_POINT('Ctrl Pts',(-77.7801757471362,14.7391574000233,47.979998588562));
#4743=CARTESIAN_POINT('Ctrl Pts',(-78.5969784095774,15.0791428158981,47.979998588562));
#4744=CARTESIAN_POINT('Ctrl Pts',(-78.9484900995151,15.2853620810401,47.979998588562));
#4745=CARTESIAN_POINT('Ctrl Pts',(-81.8840384107285,16.6129365639526,47.979998588562));
#4746=CARTESIAN_POINT('Ctrl Pts',(-82.832839994818,17.0244182856368,47.979998588562));
#4747=CARTESIAN_POINT('Ctrl Pts',(-84.8551453817999,17.6973058010669,47.979998588562));
#4748=CARTESIAN_POINT('Ctrl Pts',(-85.4873665298524,17.8026386165527,47.979998588562));
#4749=CARTESIAN_POINT('Ctrl Pts',(-86.1786794342204,17.8759672648022,47.979998588562));
#4750=CARTESIAN_POINT('Ctrl Pts',(-86.5769527187324,17.8891700669611,47.979998588562));
#4751=CARTESIAN_POINT('Ctrl Pts',(-87.3135040192614,17.7518150838964,47.979998588562));
#4752=CARTESIAN_POINT('Ctrl Pts',(-87.5485380151026,17.6453474026208,47.979998588562));
#4753=CARTESIAN_POINT('Ctrl Pts',(-87.9573019749302,17.4083068572285,47.979998588562));
#4754=CARTESIAN_POINT('Ctrl Pts',(-88.1628907863538,17.2167799231486,47.979998588562));
#4755=CARTESIAN_POINT('Ctrl Pts',(-88.4991220464326,16.7779347496394,47.979998588562));
#4756=CARTESIAN_POINT('Ctrl Pts',(-88.682130274254,16.4739295355469,47.979998588562));
#4757=CARTESIAN_POINT('Ctrl Pts',(-89.0338383780654,15.5220352659178,47.979998588562));
#4758=CARTESIAN_POINT('Ctrl Pts',(-89.2594860446086,14.6994739359388,47.979998588562));
#4759=CARTESIAN_POINT('Ctrl Pts',(-89.4822244513815,11.6957773380776,47.979998588562));
#4760=CARTESIAN_POINT('Ctrl Pts',(-89.4608666822027,10.0654417296256,47.9799985885621));
#4761=CARTESIAN_POINT('Ctrl Pts',(-89.4586001795518,5.89903510794188,47.9799985885621));
#4762=CARTESIAN_POINT('Ctrl Pts',(-89.4781761126911,4.26856067478978,47.979998588562));
#4763=CARTESIAN_POINT('Ctrl Pts',(-89.2524129407123,1.26266096343199,47.979998588562));
#4764=CARTESIAN_POINT('Ctrl Pts',(-89.0261145203278,0.438930627207309,47.979998588562));
#4765=CARTESIAN_POINT('Ctrl Pts',(-88.6716134566428,-0.515600025798389,
47.979998588562));
#4766=CARTESIAN_POINT('Ctrl Pts',(-88.4887214777945,-0.818774220163508,
47.979998588562));
#4767=CARTESIAN_POINT('Ctrl Pts',(-88.1518586973296,-1.25695833255791,47.979998588562));
#4768=CARTESIAN_POINT('Ctrl Pts',(-87.9462389237336,-1.44781363677864,47.979998588562));
#4769=CARTESIAN_POINT('Ctrl Pts',(-87.5389472559616,-1.6830692203154,47.979998588562));
#4770=CARTESIAN_POINT('Ctrl Pts',(-87.3040044946321,-1.78962612493192,47.979998588562));
#4771=CARTESIAN_POINT('Ctrl Pts',(-86.5657280777374,-1.92613136398447,47.979998588562));
#4772=CARTESIAN_POINT('Ctrl Pts',(-86.1676529841456,-1.91220004329597,47.979998588562));
#4773=CARTESIAN_POINT('Ctrl Pts',(-85.4905641271655,-1.83915869342586,47.979998588562));
#4774=CARTESIAN_POINT('Ctrl Pts',(-84.8584059317284,-1.73568177766497,47.979998588562));
#4775=CARTESIAN_POINT('Ctrl Pts',(-81.7421614641562,-0.691934620566048,
47.979998588562));
#4776=CARTESIAN_POINT('Ctrl Pts',(-79.6081762870362,0.450313227453944,47.979998588562));
#4777=CARTESIAN_POINT('Ctrl Pts',(-77.7791485471817,1.24120822948294,47.979998588562));
#4778=CARTESIAN_POINT('Origin',(-32.0080030506307,-216.011169173501,47.979998588562));
#4779=CARTESIAN_POINT('Ctrl Pts',(-18.3593642711639,-209.038906097412,47.979998588562));
#4780=CARTESIAN_POINT('Ctrl Pts',(-15.3579072605798,-207.351123147774,47.979998588562));
#4781=CARTESIAN_POINT('Ctrl Pts',(-6.05237688280743,-203.258040254502,47.979998588562));
#4782=CARTESIAN_POINT('Ctrl Pts',(-16.8257618974453,-195.776620476579,47.979998588562));
#4783=CARTESIAN_POINT('Ctrl Pts',(-27.0325605467679,-187.504905903928,47.979998588562));
#4784=CARTESIAN_POINT('Ctrl Pts',(-28.3533711472738,-197.586365043482,47.979998588562));
#4785=CARTESIAN_POINT('Ctrl Pts',(-29.1393661499023,-200.938911437988,47.979998588562));
#4786=CARTESIAN_POINT('Ctrl Pts',(-45.6588533560797,-222.979763270962,47.979998588562));
#4787=CARTESIAN_POINT('Ctrl Pts',(-46.4153177513758,-223.427084032577,47.979998588562));
#4788=CARTESIAN_POINT('Ctrl Pts',(-46.7935763908268,-223.586037071031,47.979998588562));
#4789=CARTESIAN_POINT('Ctrl Pts',(-49.6299449137918,-225.137367304131,47.979998588562));
#4790=CARTESIAN_POINT('Ctrl Pts',(-50.5358301725816,-225.650380521406,47.979998588562));
#4791=CARTESIAN_POINT('Ctrl Pts',(-52.297928647069,-226.866509175489,47.979998588562));
#4792=CARTESIAN_POINT('Ctrl Pts',(-52.7565499959503,-227.304711125893,47.979998588562));
#4793=CARTESIAN_POINT('Ctrl Pts',(-53.2252196326357,-227.806632709871,47.979998588562));
#4794=CARTESIAN_POINT('Ctrl Pts',(-53.4745414748302,-228.115966810188,47.979998588562));
#4795=CARTESIAN_POINT('Ctrl Pts',(-53.8061151471556,-228.783744483054,47.979998588562));
#4796=CARTESIAN_POINT('Ctrl Pts',(-53.8627113427625,-229.034803395471,47.979998588562));
#4797=CARTESIAN_POINT('Ctrl Pts',(-53.9190983060396,-229.50467694466,47.979998588562));
#4798=CARTESIAN_POINT('Ctrl Pts',(-53.8896527329868,-229.783649793793,47.979998588562));
#4799=CARTESIAN_POINT('Ctrl Pts',(-53.7413434317388,-230.315371008282,47.979998588562));
#4800=CARTESIAN_POINT('Ctrl Pts',(-53.6086613751877,-230.643851013163,47.979998588562));
#4801=CARTESIAN_POINT('Ctrl Pts',(-53.0597983159927,-231.497394845173,47.979998588562));
#4802=CARTESIAN_POINT('Ctrl Pts',(-52.5377140666534,-232.173399775479,47.979998588562));
#4803=CARTESIAN_POINT('Ctrl Pts',(-50.2691316215433,-234.159130632813,47.979998588562));
#4804=CARTESIAN_POINT('Ctrl Pts',(-48.9544481721656,-235.121809293335,47.9799985885621));
#4805=CARTESIAN_POINT('Ctrl Pts',(-45.6152224379059,-237.628639819573,47.9799985885621));
#4806=CARTESIAN_POINT('Ctrl Pts',(-44.3244771172063,-238.621915581479,47.979998588562));
#4807=CARTESIAN_POINT('Ctrl Pts',(-41.7862473856212,-240.245002240197,47.979998588562));
#4808=CARTESIAN_POINT('Ctrl Pts',(-40.9911997107258,-240.558538253672,47.979998588562));
#4809=CARTESIAN_POINT('Ctrl Pts',(-40.0143921333163,-240.848064168795,47.979998588562));
#4810=CARTESIAN_POINT('Ctrl Pts',(-39.6620016800261,-240.88387530434,47.979998588562));
#4811=CARTESIAN_POINT('Ctrl Pts',(-39.1085972285154,-240.877421824676,47.979998588562));
#4812=CARTESIAN_POINT('Ctrl Pts',(-38.8323301792693,-240.827442183792,47.979998588562));
#4813=CARTESIAN_POINT('Ctrl Pts',(-38.3961936779643,-240.641347533389,47.979998588562));
#4814=CARTESIAN_POINT('Ctrl Pts',(-38.1701559308921,-240.516139594273,47.979998588562));
#4815=CARTESIAN_POINT('Ctrl Pts',(-37.6203717181058,-240.009924628535,47.979998588562));
#4816=CARTESIAN_POINT('Ctrl Pts',(-37.3924201932169,-239.683284651858,47.979998588562));
#4817=CARTESIAN_POINT('Ctrl Pts',(-37.0455668611914,-239.099669157866,47.979998588562));
#4818=CARTESIAN_POINT('Ctrl Pts',(-36.7482548556649,-238.532485154261,47.979998588562));
#4819=CARTESIAN_POINT('Ctrl Pts',(-35.7102312396749,-235.405941208948,47.979998588562));
#4820=CARTESIAN_POINT('Ctrl Pts',(-35.3431341503223,-233.010898649501,47.979998588562));
#4821=CARTESIAN_POINT('Ctrl Pts',(-34.8793636425902,-231.078878144493,47.979998588562));
#4822=CARTESIAN_POINT('Origin',(-64.0061862360348,-152.012081362984,47.979998588562));
#4823=CARTESIAN_POINT('Ctrl Pts',(-50.2188167358352,-145.278649167292,47.979998588562));
#4824=CARTESIAN_POINT('Ctrl Pts',(-47.0709987340413,-143.891398308474,47.979998588562));
#4825=CARTESIAN_POINT('Ctrl Pts',(-38.2162097352069,-138.912784504351,47.979998588562));
#4826=CARTESIAN_POINT('Ctrl Pts',(-38.7298618138344,-152.012620470652,47.979998588562));
#4827=CARTESIAN_POINT('Ctrl Pts',(-38.2205662207579,-165.123788636852,47.979998588562));
#4828=CARTESIAN_POINT('Ctrl Pts',(-47.0710541235892,-160.145060656812,47.979998588562));
#4829=CARTESIAN_POINT('Ctrl Pts',(-50.2193689346313,-158.758907318115,47.979998588562));
#4830=CARTESIAN_POINT('Ctrl Pts',(-77.779369354248,-158.758907318115,47.979998588562));
#4831=CARTESIAN_POINT('Ctrl Pts',(-80.9325780031618,-160.141577370896,47.979998588562));
#4832=CARTESIAN_POINT('Ctrl Pts',(-89.7885139949019,-165.132382475698,47.979998588562));
#4833=CARTESIAN_POINT('Ctrl Pts',(-89.2937205313143,-152.012597582334,47.979998588562));
#4834=CARTESIAN_POINT('Ctrl Pts',(-89.7928211861198,-138.9041537259,47.979998588562));
#4835=CARTESIAN_POINT('Ctrl Pts',(-80.932372719739,-143.895022483537,47.979998588562));
#4836=CARTESIAN_POINT('Ctrl Pts',(-77.7796442347366,-145.27877187197,47.979998588562));
#4837=CARTESIAN_POINT('Origin',(-64.0061862360348,-72.0125316489826,47.979998588562));
#4838=CARTESIAN_POINT('Ctrl Pts',(-50.2184924027374,-65.2784933418083,47.979998588562));
#4839=CARTESIAN_POINT('Ctrl Pts',(-47.0812035789149,-63.8667851814992,47.979998588562));
#4840=CARTESIAN_POINT('Ctrl Pts',(-38.215753805,-58.9262315576863,47.979998588562));
#4841=CARTESIAN_POINT('Ctrl Pts',(-38.7303835372909,-72.0060201942325,47.979998588562));
#4842=CARTESIAN_POINT('Ctrl Pts',(-38.2189425640891,-85.1248557303904,47.979998588562));
#4843=CARTESIAN_POINT('Ctrl Pts',(-47.0707387867197,-80.1451648809591,47.979998588562));
#4844=CARTESIAN_POINT('Ctrl Pts',(-50.2193689346313,-78.7588882446289,47.979998588562));
#4845=CARTESIAN_POINT('Ctrl Pts',(-77.779369354248,-78.7588882446289,47.979998588562));
#4846=CARTESIAN_POINT('Ctrl Pts',(-80.9328920231351,-80.1416804354093,47.979998588562));
#4847=CARTESIAN_POINT('Ctrl Pts',(-89.7901319551355,-85.1334574179147,47.979998588562));
#4848=CARTESIAN_POINT('Ctrl Pts',(-89.2931994481687,-72.0060032909132,47.979998588562));
#4849=CARTESIAN_POINT('Ctrl Pts',(-89.7932815454038,-58.9175990765413,47.979998588562));
#4850=CARTESIAN_POINT('Ctrl Pts',(-80.9221388089276,-63.8704142499231,47.979998588562));
#4851=CARTESIAN_POINT('Ctrl Pts',(-77.7799073093781,-65.2786466618186,47.979998588562));
#4852=CARTESIAN_POINT('Origin',(-32.0080030506307,-216.011169173501,31.9800019264221));
#4853=CARTESIAN_POINT('Ctrl Pts',(-18.3593642711639,-209.038906097412,31.9800019264221));
#4854=CARTESIAN_POINT('Ctrl Pts',(-15.3579072605798,-207.351123147774,31.9800019264221));
#4855=CARTESIAN_POINT('Ctrl Pts',(-6.05237688280743,-203.258040254502,31.9800019264221));
#4856=CARTESIAN_POINT('Ctrl Pts',(-16.8257618974453,-195.776620476579,31.9800019264221));
#4857=CARTESIAN_POINT('Ctrl Pts',(-27.0325605467679,-187.504905903928,31.9800019264221));
#4858=CARTESIAN_POINT('Ctrl Pts',(-28.3533711472738,-197.586365043482,31.9800019264221));
#4859=CARTESIAN_POINT('Ctrl Pts',(-29.1393661499023,-200.938911437988,31.9800019264221));
#4860=CARTESIAN_POINT('Ctrl Pts',(-34.8799174339643,-231.078770258702,31.9800019264221));
#4861=CARTESIAN_POINT('Ctrl Pts',(-35.08734982273,-231.888328053248,31.9800019264221));
#4862=CARTESIAN_POINT('Ctrl Pts',(-35.1156170827378,-232.228344390143,31.9800019264221));
#4863=CARTESIAN_POINT('Ctrl Pts',(-35.8327193408462,-235.483199768632,31.9800019264221));
#4864=CARTESIAN_POINT('Ctrl Pts',(-36.0696063927909,-236.489031021855,31.9800019264221));
#4865=CARTESIAN_POINT('Ctrl Pts',(-36.7458792473378,-238.524223905456,31.9800019264221));
#4866=CARTESIAN_POINT('Ctrl Pts',(-37.040392868656,-239.091093046152,31.9800019264221));
#4867=CARTESIAN_POINT('Ctrl Pts',(-37.3917808114106,-239.682280235481,31.9800019264221));
#4868=CARTESIAN_POINT('Ctrl Pts',(-37.6198153303057,-240.009439068259,31.9800019264221));
#4869=CARTESIAN_POINT('Ctrl Pts',(-38.1703351105024,-240.516246481723,31.9800019264221));
#4870=CARTESIAN_POINT('Ctrl Pts',(-38.3963579846014,-240.641427057507,31.9800019264221));
#4871=CARTESIAN_POINT('Ctrl Pts',(-38.8324697369573,-240.827485149158,31.9800019264221));
#4872=CARTESIAN_POINT('Ctrl Pts',(-39.1087295513059,-240.877446546386,31.9800019264221));
#4873=CARTESIAN_POINT('Ctrl Pts',(-39.662134692167,-240.883872801469,31.9800019264221));
#4874=CARTESIAN_POINT('Ctrl Pts',(-40.0145091644359,-240.848041204734,31.9800019264221));
#4875=CARTESIAN_POINT('Ctrl Pts',(-40.9912316234964,-240.558518500329,31.9800019264221));
#4876=CARTESIAN_POINT('Ctrl Pts',(-41.7862710817397,-240.244982148599,31.9800019264221));
#4877=CARTESIAN_POINT('Ctrl Pts',(-44.3243029032848,-238.622031750919,31.9800019264221));
#4878=CARTESIAN_POINT('Ctrl Pts',(-45.6148451809106,-237.62892296601,31.980001926422));
#4879=CARTESIAN_POINT('Ctrl Pts',(-48.9547628747049,-235.121573111104,31.980001926422));
#4880=CARTESIAN_POINT('Ctrl Pts',(-50.2691785690937,-234.159079349464,31.9800019264221));
#4881=CARTESIAN_POINT('Ctrl Pts',(-52.5378260882725,-232.173312535743,31.9800019264221));
#4882=CARTESIAN_POINT('Ctrl Pts',(-53.0598936016986,-231.49728176596,31.9800019264221));
#4883=CARTESIAN_POINT('Ctrl Pts',(-53.5242257889091,-230.775131549745,31.9800019264221));
#4884=CARTESIAN_POINT('Ctrl Pts',(-53.7079479052006,-230.435174977646,31.9800019264221));
#4885=CARTESIAN_POINT('Ctrl Pts',(-53.889675565358,-229.783441063279,31.9800019264221));
#4886=CARTESIAN_POINT('Ctrl Pts',(-53.9190957825006,-229.504460575402,31.9800019264221));
#4887=CARTESIAN_POINT('Ctrl Pts',(-53.8626607326501,-229.034512871103,31.9800019264221));
#4888=CARTESIAN_POINT('Ctrl Pts',(-53.8060193753926,-228.783443560559,31.9800019264221));
#4889=CARTESIAN_POINT('Ctrl Pts',(-53.4738352183171,-228.114613429352,31.9800019264221));
#4890=CARTESIAN_POINT('Ctrl Pts',(-53.2239038502488,-227.805259508511,31.9800019264221));
#4891=CARTESIAN_POINT('Ctrl Pts',(-52.7575861498983,-227.305922314959,31.9800019264221));
#4892=CARTESIAN_POINT('Ctrl Pts',(-52.2964596231819,-226.86510020697,31.9800019264221));
#4893=CARTESIAN_POINT('Ctrl Pts',(-50.5982627856204,-225.693674896942,31.9800019264221));
#4894=CARTESIAN_POINT('Ctrl Pts',(-49.715523531873,-225.181403740011,31.9800019264221));
#4895=CARTESIAN_POINT('Ctrl Pts',(-47.3807253175794,-223.909082854231,31.9800019264221));
#4896=CARTESIAN_POINT('Ctrl Pts',(-46.5398758413703,-223.48408615464,31.9800019264221));
#4897=CARTESIAN_POINT('Ctrl Pts',(-45.6593204863281,-222.978872724878,31.9800019264221));
#4898=CARTESIAN_POINT('Origin',(-64.0061862360348,-152.012081362984,31.9800019264221));
#4899=CARTESIAN_POINT('Ctrl Pts',(-50.2188291530842,-145.2786546396,31.9800019264221));
#4900=CARTESIAN_POINT('Ctrl Pts',(-47.0710103769213,-143.891404854698,31.9800019264221));
#4901=CARTESIAN_POINT('Ctrl Pts',(-38.2162095100809,-138.91277876289,31.9800019264221));
#4902=CARTESIAN_POINT('Ctrl Pts',(-38.7298618138344,-152.012620470652,31.9800019264221));
#4903=CARTESIAN_POINT('Ctrl Pts',(-38.2205662207579,-165.123788636852,31.9800019264221));
#4904=CARTESIAN_POINT('Ctrl Pts',(-47.0710541235892,-160.145060656812,31.9800019264221));
#4905=CARTESIAN_POINT('Ctrl Pts',(-50.2193689346313,-158.758907318115,31.9800019264221));
#4906=CARTESIAN_POINT('Ctrl Pts',(-77.779369354248,-158.758907318115,31.9800019264221));
#4907=CARTESIAN_POINT('Ctrl Pts',(-80.9325780031618,-160.141577370896,31.9800019264221));
#4908=CARTESIAN_POINT('Ctrl Pts',(-89.7885139949019,-165.132382475698,31.9800019264221));
#4909=CARTESIAN_POINT('Ctrl Pts',(-89.2937205313144,-152.012597582334,31.9800019264221));
#4910=CARTESIAN_POINT('Ctrl Pts',(-89.7928211688663,-138.904154179051,31.9800019264221));
#4911=CARTESIAN_POINT('Ctrl Pts',(-80.9323736386434,-143.895021965941,31.9800019264221));
#4912=CARTESIAN_POINT('Ctrl Pts',(-77.7796452156457,-145.278771441444,31.9800019264221));
#4913=CARTESIAN_POINT('Origin',(-64.0061862360348,-72.0125316489826,31.9800019264221));
#4914=CARTESIAN_POINT('Ctrl Pts',(-50.2184978779204,-65.2784958055148,31.9800019264221));
#4915=CARTESIAN_POINT('Ctrl Pts',(-47.0812087359917,-63.8667880554448,31.9800019264221));
#4916=CARTESIAN_POINT('Ctrl Pts',(-38.215753705214,-58.9262290215331,31.9800019264221));
#4917=CARTESIAN_POINT('Ctrl Pts',(-38.7303835372909,-72.0060201942324,31.9800019264221));
#4918=CARTESIAN_POINT('Ctrl Pts',(-38.2189425640891,-85.1248557303904,31.9800019264221));
#4919=CARTESIAN_POINT('Ctrl Pts',(-47.0707387867197,-80.1451648809592,31.9800019264221));
#4920=CARTESIAN_POINT('Ctrl Pts',(-50.2193689346313,-78.7588882446289,31.9800019264221));
#4921=CARTESIAN_POINT('Ctrl Pts',(-77.779369354248,-78.7588882446289,31.9800019264221));
#4922=CARTESIAN_POINT('Ctrl Pts',(-80.9328920231351,-80.1416804354093,31.9800019264221));
#4923=CARTESIAN_POINT('Ctrl Pts',(-89.7901319551355,-85.1334574179147,31.9800019264221));
#4924=CARTESIAN_POINT('Ctrl Pts',(-89.2931994481687,-72.0060032909132,31.9800019264221));
#4925=CARTESIAN_POINT('Ctrl Pts',(-89.7932815445323,-58.9175990993524,31.9800019264221));
#4926=CARTESIAN_POINT('Ctrl Pts',(-80.922138855311,-63.870414224027,31.9800019264221));
#4927=CARTESIAN_POINT('Ctrl Pts',(-77.7799073586677,-65.2786466397289,31.9800019264221));
#4928=CARTESIAN_POINT('Origin',(-64.0061862360348,7.98974101008339,31.9800019264221));
#4929=CARTESIAN_POINT('Ctrl Pts',(-50.2193379356804,14.74110883,31.9800019264221));
#4930=CARTESIAN_POINT('Ctrl Pts',(-47.0670155753202,16.1165368647775,31.9800019264221));
#4931=CARTESIAN_POINT('Ctrl Pts',(-38.2086423284264,21.080745945639,31.9800019264221));
#4932=CARTESIAN_POINT('Ctrl Pts',(-38.7311301400436,7.98382015131069,31.9800019264221));
#4933=CARTESIAN_POINT('Ctrl Pts',(-38.2229878044105,-5.12434485489718,31.9800019264221));
#4934=CARTESIAN_POINT('Ctrl Pts',(-47.071638739776,-0.144795159824193,31.9800019264221));
#4935=CARTESIAN_POINT('Ctrl Pts',(-50.2193689346313,1.24111175537109,31.9800019264221));
#4936=CARTESIAN_POINT('Ctrl Pts',(-77.7798958900878,1.26086758796216,31.9800019264221));
#4937=CARTESIAN_POINT('Ctrl Pts',(-80.9280161778341,-0.133335775972471,
31.9800019264221));
#4938=CARTESIAN_POINT('Ctrl Pts',(-89.7785001320944,-5.1393536324298,31.9800019264221));
#4939=CARTESIAN_POINT('Ctrl Pts',(-89.2937418868218,7.97992676296569,31.9800019264221));
#4940=CARTESIAN_POINT('Ctrl Pts',(-89.8028265441564,21.0888608752421,31.9800019264221));
#4941=CARTESIAN_POINT('Ctrl Pts',(-80.9371517257483,16.1133034721259,31.9800019264221));
#4942=CARTESIAN_POINT('Ctrl Pts',(-77.779369354248,14.7410953044891,31.9800019264221));
#4943=CARTESIAN_POINT('Origin',(-64.0061862360348,87.9874749617143,31.9800019264221));
#4944=CARTESIAN_POINT('Ctrl Pts',(-50.21871823839,94.7213942493724,31.9800019264221));
#4945=CARTESIAN_POINT('Ctrl Pts',(-47.0709192682174,96.1086887252642,31.9800019264221));
#4946=CARTESIAN_POINT('Ctrl Pts',(-38.2162113918349,101.087179347512,31.9800019264221));
#4947=CARTESIAN_POINT('Ctrl Pts',(-38.7298626055657,87.987407625011,31.9800019264221));
#4948=CARTESIAN_POINT('Ctrl Pts',(-38.2205631820576,74.8761798984967,31.9800019264221));
#4949=CARTESIAN_POINT('Ctrl Pts',(-47.0710363172698,79.8549930010487,31.9800019264221));
#4950=CARTESIAN_POINT('Ctrl Pts',(-50.2193689346313,81.2411117553711,31.9800019264221));
#4951=CARTESIAN_POINT('Ctrl Pts',(-77.779369354248,81.2411117553711,31.9800019264221));
#4952=CARTESIAN_POINT('Ctrl Pts',(-80.9325957706602,79.8584763472419,31.9800019264221));
#4953=CARTESIAN_POINT('Ctrl Pts',(-89.7885170299088,74.8675860001207,31.9800019264221));
#4954=CARTESIAN_POINT('Ctrl Pts',(-89.2937197351389,87.9874304955689,31.9800019264221));
#4955=CARTESIAN_POINT('Ctrl Pts',(-89.7928191861588,101.095799147298,31.9800019264221));
#4956=CARTESIAN_POINT('Ctrl Pts',(-80.9324744208741,96.1050771586116,31.9800019264221));
#4957=CARTESIAN_POINT('Ctrl Pts',(-77.7797665037356,94.7212817979579,31.9800019264221));
#4958=CARTESIAN_POINT('Origin',(-64.0061862360348,167.988841750405,31.9800019264221));
#4959=CARTESIAN_POINT('Ctrl Pts',(-50.2185020368639,174.721497555658,31.9800019264221));
#4960=CARTESIAN_POINT('Ctrl Pts',(-47.0823296457081,176.132706156762,31.9800019264221));
#4961=CARTESIAN_POINT('Ctrl Pts',(-38.2209551272304,181.076533343553,31.9800019264221));
#4962=CARTESIAN_POINT('Ctrl Pts',(-38.7310974350316,167.994863941274,31.9800019264221));
#4963=CARTESIAN_POINT('Ctrl Pts',(-38.2108657623875,154.912538579139,31.9800019264221));
#4964=CARTESIAN_POINT('Ctrl Pts',(-47.0780129857263,159.841432819561,31.9800019264221));
#4965=CARTESIAN_POINT('Ctrl Pts',(-50.2193689346313,161.241111755371,31.9800019264221));
#4966=CARTESIAN_POINT('Ctrl Pts',(-77.779369354248,161.241111755371,31.9800019264221));
#4967=CARTESIAN_POINT('Ctrl Pts',(-80.9256255052614,159.844878332046,31.9800019264221));
#4968=CARTESIAN_POINT('Ctrl Pts',(-89.7981434873509,154.904026475977,31.9800019264221));
#4969=CARTESIAN_POINT('Ctrl Pts',(-89.2925047906703,167.994861972921,31.9800019264221));
#4970=CARTESIAN_POINT('Ctrl Pts',(-89.7880682734923,181.085147241297,31.9800019264221));
#4971=CARTESIAN_POINT('Ctrl Pts',(-80.9210214287944,176.12908379502,31.9800019264221));
#4972=CARTESIAN_POINT('Ctrl Pts',(-77.7799076450247,174.721348720814,31.9800019264221));
#4973=CARTESIAN_POINT('Origin',(-46.5214958555227,-110.036930330797,79.9799966812134));
#4974=CARTESIAN_POINT('Ctrl Pts',(-50.2188157350946,-145.278648726263,79.9799966812134));
#4975=CARTESIAN_POINT('Ctrl Pts',(-47.0709977957102,-143.891397780896,79.9799966812134));
#4976=CARTESIAN_POINT('Ctrl Pts',(-38.2162097533504,-138.912784967071,79.9799966812134));
#4977=CARTESIAN_POINT('Ctrl Pts',(-38.7298618138344,-152.012620470652,79.9799966812134));
#4978=CARTESIAN_POINT('Ctrl Pts',(-38.2205662207579,-165.123788636852,79.9799966812134));
#4979=CARTESIAN_POINT('Ctrl Pts',(-47.0710541235892,-160.145060656812,79.9799966812134));
#4980=CARTESIAN_POINT('Ctrl Pts',(-50.2193689346313,-158.758907318115,79.9799966812134));
#4981=CARTESIAN_POINT('Ctrl Pts',(-77.779369354248,-158.758907318115,79.9799966812134));
#4982=CARTESIAN_POINT('Ctrl Pts',(-80.9325780031618,-160.141577370896,79.9799966812134));
#4983=CARTESIAN_POINT('Ctrl Pts',(-89.7885139949019,-165.132382475698,79.9799966812134));
#4984=CARTESIAN_POINT('Ctrl Pts',(-89.2937205313144,-152.012597582334,79.9799966812134));
#4985=CARTESIAN_POINT('Ctrl Pts',(-89.7928211688663,-138.904154179051,79.9799966812134));
#4986=CARTESIAN_POINT('Ctrl Pts',(-80.9323736386434,-143.895021965941,79.9799966812134));
#4987=CARTESIAN_POINT('Ctrl Pts',(-77.7796452156457,-145.278771441444,79.9799966812134));
#4988=CARTESIAN_POINT('Ctrl Pts',(-50.2184923528204,-65.2784933193468,79.9799966812134));
#4989=CARTESIAN_POINT('Ctrl Pts',(-47.0812035318981,-63.8667851552976,79.9799966812134));
#4990=CARTESIAN_POINT('Ctrl Pts',(-38.2157538059097,-58.9262315808083,79.9799966812134));
#4991=CARTESIAN_POINT('Ctrl Pts',(-38.7303835372909,-72.0060201942324,79.9799966812134));
#4992=CARTESIAN_POINT('Ctrl Pts',(-38.2189425640891,-85.1248557303904,79.9799966812134));
#4993=CARTESIAN_POINT('Ctrl Pts',(-47.0707387867197,-80.1451648809592,79.9799966812134));
#4994=CARTESIAN_POINT('Ctrl Pts',(-50.2193689346313,-78.7588882446289,79.9799966812134));
#4995=CARTESIAN_POINT('Ctrl Pts',(-77.779369354248,-78.7588882446289,79.9799966812134));
#4996=CARTESIAN_POINT('Ctrl Pts',(-80.9328920231351,-80.1416804354093,79.9799966812134));
#4997=CARTESIAN_POINT('Ctrl Pts',(-89.7901319551355,-85.1334574179147,79.9799966812134));
#4998=CARTESIAN_POINT('Ctrl Pts',(-89.2931994481687,-72.0060032909132,79.9799966812133));
#4999=CARTESIAN_POINT('Ctrl Pts',(-89.7932815445323,-58.9175990993524,79.9799966812134));
#5000=CARTESIAN_POINT('Ctrl Pts',(-80.922138855311,-63.870414224027,79.9799966812134));
#5001=CARTESIAN_POINT('Ctrl Pts',(-77.7799073586677,-65.2786466397289,79.9799966812134));
#5002=CARTESIAN_POINT('Ctrl Pts',(-50.219537970938,14.7415082503193,79.9799966812134));
#5003=CARTESIAN_POINT('Ctrl Pts',(-49.3776381628963,15.0921070028672,79.9799966812134));
#5004=CARTESIAN_POINT('Ctrl Pts',(-48.947485643945,15.333626124128,79.9799966812134));
#5005=CARTESIAN_POINT('Ctrl Pts',(-46.1071308567963,16.6197291350734,79.9799966812134));
#5006=CARTESIAN_POINT('Ctrl Pts',(-45.1637119187476,17.0267960288708,79.9799966812134));
#5007=CARTESIAN_POINT('Ctrl Pts',(-43.1487872274689,17.6969371086613,79.9799966812134));
#5008=CARTESIAN_POINT('Ctrl Pts',(-42.516786700647,17.8004340397165,79.9799966812134));
#5009=CARTESIAN_POINT('Ctrl Pts',(-41.833280275109,17.8728860420612,79.9799966812134));
#5010=CARTESIAN_POINT('Ctrl Pts',(-41.4350997572975,17.8860152509368,79.9799966812134));
#5011=CARTESIAN_POINT('Ctrl Pts',(-40.7010208455342,17.7489684202526,79.9799966812134));
#5012=CARTESIAN_POINT('Ctrl Pts',(-40.4658006575416,17.6432311649304,79.9799966812134));
#5013=CARTESIAN_POINT('Ctrl Pts',(-40.0560422594615,17.4057180893199,79.9799966812134));
#5014=CARTESIAN_POINT('Ctrl Pts',(-39.8508970047816,17.214746706373,79.9799966812134));
#5015=CARTESIAN_POINT('Ctrl Pts',(-39.5149371803465,16.7763089405345,79.9799966812134));
#5016=CARTESIAN_POINT('Ctrl Pts',(-39.3327806679885,16.4731294928163,79.9799966812134));
#5017=CARTESIAN_POINT('Ctrl Pts',(-38.9799236088061,15.5178186436425,79.9799966812134));
#5018=CARTESIAN_POINT('Ctrl Pts',(-38.7557227459365,14.69402069973,79.9799966812134));
#5019=CARTESIAN_POINT('Ctrl Pts',(-38.5354623996424,11.6897780757487,79.9799966812134));
#5020=CARTESIAN_POINT('Ctrl Pts',(-38.5578689996983,10.059017418286,79.9799966812133));
#5021=CARTESIAN_POINT('Ctrl Pts',(-38.5601399595562,5.90541339845174,79.9799966812133));
#5022=CARTESIAN_POINT('Ctrl Pts',(-38.5395253976637,4.27445224939643,79.9799966812134));
#5023=CARTESIAN_POINT('Ctrl Pts',(-38.76259984363,1.27126051037585,79.9799966812134));
#5024=CARTESIAN_POINT('Ctrl Pts',(-38.9869786626275,0.445105187020474,79.9799966812134));
#5025=CARTESIAN_POINT('Ctrl Pts',(-39.343145990494,-0.514385454553943,79.9799966812134));
#5026=CARTESIAN_POINT('Ctrl Pts',(-39.5250452477205,-0.816729806793925,
79.9799966812134));
#5027=CARTESIAN_POINT('Ctrl Pts',(-39.8617344131575,-1.25472653728881,79.9799966812134));
#5028=CARTESIAN_POINT('Ctrl Pts',(-40.0668992474614,-1.44504432270263,79.9799966812134));
#5029=CARTESIAN_POINT('Ctrl Pts',(-40.47528225741,-1.6808745377147,79.9799966812134));
#5030=CARTESIAN_POINT('Ctrl Pts',(-40.7105663438477,-1.7867363458174,79.9799966812134));
#5031=CARTESIAN_POINT('Ctrl Pts',(-41.4454965050957,-1.92285258663743,79.9799966812134));
#5032=CARTESIAN_POINT('Ctrl Pts',(-41.8430997774901,-1.90922995726466,79.9799966812134));
#5033=CARTESIAN_POINT('Ctrl Pts',(-42.5204768223668,-1.83624727111474,79.9799966812134));
#5034=CARTESIAN_POINT('Ctrl Pts',(-43.1530618580249,-1.73268714763538,79.9799966812134));
#5035=CARTESIAN_POINT('Ctrl Pts',(-45.110162696276,-1.0776455260099,79.9799966812134));
#5036=CARTESIAN_POINT('Ctrl Pts',(-46.0417489042484,-0.682818002741733,
79.9799966812134));
#5037=CARTESIAN_POINT('Ctrl Pts',(-48.5044032370516,0.443033651600545,79.9799966812134));
#5038=CARTESIAN_POINT('Ctrl Pts',(-49.3141393492913,0.848772282231804,79.9799966812134));
#5039=CARTESIAN_POINT('Ctrl Pts',(-50.2194814704879,1.24116214480121,79.9799966812134));
#5040=CARTESIAN_POINT('Ctrl Pts',(-77.7768615092436,1.25489983345761,79.9799966812134));
#5041=CARTESIAN_POINT('Ctrl Pts',(-78.6335444555302,0.900192666084574,79.9799966812134));
#5042=CARTESIAN_POINT('Ctrl Pts',(-79.0952139390728,0.640035500989563,79.9799966812134));
#5043=CARTESIAN_POINT('Ctrl Pts',(-81.9053415701623,-0.64834553455877,79.9799966812134));
#5044=CARTESIAN_POINT('Ctrl Pts',(-82.8567461910112,-1.06245827382251,79.9799966812134));
#5045=CARTESIAN_POINT('Ctrl Pts',(-84.8679540273638,-1.73708833637675,79.9799966812134));
#5046=CARTESIAN_POINT('Ctrl Pts',(-85.4929680371208,-1.83989295762447,79.9799966812134));
#5047=CARTESIAN_POINT('Ctrl Pts',(-86.1680298861631,-1.91266046467221,79.9799966812134));
#5048=CARTESIAN_POINT('Ctrl Pts',(-86.565355916454,-1.92701956493042,79.9799966812134));
#5049=CARTESIAN_POINT('Ctrl Pts',(-87.3013952137344,-1.79064626511332,79.9799966812134));
#5050=CARTESIAN_POINT('Ctrl Pts',(-87.5361017543128,-1.68468288376781,79.9799966812134));
#5051=CARTESIAN_POINT('Ctrl Pts',(-87.9445830014977,-1.44825631572013,79.9799966812134));
#5052=CARTESIAN_POINT('Ctrl Pts',(-88.149970253828,-1.25720134755106,79.9799966812134));
#5053=CARTESIAN_POINT('Ctrl Pts',(-88.4863451746636,-0.818977442996832,
79.9799966812134));
#5054=CARTESIAN_POINT('Ctrl Pts',(-88.6690974061632,-0.515723982114238,
79.9799966812134));
#5055=CARTESIAN_POINT('Ctrl Pts',(-89.0225220045059,0.436427446309105,79.9799966812134));
#5056=CARTESIAN_POINT('Ctrl Pts',(-89.2490908365694,1.25898321217612,79.9799966812134));
#5057=CARTESIAN_POINT('Ctrl Pts',(-89.4765100778067,4.26300627428397,79.9799966812134));
#5058=CARTESIAN_POINT('Ctrl Pts',(-89.4578015892081,5.89389531522544,79.9799966812133));
#5059=CARTESIAN_POINT('Ctrl Pts',(-89.4616695742062,10.0620555571158,79.9799966812133));
#5060=CARTESIAN_POINT('Ctrl Pts',(-89.4833919857785,11.6927874055534,79.9799966812134));
#5061=CARTESIAN_POINT('Ctrl Pts',(-89.2612041560099,14.6982517343244,79.9799966812134));
#5062=CARTESIAN_POINT('Ctrl Pts',(-89.0354132952362,15.5211008037049,79.9799966812134));
#5063=CARTESIAN_POINT('Ctrl Pts',(-88.6836266252624,16.4732668043853,79.9799966812134));
#5064=CARTESIAN_POINT('Ctrl Pts',(-88.5004962708394,16.7773481437728,79.9799966812134));
#5065=CARTESIAN_POINT('Ctrl Pts',(-88.1642145102789,17.2161829768951,79.9799966812134));
#5066=CARTESIAN_POINT('Ctrl Pts',(-87.9585515369484,17.4077349158339,79.9799966812134));
#5067=CARTESIAN_POINT('Ctrl Pts',(-87.5495317080211,17.6448726621637,79.9799966812134));
#5068=CARTESIAN_POINT('Ctrl Pts',(-87.3143880991792,17.7513181083148,79.9799966812134));
#5069=CARTESIAN_POINT('Ctrl Pts',(-86.5780958880043,17.8885630854874,79.9799966812134));
#5070=CARTESIAN_POINT('Ctrl Pts',(-86.1798566378064,17.8754718050372,79.9799966812134));
#5071=CARTESIAN_POINT('Ctrl Pts',(-85.4930879615321,17.8026016186856,79.9799966812134));
#5072=CARTESIAN_POINT('Ctrl Pts',(-84.8578745774966,17.6980043838084,79.9799966812134));
#5073=CARTESIAN_POINT('Ctrl Pts',(-81.7658662391822,16.6684929289495,79.9799966812134));
#5074=CARTESIAN_POINT('Ctrl Pts',(-79.6534129913925,15.5476747082741,79.9799966812134));
#5075=CARTESIAN_POINT('Ctrl Pts',(-77.7792804142736,14.7410557826257,79.9799966812134));
#5076=CARTESIAN_POINT('Ctrl Pts',(-50.2187182383901,94.7213942493724,79.9799966812134));
#5077=CARTESIAN_POINT('Ctrl Pts',(-47.0709192682174,96.1086887252642,79.9799966812134));
#5078=CARTESIAN_POINT('Ctrl Pts',(-38.2162113918349,101.087179347512,79.9799966812134));
#5079=CARTESIAN_POINT('Ctrl Pts',(-38.7298626055657,87.987407625011,79.9799966812134));
#5080=CARTESIAN_POINT('Ctrl Pts',(-38.2205631820576,74.8761798984967,79.9799966812134));
#5081=CARTESIAN_POINT('Ctrl Pts',(-47.0710363172698,79.8549930010487,79.9799966812134));
#5082=CARTESIAN_POINT('Ctrl Pts',(-50.2193689346313,81.2411117553711,79.9799966812134));
#5083=CARTESIAN_POINT('Ctrl Pts',(-77.779369354248,81.2411117553711,79.9799966812134));
#5084=CARTESIAN_POINT('Ctrl Pts',(-80.9325957706602,79.8584763472419,79.9799966812134));
#5085=CARTESIAN_POINT('Ctrl Pts',(-89.7885170299088,74.8675860001207,79.9799966812134));
#5086=CARTESIAN_POINT('Ctrl Pts',(-89.2937197351389,87.9874304955689,79.9799966812134));
#5087=CARTESIAN_POINT('Ctrl Pts',(-89.7928191861588,101.095799147298,79.9799966812133));
#5088=CARTESIAN_POINT('Ctrl Pts',(-80.9324744208741,96.1050771586115,79.9799966812134));
#5089=CARTESIAN_POINT('Ctrl Pts',(-77.7797665037356,94.721281797958,79.9799966812134));
#5090=CARTESIAN_POINT('Ctrl Pts',(-50.218502036864,174.721497555657,79.9799966812134));
#5091=CARTESIAN_POINT('Ctrl Pts',(-47.0823296457082,176.132706156762,79.9799966812134));
#5092=CARTESIAN_POINT('Ctrl Pts',(-38.2209551272304,181.076533343553,79.9799966812134));
#5093=CARTESIAN_POINT('Ctrl Pts',(-38.7310974350316,167.994863941274,79.9799966812134));
#5094=CARTESIAN_POINT('Ctrl Pts',(-38.2108657623875,154.912538579139,79.9799966812134));
#5095=CARTESIAN_POINT('Ctrl Pts',(-47.0780129857263,159.841432819561,79.9799966812134));
#5096=CARTESIAN_POINT('Ctrl Pts',(-50.2193689346313,161.241111755371,79.9799966812134));
#5097=CARTESIAN_POINT('Ctrl Pts',(-77.779369354248,161.241111755371,79.9799966812134));
#5098=CARTESIAN_POINT('Ctrl Pts',(-80.9256255052614,159.844878332046,79.9799966812134));
#5099=CARTESIAN_POINT('Ctrl Pts',(-89.7981434873509,154.904026475977,79.9799966812134));
#5100=CARTESIAN_POINT('Ctrl Pts',(-89.2925047906703,167.994861972921,79.9799966812134));
#5101=CARTESIAN_POINT('Ctrl Pts',(-89.7880682734923,181.085147241297,79.9799966812134));
#5102=CARTESIAN_POINT('Ctrl Pts',(-80.9210214287943,176.12908379502,79.9799966812134));
#5103=CARTESIAN_POINT('Ctrl Pts',(-77.7799076450247,174.721348720814,79.9799966812133));
#5104=CARTESIAN_POINT('Ctrl Pts',(-18.3593642711639,-209.038906097412,79.9799966812134));
#5105=CARTESIAN_POINT('Ctrl Pts',(-15.3579072605798,-207.351123147774,79.9799966812134));
#5106=CARTESIAN_POINT('Ctrl Pts',(-6.05237688280743,-203.258040254502,79.9799966812134));
#5107=CARTESIAN_POINT('Ctrl Pts',(-16.8257618974453,-195.776620476579,79.9799966812134));
#5108=CARTESIAN_POINT('Ctrl Pts',(-27.0321155792883,-187.505266511021,79.9799966812134));
#5109=CARTESIAN_POINT('Ctrl Pts',(-28.3531983807975,-197.58504660034,79.9799966812134));
#5110=CARTESIAN_POINT('Ctrl Pts',(-29.1390577658241,-200.937595956846,79.9799966812134));
#5111=CARTESIAN_POINT('Ctrl Pts',(-34.8799177130592,-231.078770186671,79.9799966812134));
#5112=CARTESIAN_POINT('Ctrl Pts',(-35.0873314592042,-231.888245652146,79.9799966812134));
#5113=CARTESIAN_POINT('Ctrl Pts',(-35.1154390913894,-232.227523737764,79.9799966812134));
#5114=CARTESIAN_POINT('Ctrl Pts',(-35.8326665829683,-235.482961579323,79.9799966812134));
#5115=CARTESIAN_POINT('Ctrl Pts',(-36.0695056341285,-236.488628773948,79.9799966812134));
#5116=CARTESIAN_POINT('Ctrl Pts',(-36.7459146732244,-238.524437062399,79.9799966812134));
#5117=CARTESIAN_POINT('Ctrl Pts',(-37.0405156688877,-239.091268408927,79.9799966812134));
#5118=CARTESIAN_POINT('Ctrl Pts',(-37.3915866753443,-239.681972960079,79.9799966812134));
#5119=CARTESIAN_POINT('Ctrl Pts',(-37.6196311522679,-240.009238051013,79.9799966812134));
#5120=CARTESIAN_POINT('Ctrl Pts',(-38.1702020630396,-240.516145946439,79.9799966812134));
#5121=CARTESIAN_POINT('Ctrl Pts',(-38.3961946724659,-240.641343343928,79.9799966812134));
#5122=CARTESIAN_POINT('Ctrl Pts',(-38.8323186580271,-240.827438777812,79.9799966812134));
#5123=CARTESIAN_POINT('Ctrl Pts',(-39.1085668080746,-240.877415504005,79.9799966812134));
#5124=CARTESIAN_POINT('Ctrl Pts',(-39.6618823710147,-240.883875398713,79.9799966812134));
#5125=CARTESIAN_POINT('Ctrl Pts',(-40.0142757079685,-240.848089092698,79.9799966812134));
#5126=CARTESIAN_POINT('Ctrl Pts',(-40.9910360481727,-240.558596259394,79.9799966812134));
#5127=CARTESIAN_POINT('Ctrl Pts',(-41.7861178667557,-240.245084575855,79.9799966812134));
#5128=CARTESIAN_POINT('Ctrl Pts',(-44.3248139320421,-238.621701001866,79.9799966812134));
#5129=CARTESIAN_POINT('Ctrl Pts',(-45.6161123159227,-237.627972818061,79.9799966812133));
#5130=CARTESIAN_POINT('Ctrl Pts',(-48.9537829338065,-235.122307659204,79.9799966812133));
#5131=CARTESIAN_POINT('Ctrl Pts',(-50.2692425128955,-234.159092821629,79.9799966812134));
#5132=CARTESIAN_POINT('Ctrl Pts',(-52.5371607001613,-232.173819410993,79.9799966812134));
#5133=CARTESIAN_POINT('Ctrl Pts',(-53.0590813005965,-231.498259013054,79.9799966812134));
#5134=CARTESIAN_POINT('Ctrl Pts',(-53.6079987428147,-230.645130028054,79.9799966812134));
#5135=CARTESIAN_POINT('Ctrl Pts',(-53.7408812963824,-230.316732946765,79.9799966812134));
#5136=CARTESIAN_POINT('Ctrl Pts',(-53.8895147640347,-229.784762221476,79.9799966812134));
#5137=CARTESIAN_POINT('Ctrl Pts',(-53.9191010195938,-229.505731028418,79.9799966812134));
#5138=CARTESIAN_POINT('Ctrl Pts',(-53.8629721205761,-229.036187940403,79.9799966812134));
#5139=CARTESIAN_POINT('Ctrl Pts',(-53.8066167259613,-228.784964246384,79.9799966812134));
#5140=CARTESIAN_POINT('Ctrl Pts',(-53.4750260649919,-228.116571736826,79.9799966812134));
#5141=CARTESIAN_POINT('Ctrl Pts',(-53.2258735646382,-227.807527134434,79.9799966812134));
#5142=CARTESIAN_POINT('Ctrl Pts',(-52.7565999152112,-227.304666945049,79.9799966812134));
#5143=CARTESIAN_POINT('Ctrl Pts',(-52.2950006587451,-226.864436099401,79.9799966812134));
#5144=CARTESIAN_POINT('Ctrl Pts',(-49.615026011148,-225.014755535673,79.9799966812134));
#5145=CARTESIAN_POINT('Ctrl Pts',(-47.4444122253968,-224.002609323548,79.9799966812134));
#5146=CARTESIAN_POINT('Ctrl Pts',(-45.6598680760138,-222.979188709348,79.9799966812134));
#5147=CARTESIAN_POINT('Origin',(-47.4855693765103,-115.397227673226,-1.13686837721616E-12));
#5148=CARTESIAN_POINT('Ctrl Pts',(-50.2188301488522,-145.278655078437,-1.13686837721616E-12));
#5149=CARTESIAN_POINT('Ctrl Pts',(-47.0710113105918,-143.891405379656,-1.13686837721616E-12));
#5150=CARTESIAN_POINT('Ctrl Pts',(-38.2162094920275,-138.912778302468,-1.13686837721616E-12));
#5151=CARTESIAN_POINT('Ctrl Pts',(-38.7298618138344,-152.012620470652,-1.13686837721616E-12));
#5152=CARTESIAN_POINT('Ctrl Pts',(-38.2205662207579,-165.123788636852,-1.13686837721616E-12));
#5153=CARTESIAN_POINT('Ctrl Pts',(-47.0710541235892,-160.145060656812,-1.13686837721616E-12));
#5154=CARTESIAN_POINT('Ctrl Pts',(-50.2193689346313,-158.758907318115,-1.13686837721616E-12));
#5155=CARTESIAN_POINT('Ctrl Pts',(-77.779369354248,-158.758907318115,-1.13686837721616E-12));
#5156=CARTESIAN_POINT('Ctrl Pts',(-80.9325780031618,-160.141577370896,-1.13686837721616E-12));
#5157=CARTESIAN_POINT('Ctrl Pts',(-89.7885139949019,-165.132382475698,-1.13686837721616E-12));
#5158=CARTESIAN_POINT('Ctrl Pts',(-89.2937205313143,-152.012597582334,-1.13686837721616E-12));
#5159=CARTESIAN_POINT('Ctrl Pts',(-89.7928211861198,-138.9041537259,-1.13686837721616E-12));
#5160=CARTESIAN_POINT('Ctrl Pts',(-80.932372719739,-143.895022483537,-1.13686837721616E-12));
#5161=CARTESIAN_POINT('Ctrl Pts',(-77.7796442347366,-145.27877187197,-1.13686837721616E-12));
#5162=CARTESIAN_POINT('Ctrl Pts',(-50.218497927761,-65.278495827942,-1.13686837721616E-12));
#5163=CARTESIAN_POINT('Ctrl Pts',(-47.0812087829366,-63.8667880816064,-1.13686837721616E-12));
#5164=CARTESIAN_POINT('Ctrl Pts',(-38.2157537043056,-58.9262289984464,-1.13686837721616E-12));
#5165=CARTESIAN_POINT('Ctrl Pts',(-38.7303835372909,-72.0060201942325,-1.13686837721616E-12));
#5166=CARTESIAN_POINT('Ctrl Pts',(-38.2189425640891,-85.1248557303904,-1.13686837721616E-12));
#5167=CARTESIAN_POINT('Ctrl Pts',(-47.0707387867197,-80.1451648809591,-1.13686837721616E-12));
#5168=CARTESIAN_POINT('Ctrl Pts',(-50.2193689346313,-78.7588882446289,-1.13686837721616E-12));
#5169=CARTESIAN_POINT('Ctrl Pts',(-77.779369354248,-78.7588882446289,-1.13686837721616E-12));
#5170=CARTESIAN_POINT('Ctrl Pts',(-80.9328920231351,-80.1416804354093,-1.13686837721616E-12));
#5171=CARTESIAN_POINT('Ctrl Pts',(-89.7901319551355,-85.1334574179147,-1.13686837721616E-12));
#5172=CARTESIAN_POINT('Ctrl Pts',(-89.2931994481687,-72.0060032909132,-1.13686837721616E-12));
#5173=CARTESIAN_POINT('Ctrl Pts',(-89.7932815454038,-58.9175990765413,-1.13686837721616E-12));
#5174=CARTESIAN_POINT('Ctrl Pts',(-80.9221388089276,-63.8704142499231,-1.13686837721616E-12));
#5175=CARTESIAN_POINT('Ctrl Pts',(-77.7799073093782,-65.2786466618186,-1.13686837721616E-12));
#5176=CARTESIAN_POINT('Ctrl Pts',(-50.2193363661947,14.7411095148014,-1.13686837721616E-12));
#5177=CARTESIAN_POINT('Ctrl Pts',(-47.0670141051802,16.1165376886401,-1.13686837721616E-12));
#5178=CARTESIAN_POINT('Ctrl Pts',(-38.2086423573305,21.0807452211152,-1.13686837721616E-12));
#5179=CARTESIAN_POINT('Ctrl Pts',(-38.7311301400436,7.98382015131068,-1.13686837721616E-12));
#5180=CARTESIAN_POINT('Ctrl Pts',(-38.2229878044105,-5.12434485489718,-1.13686837721616E-12));
#5181=CARTESIAN_POINT('Ctrl Pts',(-47.071638739776,-0.144795159824193,-1.13686837721616E-12));
#5182=CARTESIAN_POINT('Ctrl Pts',(-50.2193689346313,1.24111175537109,-1.13686837721616E-12));
#5183=CARTESIAN_POINT('Ctrl Pts',(-77.7798971528488,1.26086702872503,-1.13686837721616E-12));
#5184=CARTESIAN_POINT('Ctrl Pts',(-80.9280173611576,-0.133336445284786,
-1.13686837721616E-12));
#5185=CARTESIAN_POINT('Ctrl Pts',(-89.7785001104903,-5.13935304774582,-1.13686837721616E-12));
#5186=CARTESIAN_POINT('Ctrl Pts',(-89.2937418868218,7.97992676296571,-1.13686837721616E-12));
#5187=CARTESIAN_POINT('Ctrl Pts',(-89.8028265441563,21.0888608752421,-1.13686837721616E-12));
#5188=CARTESIAN_POINT('Ctrl Pts',(-80.9371517257483,16.1133034721259,-1.13686837721616E-12));
#5189=CARTESIAN_POINT('Ctrl Pts',(-77.779369354248,14.7410953044891,-1.13686837721616E-12));
#5190=CARTESIAN_POINT('Ctrl Pts',(-50.218718283697,94.7213942294047,-1.13686837721616E-12));
#5191=CARTESIAN_POINT('Ctrl Pts',(-47.0709193106985,96.1086887013796,-1.13686837721616E-12));
#5192=CARTESIAN_POINT('Ctrl Pts',(-38.2162113910135,101.08717936846,-1.13686837721616E-12));
#5193=CARTESIAN_POINT('Ctrl Pts',(-38.7298626055657,87.9874076250109,-1.13686837721616E-12));
#5194=CARTESIAN_POINT('Ctrl Pts',(-38.2205631820576,74.8761798984967,-1.13686837721616E-12));
#5195=CARTESIAN_POINT('Ctrl Pts',(-47.0710363172698,79.8549930010487,-1.13686837721616E-12));
#5196=CARTESIAN_POINT('Ctrl Pts',(-50.2193689346313,81.2411117553711,-1.13686837721616E-12));
#5197=CARTESIAN_POINT('Ctrl Pts',(-77.779369354248,81.2411117553711,-1.13686837721616E-12));
#5198=CARTESIAN_POINT('Ctrl Pts',(-80.9325957706602,79.8584763472419,-1.13686837721616E-12));
#5199=CARTESIAN_POINT('Ctrl Pts',(-89.7885170299089,74.8675860001208,-1.13686837721616E-12));
#5200=CARTESIAN_POINT('Ctrl Pts',(-89.293719735139,87.987430495569,-1.13686837721616E-12));
#5201=CARTESIAN_POINT('Ctrl Pts',(-89.792819186947,101.095799168,-1.13686837721616E-12));
#5202=CARTESIAN_POINT('Ctrl Pts',(-80.932474378895,96.1050771349662,-1.13686837721616E-12));
#5203=CARTESIAN_POINT('Ctrl Pts',(-77.7797664589234,94.7212817782888,-1.13686837721616E-12));
#5204=CARTESIAN_POINT('Ctrl Pts',(-50.2185020827993,174.721497534988,-1.13686837721616E-12));
#5205=CARTESIAN_POINT('Ctrl Pts',(-47.0823296889701,176.132706132626,-1.13686837721616E-12));
#5206=CARTESIAN_POINT('Ctrl Pts',(-38.2209551264002,181.076533364841,-1.13686837721616E-12));
#5207=CARTESIAN_POINT('Ctrl Pts',(-38.7310974350316,167.994863941274,-1.13686837721616E-12));
#5208=CARTESIAN_POINT('Ctrl Pts',(-38.2108657623876,154.912538579139,-1.13686837721616E-12));
#5209=CARTESIAN_POINT('Ctrl Pts',(-47.0780129857263,159.841432819561,-1.13686837721616E-12));
#5210=CARTESIAN_POINT('Ctrl Pts',(-50.2193689346313,161.241111755371,-1.13686837721616E-12));
#5211=CARTESIAN_POINT('Ctrl Pts',(-77.779369354248,161.241111755371,-1.13686837721616E-12));
#5212=CARTESIAN_POINT('Ctrl Pts',(-80.9256255052614,159.844878332046,-1.13686837721616E-12));
#5213=CARTESIAN_POINT('Ctrl Pts',(-89.798143487351,154.904026475978,-1.13686837721616E-12));
#5214=CARTESIAN_POINT('Ctrl Pts',(-89.2925047906703,167.994861972921,-1.13686837721616E-12));
#5215=CARTESIAN_POINT('Ctrl Pts',(-89.7880682742896,181.085147262358,-1.13686837721616E-12));
#5216=CARTESIAN_POINT('Ctrl Pts',(-80.9210213859968,176.1290837711,-1.13686837721616E-12));
#5217=CARTESIAN_POINT('Ctrl Pts',(-77.7799075995408,174.72134870043,-1.13686837721616E-12));
#5218=CARTESIAN_POINT('Ctrl Pts',(-18.3593642711639,-209.038906097412,-1.13686837721616E-12));
#5219=CARTESIAN_POINT('Ctrl Pts',(-15.3579072605798,-207.351123147774,-1.13686837721616E-12));
#5220=CARTESIAN_POINT('Ctrl Pts',(-6.05237688280743,-203.258040254502,-1.13686837721616E-12));
#5221=CARTESIAN_POINT('Ctrl Pts',(-16.8257618974453,-195.776620476579,-1.13686837721616E-12));
#5222=CARTESIAN_POINT('Ctrl Pts',(-27.0321155830759,-187.505266507951,-1.13686837721616E-12));
#5223=CARTESIAN_POINT('Ctrl Pts',(-28.3531983822683,-197.585046611562,-1.13686837721616E-12));
#5224=CARTESIAN_POINT('Ctrl Pts',(-29.139057768449,-200.937595968044,-1.13686837721616E-12));
#5225=CARTESIAN_POINT('Ctrl Pts',(-45.6642484809489,-222.970753219134,-1.13768877944755E-12));
#5226=CARTESIAN_POINT('Ctrl Pts',(-46.563914484176,-223.503117140006,-1.13768877944755E-12));
#5227=CARTESIAN_POINT('Ctrl Pts',(-47.2621395610417,-223.844295657444,-1.13741352762101E-12));
#5228=CARTESIAN_POINT('Ctrl Pts',(-49.7142361849923,-225.18088648811,-1.13741352762101E-12));
#5229=CARTESIAN_POINT('Ctrl Pts',(-50.600359218655,-225.694473832905,-1.13553850160765E-12));
#5230=CARTESIAN_POINT('Ctrl Pts',(-52.3063591026431,-226.872680165478,-1.13553850160765E-12));
#5231=CARTESIAN_POINT('Ctrl Pts',(-52.7637098313902,-227.312070315555,-1.13884937552155E-12));
#5232=CARTESIAN_POINT('Ctrl Pts',(-53.2266670684684,-227.808558694409,-1.13884937552155E-12));
#5233=CARTESIAN_POINT('Ctrl Pts',(-53.4757190038246,-228.117546796831,-1.13790039207962E-12));
#5234=CARTESIAN_POINT('Ctrl Pts',(-53.8067961017653,-228.785689287741,-1.1379003872415E-12));
#5235=CARTESIAN_POINT('Ctrl Pts',(-53.8631678775589,-229.036852783007,-1.13593105055673E-12));
#5236=CARTESIAN_POINT('Ctrl Pts',(-53.9190798888904,-229.507060545892,-1.13593105055673E-12));
#5237=CARTESIAN_POINT('Ctrl Pts',(-53.8892902237911,-229.786173155359,-1.13614579881985E-12));
#5238=CARTESIAN_POINT('Ctrl Pts',(-53.7067851114145,-230.43793467253,-1.13614579881985E-12));
#5239=CARTESIAN_POINT('Ctrl Pts',(-53.5227247394538,-230.777884549665,-1.13621568155549E-12));
#5240=CARTESIAN_POINT('Ctrl Pts',(-53.0583178378223,-231.499098470415,-1.1362156812094E-12));
#5241=CARTESIAN_POINT('Ctrl Pts',(-52.5367626141729,-232.174055069183,-1.13813455594703E-12));
#5242=CARTESIAN_POINT('Ctrl Pts',(-50.2699859638996,-234.158546500799,-1.13813455594703E-12));
#5243=CARTESIAN_POINT('Ctrl Pts',(-48.9542663362745,-235.121944752336,-1.01098715174237E-12));
#5244=CARTESIAN_POINT('Ctrl Pts',(-45.6161408055957,-237.627951467736,-1.01098715174237E-12));
#5245=CARTESIAN_POINT('Ctrl Pts',(-44.3248764999846,-238.621651935661,-1.13849615771446E-12));
#5246=CARTESIAN_POINT('Ctrl Pts',(-41.7861601921706,-240.245067082606,-1.1384961968912E-12));
#5247=CARTESIAN_POINT('Ctrl Pts',(-40.9910364736869,-240.558610804147,-1.13646411215418E-12));
#5248=CARTESIAN_POINT('Ctrl Pts',(-40.0141666097069,-240.848107775241,-1.13646409900196E-12));
#5249=CARTESIAN_POINT('Ctrl Pts',(-39.6617804735206,-240.883887314361,-1.13633512936395E-12));
#5250=CARTESIAN_POINT('Ctrl Pts',(-39.1084235323936,-240.877396526238,-1.13633512576516E-12));
#5251=CARTESIAN_POINT('Ctrl Pts',(-38.8321726740133,-240.827397826833,-1.13616068330631E-12));
#5252=CARTESIAN_POINT('Ctrl Pts',(-38.3960783615648,-240.641283889617,-1.13616068330631E-12));
#5253=CARTESIAN_POINT('Ctrl Pts',(-38.1700459403721,-240.516064611345,-1.13494716471333E-12));
#5254=CARTESIAN_POINT('Ctrl Pts',(-37.6202794469749,-240.009810073776,-1.13494715986518E-12));
#5255=CARTESIAN_POINT('Ctrl Pts',(-37.3923249358325,-239.68314951961,-1.13696320255461E-12));
#5256=CARTESIAN_POINT('Ctrl Pts',(-37.0455971217011,-239.09968743483,-1.13696320255461E-12));
#5257=CARTESIAN_POINT('Ctrl Pts',(-36.7482136506176,-238.532479790638,-1.13807009462217E-12));
#5258=CARTESIAN_POINT('Ctrl Pts',(-36.0950102492577,-236.564799612472,-1.13807009462217E-12));
#5259=CARTESIAN_POINT('Ctrl Pts',(-35.8512922088361,-235.580161699069,-1.13517186768714E-12));
#5260=CARTESIAN_POINT('Ctrl Pts',(-35.2749171934335,-232.942119910566,-1.13517185887191E-12));
#5261=CARTESIAN_POINT('Ctrl Pts',(-35.1110515483345,-232.044018547506,-1.13676722986037E-12));
#5262=CARTESIAN_POINT('Ctrl Pts',(-34.8793636696614,-231.078878164068,-1.13676722986037E-12));
#5263=CARTESIAN_POINT('Ctrl Pts',(-50.2192067058343,-145.278821025242,79.9799966812134));
#5264=CARTESIAN_POINT('Ctrl Pts',(-50.219206991119,-145.278821150963,69.3133306503296));
#5265=CARTESIAN_POINT('Ctrl Pts',(-50.2192072764036,-145.278821276685,58.6466646194458));
#5266=CARTESIAN_POINT('Ctrl Pts',(-50.2192075616882,-145.278821402406,47.979998588562));
#5267=CARTESIAN_POINT('Ctrl Pts',(-47.071364394327,-143.891603904969,79.9799966812134));
#5268=CARTESIAN_POINT('Ctrl Pts',(-47.0713647407621,-143.891604076787,69.3133306503296));
#5269=CARTESIAN_POINT('Ctrl Pts',(-47.0713650643805,-143.89160427868,58.6466646194457));
#5270=CARTESIAN_POINT('Ctrl Pts',(-47.0713654108156,-143.891604450497,47.979998588562));
#5271=CARTESIAN_POINT('Ctrl Pts',(-42.6438212589447,-141.402125260553,79.9799966812134));
#5272=CARTESIAN_POINT('Ctrl Pts',(-42.6438215162625,-141.402125355035,69.3133306503295));
#5273=CARTESIAN_POINT('Ctrl Pts',(-42.6438218021428,-141.402125411867,58.6466646194459));
#5274=CARTESIAN_POINT('Ctrl Pts',(-42.6438220594606,-141.402125506349,47.979998588562));
#5275=CARTESIAN_POINT('Ctrl Pts',(-38.3874204319523,-143.279226569636,79.9799966812134));
#5276=CARTESIAN_POINT('Ctrl Pts',(-38.3874204639451,-143.279226347563,69.3133306503296));
#5277=CARTESIAN_POINT('Ctrl Pts',(-38.3874204799938,-143.279226146507,58.6466646194458));
#5278=CARTESIAN_POINT('Ctrl Pts',(-38.3874205119867,-143.279225924433,47.979998588562));
#5279=CARTESIAN_POINT('Ctrl Pts',(-38.5586411248825,-147.645923866545,79.9799966812134));
#5280=CARTESIAN_POINT('Ctrl Pts',(-38.5586411120878,-147.645923645678,69.3133306503296));
#5281=CARTESIAN_POINT('Ctrl Pts',(-38.5586411354409,-147.645923377164,58.6466646194458));
#5282=CARTESIAN_POINT('Ctrl Pts',(-38.5586411226463,-147.645923156298,47.979998588562));
#5283=CARTESIAN_POINT('Ctrl Pts',(-38.5600966084495,-156.383010057424,79.9799966812134));
#5284=CARTESIAN_POINT('Ctrl Pts',(-38.5600966211782,-156.383009882381,69.3133306503296));
#5285=CARTESIAN_POINT('Ctrl Pts',(-38.5600966290712,-156.383009713711,58.6466646194458));
#5286=CARTESIAN_POINT('Ctrl Pts',(-38.5600966417999,-156.383009538667,47.979998588562));
#5287=CARTESIAN_POINT('Ctrl Pts',(-38.2205664212822,-165.12378852405,79.9799966812134));
#5288=CARTESIAN_POINT('Ctrl Pts',(-38.2205663341934,-165.123788558707,69.3133306503296));
#5289=CARTESIAN_POINT('Ctrl Pts',(-38.2205662537535,-165.123788584599,58.6466646194459));
#5290=CARTESIAN_POINT('Ctrl Pts',(-38.2205661666647,-165.123788619256,47.979998588562));
#5291=CARTESIAN_POINT('Ctrl Pts',(-47.0710541235892,-160.145060656812,79.9799966812134));
#5292=CARTESIAN_POINT('Ctrl Pts',(-47.0710540922065,-160.145060677306,69.3133306503296));
#5293=CARTESIAN_POINT('Ctrl Pts',(-47.0710540836409,-160.145060667724,58.6466646194458));
#5294=CARTESIAN_POINT('Ctrl Pts',(-47.0710540522582,-160.145060688218,47.979998588562));
#5295=CARTESIAN_POINT('Ctrl Pts',(-50.2193689346313,-158.758907318115,79.9799966812134));
#5296=CARTESIAN_POINT('Ctrl Pts',(-50.2193689346313,-158.758907318115,69.3133306503296));
#5297=CARTESIAN_POINT('Ctrl Pts',(-50.2193689346313,-158.758907318115,58.6466646194458));
#5298=CARTESIAN_POINT('Ctrl Pts',(-50.2193689346313,-158.758907318115,47.979998588562));
#5299=CARTESIAN_POINT('Ctrl Pts',(-50.2192268716078,-145.278829912054,31.9800019264221));
#5300=CARTESIAN_POINT('Ctrl Pts',(-50.2192271544014,-145.278830036677,21.320001284281));
#5301=CARTESIAN_POINT('Ctrl Pts',(-50.219227437195,-145.278830161301,10.6600006421399));
#5302=CARTESIAN_POINT('Ctrl Pts',(-50.2192277199886,-145.278830285925,-1.13686837721616E-12));
#5303=CARTESIAN_POINT('Ctrl Pts',(-47.0713833035657,-143.891614537094,31.9800019264221));
#5304=CARTESIAN_POINT('Ctrl Pts',(-47.0713836469766,-143.891614707411,21.320001284281));
#5305=CARTESIAN_POINT('Ctrl Pts',(-47.0713839677699,-143.891614907542,10.66000064214));
#5306=CARTESIAN_POINT('Ctrl Pts',(-47.0713843111808,-143.89161507786,-1.13686837721616E-12));
#5307=CARTESIAN_POINT('Ctrl Pts',(-42.6438258061111,-141.402123257858,31.9800019264221));
#5308=CARTESIAN_POINT('Ctrl Pts',(-42.6438260611826,-141.402123351515,21.3200012842811));
#5309=CARTESIAN_POINT('Ctrl Pts',(-42.6438263441417,-141.402123408413,10.6600006421399));
#5310=CARTESIAN_POINT('Ctrl Pts',(-42.6438265992132,-141.40212350207,-1.13686837721616E-12));
#5311=CARTESIAN_POINT('Ctrl Pts',(-38.3874204318506,-143.279226567045,31.9800019264221));
#5312=CARTESIAN_POINT('Ctrl Pts',(-38.3874204635642,-143.279226346911,21.320001284281));
#5313=CARTESIAN_POINT('Ctrl Pts',(-38.3874204789869,-143.27922614825,10.66000064214));
#5314=CARTESIAN_POINT('Ctrl Pts',(-38.3874205107005,-143.279225928115,-1.13686837721616E-12));
#5315=CARTESIAN_POINT('Ctrl Pts',(-38.5586411248143,-147.645923862225,31.9800019264221));
#5316=CARTESIAN_POINT('Ctrl Pts',(-38.5586411121314,-147.645923643287,21.3200012842811));
#5317=CARTESIAN_POINT('Ctrl Pts',(-38.5586411345772,-147.645923378044,10.6600006421399));
#5318=CARTESIAN_POINT('Ctrl Pts',(-38.5586411218942,-147.645923159106,-1.13686837721616E-12));
#5319=CARTESIAN_POINT('Ctrl Pts',(-38.5600966085167,-156.383010055695,31.9800019264221));
#5320=CARTESIAN_POINT('Ctrl Pts',(-38.5600966211342,-156.38300988218,21.320001284281));
#5321=CARTESIAN_POINT('Ctrl Pts',(-38.5600966282802,-156.383009715877,10.66000064214));
#5322=CARTESIAN_POINT('Ctrl Pts',(-38.5600966408977,-156.383009542361,-1.13686837721616E-12));
#5323=CARTESIAN_POINT('Ctrl Pts',(-38.2205664195315,-165.123788525035,31.9800019264221));
#5324=CARTESIAN_POINT('Ctrl Pts',(-38.220566333203,-165.123788559389,21.320001284281));
#5325=CARTESIAN_POINT('Ctrl Pts',(-38.220566252958,-165.123788585724,10.6600006421399));
#5326=CARTESIAN_POINT('Ctrl Pts',(-38.2205661666295,-165.123788620078,-1.13686837721616E-12));
#5327=CARTESIAN_POINT('Ctrl Pts',(-47.0710541235892,-160.145060656812,31.9800019264221));
#5328=CARTESIAN_POINT('Ctrl Pts',(-47.0710540924805,-160.145060677127,21.320001284281));
#5329=CARTESIAN_POINT('Ctrl Pts',(-47.0710540839897,-160.145060667628,10.6600006421399));
#5330=CARTESIAN_POINT('Ctrl Pts',(-47.071054052881,-160.145060687943,-1.13686837721616E-12));
#5331=CARTESIAN_POINT('Ctrl Pts',(-50.2193689346313,-158.758907318115,31.9800019264221));
#5332=CARTESIAN_POINT('Ctrl Pts',(-50.2193689346313,-158.758907318115,21.320001284281));
#5333=CARTESIAN_POINT('Ctrl Pts',(-50.2193689346313,-158.758907318115,10.6600006421399));
#5334=CARTESIAN_POINT('Ctrl Pts',(-50.2193689346313,-158.758907318115,-1.13686837721616E-12));
#5335=CARTESIAN_POINT('Ctrl Pts',(-50.2191522044877,-65.2787902304797,79.9799966812134));
#5336=CARTESIAN_POINT('Ctrl Pts',(-50.2191522180896,-65.2787902366,69.3133306503296));
#5337=CARTESIAN_POINT('Ctrl Pts',(-50.2191522316916,-65.2787902427203,58.6466646194458));
#5338=CARTESIAN_POINT('Ctrl Pts',(-50.2191522452935,-65.2787902488406,47.979998588562));
#5339=CARTESIAN_POINT('Ctrl Pts',(-47.0818250754804,-63.8671315406889,79.9799966812134));
#5340=CARTESIAN_POINT('Ctrl Pts',(-47.0818250920577,-63.8671315488797,69.3133306503296));
#5341=CARTESIAN_POINT('Ctrl Pts',(-47.0818251075432,-63.8671315585108,58.6466646194458));
#5342=CARTESIAN_POINT('Ctrl Pts',(-47.0818251241205,-63.8671315667016,47.979998588562));
#5343=CARTESIAN_POINT('Ctrl Pts',(-42.6488344529899,-61.3965571690478,79.9799966812134));
#5344=CARTESIAN_POINT('Ctrl Pts',(-42.6488344653149,-61.3965571735183,69.3133306503296));
#5345=CARTESIAN_POINT('Ctrl Pts',(-42.6488344789695,-61.3965571762352,58.6466646194458));
#5346=CARTESIAN_POINT('Ctrl Pts',(-42.6488344912946,-61.3965571807057,47.979998588562));
#5347=CARTESIAN_POINT('Ctrl Pts',(-38.3872863993003,-63.2858904288107,79.9799966812134));
#5348=CARTESIAN_POINT('Ctrl Pts',(-38.387286400832,-63.2858904181966,69.3133306503296));
#5349=CARTESIAN_POINT('Ctrl Pts',(-38.3872864015581,-63.2858904086452,58.6466646194458));
#5350=CARTESIAN_POINT('Ctrl Pts',(-38.3872864030899,-63.2858903980311,47.979998588562));
#5351=CARTESIAN_POINT('Ctrl Pts',(-38.5588349683903,-67.6459553280824,79.9799966812134));
#5352=CARTESIAN_POINT('Ctrl Pts',(-38.5588349677778,-67.6459553175289,69.3133306503295));
#5353=CARTESIAN_POINT('Ctrl Pts',(-38.5588349688332,-67.6459553047755,58.6466646194458));
#5354=CARTESIAN_POINT('Ctrl Pts',(-38.5588349682207,-67.645955294222,47.979998588562));
#5355=CARTESIAN_POINT('Ctrl Pts',(-38.5599032125207,-76.378965382431,79.9799966812133));
#5356=CARTESIAN_POINT('Ctrl Pts',(-38.5599032131309,-76.3789653740538,69.3133306503296));
#5357=CARTESIAN_POINT('Ctrl Pts',(-38.5599032134499,-76.3789653660607,58.6466646194458));
#5358=CARTESIAN_POINT('Ctrl Pts',(-38.55990321406,-76.3789653576835,47.979998588562));
#5359=CARTESIAN_POINT('Ctrl Pts',(-38.2189425736832,-85.1248557249931,79.9799966812134));
#5360=CARTESIAN_POINT('Ctrl Pts',(-38.2189425695166,-85.1248557266502,69.3133306503296));
#5361=CARTESIAN_POINT('Ctrl Pts',(-38.2189425656234,-85.1248557279467,58.6466646194458));
#5362=CARTESIAN_POINT('Ctrl Pts',(-38.2189425614568,-85.1248557296038,47.979998588562));
#5363=CARTESIAN_POINT('Ctrl Pts',(-47.0707387867197,-80.1451648809592,79.9799966812134));
#5364=CARTESIAN_POINT('Ctrl Pts',(-47.0707387852182,-80.14516488194,69.3133306503296));
#5365=CARTESIAN_POINT('Ctrl Pts',(-47.0707387848086,-80.1451648814808,58.6466646194458));
#5366=CARTESIAN_POINT('Ctrl Pts',(-47.070738783307,-80.1451648824617,47.979998588562));
#5367=CARTESIAN_POINT('Ctrl Pts',(-50.2193689346313,-78.7588882446289,79.9799966812134));
#5368=CARTESIAN_POINT('Ctrl Pts',(-50.2193689346313,-78.7588882446289,69.3133306503296));
#5369=CARTESIAN_POINT('Ctrl Pts',(-50.2193689346313,-78.7588882446289,58.6466646194458));
#5370=CARTESIAN_POINT('Ctrl Pts',(-50.2193689346313,-78.7588882446289,47.979998588562));
#5371=CARTESIAN_POINT('Ctrl Pts',(-50.2191605197502,-65.2787939719796,31.9800019264221));
#5372=CARTESIAN_POINT('Ctrl Pts',(-50.2191605333139,-65.2787939780827,21.320001284281));
#5373=CARTESIAN_POINT('Ctrl Pts',(-50.2191605468776,-65.2787939841857,10.6600006421399));
#5374=CARTESIAN_POINT('Ctrl Pts',(-50.2191605604412,-65.2787939902888,-1.13686837721616E-12));
#5375=CARTESIAN_POINT('Ctrl Pts',(-47.0818329083693,-63.867135906081,31.9800019264221));
#5376=CARTESIAN_POINT('Ctrl Pts',(-47.0818329249001,-63.8671359142488,21.320001284281));
#5377=CARTESIAN_POINT('Ctrl Pts',(-47.081832940342,-63.8671359238527,10.6600006421399));
#5378=CARTESIAN_POINT('Ctrl Pts',(-47.0818329568727,-63.8671359320205,-1.13686837721616E-12));
#5379=CARTESIAN_POINT('Ctrl Pts',(-42.6488363354979,-61.3965563344892,31.9800019264221));
#5380=CARTESIAN_POINT('Ctrl Pts',(-42.6488363477883,-61.3965563389471,21.3200012842811));
#5381=CARTESIAN_POINT('Ctrl Pts',(-42.6488363613726,-61.3965563416984,10.6600006421399));
#5382=CARTESIAN_POINT('Ctrl Pts',(-42.6488363736629,-61.3965563461563,-1.13686837721616E-12));
#5383=CARTESIAN_POINT('Ctrl Pts',(-38.3872863992988,-63.2858904287709,31.9800019264222));
#5384=CARTESIAN_POINT('Ctrl Pts',(-38.3872864008262,-63.2858904181867,21.3200012842811));
#5385=CARTESIAN_POINT('Ctrl Pts',(-38.3872864015138,-63.2858904087102,10.66000064214));
#5386=CARTESIAN_POINT('Ctrl Pts',(-38.3872864030412,-63.285890398126,-1.13686837721616E-12));
#5387=CARTESIAN_POINT('Ctrl Pts',(-38.5588349683893,-67.645955328016,31.9800019264222));
#5388=CARTESIAN_POINT('Ctrl Pts',(-38.5588349677786,-67.6459553174921,21.3200012842811));
#5389=CARTESIAN_POINT('Ctrl Pts',(-38.5588349687768,-67.6459553048461,10.6600006421399));
#5390=CARTESIAN_POINT('Ctrl Pts',(-38.558834968166,-67.6459552943223,-1.13686837721616E-12));
#5391=CARTESIAN_POINT('Ctrl Pts',(-38.5599032125219,-76.3789653824044,31.9800019264222));
#5392=CARTESIAN_POINT('Ctrl Pts',(-38.5599032131303,-76.3789653740508,21.320001284281));
#5393=CARTESIAN_POINT('Ctrl Pts',(-38.5599032133963,-76.3789653661488,10.66000064214));
#5394=CARTESIAN_POINT('Ctrl Pts',(-38.5599032140048,-76.3789653577952,-1.13686837721616E-12));
#5395=CARTESIAN_POINT('Ctrl Pts',(-38.2189425736563,-85.1248557250083,31.9800019264221));
#5396=CARTESIAN_POINT('Ctrl Pts',(-38.2189425695014,-85.1248557266607,21.3200012842811));
#5397=CARTESIAN_POINT('Ctrl Pts',(-38.2189425655797,-85.1248557280058,10.6600006421399));
#5398=CARTESIAN_POINT('Ctrl Pts',(-38.2189425614248,-85.1248557296582,-1.13686837721616E-12));
#5399=CARTESIAN_POINT('Ctrl Pts',(-47.0707387867197,-80.1451648809592,31.9800019264221));
#5400=CARTESIAN_POINT('Ctrl Pts',(-47.0707387852224,-80.1451648819373,21.320001284281));
#5401=CARTESIAN_POINT('Ctrl Pts',(-47.070738784814,-80.1451648814793,10.66000064214));
#5402=CARTESIAN_POINT('Ctrl Pts',(-47.0707387833166,-80.1451648824575,-1.13686837721616E-12));
#5403=CARTESIAN_POINT('Ctrl Pts',(-50.2193689346313,-78.7588882446289,31.9800019264221));
#5404=CARTESIAN_POINT('Ctrl Pts',(-50.2193689346313,-78.7588882446289,21.320001284281));
#5405=CARTESIAN_POINT('Ctrl Pts',(-50.2193689346313,-78.7588882446289,10.6600006421399));
#5406=CARTESIAN_POINT('Ctrl Pts',(-50.2193689346313,-78.7588882446289,-1.13686837721616E-12));
#5407=CARTESIAN_POINT('Ctrl Pts',(-50.3623272825205,14.6801437744154,47.8507820079863));
#5408=CARTESIAN_POINT('Ctrl Pts',(-50.3705373649123,14.6753893990528,48.2539959781584));
#5409=CARTESIAN_POINT('Ctrl Pts',(-50.3725717407792,14.6753181796459,48.6572086795265));
#5410=CARTESIAN_POINT('Ctrl Pts',(-50.3685190885834,14.6795050886257,49.0604213664023));
#5411=CARTESIAN_POINT('Ctrl Pts',(-50.3629779990397,14.6825406617422,49.8668498669584));
#5412=CARTESIAN_POINT('Ctrl Pts',(-50.3628283765099,14.6820955488661,50.6732776346501));
#5413=CARTESIAN_POINT('Ctrl Pts',(-50.3640941657058,14.681540481795,51.0764920399205));
#5414=CARTESIAN_POINT('Ctrl Pts',(-50.3638157786059,14.6813309471215,52.2861364365281));
#5415=CARTESIAN_POINT('Ctrl Pts',(-50.3598940113351,14.6834538583089,53.4957781347865));
#5416=CARTESIAN_POINT('Ctrl Pts',(-50.3604314694693,14.6828577535677,54.3022066127139));
#5417=CARTESIAN_POINT('Ctrl Pts',(-50.3581503680511,14.683683657673,55.9150681278495));
#5418=CARTESIAN_POINT('Ctrl Pts',(-50.3562757954662,14.6844129669639,57.5279276432359));
#5419=CARTESIAN_POINT('Ctrl Pts',(-50.3555232427798,14.6846305291159,58.3343585069015));
#5420=CARTESIAN_POINT('Ctrl Pts',(-50.3540484079623,14.6852494301029,59.9472202606878));
#5421=CARTESIAN_POINT('Ctrl Pts',(-50.3531592317581,14.6855122781924,61.5600822350933));
#5422=CARTESIAN_POINT('Ctrl Pts',(-50.3528501311807,14.6856953312192,62.3665138910396));
#5423=CARTESIAN_POINT('Ctrl Pts',(-50.3525552870287,14.6857320345141,63.9793767130382));
#5424=CARTESIAN_POINT('Ctrl Pts',(-50.3529109733955,14.6856709080483,65.592239743306));
#5425=CARTESIAN_POINT('Ctrl Pts',(-50.3532501033799,14.6854755212306,66.3986715928112));
#5426=CARTESIAN_POINT('Ctrl Pts',(-50.354198681215,14.685190247279,68.0115341963792));
#5427=CARTESIAN_POINT('Ctrl Pts',(-50.3557283327501,14.6845495138954,69.6243969731728));
#5428=CARTESIAN_POINT('Ctrl Pts',(-50.3565116177482,14.6843321887767,70.4308283960852));
#5429=CARTESIAN_POINT('Ctrl Pts',(-50.3584225578515,14.683556749999,72.0436895163365));
#5430=CARTESIAN_POINT('Ctrl Pts',(-50.3607637175638,14.682770630897,73.6565525716788));
#5431=CARTESIAN_POINT('Ctrl Pts',(-50.3600826723918,14.6829683214537,74.4629836376794));
#5432=CARTESIAN_POINT('Ctrl Pts',(-50.3642901790903,14.6815128734105,75.6726245287025));
#5433=CARTESIAN_POINT('Ctrl Pts',(-50.3644689893762,14.6814406333591,76.8822718737943));
#5434=CARTESIAN_POINT('Ctrl Pts',(-50.3632752758334,14.6821632153686,77.2854859467577));
#5435=CARTESIAN_POINT('Ctrl Pts',(-50.3632190565994,14.6821227160542,78.0919171162647));
#5436=CARTESIAN_POINT('Ctrl Pts',(-50.3689915184361,14.6797070669423,78.8983450176191));
#5437=CARTESIAN_POINT('Ctrl Pts',(-50.3742095890264,14.6784159867322,79.3015460191296));
#5438=CARTESIAN_POINT('Ctrl Pts',(-50.3721708570567,14.678430019191,79.7047614464222));
#5439=CARTESIAN_POINT('Ctrl Pts',(-50.3635837559067,14.6821644153209,80.1079829827966));
#5440=CARTESIAN_POINT('Ctrl Pts',(-49.9076833879842,14.8739898811882,47.8507585650798));
#5441=CARTESIAN_POINT('Ctrl Pts',(-49.913613229787,14.8691316711779,48.2539732411039));
#5442=CARTESIAN_POINT('Ctrl Pts',(-49.9141519670941,14.8679471564646,48.6571871248496));
#5443=CARTESIAN_POINT('Ctrl Pts',(-49.9094646439747,14.869878443246,49.060401617666));
#5444=CARTESIAN_POINT('Ctrl Pts',(-49.9047739721642,14.8699110912594,49.8668326222906));
#5445=CARTESIAN_POINT('Ctrl Pts',(-49.9081038976971,14.8691706287493,50.6732603237488));
#5446=CARTESIAN_POINT('Ctrl Pts',(-49.9111786640262,14.8687109933042,51.0764744383088));
#5447=CARTESIAN_POINT('Ctrl Pts',(-49.91539723798,14.8675341646054,52.2861178777854));
#5448=CARTESIAN_POINT('Ctrl Pts',(-49.9152646221687,14.8675441711894,53.4957620136519));
#5449=CARTESIAN_POINT('Ctrl Pts',(-49.9192328768549,14.8664363228911,54.3021986757145));
#5450=CARTESIAN_POINT('Ctrl Pts',(-49.9231999648619,14.8653719852821,55.9150569000934));
#5451=CARTESIAN_POINT('Ctrl Pts',(-49.927122992957,14.8641351903033,57.527923858294));
#5452=CARTESIAN_POINT('Ctrl Pts',(-49.9290974824082,14.8636305122526,58.3343555848789));
#5453=CARTESIAN_POINT('Ctrl Pts',(-49.9321598580132,14.8625294431415,59.9472205604415));
#5454=CARTESIAN_POINT('Ctrl Pts',(-49.9342590396746,14.8619983749789,61.5600872697654));
#5455=CARTESIAN_POINT('Ctrl Pts',(-49.9348787738178,14.8616487830955,62.3665196706965));
#5456=CARTESIAN_POINT('Ctrl Pts',(-49.9356320303442,14.8615763076172,63.9793860463631));
#5457=CARTESIAN_POINT('Ctrl Pts',(-49.9349358349894,14.861619665099,65.5922526149139));
#5458=CARTESIAN_POINT('Ctrl Pts',(-49.9343436988911,14.8619529161175,66.398685250191));
#5459=CARTESIAN_POINT('Ctrl Pts',(-49.9323007952108,14.8624575312233,68.0115525139332));
#5460=CARTESIAN_POINT('Ctrl Pts',(-49.9292878372647,14.8635251888184,69.6244185191915));
#5461=CARTESIAN_POINT('Ctrl Pts',(-49.9273462834122,14.8640361879266,70.4308507950369));
#5462=CARTESIAN_POINT('Ctrl Pts',(-49.9234538991491,14.8652124891702,72.043719169896));
#5463=CARTESIAN_POINT('Ctrl Pts',(-49.9195129744811,14.8662314990281,73.6565794830182));
#5464=CARTESIAN_POINT('Ctrl Pts',(-49.9155743066361,14.8673638272161,74.4630170798589));
#5465=CARTESIAN_POINT('Ctrl Pts',(-49.9156592975124,14.867201238274,75.6726628881043));
#5466=CARTESIAN_POINT('Ctrl Pts',(-49.9114079234512,14.8682516141041,76.8823089612062));
#5467=CARTESIAN_POINT('Ctrl Pts',(-49.9086356031273,14.8694411941969,77.2855209288186));
#5468=CARTESIAN_POINT('Ctrl Pts',(-49.9053020072635,14.8701868438792,78.0919506713529));
#5469=CARTESIAN_POINT('Ctrl Pts',(-49.9090981176602,14.8680111364924,78.8983903812666));
#5470=CARTESIAN_POINT('Ctrl Pts',(-49.9139018040451,14.8664054191134,79.3016013656067));
#5471=CARTESIAN_POINT('Ctrl Pts',(-49.9126432532039,14.8657822257944,79.7048238199597));
#5472=CARTESIAN_POINT('Ctrl Pts',(-49.9060525136134,14.8689298043365,80.1080483862238));
#5473=CARTESIAN_POINT('Ctrl Pts',(-49.432908017661,15.0870984646804,47.8507294254964));
#5474=CARTESIAN_POINT('Ctrl Pts',(-49.4364459533545,15.082143184015,48.2539449767307));
#5475=CARTESIAN_POINT('Ctrl Pts',(-49.4367385007917,15.0783016231041,48.6571608724518));
#5476=CARTESIAN_POINT('Ctrl Pts',(-49.4341513344477,15.0748319287604,49.0603784024796));
#5477=CARTESIAN_POINT('Ctrl Pts',(-49.4337784256386,15.0690474838775,49.8668124198157));
#5478=CARTESIAN_POINT('Ctrl Pts',(-49.4413216058214,15.0672831329346,50.6732407221516));
#5479=CARTESIAN_POINT('Ctrl Pts',(-49.446127068205,15.0665308747083,51.0764545644737));
#5480=CARTESIAN_POINT('Ctrl Pts',(-49.4556171170977,15.0625300665642,52.286096521178));
#5481=CARTESIAN_POINT('Ctrl Pts',(-49.4603204058828,15.0575458881113,53.4957440911089));
#5482=CARTESIAN_POINT('Ctrl Pts',(-49.4676748726986,15.0550072633803,54.3021905525649));
#5483=CARTESIAN_POINT('Ctrl Pts',(-49.4789432578923,15.0492225916036,55.9150432907508));
#5484=CARTESIAN_POINT('Ctrl Pts',(-49.4896048898501,15.0435394408508,57.527919581486));
#5485=CARTESIAN_POINT('Ctrl Pts',(-49.4947948818935,15.0413839967634,58.3343517213447));
#5486=CARTESIAN_POINT('Ctrl Pts',(-49.5031836968033,15.036659963163,59.9472201823857));
#5487=CARTESIAN_POINT('Ctrl Pts',(-49.5088371675181,15.034460401294,61.5600922311803));
#5488=CARTESIAN_POINT('Ctrl Pts',(-49.5105356091625,15.0330819499908,62.3665251031532));
#5489=CARTESIAN_POINT('Ctrl Pts',(-49.5125619598249,15.0327483255522,63.9793952232428));
#5490=CARTESIAN_POINT('Ctrl Pts',(-49.5105986432022,15.0330755673279,65.5922655007413));
#5491=CARTESIAN_POINT('Ctrl Pts',(-49.5089305377548,15.0344479991596,66.3986986448808));
#5492=CARTESIAN_POINT('Ctrl Pts',(-49.5033412603046,15.0366472459138,68.0115711065828));
#5493=CARTESIAN_POINT('Ctrl Pts',(-49.4950123828725,15.0413679702448,69.6244404913366));
#5494=CARTESIAN_POINT('Ctrl Pts',(-49.4898630078974,15.0435508955619,70.430873165313));
#5495=CARTESIAN_POINT('Ctrl Pts',(-49.4792619634248,15.0492488020955,72.0437503072702));
#5496=CARTESIAN_POINT('Ctrl Pts',(-49.4680117660248,15.0549688307837,73.6566055888759));
#5497=CARTESIAN_POINT('Ctrl Pts',(-49.4610575436713,15.0584438233905,74.4630494775375));
#5498=CARTESIAN_POINT('Ctrl Pts',(-49.4557962667959,15.0620149353907,75.6727028276675));
#5499=CARTESIAN_POINT('Ctrl Pts',(-49.4466115160722,15.0667158940798,76.8823446666338));
#5500=CARTESIAN_POINT('Ctrl Pts',(-49.442436585132,15.0690022984066,77.2855539504964));
#5501=CARTESIAN_POINT('Ctrl Pts',(-49.4356041050442,15.0725156607622,78.0919784479663));
#5502=CARTESIAN_POINT('Ctrl Pts',(-49.4343351662693,15.074304881815,78.8984269989072));
#5503=CARTESIAN_POINT('Ctrl Pts',(-49.4355199133705,15.0743557648361,79.3016544827408));
#5504=CARTESIAN_POINT('Ctrl Pts',(-49.4337972859217,15.0746558623167,79.7048844916428));
#5505=CARTESIAN_POINT('Ctrl Pts',(-49.4293922521677,15.0774081310958,80.1081110766288));
#5506=CARTESIAN_POINT('Ctrl Pts',(-48.9469582228331,15.3178309859168,47.8506954895586));
#5507=CARTESIAN_POINT('Ctrl Pts',(-48.9487512126821,15.3141693545552,48.2539113544963));
#5508=CARTESIAN_POINT('Ctrl Pts',(-48.9506554020584,15.3084150005172,48.6571288622897));
#5509=CARTESIAN_POINT('Ctrl Pts',(-48.9535931908107,15.3006181951324,49.0603484201155));
#5510=CARTESIAN_POINT('Ctrl Pts',(-48.9596557998379,15.288374815316,49.8667851736796));
#5511=CARTESIAN_POINT('Ctrl Pts',(-48.9684749950895,15.2803360299585,50.6732174874379));
#5512=CARTESIAN_POINT('Ctrl Pts',(-48.9734771354179,15.2770638783974,51.0764325896886));
#5513=CARTESIAN_POINT('Ctrl Pts',(-48.9864088749654,15.2663656495575,52.2860784761158));
#5514=CARTESIAN_POINT('Ctrl Pts',(-48.9968645075095,15.2543383045903,53.4957313234579));
#5515=CARTESIAN_POINT('Ctrl Pts',(-49.0062400163303,15.2460552624322,54.3021744199597));
#5516=CARTESIAN_POINT('Ctrl Pts',(-49.0246368386463,15.2295176630185,55.9150377904085));
#5517=CARTESIAN_POINT('Ctrl Pts',(-49.04258482182,15.2148041455918,57.527912802544));
#5518=CARTESIAN_POINT('Ctrl Pts',(-49.0510381729712,15.208335975857,58.3343488758875));
#5519=CARTESIAN_POINT('Ctrl Pts',(-49.0655774129743,15.1973119475818,59.9472205405354));
#5520=CARTESIAN_POINT('Ctrl Pts',(-49.074992019028,15.1906264112313,61.5600951691231));
#5521=CARTESIAN_POINT('Ctrl Pts',(-49.0781567760262,15.188349529437,62.3665307641221));
#5522=CARTESIAN_POINT('Ctrl Pts',(-49.081371180144,15.1861659772299,63.979404384774));
#5523=CARTESIAN_POINT('Ctrl Pts',(-49.0782308519663,15.1883831254214,65.5922781481184));
#5524=CARTESIAN_POINT('Ctrl Pts',(-49.0751030924356,15.1906769318128,66.3987139404077));
#5525=CARTESIAN_POINT('Ctrl Pts',(-49.0657654019925,15.1974048769,68.0115889451118));
#5526=CARTESIAN_POINT('Ctrl Pts',(-49.051306062629,15.2084845252675,69.6244613791309));
#5527=CARTESIAN_POINT('Ctrl Pts',(-49.04290502007,15.2150128764839,70.4308977778603));
#5528=CARTESIAN_POINT('Ctrl Pts',(-49.0250372851895,15.2297964220009,72.0437736454789));
#5529=CARTESIAN_POINT('Ctrl Pts',(-49.0067585789218,15.2465192443017,73.6566383026583));
#5530=CARTESIAN_POINT('Ctrl Pts',(-48.9976038497566,15.2553036737643,74.4630802254237));
#5531=CARTESIAN_POINT('Ctrl Pts',(-48.9869641380906,15.2668276069298,75.6727359337427));
#5532=CARTESIAN_POINT('Ctrl Pts',(-48.9748503960473,15.2794940767414,76.8823769753668));
#5533=CARTESIAN_POINT('Ctrl Pts',(-48.9703626618326,15.2840187279249,77.2855885051574));
#5534=CARTESIAN_POINT('Ctrl Pts',(-48.9622962734684,15.2939038428789,78.0920156400668));
#5535=CARTESIAN_POINT('Ctrl Pts',(-48.9561403956289,15.3059292987937,78.8984533085796));
#5536=CARTESIAN_POINT('Ctrl Pts',(-48.9530908478579,15.3134567882372,79.3016733057074));
#5537=CARTESIAN_POINT('Ctrl Pts',(-48.9504668207441,15.3174298397262,79.7048984446992));
#5538=CARTESIAN_POINT('Ctrl Pts',(-48.9476309974382,15.3184694992965,80.1081261309633));
#5539=CARTESIAN_POINT('Ctrl Pts',(-48.0055931094833,15.7582778272929,47.8506423775745));
#5540=CARTESIAN_POINT('Ctrl Pts',(-48.0055797747031,15.7573785796926,48.2538588191546));
#5541=CARTESIAN_POINT('Ctrl Pts',(-48.005844374182,15.7534366210641,48.6570767187108));
#5542=CARTESIAN_POINT('Ctrl Pts',(-48.007166482235,15.7469001050687,49.0602960554485));
#5543=CARTESIAN_POINT('Ctrl Pts',(-48.0114421792624,15.7324888031371,49.8667344173316));
#5544=CARTESIAN_POINT('Ctrl Pts',(-48.0186447263155,15.7160610922783,50.6731714250361));
#5545=CARTESIAN_POINT('Ctrl Pts',(-48.0229073478119,15.7076050737889,51.0763892674897));
#5546=CARTESIAN_POINT('Ctrl Pts',(-48.0370013451604,15.6800185370884,52.2860433194037));
#5547=CARTESIAN_POINT('Ctrl Pts',(-48.0550371483706,15.6465283031901,53.4957019820053));
#5548=CARTESIAN_POINT('Ctrl Pts',(-48.0694864196417,15.6222734340598,54.3021444979652));
#5549=CARTESIAN_POINT('Ctrl Pts',(-48.101531294753,15.5749342484706,55.9150211885555));
#5550=CARTESIAN_POINT('Ctrl Pts',(-48.1344683686815,15.5336093090053,57.5279009157808));
#5551=CARTESIAN_POINT('Ctrl Pts',(-48.1500130589544,15.5155519100807,58.3343413620219));
#5552=CARTESIAN_POINT('Ctrl Pts',(-48.1772733133272,15.4852611251862,59.9472208889279));
#5553=CARTESIAN_POINT('Ctrl Pts',(-48.1950676304386,15.4669656906557,61.5601018234949));
#5554=CARTESIAN_POINT('Ctrl Pts',(-48.2011173971301,15.4609281082867,62.3665419241265));
#5555=CARTESIAN_POINT('Ctrl Pts',(-48.2071906475332,15.4548958408606,63.9794227620672));
#5556=CARTESIAN_POINT('Ctrl Pts',(-48.2012202268215,15.4610674956272,65.5923036825188));
#5557=CARTESIAN_POINT('Ctrl Pts',(-48.1952232309235,15.4671779079195,66.398743870042));
#5558=CARTESIAN_POINT('Ctrl Pts',(-48.177539314161,15.4856302110901,68.0116250146353));
#5559=CARTESIAN_POINT('Ctrl Pts',(-48.1504086714156,15.5161261479648,69.6245048426555));
#5560=CARTESIAN_POINT('Ctrl Pts',(-48.1349402434641,15.5343151181103,70.4309453496567));
#5561=CARTESIAN_POINT('Ctrl Pts',(-48.102161814958,15.5759235573335,72.0438252819769));
#5562=CARTESIAN_POINT('Ctrl Pts',(-48.0703897887407,15.6238445706826,73.6567014453656));
#5563=CARTESIAN_POINT('Ctrl Pts',(-48.0560755797672,15.648395512444,74.463143476919));
#5564=CARTESIAN_POINT('Ctrl Pts',(-48.0384215143463,15.6827765113437,75.6728001566999));
#5565=CARTESIAN_POINT('Ctrl Pts',(-48.0252152869508,15.7125100339535,76.8824481618285));
#5566=CARTESIAN_POINT('Ctrl Pts',(-48.0212917161908,15.7217892861423,77.2856636474009));
#5567=CARTESIAN_POINT('Ctrl Pts',(-48.0146183665013,15.739503042374,78.0920968473043));
#5568=CARTESIAN_POINT('Ctrl Pts',(-48.0102401993566,15.7536375233722,78.89853689883));
#5569=CARTESIAN_POINT('Ctrl Pts',(-48.0086267355743,15.7594402239255,79.301759369174));
#5570=CARTESIAN_POINT('Ctrl Pts',(-48.0076753703182,15.7616474701991,79.7049846659989));
#5571=CARTESIAN_POINT('Ctrl Pts',(-48.0067890296869,15.7602493247936,80.1082111382019));
#5572=CARTESIAN_POINT('Ctrl Pts',(-47.0697038550648,16.1862221166344,47.8505984540562));
#5573=CARTESIAN_POINT('Ctrl Pts',(-47.0679162437439,16.1890401914169,48.2538151715304));
#5574=CARTESIAN_POINT('Ctrl Pts',(-47.0650998954052,16.1888215668155,48.6570326983734));
#5575=CARTESIAN_POINT('Ctrl Pts',(-47.0614857981542,16.1861754235993,49.0602509739999));
#5576=CARTESIAN_POINT('Ctrl Pts',(-47.057198775204,16.1737489052025,49.8666890358922));
#5577=CARTESIAN_POINT('Ctrl Pts',(-47.05818902145,16.1494425335505,50.6731285876037));
#5578=CARTESIAN_POINT('Ctrl Pts',(-47.0601849466469,16.1346496922393,51.0763484673702));
#5579=CARTESIAN_POINT('Ctrl Pts',(-47.0704385209231,16.0835226385343,52.2860088958997));
#5580=CARTESIAN_POINT('Ctrl Pts',(-47.0931067806963,16.0163018886896,53.4956723326586));
#5581=CARTESIAN_POINT('Ctrl Pts',(-47.1133975134262,15.9682306160103,54.3021163125165));
#5582=CARTESIAN_POINT('Ctrl Pts',(-47.1597182131797,15.8748555413725,55.9150022598441));
#5583=CARTESIAN_POINT('Ctrl Pts',(-47.2091162628125,15.7944909604034,57.5278892808237));
#5584=CARTESIAN_POINT('Ctrl Pts',(-47.2325147838941,15.7596368247543,58.3343331896461));
#5585=CARTESIAN_POINT('Ctrl Pts',(-47.2737517058058,15.7013400919793,59.9472207446261));
#5586=CARTESIAN_POINT('Ctrl Pts',(-47.3008258896597,15.6663993273831,61.560108873405));
#5587=CARTESIAN_POINT('Ctrl Pts',(-47.3100355670069,15.6548607878837,62.3665529652179));
#5588=CARTESIAN_POINT('Ctrl Pts',(-47.3192894311757,15.643383485366,63.9794412638509));
#5589=CARTESIAN_POINT('Ctrl Pts',(-47.310175140752,15.6551417760947,65.5923295584859));
#5590=CARTESIAN_POINT('Ctrl Pts',(-47.3010375598609,15.66682564295,66.3987736443657));
#5591=CARTESIAN_POINT('Ctrl Pts',(-47.2741162342321,15.7020750551894,68.0116617337308));
#5592=CARTESIAN_POINT('Ctrl Pts',(-47.2330648894539,15.7607549050758,69.6245490747074));
#5593=CARTESIAN_POINT('Ctrl Pts',(-47.209771315148,15.7958291065409,70.4309927835984));
#5594=CARTESIAN_POINT('Ctrl Pts',(-47.1606168036744,15.8767166251888,72.0438791788976));
#5595=CARTESIAN_POINT('Ctrl Pts',(-47.1146661513143,15.970932520931,73.6567634532942));
#5596=CARTESIAN_POINT('Ctrl Pts',(-47.094563395506,16.0194347600476,74.4632064978281));
#5597=CARTESIAN_POINT('Ctrl Pts',(-47.072435429068,16.0879439803545,75.6728663972721));
#5598=CARTESIAN_POINT('Ctrl Pts',(-47.0626279049542,16.1401212916525,76.8825242870675));
#5599=CARTESIAN_POINT('Ctrl Pts',(-47.0607456056988,16.1551761910265,77.2857436385591));
#5600=CARTESIAN_POINT('Ctrl Pts',(-47.0597020149821,16.1793106986512,78.0921846102692));
#5601=CARTESIAN_POINT('Ctrl Pts',(-47.0630776934395,16.1894140258307,78.8986321557783));
#5602=CARTESIAN_POINT('Ctrl Pts',(-47.0658655539507,16.1899697676318,79.3018586751674));
#5603=CARTESIAN_POINT('Ctrl Pts',(-47.0679183039318,16.1882136346912,79.7050844268058));
#5604=CARTESIAN_POINT('Ctrl Pts',(-47.0690840703957,16.183740448699,80.1083085768881));
#5605=CARTESIAN_POINT('Ctrl Pts',(-46.5937619730243,16.4001871961221,47.8505756334722));
#5606=CARTESIAN_POINT('Ctrl Pts',(-46.5905043299617,16.4051059757309,48.2537923807599));
#5607=CARTESIAN_POINT('Ctrl Pts',(-46.5869699018762,16.4059135370015,48.6570102030504));
#5608=CARTESIAN_POINT('Ctrl Pts',(-46.5832763942003,16.403226073078,49.0602290464544));
#5609=CARTESIAN_POINT('Ctrl Pts',(-46.5768880752401,16.3895120529217,49.8666679263782));
#5610=CARTESIAN_POINT('Ctrl Pts',(-46.5751421474093,16.360133041907,50.6731085813579));
#5611=CARTESIAN_POINT('Ctrl Pts',(-46.5760253710605,16.3417047496057,51.0763291664971));
#5612=CARTESIAN_POINT('Ctrl Pts',(-46.5843615251475,16.2770200246635,52.2859918975657));
#5613=CARTESIAN_POINT('Ctrl Pts',(-46.6092390740235,16.1904155191849,53.4956577495639));
#5614=CARTESIAN_POINT('Ctrl Pts',(-46.6327382786396,16.1288102653743,54.3021030374157));
#5615=CARTESIAN_POINT('Ctrl Pts',(-46.6867312888321,16.0095426391416,55.9149926966385));
#5616=CARTESIAN_POINT('Ctrl Pts',(-46.7448044775513,15.9075056389478,57.5278835114879));
#5617=CARTESIAN_POINT('Ctrl Pts',(-46.7723055434801,15.8633583327854,58.334329229889));
#5618=CARTESIAN_POINT('Ctrl Pts',(-46.8207988310232,15.7896081102048,59.9472206179999));
#5619=CARTESIAN_POINT('Ctrl Pts',(-46.8526454639556,15.7454871920346,61.5601125178059));
#5620=CARTESIAN_POINT('Ctrl Pts',(-46.8634809151492,15.7309282634497,62.3665584991781));
#5621=CARTESIAN_POINT('Ctrl Pts',(-46.87436459981,15.71643826143,63.979450556096));
#5622=CARTESIAN_POINT('Ctrl Pts',(-46.8636394324358,15.7312849726898,65.5923425655492));
#5623=CARTESIAN_POINT('Ctrl Pts',(-46.8528859402325,15.7460276769409,66.3987884986387));
#5624=CARTESIAN_POINT('Ctrl Pts',(-46.8212137007661,15.7905370789671,68.0116802274263));
#5625=CARTESIAN_POINT('Ctrl Pts',(-46.772932315636,15.8647577545512,69.6245711695411));
#5626=CARTESIAN_POINT('Ctrl Pts',(-46.74555066061,15.9091705823093,70.4310165537523));
#5627=CARTESIAN_POINT('Ctrl Pts',(-46.6877552904445,16.0118313293116,72.0439063915906));
#5628=CARTESIAN_POINT('Ctrl Pts',(-46.6341589641039,16.1320142728635,73.6567940502374));
#5629=CARTESIAN_POINT('Ctrl Pts',(-46.610874494222,16.194118215653,74.4632381496896));
#5630=CARTESIAN_POINT('Ctrl Pts',(-46.586483332679,16.2818799441609,75.6729008362539));
#5631=CARTESIAN_POINT('Ctrl Pts',(-46.5784227725274,16.3471829355504,76.8825624915809));
#5632=CARTESIAN_POINT('Ctrl Pts',(-46.5775827225526,16.3656937157112,77.2857831791026));
#5633=CARTESIAN_POINT('Ctrl Pts',(-46.5791741756741,16.3946306938324,78.0922262463374));
#5634=CARTESIAN_POINT('Ctrl Pts',(-46.5848720620143,16.4065274173402,78.8986728379878));
#5635=CARTESIAN_POINT('Ctrl Pts',(-46.5880788432077,16.4079364585896,79.3018970257593));
#5636=CARTESIAN_POINT('Ctrl Pts',(-46.591041358624,16.405614436569,79.7051213560021));
#5637=CARTESIAN_POINT('Ctrl Pts',(-46.593699413517,16.399084908986,80.1083452481498));
#5638=CARTESIAN_POINT('Ctrl Pts',(-45.6418569382423,16.8156566529692,47.8505337319441));
#5639=CARTESIAN_POINT('Ctrl Pts',(-45.6358697311273,16.8245673412063,48.2537506656772));
#5640=CARTESIAN_POINT('Ctrl Pts',(-45.6293885789847,16.8272931421149,48.656968803634));
#5641=CARTESIAN_POINT('Ctrl Pts',(-45.6222937532214,16.8244046924499,49.0601881337511));
#5642=CARTESIAN_POINT('Ctrl Pts',(-45.6091052334464,16.8058001011033,49.8666282699852));
#5643=CARTESIAN_POINT('Ctrl Pts',(-45.6021831868364,16.7624646303435,50.6730709544802));
#5644=CARTESIAN_POINT('Ctrl Pts',(-45.6012914161453,16.7347967883665,51.0762927872801));
#5645=CARTESIAN_POINT('Ctrl Pts',(-45.6074210338073,16.637151294767,52.2859595953546));
#5646=CARTESIAN_POINT('Ctrl Pts',(-45.6389466874113,16.5065941598798,53.4956298374411));
#5647=CARTESIAN_POINT('Ctrl Pts',(-45.6702203628621,16.4151934947481,54.3020777589909));
#5648=CARTESIAN_POINT('Ctrl Pts',(-45.7418003965694,16.2400136720461,55.9149744106065));
#5649=CARTESIAN_POINT('Ctrl Pts',(-45.8184810784004,16.092326238907,57.5278724970634));
#5650=CARTESIAN_POINT('Ctrl Pts',(-45.8545841833791,16.0287332441324,58.3343217972688));
#5651=CARTESIAN_POINT('Ctrl Pts',(-45.918113116769,15.9227219247619,59.9472206775642));
#5652=CARTESIAN_POINT('Ctrl Pts',(-45.9596728440712,15.8595291642568,61.5601200083021));
#5653=CARTESIAN_POINT('Ctrl Pts',(-45.9737996930652,15.8386844378892,62.3665697413566));
#5654=CARTESIAN_POINT('Ctrl Pts',(-45.9879869606869,15.8179415614602,63.9794692366455));
#5655=CARTESIAN_POINT('Ctrl Pts',(-45.9739947305324,15.839195224028,65.5923686057335));
#5656=CARTESIAN_POINT('Ctrl Pts',(-45.9599686680976,15.8603012746693,66.3988182122646));
#5657=CARTESIAN_POINT('Ctrl Pts',(-45.9186236395038,15.9240405871125,68.0117171357926));
#5658=CARTESIAN_POINT('Ctrl Pts',(-45.8553521880061,16.030682943116,69.6246151786626));
#5659=CARTESIAN_POINT('Ctrl Pts',(-45.8193919804959,16.0946199990745,70.4310639275992));
#5660=CARTESIAN_POINT('Ctrl Pts',(-45.7430402005705,16.2430898506583,72.0439605137087));
#5661=CARTESIAN_POINT('Ctrl Pts',(-45.6718735219485,16.4192393374163,73.6568548793462));
#5662=CARTESIAN_POINT('Ctrl Pts',(-45.6408257980134,16.5111668479063,74.4633014810134));
#5663=CARTESIAN_POINT('Ctrl Pts',(-45.6096595838953,16.6425627160067,75.672969564174));
#5664=CARTESIAN_POINT('Ctrl Pts',(-45.6035807479101,16.740241627405,76.8826372718098));
#5665=CARTESIAN_POINT('Ctrl Pts',(-45.6044363470919,16.7677825229661,77.2858599287779));
#5666=CARTESIAN_POINT('Ctrl Pts',(-45.6111483213104,16.8105002235664,78.0923056726472));
#5667=CARTESIAN_POINT('Ctrl Pts',(-45.6238817467515,16.8278103277921,78.898751676641));
#5668=CARTESIAN_POINT('Ctrl Pts',(-45.630718222887,16.8299511813824,79.3019744345137));
#5669=CARTESIAN_POINT('Ctrl Pts',(-45.6368011109095,16.8261061772122,79.7051975306833));
#5670=CARTESIAN_POINT('Ctrl Pts',(-45.6422909396382,16.8158054847309,80.1084205769234));
#5671=CARTESIAN_POINT('Ctrl Pts',(-44.6756156394476,17.1897977390015,47.8504985204172));
#5672=CARTESIAN_POINT('Ctrl Pts',(-44.6666359871017,17.2023484727178,48.253715742907));
#5673=CARTESIAN_POINT('Ctrl Pts',(-44.6564585599665,17.2057975742378,48.6569340956986));
#5674=CARTESIAN_POINT('Ctrl Pts',(-44.6447644462874,17.2006796540883,49.0601535778465));
#5675=CARTESIAN_POINT('Ctrl Pts',(-44.6250509758118,17.1704599040904,49.8665944896457));
#5676=CARTESIAN_POINT('Ctrl Pts',(-44.616297561964,17.1037953946495,50.6730386141621));
#5677=CARTESIAN_POINT('Ctrl Pts',(-44.6158698859904,17.0620852626244,51.0762613202869));
#5678=CARTESIAN_POINT('Ctrl Pts',(-44.6271487920118,16.9182048709804,52.2859310797805));
#5679=CARTESIAN_POINT('Ctrl Pts',(-44.673041477085,16.7348056784764,53.4956050629617));
#5680=CARTESIAN_POINT('Ctrl Pts',(-44.715928814858,16.6105858731627,54.3020556408806));
#5681=CARTESIAN_POINT('Ctrl Pts',(-44.8106918276462,16.375875425583,55.9149582465915));
#5682=CARTESIAN_POINT('Ctrl Pts',(-44.9082830051161,16.1821438879987,57.5278630298517));
#5683=CARTESIAN_POINT('Ctrl Pts',(-44.9535851143677,16.0991428768661,58.3343157519763));
#5684=CARTESIAN_POINT('Ctrl Pts',(-45.0327684939212,15.9611025869545,59.9472216413746));
#5685=CARTESIAN_POINT('Ctrl Pts',(-45.0840157754351,15.8791114091898,61.5601281361483));
#5686=CARTESIAN_POINT('Ctrl Pts',(-45.1013942432513,15.8520647461885,62.3665814566326));
#5687=CARTESIAN_POINT('Ctrl Pts',(-45.11884259685,15.8251557924242,63.9794881339957));
#5688=CARTESIAN_POINT('Ctrl Pts',(-45.1016194514458,15.8527245949706,65.5923946283567));
#5689=CARTESIAN_POINT('Ctrl Pts',(-45.0843569458115,15.8801061819901,66.3988477662351));
#5690=CARTESIAN_POINT('Ctrl Pts',(-45.0333554058225,15.9627882000808,68.0117536873813));
#5691=CARTESIAN_POINT('Ctrl Pts',(-44.9544578775109,16.1015830515924,69.6246585167927));
#5692=CARTESIAN_POINT('Ctrl Pts',(-44.9093111815485,16.1849810144224,70.4311105760539));
#5693=CARTESIAN_POINT('Ctrl Pts',(-44.8120655434822,16.3795677434218,72.0440136834333));
#5694=CARTESIAN_POINT('Ctrl Pts',(-44.717680664664,16.6151636335643,73.6569142773757));
#5695=CARTESIAN_POINT('Ctrl Pts',(-44.6749837499013,16.7398154989875,74.4633638396446));
#5696=CARTESIAN_POINT('Ctrl Pts',(-44.629317838468,16.9237027263544,75.6730368395399));
#5697=CARTESIAN_POINT('Ctrl Pts',(-44.6179655702461,17.0672672910662,76.8827086852657));
#5698=CARTESIAN_POINT('Ctrl Pts',(-44.618324300657,17.1087529963447,77.2859325478379));
#5699=CARTESIAN_POINT('Ctrl Pts',(-44.6268302264345,17.1746702603999,78.0923801645523));
#5700=CARTESIAN_POINT('Ctrl Pts',(-44.6460435325954,17.2034383930998,78.8988274083266));
#5701=CARTESIAN_POINT('Ctrl Pts',(-44.6574036219625,17.2075968676945,79.3020509962126));
#5702=CARTESIAN_POINT('Ctrl Pts',(-44.6672085331779,17.2030574153368,79.7052740487215));
#5703=CARTESIAN_POINT('Ctrl Pts',(-44.6757990302153,17.1893517775076,80.10849632068));
#5704=CARTESIAN_POINT('Ctrl Pts',(-44.1823197878149,17.3615217354524,47.8504822272692));
#5705=CARTESIAN_POINT('Ctrl Pts',(-44.1714591664791,17.3757623985404,48.2536995856883));
#5706=CARTESIAN_POINT('Ctrl Pts',(-44.1602806617143,17.3792390294516,48.6569180925338));
#5707=CARTESIAN_POINT('Ctrl Pts',(-44.1484659924844,17.3725030960989,49.0601377441103));
#5708=CARTESIAN_POINT('Ctrl Pts',(-44.1282244204471,17.334630189575,49.8665790551454));
#5709=CARTESIAN_POINT('Ctrl Pts',(-44.1203887598231,17.2535714446203,50.6730238006322));
#5710=CARTESIAN_POINT('Ctrl Pts',(-44.1210809236642,17.2034304413524,51.0762468875247));
#5711=CARTESIAN_POINT('Ctrl Pts',(-44.1377620322378,17.0327305103795,52.2859179484578));
#5712=CARTESIAN_POINT('Ctrl Pts',(-44.1935144670261,16.8210440641126,53.4955936369951));
#5713=CARTESIAN_POINT('Ctrl Pts',(-44.243473513964,16.6802319613854,54.3020454610386));
#5714=CARTESIAN_POINT('Ctrl Pts',(-44.3515115932329,16.4159848846365,55.9149508641346));
#5715=CARTESIAN_POINT('Ctrl Pts',(-44.4600940613073,16.2001797116437,57.5278588144227));
#5716=CARTESIAN_POINT('Ctrl Pts',(-44.5100992429044,16.1079252162717,58.3343131781978));
#5717=CARTESIAN_POINT('Ctrl Pts',(-44.5971628923668,15.9546620439129,59.9472224387925));
#5718=CARTESIAN_POINT('Ctrl Pts',(-44.6531608714421,15.8637707595131,61.5601324026127));
#5719=CARTESIAN_POINT('Ctrl Pts',(-44.6721250246188,15.8337852131426,62.3665874694083));
#5720=CARTESIAN_POINT('Ctrl Pts',(-44.6911626619302,15.8039556254755,63.9794976426444));
#5721=CARTESIAN_POINT('Ctrl Pts',(-44.6723628241451,15.8345157542165,65.592407611685));
#5722=CARTESIAN_POINT('Ctrl Pts',(-44.6535208488724,15.8648707297571,66.3988624748559));
#5723=CARTESIAN_POINT('Ctrl Pts',(-44.5977808425587,15.9565187968688,68.0117718052708));
#5724=CARTESIAN_POINT('Ctrl Pts',(-44.5110121672215,16.1105868019125,69.6246799417364));
#5725=CARTESIAN_POINT('Ctrl Pts',(-44.4611655560901,16.2032572241615,70.4311336171858));
#5726=CARTESIAN_POINT('Ctrl Pts',(-44.3529287561386,16.4199331676272,72.044039888687));
#5727=CARTESIAN_POINT('Ctrl Pts',(-44.2452438524342,16.6850023340929,73.6569435036021));
#5728=CARTESIAN_POINT('Ctrl Pts',(-44.195452754712,16.8261850029297,74.4633945187394));
#5729=CARTESIAN_POINT('Ctrl Pts',(-44.1398760781983,17.0382173617114,75.6730697014384));
#5730=CARTESIAN_POINT('Ctrl Pts',(-44.1230704423064,17.2084511701393,76.8827433442814));
#5731=CARTESIAN_POINT('Ctrl Pts',(-44.1222940084451,17.2583213172041,77.2859677385866));
#5732=CARTESIAN_POINT('Ctrl Pts',(-44.1298520797555,17.338538459686,78.0924162800183));
#5733=CARTESIAN_POINT('Ctrl Pts',(-44.149590524181,17.3749253153988,78.8988639749566));
#5734=CARTESIAN_POINT('Ctrl Pts',(-44.1610909923265,17.3807343117632,79.3020875626996));
#5735=CARTESIAN_POINT('Ctrl Pts',(-44.1719281799815,17.3762334341479,79.7053104499524));
#5736=CARTESIAN_POINT('Ctrl Pts',(-44.1824351152835,17.3609162193924,80.1085324704826));
#5737=CARTESIAN_POINT('Ctrl Pts',(-43.1913202917262,17.6738932128369,47.8504520696583));
#5738=CARTESIAN_POINT('Ctrl Pts',(-43.1768950182185,17.6915994998138,48.2536696905046));
#5739=CARTESIAN_POINT('Ctrl Pts',(-43.1629114592149,17.6934339128001,48.6568885357175));
#5740=CARTESIAN_POINT('Ctrl Pts',(-43.1485997571899,17.6797089868431,49.0601086086949));
#5741=CARTESIAN_POINT('Ctrl Pts',(-43.1255868034529,17.6166492501028,49.8665508442921));
#5742=CARTESIAN_POINT('Ctrl Pts',(-43.1230759668122,17.4968219889967,50.672996809899));
#5743=CARTESIAN_POINT('Ctrl Pts',(-43.1289456987202,17.4258021972584,51.076220600219));
#5744=CARTESIAN_POINT('Ctrl Pts',(-43.1653608826039,17.1926823548323,52.2858940439034));
#5745=CARTESIAN_POINT('Ctrl Pts',(-43.2483946532813,16.9238911775884,53.4955728554019));
#5746=CARTESIAN_POINT('Ctrl Pts',(-43.3148943233383,16.7515699411512,54.3020270230597));
#5747=CARTESIAN_POINT('Ctrl Pts',(-43.4526491195603,16.4321844132911,55.9149376441545));
#5748=CARTESIAN_POINT('Ctrl Pts',(-43.5836538072022,16.1764848726859,57.5278515854583));
#5749=CARTESIAN_POINT('Ctrl Pts',(-43.6430148555126,16.0675284092199,58.3343090754215));
#5750=CARTESIAN_POINT('Ctrl Pts',(-43.7455056444375,15.8868393398262,59.9472247762462));
#5751=CARTESIAN_POINT('Ctrl Pts',(-43.8105637365198,15.7799224350701,61.5601414196072));
#5752=CARTESIAN_POINT('Ctrl Pts',(-43.8325373556593,15.7446357272518,62.3665998548572));
#5753=CARTESIAN_POINT('Ctrl Pts',(-43.8545885655365,15.7095409738904,63.9795167856487));
#5754=CARTESIAN_POINT('Ctrl Pts',(-43.8327943288797,15.7454970575552,65.5924334845236));
#5755=CARTESIAN_POINT('Ctrl Pts',(-43.8109521242868,15.7812163236893,66.3988916887142));
#5756=CARTESIAN_POINT('Ctrl Pts',(-43.7461692029906,15.8890075283512,68.0118076252176));
#5757=CARTESIAN_POINT('Ctrl Pts',(-43.6439823182661,16.0705810394659,69.6247221556912));
#5758=CARTESIAN_POINT('Ctrl Pts',(-43.5847809880868,16.1799791244698,70.4311789557179));
#5759=CARTESIAN_POINT('Ctrl Pts',(-43.4541107755021,16.4365518886758,72.0440913303762));
#5760=CARTESIAN_POINT('Ctrl Pts',(-43.3166555266076,16.7566185237227,73.6570006772249));
#5761=CARTESIAN_POINT('Ctrl Pts',(-43.2502831568752,16.9291945374281,74.4634544289106));
#5762=CARTESIAN_POINT('Ctrl Pts',(-43.1673368833477,17.1980691901005,75.673133606739));
#5763=CARTESIAN_POINT('Ctrl Pts',(-43.1307392369127,17.4305239113965,76.8828102192754));
#5764=CARTESIAN_POINT('Ctrl Pts',(-43.1247726690931,17.5012229985837,77.2860354466154));
#5765=CARTESIAN_POINT('Ctrl Pts',(-43.1270102092814,17.6201852814646,78.092485177065));
#5766=CARTESIAN_POINT('Ctrl Pts',(-43.1496126473069,17.6819533107854,78.8989329155841));
#5767=CARTESIAN_POINT('Ctrl Pts',(-43.1636958089747,17.6949426031559,79.3021561200051));
#5768=CARTESIAN_POINT('Ctrl Pts',(-43.1774115318534,17.6922457047895,79.7053786027155));
#5769=CARTESIAN_POINT('Ctrl Pts',(-43.191540622461,17.673583948737,80.1086002547754));
#5770=CARTESIAN_POINT('Ctrl Pts',(-42.1781226141429,17.8630115213854,47.8504276702223));
#5771=CARTESIAN_POINT('Ctrl Pts',(-42.160209563587,17.884935920594,48.2536455565035));
#5772=CARTESIAN_POINT('Ctrl Pts',(-42.1431561199957,17.8801156296587,48.6568646989722));
#5773=CARTESIAN_POINT('Ctrl Pts',(-42.125939759316,17.847869157127,49.0600851056175));
#5774=CARTESIAN_POINT('Ctrl Pts',(-42.1116220530153,17.7393129670571,49.8665281413366));
#5775=CARTESIAN_POINT('Ctrl Pts',(-42.1332682848899,17.5685765580965,50.6729751579426));
#5776=CARTESIAN_POINT('Ctrl Pts',(-42.1530856311755,17.4740135691689,51.0761995405956));
#5777=CARTESIAN_POINT('Ctrl Pts',(-42.2312500937234,17.1768537209916,52.2858749767176));
#5778=CARTESIAN_POINT('Ctrl Pts',(-42.3517942490772,16.8629548328556,53.4955564170121));
#5779=CARTESIAN_POINT('Ctrl Pts',(-42.4373722796733,16.6673564795249,54.3020126105575));
#5780=CARTESIAN_POINT('Ctrl Pts',(-42.6071830988765,16.3083586411838,55.9149277508507));
#5781=CARTESIAN_POINT('Ctrl Pts',(-42.7591167785905,16.0250175629102,57.5278469824176));
#5782=CARTESIAN_POINT('Ctrl Pts',(-42.8268963501596,15.9043768850427,58.3343072662978));
#5783=CARTESIAN_POINT('Ctrl Pts',(-42.9428957768198,15.7044278848491,59.9472287649695));
#5784=CARTESIAN_POINT('Ctrl Pts',(-43.0155448981807,15.5861143375055,61.5601515022528));
#5785=CARTESIAN_POINT('Ctrl Pts',(-43.0400218642355,15.5470315465845,62.366613026362));
#5786=CARTESIAN_POINT('Ctrl Pts',(-43.0645746104822,15.5081728779101,63.9795361736994));
#5787=CARTESIAN_POINT('Ctrl Pts',(-43.040285332197,15.548000436258,65.5924590880866));
#5788=CARTESIAN_POINT('Ctrl Pts',(-43.0159424242004,15.5875664989251,66.3989203801524));
#5789=CARTESIAN_POINT('Ctrl Pts',(-42.9435712815558,15.7068433677914,68.0118424191569));
#5790=CARTESIAN_POINT('Ctrl Pts',(-42.8278683533952,15.9077210229902,69.6247628333591));
#5791=CARTESIAN_POINT('Ctrl Pts',(-42.7602411377576,16.0288097480973,70.4312225017178));
#5792=CARTESIAN_POINT('Ctrl Pts',(-42.6086143830893,16.3129879599879,72.0441404389068));
#5793=CARTESIAN_POINT('Ctrl Pts',(-42.4390497463342,16.6725229304868,73.6570548524239));
#5794=CARTESIAN_POINT('Ctrl Pts',(-42.3535651586698,16.8682741678333,74.4635109815652));
#5795=CARTESIAN_POINT('Ctrl Pts',(-42.2330589739933,17.182077039858,75.6731933585114));
#5796=CARTESIAN_POINT('Ctrl Pts',(-42.1547048816087,17.478474033538,76.8828721218703));
#5797=CARTESIAN_POINT('Ctrl Pts',(-42.1347951455512,17.5726988268154,77.2860979249306));
#5798=CARTESIAN_POINT('Ctrl Pts',(-42.1129017291669,17.7425866653041,78.0925484557399));
#5799=CARTESIAN_POINT('Ctrl Pts',(-42.1268609781678,17.849958360639,78.8989963707147));
#5800=CARTESIAN_POINT('Ctrl Pts',(-42.1438746290265,17.8815320920192,79.302219557331));
#5801=CARTESIAN_POINT('Ctrl Pts',(-42.1607058618775,17.8855840123514,79.7054418722142));
#5802=CARTESIAN_POINT('Ctrl Pts',(-42.1783733058642,17.8628165167235,80.1086632301341));
#5803=CARTESIAN_POINT('Ctrl Pts',(-41.6487916710172,17.9150955672287,47.8504169547564));
#5804=CARTESIAN_POINT('Ctrl Pts',(-41.6285023721584,17.9393296551413,48.2536349712675));
#5805=CARTESIAN_POINT('Ctrl Pts',(-41.6118007633014,17.9298709608802,48.6568542500691));
#5806=CARTESIAN_POINT('Ctrl Pts',(-41.5982023833361,17.8848490977627,49.0600747980811));
#5807=CARTESIAN_POINT('Ctrl Pts',(-41.6000247887325,17.7466806870191,49.8665181822114));
#5808=CARTESIAN_POINT('Ctrl Pts',(-41.6434218819604,17.5479323664563,50.6729656750798));
#5809=CARTESIAN_POINT('Ctrl Pts',(-41.6735487575455,17.4419501903955,51.0761903300247));
#5810=CARTESIAN_POINT('Ctrl Pts',(-41.7800061659473,17.1156484910653,52.2858666815484));
#5811=CARTESIAN_POINT('Ctrl Pts',(-41.9205828409217,16.785482576155,53.495549331331));
#5812=CARTESIAN_POINT('Ctrl Pts',(-42.0158886815217,16.5814608199039,54.3020064581412));
#5813=CARTESIAN_POINT('Ctrl Pts',(-42.2013717801419,16.208428563095,55.9149236919481));
#5814=CARTESIAN_POINT('Ctrl Pts',(-42.3628181905445,15.9152683324766,57.5278453929253));
#5815=CARTESIAN_POINT('Ctrl Pts',(-42.4343687473541,15.7903922618439,58.3343069862147));
#5816=CARTESIAN_POINT('Ctrl Pts',(-42.5563360377187,15.5833882495241,59.9472312130502));
#5817=CARTESIAN_POINT('Ctrl Pts',(-42.6322687023578,15.4608052291522,61.5601568351097));
#5818=CARTESIAN_POINT('Ctrl Pts',(-42.6578258335543,15.4202891644313,62.3666198250801));
#5819=CARTESIAN_POINT('Ctrl Pts',(-42.6834564002096,15.3800116586115,63.9795459274751));
#5820=CARTESIAN_POINT('Ctrl Pts',(-42.6580892085861,15.4213055020277,65.5924718024134));
#5821=CARTESIAN_POINT('Ctrl Pts',(-42.6326657558183,15.4623269216421,66.3989345658104));
#5822=CARTESIAN_POINT('Ctrl Pts',(-42.557008908586,15.585910702831,68.0118595117898));
#5823=CARTESIAN_POINT('Ctrl Pts',(-42.4353309207127,15.7938582836117,69.6247827220092));
#5824=CARTESIAN_POINT('Ctrl Pts',(-42.3639273942525,15.9191821703993,70.4312437501163));
#5825=CARTESIAN_POINT('Ctrl Pts',(-42.2027717636046,16.2131567689479,72.0441643130622));
#5826=CARTESIAN_POINT('Ctrl Pts',(-42.017510376311,16.5866603003107,73.6570810756102));
#5827=CARTESIAN_POINT('Ctrl Pts',(-41.9222836724333,16.7907903525292,74.4635382922134));
#5828=CARTESIAN_POINT('Ctrl Pts',(-41.7817292065341,17.1207931925753,75.6732220821068));
#5829=CARTESIAN_POINT('Ctrl Pts',(-41.675086360715,17.4462912210032,76.8829017966417));
#5830=CARTESIAN_POINT('Ctrl Pts',(-41.6448714811311,17.5519263412424,77.2861278572959));
#5831=CARTESIAN_POINT('Ctrl Pts',(-41.6012391100559,17.7498124345575,78.0925787963143));
#5832=CARTESIAN_POINT('Ctrl Pts',(-41.5990697797099,17.886793602275,78.8990269357649));
#5833=CARTESIAN_POINT('Ctrl Pts',(-41.6124677462496,17.9311412281759,79.3022502110399));
#5834=CARTESIAN_POINT('Ctrl Pts',(-41.6289622078905,17.939863741074,79.7054724895957));
#5835=CARTESIAN_POINT('Ctrl Pts',(-41.6490247470446,17.9148430078188,80.1086937072311));
#5836=CARTESIAN_POINT('Ctrl Pts',(-40.5576837719039,17.8237457675401,47.8503982249564));
#5837=CARTESIAN_POINT('Ctrl Pts',(-40.5284145809906,17.8530264449489,48.2536164827305));
#5838=CARTESIAN_POINT('Ctrl Pts',(-40.5245188614796,17.831872792335,48.6568360390439));
#5839=CARTESIAN_POINT('Ctrl Pts',(-40.5473162553914,17.756841274512,49.0600569013853));
#5840=CARTESIAN_POINT('Ctrl Pts',(-40.6136562689211,17.5722048490682,49.8665009914375));
#5841=CARTESIAN_POINT('Ctrl Pts',(-40.711921084137,17.3417934645552,50.6729493828484));
#5842=CARTESIAN_POINT('Ctrl Pts',(-40.7648410556014,17.2243618573616,51.0761745427324));
#5843=CARTESIAN_POINT('Ctrl Pts',(-40.9306148537069,16.8701154134917,52.2858525850005));
#5844=CARTESIAN_POINT('Ctrl Pts',(-41.1062547048189,16.5270054311502,53.4955374572063));
#5845=CARTESIAN_POINT('Ctrl Pts',(-41.2188420341406,16.3153770924509,54.3019963049918));
#5846=CARTESIAN_POINT('Ctrl Pts',(-41.4310215348489,15.929308517046,55.9149174067674));
#5847=CARTESIAN_POINT('Ctrl Pts',(-41.6079712252271,15.6256799552842,57.5278436976788));
#5848=CARTESIAN_POINT('Ctrl Pts',(-41.6856264024703,15.4959930684099,58.3343077331337));
#5849=CARTESIAN_POINT('Ctrl Pts',(-41.8171873152381,15.2806472866439,59.9472370639485));
#5850=CARTESIAN_POINT('Ctrl Pts',(-41.8983511928878,15.152670478643,61.5601681107753));
#5851=CARTESIAN_POINT('Ctrl Pts',(-41.9256305836278,15.1103122060588,62.366633863178));
#5852=CARTESIAN_POINT('Ctrl Pts',(-41.9529770021208,15.0682167709246,63.9795655428001));
#5853=CARTESIAN_POINT('Ctrl Pts',(-41.9258873870528,15.1114114662121,65.5924970152692));
#5854=CARTESIAN_POINT('Ctrl Pts',(-41.8987377230328,15.1543132430802,66.3989625612934));
#5855=CARTESIAN_POINT('Ctrl Pts',(-41.8178389320358,15.2833534582832,68.0118930030512));
#5856=CARTESIAN_POINT('Ctrl Pts',(-41.6865473725872,15.4996624165912,69.6248214842861));
#5857=CARTESIAN_POINT('Ctrl Pts',(-41.6090261927447,15.6297925636841,70.4312850695322));
#5858=CARTESIAN_POINT('Ctrl Pts',(-41.4323323273774,15.934187265242,72.0442105466986));
#5859=CARTESIAN_POINT('Ctrl Pts',(-41.2203293276632,16.3206113075416,73.6571316365249));
#5860=CARTESIAN_POINT('Ctrl Pts',(-41.1077973182352,16.5322745466026,74.4635908282291));
#5861=CARTESIAN_POINT('Ctrl Pts',(-40.932155118734,16.8751167323711,75.6732771493114));
#5862=CARTESIAN_POINT('Ctrl Pts',(-40.7662134692329,17.228516048777,76.8829585142445));
#5863=CARTESIAN_POINT('Ctrl Pts',(-40.7132169765179,17.3455959992009,77.2861850149891));
#5864=CARTESIAN_POINT('Ctrl Pts',(-40.6147560847973,17.575157202223,78.0926365974459));
#5865=CARTESIAN_POINT('Ctrl Pts',(-40.5481260693254,17.7586839742965,78.8990848868566));
#5866=CARTESIAN_POINT('Ctrl Pts',(-40.5251597361528,17.8331054057848,79.3023080966853));
#5867=CARTESIAN_POINT('Ctrl Pts',(-40.5288462497159,17.8536231408256,79.7055302206468));
#5868=CARTESIAN_POINT('Ctrl Pts',(-40.5578912358114,17.8236505575045,80.1087512167833));
#5869=CARTESIAN_POINT('Ctrl Pts',(-39.7272402498972,17.192914286199,47.8503851521036));
#5870=CARTESIAN_POINT('Ctrl Pts',(-39.6923068375662,17.2198804011769,48.2536036213114));
#5871=CARTESIAN_POINT('Ctrl Pts',(-39.6925874180322,17.205327323946,48.6568234221378));
#5872=CARTESIAN_POINT('Ctrl Pts',(-39.7304466520306,17.147077058856,49.0600445628114));
#5873=CARTESIAN_POINT('Ctrl Pts',(-39.8277567007247,16.998800971601,49.8664892731074));
#5874=CARTESIAN_POINT('Ctrl Pts',(-39.9547807165975,16.8029455471245,50.6729384353247));
#5875=CARTESIAN_POINT('Ctrl Pts',(-40.0196398615555,16.7002095689394,51.0761640230398));
#5876=CARTESIAN_POINT('Ctrl Pts',(-40.2161659895852,16.3845140130799,52.285843488565));
#5877=CARTESIAN_POINT('Ctrl Pts',(-40.4089833573334,16.0646735595349,53.495530215059));
#5878=CARTESIAN_POINT('Ctrl Pts',(-40.5295449439006,15.8641072646274,54.3019905020654));
#5879=CARTESIAN_POINT('Ctrl Pts',(-40.7536896751165,15.4941857872491,55.9149148534128));
#5880=CARTESIAN_POINT('Ctrl Pts',(-40.9371194430165,15.19795627838,57.5278450408151));
#5881=CARTESIAN_POINT('Ctrl Pts',(-41.0173206174579,15.0706339228608,58.3343111618816));
#5882=CARTESIAN_POINT('Ctrl Pts',(-41.1529002981973,14.8582976126571,59.9472448770052));
#5883=CARTESIAN_POINT('Ctrl Pts',(-41.2362998223744,14.7311716533587,61.5601806283945));
#5884=CARTESIAN_POINT('Ctrl Pts',(-41.2643296722359,14.6890119299417,62.3666487862662));
#5885=CARTESIAN_POINT('Ctrl Pts',(-41.2924185849737,14.6471305705741,63.9795853365899));
#5886=CARTESIAN_POINT('Ctrl Pts',(-41.2645681790949,14.6901726341262,65.5925217139936));
#5887=CARTESIAN_POINT('Ctrl Pts',(-41.2366583211477,14.7329034301244,66.398989699547));
#5888=CARTESIAN_POINT('Ctrl Pts',(-41.1535019039362,14.861134878175,68.0119249551275));
#5889=CARTESIAN_POINT('Ctrl Pts',(-41.0181627052009,15.0744393048791,69.6248580250246));
#5890=CARTESIAN_POINT('Ctrl Pts',(-40.9380789608299,15.2021955240624,70.4313238243695));
#5891=CARTESIAN_POINT('Ctrl Pts',(-40.7548670091528,15.4991440131889,72.0442535144822));
#5892=CARTESIAN_POINT('Ctrl Pts',(-40.530859895807,15.8693364729818,73.6571781997916));
#5893=CARTESIAN_POINT('Ctrl Pts',(-40.4103357714499,16.0698905335842,74.4636389902469));
#5894=CARTESIAN_POINT('Ctrl Pts',(-40.2175018031794,16.389407569249,75.6733272954487));
#5895=CARTESIAN_POINT('Ctrl Pts',(-40.0208213170904,16.7042664591907,76.8830098842171));
#5896=CARTESIAN_POINT('Ctrl Pts',(-39.9558936145779,16.8066635669388,77.2862367015382));
#5897=CARTESIAN_POINT('Ctrl Pts',(-39.8286969032742,17.0017214195797,78.0926887166096));
#5898=CARTESIAN_POINT('Ctrl Pts',(-39.7311236883362,17.1489856994219,78.8991370431179));
#5899=CARTESIAN_POINT('Ctrl Pts',(-39.693104220346,17.2066865244954,79.3023601706916));
#5900=CARTESIAN_POINT('Ctrl Pts',(-39.6926219859122,17.2206480319593,79.7055821533164));
#5901=CARTESIAN_POINT('Ctrl Pts',(-39.7273490503446,17.1930230141474,80.1088029583789));
#5902=CARTESIAN_POINT('Ctrl Pts',(-39.4411713331722,16.7082332791326,47.850380060401));
#5903=CARTESIAN_POINT('Ctrl Pts',(-39.4059458273835,16.7302451170967,48.2535986280502));
#5904=CARTESIAN_POINT('Ctrl Pts',(-39.4013754974603,16.7290577624857,48.6568185378579));
#5905=CARTESIAN_POINT('Ctrl Pts',(-39.4294897336019,16.7037511779308,49.0600397980771));
#5906=CARTESIAN_POINT('Ctrl Pts',(-39.5156994028173,16.6069377868916,49.8664847847524));
#5907=CARTESIAN_POINT('Ctrl Pts',(-39.6392805732664,16.4488369406647,50.6729342974725));
#5908=CARTESIAN_POINT('Ctrl Pts',(-39.7037268740367,16.3608815412639,51.0761600801481));
#5909=CARTESIAN_POINT('Ctrl Pts',(-39.9001330710487,16.082741656071,52.285840193079));
#5910=CARTESIAN_POINT('Ctrl Pts',(-40.0948610392426,15.7831652758831,53.4955277605951));
#5911=CARTESIAN_POINT('Ctrl Pts',(-40.2158779286587,15.5928739139345,54.3019886996584));
#5912=CARTESIAN_POINT('Ctrl Pts',(-40.440926047091,15.2381924235792,55.914914526068));
#5913=CARTESIAN_POINT('Ctrl Pts',(-40.6248330372234,14.9500370871966,57.5278464894877));
#5914=CARTESIAN_POINT('Ctrl Pts',(-40.7052424119428,14.8256635241288,58.3343135635385));
#5915=CARTESIAN_POINT('Ctrl Pts',(-40.8412097164332,14.6176343699426,59.9472492871967));
#5916=CARTESIAN_POINT('Ctrl Pts',(-40.9248952589462,14.492487254753,61.5601872032102));
#5917=CARTESIAN_POINT('Ctrl Pts',(-40.9530328710015,14.4509361582235,62.366656469988));
#5918=CARTESIAN_POINT('Ctrl Pts',(-40.9812256589975,14.4096690720709,63.979595268853));
#5919=CARTESIAN_POINT('Ctrl Pts',(-40.9532595620401,14.4521228391982,65.5925339142014));
#5920=CARTESIAN_POINT('Ctrl Pts',(-40.9252357807106,14.4942565157627,66.3990030279759));
#5921=CARTESIAN_POINT('Ctrl Pts',(-40.8417799409831,14.6205260137485,68.0119405085537));
#5922=CARTESIAN_POINT('Ctrl Pts',(-40.706037011714,14.8295235715492,69.6248756920034));
#5923=CARTESIAN_POINT('Ctrl Pts',(-40.6257362139594,14.9543259545082,70.4313425080814));
#5924=CARTESIAN_POINT('Ctrl Pts',(-40.4420278507566,15.2431786333615,72.0442741225209));
#5925=CARTESIAN_POINT('Ctrl Pts',(-40.2170991436445,15.5980965351661,73.6572004252599));
#5926=CARTESIAN_POINT('Ctrl Pts',(-40.0961115518965,15.7883573663091,74.4636619268428));
#5927=CARTESIAN_POINT('Ctrl Pts',(-39.9013607597463,16.087592044151,75.6733511004485));
#5928=CARTESIAN_POINT('Ctrl Pts',(-39.7048010027639,16.3649076704816,76.8830342135257));
#5929=CARTESIAN_POINT('Ctrl Pts',(-39.6402873235362,16.4525323099521,77.2862611647471));
#5930=CARTESIAN_POINT('Ctrl Pts',(-39.5165341705054,16.6098635470638,78.0927133662124));
#5931=CARTESIAN_POINT('Ctrl Pts',(-39.4300642839942,16.7056950889782,78.8991617346919));
#5932=CARTESIAN_POINT('Ctrl Pts',(-39.4017926748226,16.7304605309253,79.3023848577974));
#5933=CARTESIAN_POINT('Ctrl Pts',(-39.4061825619891,16.7310376667523,79.7056067860794));
#5934=CARTESIAN_POINT('Ctrl Pts',(-39.4412252484692,16.7083608699649,80.1088274925019));
#5935=CARTESIAN_POINT('Ctrl Pts',(-39.0228055245905,15.7347261517478,47.8503727142024));
#5936=CARTESIAN_POINT('Ctrl Pts',(-38.9869380445548,15.7522635465804,48.2535914587972));
#5937=CARTESIAN_POINT('Ctrl Pts',(-38.9732958435373,15.761483214472,48.6568115684978));
#5938=CARTESIAN_POINT('Ctrl Pts',(-38.982751413824,15.7633389002149,49.0600330518794));
#5939=CARTESIAN_POINT('Ctrl Pts',(-39.0342196371558,15.7303993242629,49.8664785442171));
#5940=CARTESIAN_POINT('Ctrl Pts',(-39.1304838667736,15.6386095267567,50.6729286902273));
#5941=CARTESIAN_POINT('Ctrl Pts',(-39.1845878070639,15.5801398653881,51.0761548244567));
#5942=CARTESIAN_POINT('Ctrl Pts',(-39.3556752804613,15.3810319372963,52.2858361037471));
#5943=CARTESIAN_POINT('Ctrl Pts',(-39.5387815505936,15.1336163753601,53.4955251838891));
#5944=CARTESIAN_POINT('Ctrl Pts',(-39.6538396610546,14.9690966249112,54.3019872955495));
#5945=CARTESIAN_POINT('Ctrl Pts',(-39.8699928788297,14.6549344871884,55.9149157782139));
#5946=CARTESIAN_POINT('Ctrl Pts',(-40.0490762119927,14.3901059655006,57.5278509511519));
#5947=CARTESIAN_POINT('Ctrl Pts',(-40.1277127016742,14.2745856663226,58.3343197510661));
#5948=CARTESIAN_POINT('Ctrl Pts',(-40.2611464481399,14.0799963480219,59.9472591203903));
#5949=CARTESIAN_POINT('Ctrl Pts',(-40.3437429868359,13.9615902683098,61.5602009803905));
#5950=CARTESIAN_POINT('Ctrl Pts',(-40.3715654313914,13.9221754335094,62.3666722710643));
#5951=CARTESIAN_POINT('Ctrl Pts',(-40.3994357705515,13.8830533428991,63.9796151790708));
#5952=CARTESIAN_POINT('Ctrl Pts',(-40.3717638986067,13.9234063304401,65.592557974897));
#5953=CARTESIAN_POINT('Ctrl Pts',(-40.3440407667834,13.9634231285116,66.399029153739));
#5954=CARTESIAN_POINT('Ctrl Pts',(-40.2616431639644,14.0829791344629,68.0119707044658));
#5955=CARTESIAN_POINT('Ctrl Pts',(-40.1283991376234,14.2785349952561,69.624909741282));
#5956=CARTESIAN_POINT('Ctrl Pts',(-40.0498528226788,14.3944741485366,70.431378405669));
#5957=CARTESIAN_POINT('Ctrl Pts',(-39.8709298797446,14.659961159395,72.0443135012932));
#5958=CARTESIAN_POINT('Ctrl Pts',(-39.6548620511875,14.9743018629247,73.657242689827));
#5959=CARTESIAN_POINT('Ctrl Pts',(-39.5398190256994,15.138761036754,74.4637054462425));
#5960=CARTESIAN_POINT('Ctrl Pts',(-39.3566775870144,15.3858092963663,75.6733961312986));
#5961=CARTESIAN_POINT('Ctrl Pts',(-39.1854398450224,15.5841062498618,76.883080130474));
#5962=CARTESIAN_POINT('Ctrl Pts',(-39.1312716016472,15.6422544757197,77.2863073037474));
#5963=CARTESIAN_POINT('Ctrl Pts',(-39.034845142304,15.7332993409669,78.092759802208));
#5964=CARTESIAN_POINT('Ctrl Pts',(-38.9831480039474,15.765274354164,78.8992081816326));
#5965=CARTESIAN_POINT('Ctrl Pts',(-38.9735607019247,15.7628753442625,79.3024312400719));
#5966=CARTESIAN_POINT('Ctrl Pts',(-38.987062819155,15.7530487416421,79.705653035665));
#5967=CARTESIAN_POINT('Ctrl Pts',(-39.0227898785614,15.7348617588959,80.1088735510871));
#5968=CARTESIAN_POINT('Ctrl Pts',(-38.823588949525,14.7237344335512,47.8503710710397));
#5969=CARTESIAN_POINT('Ctrl Pts',(-38.7875020000161,14.7397050866908,48.2535899510919));
#5970=CARTESIAN_POINT('Ctrl Pts',(-38.7648546225483,14.7489714738724,48.6568102177223));
#5971=CARTESIAN_POINT('Ctrl Pts',(-38.7557130926416,14.7523021866469,49.0600318794587));
#5972=CARTESIAN_POINT('Ctrl Pts',(-38.765364684124,14.7418377733835,49.8664777703878));
#5973=CARTESIAN_POINT('Ctrl Pts',(-38.8182274274419,14.6924965834215,50.6729284115225));
#5974=CARTESIAN_POINT('Ctrl Pts',(-38.8526897473095,14.65728971726,51.0761548199083));
#5975=CARTESIAN_POINT('Ctrl Pts',(-38.9711934388946,14.5268362104805,52.2858370075051));
#5976=CARTESIAN_POINT('Ctrl Pts',(-39.1196815369323,14.3395649152048,53.4955272635205));
#5977=CARTESIAN_POINT('Ctrl Pts',(-39.2179556808065,14.2062635790221,54.3019902873863));
#5978=CARTESIAN_POINT('Ctrl Pts',(-39.4077903779015,13.9443793554067,55.9149208434324));
#5979=CARTESIAN_POINT('Ctrl Pts',(-39.5720478666307,13.7133895540499,57.5278585415558));
#5980=CARTESIAN_POINT('Ctrl Pts',(-39.6451392310537,13.611258073316,58.3343287055415));
#5981=CARTESIAN_POINT('Ctrl Pts',(-39.7702976822391,13.4377856727657,59.9472709700946));
#5982=CARTESIAN_POINT('Ctrl Pts',(-39.8489129798868,13.3308023284536,61.5602159877239));
#5983=CARTESIAN_POINT('Ctrl Pts',(-39.8754988899669,13.2950863467551,62.3666889046692));
#5984=CARTESIAN_POINT('Ctrl Pts',(-39.9021255006502,13.2596694792073,63.9796351237547));
#5985=CARTESIAN_POINT('Ctrl Pts',(-39.8756613450129,13.2963491480599,65.5925812745091));
#5986=CARTESIAN_POINT('Ctrl Pts',(-39.8491565525412,13.3326808098368,66.3990541233433));
#5987=CARTESIAN_POINT('Ctrl Pts',(-39.7707029902461,13.440832386585,68.0119989615074));
#5988=CARTESIAN_POINT('Ctrl Pts',(-39.6456961604831,13.6152671218822,69.624941088557));
#5989=CARTESIAN_POINT('Ctrl Pts',(-39.5726758684217,13.7178086377486,70.4314112258909));
#5990=CARTESIAN_POINT('Ctrl Pts',(-39.4085418156721,13.9494268716852,72.0443490665476));
#5991=CARTESIAN_POINT('Ctrl Pts',(-39.2187642819153,14.2114492228022,73.6572804606722));
#5992=CARTESIAN_POINT('Ctrl Pts',(-39.1204951756985,14.3446701797924,74.4637441514134));
#5993=CARTESIAN_POINT('Ctrl Pts',(-38.9719643163492,14.5315579476355,75.6734359231221));
#5994=CARTESIAN_POINT('Ctrl Pts',(-38.8533243600092,14.6611998406029,76.8831204942502));
#5995=CARTESIAN_POINT('Ctrl Pts',(-38.8188053356359,14.6960868009993,77.2863477987517));
#5996=CARTESIAN_POINT('Ctrl Pts',(-38.7658047865407,14.7446846653368,78.0928004382206));
#5997=CARTESIAN_POINT('Ctrl Pts',(-38.7559744991891,14.7541923671984,78.8992487186495));
#5998=CARTESIAN_POINT('Ctrl Pts',(-38.7650184537033,14.7503279188137,79.3024716664419));
#5999=CARTESIAN_POINT('Ctrl Pts',(-38.7875661889752,14.740478779955,79.7056933045893));
#6000=CARTESIAN_POINT('Ctrl Pts',(-38.8235517907285,14.7238823399528,80.1089136212059));
#6001=CARTESIAN_POINT('Ctrl Pts',(-38.7493920494927,14.2103595650642,47.8503716843562));
#6002=CARTESIAN_POINT('Ctrl Pts',(-38.7127629563988,14.2250743346461,48.2535906215272));
#6003=CARTESIAN_POINT('Ctrl Pts',(-38.6871925320835,14.2351743764772,48.6568109537619));
#6004=CARTESIAN_POINT('Ctrl Pts',(-38.6725592377514,14.2412152547619,49.0600326896973));
#6005=CARTESIAN_POINT('Ctrl Pts',(-38.6666269865894,14.2383856948083,49.8664787496249));
#6006=CARTESIAN_POINT('Ctrl Pts',(-38.6998066444126,14.2029246943102,50.672929602596));
#6007=CARTESIAN_POINT('Ctrl Pts',(-38.724472167901,14.1761736057881,51.076156128344));
#6008=CARTESIAN_POINT('Ctrl Pts',(-38.8153559728335,14.0727129918521,52.2858387049458));
#6009=CARTESIAN_POINT('Ctrl Pts',(-38.9426454626389,13.913594447005,53.4955294652456));
#6010=CARTESIAN_POINT('Ctrl Pts',(-39.0305301609075,13.7959936040639,54.3019928807695));
#6011=CARTESIAN_POINT('Ctrl Pts',(-39.203798389857,13.5610839803636,55.9149243290156));
#6012=CARTESIAN_POINT('Ctrl Pts',(-39.3585136690796,13.3486797090246,57.5278631188483));
#6013=CARTESIAN_POINT('Ctrl Pts',(-39.4280350110711,13.2540321680236,58.3343338740448));
#6014=CARTESIAN_POINT('Ctrl Pts',(-39.5478313667122,13.0925443009213,59.9472773967296));
#6015=CARTESIAN_POINT('Ctrl Pts',(-39.6238373295576,12.9922220112071,61.5602237926531));
#6016=CARTESIAN_POINT('Ctrl Pts',(-39.6496086802536,12.9586773780553,62.3666974208911));
#6017=CARTESIAN_POINT('Ctrl Pts',(-39.6754169481742,12.9254351591564,63.9796450904704));
#6018=CARTESIAN_POINT('Ctrl Pts',(-39.6497515339823,12.9599538527935,65.5925927136238));
#6019=CARTESIAN_POINT('Ctrl Pts',(-39.6240514640076,12.9941200113111,66.3990662956037));
#6020=CARTESIAN_POINT('Ctrl Pts',(-39.5481874016336,13.0956181996235,68.0120125760496));
#6021=CARTESIAN_POINT('Ctrl Pts',(-39.428523116856,13.2580663449464,69.6249560535296));
#6022=CARTESIAN_POINT('Ctrl Pts',(-39.3590632925667,13.35312002221,70.4314268322488));
#6023=CARTESIAN_POINT('Ctrl Pts',(-39.2044535316774,13.566139863413,72.0443658611567));
#6024=CARTESIAN_POINT('Ctrl Pts',(-39.0312300349172,13.8011703792487,73.6572981926581));
#6025=CARTESIAN_POINT('Ctrl Pts',(-38.9433464187472,13.9186826124907,74.4637622742062));
#6026=CARTESIAN_POINT('Ctrl Pts',(-38.8160125771503,14.0774089621964,75.673454489171));
#6027=CARTESIAN_POINT('Ctrl Pts',(-38.7250041144929,14.1800553530123,76.8831392716233));
#6028=CARTESIAN_POINT('Ctrl Pts',(-38.700287549375,14.2064863172002,77.2863666198472));
#6029=CARTESIAN_POINT('Ctrl Pts',(-38.6669866230116,14.241205892092,78.092819292519));
#6030=CARTESIAN_POINT('Ctrl Pts',(-38.6727670946324,14.2430890544058,78.8992675026721));
#6031=CARTESIAN_POINT('Ctrl Pts',(-38.6873190757102,14.236523128919,79.3024903913909));
#6032=CARTESIAN_POINT('Ctrl Pts',(-38.712805757978,14.2258475247131,79.7057119463407));
#6033=CARTESIAN_POINT('Ctrl Pts',(-38.7493495514685,14.2105150297216,80.1089321580351));
#6034=CARTESIAN_POINT('Ctrl Pts',(-38.5865259689274,12.653724043916,47.8503778289947));
#6035=CARTESIAN_POINT('Ctrl Pts',(-38.548279024134,12.6647630262611,48.253596902721));
#6036=CARTESIAN_POINT('Ctrl Pts',(-38.5151124877422,12.675853072967,48.6568173946927));
#6037=CARTESIAN_POINT('Ctrl Pts',(-38.486671197133,12.6874362093596,49.0600393131478));
#6038=CARTESIAN_POINT('Ctrl Pts',(-38.441913744937,12.7029834968747,49.8664857874582));
#6039=CARTESIAN_POINT('Ctrl Pts',(-38.423579555252,12.7006082017142,50.6729371635977));
#6040=CARTESIAN_POINT('Ctrl Pts',(-38.4215398571669,12.6937713587587,51.0761639802772));
#6041=CARTESIAN_POINT('Ctrl Pts',(-38.4345437613413,12.6558131075206,52.2858475233914));
#6042=CARTESIAN_POINT('Ctrl Pts',(-38.4959715118242,12.5704511285929,53.4955395433605));
#6043=CARTESIAN_POINT('Ctrl Pts',(-38.5500437434547,12.4973197409807,54.3020039398673));
#6044=CARTESIAN_POINT('Ctrl Pts',(-38.6687276816005,12.3409348823486,55.9149376305019));
#6045=CARTESIAN_POINT('Ctrl Pts',(-38.7909362701176,12.1862118177214,57.5278791812467));
#6046=CARTESIAN_POINT('Ctrl Pts',(-38.8482599135499,12.1152892778223,58.3343514361286));
#6047=CARTESIAN_POINT('Ctrl Pts',(-38.9496194280278,11.9923694939983,59.9472981598749));
#6048=CARTESIAN_POINT('Ctrl Pts',(-39.0165606372577,11.9140766492059,61.5602480804734));
#6049=CARTESIAN_POINT('Ctrl Pts',(-39.039495895361,11.8877604932563,62.3667235318174));
#6050=CARTESIAN_POINT('Ctrl Pts',(-39.062455034502,11.8617580788255,63.9796749259911));
#6051=CARTESIAN_POINT('Ctrl Pts',(-39.0395761544,11.8890733350672,65.5926263385145));
#6052=CARTESIAN_POINT('Ctrl Pts',(-39.0166809402485,11.9160265675355,66.3991018082533));
#6053=CARTESIAN_POINT('Ctrl Pts',(-38.9498193717009,11.9955157791532,68.0120518004795));
#6054=CARTESIAN_POINT('Ctrl Pts',(-38.8485325709078,12.1193908684054,69.6249987397484));
#6055=CARTESIAN_POINT('Ctrl Pts',(-38.7912421084623,12.1907095880954,70.4314711565111));
#6056=CARTESIAN_POINT('Ctrl Pts',(-38.669087517862,12.3460153387844,72.0444132007272));
#6057=CARTESIAN_POINT('Ctrl Pts',(-38.5504166093858,12.5024761770252,73.6573478595996));
#6058=CARTESIAN_POINT('Ctrl Pts',(-38.4963369767632,12.5754970911933,74.463812892085));
#6059=CARTESIAN_POINT('Ctrl Pts',(-38.4348680399462,12.6604417096892,75.6735061460681));
#6060=CARTESIAN_POINT('Ctrl Pts',(-38.4217814373905,12.697576826409,76.8831913460299));
#6061=CARTESIAN_POINT('Ctrl Pts',(-38.4237891408965,12.7040926327123,77.2864187621081));
#6062=CARTESIAN_POINT('Ctrl Pts',(-38.4420527721993,12.7057304594013,78.092871427649));
#6063=CARTESIAN_POINT('Ctrl Pts',(-38.4867317952553,12.6892552004527,78.8993193546989));
#6064=CARTESIAN_POINT('Ctrl Pts',(-38.5151332187439,12.6771602112857,79.3025420366155));
#6065=CARTESIAN_POINT('Ctrl Pts',(-38.5482595737245,12.6655115338061,79.7057633180421));
#6066=CARTESIAN_POINT('Ctrl Pts',(-38.5864665924517,12.6538762144174,80.1089831959845));
#6067=CARTESIAN_POINT('Ctrl Pts',(-38.5631115482178,11.0975229876327,47.8503969178458));
#6068=CARTESIAN_POINT('Ctrl Pts',(-38.5236110162462,11.105507827641,48.2536160213757));
#6069=CARTESIAN_POINT('Ctrl Pts',(-38.4855655518197,11.1125046886427,48.6568365531629));
#6070=CARTESIAN_POINT('Ctrl Pts',(-38.4486210507356,11.118819678213,49.0600585219251));
#6071=CARTESIAN_POINT('Ctrl Pts',(-38.3817071523009,11.1301242417293,49.8665051244578));
#6072=CARTESIAN_POINT('Ctrl Pts',(-38.3312303166445,11.1334676542001,50.6729566800802));
#6073=CARTESIAN_POINT('Ctrl Pts',(-38.3109636763134,11.1321967918815,51.076183599827));
#6074=CARTESIAN_POINT('Ctrl Pts',(-38.2661462291548,11.1186937681341,52.2858674955557));
#6075=CARTESIAN_POINT('Ctrl Pts',(-38.2674876301038,11.076900435636,53.4955600053082));
#6076=CARTESIAN_POINT('Ctrl Pts',(-38.2871521164798,11.0372100222968,54.3020247960009));
#6077=CARTESIAN_POINT('Ctrl Pts',(-38.3485885832127,10.9466813199486,55.9149594175163));
#6078=CARTESIAN_POINT('Ctrl Pts',(-38.4340682099443,10.8501838862495,57.5279021762447));
#6079=CARTESIAN_POINT('Ctrl Pts',(-38.4774651312009,10.8047385460306,58.3343751025692));
#6080=CARTESIAN_POINT('Ctrl Pts',(-38.5575029924921,10.7248826530745,59.9473232908611));
#6081=CARTESIAN_POINT('Ctrl Pts',(-38.6137307927928,10.6729191839575,61.5602748818776));
#6082=CARTESIAN_POINT('Ctrl Pts',(-38.6333020479098,10.6553866071851,62.3667512104723));
#6083=CARTESIAN_POINT('Ctrl Pts',(-38.6528787568539,10.6381830922761,63.9797044193399));
#6084=CARTESIAN_POINT('Ctrl Pts',(-38.633310748217,10.656726992854,65.5926577080336));
#6085=CARTESIAN_POINT('Ctrl Pts',(-38.6137442835975,10.6749087055232,66.3991341164633));
#6086=CARTESIAN_POINT('Ctrl Pts',(-38.5575277387565,10.7280858471013,68.0120859514919));
#6087=CARTESIAN_POINT('Ctrl Pts',(-38.4775026188042,10.8088981978837,69.6250345734127));
#6088=CARTESIAN_POINT('Ctrl Pts',(-38.4341120336749,10.8547355757483,70.431507768961));
#6089=CARTESIAN_POINT('Ctrl Pts',(-38.3486420849305,10.9517991249517,72.0444511890897));
#6090=CARTESIAN_POINT('Ctrl Pts',(-38.2872024985351,11.0423763963055,73.6573867464065));
#6091=CARTESIAN_POINT('Ctrl Pts',(-38.267531612152,11.0819414518239,74.4638520804372));
#6092=CARTESIAN_POINT('Ctrl Pts',(-38.2661708629418,11.123295294437,75.6735455241953));
#6093=CARTESIAN_POINT('Ctrl Pts',(-38.3109616058319,11.1359618184208,76.8832304956929));
#6094=CARTESIAN_POINT('Ctrl Pts',(-38.3312189336457,11.1369086939855,77.2864577877487));
#6095=CARTESIAN_POINT('Ctrl Pts',(-38.3816774088566,11.1328256146599,78.0929101088468));
#6096=CARTESIAN_POINT('Ctrl Pts',(-38.4485761039047,11.1205998374336,78.8993574972395));
#6097=CARTESIAN_POINT('Ctrl Pts',(-38.4855145293972,11.1137790321875,79.3025798579866));
#6098=CARTESIAN_POINT('Ctrl Pts',(-38.5235569125415,11.1062360406545,79.7058007767877));
#6099=CARTESIAN_POINT('Ctrl Pts',(-38.5630559062138,11.0976673240437,80.1090202556907));
#6100=CARTESIAN_POINT('Ctrl Pts',(-38.5662329707703,10.0587404050693,47.8504154098117));
#6101=CARTESIAN_POINT('Ctrl Pts',(-38.526150623778,10.0640180914209,48.2536344809278));
#6102=CARTESIAN_POINT('Ctrl Pts',(-38.4859563273379,10.0691348962565,48.6568549857214));
#6103=CARTESIAN_POINT('Ctrl Pts',(-38.4452590778096,10.0742394645451,49.060076931335));
#6104=CARTESIAN_POINT('Ctrl Pts',(-38.3677939218998,10.0829230070388,49.8665234849127));
#6105=CARTESIAN_POINT('Ctrl Pts',(-38.3026293550458,10.0864333360664,50.67297499811));
#6106=CARTESIAN_POINT('Ctrl Pts',(-38.2744086112163,10.0863574476786,51.0762018988842));
#6107=CARTESIAN_POINT('Ctrl Pts',(-38.2046162042542,10.0798703994619,52.2858857447435));
#6108=CARTESIAN_POINT('Ctrl Pts',(-38.1795909671816,10.0549142599312,53.4955782294766));
#6109=CARTESIAN_POINT('Ctrl Pts',(-38.1828708226721,10.0303453728265,54.3020430174646));
#6110=CARTESIAN_POINT('Ctrl Pts',(-38.2160220226614,9.9731997616351,55.9149776683734));
#6111=CARTESIAN_POINT('Ctrl Pts',(-38.2820031523345,9.91085223784447,57.5279205330384));
#6112=CARTESIAN_POINT('Ctrl Pts',(-38.317861441825,9.8812202881088,58.334393533261));
#6113=CARTESIAN_POINT('Ctrl Pts',(-38.3862278910863,9.82891172519139,59.9473419117263));
#6114=CARTESIAN_POINT('Ctrl Pts',(-38.4364617002586,9.79467677992666,61.5602937716962));
#6115=CARTESIAN_POINT('Ctrl Pts',(-38.4541472832058,9.78313778504171,62.3667702529633));
#6116=CARTESIAN_POINT('Ctrl Pts',(-38.4718232789393,9.77193916828735,63.9797237973114));
#6117=CARTESIAN_POINT('Ctrl Pts',(-38.4541064810294,9.7844971937051,65.5926774605905));
#6118=CARTESIAN_POINT('Ctrl Pts',(-38.4364014554394,9.79669400130453,66.3991540607983));
#6119=CARTESIAN_POINT('Ctrl Pts',(-38.3861325284163,9.83215665091575,68.0121062731255));
#6120=CARTESIAN_POINT('Ctrl Pts',(-38.3177399216545,9.88542731860142,69.6250552172522));
#6121=CARTESIAN_POINT('Ctrl Pts',(-38.2818711935648,9.91545159401942,70.4315285496016));
#6122=CARTESIAN_POINT('Ctrl Pts',(-38.2158738522912,9.9783606358419,72.0444721669048));
#6123=CARTESIAN_POINT('Ctrl Pts',(-38.1827145109839,10.0355419793327,73.6574077106527));
#6124=CARTESIAN_POINT('Ctrl Pts',(-38.1794323403153,10.0599775041233,74.4638729708401));
#6125=CARTESIAN_POINT('Ctrl Pts',(-38.2044565315177,10.0844818022384,75.6735661815996));
#6126=CARTESIAN_POINT('Ctrl Pts',(-38.2742583980397,10.0901230471075,76.8832507193877));
#6127=CARTESIAN_POINT('Ctrl Pts',(-38.3024838303079,10.0898723395527,77.2864778436644));
#6128=CARTESIAN_POINT('Ctrl Pts',(-38.3676620598002,10.0856188040615,78.0929297811759));
#6129=CARTESIAN_POINT('Ctrl Pts',(-38.4451519277352,10.0760144970342,78.8993766938709));
#6130=CARTESIAN_POINT('Ctrl Pts',(-38.4858649433893,10.0704057754531,79.3025987978396));
#6131=CARTESIAN_POINT('Ctrl Pts',(-38.5260790341226,10.064742855567,79.7058194341043));
#6132=CARTESIAN_POINT('Ctrl Pts',(-38.5661837070189,10.0588815513703,80.109038605643));
#6133=CARTESIAN_POINT('Ctrl Pts',(-38.5766422256468,7.98128554682509,47.850464010605));
#6134=CARTESIAN_POINT('Ctrl Pts',(-38.5361184645456,7.98126948112999,48.2536829144718));
#6135=CARTESIAN_POINT('Ctrl Pts',(-38.4933890138142,7.98127463470866,48.6569032419931));
#6136=CARTESIAN_POINT('Ctrl Pts',(-38.4478667837889,7.98130188614871,49.0601250002229));
#6137=CARTESIAN_POINT('Ctrl Pts',(-38.3580021217551,7.98140113562849,49.8665711681189));
#6138=CARTESIAN_POINT('Ctrl Pts',(-38.2768041200765,7.98158942358885,50.6730222592937));
#6139=CARTESIAN_POINT('Ctrl Pts',(-38.2400772754029,7.98170567679703,51.0762489388711));
#6140=CARTESIAN_POINT('Ctrl Pts',(-38.1438442326233,7.98211790194139,52.2859320912574));
#6141=CARTESIAN_POINT('Ctrl Pts',(-38.0917319401334,7.98270725535003,53.4956237962426));
#6142=CARTESIAN_POINT('Ctrl Pts',(-38.0785003928353,7.98316704595411,54.302088029474));
#6143=CARTESIAN_POINT('Ctrl Pts',(-38.0832957118963,7.98418293853852,55.9150215200781));
#6144=CARTESIAN_POINT('Ctrl Pts',(-38.1298880037077,7.98531591412591,57.5279631612933));
#6145=CARTESIAN_POINT('Ctrl Pts',(-38.1582433872923,7.98589264415702,58.3344355437034));
#6146=CARTESIAN_POINT('Ctrl Pts',(-38.2149913441472,7.98702813465837,59.9473826938109));
#6147=CARTESIAN_POINT('Ctrl Pts',(-38.259243134278,7.98806167410039,61.5603333666324));
#6148=CARTESIAN_POINT('Ctrl Pts',(-38.2750406925115,7.9885363615703,62.3668092713392));
#6149=CARTESIAN_POINT('Ctrl Pts',(-38.2908007307035,7.98937341832895,63.9797617043967));
#6150=CARTESIAN_POINT('Ctrl Pts',(-38.2748993512405,7.9899396625978,65.5927143370844));
#6151=CARTESIAN_POINT('Ctrl Pts',(-38.2590332939837,7.99014353522179,66.3991904414504));
#6152=CARTESIAN_POINT('Ctrl Pts',(-38.2146531947819,7.99037438687826,68.0121416899737));
#6153=CARTESIAN_POINT('Ctrl Pts',(-38.1578028083935,7.99022438670213,69.6250896782751));
#6154=CARTESIAN_POINT('Ctrl Pts',(-38.1294048133296,7.99004743423816,70.4315625229409));
#6155=CARTESIAN_POINT('Ctrl Pts',(-38.0827485920888,7.98948110561038,72.0445051078208));
#6156=CARTESIAN_POINT('Ctrl Pts',(-38.0779403435741,7.98848675356361,73.6574394172313));
#6157=CARTESIAN_POINT('Ctrl Pts',(-38.0911802809786,7.98788170366364,74.4639039880082));
#6158=CARTESIAN_POINT('Ctrl Pts',(-38.1433308306336,7.98681686568889,75.6735960197747));
#6159=CARTESIAN_POINT('Ctrl Pts',(-38.2396470894438,7.98553087564063,76.8832791248826));
#6160=CARTESIAN_POINT('Ctrl Pts',(-38.2764070191049,7.98507844993267,77.2865057413391));
#6161=CARTESIAN_POINT('Ctrl Pts',(-38.3576827000507,7.98412795284167,78.0929566000583));
#6162=CARTESIAN_POINT('Ctrl Pts',(-38.4476497195079,7.98308988475423,78.8994023026046));
#6163=CARTESIAN_POINT('Ctrl Pts',(-38.4932299287117,7.98254991742366,79.3026237649064));
#6164=CARTESIAN_POINT('Ctrl Pts',(-38.5360236785469,7.98198991451709,79.7058437283785));
#6165=CARTESIAN_POINT('Ctrl Pts',(-38.5766160386034,7.98141298171907,80.1090622009086));
#6166=CARTESIAN_POINT('Ctrl Pts',(-38.5684786531479,5.9038326255237,47.8505358688022));
#6167=CARTESIAN_POINT('Ctrl Pts',(-38.5284171853663,5.89851551597393,48.2537544014325));
#6168=CARTESIAN_POINT('Ctrl Pts',(-38.4882401729832,5.89340383069359,48.6569743290526));
#6169=CARTESIAN_POINT('Ctrl Pts',(-38.4475569126049,5.88835103838332,49.0601956548966));
#6170=CARTESIAN_POINT('Ctrl Pts',(-38.3701028423597,5.8798673805884,49.8666408760061));
#6171=CARTESIAN_POINT('Ctrl Pts',(-38.3049153405548,5.87674516057566,50.6730908609053));
#6172=CARTESIAN_POINT('Ctrl Pts',(-38.2766739755635,5.87706117884359,51.0763169460907));
#6173=CARTESIAN_POINT('Ctrl Pts',(-38.2067944592339,5.88439936124848,52.2859981881808));
#6174=CARTESIAN_POINT('Ctrl Pts',(-38.1816156626009,5.91056982982726,53.4956876033664));
#6175=CARTESIAN_POINT('Ctrl Pts',(-38.184772488162,5.93608370267897,54.3021501424201));
#6176=CARTESIAN_POINT('Ctrl Pts',(-38.2176605983317,5.99531137781424,55.9150799460712));
#6177=CARTESIAN_POINT('Ctrl Pts',(-38.2833718103224,6.05996797647284,57.5280173999643));
#6178=CARTESIAN_POINT('Ctrl Pts',(-38.3191006589357,6.09077169667279,58.3344875878961));
#6179=CARTESIAN_POINT('Ctrl Pts',(-38.3872269667892,6.14538067034167,59.9474302054869));
#6180=CARTESIAN_POINT('Ctrl Pts',(-38.4372678662535,6.1816994271709,61.5603761631999));
#6181=CARTESIAN_POINT('Ctrl Pts',(-38.4548712283064,6.19419338496015,62.3668496910083));
#6182=CARTESIAN_POINT('Ctrl Pts',(-38.4724135651609,6.20707363320745,63.9797973794359));
#6183=CARTESIAN_POINT('Ctrl Pts',(-38.4546296621483,6.1956505469767,65.5927453628572));
#6184=CARTESIAN_POINT('Ctrl Pts',(-38.436908910873,6.183862030072,66.3992191856885));
#6185=CARTESIAN_POINT('Ctrl Pts',(-38.3866469023885,6.14886115191483,68.012165986953));
#6186=CARTESIAN_POINT('Ctrl Pts',(-38.3183426800078,6.09528681908967,69.6251097902046));
#6187=CARTESIAN_POINT('Ctrl Pts',(-38.2825395998467,6.06490546694788,70.4315806155942));
#6188=CARTESIAN_POINT('Ctrl Pts',(-38.2167184201654,6.00085292221751,72.0445193086192));
#6189=CARTESIAN_POINT('Ctrl Pts',(-38.1838150514867,5.94165926535997,73.6574499834665));
#6190=CARTESIAN_POINT('Ctrl Pts',(-38.1806786892366,5.91599783263559,74.4639127925143));
#6191=CARTESIAN_POINT('Ctrl Pts',(-38.2059365146606,5.8893318164701,75.6736022374777));
#6192=CARTESIAN_POINT('Ctrl Pts',(-38.2759733280495,5.88107373300111,76.8832827908442));
#6193=CARTESIAN_POINT('Ctrl Pts',(-38.3042761284581,5.88040320076642,77.286508558006));
#6194=CARTESIAN_POINT('Ctrl Pts',(-38.3696050880261,5.88272068287214,78.0929577145298));
#6195=CARTESIAN_POINT('Ctrl Pts',(-38.4472373376941,5.89021192059662,78.8994017004264));
#6196=CARTESIAN_POINT('Ctrl Pts',(-38.4880187235008,5.89472259922741,79.3026223017443));
#6197=CARTESIAN_POINT('Ctrl Pts',(-38.5283023976608,5.89924776605841,79.7058413933085));
#6198=CARTESIAN_POINT('Ctrl Pts',(-38.5684768326446,5.90393812869163,80.1090589843197));
#6199=CARTESIAN_POINT('Ctrl Pts',(-38.566493011401,4.86504456645457,47.8505776492297));
#6200=CARTESIAN_POINT('Ctrl Pts',(-38.5270242431788,4.85701216589677,48.2537959492616));
#6201=CARTESIAN_POINT('Ctrl Pts',(-38.4890054280297,4.85001895902853,48.6570156172589));
#6202=CARTESIAN_POINT('Ctrl Pts',(-38.4520823170792,4.84375975951535,49.060236655992));
#6203=CARTESIAN_POINT('Ctrl Pts',(-38.385176252976,4.83265769427999,49.8666812599439));
#6204=CARTESIAN_POINT('Ctrl Pts',(-38.3346532206291,4.82971079681317,50.6731305189922));
#6205=CARTESIAN_POINT('Ctrl Pts',(-38.3143509447118,4.83122877272184,51.0763562116695));
#6206=CARTESIAN_POINT('Ctrl Pts',(-38.2693902826048,4.84560907024812,52.2860361864547));
#6207=CARTESIAN_POINT('Ctrl Pts',(-38.2704929956387,4.88865384850689,53.4957240655498));
#6208=CARTESIAN_POINT('Ctrl Pts',(-38.2899685463391,4.9293145844286,54.302185461924));
#6209=CARTESIAN_POINT('Ctrl Pts',(-38.3510056999397,5.02197545683829,55.9151127677071));
#6210=CARTESIAN_POINT('Ctrl Pts',(-38.4360810058545,5.12082472304084,57.5280473638702));
#6211=CARTESIAN_POINT('Ctrl Pts',(-38.4792848547961,5.16746002675538,58.3345160493138));
#6212=CARTESIAN_POINT('Ctrl Pts',(-38.5589653045668,5.2496455982246,59.9474555536673));
#6213=CARTESIAN_POINT('Ctrl Pts',(-38.6149067470471,5.30370957041955,61.5603982533658));
#6214=CARTESIAN_POINT('Ctrl Pts',(-38.6343559485075,5.32220269593341,62.3668701340269));
#6215=CARTESIAN_POINT('Ctrl Pts',(-38.6537339635496,5.34109536390343,63.9798145256525));
#6216=CARTESIAN_POINT('Ctrl Pts',(-38.634065213593,5.32368885169313,65.5927592660184));
#6217=CARTESIAN_POINT('Ctrl Pts',(-38.6144745671116,5.30591596759119,66.3992314954318));
#6218=CARTESIAN_POINT('Ctrl Pts',(-38.5582660634771,5.25320064326483,68.0121751914565));
#6219=CARTESIAN_POINT('Ctrl Pts',(-38.4783696230928,5.17208101538771,69.6251160883037));
#6220=CARTESIAN_POINT('Ctrl Pts',(-38.4350753375159,5.12588344557203,70.4315855191002));
#6221=CARTESIAN_POINT('Ctrl Pts',(-38.3498658682193,5.02766589115991,72.0445215499156));
#6222=CARTESIAN_POINT('Ctrl Pts',(-38.2888106923678,4.93505302797584,73.6574498102761));
#6223=CARTESIAN_POINT('Ctrl Pts',(-38.2693608302913,4.89424646064889,74.4639114726064));
#6224=CARTESIAN_POINT('Ctrl Pts',(-38.2683564077358,4.85069730927536,75.6735992757995));
#6225=CARTESIAN_POINT('Ctrl Pts',(-38.3135104427132,4.83536888667009,76.8832782757332));
#6226=CARTESIAN_POINT('Ctrl Pts',(-38.3338880400747,4.83348470748451,77.2865035332494));
#6227=CARTESIAN_POINT('Ctrl Pts',(-38.3845838187509,4.83559874797835,78.0929516835271));
#6228=CARTESIAN_POINT('Ctrl Pts',(-38.4517057122005,4.84567185338941,78.8993946803585));
#6229=CARTESIAN_POINT('Ctrl Pts',(-38.4887472107426,4.8513691062019,79.3026147867353));
#6230=CARTESIAN_POINT('Ctrl Pts',(-38.5268944053997,4.85775338664459,79.7058333865605));
#6231=CARTESIAN_POINT('Ctrl Pts',(-38.5664990981847,4.86513529176003,80.1090504914711));
#6232=CARTESIAN_POINT('Ctrl Pts',(-38.5916465532489,3.30891843682969,47.8506490792366));
#6233=CARTESIAN_POINT('Ctrl Pts',(-38.5534537916267,3.29781639250219,48.253866961631));
#6234=CARTESIAN_POINT('Ctrl Pts',(-38.5203176381748,3.28671007209444,48.657086172407));
#6235=CARTESIAN_POINT('Ctrl Pts',(-38.491882218447,3.27516221592909,49.0603067097829));
#6236=CARTESIAN_POINT('Ctrl Pts',(-38.447104463153,3.25981215020471,49.8667501931418));
#6237=CARTESIAN_POINT('Ctrl Pts',(-38.4286714813016,3.26260838917497,50.6731981046296));
#6238=CARTESIAN_POINT('Ctrl Pts',(-38.4265614970349,3.26970726872438,51.0764230654323));
#6239=CARTESIAN_POINT('Ctrl Pts',(-38.4393002158186,3.30859462543008,52.2861006661574));
#6240=CARTESIAN_POINT('Ctrl Pts',(-38.5003305885866,3.39527986855719,53.4957856376433));
#6241=CARTESIAN_POINT('Ctrl Pts',(-38.5541070930578,3.46943737349568,54.302244859549));
#6242=CARTESIAN_POINT('Ctrl Pts',(-38.6721805159696,3.62806573974147,55.9151673964562));
#6243=CARTESIAN_POINT('Ctrl Pts',(-38.7937899727099,3.7852353837144,57.5280965146753));
#6244=CARTESIAN_POINT('Ctrl Pts',(-38.8508298193499,3.85738693749601,58.334562316776));
#6245=CARTESIAN_POINT('Ctrl Pts',(-38.9516665084548,3.98269711189184,59.9474958412147));
#6246=CARTESIAN_POINT('Ctrl Pts',(-39.0181910440404,4.0631215637541,61.5604322711753));
#6247=CARTESIAN_POINT('Ctrl Pts',(-39.0409486195245,4.09040768007177,62.3669009789447));
#6248=CARTESIAN_POINT('Ctrl Pts',(-39.0636172784778,4.11811075860311,63.9798390126962));
#6249=CARTESIAN_POINT('Ctrl Pts',(-39.0405868993022,4.09193549413473,65.5927774880276));
#6250=CARTESIAN_POINT('Ctrl Pts',(-39.0176528856865,4.06539165950293,66.3992466373049));
#6251=CARTESIAN_POINT('Ctrl Pts',(-38.9507933459361,3.98636473169757,68.0121843316916));
#6252=CARTESIAN_POINT('Ctrl Pts',(-38.8496816836862,3.86217698339414,69.625119629899));
#6253=CARTESIAN_POINT('Ctrl Pts',(-38.7925253256425,3.79049287587949,70.4315863834593));
#6254=CARTESIAN_POINT('Ctrl Pts',(-38.6707404435125,3.63401255569848,72.0445173347467));
#6255=CARTESIAN_POINT('Ctrl Pts',(-38.5526390689369,3.47546963643852,73.6574410754282));
#6256=CARTESIAN_POINT('Ctrl Pts',(-38.498893453193,3.40117602729528,74.4639006206896));
#6257=CARTESIAN_POINT('Ctrl Pts',(-38.4379883113066,3.31397850556263,75.6735854451412));
#6258=CARTESIAN_POINT('Ctrl Pts',(-38.4254975247605,3.27409547751807,76.883261708895));
#6259=CARTESIAN_POINT('Ctrl Pts',(-38.4277040250887,3.26660983572951,77.2864860784835));
#6260=CARTESIAN_POINT('Ctrl Pts',(-38.4463577992097,3.26293007564488,78.0929324935732));
#6261=CARTESIAN_POINT('Ctrl Pts',(-38.4914107341174,3.27718136950524,78.899373823754));
#6262=CARTESIAN_POINT('Ctrl Pts',(-38.519997248113,3.28812688993015,79.3025931125283));
#6263=CARTESIAN_POINT('Ctrl Pts',(-38.553296096653,3.29858262106788,79.7058109038808));
#6264=CARTESIAN_POINT('Ctrl Pts',(-38.5916609497542,3.30898949119975,80.1090272100476));
#6265=CARTESIAN_POINT('Ctrl Pts',(-38.7559480999696,1.75240712319723,47.850733755881));
#6266=CARTESIAN_POINT('Ctrl Pts',(-38.7193981187746,1.73760067055286,48.2539511499803));
#6267=CARTESIAN_POINT('Ctrl Pts',(-38.6938742648502,1.72747342409447,48.6571698046327));
#6268=CARTESIAN_POINT('Ctrl Pts',(-38.679253621699,1.72147567243511,49.0603897116497));
#6269=CARTESIAN_POINT('Ctrl Pts',(-38.6732693262762,1.72451113251711,49.8668317859246));
#6270=CARTESIAN_POINT('Ctrl Pts',(-38.7062675100557,1.76041482681107,50.6732779664988));
#6271=CARTESIAN_POINT('Ctrl Pts',(-38.7308154579735,1.78744464058525,51.0765019766346));
#6272=CARTESIAN_POINT('Ctrl Pts',(-38.8212874284586,1.89190621210394,52.2861764647471));
#6273=CARTESIAN_POINT('Ctrl Pts',(-38.9480265590043,2.05247071752497,53.4958575542932));
#6274=CARTESIAN_POINT('Ctrl Pts',(-39.0355186658803,2.17118990929772,54.3023138570875));
#6275=CARTESIAN_POINT('Ctrl Pts',(-39.2079888781623,2.40851205363142,55.9152299930763));
#6276=CARTESIAN_POINT('Ctrl Pts',(-39.3619405110225,2.62348598104009,57.5281517780586));
#6277=CARTESIAN_POINT('Ctrl Pts',(-39.4311031123374,2.71940747133704,58.3346137297217));
#6278=CARTESIAN_POINT('Ctrl Pts',(-39.5502423096711,2.88334678061136,59.9475392823114));
#6279=CARTESIAN_POINT('Ctrl Pts',(-39.6257275952081,2.9858172800252,61.5604673678147));
#6280=CARTESIAN_POINT('Ctrl Pts',(-39.6512766788417,3.02033245136163,62.3669318528691));
#6281=CARTESIAN_POINT('Ctrl Pts',(-39.6767190028303,3.05526993238862,63.9798614174442));
#6282=CARTESIAN_POINT('Ctrl Pts',(-39.6508539115864,3.02188322263397,65.5927915274411));
#6283=CARTESIAN_POINT('Ctrl Pts',(-39.6250977310646,2.98812449845554,66.3992565576384));
#6284=CARTESIAN_POINT('Ctrl Pts',(-39.5492155367476,2.88709074767982,68.0121862159652));
#6285=CARTESIAN_POINT('Ctrl Pts',(-39.4297412002246,2.72433664358032,69.6251140189016));
#6286=CARTESIAN_POINT('Ctrl Pts',(-39.3604331415451,2.62892037570181,70.4315771938628));
#6287=CARTESIAN_POINT('Ctrl Pts',(-39.2062540063487,2.41471955894227,72.0445013866456));
#6288=CARTESIAN_POINT('Ctrl Pts',(-39.0337284118959,2.17755734401033,73.6574192191582));
#6289=CARTESIAN_POINT('Ctrl Pts',(-38.9462626711247,2.05873081175321,74.4638760365271));
#6290=CARTESIAN_POINT('Ctrl Pts',(-38.819663618852,1.89766827977758,75.6735570988392));
#6291=CARTESIAN_POINT('Ctrl Pts',(-38.7294908701247,1.79216553581836,76.8832300258513));
#6292=CARTESIAN_POINT('Ctrl Pts',(-38.7050608176325,1.76472623029912,77.2864533266929));
#6293=CARTESIAN_POINT('Ctrl Pts',(-38.6723341973212,1.72787762632608,78.0928976811884));
#6294=CARTESIAN_POINT('Ctrl Pts',(-38.678658224596,1.72365188587372,78.8993370826913));
#6295=CARTESIAN_POINT('Ctrl Pts',(-38.6934648970632,1.72899513747433,79.3025554343689));
#6296=CARTESIAN_POINT('Ctrl Pts',(-38.7191901908888,1.73841008882371,79.7057723098766));
#6297=CARTESIAN_POINT('Ctrl Pts',(-38.7559537684297,1.75245279419276,80.1089877235499));
#6298=CARTESIAN_POINT('Ctrl Pts',(-38.8306007115859,1.23911596281123,47.8507634454631));
#6299=CARTESIAN_POINT('Ctrl Pts',(-38.7946018897094,1.22304329647536,48.2539806700328));
#6300=CARTESIAN_POINT('Ctrl Pts',(-38.7720072821802,1.21374435283553,48.6571991305516));
#6301=CARTESIAN_POINT('Ctrl Pts',(-38.762880383842,1.2104544151396,49.0604188164795));
#6302=CARTESIAN_POINT('Ctrl Pts',(-38.7724579182826,1.22111456547337,49.8668603942985));
#6303=CARTESIAN_POINT('Ctrl Pts',(-38.8251012639473,1.27089794392416,50.6733059574739));
#6304=CARTESIAN_POINT('Ctrl Pts',(-38.8594279279661,1.3063879063667,51.0765296264943));
#6305=CARTESIAN_POINT('Ctrl Pts',(-38.9774675959367,1.43786646180688,52.2862029938536));
#6306=CARTESIAN_POINT('Ctrl Pts',(-39.1253585336217,1.62663240215033,53.4958826769031));
#6307=CARTESIAN_POINT('Ctrl Pts',(-39.2232096990024,1.7610870792073,54.3023379209853));
#6308=CARTESIAN_POINT('Ctrl Pts',(-39.4121882287881,2.0254466483568,55.9152517365053));
#6309=CARTESIAN_POINT('Ctrl Pts',(-39.5756316384763,2.25904924827892,57.5281708672379));
#6310=CARTESIAN_POINT('Ctrl Pts',(-39.6483414952759,2.36246964430348,58.3346314267622));
#6311=CARTESIAN_POINT('Ctrl Pts',(-39.7728022845724,2.53841248199887,59.9475540993564));
#6312=CARTESIAN_POINT('Ctrl Pts',(-39.8508657863884,2.64754665504378,61.5604791729078));
#6313=CARTESIAN_POINT('Ctrl Pts',(-39.877216059471,2.68423181416045,62.366942133978));
#6314=CARTESIAN_POINT('Ctrl Pts',(-39.9034538027928,2.72133931415031,63.9798686414204));
#6315=CARTESIAN_POINT('Ctrl Pts',(-39.8767743642721,2.68578728251705,65.592795729712));
#6316=CARTESIAN_POINT('Ctrl Pts',(-39.850207404407,2.64986199652608,66.3992592712683));
#6317=CARTESIAN_POINT('Ctrl Pts',(-39.7717272818728,2.54217581264666,68.0121860238971));
#6318=CARTESIAN_POINT('Ctrl Pts',(-39.6469112614601,2.36743935112401,69.6251111156041));
#6319=CARTESIAN_POINT('Ctrl Pts',(-39.5740459718509,2.26453754943094,70.4315729962621));
#6320=CARTESIAN_POINT('Ctrl Pts',(-39.410356325693,2.03173898772447,72.0444947468883));
#6321=CARTESIAN_POINT('Ctrl Pts',(-39.2213108497729,1.76756897090402,73.6574104533552));
#6322=CARTESIAN_POINT('Ctrl Pts',(-39.1234831743011,1.63301905206333,74.4638662926347));
#6323=CARTESIAN_POINT('Ctrl Pts',(-38.9757353363737,1.44376329538537,75.6735460133218));
#6324=CARTESIAN_POINT('Ctrl Pts',(-38.8580115699539,1.31122883408355,76.8832177616311));
#6325=CARTESIAN_POINT('Ctrl Pts',(-38.8238100187769,1.27532150297341,77.2864406863146));
#6326=CARTESIAN_POINT('Ctrl Pts',(-38.771456080986,1.22457027996843,78.0928843179179));
#6327=CARTESIAN_POINT('Ctrl Pts',(-38.7622418282759,1.21268349310528,78.899323047891));
#6328=CARTESIAN_POINT('Ctrl Pts',(-38.7715676075325,1.21529794313799,79.3025410752581));
#6329=CARTESIAN_POINT('Ctrl Pts',(-38.7943775309108,1.22386072284651,79.7057576345304));
#6330=CARTESIAN_POINT('Ctrl Pts',(-38.8306043163792,1.23914426756075,80.1089727404962));
#6331=CARTESIAN_POINT('Ctrl Pts',(-39.0306913167558,0.228429516475191,47.8508257434513));
#6332=CARTESIAN_POINT('Ctrl Pts',(-38.9949447668051,0.210773541930059,48.2540426169607));
#6333=CARTESIAN_POINT('Ctrl Pts',(-38.9813442369378,0.201478563416146,48.6572606808539));
#6334=CARTESIAN_POINT('Ctrl Pts',(-38.9907506199983,0.199601278026016,49.0604799191029));
#6335=CARTESIAN_POINT('Ctrl Pts',(-39.042051387846,0.232667561683347,49.8669204586404));
#6336=CARTESIAN_POINT('Ctrl Pts',(-39.138028115106,0.324896901212729,50.6733647006767));
#6337=CARTESIAN_POINT('Ctrl Pts',(-39.1919687486171,0.383663120820299,51.0765876364924));
#6338=CARTESIAN_POINT('Ctrl Pts',(-39.3625116938941,0.583863400771382,52.2862585879172));
#6339=CARTESIAN_POINT('Ctrl Pts',(-39.5449453851065,0.832895644103752,53.4959352229065));
#6340=CARTESIAN_POINT('Ctrl Pts',(-39.6595258064635,0.998648251143891,54.3023881701308));
#6341=CARTESIAN_POINT('Ctrl Pts',(-39.8747192154059,1.31542451011643,55.91529695755));
#6342=CARTESIAN_POINT('Ctrl Pts',(-40.0528983701479,1.58295284150139,57.5282103526914));
#6343=CARTESIAN_POINT('Ctrl Pts',(-40.1311132351504,1.69979001034151,58.3346679088747));
#6344=CARTESIAN_POINT('Ctrl Pts',(-40.2637785975206,1.89688110150732,59.9475843754048));
#6345=CARTESIAN_POINT('Ctrl Pts',(-40.3457695784531,2.0174339732656,61.5605029672717));
#6346=CARTESIAN_POINT('Ctrl Pts',(-40.3733332208731,2.05781068524324,62.3669626495799));
#6347=CARTESIAN_POINT('Ctrl Pts',(-40.4007742849225,2.09860606568013,63.9798825785996));
#6348=CARTESIAN_POINT('Ctrl Pts',(-40.372857354269,2.05936739999863,65.5928031594018));
#6349=CARTESIAN_POINT('Ctrl Pts',(-40.3450595107095,2.01975373127877,66.3992634929287));
#6350=CARTESIAN_POINT('Ctrl Pts',(-40.2626150748451,1.90066561974295,68.0121839791483));
#6351=CARTESIAN_POINT('Ctrl Pts',(-40.1295546473454,1.70482239052048,69.625103218087));
#6352=CARTESIAN_POINT('Ctrl Pts',(-40.0511638315329,1.58853171523552,70.4315623040271));
#6353=CARTESIAN_POINT('Ctrl Pts',(-39.8726980085405,1.32187535772308,72.0444787842237));
#6354=CARTESIAN_POINT('Ctrl Pts',(-39.6574085576223,1.00535908358769,73.6573899181175));
#6355=CARTESIAN_POINT('Ctrl Pts',(-39.5428423337305,0.839541815957937,74.4638436607153));
#6356=CARTESIAN_POINT('Ctrl Pts',(-39.3605522250823,0.590043804521821,75.6735205204237));
#6357=CARTESIAN_POINT('Ctrl Pts',(-39.1903548801474,0.38876273277288,76.8831897794744));
#6358=CARTESIAN_POINT('Ctrl Pts',(-39.1365528739392,0.329564599934909,77.2864119127935));
#6359=CARTESIAN_POINT('Ctrl Pts',(-39.0409007991538,0.236323328561001,78.092854029363));
#6360=CARTESIAN_POINT('Ctrl Pts',(-38.9900133851223,0.20195218289195,78.8992913590044));
#6361=CARTESIAN_POINT('Ctrl Pts',(-38.9808347500729,0.203103605279065,79.302508708819));
#6362=CARTESIAN_POINT('Ctrl Pts',(-38.994678543722,0.211610977764433,79.7057246117757));
#6363=CARTESIAN_POINT('Ctrl Pts',(-39.0306816448272,0.228423305426165,80.1089390840484));
#6364=CARTESIAN_POINT('Ctrl Pts',(-39.4492275760384,-0.745046099608571,
47.8508939971469));
#6365=CARTESIAN_POINT('Ctrl Pts',(-39.4141453354799,-0.767197722019002,
48.2541105135317));
#6366=CARTESIAN_POINT('Ctrl Pts',(-39.4096431674725,-0.766093429529466,
48.6573281530855));
#6367=CARTESIAN_POINT('Ctrl Pts',(-39.4377331295313,-0.740807786970415,
49.060546889053));
#6368=CARTESIAN_POINT('Ctrl Pts',(-39.5238232553242,-0.643842215563984,
49.8669862613137));
#6369=CARTESIAN_POINT('Ctrl Pts',(-39.6471412280192,-0.485233159325221,
50.6734289988673));
#6370=CARTESIAN_POINT('Ctrl Pts',(-39.7114279408799,-0.396937401655576,
51.0766510943814));
#6371=CARTESIAN_POINT('Ctrl Pts',(-39.9072821103415,-0.117559479495306,
52.2863192578176));
#6372=CARTESIAN_POINT('Ctrl Pts',(-40.1012868509143,0.18379885867714,53.4959923387904));
#6373=CARTESIAN_POINT('Ctrl Pts',(-40.2217862372055,0.375419862422932,54.3024426074604));
#6374=CARTESIAN_POINT('Ctrl Pts',(-40.4457969143716,0.732870642492857,55.9153455612009));
#6375=CARTESIAN_POINT('Ctrl Pts',(-40.6287340193591,1.02380213283593,57.5282523593142));
#6376=CARTESIAN_POINT('Ctrl Pts',(-40.7086941183663,1.14951078315235,58.3347064760509));
#6377=CARTESIAN_POINT('Ctrl Pts',(-40.8438460109473,1.36004929973532,59.9476158552135));
#6378=CARTESIAN_POINT('Ctrl Pts',(-40.9268918194119,1.48731279224177,61.5605270691851));
#6379=CARTESIAN_POINT('Ctrl Pts',(-40.9547557400035,1.52980612517545,62.3669830215555));
#6380=CARTESIAN_POINT('Ctrl Pts',(-40.9824916831596,1.57270781188167,63.9798954640226));
#6381=CARTESIAN_POINT('Ctrl Pts',(-40.9542550434331,1.5313429067254,65.592808624376));
#6382=CARTESIAN_POINT('Ctrl Pts',(-40.9261437368848,1.48960594461037,66.3992652938226));
#6383=CARTESIAN_POINT('Ctrl Pts',(-40.842614862801,1.36380746798904,68.0121786085606));
#6384=CARTESIAN_POINT('Ctrl Pts',(-40.7070305353182,1.15455219616563,69.625091126503));
#6385=CARTESIAN_POINT('Ctrl Pts',(-40.6268735661562,1.02941842765327,70.4315469983612));
#6386=CARTESIAN_POINT('Ctrl Pts',(-40.4436041025941,0.73943750846118,72.04445741629));
#6387=CARTESIAN_POINT('Ctrl Pts',(-40.2194549223378,0.382343218995855,73.6573633128107));
#6388=CARTESIAN_POINT('Ctrl Pts',(-40.0989518195063,0.190704616858877,74.4638146663667));
#6389=CARTESIAN_POINT('Ctrl Pts',(-39.9050777584969,-0.111074750225787,
75.6734882966257));
#6390=CARTESIAN_POINT('Ctrl Pts',(-39.709587186674,-0.391550099973132,76.8831547978691));
#6391=CARTESIAN_POINT('Ctrl Pts',(-39.6454490616015,-0.48029146724829,77.2863760611141));
#6392=CARTESIAN_POINT('Ctrl Pts',(-39.5224842637061,-0.639955598279441,
78.0928165258374));
#6393=CARTESIAN_POINT('Ctrl Pts',(-39.4368521052851,-0.738302582075135,
78.8992523561771));
#6394=CARTESIAN_POINT('Ctrl Pts',(-39.4090156491339,-0.764360056014358,
79.3024689895202));
#6395=CARTESIAN_POINT('Ctrl Pts',(-39.4137903967152,-0.766315121054809,
79.7056841982625));
#6396=CARTESIAN_POINT('Ctrl Pts',(-39.4491636573235,-0.745082606683601,
80.1088980000021));
#6397=CARTESIAN_POINT('Ctrl Pts',(-39.7350409400633,-1.22987502956787,47.8509296533465));
#6398=CARTESIAN_POINT('Ctrl Pts',(-39.7002508609111,-1.25698955108035,48.2541459960721));
#6399=CARTESIAN_POINT('Ctrl Pts',(-39.7006505941109,-1.24249290771242,48.6573634085919));
#6400=CARTESIAN_POINT('Ctrl Pts',(-39.7385793982864,-1.18422645757194,49.0605818578623));
#6401=CARTESIAN_POINT('Ctrl Pts',(-39.8358865497278,-1.03573366742706,49.8670206017789));
#6402=CARTESIAN_POINT('Ctrl Pts',(-39.962699654499,-0.839302350983645,50.6734625423075));
#6403=CARTESIAN_POINT('Ctrl Pts',(-40.0274125533545,-0.73619142118003,51.0766841904817));
#6404=CARTESIAN_POINT('Ctrl Pts',(-40.2234074402448,-0.41915528918608,52.286350862664));
#6405=CARTESIAN_POINT('Ctrl Pts',(-40.4154800778571,-0.0974399378508247,
53.4960220307097));
#6406=CARTESIAN_POINT('Ctrl Pts',(-40.535508656863,0.104508115458306,54.3024708592137));
#6407=CARTESIAN_POINT('Ctrl Pts',(-40.7585839184692,0.477278218571904,55.9153706871043));
#6408=CARTESIAN_POINT('Ctrl Pts',(-40.9410177845112,0.77631638591669,57.5282739696362));
#6409=CARTESIAN_POINT('Ctrl Pts',(-41.020759386789,0.9049790768574,58.3347262581486));
#6410=CARTESIAN_POINT('Ctrl Pts',(-41.1555068478629,1.11982002761017,59.9476318760295));
#6411=CARTESIAN_POINT('Ctrl Pts',(-41.238255100333,1.24903862543895,61.5605391818343));
#6412=CARTESIAN_POINT('Ctrl Pts',(-41.2660061625319,1.2921268917338,62.3669931590451));
#6413=CARTESIAN_POINT('Ctrl Pts',(-41.2936281409976,1.33561688776735,63.979901636256));
#6414=CARTESIAN_POINT('Ctrl Pts',(-41.2654958744875,1.29364720221177,65.5928108619676));
#6415=CARTESIAN_POINT('Ctrl Pts',(-41.2374921633587,1.25130889607151,66.3992655867393));
#6416=CARTESIAN_POINT('Ctrl Pts',(-41.1542483510985,1.12355005213487,68.0121750907521));
#6417=CARTESIAN_POINT('Ctrl Pts',(-41.019050823701,0.910007419472617,69.6250840292958));
#6418=CARTESIAN_POINT('Ctrl Pts',(-40.9391019734561,0.781933470216251,70.4315381875183));
#6419=CARTESIAN_POINT('Ctrl Pts',(-40.7563117625897,0.483887438237242,72.0444453714981));
#6420=CARTESIAN_POINT('Ctrl Pts',(-40.533073075795,0.111529459792549,73.6573484771791));
#6421=CARTESIAN_POINT('Ctrl Pts',(-40.4130292878532,-0.0904077596760031,
74.4637985602564));
#6422=CARTESIAN_POINT('Ctrl Pts',(-40.2210769043082,-0.412514936545212,
75.673470480459));
#6423=CARTESIAN_POINT('Ctrl Pts',(-40.0254505830908,-0.730656087686527,
76.8831355339587));
#6424=CARTESIAN_POINT('Ctrl Pts',(-39.9608899485354,-0.834220277733987,
77.2863563420517));
#6425=CARTESIAN_POINT('Ctrl Pts',(-39.8344411853815,-1.03173139939622,78.0927959462886));
#6426=CARTESIAN_POINT('Ctrl Pts',(-39.7376096300711,-1.1816448666231,78.8992310058808));
#6427=CARTESIAN_POINT('Ctrl Pts',(-39.6999437023136,-1.24070187871604,79.3024472758357));
#6428=CARTESIAN_POINT('Ctrl Pts',(-39.6998299983425,-1.25608767399128,79.7056621301664));
#6429=CARTESIAN_POINT('Ctrl Pts',(-39.7349305807999,-1.22993907594887,80.1088755874689));
#6430=CARTESIAN_POINT('Ctrl Pts',(-40.5653371973575,-1.86086241911146,47.8510036362309));
#6431=CARTESIAN_POINT('Ctrl Pts',(-40.5362138328693,-1.89034214290039,48.2542196238947));
#6432=CARTESIAN_POINT('Ctrl Pts',(-40.5324513752142,-1.86924692493842,48.6574366273951));
#6433=CARTESIAN_POINT('Ctrl Pts',(-40.5553562961412,-1.79414751187422,49.0606546038721));
#6434=CARTESIAN_POINT('Ctrl Pts',(-40.6217712770546,-1.60915390141605,49.8670921609007));
#6435=CARTESIAN_POINT('Ctrl Pts',(-40.7198769441361,-1.37799650254931,50.6735324384402));
#6436=CARTESIAN_POINT('Ctrl Pts',(-40.7726638820162,-1.26010927847521,51.0767531331511));
#6437=CARTESIAN_POINT('Ctrl Pts',(-40.937922901224,-0.904290337501581,52.2864166102363));
#6438=CARTESIAN_POINT('Ctrl Pts',(-41.1127809894067,-0.559113570589515,
53.4960836498054));
#6439=CARTESIAN_POINT('Ctrl Pts',(-41.2248058542071,-0.345998277770036,
54.3025293827633));
#6440=CARTESIAN_POINT('Ctrl Pts',(-41.4358621497556,0.0430699837323031,
55.9154225222594));
#6441=CARTESIAN_POINT('Ctrl Pts',(-41.6117786871114,0.349552409579148,57.5283183396737));
#6442=CARTESIAN_POINT('Ctrl Pts',(-41.6889614342547,0.480578500951092,58.3347667586295));
#6443=CARTESIAN_POINT('Ctrl Pts',(-41.8196713787947,0.69839591451471,59.9476644305025));
#6444=CARTESIAN_POINT('Ctrl Pts',(-41.9001732887615,0.828396428448225,61.5605634979399));
#6445=CARTESIAN_POINT('Ctrl Pts',(-41.9271689338508,0.871646401717827,62.3670133128979));
#6446=CARTESIAN_POINT('Ctrl Pts',(-41.9540366140135,0.915282555550752,63.9799134319448));
#6447=CARTESIAN_POINT('Ctrl Pts',(-41.9266462403185,0.873118107906289,65.5928143523481));
#6448=CARTESIAN_POINT('Ctrl Pts',(-41.8993906740384,0.8305977274813,66.399264967476));
#6449=CARTESIAN_POINT('Ctrl Pts',(-41.8183741539128,0.702032564495221,68.0121664059933));
#6450=CARTESIAN_POINT('Ctrl Pts',(-41.6871823563295,0.485535260646124,69.6250677448956));
#6451=CARTESIAN_POINT('Ctrl Pts',(-41.6097724359429,0.355123509355736,70.4315182586467));
#6452=CARTESIAN_POINT('Ctrl Pts',(-41.4334501657124,0.0497192891701409,
72.0444185567564));
#6453=CARTESIAN_POINT('Ctrl Pts',(-41.2221729017604,-0.338808215206934,
73.6573157195806));
#6454=CARTESIAN_POINT('Ctrl Pts',(-41.1101044677115,-0.551844117194866,
74.4637631006864));
#6455=CARTESIAN_POINT('Ctrl Pts',(-40.935336582147,-0.897332915112259,75.6734314008034));
#6456=CARTESIAN_POINT('Ctrl Pts',(-40.7704512150579,-1.25426912409832,76.883093416327));
#6457=CARTESIAN_POINT('Ctrl Pts',(-40.7178229974576,-1.37262667107603,77.286313272967));
#6458=CARTESIAN_POINT('Ctrl Pts',(-40.6201060726451,-1.60493473958277,78.0927510808301));
#6459=CARTESIAN_POINT('Ctrl Pts',(-40.5542167904037,-1.79149939046241,78.8991845229058));
#6460=CARTESIAN_POINT('Ctrl Pts',(-40.5316057664139,-1.86749071672082,79.3024000188242));
#6461=CARTESIAN_POINT('Ctrl Pts',(-40.5356954542772,-1.88957030462545,79.7056141352679));
#6462=CARTESIAN_POINT('Ctrl Pts',(-40.5651770473087,-1.86114149298482,80.1088268922431));
#6463=CARTESIAN_POINT('Ctrl Pts',(-41.6565481988521,-1.95178611409539,47.8510836465898));
#6464=CARTESIAN_POINT('Ctrl Pts',(-41.6364142367335,-1.97631456554855,48.2542993188443));
#6465=CARTESIAN_POINT('Ctrl Pts',(-41.6198093848711,-1.96696583794033,48.6575159319266));
#6466=CARTESIAN_POINT('Ctrl Pts',(-41.606259175302,-1.9218498752344,49.0607334166821));
#6467=CARTESIAN_POINT('Ctrl Pts',(-41.6080822971541,-1.78324194314773,49.8671696479895));
#6468=CARTESIAN_POINT('Ctrl Pts',(-41.651281248601,-1.58362202353455,50.6736080014899));
#6469=CARTESIAN_POINT('Ctrl Pts',(-41.6812606807834,-1.47712049576257,51.0768275899106));
#6470=CARTESIAN_POINT('Ctrl Pts',(-41.7871605894015,-1.14905017218855,52.286487343057));
#6471=CARTESIAN_POINT('Ctrl Pts',(-41.9269151932214,-0.816635258908681,
53.4961495755546));
#6472=CARTESIAN_POINT('Ctrl Pts',(-42.0216315898162,-0.611033116996809,
54.3025917478471));
#6473=CARTESIAN_POINT('Ctrl Pts',(-42.2059579839944,-0.234890689544856,
55.915477304063));
#6474=CARTESIAN_POINT('Ctrl Pts',(-42.3663672491375,0.06110919050166,57.5283648171537));
#6475=CARTESIAN_POINT('Ctrl Pts',(-42.4374496347194,0.187291952434368,58.3348089608376));
#6476=CARTESIAN_POINT('Ctrl Pts',(-42.5585795873995,0.396675098230857,59.9476978865527));
#6477=CARTESIAN_POINT('Ctrl Pts',(-42.6338659461349,0.521163370839412,61.5605879246154));
#6478=CARTESIAN_POINT('Ctrl Pts',(-42.6591454514602,0.562513090874096,62.3670331801465));
#6479=CARTESIAN_POINT('Ctrl Pts',(-42.6843034542384,0.604227816588477,63.979924137891));
#6480=CARTESIAN_POINT('Ctrl Pts',(-42.6586257344097,0.563901052009021,65.5928159256064));
#6481=CARTESIAN_POINT('Ctrl Pts',(-42.6330865817533,0.523243246922779,66.3992620097776));
#6482=CARTESIAN_POINT('Ctrl Pts',(-42.5572810824894,0.400132315951852,68.0121545237563));
#6483=CARTESIAN_POINT('Ctrl Pts',(-42.4356482300919,0.19206582282161,69.62504738624));
#6484=CARTESIAN_POINT('Ctrl Pts',(-42.3643226119488,0.0665138137317062,
70.4314938162815));
#6485=CARTESIAN_POINT('Ctrl Pts',(-42.2034597779151,-0.228325522276486,
72.0443863669486));
#6486=CARTESIAN_POINT('Ctrl Pts',(-42.0188408004343,-0.603763644859406,
73.657276816416));
#6487=CARTESIAN_POINT('Ctrl Pts',(-41.9240404284331,-0.809187153628869,
74.4637211472162));
#6488=CARTESIAN_POINT('Ctrl Pts',(-41.7843240501607,-1.14177920347874,75.6733853836252));
#6489=CARTESIAN_POINT('Ctrl Pts',(-41.6787914440573,-1.47093468706125,76.8830440525063));
#6490=CARTESIAN_POINT('Ctrl Pts',(-41.6489754389792,-1.57791139964866,77.2862628705515));
#6491=CARTESIAN_POINT('Ctrl Pts',(-41.6061911150522,-1.77873085417566,78.0926987417832));
#6492=CARTESIAN_POINT('Ctrl Pts',(-41.6049633721115,-1.9190447898661,78.8991304789231));
#6493=CARTESIAN_POINT('Ctrl Pts',(-41.6188591545516,-1.96514814884092,79.3023451650373));
#6494=CARTESIAN_POINT('Ctrl Pts',(-41.6358521545426,-1.97557954146386,79.7055585108725));
#6495=CARTESIAN_POINT('Ctrl Pts',(-41.6564036820954,-1.95220378604084,80.1087705394993));
#6496=CARTESIAN_POINT('Ctrl Pts',(-42.1859037824086,-1.8992225593757,47.8511255644761));
#6497=CARTESIAN_POINT('Ctrl Pts',(-42.1681619871421,-1.92149000765948,48.2543411177685));
#6498=CARTESIAN_POINT('Ctrl Pts',(-42.1512055576949,-1.91681284345797,48.6575574806244));
#6499=CARTESIAN_POINT('Ctrl Pts',(-42.134011661524,-1.88448186388691,49.0607745576373));
#6500=CARTESIAN_POINT('Ctrl Pts',(-42.119643501747,-1.77549102993526,49.8672099285388));
#6501=CARTESIAN_POINT('Ctrl Pts',(-42.1410521296937,-1.60386216717976,50.6736472091921));
#6502=CARTESIAN_POINT('Ctrl Pts',(-42.1607079850478,-1.50876382463222,51.07686619718));
#6503=CARTESIAN_POINT('Ctrl Pts',(-42.2382768586469,-1.20977147632497,52.2865239298172));
#6504=CARTESIAN_POINT('Ctrl Pts',(-42.3579742657644,-0.893540634900735,
53.4961835742276));
#6505=CARTESIAN_POINT('Ctrl Pts',(-42.4429497089042,-0.696321747131279,
54.3026238411515));
#6506=CARTESIAN_POINT('Ctrl Pts',(-42.6115919814714,-0.334175095868001,
55.9155053769356));
#6507=CARTESIAN_POINT('Ctrl Pts',(-42.7624957095016,-0.0480212074245951,
57.5283885350715));
#6508=CARTESIAN_POINT('Ctrl Pts',(-42.8298139118462,0.0739000578678776,
58.334830444822));
#6509=CARTESIAN_POINT('Ctrl Pts',(-42.9449915477369,0.276164025751245,59.9477148089715));
#6510=CARTESIAN_POINT('Ctrl Pts',(-43.0170091749367,0.39630958404225,61.5606001478228));
#6511=CARTESIAN_POINT('Ctrl Pts',(-43.0412144946729,0.436191138045897,62.3670430310032));
#6512=CARTESIAN_POINT('Ctrl Pts',(-43.0653025634057,0.476425488674903,63.9799292203342));
#6513=CARTESIAN_POINT('Ctrl Pts',(-43.0407005645557,0.437527496611692,65.5928162460394));
#6514=CARTESIAN_POINT('Ctrl Pts',(-43.0162378780353,0.398314143016816,66.3992599642336));
#6515=CARTESIAN_POINT('Ctrl Pts',(-42.9437031264451,0.279507082650928,68.0121478085115));
#6516=CARTESIAN_POINT('Ctrl Pts',(-42.8280156799954,0.0785496417586681,
69.6250362149203));
#6517=CARTESIAN_POINT('Ctrl Pts',(-42.7604477207795,-0.0427361644746693,
70.431480492224));
#6518=CARTESIAN_POINT('Ctrl Pts',(-42.6090679661194,-0.327691614740264,
72.044368947542));
#6519=CARTESIAN_POINT('Ctrl Pts',(-42.4400941696207,-0.689043527081588,
73.6572558356992));
#6520=CARTESIAN_POINT('Ctrl Pts',(-42.3550111093787,-0.886024534338694,
74.4636985481765));
#6521=CARTESIAN_POINT('Ctrl Pts',(-42.2353201182939,-1.20234916612954,75.6733606303884));
#6522=CARTESIAN_POINT('Ctrl Pts',(-42.1581119917007,-1.50239029745414,76.8830175423837));
#6523=CARTESIAN_POINT('Ctrl Pts',(-42.1386213817356,-1.59795951629508,77.2862358178992));
#6524=CARTESIAN_POINT('Ctrl Pts',(-42.1176376337018,-1.77078652099975,78.092670691418));
#6525=CARTESIAN_POINT('Ctrl Pts',(-42.1326215036592,-1.88148228320824,78.8991015907121));
#6526=CARTESIAN_POINT('Ctrl Pts',(-42.1501713148881,-1.91478903880283,79.3023158988044));
#6527=CARTESIAN_POINT('Ctrl Pts',(-42.1675385100442,-1.92058054913771,79.7055288659307));
#6528=CARTESIAN_POINT('Ctrl Pts',(-42.1857307003533,-1.89953288855233,80.108740519162));
#6529=CARTESIAN_POINT('Ctrl Pts',(-43.1987899533979,-1.70835794245321,47.8512113820376));
#6530=CARTESIAN_POINT('Ctrl Pts',(-43.1845732461924,-1.72649844279382,48.2544267124129));
#6531=CARTESIAN_POINT('Ctrl Pts',(-43.1707133470182,-1.72859258273466,48.6576427003986));
#6532=CARTESIAN_POINT('Ctrl Pts',(-43.1564290192677,-1.71492182491747,49.0608592233075));
#6533=CARTESIAN_POINT('Ctrl Pts',(-43.1333684901168,-1.65165235616179,49.8672932424625));
#6534=CARTESIAN_POINT('Ctrl Pts',(-43.1305914942787,-1.5310104802691,50.6737284089602));
#6535=CARTESIAN_POINT('Ctrl Pts',(-43.1362786671381,-1.45945093002548,51.0769461210468));
#6536=CARTESIAN_POINT('Ctrl Pts',(-43.1720302152198,-1.22442719041197,52.286599499597));
#6537=CARTESIAN_POINT('Ctrl Pts',(-43.2541535735316,-0.953141517198916,
53.4962534913649));
#6538=CARTESIAN_POINT('Ctrl Pts',(-43.3200290596387,-0.779139680700268,
54.3026896924125));
#6539=CARTESIAN_POINT('Ctrl Pts',(-43.4566050741634,-0.456572594305362,
55.9155627280702));
#6540=CARTESIAN_POINT('Ctrl Pts',(-43.5866156367024,-0.198165222789172,
57.5284368018493));
#6541=CARTESIAN_POINT('Ctrl Pts',(-43.6455393357809,-0.0880042362452793,
58.3348740677354));
#6542=CARTESIAN_POINT('Ctrl Pts',(-43.7472581873958,0.0948298331268534,
59.947748967682));
#6543=CARTESIAN_POINT('Ctrl Pts',(-43.8117286725142,0.20340212616191,61.5606245757035));
#6544=CARTESIAN_POINT('Ctrl Pts',(-43.8334485016632,0.239405543628489,62.3670625472036));
#6545=CARTESIAN_POINT('Ctrl Pts',(-43.8550606210972,0.275732568159474,63.9799388601259));
#6546=CARTESIAN_POINT('Ctrl Pts',(-43.8329554073775,0.240618146232337,65.5928160024657));
#6547=CARTESIAN_POINT('Ctrl Pts',(-43.8109874899183,0.205224956671459,66.3992548021169));
#6548=CARTESIAN_POINT('Ctrl Pts',(-43.7460137903513,0.0978910683011526,
68.012132915303));
#6549=CARTESIAN_POINT('Ctrl Pts',(-43.6437810224334,-0.0836791631107508,
69.625011981873));
#6550=CARTESIAN_POINT('Ctrl Pts',(-43.5845991279618,-0.193205976749271,
70.4314517305524));
#6551=CARTESIAN_POINT('Ctrl Pts',(-43.4540743480718,-0.450354479470801,
72.0443315380938));
#6552=CARTESIAN_POINT('Ctrl Pts',(-43.3170840804845,-0.771931473418001,
73.6572108632337));
#6553=CARTESIAN_POINT('Ctrl Pts',(-43.2510476197595,-0.9455606596329,74.4636501289159));
#6554=CARTESIAN_POINT('Ctrl Pts',(-43.1688454649172,-1.21671305500088,75.6733076354915));
#6555=CARTESIAN_POINT('Ctrl Pts',(-43.1334333884552,-1.45268301400011,76.8829608295651));
#6556=CARTESIAN_POINT('Ctrl Pts',(-43.1279149526942,-1.52470104787014,77.2861779594734));
#6557=CARTESIAN_POINT('Ctrl Pts',(-43.1311570627291,-1.64658545955305,78.0926107075378));
#6558=CARTESIAN_POINT('Ctrl Pts',(-43.1549231224854,-1.71171073561844,78.8990397860454));
#6559=CARTESIAN_POINT('Ctrl Pts',(-43.1696097307199,-1.72643611241463,79.3022532648192));
#6560=CARTESIAN_POINT('Ctrl Pts',(-43.183938205869,-1.72556890445016,79.7054654402155));
#6561=CARTESIAN_POINT('Ctrl Pts',(-43.1986739600257,-1.70878966433483,80.1086763386941));
#6562=CARTESIAN_POINT('Ctrl Pts',(-44.1890515415371,-1.39375113419746,47.8513023114022));
#6563=CARTESIAN_POINT('Ctrl Pts',(-44.1784378849402,-1.40853373078582,48.2545175088529));
#6564=CARTESIAN_POINT('Ctrl Pts',(-44.1674511643181,-1.4124428091516,48.657733434194));
#6565=CARTESIAN_POINT('Ctrl Pts',(-44.155759614833,-1.4059911710408,49.0609498936303));
#6566=CARTESIAN_POINT('Ctrl Pts',(-44.1355546775724,-1.36815831419364,49.867382747302));
#6567=CARTESIAN_POINT('Ctrl Pts',(-44.1274297133844,-1.2863040902041,50.6738152972997));
#6568=CARTESIAN_POINT('Ctrl Pts',(-44.1279124997261,-1.23559385400589,51.0770313997348));
#6569=CARTESIAN_POINT('Ctrl Pts',(-44.1438432053972,-1.06286588644412,52.2866793652215));
#6570=CARTESIAN_POINT('Ctrl Pts',(-44.1986131252427,-0.848542574859175,
53.4963266817233));
#6571=CARTESIAN_POINT('Ctrl Pts',(-44.2479430106676,-0.706041562424331,
54.3027583566139));
#6572=CARTESIAN_POINT('Ctrl Pts',(-44.354834399851,-0.438700553834265,55.9156220607182));
#6573=CARTESIAN_POINT('Ctrl Pts',(-44.4625076185094,-0.220414040044946,
57.5284864059738));
#6574=CARTESIAN_POINT('Ctrl Pts',(-44.5121209562461,-0.12708226685742,58.334918727549));
#6575=CARTESIAN_POINT('Ctrl Pts',(-44.5984994950867,0.0280704471024283,
59.9477835750214));
#6576=CARTESIAN_POINT('Ctrl Pts',(-44.6539798687024,0.12038406199634,61.5606488819236));
#6577=CARTESIAN_POINT('Ctrl Pts',(-44.6727187936317,0.150981911414343,62.3670816557917));
#6578=CARTESIAN_POINT('Ctrl Pts',(-44.6913610310436,0.18186350863245,63.9799475095271));
#6579=CARTESIAN_POINT('Ctrl Pts',(-44.6722646606636,0.152032331133913,65.5928141432591));
#6580=CARTESIAN_POINT('Ctrl Pts',(-44.6532963506112,0.121966489817266,66.3992476961191));
#6581=CARTESIAN_POINT('Ctrl Pts',(-44.59734722013,0.0307459329382719,68.0121153765616));
#6582=CARTESIAN_POINT('Ctrl Pts',(-44.5104741575784,-0.123239396177098,
69.62498429785));
#6583=CARTESIAN_POINT('Ctrl Pts',(-44.4606065298904,-0.215966962055785,
70.4314190890838));
#6584=CARTESIAN_POINT('Ctrl Pts',(-44.352405054267,-0.432990668666606,72.0442893274137));
#6585=CARTESIAN_POINT('Ctrl Pts',(-44.2450202558649,-0.699151289889192,
73.6571601347403));
#6586=CARTESIAN_POINT('Ctrl Pts',(-44.1954690082261,-0.841125650496754,
74.4635955002662));
#6587=CARTESIAN_POINT('Ctrl Pts',(-44.1404906206842,-1.05497168313186,75.6732477853992));
#6588=CARTESIAN_POINT('Ctrl Pts',(-44.124817113819,-1.22838819748646,76.8828967721266));
#6589=CARTESIAN_POINT('Ctrl Pts',(-44.1244860015002,-1.27949286929643,77.2861126170496));
#6590=CARTESIAN_POINT('Ctrl Pts',(-44.1330851347583,-1.36256181082674,78.092543017163));
#6591=CARTESIAN_POINT('Ctrl Pts',(-44.1541264688421,-1.40251774321093,78.8989700817415));
#6592=CARTESIAN_POINT('Ctrl Pts',(-44.1663384350328,-1.41028824147518,79.3021825888563));
#6593=CARTESIAN_POINT('Ctrl Pts',(-44.1778962183663,-1.40783155726228,79.705393900874));
#6594=CARTESIAN_POINT('Ctrl Pts',(-44.1891082645445,-1.39457930790355,80.1086040453525));
#6595=CARTESIAN_POINT('Ctrl Pts',(-44.6821115195598,-1.22140287347958,47.8513504974511));
#6596=CARTESIAN_POINT('Ctrl Pts',(-44.6734070935515,-1.23457502452271,48.2545657153695));
#6597=CARTESIAN_POINT('Ctrl Pts',(-44.6634436931666,-1.23850841245503,48.6577815588195));
#6598=CARTESIAN_POINT('Ctrl Pts',(-44.651879157822,-1.2336700682363,49.0609977313457));
#6599=CARTESIAN_POINT('Ctrl Pts',(-44.6321615707777,-1.20337198987377,49.867429429228));
#6600=CARTESIAN_POINT('Ctrl Pts',(-44.6230615467268,-1.13577714581758,50.6738602312582));
#6601=CARTESIAN_POINT('Ctrl Pts',(-44.6224020359199,-1.09345014261078,51.0770753764474));
#6602=CARTESIAN_POINT('Ctrl Pts',(-44.6328694852084,-0.947414471719054,
52.2867202272234));
#6603=CARTESIAN_POINT('Ctrl Pts',(-44.677750771534,-0.761325676472063,53.496363970176));
#6604=CARTESIAN_POINT('Ctrl Pts',(-44.7200106720548,-0.63542455758518,54.3027932676718));
#6605=CARTESIAN_POINT('Ctrl Pts',(-44.8136571781026,-0.39770129333126,55.9156521133451));
#6606=CARTESIAN_POINT('Ctrl Pts',(-44.9103952473905,-0.201636574963993,
57.528511461706));
#6607=CARTESIAN_POINT('Ctrl Pts',(-44.9553337778239,-0.117635530155957,
58.334941248439));
#6608=CARTESIAN_POINT('Ctrl Pts',(-45.0338845588448,0.0221446459129456,
59.9478009453614));
#6609=CARTESIAN_POINT('Ctrl Pts',(-45.084655173331,0.105428443022387,61.5606609839604));
#6610=CARTESIAN_POINT('Ctrl Pts',(-45.101825103463,0.133030148634174,62.3670910987536));
#6611=CARTESIAN_POINT('Ctrl Pts',(-45.1189040565189,0.160892698245943,63.9799516014606));
#6612=CARTESIAN_POINT('Ctrl Pts',(-45.1013948910779,0.133990519296949,65.5928128480517));
#6613=CARTESIAN_POINT('Ctrl Pts',(-45.0840072846892,0.106876851622892,66.3992437060412));
#6614=CARTESIAN_POINT('Ctrl Pts',(-45.0327904818381,0.0246020054777492,
68.0121060160471));
#6615=CARTESIAN_POINT('Ctrl Pts',(-44.9537617450681,-0.114074622197416,
69.6249696754386));
#6616=CARTESIAN_POINT('Ctrl Pts',(-44.9085747124943,-0.197495351416702,
70.4314018850232));
#6617=CARTESIAN_POINT('Ctrl Pts',(-44.8113099718782,-0.392315585055194,
72.04426710911));
#6618=CARTESIAN_POINT('Ctrl Pts',(-44.7171344306638,-0.628772418721901,
73.6571333977024));
#6619=CARTESIAN_POINT('Ctrl Pts',(-44.6746207321058,-0.754064143408482,
74.4635666954121));
#6620=CARTESIAN_POINT('Ctrl Pts',(-44.6294593461482,-0.939486455223936,
75.6732161770787));
#6621=CARTESIAN_POINT('Ctrl Pts',(-44.619176378123,-1.08600649459589,76.8828629253852));
#6622=CARTESIAN_POINT('Ctrl Pts',(-44.6199655910387,-1.12866409752568,77.2860780927257));
#6623=CARTESIAN_POINT('Ctrl Pts',(-44.6294939267693,-1.1973397652268,78.0925073093587));
#6624=CARTESIAN_POINT('Ctrl Pts',(-44.6500364616374,-1.2297075256516,78.8989334526913));
#6625=CARTESIAN_POINT('Ctrl Pts',(-44.6621453510426,-1.23590860212216,79.3021455283977));
#6626=CARTESIAN_POINT('Ctrl Pts',(-44.6727237026616,-1.2335210657545,79.7053564253003));
#6627=CARTESIAN_POINT('Ctrl Pts',(-44.6820774461584,-1.22199159473318,80.1085661825765));
#6628=CARTESIAN_POINT('Ctrl Pts',(-45.6479698800238,-0.846244564547209,
47.8514509396898));
#6629=CARTESIAN_POINT('Ctrl Pts',(-45.6423622084053,-0.856036265400879,
48.2546665540414));
#6630=CARTESIAN_POINT('Ctrl Pts',(-45.636069925496,-0.859190233785165,48.6578818454698));
#6631=CARTESIAN_POINT('Ctrl Pts',(-45.628930953813,-0.856171522026612,49.0610963309457));
#6632=CARTESIAN_POINT('Ctrl Pts',(-45.6155895350002,-0.837141610635044,
49.8675252712869));
#6633=CARTESIAN_POINT('Ctrl Pts',(-45.608251796014,-0.792721416529264,50.6739525600626));
#6634=CARTESIAN_POINT('Ctrl Pts',(-45.6070896057595,-0.764351348722808,
51.0771656065287));
#6635=CARTESIAN_POINT('Ctrl Pts',(-45.6122891997639,-0.664288461332755,
52.2868035101618));
#6636=CARTESIAN_POINT('Ctrl Pts',(-45.642741204445,-0.530912848585125,53.4964393754373));
#6637=CARTESIAN_POINT('Ctrl Pts',(-45.6734191002243,-0.437915962423494,
54.3028638565599));
#6638=CARTESIAN_POINT('Ctrl Pts',(-45.7439845974328,-0.259988716574134,
55.9157127432354));
#6639=CARTESIAN_POINT('Ctrl Pts',(-45.819954544918,-0.11034114012445,57.5285618823392));
#6640=CARTESIAN_POINT('Ctrl Pts',(-45.855761074779,-0.0459291119544284,
58.33498651267));
#6641=CARTESIAN_POINT('Ctrl Pts',(-45.9187784448383,0.0614830646528043,
59.9478357208561));
#6642=CARTESIAN_POINT('Ctrl Pts',(-45.9599523754367,0.125688968645644,61.5606850352514));
#6643=CARTESIAN_POINT('Ctrl Pts',(-45.9739076917855,0.146966919890888,62.3671097469956));
#6644=CARTESIAN_POINT('Ctrl Pts',(-45.987784056115,0.168454735775875,63.9799593635737));
#6645=CARTESIAN_POINT('Ctrl Pts',(-45.9735330722425,0.14773321185083,65.5928096307299));
#6646=CARTESIAN_POINT('Ctrl Pts',(-45.9593877305224,0.126847375394405,66.399234991693));
#6647=CARTESIAN_POINT('Ctrl Pts',(-45.9178227718788,0.0634619646144366,
68.0120863046513));
#6648=CARTESIAN_POINT('Ctrl Pts',(-45.854375720136,-0.0430083285403355,
69.6249391078798));
#6649=CARTESIAN_POINT('Ctrl Pts',(-45.8183414723357,-0.106909217769908,
70.4313659702076));
#6650=CARTESIAN_POINT('Ctrl Pts',(-45.7418722729066,-0.255406779899038,
72.0442206956447));
#6651=CARTESIAN_POINT('Ctrl Pts',(-45.6707290653014,-0.431951078818354,
73.6570774055059));
#6652=CARTESIAN_POINT('Ctrl Pts',(-45.6397470000442,-0.524209036317452,
74.4635062977811));
#6653=CARTESIAN_POINT('Ctrl Pts',(-45.6088313380735,-0.656444295377884,
75.673149732717));
#6654=CARTESIAN_POINT('Ctrl Pts',(-45.6036416642404,-0.756515345029158,
76.8827915601369));
#6655=CARTESIAN_POINT('Ctrl Pts',(-45.6048866955875,-0.78508220335169,77.2860052274919));
#6656=CARTESIAN_POINT('Ctrl Pts',(-45.6125958245175,-0.830401114499463,
78.0924317946724));
#6657=CARTESIAN_POINT('Ctrl Pts',(-45.6266859994625,-0.851268840872177,
78.8988560933719));
#6658=CARTESIAN_POINT('Ctrl Pts',(-45.6342521989776,-0.855343340080028,
79.302067557686));
#6659=CARTESIAN_POINT('Ctrl Pts',(-45.6411845928764,-0.853774104715052,
79.7052777380026));
#6660=CARTESIAN_POINT('Ctrl Pts',(-45.647589307842,-0.845961610517288,80.1084866781843));
#6661=CARTESIAN_POINT('Ctrl Pts',(-46.5981619505583,-0.426761514376203,
47.8515498676731));
#6662=CARTESIAN_POINT('Ctrl Pts',(-46.5953638616748,-0.432767237112945,
48.254765963287));
#6663=CARTESIAN_POINT('Ctrl Pts',(-46.5922028886413,-0.434461007300939,
48.657982316562));
#6664=CARTESIAN_POINT('Ctrl Pts',(-46.5887438783336,-0.432327813347049,
49.0611981839446));
#6665=CARTESIAN_POINT('Ctrl Pts',(-46.5824849130582,-0.418880153267422,
49.8676268123077));
#6666=CARTESIAN_POINT('Ctrl Pts',(-46.5802815768581,-0.388312860383875,
50.6740494405187));
#6667=CARTESIAN_POINT('Ctrl Pts',(-46.5808240519571,-0.36901015978787,51.0772593392816));
#6668=CARTESIAN_POINT('Ctrl Pts',(-46.5880675381912,-0.301512339022419,
52.2868877907894));
#6669=CARTESIAN_POINT('Ctrl Pts',(-46.6118806557398,-0.212121398345163,
53.4965152704638));
#6670=CARTESIAN_POINT('Ctrl Pts',(-46.6348968302282,-0.149204262485844,
54.3029353589177));
#6671=CARTESIAN_POINT('Ctrl Pts',(-46.688071282754,-0.0276910349722593,
55.9157737688528));
#6672=CARTESIAN_POINT('Ctrl Pts',(-46.7456229388597,0.0758085907090573,
57.5286124748026));
#6673=CARTESIAN_POINT('Ctrl Pts',(-46.7729077464225,0.120557791807095,58.3350318765067));
#6674=CARTESIAN_POINT('Ctrl Pts',(-46.8210291643873,0.195320357127281,59.9478702852318));
#6675=CARTESIAN_POINT('Ctrl Pts',(-46.8525889460505,0.240158251153933,61.5607086910538));
#6676=CARTESIAN_POINT('Ctrl Pts',(-46.863293296368,0.255023479270695,62.3671278691183));
#6677=CARTESIAN_POINT('Ctrl Pts',(-46.873931762235,0.270041669821676,63.9799663853102));
#6678=CARTESIAN_POINT('Ctrl Pts',(-46.8629853383241,0.255581878957713,65.592805429339));
#6679=CARTESIAN_POINT('Ctrl Pts',(-46.8521248190617,0.241004005667752,66.3992251348847));
#6680=CARTESIAN_POINT('Ctrl Pts',(-46.8202443308359,0.196772591197185,68.0120651551053));
#6681=CARTESIAN_POINT('Ctrl Pts',(-46.7717678868408,0.122733996481254,69.6249065600685));
#6682=CARTESIAN_POINT('Ctrl Pts',(-46.7442927249281,0.0783892548624109,
70.4313278205));
#6683=CARTESIAN_POINT('Ctrl Pts',(-46.6863198052527,-0.0241747170482404,
72.0441712980971));
#6684=CARTESIAN_POINT('Ctrl Pts',(-46.6325940205228,-0.144374030372384,
73.6570171229111));
#6685=CARTESIAN_POINT('Ctrl Pts',(-46.6092886261049,-0.206584580301162,
74.463441215707));
#6686=CARTESIAN_POINT('Ctrl Pts',(-46.5848379119013,-0.294393345900706,
75.6730776807266));
#6687=CARTESIAN_POINT('Ctrl Pts',(-46.5772920469277,-0.361099240401898,
76.88271332212));
#6688=CARTESIAN_POINT('Ctrl Pts',(-46.5767210819319,-0.380311930514174,
77.2859250604455));
#6689=CARTESIAN_POINT('Ctrl Pts',(-46.5792118091662,-0.411535786275969,
78.0923481717819));
#6690=CARTESIAN_POINT('Ctrl Pts',(-46.5865399885614,-0.427553991877161,
78.898769707576));
#6691=CARTESIAN_POINT('Ctrl Pts',(-46.5907435858867,-0.431490067107846,
79.3019799100399));
#6692=CARTESIAN_POINT('Ctrl Pts',(-46.5947847731315,-0.431941339263412,
79.7051891197639));
#6693=CARTESIAN_POINT('Ctrl Pts',(-46.5985211094041,-0.428236292932282,
80.1083973483386));
#6694=CARTESIAN_POINT('Ctrl Pts',(-47.072724051449,-0.209595835029861,47.8515977908507));
#6695=CARTESIAN_POINT('Ctrl Pts',(-47.0713896165683,-0.213498147090746,
48.2548138963551));
#6696=CARTESIAN_POINT('Ctrl Pts',(-47.0692001023474,-0.214786183652878,
48.6580318561111));
#6697=CARTESIAN_POINT('Ctrl Pts',(-47.0663087946796,-0.213866302001942,
49.0612505985255));
#6698=CARTESIAN_POINT('Ctrl Pts',(-47.0624563623999,-0.202433747650272,
49.8676799479833));
#6699=CARTESIAN_POINT('Ctrl Pts',(-47.0628723827889,-0.176650199231827,
50.6740992288883));
#6700=CARTESIAN_POINT('Ctrl Pts',(-47.0644563729208,-0.160808568027147,
51.0773070848077));
#6701=CARTESIAN_POINT('Ctrl Pts',(-47.0734777172292,-0.10652619268441,52.2869298141267));
#6702=CARTESIAN_POINT('Ctrl Pts',(-47.0951186908298,-0.0366124137021278,
53.4965530018701));
#6703=CARTESIAN_POINT('Ctrl Pts',(-47.1150109815915,0.0125592828008127,
54.3029711352576));
#6704=CARTESIAN_POINT('Ctrl Pts',(-47.1606372869896,0.107862748996373,55.9158042704832));
#6705=CARTESIAN_POINT('Ctrl Pts',(-47.2096166814186,0.18941761343014,57.5286377003104));
#6706=CARTESIAN_POINT('Ctrl Pts',(-47.232840897791,0.224759384525946,58.335054497105));
#6707=CARTESIAN_POINT('Ctrl Pts',(-47.2737771852056,0.283869170296942,59.9478874623415));
#6708=CARTESIAN_POINT('Ctrl Pts',(-47.3006136020434,0.319380361789487,61.5607203848744));
#6709=CARTESIAN_POINT('Ctrl Pts',(-47.3097122956622,0.331162810096652,62.367136791883));
#6710=CARTESIAN_POINT('Ctrl Pts',(-47.3187541418222,0.343061772831003,63.9799697374016));
#6711=CARTESIAN_POINT('Ctrl Pts',(-47.3094393298722,0.331617318205083,65.592803145863));
#6712=CARTESIAN_POINT('Ctrl Pts',(-47.3002023734809,0.320069424913492,66.3992200135105));
#6713=CARTESIAN_POINT('Ctrl Pts',(-47.2730830324519,0.285054905251374,68.0120543428541));
#6714=CARTESIAN_POINT('Ctrl Pts',(-47.2318346605815,0.226548997414204,69.6248899574391));
#6715=CARTESIAN_POINT('Ctrl Pts',(-47.2084428908901,0.191549241895037,70.4313083798516));
#6716=CARTESIAN_POINT('Ctrl Pts',(-47.1590940174945,0.110792678953954,72.0441460543402));
#6717=CARTESIAN_POINT('Ctrl Pts',(-47.1129554659101,0.0167044628319131,
73.6569861332953));
#6718=CARTESIAN_POINT('Ctrl Pts',(-47.0928093729908,-0.0318460304757082,
74.4634077317046));
#6719=CARTESIAN_POINT('Ctrl Pts',(-47.0704593137437,-0.0999973728905133,
75.6730404074566));
#6720=CARTESIAN_POINT('Ctrl Pts',(-47.0608964398726,-0.152890181369875,
76.882672654042));
#6721=CARTESIAN_POINT('Ctrl Pts',(-47.0591849977104,-0.168394493563111,
77.2858833408949));
#6722=CARTESIAN_POINT('Ctrl Pts',(-47.0589089598703,-0.194459560349908,
78.0923046231353));
#6723=CARTESIAN_POINT('Ctrl Pts',(-47.0641362587437,-0.209179723749602,
78.8987244216567));
#6724=CARTESIAN_POINT('Ctrl Pts',(-47.0682550097085,-0.213058193302996,
79.3019334615608));
#6725=CARTESIAN_POINT('Ctrl Pts',(-47.0716001917246,-0.214570260311581,
79.7051419525431));
#6726=CARTESIAN_POINT('Ctrl Pts',(-47.0739055649241,-0.213038008463395,
80.1083499080331));
#6727=CARTESIAN_POINT('Ctrl Pts',(-48.0103853873034,0.213744203147963,47.8517255177409));
#6728=CARTESIAN_POINT('Ctrl Pts',(-48.0111542940039,0.212755807919978,48.2549441172855));
#6729=CARTESIAN_POINT('Ctrl Pts',(-48.0117981601366,0.215789524398037,48.6581610293673));
#6730=CARTESIAN_POINT('Ctrl Pts',(-48.0128890574041,0.222899050946189,49.06137399893));
#6731=CARTESIAN_POINT('Ctrl Pts',(-48.0162731588765,0.239517915686851,49.8677922031417));
#6732=CARTESIAN_POINT('Ctrl Pts',(-48.0221879165621,0.259159248169482,50.6741995423388));
#6733=CARTESIAN_POINT('Ctrl Pts',(-48.0258351344015,0.269164448047705,51.0774015263479));
#6734=CARTESIAN_POINT('Ctrl Pts',(-48.0383907910393,0.300659857459769,52.2870099402207));
#6735=CARTESIAN_POINT('Ctrl Pts',(-48.0558149376858,0.335819315675049,53.4966282623572));
#6736=CARTESIAN_POINT('Ctrl Pts',(-48.0700256003649,0.360769440284536,54.3030429976729));
#6737=CARTESIAN_POINT('Ctrl Pts',(-48.1016668198986,0.409287375640163,55.9158643788284));
#6738=CARTESIAN_POINT('Ctrl Pts',(-48.1343924684401,0.451244024820593,57.5286877732749));
#6739=CARTESIAN_POINT('Ctrl Pts',(-48.1498399901793,0.469573152491954,58.335099437964));
#6740=CARTESIAN_POINT('Ctrl Pts',(-48.1769335829866,0.500294443004795,59.9479212619927));
#6741=CARTESIAN_POINT('Ctrl Pts',(-48.1945803144804,0.518887629999837,61.5607435725716));
#6742=CARTESIAN_POINT('Ctrl Pts',(-48.2005566248752,0.525053049997109,62.3671542722109));
#6743=CARTESIAN_POINT('Ctrl Pts',(-48.2064810610228,0.531308110269723,63.9799761774033));
#6744=CARTESIAN_POINT('Ctrl Pts',(-48.2003538132376,0.525309882145325,65.5927984145549));
#6745=CARTESIAN_POINT('Ctrl Pts',(-48.1942753707812,0.519277719838019,66.3992094730692));
#6746=CARTESIAN_POINT('Ctrl Pts',(-48.1764221272887,0.50096883297469,68.0120327118145));
#6747=CARTESIAN_POINT('Ctrl Pts',(-48.1491084120471,0.470603369825599,69.6248565080916));
#6748=CARTESIAN_POINT('Ctrl Pts',(-48.1335397227659,0.452491901925883,70.4312693008436));
#6749=CARTESIAN_POINT('Ctrl Pts',(-48.1005713021455,0.411005737047638,72.0440955570619));
#6750=CARTESIAN_POINT('Ctrl Pts',(-48.0685570281964,0.363354673648568,73.6569226647994));
#6751=CARTESIAN_POINT('Ctrl Pts',(-48.0541633361395,0.338852447154655,74.4633396176114));
#6752=CARTESIAN_POINT('Ctrl Pts',(-48.0362413920304,0.304947477306448,75.6729645062045));
#6753=CARTESIAN_POINT('Ctrl Pts',(-48.0225405159994,0.27633096355189,76.8825883981816));
#6754=CARTESIAN_POINT('Ctrl Pts',(-48.0184517250585,0.267435430982806,77.2857963631012));
#6755=CARTESIAN_POINT('Ctrl Pts',(-48.0118320449313,0.249587577737924,78.092213596312));
#6756=CARTESIAN_POINT('Ctrl Pts',(-48.0086259499301,0.232618239875749,78.8986324892086));
#6757=CARTESIAN_POINT('Ctrl Pts',(-48.0079682319386,0.224494271211498,79.3018422194866));
#6758=CARTESIAN_POINT('Ctrl Pts',(-48.0083519396761,0.218991416789548,79.7050505531414));
#6759=CARTESIAN_POINT('Ctrl Pts',(-48.0089489101127,0.216672843402661,80.1082575974507));
#6760=CARTESIAN_POINT('Ctrl Pts',(-48.9497218864315,0.658720421248922,47.8518360786388));
#6761=CARTESIAN_POINT('Ctrl Pts',(-48.9525059947347,0.659976453936316,48.2550554848137));
#6762=CARTESIAN_POINT('Ctrl Pts',(-48.9547925729848,0.664808737130987,48.6582718916138));
#6763=CARTESIAN_POINT('Ctrl Pts',(-48.9571571239056,0.673991202748155,49.0614820759289));
#6764=CARTESIAN_POINT('Ctrl Pts',(-48.962383472433,0.688307658253242,49.8678955622418));
#6765=CARTESIAN_POINT('Ctrl Pts',(-48.9699909322197,0.69939992794924,50.6742921117216));
#6766=CARTESIAN_POINT('Ctrl Pts',(-48.9743505492047,0.704295226417324,51.0774878872056));
#6767=CARTESIAN_POINT('Ctrl Pts',(-48.9861955876111,0.717794419949815,52.287086657079));
#6768=CARTESIAN_POINT('Ctrl Pts',(-48.9968156881313,0.729549741998166,53.4967045432896));
#6769=CARTESIAN_POINT('Ctrl Pts',(-49.0059554125824,0.738491183600826,54.3031148010467));
#6770=CARTESIAN_POINT('Ctrl Pts',(-49.0242367780226,0.755425179809154,55.9159216832509));
#6771=CARTESIAN_POINT('Ctrl Pts',(-49.0421199465068,0.770333148225064,57.5287372201718));
#6772=CARTESIAN_POINT('Ctrl Pts',(-49.0505265716088,0.776913110483415,58.335142905009));
#6773=CARTESIAN_POINT('Ctrl Pts',(-49.0649905052237,0.788077554445733,59.9479538093038));
#6774=CARTESIAN_POINT('Ctrl Pts',(-49.074318289605,0.794863791084685,61.5607663916331));
#6775=CARTESIAN_POINT('Ctrl Pts',(-49.0774369503268,0.797181816405993,62.3671709856093));
#6776=CARTESIAN_POINT('Ctrl Pts',(-49.0805515889243,0.799439958730786,63.9799822435336));
#6777=CARTESIAN_POINT('Ctrl Pts',(-49.0772974251145,0.797283293245416,65.5927936700097));
#6778=CARTESIAN_POINT('Ctrl Pts',(-49.0741098293409,0.795016852718721,66.3991986704367));
#6779=CARTESIAN_POINT('Ctrl Pts',(-49.0646434174868,0.788346408619033,68.012011649692));
#6780=CARTESIAN_POINT('Ctrl Pts',(-49.0500457364595,0.777321461354112,69.6248239361617));
#6781=CARTESIAN_POINT('Ctrl Pts',(-49.0415598643372,0.770852558822934,70.4312305299747));
#6782=CARTESIAN_POINT('Ctrl Pts',(-49.0235538279483,0.75611354630269,72.0440471424542));
#6783=CARTESIAN_POINT('Ctrl Pts',(-49.0051166522356,0.739506760714143,73.6568585240881));
#6784=CARTESIAN_POINT('Ctrl Pts',(-48.995698023256,0.731239177982804,74.4632714436004));
#6785=CARTESIAN_POINT('Ctrl Pts',(-48.9853090239278,0.718959305215999,75.6728874830874));
#6786=CARTESIAN_POINT('Ctrl Pts',(-48.9724258242216,0.708078257962005,76.882500622707));
#6787=CARTESIAN_POINT('Ctrl Pts',(-48.9674283273927,0.7047735768275,77.2857048109115));
#6788=CARTESIAN_POINT('Ctrl Pts',(-48.9587855025824,0.696284696778235,78.0921148276862));
#6789=CARTESIAN_POINT('Ctrl Pts',(-48.953589599614,0.681992436411769,78.8985293088594));
#6790=CARTESIAN_POINT('Ctrl Pts',(-48.9513893738997,0.672465113425324,79.3017382281801));
#6791=CARTESIAN_POINT('Ctrl Pts',(-48.9502194580664,0.664969155704114,79.7049455315422));
#6792=CARTESIAN_POINT('Ctrl Pts',(-48.9490645562234,0.659788211298342,80.1081515512902));
#6793=CARTESIAN_POINT('Ctrl Pts',(-49.4285518011613,0.90645870857742,47.8518542199596));
#6794=CARTESIAN_POINT('Ctrl Pts',(-49.4328545810488,0.909526571262604,48.2550713614229));
#6795=CARTESIAN_POINT('Ctrl Pts',(-49.4346247555398,0.909775329575073,48.6582941780871));
#6796=CARTESIAN_POINT('Ctrl Pts',(-49.4334463919472,0.909858303324624,49.0615162941483));
#6797=CARTESIAN_POINT('Ctrl Pts',(-49.4346488835266,0.911907912547484,49.8679428016276));
#6798=CARTESIAN_POINT('Ctrl Pts',(-49.441461778525,0.915595109187097,50.6743335305818));
#6799=CARTESIAN_POINT('Ctrl Pts',(-49.4456303854031,0.917961696442278,51.0775257466389));
#6800=CARTESIAN_POINT('Ctrl Pts',(-49.4548282677805,0.922807940664871,52.2871261394));
#6801=CARTESIAN_POINT('Ctrl Pts',(-49.4600991434378,0.926497133839496,53.4967432258083));
#6802=CARTESIAN_POINT('Ctrl Pts',(-49.4670873123712,0.929992178395633,54.3031512933129));
#6803=CARTESIAN_POINT('Ctrl Pts',(-49.4783757863743,0.935790481797074,55.9159480265643));
#6804=CARTESIAN_POINT('Ctrl Pts',(-49.4890074958425,0.941533001768605,57.5287624088112));
#6805=CARTESIAN_POINT('Ctrl Pts',(-49.4941675320769,0.943740346911935,58.3351636392838));
#6806=CARTESIAN_POINT('Ctrl Pts',(-49.5025091286073,0.948496367218695,59.9479697193175));
#6807=CARTESIAN_POINT('Ctrl Pts',(-49.5080956677878,0.95072767473142,61.5607779844557));
#6808=CARTESIAN_POINT('Ctrl Pts',(-49.5097580185865,0.952111750392664,62.3671791056797));
#6809=CARTESIAN_POINT('Ctrl Pts',(-49.5117041665004,0.952465427857765,63.9799852337807));
#6810=CARTESIAN_POINT('Ctrl Pts',(-49.5096470100845,0.952150877007728,65.5927913593228));
#6811=CARTESIAN_POINT('Ctrl Pts',(-49.5079310897139,0.950784109766402,66.3991930657247));
#6812=CARTESIAN_POINT('Ctrl Pts',(-49.5022354383208,0.948602654686169,68.0120013903178));
#6813=CARTESIAN_POINT('Ctrl Pts',(-49.4937969718179,0.943898424460545,69.6248085214778));
#6814=CARTESIAN_POINT('Ctrl Pts',(-49.4885798903742,0.941748917857803,70.4312109117868));
#6815=CARTESIAN_POINT('Ctrl Pts',(-49.4778578114933,0.936093431019953,72.044025070802));
#6816=CARTESIAN_POINT('Ctrl Pts',(-49.4665531275022,0.930279968695293,73.6568261511987));
#6817=CARTESIAN_POINT('Ctrl Pts',(-49.4590516406469,0.928018647360347,74.4632385072988));
#6818=CARTESIAN_POINT('Ctrl Pts',(-49.454515168335,0.922581767993727,75.6728488446703));
#6819=CARTESIAN_POINT('Ctrl Pts',(-49.4449446463601,0.918724816270329,76.8824564131594));
#6820=CARTESIAN_POINT('Ctrl Pts',(-49.4400673565025,0.918126180158843,77.285658514107));
#6821=CARTESIAN_POINT('Ctrl Pts',(-49.4323408827359,0.916750335112234,78.0920629583013));
#6822=CARTESIAN_POINT('Ctrl Pts',(-49.4331360069364,0.909955014118935,78.8984715393738));
#6823=CARTESIAN_POINT('Ctrl Pts',(-49.4363485221685,0.905025338153359,79.3016767313823));
#6824=CARTESIAN_POINT('Ctrl Pts',(-49.4367744475456,0.899516573365272,79.7048817838196));
#6825=CARTESIAN_POINT('Ctrl Pts',(-49.4339224245288,0.892964922418255,80.1080875280089));
#6826=CARTESIAN_POINT('Ctrl Pts',(-49.9047541967992,1.11593498012824,47.8519368186746));
#6827=CARTESIAN_POINT('Ctrl Pts',(-49.9113167773164,1.11921861284403,48.2551503205824));
#6828=CARTESIAN_POINT('Ctrl Pts',(-49.9126818148018,1.1183947509639,48.6583618780538));
#6829=CARTESIAN_POINT('Ctrl Pts',(-49.9078779575063,1.11681897508308,49.0615611651721));
#6830=CARTESIAN_POINT('Ctrl Pts',(-49.9041644905855,1.11452274960349,49.8679746073973));
#6831=CARTESIAN_POINT('Ctrl Pts',(-49.9075721015937,1.11518646377963,50.6743744418349));
#6832=CARTESIAN_POINT('Ctrl Pts',(-49.9103562375952,1.11639560188516,51.0775712527191));
#6833=CARTESIAN_POINT('Ctrl Pts',(-49.9146817354248,1.11739487258667,52.2871742265889));
#6834=CARTESIAN_POINT('Ctrl Pts',(-49.9146083418476,1.11729190965179,53.496776984389));
#6835=CARTESIAN_POINT('Ctrl Pts',(-49.9185843863712,1.11839986070976,54.3031822893551));
#6836=CARTESIAN_POINT('Ctrl Pts',(-49.9225578109873,1.11944077654862,55.9159809132885));
#6837=CARTESIAN_POINT('Ctrl Pts',(-49.926471609747,1.12063129666876,57.52878521592));
#6838=CARTESIAN_POINT('Ctrl Pts',(-49.928419513603,1.1211531148465,58.3351851951907));
#6839=CARTESIAN_POINT('Ctrl Pts',(-49.9314398414836,1.12223692105718,59.9479861565277));
#6840=CARTESIAN_POINT('Ctrl Pts',(-49.9334794266948,1.12275803757103,61.5607876657037));
#6841=CARTESIAN_POINT('Ctrl Pts',(-49.934067450347,1.12309837160754,62.3671873975341));
#6842=CARTESIAN_POINT('Ctrl Pts',(-49.9347515699956,1.12315711399802,63.9799881400999));
#6843=CARTESIAN_POINT('Ctrl Pts',(-49.9339787393767,1.1230987105887,65.5927890021635));
#6844=CARTESIAN_POINT('Ctrl Pts',(-49.9333479558976,1.12275712146392,66.3991890327958));
#6845=CARTESIAN_POINT('Ctrl Pts',(-49.9312231779036,1.12224046894875,68.0119909137225));
#6846=CARTESIAN_POINT('Ctrl Pts',(-49.9281313916679,1.12115648080709,69.6247927846846));
#6847=CARTESIAN_POINT('Ctrl Pts',(-49.9261422644767,1.12065639678979,70.4311935545624));
#6848=CARTESIAN_POINT('Ctrl Pts',(-49.9221824936455,1.1194481558471,72.0439983832959));
#6849=CARTESIAN_POINT('Ctrl Pts',(-49.9181935600776,1.11838582870326,73.656799556358));
#6850=CARTESIAN_POINT('Ctrl Pts',(-49.9141396098822,1.11744355582886,74.4632051428093));
#6851=CARTESIAN_POINT('Ctrl Pts',(-49.9143638096952,1.11721571315519,75.6728087990745));
#6852=CARTESIAN_POINT('Ctrl Pts',(-49.9100770594249,1.11619029846609,76.8824134992311));
#6853=CARTESIAN_POINT('Ctrl Pts',(-49.9070094992695,1.11571252412901,77.2856151880988));
#6854=CARTESIAN_POINT('Ctrl Pts',(-49.9035811840756,1.11518072866788,78.0920180703228));
#6855=CARTESIAN_POINT('Ctrl Pts',(-49.9083291770644,1.11506081547124,78.8984217320546));
#6856=CARTESIAN_POINT('Ctrl Pts',(-49.9133600656289,1.11619312064548,79.301622820021));
#6857=CARTESIAN_POINT('Ctrl Pts',(-49.9133818429735,1.11373158588841,79.7048254507376));
#6858=CARTESIAN_POINT('Ctrl Pts',(-49.9080557049492,1.10748986880307,80.108030352254));
#6859=CARTESIAN_POINT('Ctrl Pts',(-50.3626525178961,1.30177948325283,47.8520225245494));
#6860=CARTESIAN_POINT('Ctrl Pts',(-50.3712637269886,1.30552414906026,48.2552315277067));
#6861=CARTESIAN_POINT('Ctrl Pts',(-50.3733826982538,1.3053910850453,48.6584328384198));
#6862=CARTESIAN_POINT('Ctrl Pts',(-50.3680894585477,1.30429334484837,49.0616172207005));
#6863=CARTESIAN_POINT('Ctrl Pts',(-50.3623244599652,1.30190321194846,49.8680146367447));
#6864=CARTESIAN_POINT('Ctrl Pts',(-50.3624033887167,1.30186058842639,50.6744177228644));
#6865=CARTESIAN_POINT('Ctrl Pts',(-50.363589332365,1.30262829708607,51.0776177682202));
#6866=CARTESIAN_POINT('Ctrl Pts',(-50.3634333674779,1.30256750847632,52.2872202815608));
#6867=CARTESIAN_POINT('Ctrl Pts',(-50.3592160495227,1.30116850137885,53.4968128274217));
#6868=CARTESIAN_POINT('Ctrl Pts',(-50.3599120932885,1.30135582691335,54.303213718745));
#6869=CARTESIAN_POINT('Ctrl Pts',(-50.3575732078699,1.30059312455168,55.916012359854));
#6870=CARTESIAN_POINT('Ctrl Pts',(-50.3556609809075,1.29983217220824,57.5288079447152));
#6871=CARTESIAN_POINT('Ctrl Pts',(-50.3548750701858,1.29962357469845,58.3352062709993));
#6872=CARTESIAN_POINT('Ctrl Pts',(-50.3533393870907,1.29899726896601,59.948002319814));
#6873=CARTESIAN_POINT('Ctrl Pts',(-50.3523823193183,1.2987240920686,61.560797648178));
#6874=CARTESIAN_POINT('Ctrl Pts',(-50.3520387400714,1.29853464028847,62.3671957602774));
#6875=CARTESIAN_POINT('Ctrl Pts',(-50.351673550597,1.29848412721538,63.9799913738831));
#6876=CARTESIAN_POINT('Ctrl Pts',(-50.3519589620793,1.29853094401522,65.5927872043477));
#6877=CARTESIAN_POINT('Ctrl Pts',(-50.3522634834366,1.29871874824864,66.3991854342882));
#6878=CARTESIAN_POINT('Ctrl Pts',(-50.3531440797102,1.29899040024887,68.0119814155829));
#6879=CARTESIAN_POINT('Ctrl Pts',(-50.3546122432193,1.29961831393337,69.624778368453));
#6880=CARTESIAN_POINT('Ctrl Pts',(-50.3553634768177,1.2998363693469,70.4311772626281));
#6881=CARTESIAN_POINT('Ctrl Pts',(-50.3572310049433,1.30058148086571,72.0439742082998));
#6882=CARTESIAN_POINT('Ctrl Pts',(-50.3595151325746,1.3014137369715,73.6567743515465));
#6883=CARTESIAN_POINT('Ctrl Pts',(-50.3589608461671,1.30085510021538,74.4631740061804));
#6884=CARTESIAN_POINT('Ctrl Pts',(-50.3629098968654,1.30293162999415,75.6727722596566));
#6885=CARTESIAN_POINT('Ctrl Pts',(-50.3631822524692,1.30276505026965,76.8823744947987));
#6886=CARTESIAN_POINT('Ctrl Pts',(-50.3619812687043,1.30206933083711,77.2855757532904));
#6887=CARTESIAN_POINT('Ctrl Pts',(-50.3621196024501,1.30165259993257,78.0919774918458));
#6888=CARTESIAN_POINT('Ctrl Pts',(-50.3675619405559,1.30491723557901,78.8983780156872));
#6889=CARTESIAN_POINT('Ctrl Pts',(-50.3717617998168,1.30877075591663,79.3015769584869));
#6890=CARTESIAN_POINT('Ctrl Pts',(-50.370131830691,1.30779588647275,79.7047782064918));
#6891=CARTESIAN_POINT('Ctrl Pts',(-50.3624136792789,1.30192826707324,80.1079823748448));
#6892=CARTESIAN_POINT('Ctrl Pts',(-50.2193607778947,14.7410988634458,31.9800019264221));
#6893=CARTESIAN_POINT('Ctrl Pts',(-50.2193602310741,14.7410991020353,21.320001284281));
#6894=CARTESIAN_POINT('Ctrl Pts',(-50.2193596842535,14.7410993406248,10.6600006421399));
#6895=CARTESIAN_POINT('Ctrl Pts',(-50.2193591374329,14.7410995792143,-1.13686837721616E-12));
#6896=CARTESIAN_POINT('Ctrl Pts',(-47.0670373818149,16.1165246953483,31.9800019264221));
#6897=CARTESIAN_POINT('Ctrl Pts',(-47.0670367183435,16.1165250228477,21.320001284281));
#6898=CARTESIAN_POINT('Ctrl Pts',(-47.0670360985425,16.1165254079153,10.66000064214));
#6899=CARTESIAN_POINT('Ctrl Pts',(-47.067035435071,16.1165257354147,-1.13686837721616E-12));
#6900=CARTESIAN_POINT('Ctrl Pts',(-42.6378419318275,18.5986392965424,31.9800019264221));
#6901=CARTESIAN_POINT('Ctrl Pts',(-42.6378414392099,18.5986394765583,21.3200012842811));
#6902=CARTESIAN_POINT('Ctrl Pts',(-42.6378408971729,18.5986395914276,10.6600006421399));
#6903=CARTESIAN_POINT('Ctrl Pts',(-42.6378404045553,18.5986397714435,-1.13686837721616E-12));
#6904=CARTESIAN_POINT('Ctrl Pts',(-38.382804720703,16.7151142133125,31.9800019264221));
#6905=CARTESIAN_POINT('Ctrl Pts',(-38.3828046597432,16.7151137882508,21.320001284281));
#6906=CARTESIAN_POINT('Ctrl Pts',(-38.3828046353262,16.7151134113612,10.66000064214));
#6907=CARTESIAN_POINT('Ctrl Pts',(-38.3828045743663,16.7151129862995,-1.13686837721616E-12));
#6908=CARTESIAN_POINT('Ctrl Pts',(-38.5569673472092,12.3494672531048,31.9800019264221));
#6909=CARTESIAN_POINT('Ctrl Pts',(-38.5569673719402,12.3494668304604,21.320001284281));
#6910=CARTESIAN_POINT('Ctrl Pts',(-38.5569673365614,12.3494663285771,10.6600006421399));
#6911=CARTESIAN_POINT('Ctrl Pts',(-38.5569673612924,12.3494659059328,-1.13686837721616E-12));
#6912=CARTESIAN_POINT('Ctrl Pts',(-38.5617494018128,3.61443241819497,31.9800019264221));
#6913=CARTESIAN_POINT('Ctrl Pts',(-38.5617493774966,3.61443208322459,21.320001284281));
#6914=CARTESIAN_POINT('Ctrl Pts',(-38.5617493711245,3.61443177190884,10.66000064214));
#6915=CARTESIAN_POINT('Ctrl Pts',(-38.5617493468083,3.61443143693846,-1.13686837721616E-12));
#6916=CARTESIAN_POINT('Ctrl Pts',(-38.222987694287,-5.12434483000316,31.9800019264221));
#6917=CARTESIAN_POINT('Ctrl Pts',(-38.2229878609375,-5.1243447636418,21.3200012842811));
#6918=CARTESIAN_POINT('Ctrl Pts',(-38.2229880214944,-5.12434470531321,10.6600006421399));
#6919=CARTESIAN_POINT('Ctrl Pts',(-38.2229881881449,-5.12434463895186,-1.13686837721616E-12));
#6920=CARTESIAN_POINT('Ctrl Pts',(-47.0716386032701,-0.144795219926044,
31.9800019264221));
#6921=CARTESIAN_POINT('Ctrl Pts',(-47.0716386633289,-0.144795180702676,
21.320001284281));
#6922=CARTESIAN_POINT('Ctrl Pts',(-47.0716386797171,-0.14479519904756,10.66000064214));
#6923=CARTESIAN_POINT('Ctrl Pts',(-47.071638739776,-0.144795159824193,-1.13686837721616E-12));
#6924=CARTESIAN_POINT('Ctrl Pts',(-50.2193689346313,1.24111175537109,31.9800019264221));
#6925=CARTESIAN_POINT('Ctrl Pts',(-50.2193689346313,1.24111175537109,21.320001284281));
#6926=CARTESIAN_POINT('Ctrl Pts',(-50.2193689346313,1.24111175537109,10.6600006421399));
#6927=CARTESIAN_POINT('Ctrl Pts',(-50.2193689346313,1.24111175537109,-1.13686837721616E-12));
#6928=CARTESIAN_POINT('Ctrl Pts',(-50.2192174188046,94.7211742556434,79.9799966812134));
#6929=CARTESIAN_POINT('Ctrl Pts',(-50.2192174316789,94.7211742499697,69.3133306503296));
#6930=CARTESIAN_POINT('Ctrl Pts',(-50.2192174445531,94.7211742442961,58.6466646194458));
#6931=CARTESIAN_POINT('Ctrl Pts',(-50.2192174574274,94.7211742386224,47.979998588562));
#6932=CARTESIAN_POINT('Ctrl Pts',(-47.0713873307322,96.1084255547905,79.9799966812134));
#6933=CARTESIAN_POINT('Ctrl Pts',(-47.0713873463661,96.1084255470368,69.3133306503297));
#6934=CARTESIAN_POINT('Ctrl Pts',(-47.0713873609703,96.1084255379258,58.6466646194457));
#6935=CARTESIAN_POINT('Ctrl Pts',(-47.0713873766043,96.108425530172,47.979998588562));
#6936=CARTESIAN_POINT('Ctrl Pts',(-42.643830341665,98.5978978942555,79.9799966812134));
#6937=CARTESIAN_POINT('Ctrl Pts',(-42.6438303532772,98.5978978899917,69.3133306503296));
#6938=CARTESIAN_POINT('Ctrl Pts',(-42.6438303661514,98.5978978873914,58.6466646194459));
#6939=CARTESIAN_POINT('Ctrl Pts',(-42.6438303777637,98.5978978831277,47.979998588562));
#6940=CARTESIAN_POINT('Ctrl Pts',(-38.3874205986156,96.7207893426548,79.9799966812134));
#6941=CARTESIAN_POINT('Ctrl Pts',(-38.3874206000594,96.7207893526765,69.3133306503297));
#6942=CARTESIAN_POINT('Ctrl Pts',(-38.3874206007528,96.7207893617091,58.6466646194457));
#6943=CARTESIAN_POINT('Ctrl Pts',(-38.3874206021965,96.7207893717308,47.979998588562));
#6944=CARTESIAN_POINT('Ctrl Pts',(-38.5586416021804,92.3540984682005,79.9799966812134));
#6945=CARTESIAN_POINT('Ctrl Pts',(-38.558641601603,92.3540984781678,69.3133306503296));
#6946=CARTESIAN_POINT('Ctrl Pts',(-38.5586416026122,92.3540984902263,58.6466646194458));
#6947=CARTESIAN_POINT('Ctrl Pts',(-38.5586416020347,92.3540985001935,47.979998588562));
#6948=CARTESIAN_POINT('Ctrl Pts',(-38.5600961307158,83.6169983739024,79.9799966812134));
#6949=CARTESIAN_POINT('Ctrl Pts',(-38.5600961312903,83.6169983818018,69.3133306503296));
#6950=CARTESIAN_POINT('Ctrl Pts',(-38.5600961316033,83.6169983893568,58.6466646194458));
#6951=CARTESIAN_POINT('Ctrl Pts',(-38.5600961321778,83.6169983972562,47.979998588562));
#6952=CARTESIAN_POINT('Ctrl Pts',(-38.2205631911068,74.8761799035874,79.9799966812134));
#6953=CARTESIAN_POINT('Ctrl Pts',(-38.2205631871767,74.8761799020234,69.3133306503296));
#6954=CARTESIAN_POINT('Ctrl Pts',(-38.2205631835143,74.8761799008122,58.6466646194459));
#6955=CARTESIAN_POINT('Ctrl Pts',(-38.2205631795842,74.8761798992482,47.979998588562));
#6956=CARTESIAN_POINT('Ctrl Pts',(-47.0710363172698,79.8549930010487,79.9799966812134));
#6957=CARTESIAN_POINT('Ctrl Pts',(-47.0710363158535,79.8549930001238,69.3133306503296));
#6958=CARTESIAN_POINT('Ctrl Pts',(-47.071036315467,79.8549930005563,58.6466646194458));
#6959=CARTESIAN_POINT('Ctrl Pts',(-47.0710363140507,79.8549929996314,47.979998588562));
#6960=CARTESIAN_POINT('Ctrl Pts',(-50.2193689346313,81.2411117553711,79.9799966812134));
#6961=CARTESIAN_POINT('Ctrl Pts',(-50.2193689346314,81.2411117553711,69.3133306503296));
#6962=CARTESIAN_POINT('Ctrl Pts',(-50.2193689346314,81.2411117553711,58.6466646194458));
#6963=CARTESIAN_POINT('Ctrl Pts',(-50.2193689346314,81.2411117553711,47.979998588562));
#6964=CARTESIAN_POINT('Ctrl Pts',(-50.2192174188046,94.7211742556434,31.9800019264221));
#6965=CARTESIAN_POINT('Ctrl Pts',(-50.2192174316789,94.7211742499697,21.320001284281));
#6966=CARTESIAN_POINT('Ctrl Pts',(-50.2192174445531,94.7211742442961,10.6600006421399));
#6967=CARTESIAN_POINT('Ctrl Pts',(-50.2192174574274,94.7211742386224,-1.13686837721616E-12));
#6968=CARTESIAN_POINT('Ctrl Pts',(-47.0713873307322,96.1084255547905,31.9800019264221));
#6969=CARTESIAN_POINT('Ctrl Pts',(-47.0713873463661,96.1084255470367,21.320001284281));
#6970=CARTESIAN_POINT('Ctrl Pts',(-47.0713873609703,96.1084255379257,10.66000064214));
#6971=CARTESIAN_POINT('Ctrl Pts',(-47.0713873766043,96.108425530172,-1.13686837721616E-12));
#6972=CARTESIAN_POINT('Ctrl Pts',(-42.6438303416649,98.5978978942554,31.9800019264221));
#6973=CARTESIAN_POINT('Ctrl Pts',(-42.6438303532772,98.5978978899917,21.3200012842811));
#6974=CARTESIAN_POINT('Ctrl Pts',(-42.643830366124,98.5978978873553,10.6600006421399));
#6975=CARTESIAN_POINT('Ctrl Pts',(-42.6438303777363,98.5978978830916,-1.13686837721616E-12));
#6976=CARTESIAN_POINT('Ctrl Pts',(-38.3874205986156,96.7207893426547,31.9800019264221));
#6977=CARTESIAN_POINT('Ctrl Pts',(-38.3874206000593,96.7207893526764,21.320001284281));
#6978=CARTESIAN_POINT('Ctrl Pts',(-38.3874206007214,96.7207893616678,10.66000064214));
#6979=CARTESIAN_POINT('Ctrl Pts',(-38.3874206021652,96.7207893716895,-1.13686837721616E-12));
#6980=CARTESIAN_POINT('Ctrl Pts',(-38.5586416021804,92.3540984682005,31.9800019264221));
#6981=CARTESIAN_POINT('Ctrl Pts',(-38.558641601603,92.3540984781678,21.3200012842811));
#6982=CARTESIAN_POINT('Ctrl Pts',(-38.558641602566,92.3540984901655,10.6600006421399));
#6983=CARTESIAN_POINT('Ctrl Pts',(-38.5586416019886,92.3540985001327,-1.13686837721616E-12));
#6984=CARTESIAN_POINT('Ctrl Pts',(-38.5600961307158,83.6169983739025,31.9800019264221));
#6985=CARTESIAN_POINT('Ctrl Pts',(-38.5600961312903,83.6169983818019,21.320001284281));
#6986=CARTESIAN_POINT('Ctrl Pts',(-38.560096131559,83.6169983892983,10.6600006421399));
#6987=CARTESIAN_POINT('Ctrl Pts',(-38.5600961321334,83.6169983971977,-1.13686837721616E-12));
#6988=CARTESIAN_POINT('Ctrl Pts',(-38.2205631911068,74.8761799035874,31.9800019264221));
#6989=CARTESIAN_POINT('Ctrl Pts',(-38.2205631871767,74.8761799020234,21.3200012842811));
#6990=CARTESIAN_POINT('Ctrl Pts',(-38.2205631834808,74.876179900768,10.6600006421399));
#6991=CARTESIAN_POINT('Ctrl Pts',(-38.2205631795507,74.8761798992039,-1.13686837721616E-12));
#6992=CARTESIAN_POINT('Ctrl Pts',(-47.0710363172698,79.8549930010487,31.9800019264221));
#6993=CARTESIAN_POINT('Ctrl Pts',(-47.0710363158535,79.8549930001238,21.320001284281));
#6994=CARTESIAN_POINT('Ctrl Pts',(-47.071036315467,79.8549930005563,10.66000064214));
#6995=CARTESIAN_POINT('Ctrl Pts',(-47.0710363140507,79.8549929996314,-1.13686837721616E-12));
#6996=CARTESIAN_POINT('Ctrl Pts',(-50.2193689346313,81.2411117553711,31.9800019264221));
#6997=CARTESIAN_POINT('Ctrl Pts',(-50.2193689346314,81.2411117553711,21.320001284281));
#6998=CARTESIAN_POINT('Ctrl Pts',(-50.2193689346314,81.2411117553711,10.6600006421399));
#6999=CARTESIAN_POINT('Ctrl Pts',(-50.2193689346314,81.2411117553711,-1.13686837721616E-12));
#7000=CARTESIAN_POINT('Ctrl Pts',(-50.2191677212075,174.721198019526,79.9799966812134));
#7001=CARTESIAN_POINT('Ctrl Pts',(-50.2191677336927,174.721198013908,69.3133306503296));
#7002=CARTESIAN_POINT('Ctrl Pts',(-50.2191677461779,174.721198008291,58.6466646194458));
#7003=CARTESIAN_POINT('Ctrl Pts',(-50.2191677586631,174.721198002673,47.979998588562));
#7004=CARTESIAN_POINT('Ctrl Pts',(-47.0829566188024,176.132356353102,79.9799966812134));
#7005=CARTESIAN_POINT('Ctrl Pts',(-47.0829566340191,176.132356345573,69.3133306503297));
#7006=CARTESIAN_POINT('Ctrl Pts',(-47.0829566482288,176.132356336735,58.6466646194457));
#7007=CARTESIAN_POINT('Ctrl Pts',(-47.0829566634455,176.132356329205,47.979998588562));
#7008=CARTESIAN_POINT('Ctrl Pts',(-42.6519972250248,178.604572677088,79.9799966812133));
#7009=CARTESIAN_POINT('Ctrl Pts',(-42.6519972363361,178.604572672983,69.3133306503294));
#7010=CARTESIAN_POINT('Ctrl Pts',(-42.6519972489134,178.604572670524,58.6466646194459));
#7011=CARTESIAN_POINT('Ctrl Pts',(-42.6519972602247,178.60457266642,47.979998588562));
#7012=CARTESIAN_POINT('Ctrl Pts',(-38.3909921185052,176.71624471036,79.9799966812133));
#7013=CARTESIAN_POINT('Ctrl Pts',(-38.390992119916,176.716244720103,69.3133306503296));
#7014=CARTESIAN_POINT('Ctrl Pts',(-38.3909921206293,176.716244728939,58.6466646194457));
#7015=CARTESIAN_POINT('Ctrl Pts',(-38.3909921220401,176.716244738681,47.979998588562));
#7016=CARTESIAN_POINT('Ctrl Pts',(-38.561044776848,172.355554310627,79.9799966812133));
#7017=CARTESIAN_POINT('Ctrl Pts',(-38.5610447762884,172.355554320317,69.3133306503294));
#7018=CARTESIAN_POINT('Ctrl Pts',(-38.561044777333,172.355554332093,58.6466646194458));
#7019=CARTESIAN_POINT('Ctrl Pts',(-38.5610447767733,172.355554341783,47.979998588562));
#7020=CARTESIAN_POINT('Ctrl Pts',(-38.5576868771384,163.634088811882,79.9799966812133));
#7021=CARTESIAN_POINT('Ctrl Pts',(-38.5576868777047,163.634088819551,69.3133306503295));
#7022=CARTESIAN_POINT('Ctrl Pts',(-38.5576868780663,163.634088826955,58.6466646194457));
#7023=CARTESIAN_POINT('Ctrl Pts',(-38.5576868786326,163.634088834624,47.979998588562));
#7024=CARTESIAN_POINT('Ctrl Pts',(-38.2108657712124,154.912538584044,79.9799966812133));
#7025=CARTESIAN_POINT('Ctrl Pts',(-38.2108657673783,154.912538582547,69.3133306503295));
#7026=CARTESIAN_POINT('Ctrl Pts',(-38.2108657638441,154.912538581439,58.6466646194458));
#7027=CARTESIAN_POINT('Ctrl Pts',(-38.21086576001,154.912538579942,47.979998588562));
#7028=CARTESIAN_POINT('Ctrl Pts',(-47.0780129857263,159.841432819561,79.9799966812134));
#7029=CARTESIAN_POINT('Ctrl Pts',(-47.0780129843485,159.84143281866,69.3133306503296));
#7030=CARTESIAN_POINT('Ctrl Pts',(-47.0780129839777,159.841432819069,58.6466646194458));
#7031=CARTESIAN_POINT('Ctrl Pts',(-47.0780129825999,159.841432818168,47.979998588562));
#7032=CARTESIAN_POINT('Ctrl Pts',(-50.2193689346313,161.241111755371,79.9799966812134));
#7033=CARTESIAN_POINT('Ctrl Pts',(-50.2193689346313,161.241111755371,69.3133306503296));
#7034=CARTESIAN_POINT('Ctrl Pts',(-50.2193689346313,161.241111755371,58.6466646194458));
#7035=CARTESIAN_POINT('Ctrl Pts',(-50.2193689346313,161.241111755371,47.979998588562));
#7036=CARTESIAN_POINT('Ctrl Pts',(-50.2191677212075,174.721198019526,31.9800019264221));
#7037=CARTESIAN_POINT('Ctrl Pts',(-50.2191677336927,174.721198013908,21.320001284281));
#7038=CARTESIAN_POINT('Ctrl Pts',(-50.2191677461779,174.721198008291,10.6600006421399));
#7039=CARTESIAN_POINT('Ctrl Pts',(-50.2191677586631,174.721198002673,-1.13686837721616E-12));
#7040=CARTESIAN_POINT('Ctrl Pts',(-47.0829566188024,176.132356353102,31.9800019264221));
#7041=CARTESIAN_POINT('Ctrl Pts',(-47.0829566340191,176.132356345573,21.3200012842811));
#7042=CARTESIAN_POINT('Ctrl Pts',(-47.0829566482288,176.132356336735,10.6600006421399));
#7043=CARTESIAN_POINT('Ctrl Pts',(-47.0829566634455,176.132356329205,-1.13686837721616E-12));
#7044=CARTESIAN_POINT('Ctrl Pts',(-42.6519972250247,178.604572677088,31.9800019264221));
#7045=CARTESIAN_POINT('Ctrl Pts',(-42.651997236336,178.604572672983,21.320001284281));
#7046=CARTESIAN_POINT('Ctrl Pts',(-42.6519972488959,178.604572670502,10.66000064214));
#7047=CARTESIAN_POINT('Ctrl Pts',(-42.6519972602072,178.604572666397,-1.13686837721616E-12));
#7048=CARTESIAN_POINT('Ctrl Pts',(-38.3909921185052,176.71624471036,31.9800019264221));
#7049=CARTESIAN_POINT('Ctrl Pts',(-38.390992119916,176.716244720103,21.3200012842811));
#7050=CARTESIAN_POINT('Ctrl Pts',(-38.3909921206093,176.716244728913,10.6600006421399));
#7051=CARTESIAN_POINT('Ctrl Pts',(-38.39099212202,176.716244738655,-1.13686837721616E-12));
#7052=CARTESIAN_POINT('Ctrl Pts',(-38.561044776848,172.355554310627,31.9800019264221));
#7053=CARTESIAN_POINT('Ctrl Pts',(-38.5610447762884,172.355554320317,21.320001284281));
#7054=CARTESIAN_POINT('Ctrl Pts',(-38.5610447773041,172.355554332055,10.66000064214));
#7055=CARTESIAN_POINT('Ctrl Pts',(-38.5610447767445,172.355554341745,-1.13686837721616E-12));
#7056=CARTESIAN_POINT('Ctrl Pts',(-38.5576868771384,163.634088811882,31.9800019264221));
#7057=CARTESIAN_POINT('Ctrl Pts',(-38.5576868777047,163.634088819551,21.320001284281));
#7058=CARTESIAN_POINT('Ctrl Pts',(-38.5576868780385,163.634088826919,10.6600006421399));
#7059=CARTESIAN_POINT('Ctrl Pts',(-38.5576868786048,163.634088834588,-1.13686837721616E-12));
#7060=CARTESIAN_POINT('Ctrl Pts',(-38.2108657712124,154.912538584044,31.9800019264221));
#7061=CARTESIAN_POINT('Ctrl Pts',(-38.2108657673783,154.912538582547,21.320001284281));
#7062=CARTESIAN_POINT('Ctrl Pts',(-38.2108657638233,154.912538581412,10.66000064214));
#7063=CARTESIAN_POINT('Ctrl Pts',(-38.2108657599892,154.912538579915,-1.13686837721616E-12));
#7064=CARTESIAN_POINT('Ctrl Pts',(-47.0780129857263,159.841432819561,31.9800019264221));
#7065=CARTESIAN_POINT('Ctrl Pts',(-47.0780129843485,159.84143281866,21.320001284281));
#7066=CARTESIAN_POINT('Ctrl Pts',(-47.0780129839777,159.841432819069,10.6600006421399));
#7067=CARTESIAN_POINT('Ctrl Pts',(-47.0780129825999,159.841432818168,-1.13686837721616E-12));
#7068=CARTESIAN_POINT('Ctrl Pts',(-50.2193689346313,161.241111755371,31.9800019264221));
#7069=CARTESIAN_POINT('Ctrl Pts',(-50.2193689346313,161.241111755371,21.320001284281));
#7070=CARTESIAN_POINT('Ctrl Pts',(-50.2193689346313,161.241111755371,10.6600006421399));
#7071=CARTESIAN_POINT('Ctrl Pts',(-50.2193689346313,161.241111755371,-1.13686837721616E-12));
#7072=CARTESIAN_POINT('Ctrl Pts',(-77.779369354248,-158.758907318115,79.9799966812134));
#7073=CARTESIAN_POINT('Ctrl Pts',(-77.779369354248,-158.758907318115,69.3133306503296));
#7074=CARTESIAN_POINT('Ctrl Pts',(-77.779369354248,-158.758907318115,58.6466646194458));
#7075=CARTESIAN_POINT('Ctrl Pts',(-77.779369354248,-158.758907318115,47.979998588562));
#7076=CARTESIAN_POINT('Ctrl Pts',(-80.932577933197,-160.141577340217,79.9799966812134));
#7077=CARTESIAN_POINT('Ctrl Pts',(-80.9325779743311,-160.141577364446,69.3133306503296));
#7078=CARTESIAN_POINT('Ctrl Pts',(-80.9325779620276,-160.141577346667,58.6466646194458));
#7079=CARTESIAN_POINT('Ctrl Pts',(-80.9325780031618,-160.141577370896,47.979998588562));
#7080=CARTESIAN_POINT('Ctrl Pts',(-89.788513953599,-165.132382508418,79.9799966812134));
#7081=CARTESIAN_POINT('Ctrl Pts',(-89.7885140152765,-165.132382532128,69.3133306503296));
#7082=CARTESIAN_POINT('Ctrl Pts',(-89.7885140729921,-165.132382562663,58.6466646194458));
#7083=CARTESIAN_POINT('Ctrl Pts',(-89.7885141346696,-165.132382586373,47.979998588562));
#7084=CARTESIAN_POINT('Ctrl Pts',(-89.293720576265,-152.012598020231,79.9799966812134));
#7085=CARTESIAN_POINT('Ctrl Pts',(-89.293720556515,-152.012597764869,69.3133306503296));
#7086=CARTESIAN_POINT('Ctrl Pts',(-89.2937205249904,-152.012597491312,58.6466646194459));
#7087=CARTESIAN_POINT('Ctrl Pts',(-89.2937205052404,-152.012597235951,47.979998588562));
#7088=CARTESIAN_POINT('Ctrl Pts',(-89.6264575143194,-143.2735506447,79.9799966812134));
#7089=CARTESIAN_POINT('Ctrl Pts',(-89.6264575067712,-143.273550441044,69.3133306503297));
#7090=CARTESIAN_POINT('Ctrl Pts',(-89.6264574592215,-143.273550223942,58.6466646194458));
#7091=CARTESIAN_POINT('Ctrl Pts',(-89.6264574516733,-143.273550020287,47.9799985885621));
#7092=CARTESIAN_POINT('Ctrl Pts',(-85.3624855709238,-141.399603414924,79.9799966812134));
#7093=CARTESIAN_POINT('Ctrl Pts',(-85.3624852960792,-141.399603494159,69.3133306503296));
#7094=CARTESIAN_POINT('Ctrl Pts',(-85.3624850674117,-141.399603581868,58.6466646194459));
#7095=CARTESIAN_POINT('Ctrl Pts',(-85.362484792567,-141.399603661103,47.979998588562));
#7096=CARTESIAN_POINT('Ctrl Pts',(-80.9321761307112,-143.895133218266,79.9799966812134));
#7097=CARTESIAN_POINT('Ctrl Pts',(-80.9321758105098,-143.895133399607,69.3133306503296));
#7098=CARTESIAN_POINT('Ctrl Pts',(-80.9321754546303,-143.895133572012,58.6466646194458));
#7099=CARTESIAN_POINT('Ctrl Pts',(-80.932175134429,-143.895133753353,47.979998588562));
#7100=CARTESIAN_POINT('Ctrl Pts',(-77.7794343836107,-145.278863975937,79.9799966812134));
#7101=CARTESIAN_POINT('Ctrl Pts',(-77.7794341037915,-145.278864098749,69.3133306503296));
#7102=CARTESIAN_POINT('Ctrl Pts',(-77.7794338239724,-145.278864221561,58.6466646194458));
#7103=CARTESIAN_POINT('Ctrl Pts',(-77.7794335441532,-145.278864344373,47.979998588562));
#7104=CARTESIAN_POINT('Ctrl Pts',(-77.779369354248,-158.758907318115,31.9800019264221));
#7105=CARTESIAN_POINT('Ctrl Pts',(-77.779369354248,-158.758907318115,21.320001284281));
#7106=CARTESIAN_POINT('Ctrl Pts',(-77.779369354248,-158.758907318115,10.6600006421399));
#7107=CARTESIAN_POINT('Ctrl Pts',(-77.779369354248,-158.758907318115,-1.13686837721616E-12));
#7108=CARTESIAN_POINT('Ctrl Pts',(-80.932577933197,-160.141577340217,31.9800019264221));
#7109=CARTESIAN_POINT('Ctrl Pts',(-80.9325779743311,-160.141577364446,21.320001284281));
#7110=CARTESIAN_POINT('Ctrl Pts',(-80.9325779620276,-160.141577346667,10.66000064214));
#7111=CARTESIAN_POINT('Ctrl Pts',(-80.9325780031618,-160.141577370896,-1.13686837721616E-12));
#7112=CARTESIAN_POINT('Ctrl Pts',(-89.7885139532753,-165.132382507989,31.9800019264221));
#7113=CARTESIAN_POINT('Ctrl Pts',(-89.7885140149528,-165.132382531699,21.3200012842811));
#7114=CARTESIAN_POINT('Ctrl Pts',(-89.7885140732902,-165.132382562663,10.6600006421399));
#7115=CARTESIAN_POINT('Ctrl Pts',(-89.7885141349678,-165.132382586373,-1.13686837721616E-12));
#7116=CARTESIAN_POINT('Ctrl Pts',(-89.2937205759365,-152.012598019796,31.9800019264221));
#7117=CARTESIAN_POINT('Ctrl Pts',(-89.2937205561865,-152.012597764434,21.320001284281));
#7118=CARTESIAN_POINT('Ctrl Pts',(-89.2937205252719,-152.012597491313,10.66000064214));
#7119=CARTESIAN_POINT('Ctrl Pts',(-89.2937205055219,-152.012597235951,-1.13686837721616E-12));
#7120=CARTESIAN_POINT('Ctrl Pts',(-89.6264575140991,-143.273550644408,31.9800019264221));
#7121=CARTESIAN_POINT('Ctrl Pts',(-89.6264575065509,-143.273550440753,21.3200012842811));
#7122=CARTESIAN_POINT('Ctrl Pts',(-89.626457459311,-143.273550223942,10.6600006421399));
#7123=CARTESIAN_POINT('Ctrl Pts',(-89.6264574517628,-143.273550020287,-1.13686837721616E-12));
#7124=CARTESIAN_POINT('Ctrl Pts',(-85.3624855707409,-141.399603414682,31.9800019264221));
#7125=CARTESIAN_POINT('Ctrl Pts',(-85.3624852958961,-141.399603493917,21.320001284281));
#7126=CARTESIAN_POINT('Ctrl Pts',(-85.3624850674494,-141.399603581868,10.66000064214));
#7127=CARTESIAN_POINT('Ctrl Pts',(-85.3624847926047,-141.399603661103,-1.13686837721616E-12));
#7128=CARTESIAN_POINT('Ctrl Pts',(-80.9321761307112,-143.895133218266,31.9800019264221));
#7129=CARTESIAN_POINT('Ctrl Pts',(-80.9321758105098,-143.895133399607,21.3200012842811));
#7130=CARTESIAN_POINT('Ctrl Pts',(-80.9321754546303,-143.895133572012,10.6600006421399));
#7131=CARTESIAN_POINT('Ctrl Pts',(-80.9321751344289,-143.895133753353,-1.13686837721616E-12));
#7132=CARTESIAN_POINT('Ctrl Pts',(-77.7794343836107,-145.278863975937,31.9800019264221));
#7133=CARTESIAN_POINT('Ctrl Pts',(-77.7794341037915,-145.278864098749,21.320001284281));
#7134=CARTESIAN_POINT('Ctrl Pts',(-77.7794338239723,-145.278864221561,10.6600006421399));
#7135=CARTESIAN_POINT('Ctrl Pts',(-77.7794335441531,-145.278864344373,-1.13686837721616E-12));
#7136=CARTESIAN_POINT('Ctrl Pts',(-77.779369354248,-78.7588882446289,79.9799966812134));
#7137=CARTESIAN_POINT('Ctrl Pts',(-77.779369354248,-78.7588882446289,69.3133306503296));
#7138=CARTESIAN_POINT('Ctrl Pts',(-77.779369354248,-78.7588882446289,58.6466646194458));
#7139=CARTESIAN_POINT('Ctrl Pts',(-77.779369354248,-78.7588882446289,47.979998588562));
#7140=CARTESIAN_POINT('Ctrl Pts',(-80.9328920197485,-80.1416804339242,79.9799966812134));
#7141=CARTESIAN_POINT('Ctrl Pts',(-80.93289202174,-80.1416804350993,69.3133306503296));
#7142=CARTESIAN_POINT('Ctrl Pts',(-80.9328920211436,-80.1416804342342,58.6466646194458));
#7143=CARTESIAN_POINT('Ctrl Pts',(-80.9328920231351,-80.1416804354093,47.979998588562));
#7144=CARTESIAN_POINT('Ctrl Pts',(-89.7901319531082,-85.1334574194649,79.9799966812134));
#7145=CARTESIAN_POINT('Ctrl Pts',(-89.790131956093,-85.1334574206075,69.3133306503296));
#7146=CARTESIAN_POINT('Ctrl Pts',(-89.7901319589409,-85.1334574221168,58.6466646194458));
#7147=CARTESIAN_POINT('Ctrl Pts',(-89.7901319619257,-85.1334574232595,47.979998588562));
#7148=CARTESIAN_POINT('Ctrl Pts',(-89.2931994503181,-72.0060033120728,79.9799966812133));
#7149=CARTESIAN_POINT('Ctrl Pts',(-89.2931994493616,-72.0060032997157,69.3133306503295));
#7150=CARTESIAN_POINT('Ctrl Pts',(-89.2931994478889,-72.0060032865158,58.6466646194458));
#7151=CARTESIAN_POINT('Ctrl Pts',(-89.2931994469324,-72.0060032741587,47.979998588562));
#7152=CARTESIAN_POINT('Ctrl Pts',(-89.6265938542267,-63.280234515905,79.9799966812134));
#7153=CARTESIAN_POINT('Ctrl Pts',(-89.6265938538609,-63.2802345060612,69.3133306503296));
#7154=CARTESIAN_POINT('Ctrl Pts',(-89.6265938515845,-63.2802344955846,58.6466646194458));
#7155=CARTESIAN_POINT('Ctrl Pts',(-89.6265938512187,-63.2802344857408,47.979998588562));
#7156=CARTESIAN_POINT('Ctrl Pts',(-85.3574902041187,-61.394036038208,79.9799966812134));
#7157=CARTESIAN_POINT('Ctrl Pts',(-85.3574901908001,-61.3940360419905,69.3133306503296));
#7158=CARTESIAN_POINT('Ctrl Pts',(-85.3574901797375,-61.3940360462139,58.6466646194458));
#7159=CARTESIAN_POINT('Ctrl Pts',(-85.3574901664189,-61.3940360499965,47.979998588562));
#7160=CARTESIAN_POINT('Ctrl Pts',(-80.9217505231542,-63.8706310364193,79.9799966812134));
#7161=CARTESIAN_POINT('Ctrl Pts',(-80.9217505076525,-63.8706310451707,69.3133306503296));
#7162=CARTESIAN_POINT('Ctrl Pts',(-80.9217504904225,-63.8706310534826,58.6466646194458));
#7163=CARTESIAN_POINT('Ctrl Pts',(-80.9217504749207,-63.870631062234,47.979998588562));
#7164=CARTESIAN_POINT('Ctrl Pts',(-77.779494707708,-65.2788315718806,79.9799966812134));
#7165=CARTESIAN_POINT('Ctrl Pts',(-77.7794946942096,-65.2788315779299,69.3133306503296));
#7166=CARTESIAN_POINT('Ctrl Pts',(-77.7794946807113,-65.2788315839792,58.6466646194458));
#7167=CARTESIAN_POINT('Ctrl Pts',(-77.7794946672129,-65.2788315900285,47.979998588562));
#7168=CARTESIAN_POINT('Ctrl Pts',(-77.779369354248,-78.7588882446289,31.9800019264221));
#7169=CARTESIAN_POINT('Ctrl Pts',(-77.779369354248,-78.7588882446289,21.320001284281));
#7170=CARTESIAN_POINT('Ctrl Pts',(-77.779369354248,-78.7588882446289,10.6600006421399));
#7171=CARTESIAN_POINT('Ctrl Pts',(-77.779369354248,-78.7588882446289,-1.13686837721616E-12));
#7172=CARTESIAN_POINT('Ctrl Pts',(-80.9328920197485,-80.1416804339242,31.9800019264221));
#7173=CARTESIAN_POINT('Ctrl Pts',(-80.93289202174,-80.1416804350993,21.320001284281));
#7174=CARTESIAN_POINT('Ctrl Pts',(-80.9328920211436,-80.1416804342342,10.66000064214));
#7175=CARTESIAN_POINT('Ctrl Pts',(-80.9328920231351,-80.1416804354093,-1.13686837721616E-12));
#7176=CARTESIAN_POINT('Ctrl Pts',(-89.790131953083,-85.1334574194315,31.9800019264221));
#7177=CARTESIAN_POINT('Ctrl Pts',(-89.7901319560678,-85.1334574205741,21.320001284281));
#7178=CARTESIAN_POINT('Ctrl Pts',(-89.7901319589647,-85.133457422117,10.6600006421399));
#7179=CARTESIAN_POINT('Ctrl Pts',(-89.7901319619495,-85.1334574232596,-1.13686837721616E-12));
#7180=CARTESIAN_POINT('Ctrl Pts',(-89.2931994502935,-72.0060033120403,31.9800019264221));
#7181=CARTESIAN_POINT('Ctrl Pts',(-89.2931994493371,-72.0060032996832,21.320001284281));
#7182=CARTESIAN_POINT('Ctrl Pts',(-89.2931994479107,-72.0060032865159,10.66000064214));
#7183=CARTESIAN_POINT('Ctrl Pts',(-89.2931994469543,-72.0060032741588,-1.13686837721616E-12));
#7184=CARTESIAN_POINT('Ctrl Pts',(-89.6265938542107,-63.2802345158839,31.9800019264221));
#7185=CARTESIAN_POINT('Ctrl Pts',(-89.6265938538449,-63.28023450604,21.3200012842811));
#7186=CARTESIAN_POINT('Ctrl Pts',(-89.6265938515904,-63.2802344955846,10.6600006421399));
#7187=CARTESIAN_POINT('Ctrl Pts',(-89.6265938512246,-63.2802344857407,-1.13686837721616E-12));
#7188=CARTESIAN_POINT('Ctrl Pts',(-85.3574902041057,-61.3940360381907,31.9800019264221));
#7189=CARTESIAN_POINT('Ctrl Pts',(-85.3574901907871,-61.3940360419732,21.320001284281));
#7190=CARTESIAN_POINT('Ctrl Pts',(-85.3574901797391,-61.3940360462139,10.66000064214));
#7191=CARTESIAN_POINT('Ctrl Pts',(-85.3574901664205,-61.3940360499965,-1.13686837721616E-12));
#7192=CARTESIAN_POINT('Ctrl Pts',(-80.9217505231542,-63.8706310364193,31.9800019264221));
#7193=CARTESIAN_POINT('Ctrl Pts',(-80.9217505076525,-63.8706310451708,21.3200012842811));
#7194=CARTESIAN_POINT('Ctrl Pts',(-80.9217504904224,-63.8706310534826,10.6600006421399));
#7195=CARTESIAN_POINT('Ctrl Pts',(-80.9217504749207,-63.870631062234,-1.13686837721616E-12));
#7196=CARTESIAN_POINT('Ctrl Pts',(-77.779494707708,-65.2788315718806,31.9800019264221));
#7197=CARTESIAN_POINT('Ctrl Pts',(-77.7794946942096,-65.2788315779299,21.320001284281));
#7198=CARTESIAN_POINT('Ctrl Pts',(-77.7794946807112,-65.2788315839792,10.66000064214));
#7199=CARTESIAN_POINT('Ctrl Pts',(-77.7794946672128,-65.2788315900285,-1.13686837721616E-12));
#7200=CARTESIAN_POINT('Ctrl Pts',(-77.6317970265896,1.30334709168123,47.8516682769391));
#7201=CARTESIAN_POINT('Ctrl Pts',(-77.6244425413788,1.31022398538201,48.2548624591743));
#7202=CARTESIAN_POINT('Ctrl Pts',(-77.6231977099554,1.31226822210061,48.6580539881936));
#7203=CARTESIAN_POINT('Ctrl Pts',(-77.6276413560487,1.30914638701518,49.0612436692658));
#7204=CARTESIAN_POINT('Ctrl Pts',(-77.6330570999567,1.30603975147556,49.8676253557047));
#7205=CARTESIAN_POINT('Ctrl Pts',(-77.6331798117084,1.30656286230618,50.6740109595874));
#7206=CARTESIAN_POINT('Ctrl Pts',(-77.6320345677249,1.30746411360252,51.0772047000975));
#7207=CARTESIAN_POINT('Ctrl Pts',(-77.6323021955384,1.30787024149061,52.2867851151248));
#7208=CARTESIAN_POINT('Ctrl Pts',(-77.6363311132446,1.30623408209822,53.4963658249531));
#7209=CARTESIAN_POINT('Ctrl Pts',(-77.6357634884899,1.30691238248067,54.3027553546112));
#7210=CARTESIAN_POINT('Ctrl Pts',(-77.6380911350463,1.30649441164146,55.9155377626842));
#7211=CARTESIAN_POINT('Ctrl Pts',(-77.6399920043486,1.3061432878097,57.5283247061473));
#7212=CARTESIAN_POINT('Ctrl Pts',(-77.6407612034584,1.30613188296995,58.3347202064502));
#7213=CARTESIAN_POINT('Ctrl Pts',(-77.6422582507413,1.30590729346951,59.947514097623));
#7214=CARTESIAN_POINT('Ctrl Pts',(-77.6431591502477,1.30604399661043,61.5603144368367));
#7215=CARTESIAN_POINT('Ctrl Pts',(-77.6434712285991,1.30605929141801,62.366716612157));
#7216=CARTESIAN_POINT('Ctrl Pts',(-77.6437679620671,1.3064226576091,63.9795241657581));
#7217=CARTESIAN_POINT('Ctrl Pts',(-77.6434069142964,1.30688341566871,65.5923390120547));
#7218=CARTESIAN_POINT('Ctrl Pts',(-77.6430642368482,1.30727905976051,66.3987486093299));
#7219=CARTESIAN_POINT('Ctrl Pts',(-77.6421069592837,1.30796379191689,68.0115706903539));
#7220=CARTESIAN_POINT('Ctrl Pts',(-77.6405700150887,1.30900144306946,69.6244009784687));
#7221=CARTESIAN_POINT('Ctrl Pts',(-77.639783554301,1.30941648843076,70.430818314575));
#7222=CARTESIAN_POINT('Ctrl Pts',(-77.6378713242862,1.31058584951548,72.0436555522912));
#7223=CARTESIAN_POINT('Ctrl Pts',(-77.6355376076046,1.31175859115349,73.6565033206323));
#7224=CARTESIAN_POINT('Ctrl Pts',(-77.6362265047963,1.31177388977241,74.4629302038008));
#7225=CARTESIAN_POINT('Ctrl Pts',(-77.632027649488,1.31348391838538,75.6725651629739));
#7226=CARTESIAN_POINT('Ctrl Pts',(-77.631865070633,1.31385627978991,76.8822135707188));
#7227=CARTESIAN_POINT('Ctrl Pts',(-77.6330558690671,1.31322363934832,77.2854290229646));
#7228=CARTESIAN_POINT('Ctrl Pts',(-77.6331273880732,1.31347338562927,78.0918639753897));
#7229=CARTESIAN_POINT('Ctrl Pts',(-77.6273756635337,1.31605055320453,78.8982963901523));
#7230=CARTESIAN_POINT('Ctrl Pts',(-77.6221343924015,1.31731083764557,79.3014986084982));
#7231=CARTESIAN_POINT('Ctrl Pts',(-77.6242171222509,1.31750385748384,79.7047186830527));
#7232=CARTESIAN_POINT('Ctrl Pts',(-77.632795551908,1.31390532873154,80.1079478652267));
#7233=CARTESIAN_POINT('Ctrl Pts',(-78.0866425894533,1.10920486587838,47.8517164941165));
#7234=CARTESIAN_POINT('Ctrl Pts',(-78.0816568234861,1.11639494933893,48.2549111550313));
#7235=CARTESIAN_POINT('Ctrl Pts',(-78.0820414295479,1.11982687569652,48.6581027676805));
#7236=CARTESIAN_POINT('Ctrl Pts',(-78.0872840673755,1.11925986510085,49.0612921066855));
#7237=CARTESIAN_POINT('Ctrl Pts',(-78.0919537137651,1.11928758250524,49.8676736389943));
#7238=CARTESIAN_POINT('Ctrl Pts',(-78.0885659108724,1.11998407777736,50.6740598240572));
#7239=CARTESIAN_POINT('Ctrl Pts',(-78.0855916496318,1.12072682601966,51.0772539607608));
#7240=CARTESIAN_POINT('Ctrl Pts',(-78.0813518527248,1.12200586083377,52.2868352120254));
#7241=CARTESIAN_POINT('Ctrl Pts',(-78.0816887405203,1.12262515726231,53.496418467392));
#7242=CARTESIAN_POINT('Ctrl Pts',(-78.0776609340676,1.12371027732876,54.3028128268623));
#7243=CARTESIAN_POINT('Ctrl Pts',(-78.0737790417943,1.12517982160508,55.9155974303188));
#7244=CARTESIAN_POINT('Ctrl Pts',(-78.0699090124189,1.12678099588685,57.5283918096897));
#7245=CARTESIAN_POINT('Ctrl Pts',(-78.0679648828903,1.12749268853629,58.334789782535));
#7246=CARTESIAN_POINT('Ctrl Pts',(-78.0649483586083,1.12898743499458,59.9475893570322));
#7247=CARTESIAN_POINT('Ctrl Pts',(-78.0628809032385,1.1299312828979,61.5603961186169));
#7248=CARTESIAN_POINT('Ctrl Pts',(-78.0622730394708,1.13048502547665,62.3668005899973));
#7249=CARTESIAN_POINT('Ctrl Pts',(-78.0615390432402,1.13097984472069,63.9796137391319));
#7250=CARTESIAN_POINT('Ctrl Pts',(-78.062245267192,1.13136148857667,65.5924340297071));
#7251=CARTESIAN_POINT('Ctrl Pts',(-78.0628417935826,1.13124660484655,66.3988453897884));
#7252=CARTESIAN_POINT('Ctrl Pts',(-78.0648904883133,1.13117404110403,68.0116737987073));
#7253=CARTESIAN_POINT('Ctrl Pts',(-78.0679105131046,1.13054904188021,69.6245092300965));
#7254=CARTESIAN_POINT('Ctrl Pts',(-78.0698545069477,1.13025565736828,70.4309283158333));
#7255=CARTESIAN_POINT('Ctrl Pts',(-78.0737583297464,1.12952649020152,72.0437749432602));
#7256=CARTESIAN_POINT('Ctrl Pts',(-78.0777145898547,1.12894669456629,73.6566237959795));
#7257=CARTESIAN_POINT('Ctrl Pts',(-78.0816628567259,1.12805088146427,74.4630572471871));
#7258=CARTESIAN_POINT('Ctrl Pts',(-78.0815992746484,1.12852835552066,75.6727034458086));
#7259=CARTESIAN_POINT('Ctrl Pts',(-78.0858786331999,1.12783231637787,76.8823562645907));
#7260=CARTESIAN_POINT('Ctrl Pts',(-78.0886445197073,1.12673299378256,77.2855706194607));
#7261=CARTESIAN_POINT('Ctrl Pts',(-78.0920023241832,1.126233684409,78.0920066721701));
#7262=CARTESIAN_POINT('Ctrl Pts',(-78.0882620934976,1.12867417313593,78.8984565994989));
#7263=CARTESIAN_POINT('Ctrl Pts',(-78.0834658862076,1.13033359110215,79.3016727969549));
#7264=CARTESIAN_POINT('Ctrl Pts',(-78.0847648480918,1.13116774156104,79.7049021340944));
#7265=CARTESIAN_POINT('Ctrl Pts',(-78.0912987756502,1.12805147254411,80.1081349368791));
#7266=CARTESIAN_POINT('Ctrl Pts',(-78.5613952458689,0.895198368280286,47.8517629581713));
#7267=CARTESIAN_POINT('Ctrl Pts',(-78.558829500948,0.902564963222759,48.2549585329334));
#7268=CARTESIAN_POINT('Ctrl Pts',(-78.5595390273128,0.90879908740808,48.6581507073571));
#7269=CARTESIAN_POINT('Ctrl Pts',(-78.5628820691449,0.91399405766204,49.061340169309));
#7270=CARTESIAN_POINT('Ctrl Pts',(-78.5636230153489,0.920638406844969,49.8677217762512));
#7271=CARTESIAN_POINT('Ctrl Pts',(-78.5559847906596,0.922246811856808,50.6741080328478));
#7272=CARTESIAN_POINT('Ctrl Pts',(-78.5512155835275,0.92312412397471,51.0773022412257));
#7273=CARTESIAN_POINT('Ctrl Pts',(-78.5417488024826,0.927268603236661,52.2868837788967));
#7274=CARTESIAN_POINT('Ctrl Pts',(-78.5373106967398,0.932929978436718,53.4964698565112));
#7275=CARTESIAN_POINT('Ctrl Pts',(-78.5299008103908,0.93541109434704,54.302869592972));
#7276=CARTESIAN_POINT('Ctrl Pts',(-78.5187624986861,0.941597895087132,55.9156554689608));
#7277=CARTESIAN_POINT('Ctrl Pts',(-78.5081914692947,0.947641660411367,57.5284581814748));
#7278=CARTESIAN_POINT('Ctrl Pts',(-78.5030458235169,0.949999132582398,58.3348584553951));
#7279=CARTESIAN_POINT('Ctrl Pts',(-78.4947316216756,0.955118774473167,59.9476639039099));
#7280=CARTESIAN_POINT('Ctrl Pts',(-78.4891311509183,0.957741878060935,61.5604775442601));
#7281=CARTESIAN_POINT('Ctrl Pts',(-78.4874545410142,0.959331439090582,62.3668842135382));
#7282=CARTESIAN_POINT('Ctrl Pts',(-78.4854640450447,0.960106123155248,63.979703219804));
#7283=CARTESIAN_POINT('Ctrl Pts',(-78.4874506277173,0.960224814526822,65.5925292243523));
#7284=CARTESIAN_POINT('Ctrl Pts',(-78.4891286264809,0.959084422557491,66.3989421764497));
#7285=CARTESIAN_POINT('Ctrl Pts',(-78.4947326777827,0.957339527139303,68.0117775545152));
#7286=CARTESIAN_POINT('Ctrl Pts',(-78.5030726156707,0.953090995203518,69.6246185429617));
#7287=CARTESIAN_POINT('Ctrl Pts',(-78.5082235307077,0.951134784555091,70.431039027949));
#7288=CARTESIAN_POINT('Ctrl Pts',(-78.5188321577369,0.945912894798873,72.0438967747508));
#7289=CARTESIAN_POINT('Ctrl Pts',(-78.530078201192,0.940642959143753,73.6567451627291));
#7290=CARTESIAN_POINT('Ctrl Pts',(-78.5370230507753,0.937389485929992,74.4631842841286));
#7291=CARTESIAN_POINT('Ctrl Pts',(-78.5422938813629,0.934160636294675,75.6728461001866));
#7292=CARTESIAN_POINT('Ctrl Pts',(-78.5514710987427,0.929768521257572,76.8825018109253));
#7293=CARTESIAN_POINT('Ctrl Pts',(-78.5556195380365,0.927535840801289,77.2857146576693));
#7294=CARTESIAN_POINT('Ctrl Pts',(-78.5624411929856,0.924200138681255,78.0921484932897));
#7295=CARTESIAN_POINT('Ctrl Pts',(-78.5637612537551,0.922688238515646,78.8986153835839));
#7296=CARTESIAN_POINT('Ctrl Pts',(-78.5626289150362,0.922825253130093,79.3018547478789));
#7297=CARTESIAN_POINT('Ctrl Pts',(-78.5643600456717,0.922675017594432,79.7050949482234));
#7298=CARTESIAN_POINT('Ctrl Pts',(-78.5686360098885,0.919786914571031,80.1083301521149));
#7299=CARTESIAN_POINT('Ctrl Pts',(-79.0471655468575,0.662634889076462,47.8518063156236));
#7300=CARTESIAN_POINT('Ctrl Pts',(-79.0462489997419,0.668493189935546,48.2550034977018));
#7301=CARTESIAN_POINT('Ctrl Pts',(-79.0452543996726,0.676478314903614,48.6581971099051));
#7302=CARTESIAN_POINT('Ctrl Pts',(-79.0430947001541,0.686133740913246,49.0613878232793));
#7303=CARTESIAN_POINT('Ctrl Pts',(-79.0378765591117,0.700430285399946,49.8677704259901));
#7304=CARTESIAN_POINT('Ctrl Pts',(-79.0292453982901,0.708967497323455,50.6741560197673));
#7305=CARTESIAN_POINT('Ctrl Pts',(-79.0242999753419,0.712398607346241,51.0773499173196));
#7306=CARTESIAN_POINT('Ctrl Pts',(-79.0115292973799,0.723520580228144,52.2869327838399));
#7307=CARTESIAN_POINT('Ctrl Pts',(-79.0012634306127,0.735971785820809,53.4965228774222));
#7308=CARTESIAN_POINT('Ctrl Pts',(-78.9919621379199,0.744413789192375,54.3029219902914));
#7309=CARTESIAN_POINT('Ctrl Pts',(-78.973748352789,0.761346803288548,55.9157151783503));
#7310=CARTESIAN_POINT('Ctrl Pts',(-78.9559537511092,0.776454349701457,57.5285210915915));
#7311=CARTESIAN_POINT('Ctrl Pts',(-78.9475654556895,0.783122244122526,58.3349249841265));
#7312=CARTESIAN_POINT('Ctrl Pts',(-78.9331414632102,0.794561073550183,59.9477359849412));
#7313=CARTESIAN_POINT('Ctrl Pts',(-78.923807132489,0.801680703122351,61.5605548291849));
#7314=CARTESIAN_POINT('Ctrl Pts',(-78.9206750120248,0.804178559616364,62.3669649348615));
#7315=CARTESIAN_POINT('Ctrl Pts',(-78.9175127794071,0.806810222517703,63.9797896694846));
#7316=CARTESIAN_POINT('Ctrl Pts',(-78.9206823096401,0.805046690251255,65.5926214064508));
#7317=CARTESIAN_POINT('Ctrl Pts',(-78.9238197284512,0.802980540952024,66.3990380267362));
#7318=CARTESIAN_POINT('Ctrl Pts',(-78.9331665948786,0.796704840146196,68.0118784071964));
#7319=CARTESIAN_POINT('Ctrl Pts',(-78.947612114982,0.786067890061175,69.6247250091845));
#7320=CARTESIAN_POINT('Ctrl Pts',(-78.9559988420378,0.779754975980087,70.431150703609));
#7321=CARTESIAN_POINT('Ctrl Pts',(-78.9738229531755,0.765392545140857,72.0440108927337));
#7322=CARTESIAN_POINT('Ctrl Pts',(-78.9920151640759,0.74903375337186,73.656872852027));
#7323=CARTESIAN_POINT('Ctrl Pts',(-79.0011081061511,0.740403910778791,74.4633148431241));
#7324=CARTESIAN_POINT('Ctrl Pts',(-79.0116551140586,0.729084726685625,75.6729826323462));
#7325=CARTESIAN_POINT('Ctrl Pts',(-79.0235838394323,0.716385530919622,76.8826439537093));
#7326=CARTESIAN_POINT('Ctrl Pts',(-79.0279926707042,0.711809239935431,77.2858624769401));
#7327=CARTESIAN_POINT('Ctrl Pts',(-79.0358949959989,0.701767441003869,78.0923071842445));
#7328=CARTESIAN_POINT('Ctrl Pts',(-79.0418682957622,0.689492680247405,78.8987701788165));
#7329=CARTESIAN_POINT('Ctrl Pts',(-79.0448189980899,0.681821021095686,79.3020053318794));
#7330=CARTESIAN_POINT('Ctrl Pts',(-79.0473226236258,0.677702070801447,79.705242147106));
#7331=CARTESIAN_POINT('Ctrl Pts',(-79.0499897419468,0.676427965667048,80.1084778931226));
#7332=CARTESIAN_POINT('Ctrl Pts',(-79.9886253249089,0.21971145575743,47.8518775497734));
#7333=CARTESIAN_POINT('Ctrl Pts',(-79.9894032762894,0.222532732112738,48.2550777652989));
#7334=CARTESIAN_POINT('Ctrl Pts',(-79.9898959792568,0.22838603503566,48.6582749897184));
#7335=CARTESIAN_POINT('Ctrl Pts',(-79.989257056748,0.236670419235638,49.0614696758642));
#7336=CARTESIAN_POINT('Ctrl Pts',(-79.9860567177263,0.253787013470151,49.8678577365972));
#7337=CARTESIAN_POINT('Ctrl Pts',(-79.9794355646718,0.271624362007488,50.6742458700912));
#7338=CARTESIAN_POINT('Ctrl Pts',(-79.9753675129114,0.280531448100653,51.0774406836475));
#7339=CARTESIAN_POINT('Ctrl Pts',(-79.9617719755421,0.309203790085569,52.2870275531155));
#7340=CARTESIAN_POINT('Ctrl Pts',(-79.944047492731,0.343181493274853,53.4966227078582));
#7341=CARTESIAN_POINT('Ctrl Pts',(-79.9298163280828,0.36775889043669,54.3030235151689));
#7342=CARTESIAN_POINT('Ctrl Pts',(-79.8981440434737,0.415624263851931,55.9158272949349));
#7343=CARTESIAN_POINT('Ctrl Pts',(-79.8655053484852,0.457426539794414,57.5286417315045));
#7344=CARTESIAN_POINT('Ctrl Pts',(-79.8500879676215,0.475720891357626,58.3350511331224));
#7345=CARTESIAN_POINT('Ctrl Pts',(-79.8230437865106,0.50648662861622,59.9478731069754));
#7346=CARTESIAN_POINT('Ctrl Pts',(-79.8053927657053,0.525250697637909,61.5607027922388));
#7347=CARTESIAN_POINT('Ctrl Pts',(-79.7993981983225,0.531519865085015,62.3671191093359));
#7348=CARTESIAN_POINT('Ctrl Pts',(-79.7934065205506,0.5380043574533,63.9799555199608));
#7349=CARTESIAN_POINT('Ctrl Pts',(-79.7994014494125,0.532252738985845,65.5927991587704));
#7350=CARTESIAN_POINT('Ctrl Pts',(-79.8053966689448,0.526341383625339,66.3992226354544));
#7351=CARTESIAN_POINT('Ctrl Pts',(-79.8230457881404,0.50825986497573,68.0120745195018));
#7352=CARTESIAN_POINT('Ctrl Pts',(-79.8500636658387,0.478061123626621,69.6249347794211));
#7353=CARTESIAN_POINT('Ctrl Pts',(-79.8654521620538,0.459997277316232,70.4313681462683));
#7354=CARTESIAN_POINT('Ctrl Pts',(-79.8980130955236,0.418583617339009,72.0442403937207));
#7355=CARTESIAN_POINT('Ctrl Pts',(-79.9294225043141,0.370665715141191,73.6571238683458));
#7356=CARTESIAN_POINT('Ctrl Pts',(-79.9435124512279,0.34605120394426,74.4635734801806));
#7357=CARTESIAN_POINT('Ctrl Pts',(-79.9607544049966,0.311403229292418,75.6732509289839));
#7358=CARTESIAN_POINT('Ctrl Pts',(-79.9733457699212,0.280875340850361,76.8829304910547));
#7359=CARTESIAN_POINT('Ctrl Pts',(-79.977039017412,0.271262200498401,77.2861575400287));
#7360=CARTESIAN_POINT('Ctrl Pts',(-79.9831910684195,0.2527067319508,78.0926168196384));
#7361=CARTESIAN_POINT('Ctrl Pts',(-79.9869680274855,0.237498048868536,78.8990855133696));
#7362=CARTESIAN_POINT('Ctrl Pts',(-79.9882635038625,0.231113867302137,79.3023222412299));
#7363=CARTESIAN_POINT('Ctrl Pts',(-79.9889561356972,0.228452148464313,79.7055584445591));
#7364=CARTESIAN_POINT('Ctrl Pts',(-79.989630208723,0.229491631529969,80.1087923210551));
#7365=CARTESIAN_POINT('Ctrl Pts',(-80.9245940666105,-0.210376995638485,
47.8519272995155));
#7366=CARTESIAN_POINT('Ctrl Pts',(-80.927055673304,-0.211478234935003,48.2551305474764));
#7367=CARTESIAN_POINT('Ctrl Pts',(-80.9305244241112,-0.209627884263872,
48.6583314950152));
#7368=CARTESIAN_POINT('Ctrl Pts',(-80.9347257442847,-0.205517734925495,
49.0615304670946));
#7369=CARTESIAN_POINT('Ctrl Pts',(-80.9400555233354,-0.190547167721784,
49.8679261141221));
#7370=CARTESIAN_POINT('Ctrl Pts',(-80.9398449818805,-0.164470052720278,
50.6743200255814));
#7371=CARTESIAN_POINT('Ctrl Pts',(-80.9381752204574,-0.148982934326213,
51.077517237731));
#7372=CARTESIAN_POINT('Ctrl Pts',(-80.9287764944796,-0.0961655687334836,
52.287110635127));
#7373=CARTESIAN_POINT('Ctrl Pts',(-80.906704983327,-0.0280934622688731,
53.4967105276008));
#7374=CARTESIAN_POINT('Ctrl Pts',(-80.8867870220284,0.020453958880441,54.3031142518669));
#7375=CARTESIAN_POINT('Ctrl Pts',(-80.8411183142975,0.114632810663939,55.915926547775));
#7376=CARTESIAN_POINT('Ctrl Pts',(-80.7922148365668,0.195647001046611,57.5287497279346));
#7377=CARTESIAN_POINT('Ctrl Pts',(-80.7690251380443,0.230811081600388,58.3351638056561));
#7378=CARTESIAN_POINT('Ctrl Pts',(-80.7281340738899,0.289693116663957,59.9479960678911));
#7379=CARTESIAN_POINT('Ctrl Pts',(-80.7012756667116,0.325148747323592,61.5608366179037));
#7380=CARTESIAN_POINT('Ctrl Pts',(-80.6921445273184,0.336925557244869,62.367258793643));
#7381=CARTESIAN_POINT('Ctrl Pts',(-80.6829943002865,0.348833669234103,63.9801070231097));
#7382=CARTESIAN_POINT('Ctrl Pts',(-80.6921026440675,0.337397221282022,65.5929632667601));
#7383=CARTESIAN_POINT('Ctrl Pts',(-80.7012092744645,0.32584260711061,66.3993934685596));
#7384=CARTESIAN_POINT('Ctrl Pts',(-80.7280049587291,0.290777847968914,68.0122585159169));
#7385=CARTESIAN_POINT('Ctrl Pts',(-80.7687730361621,0.232104775093756,69.6251337226823));
#7386=CARTESIAN_POINT('Ctrl Pts',(-80.7918781013576,0.196981153771727,70.4315744287474));
#7387=CARTESIAN_POINT('Ctrl Pts',(-80.840539887931,0.115873355427516,72.0444620494338));
#7388=CARTESIAN_POINT('Ctrl Pts',(-80.8857239756093,0.0210878335809455,
73.6573640621153));
#7389=CARTESIAN_POINT('Ctrl Pts',(-80.9053666705006,-0.0278060229123535,
74.463820551919));
#7390=CARTESIAN_POINT('Ctrl Pts',(-80.926664752049,-0.0971798299488887,
75.6735091115204));
#7391=CARTESIAN_POINT('Ctrl Pts',(-80.935424481677,-0.150805233880201,76.8832047946504));
#7392=CARTESIAN_POINT('Ctrl Pts',(-80.9369337883449,-0.166414851059158,
77.2864375675077));
#7393=CARTESIAN_POINT('Ctrl Pts',(-80.9371850444436,-0.191813380235797,
78.0929062891951));
#7394=CARTESIAN_POINT('Ctrl Pts',(-80.9330020629294,-0.203328795841725,
78.8993795180956));
#7395=CARTESIAN_POINT('Ctrl Pts',(-80.9298195775528,-0.204604654987442,
79.3026172367677));
#7396=CARTESIAN_POINT('Ctrl Pts',(-80.9274595487817,-0.20340857025121,79.7058519617634));
#7397=CARTESIAN_POINT('Ctrl Pts',(-80.9260628942507,-0.199353385324786,
80.1090826973754));
#7398=CARTESIAN_POINT('Ctrl Pts',(-81.4004582332543,-0.425711163663039,
47.8519484838145));
#7399=CARTESIAN_POINT('Ctrl Pts',(-81.4043458098851,-0.429003187388643,
48.2551532322313));
#7400=CARTESIAN_POINT('Ctrl Pts',(-81.4085081846587,-0.428239368107275,
48.6583557441927));
#7401=CARTESIAN_POINT('Ctrl Pts',(-81.4127976817237,-0.424099526081541,
49.061556295098));
#7402=CARTESIAN_POINT('Ctrl Pts',(-81.4202541219794,-0.407841823616099,
49.8679552778011));
#7403=CARTESIAN_POINT('Ctrl Pts',(-81.4228473643317,-0.376608945903668,
50.6743522864293));
#7404=CARTESIAN_POINT('Ctrl Pts',(-81.4223357762555,-0.357422404219285,
51.0775508933966));
#7405=CARTESIAN_POINT('Ctrl Pts',(-81.4150074103193,-0.290832570505312,
52.2871480726208));
#7406=CARTESIAN_POINT('Ctrl Pts',(-81.3908873517874,-0.203172472198237,
53.4967508123186));
#7407=CARTESIAN_POINT('Ctrl Pts',(-81.367847573895,-0.140999994174243,54.3031563125969));
#7408=CARTESIAN_POINT('Ctrl Pts',(-81.3146601685694,-0.0207653348385007,
55.9159726405431));
#7409=CARTESIAN_POINT('Ctrl Pts',(-81.2571891339537,0.0820293497670458,
57.5288002282509));
#7410=CARTESIAN_POINT('Ctrl Pts',(-81.2299402601936,0.126529934821918,58.3352166188965));
#7411=CARTESIAN_POINT('Ctrl Pts',(-81.1818620036571,0.200931890813395,59.9480538564679));
#7412=CARTESIAN_POINT('Ctrl Pts',(-81.1502682212963,0.245593409435607,61.5608998577969));
#7413=CARTESIAN_POINT('Ctrl Pts',(-81.1395226744907,0.260393371723629,62.3673248892042));
#7414=CARTESIAN_POINT('Ctrl Pts',(-81.1287515707108,0.27529832924198,63.9801790461851));
#7415=CARTESIAN_POINT('Ctrl Pts',(-81.1394504249718,0.26071187989485,65.5930416881062));
#7416=CARTESIAN_POINT('Ctrl Pts',(-81.1501550348486,0.246055367175121,66.3994752058594));
#7417=CARTESIAN_POINT('Ctrl Pts',(-81.1816479207293,0.201617799473603,68.012347120125));
#7418=CARTESIAN_POINT('Ctrl Pts',(-81.2295494806597,0.127232176778008,69.6252297598193));
#7419=CARTESIAN_POINT('Ctrl Pts',(-81.2566820220739,0.0826682485269599,
70.4316742195023));
#7420=CARTESIAN_POINT('Ctrl Pts',(-81.3138330191977,-0.0204520072115222,
72.0445697566727));
#7421=CARTESIAN_POINT('Ctrl Pts',(-81.3664482928378,-0.141512843654545,
73.6574800214867));
#7422=CARTESIAN_POINT('Ctrl Pts',(-81.3891496527873,-0.204178538586284,
74.4639400184939));
#7423=CARTESIAN_POINT('Ctrl Pts',(-81.4125032836886,-0.293083403350028,
75.6736346771874));
#7424=CARTESIAN_POINT('Ctrl Pts',(-81.4193422821173,-0.360051275343071,
76.8833359842668));
#7425=CARTESIAN_POINT('Ctrl Pts',(-81.4197584609217,-0.379177280271178,
77.2865704977861));
#7426=CARTESIAN_POINT('Ctrl Pts',(-81.4173038559629,-0.409452629763465,
78.093041574494));
#7427=CARTESIAN_POINT('Ctrl Pts',(-81.4107975950319,-0.422733734565285,
78.8995137198877));
#7428=CARTESIAN_POINT('Ctrl Pts',(-81.4072221508439,-0.424805470832455,
79.3027493453468));
#7429=CARTESIAN_POINT('Ctrl Pts',(-81.4039551872952,-0.423032688065493,
79.7059824710307));
#7430=CARTESIAN_POINT('Ctrl Pts',(-81.4010526806098,-0.416951567182245,
80.1092123814014));
#7431=CARTESIAN_POINT('Ctrl Pts',(-82.3523163314329,-0.843925061613104,
47.8519813118615));
#7432=CARTESIAN_POINT('Ctrl Pts',(-82.3588688176338,-0.851355814505535,
48.2551888855386));
#7433=CARTESIAN_POINT('Ctrl Pts',(-82.3659211055727,-0.852639685483876,
48.6583945120467));
#7434=CARTESIAN_POINT('Ctrl Pts',(-82.373575098071,-0.848379622686732,49.0615983776276));
#7435=CARTESIAN_POINT('Ctrl Pts',(-82.3878328942352,-0.827290760146999,
49.8680040271594));
#7436=CARTESIAN_POINT('Ctrl Pts',(-82.3957199622428,-0.78198390401356,50.6744073036709));
#7437=CARTESIAN_POINT('Ctrl Pts',(-82.3970658256389,-0.753462842679638,
51.0776088276754));
#7438=CARTESIAN_POINT('Ctrl Pts',(-82.3922227113236,-0.653586903715821,
52.2872141067872));
#7439=CARTESIAN_POINT('Ctrl Pts',(-82.3617728847921,-0.521606290578287,
53.4968232824614));
#7440=CARTESIAN_POINT('Ctrl Pts',(-82.3311394479815,-0.429441382359641,
54.3032326801621));
#7441=CARTESIAN_POINT('Ctrl Pts',(-82.2606802562937,-0.252942769129539,
55.9160574052862));
#7442=CARTESIAN_POINT('Ctrl Pts',(-82.1848207425281,-0.104252308668401,
57.5288938364016));
#7443=CARTESIAN_POINT('Ctrl Pts',(-82.149057444718,-0.0402079500688667,
58.3353148568243));
#7444=CARTESIAN_POINT('Ctrl Pts',(-82.0860822060827,0.0666043633464051,
59.9481619561398));
#7445=CARTESIAN_POINT('Ctrl Pts',(-82.0448474213992,0.130393738367238,61.5610187631949));
#7446=CARTESIAN_POINT('Ctrl Pts',(-82.0308316604972,0.151484355758609,62.367449471832));
#7447=CARTESIAN_POINT('Ctrl Pts',(-82.0167706256504,0.172604126379238,63.9803154374485));
#7448=CARTESIAN_POINT('Ctrl Pts',(-82.0306896177485,0.151471655253489,65.5931908560873));
#7449=CARTESIAN_POINT('Ctrl Pts',(-82.0446274234704,0.130355673911324,66.3996310183105));
#7450=CARTESIAN_POINT('Ctrl Pts',(-82.08567822772,0.0664384633493199,68.0125166328422));
#7451=CARTESIAN_POINT('Ctrl Pts',(-82.1483703611728,-0.0407412347858782,
69.6254139566795));
#7452=CARTESIAN_POINT('Ctrl Pts',(-82.1839577919135,-0.10504771657687,70.4318658378081));
#7453=CARTESIAN_POINT('Ctrl Pts',(-82.259359786321,-0.254484212222775,72.0447766691221));
#7454=CARTESIAN_POINT('Ctrl Pts',(-82.3291254507786,-0.432129368455083,
73.6577023138453));
#7455=CARTESIAN_POINT('Ctrl Pts',(-82.3593513932552,-0.524949190131724,
74.4641690311329));
#7456=CARTESIAN_POINT('Ctrl Pts',(-82.3890940474924,-0.657973722230669,
75.6738741996124));
#7457=CARTESIAN_POINT('Ctrl Pts',(-82.3936438419945,-0.757628641363295,
76.8835839591176));
#7458=CARTESIAN_POINT('Ctrl Pts',(-82.3922765547526,-0.785861615809308,
77.2868208841577));
#7459=CARTESIAN_POINT('Ctrl Pts',(-82.3845730796644,-0.829994519809242,
78.093294701371));
#7460=CARTESIAN_POINT('Ctrl Pts',(-82.3709883745395,-0.84865104289354,78.8997651644746));
#7461=CARTESIAN_POINT('Ctrl Pts',(-82.3637828172056,-0.851411455944777,
79.3029986671196));
#7462=CARTESIAN_POINT('Ctrl Pts',(-82.3573885152869,-0.848115461400163,
79.7062297415403));
#7463=CARTESIAN_POINT('Ctrl Pts',(-82.351644350843,-0.838295138506169,80.1094579451436));
#7464=CARTESIAN_POINT('Ctrl Pts',(-83.3185891735477,-1.22082104005844,47.8519961657081));
#7465=CARTESIAN_POINT('Ctrl Pts',(-83.3280890229305,-1.23198831856211,48.255206260561));
#7466=CARTESIAN_POINT('Ctrl Pts',(-83.3388017873588,-1.23410323161412,48.6584147529073));
#7467=CARTESIAN_POINT('Ctrl Pts',(-83.3510279018565,-1.22772049583315,49.061621785947));
#7468=CARTESIAN_POINT('Ctrl Pts',(-83.3718147388166,-1.19515455848036,49.8680338353981));
#7469=CARTESIAN_POINT('Ctrl Pts',(-83.3816297258343,-1.1265280411337,50.6744434314623));
#7470=CARTESIAN_POINT('Ctrl Pts',(-83.3825803902709,-1.08393661753353,51.0776480117661));
#7471=CARTESIAN_POINT('Ctrl Pts',(-83.3728308772863,-0.93766762321433,52.2872620426153));
#7472=CARTESIAN_POINT('Ctrl Pts',(-83.3283119920137,-0.752534381600022,
53.4968787645904));
#7473=CARTESIAN_POINT('Ctrl Pts',(-83.286237480723,-0.627342359154231,54.3032927337668));
#7474=CARTESIAN_POINT('Ctrl Pts',(-83.1928909965591,-0.390935505833883,
55.9161264826717));
#7475=CARTESIAN_POINT('Ctrl Pts',(-83.0963234933358,-0.195918874276012,
57.5289720181706));
#7476=CARTESIAN_POINT('Ctrl Pts',(-83.0514413307823,-0.112354831160036,
58.3353977258158));
#7477=CARTESIAN_POINT('Ctrl Pts',(-82.9729374040948,0.0266558197340825,
59.9482546078434));
#7478=CARTESIAN_POINT('Ctrl Pts',(-82.9220771459287,0.109304867096444,61.5611220713887));
#7479=CARTESIAN_POINT('Ctrl Pts',(-82.9048264750231,0.136601423159874,62.3675583453762));
#7480=CARTESIAN_POINT('Ctrl Pts',(-82.887509724239,0.163841719549623,63.9804359247781));
#7481=CARTESIAN_POINT('Ctrl Pts',(-82.9046067719732,0.136238236762674,65.5933238749933));
#7482=CARTESIAN_POINT('Ctrl Pts',(-82.9217395091181,0.108740483797149,66.3997705158253));
#7483=CARTESIAN_POINT('Ctrl Pts',(-82.9723307523408,0.0256084700926404,
68.0126694931098));
#7484=CARTESIAN_POINT('Ctrl Pts',(-83.0504597585732,-0.114117121799292,
69.6255807027314));
#7485=CARTESIAN_POINT('Ctrl Pts',(-83.0951192400556,-0.198111519070646,
70.4320395726615));
#7486=CARTESIAN_POINT('Ctrl Pts',(-83.1911410026033,-0.394181501283924,
72.0449643406065));
#7487=CARTESIAN_POINT('Ctrl Pts',(-83.2837659520521,-0.63185897325323,73.6579027488556));
#7488=CARTESIAN_POINT('Ctrl Pts',(-83.3254412237697,-0.757704270547553,
74.4643752407569));
#7489=CARTESIAN_POINT('Ctrl Pts',(-83.3693681905592,-0.943603247685438,
75.6740881179005));
#7490=CARTESIAN_POINT('Ctrl Pts',(-83.3789321104183,-1.08932096600647,76.8838022643125));
#7491=CARTESIAN_POINT('Ctrl Pts',(-83.3779857815705,-1.13152966690475,77.2870401772407));
#7492=CARTESIAN_POINT('Ctrl Pts',(-83.3683650087652,-1.19887189396412,78.0935148490842));
#7493=CARTESIAN_POINT('Ctrl Pts',(-83.3482239293975,-1.22895923671928,78.8999846082686));
#7494=CARTESIAN_POINT('Ctrl Pts',(-83.3364624485712,-1.23373855915983,79.3032176950956));
#7495=CARTESIAN_POINT('Ctrl Pts',(-83.326334017533,-1.22975024784389,79.7064478257135));
#7496=CARTESIAN_POINT('Ctrl Pts',(-83.3174933480533,-1.21652301633053,80.109674719259));
#7497=CARTESIAN_POINT('Ctrl Pts',(-83.8119115401682,-1.39395663136947,47.8519994628065));
#7498=CARTESIAN_POINT('Ctrl Pts',(-83.8232661281243,-1.40685642584722,48.2552107563382));
#7499=CARTESIAN_POINT('Ctrl Pts',(-83.8349691963774,-1.40904166071622,48.6584205831206));
#7500=CARTESIAN_POINT('Ctrl Pts',(-83.8473247878841,-1.40108007148922,49.0616290724194));
#7501=CARTESIAN_POINT('Ctrl Pts',(-83.8686580380716,-1.36092882338169,49.8680441596027));
#7502=CARTESIAN_POINT('Ctrl Pts',(-83.8776037794527,-1.27792958808512,50.674456850369));
#7503=CARTESIAN_POINT('Ctrl Pts',(-83.8774684308681,-1.22690234556276,51.0776629477413));
#7504=CARTESIAN_POINT('Ctrl Pts',(-83.8624340414538,-1.05376028255443,52.28728138873));
#7505=CARTESIAN_POINT('Ctrl Pts',(-83.8081943685531,-0.840199564517742,
53.4969020652228));
#7506=CARTESIAN_POINT('Ctrl Pts',(-83.7591267675783,-0.698312454372718,
54.3033184504819));
#7507=CARTESIAN_POINT('Ctrl Pts',(-83.6526393182941,-0.432180233188993,
55.9161569118045));
#7508=CARTESIAN_POINT('Ctrl Pts',(-83.5451714112072,-0.214945558177701,
57.5290070946457));
#7509=CARTESIAN_POINT('Ctrl Pts',(-83.4956221443488,-0.122070930482152,
58.3354351734844));
#7510=CARTESIAN_POINT('Ctrl Pts',(-83.4092941687247,0.0322490875753993,
59.9482969628079));
#7511=CARTESIAN_POINT('Ctrl Pts',(-83.3537102647704,0.123829270657474,61.5611697137923));
#7512=CARTESIAN_POINT('Ctrl Pts',(-83.3348807964443,0.154066611627596,62.3676087423834));
#7513=CARTESIAN_POINT('Ctrl Pts',(-83.3159754285385,0.184204263294885,63.9804920524951));
#7514=CARTESIAN_POINT('Ctrl Pts',(-83.334622905114,0.153531123585012,65.5933861487159));
#7515=CARTESIAN_POINT('Ctrl Pts',(-83.3533150700917,0.123006877618502,66.3998359588297));
#7516=CARTESIAN_POINT('Ctrl Pts',(-83.4085899399661,0.0307737041753314,
68.0127414312465));
#7517=CARTESIAN_POINT('Ctrl Pts',(-83.4945039602531,-0.124417562829059,
69.6256592918659));
#7518=CARTESIAN_POINT('Ctrl Pts',(-83.5438120560862,-0.21779471154104,70.4321214804342));
#7519=CARTESIAN_POINT('Ctrl Pts',(-83.650704864305,-0.436202294906787,72.0450527487751));
#7520=CARTESIAN_POINT('Ctrl Pts',(-83.7564765493303,-0.703628902172978,
73.6579968959685));
#7521=CARTESIAN_POINT('Ctrl Pts',(-83.8051623071598,-0.846144940051757,
74.4644719342909));
#7522=CARTESIAN_POINT('Ctrl Pts',(-83.858861853322,-1.06036461787064,75.6741879217369));
#7523=CARTESIAN_POINT('Ctrl Pts',(-83.8737542291349,-1.23283367507134,76.8839036727571));
#7524=CARTESIAN_POINT('Ctrl Pts',(-83.8739044576828,-1.28344159033586,77.2871419278683));
#7525=CARTESIAN_POINT('Ctrl Pts',(-83.8651698122282,-1.36509147403033,78.0936169010139));
#7526=CARTESIAN_POINT('Ctrl Pts',(-83.8444785554874,-1.40278163242243,78.9000862463227));
#7527=CARTESIAN_POINT('Ctrl Pts',(-83.8325762021575,-1.40920147368494,79.3033189189466));
#7528=CARTESIAN_POINT('Ctrl Pts',(-83.8214126122639,-1.40524536964857,79.7065485613815));
#7529=CARTESIAN_POINT('Ctrl Pts',(-83.8106536052265,-1.39040296344385,80.1097749665871));
#7530=CARTESIAN_POINT('Ctrl Pts',(-84.8031371017939,-1.70924164709473,47.8519982759378));
#7531=CARTESIAN_POINT('Ctrl Pts',(-84.8180186375339,-1.72567463114697,48.2552118421872));
#7532=CARTESIAN_POINT('Ctrl Pts',(-84.8324938529625,-1.72629425714037,48.658424176902));
#7533=CARTESIAN_POINT('Ctrl Pts',(-84.8473205105293,-1.71142268366036,49.0616353815042));
#7534=CARTESIAN_POINT('Ctrl Pts',(-84.8714450426583,-1.64621623480088,49.8680561830544));
#7535=CARTESIAN_POINT('Ctrl Pts',(-84.8751880412275,-1.52449003356709,50.6744748353375));
#7536=CARTESIAN_POINT('Ctrl Pts',(-84.8699537304771,-1.45257297610003,51.077683900195));
#7537=CARTESIAN_POINT('Ctrl Pts',(-84.8354314936515,-1.21689902302146,52.2873110679026));
#7538=CARTESIAN_POINT('Ctrl Pts',(-84.7541558519496,-0.945949988127197,
53.4969398245859));
#7539=CARTESIAN_POINT('Ctrl Pts',(-84.6886772997026,-0.772350962060186,
54.3033612091945));
#7540=CARTESIAN_POINT('Ctrl Pts',(-84.5526959890224,-0.450708367297881,
55.9162093706079));
#7541=CARTESIAN_POINT('Ctrl Pts',(-84.4229559993804,-0.193296170392542,
57.5290690238726));
#7542=CARTESIAN_POINT('Ctrl Pts',(-84.3641108442168,-0.0836076829694047,
58.3355018936175));
#7543=CARTESIAN_POINT('Ctrl Pts',(-84.2624493656554,0.0983073118193741,
59.948373523602));
#7544=CARTESIAN_POINT('Ctrl Pts',(-84.1978493641203,0.205973267614002,61.561256755679));
#7545=CARTESIAN_POINT('Ctrl Pts',(-84.1760208418904,0.241515213254103,62.3677012178579));
#7546=CARTESIAN_POINT('Ctrl Pts',(-84.1540994922734,0.276872349803718,63.9805957886713));
#7547=CARTESIAN_POINT('Ctrl Pts',(-84.1756917531011,0.240652160237777,65.5935018572194));
#7548=CARTESIAN_POINT('Ctrl Pts',(-84.1973473509809,0.204661728918739,66.3999578111354));
#7549=CARTESIAN_POINT('Ctrl Pts',(-84.2615667763239,0.0960280869814829,
68.0128758036653));
#7550=CARTESIAN_POINT('Ctrl Pts',(-84.3627513050869,-0.0870300767432065,
69.6258062779845));
#7551=CARTESIAN_POINT('Ctrl Pts',(-84.4213279049642,-0.197340581402,70.4322747007449));
#7552=CARTESIAN_POINT('Ctrl Pts',(-84.5504586098538,-0.456103681202537,
72.0452180101918));
#7553=CARTESIAN_POINT('Ctrl Pts',(-84.6857617214787,-0.779038562068081,
73.6581723942093));
#7554=CARTESIAN_POINT('Ctrl Pts',(-84.7509009468059,-0.953206373574268,
74.4646518638688));
#7555=CARTESIAN_POINT('Ctrl Pts',(-84.8317548878552,-1.22462369546374,75.6743730325131));
#7556=CARTESIAN_POINT('Ctrl Pts',(-84.8661940071421,-1.45951443813526,76.8840910782554));
#7557=CARTESIAN_POINT('Ctrl Pts',(-84.8714494353949,-1.53099587801609,77.2873297440319));
#7558=CARTESIAN_POINT('Ctrl Pts',(-84.8678706547233,-1.65141946412897,78.0938047723793));
#7559=CARTESIAN_POINT('Ctrl Pts',(-84.8442092980824,-1.71442927488176,78.9002728521542));
#7560=CARTESIAN_POINT('Ctrl Pts',(-84.8297020036854,-1.72798305904451,79.3035045664498));
#7561=CARTESIAN_POINT('Ctrl Pts',(-84.8156498980557,-1.72580363700267,79.7067333174708));
#7562=CARTESIAN_POINT('Ctrl Pts',(-84.8012726834867,-1.70760174387759,80.1099589669986));
#7563=CARTESIAN_POINT('Ctrl Pts',(-85.8167821128954,-1.90150807885217,47.851981861649));
#7564=CARTESIAN_POINT('Ctrl Pts',(-85.8351144638504,-1.92219311483799,48.2551974471058));
#7565=CARTESIAN_POINT('Ctrl Pts',(-85.8526600565996,-1.91619941761482,48.6584120287074));
#7566=CARTESIAN_POINT('Ctrl Pts',(-85.8704168862214,-1.8828698471661,49.0616256888693));
#7567=CARTESIAN_POINT('Ctrl Pts',(-85.8859807808808,-1.77224077640685,49.8680516695598));
#7568=CARTESIAN_POINT('Ctrl Pts',(-85.865742740973,-1.59957496199295,50.6744758541207));
#7569=CARTESIAN_POINT('Ctrl Pts',(-85.8466383960215,-1.50406980707209,51.0776877224338));
#7570=CARTESIAN_POINT('Ctrl Pts',(-85.7705686556287,-1.20417024993665,52.28732328803));
#7571=CARTESIAN_POINT('Ctrl Pts',(-85.6519060608688,-0.887827236237128,
53.4969602208002));
#7572=CARTESIAN_POINT('Ctrl Pts',(-85.5674131596285,-0.690768263698751,
54.3033867907227));
#7573=CARTESIAN_POINT('Ctrl Pts',(-85.3994869964121,-0.329179564533234,
55.9162450029781));
#7574=CARTESIAN_POINT('Ctrl Pts',(-85.2488969887261,-0.043877433371075,
57.5291143635595));
#7575=CARTESIAN_POINT('Ctrl Pts',(-85.1816664264488,0.077593755012452,58.3355520823839));
#7576=CARTESIAN_POINT('Ctrl Pts',(-85.0665483637822,0.278916725337304,59.9484335442475));
#7577=CARTESIAN_POINT('Ctrl Pts',(-84.9943800072931,0.398030743434805,61.5613270062154));
#7578=CARTESIAN_POINT('Ctrl Pts',(-84.9700517703814,0.437370887622921,62.3677767166441));
#7579=CARTESIAN_POINT('Ctrl Pts',(-84.9456199538934,0.476450125328862,63.9806820591282));
#7580=CARTESIAN_POINT('Ctrl Pts',(-84.9696663203776,0.436227034576075,65.593599347599));
#7581=CARTESIAN_POINT('Ctrl Pts',(-84.9937942488099,0.396302346940443,66.4000609975347));
#7582=CARTESIAN_POINT('Ctrl Pts',(-85.0655304919968,0.275966213779345,68.0129904426678));
#7583=CARTESIAN_POINT('Ctrl Pts',(-85.1801373138709,0.0733109193628879,
69.625932075315));
#7584=CARTESIAN_POINT('Ctrl Pts',(-85.2470888834958,-0.0488539349282747,
70.4324059015535));
#7585=CARTESIAN_POINT('Ctrl Pts',(-85.3970735864757,-0.335577326745456,
72.0453593498725));
#7586=CARTESIAN_POINT('Ctrl Pts',(-85.5643910310621,-0.698372612998592,
73.6583217395276));
#7587=CARTESIAN_POINT('Ctrl Pts',(-85.6485983906158,-0.895913445159568,
74.4648044944397));
#7588=CARTESIAN_POINT('Ctrl Pts',(-85.7669534957066,-1.21257112335333,75.6745291026002));
#7589=CARTESIAN_POINT('Ctrl Pts',(-85.8430176466493,-1.51169157377764,76.8842482752123));
#7590=CARTESIAN_POINT('Ctrl Pts',(-85.8621609708883,-1.60678953176049,77.2874870573213));
#7591=CARTESIAN_POINT('Ctrl Pts',(-85.8825575138152,-1.77828584114637,78.0939618377833));
#7592=CARTESIAN_POINT('Ctrl Pts',(-85.8673433425204,-1.88693198284414,78.9004290274092));
#7593=CARTESIAN_POINT('Ctrl Pts',(-85.8498080707806,-1.91904095480384,79.3036602302081));
#7594=CARTESIAN_POINT('Ctrl Pts',(-85.8326119789074,-1.92356959366884,79.7068884771578));
#7595=CARTESIAN_POINT('Ctrl Pts',(-85.8147100498018,-1.90122133378073,80.1101136642643));
#7596=CARTESIAN_POINT('Ctrl Pts',(-86.3462675875092,-1.9552143303854,47.8519700191988));
#7597=CARTESIAN_POINT('Ctrl Pts',(-86.3669364250747,-1.97821704028243,48.2551865542547));
#7598=CARTESIAN_POINT('Ctrl Pts',(-86.384166309978,-1.96760237750248,48.6584021974017));
#7599=CARTESIAN_POINT('Ctrl Pts',(-86.3984160877173,-1.92153475308208,49.0616170247566));
#7600=CARTESIAN_POINT('Ctrl Pts',(-86.398012231432,-1.78131609323361,49.8680454743285));
#7601=CARTESIAN_POINT('Ctrl Pts',(-86.3561300829546,-1.58058547242406,50.6744723147584));
#7602=CARTESIAN_POINT('Ctrl Pts',(-86.3267492597969,-1.47362037462598,51.0776855354));
#7603=CARTESIAN_POINT('Ctrl Pts',(-86.2224599897479,-1.1444475080766,52.2873251797782));
#7604=CARTESIAN_POINT('Ctrl Pts',(-86.0837812968915,-0.811692693256975,
53.4969661617235));
#7605=CARTESIAN_POINT('Ctrl Pts',(-85.9895737170706,-0.606127254991883,
54.3033953329196));
#7606=CARTESIAN_POINT('Ctrl Pts',(-85.8059974993685,-0.230353085375391,
55.9162586043503));
#7607=CARTESIAN_POINT('Ctrl Pts',(-85.6459143590573,0.0648778829972162,
57.5291328498724));
#7608=CARTESIAN_POINT('Ctrl Pts',(-85.5749218742159,0.190628168491777,58.3355729978482));
#7609=CARTESIAN_POINT('Ctrl Pts',(-85.4538505273679,0.399071605673789,59.948459357823));
#7610=CARTESIAN_POINT('Ctrl Pts',(-85.3784043156678,0.522477392089079,61.5613578567186));
#7611=CARTESIAN_POINT('Ctrl Pts',(-85.352996016093,0.563251386025375,62.3678101359664));
#7612=CARTESIAN_POINT('Ctrl Pts',(-85.3274805221437,0.603730057484071,63.9807207202226));
#7613=CARTESIAN_POINT('Ctrl Pts',(-85.3525872329702,0.561982037932808,65.5936434024074));
#7614=CARTESIAN_POINT('Ctrl Pts',(-85.3777841005741,0.520563335378295,66.4001077730211));
#7615=CARTESIAN_POINT('Ctrl Pts',(-85.4527782011469,0.395825713273535,68.0130426469115));
#7616=CARTESIAN_POINT('Ctrl Pts',(-85.573327971704,0.185976390349489,69.6259894746529));
#7617=CARTESIAN_POINT('Ctrl Pts',(-85.6440398987447,0.0595080561931659,
70.4324657886476));
#7618=CARTESIAN_POINT('Ctrl Pts',(-85.8035264583886,-0.237156311489545,
72.0454238386046));
#7619=CARTESIAN_POINT('Ctrl Pts',(-85.9865314713489,-0.614077932506647,
73.6583897326203));
#7620=CARTESIAN_POINT('Ctrl Pts',(-86.0804817406073,-0.820077747379581,
74.4648738844797));
#7621=CARTESIAN_POINT('Ctrl Pts',(-86.2189020817359,-1.15306870477958,75.6745998864541));
#7622=CARTESIAN_POINT('Ctrl Pts',(-86.3232501833214,-1.48146671067966,76.8843194782567));
#7623=CARTESIAN_POINT('Ctrl Pts',(-86.3526928890583,-1.58803966124423,77.2875582955923));
#7624=CARTESIAN_POINT('Ctrl Pts',(-86.3947918273894,-1.78767293504318,78.0940329856719));
#7625=CARTESIAN_POINT('Ctrl Pts',(-86.395627345043,-1.92601883828348,78.9004999023307));
#7626=CARTESIAN_POINT('Ctrl Pts',(-86.3816597827591,-1.97091023056754,79.3037309667031));
#7627=CARTESIAN_POINT('Ctrl Pts',(-86.364783522721,-1.98009537607084,79.7069590476885));
#7628=CARTESIAN_POINT('Ctrl Pts',(-86.344484065832,-1.95546443560365,80.1101840614268));
#7629=CARTESIAN_POINT('Ctrl Pts',(-87.4389620096772,-1.86745516544835,47.8519395720625));
#7630=CARTESIAN_POINT('Ctrl Pts',(-87.4685043922803,-1.89552470615035,48.2551578965822));
#7631=CARTESIAN_POINT('Ctrl Pts',(-87.4728773525314,-1.87317605515468,48.6583755313596));
#7632=CARTESIAN_POINT('Ctrl Pts',(-87.4508091363517,-1.79704914214765,49.061592540747));
#7633=CARTESIAN_POINT('Ctrl Pts',(-87.3859605103258,-1.6101635772264,49.8680256441258));
#7634=CARTESIAN_POINT('Ctrl Pts',(-87.2892252309303,-1.37753125397386,50.6744575539619));
#7635=CARTESIAN_POINT('Ctrl Pts',(-87.2370432155978,-1.25900804865961,51.0776733721061));
#7636=CARTESIAN_POINT('Ctrl Pts',(-87.0734026593693,-0.901588909419015,
52.287320895913));
#7637=CARTESIAN_POINT('Ctrl Pts',(-86.8996097851239,-0.555654925240757,
53.4969698283373));
#7638=CARTESIAN_POINT('Ctrl Pts',(-86.7881032346815,-0.342343590890618,
54.303404159146));
#7639=CARTESIAN_POINT('Ctrl Pts',(-86.5778100496177,0.0467144165367279,
55.9162775073549));
#7640=CARTESIAN_POINT('Ctrl Pts',(-86.4022262842061,0.352593805076842,57.52916150195));
#7641=CARTESIAN_POINT('Ctrl Pts',(-86.3251332262713,0.483227356795448,58.3356064844415));
#7642=CARTESIAN_POINT('Ctrl Pts',(-86.194476072065,0.700120879290051,59.9485025486864));
#7643=CARTESIAN_POINT('Ctrl Pts',(-86.1137996265391,0.828956174610085,61.5614109232188));
#7644=CARTESIAN_POINT('Ctrl Pts',(-86.0866662211635,0.871572178775213,62.3678682099344));
#7645=CARTESIAN_POINT('Ctrl Pts',(-86.0594210649583,0.913833308336098,63.9807889519653));
#7646=CARTESIAN_POINT('Ctrl Pts',(-86.0862212300853,0.870083515458359,65.593721957499));
#7647=CARTESIAN_POINT('Ctrl Pts',(-86.113126319468,0.82671881262673,66.4001915012775));
#7648=CARTESIAN_POINT('Ctrl Pts',(-86.1933219860124,0.696366993637146,68.0131366203194));
#7649=CARTESIAN_POINT('Ctrl Pts',(-86.3234480815569,0.477958368900178,69.6260930864193));
#7650=CARTESIAN_POINT('Ctrl Pts',(-86.4002627139634,0.346577716671527,70.4325739687094));
#7651=CARTESIAN_POINT('Ctrl Pts',(-86.5752750596451,0.0392776356158892,
72.0455403615421));
#7652=CARTESIAN_POINT('Ctrl Pts',(-86.7850671181758,-0.350778319080108,
73.6585124174568));
#7653=CARTESIAN_POINT('Ctrl Pts',(-86.8963644814259,-0.564416472280838,
74.4649989649549));
#7654=CARTESIAN_POINT('Ctrl Pts',(-87.0699784990127,-0.910401866863375,
75.6747272872524));
#7655=CARTESIAN_POINT('Ctrl Pts',(-87.233769649058,-1.26694951542453,76.8844475099154));
#7656=CARTESIAN_POINT('Ctrl Pts',(-87.2860441853548,-1.38506356944089,77.2876863622255));
#7657=CARTESIAN_POINT('Ctrl Pts',(-87.3830725045292,-1.6166251197303,78.0941608395277));
#7658=CARTESIAN_POINT('Ctrl Pts',(-87.448402200462,-1.80181510336688,78.9006271778282));
#7659=CARTESIAN_POINT('Ctrl Pts',(-87.4707677992854,-1.87693192513218,79.3038579014679));
#7660=CARTESIAN_POINT('Ctrl Pts',(-87.4666174715386,-1.89790652938873,79.7070856954042));
#7661=CARTESIAN_POINT('Ctrl Pts',(-87.4372785072558,-1.86824086579525,80.1103105003975));
#7662=CARTESIAN_POINT('Ctrl Pts',(-88.2727304996486,-1.23934323084483,47.8518962529367));
#7663=CARTESIAN_POINT('Ctrl Pts',(-88.3079136341453,-1.26521199714616,48.2551161502387));
#7664=CARTESIAN_POINT('Ctrl Pts',(-88.3079798168171,-1.24943665415041,48.6583355411821));
#7665=CARTESIAN_POINT('Ctrl Pts',(-88.2706291722703,-1.18990034260095,49.0615544819048));
#7666=CARTESIAN_POINT('Ctrl Pts',(-88.1744581871727,-1.03910618404451,49.8679917340025));
#7667=CARTESIAN_POINT('Ctrl Pts',(-88.0486950425332,-0.840852267698192,
50.6744282371374));
#7668=CARTESIAN_POINT('Ctrl Pts',(-87.9844621255614,-0.736961737186683,
51.0776464312127));
#7669=CARTESIAN_POINT('Ctrl Pts',(-87.7897789760706,-0.417933402534979,
52.2873012339108));
#7670=CARTESIAN_POINT('Ctrl Pts',(-87.5986368402536,-0.0951751733583149,
53.496957716932));
#7671=CARTESIAN_POINT('Ctrl Pts',(-87.4790726239188,0.107139355014828,54.303397036879));
#7672=CARTESIAN_POINT('Ctrl Pts',(-87.2566937718865,0.480169282913161,55.9162802124183));
#7673=CARTESIAN_POINT('Ctrl Pts',(-87.0745731065282,0.778745569770912,57.5291737690235));
#7674=CARTESIAN_POINT('Ctrl Pts',(-86.994914769895,0.907054758148026,58.3356234757517));
#7675=CARTESIAN_POINT('Ctrl Pts',(-86.8602108395802,1.12099890020418,59.9485289517787));
#7676=CARTESIAN_POINT('Ctrl Pts',(-86.7772821322985,1.24900032348774,61.5614467247753));
#7677=CARTESIAN_POINT('Ctrl Pts',(-86.7493904241745,1.29141473489313,62.3679087238498));
#7678=CARTESIAN_POINT('Ctrl Pts',(-86.7213862103842,1.3334332729061,63.9808389120913));
#7679=CARTESIAN_POINT('Ctrl Pts',(-86.7489302163832,1.28976871696133,65.5937812777773));
#7680=CARTESIAN_POINT('Ctrl Pts',(-86.7765872882144,1.24653307575151,66.4002554484068));
#7681=CARTESIAN_POINT('Ctrl Pts',(-86.8590280227922,1.11689526211972,68.0132095905016));
#7682=CARTESIAN_POINT('Ctrl Pts',(-86.993210372585,0.901392072439889,69.6261742565576));
#7683=CARTESIAN_POINT('Ctrl Pts',(-87.0726004915115,0.77233897900519,70.4326589446205));
#7684=CARTESIAN_POINT('Ctrl Pts',(-87.2541844330284,0.472411439338915,72.045632114562));
#7685=CARTESIAN_POINT('Ctrl Pts',(-87.4761148170994,0.0985739592977907,
73.6586088834767));
#7686=CARTESIAN_POINT('Ctrl Pts',(-87.5954967338368,-0.103941327150926,
74.4650971756772));
#7687=CARTESIAN_POINT('Ctrl Pts',(-87.7864962885091,-0.42654244893272,75.6748270936838));
#7688=CARTESIAN_POINT('Ctrl Pts',(-87.9813001633086,-0.744448389504164,
76.8845476982197));
#7689=CARTESIAN_POINT('Ctrl Pts',(-88.0456054241162,-0.847842113745753,
77.2877865606921));
#7690=CARTESIAN_POINT('Ctrl Pts',(-88.1715824095405,-1.04482238150823,78.094260882998));
#7691=CARTESIAN_POINT('Ctrl Pts',(-88.2680190508748,-1.19370166266852,78.9007268908415));
#7692=CARTESIAN_POINT('Ctrl Pts',(-88.3054808896654,-1.25209205015868,79.3039574471658));
#7693=CARTESIAN_POINT('Ctrl Pts',(-88.3054930697569,-1.26652511170854,79.7071851481079));
#7694=CARTESIAN_POINT('Ctrl Pts',(-88.2704430633191,-1.23922874816276,80.1104099457368));
#7695=CARTESIAN_POINT('Ctrl Pts',(-88.5605475755115,-0.755111160985726,
47.8518715521111));
#7696=CARTESIAN_POINT('Ctrl Pts',(-88.5960384992146,-0.776103061165188,
48.2550921830494));
#7697=CARTESIAN_POINT('Ctrl Pts',(-88.6009304160598,-0.773785673068663,
48.6583123980546));
#7698=CARTESIAN_POINT('Ctrl Pts',(-88.5732270254049,-0.747228229881279,
49.0615322498325));
#7699=CARTESIAN_POINT('Ctrl Pts',(-88.4879627848708,-0.64795097484137,49.8679714599179));
#7700=CARTESIAN_POINT('Ctrl Pts',(-88.3654716344481,-0.487473938636638,
50.67441014204));
#7701=CARTESIAN_POINT('Ctrl Pts',(-88.3015818282346,-0.398372067917982,
51.0776294670962));
#7702=CARTESIAN_POINT('Ctrl Pts',(-88.1068371941962,-0.116914438538831,
52.287287748577));
#7703=CARTESIAN_POINT('Ctrl Pts',(-87.9136782913042,0.185584544336883,53.496947881294));
#7704=CARTESIAN_POINT('Ctrl Pts',(-87.7936063201907,0.377631990821473,54.3033896318228));
#7705=CARTESIAN_POINT('Ctrl Pts',(-87.5702462338865,0.735444118140814,55.9162776164698));
#7706=CARTESIAN_POINT('Ctrl Pts',(-87.3876084325887,1.02597164172695,57.5291758704162));
#7707=CARTESIAN_POINT('Ctrl Pts',(-87.3077276146464,1.15134341043577,58.3356278958577));
#7708=CARTESIAN_POINT('Ctrl Pts',(-87.1726148009442,1.36099755895605,59.9485379772051));
#7709=CARTESIAN_POINT('Ctrl Pts',(-87.0893881642691,1.48702366216369,61.5614603098344));
#7710=CARTESIAN_POINT('Ctrl Pts',(-87.0613837976727,1.52882716923087,62.3679245825764));
#7711=CARTESIAN_POINT('Ctrl Pts',(-87.0332670975751,1.57021898088266,63.9808593009843));
#7712=CARTESIAN_POINT('Ctrl Pts',(-87.0609212447472,1.52711761774444,65.5938060972248));
#7713=CARTESIAN_POINT('Ctrl Pts',(-87.0886904120391,1.48446417339499,66.4002824422587));
#7714=CARTESIAN_POINT('Ctrl Pts',(-87.1714305388381,1.35675676753688,68.0132407911794));
#7715=CARTESIAN_POINT('Ctrl Pts',(-87.3060303581575,1.14553525304566,69.6262092142504));
#7716=CARTESIAN_POINT('Ctrl Pts',(-87.3856494395691,1.01942742823311,70.4326956278622));
#7717=CARTESIAN_POINT('Ctrl Pts',(-87.5677686979098,0.727593232526594,72.0456718343119));
#7718=CARTESIAN_POINT('Ctrl Pts',(-87.7907002720421,0.369073906284671,73.6586506596249));
#7719=CARTESIAN_POINT('Ctrl Pts',(-87.910597804314,0.176890319193602,74.4651396984246));
#7720=CARTESIAN_POINT('Ctrl Pts',(-88.103617375512,-0.125344082247314,75.6748702873717));
#7721=CARTESIAN_POINT('Ctrl Pts',(-88.2984302695149,-0.405536687204257,
76.8845910608475));
#7722=CARTESIAN_POINT('Ctrl Pts',(-88.3623673206758,-0.494091040267432,
77.2878299330941));
#7723=CARTESIAN_POINT('Ctrl Pts',(-88.4849921743014,-0.653165971704184,
78.0943042149827));
#7724=CARTESIAN_POINT('Ctrl Pts',(-88.5704285631944,-0.750405072901909,
78.900770150313));
#7725=CARTESIAN_POINT('Ctrl Pts',(-88.5982145387244,-0.775761481940546,
79.3040006874251));
#7726=CARTESIAN_POINT('Ctrl Pts',(-88.5934085238565,-0.776839100021392,
79.7072283938567));
#7727=CARTESIAN_POINT('Ctrl Pts',(-88.5580498642466,-0.754556609704664,
80.1104532277891));
#7728=CARTESIAN_POINT('Ctrl Pts',(-88.9820413301811,0.218415349285277,47.8518164807551));
#7729=CARTESIAN_POINT('Ctrl Pts',(-89.0181946499499,0.20182643522774,48.2550384790505));
#7730=CARTESIAN_POINT('Ctrl Pts',(-89.0321293615209,0.19359256672388,48.6582602323877));
#7731=CARTESIAN_POINT('Ctrl Pts',(-89.0229800954173,0.192784223445235,49.06148178772));
#7732=CARTESIAN_POINT('Ctrl Pts',(-88.9722142026163,0.227896709278623,49.8679246767263));
#7733=CARTESIAN_POINT('Ctrl Pts',(-88.8767806070046,0.321887106926375,50.6743674822208));
#7734=CARTESIAN_POINT('Ctrl Pts',(-88.8231157430699,0.381438119644634,51.0775889545808));
#7735=CARTESIAN_POINT('Ctrl Pts',(-88.6533707582564,0.583706733956551,52.2872538635173));
#7736=CARTESIAN_POINT('Ctrl Pts',(-88.4716135741655,0.833981897016854,53.4969210157292));
#7737=CARTESIAN_POINT('Ctrl Pts',(-88.3573912535442,1.00023295934507,54.3033674710525));
#7738=CARTESIAN_POINT('Ctrl Pts',(-88.1427567478084,1.31750587719675,55.9162648014499));
#7739=CARTESIAN_POINT('Ctrl Pts',(-87.9648489709435,1.58471718670229,57.5291722172519));
#7740=CARTESIAN_POINT('Ctrl Pts',(-87.8867065761809,1.70124282923673,58.3356287631114));
#7741=CARTESIAN_POINT('Ctrl Pts',(-87.7540750479246,1.89746825576694,59.9485478004016));
#7742=CARTESIAN_POINT('Ctrl Pts',(-87.6719085208087,2.0167514681668,61.5614789344296));
#7743=CARTESIAN_POINT('Ctrl Pts',(-87.6442082607269,2.05641289655483,62.3679475741681));
#7744=CARTESIAN_POINT('Ctrl Pts',(-87.6163968462635,2.09563840281669,63.9808909445153));
#7745=CARTESIAN_POINT('Ctrl Pts',(-87.6437509056815,2.05460343618552,65.5938460991818));
#7746=CARTESIAN_POINT('Ctrl Pts',(-87.6712196668986,2.01404799139894,66.4003265184778));
#7747=CARTESIAN_POINT('Ctrl Pts',(-87.7529117672391,1.89301928408101,68.0132926917243));
#7748=CARTESIAN_POINT('Ctrl Pts',(-87.885054074769,1.69523058677469,69.626267992374));
#7749=CARTESIAN_POINT('Ctrl Pts',(-87.9629499998988,1.5779930006304,70.4327575352443));
#7750=CARTESIAN_POINT('Ctrl Pts',(-88.1403767021335,1.30957515847918,72.0457391929963));
#7751=CARTESIAN_POINT('Ctrl Pts',(-88.3546145195972,0.991789520320271,73.6587216322552));
#7752=CARTESIAN_POINT('Ctrl Pts',(-88.4686731584047,0.825517861771145,74.4652119642409));
#7753=CARTESIAN_POINT('Ctrl Pts',(-88.6502770356976,0.575711596529921,75.674943708645));
#7754=CARTESIAN_POINT('Ctrl Pts',(-88.8199916147452,0.374875666223609,76.8846648085708));
#7755=CARTESIAN_POINT('Ctrl Pts',(-88.8736596281065,0.315919890500924,77.2879037163389));
#7756=CARTESIAN_POINT('Ctrl Pts',(-88.9691143528621,0.22338038239636,78.0943779836));
#7757=CARTESIAN_POINT('Ctrl Pts',(-89.0199441579368,0.190155070589588,78.9008438747413));
#7758=CARTESIAN_POINT('Ctrl Pts',(-89.0291372750172,0.191983742457336,79.3040744150984));
#7759=CARTESIAN_POINT('Ctrl Pts',(-89.0152868898798,0.201289522545885,79.7073021950736));
#7760=CARTESIAN_POINT('Ctrl Pts',(-88.9792685395215,0.219038792857839,80.1105271833941));
#7761=CARTESIAN_POINT('Ctrl Pts',(-89.1838304573203,1.22998039881051,47.8517508229616));
#7762=CARTESIAN_POINT('Ctrl Pts',(-89.2202155697552,1.21491781469557,48.2549739940234));
#7763=CARTESIAN_POINT('Ctrl Pts',(-89.2431589280519,1.20658379126398,48.6581970764476));
#7764=CARTESIAN_POINT('Ctrl Pts',(-89.2525881966564,1.20420611493373,49.0614201129757));
#7765=CARTESIAN_POINT('Ctrl Pts',(-89.2435520184361,1.21662630613871,49.86786622424));
#7766=CARTESIAN_POINT('Ctrl Pts',(-89.1913744024406,1.26795598269803,50.6743126888044));
#7767=CARTESIAN_POINT('Ctrl Pts',(-89.1572725467483,1.30415096705003,51.0775360788471));
#7768=CARTESIAN_POINT('Ctrl Pts',(-89.0398785618546,1.437516333585,52.2872069443697));
#7769=CARTESIAN_POINT('Ctrl Pts',(-88.8925343051224,1.6274871983203,53.4968805158763));
#7770=CARTESIAN_POINT('Ctrl Pts',(-88.7949886783984,1.76244388502475,54.3033313226598));
#7771=CARTESIAN_POINT('Ctrl Pts',(-88.6064963392806,2.02732802862435,55.9162373598417));
#7772=CARTESIAN_POINT('Ctrl Pts',(-88.4433050876946,2.26064875399339,57.5291533695263));
#7773=CARTESIAN_POINT('Ctrl Pts',(-88.3706659217249,2.3637681371243,58.3356141531946));
#7774=CARTESIAN_POINT('Ctrl Pts',(-88.2462444574081,2.53885082004811,59.9485415497577));
#7775=CARTESIAN_POINT('Ctrl Pts',(-88.1680232593332,2.64669552043671,61.5614807868097));
#7776=CARTESIAN_POINT('Ctrl Pts',(-88.1415469009974,2.68265070518197,62.3679534089336));
#7777=CARTESIAN_POINT('Ctrl Pts',(-88.1149630924776,2.71815693272147,63.9809045825119));
#7778=CARTESIAN_POINT('Ctrl Pts',(-88.1411129482385,2.68078847667854,65.5938670942876));
#7779=CARTESIAN_POINT('Ctrl Pts',(-88.1673703595553,2.64391802351939,66.4003510506978));
#7780=CARTESIAN_POINT('Ctrl Pts',(-88.2451458280108,2.53430620440179,68.0133239161653));
#7781=CARTESIAN_POINT('Ctrl Pts',(-88.3691140054692,2.35769482599786,69.6263049141808));
#7782=CARTESIAN_POINT('Ctrl Pts',(-88.4415264630023,2.25389832287185,70.4327970006837));
#7783=CARTESIAN_POINT('Ctrl Pts',(-88.6042776780552,2.01947974738984,72.0457830031572));
#7784=CARTESIAN_POINT('Ctrl Pts',(-88.792399562269,1.75424934717005,73.6587682120789));
#7785=CARTESIAN_POINT('Ctrl Pts',(-88.8897881217055,1.61936285306187,74.4652595124711));
#7786=CARTESIAN_POINT('Ctrl Pts',(-89.0369574103963,1.43000056552774,75.6749921308843));
#7787=CARTESIAN_POINT('Ctrl Pts',(-89.1542645863522,1.29809528984856,76.8847135726049));
#7788=CARTESIAN_POINT('Ctrl Pts',(-89.1883475699021,1.26248723539262,77.2879525535271));
#7789=CARTESIAN_POINT('Ctrl Pts',(-89.2405051894883,1.21252164153156,78.0944269361316));
#7790=CARTESIAN_POINT('Ctrl Pts',(-89.249584836962,1.2017980799523,78.9008929957988));
#7791=CARTESIAN_POINT('Ctrl Pts',(-89.2401968465363,1.20509049829294,79.3041236609885));
#7792=CARTESIAN_POINT('Ctrl Pts',(-89.2173499148782,1.21443567963091,79.7073516471339));
#7793=CARTESIAN_POINT('Ctrl Pts',(-89.1811058171892,1.2305963347935,80.1105769282916));
#7794=CARTESIAN_POINT('Ctrl Pts',(-89.2591908988717,1.74365036386112,47.8517155367446));
#7795=CARTESIAN_POINT('Ctrl Pts',(-89.2961173012477,1.72981833295832,48.2549392470004));
#7796=CARTESIAN_POINT('Ctrl Pts',(-89.321983325333,1.72062853530333,48.6581629438149));
#7797=CARTESIAN_POINT('Ctrl Pts',(-89.3369058903386,1.71552747822775,49.0613866681103));
#7798=CARTESIAN_POINT('Ctrl Pts',(-89.3434327555639,1.72025798738405,49.8678342804002));
#7799=CARTESIAN_POINT('Ctrl Pts',(-89.3108894425671,1.75763000102556,50.6742824599732));
#7800=CARTESIAN_POINT('Ctrl Pts',(-89.2865553465536,1.78532916831664,51.0775067514787));
#7801=CARTESIAN_POINT('Ctrl Pts',(-89.1966903394959,1.89158784394472,52.287180425169));
#7802=CARTESIAN_POINT('Ctrl Pts',(-89.070453432904,2.05331568643048,53.4968570462828));
#7803=CARTESIAN_POINT('Ctrl Pts',(-88.9832471260976,2.17252760626364,54.3033099303657));
#7804=CARTESIAN_POINT('Ctrl Pts',(-88.8112367002057,2.41036821638732,55.9162201376515));
#7805=CARTESIAN_POINT('Ctrl Pts',(-88.6575321506962,2.62506632169887,57.5291402765424));
#7806=CARTESIAN_POINT('Ctrl Pts',(-88.5884413265403,2.72068854262128,58.335603096229));
#7807=CARTESIAN_POINT('Ctrl Pts',(-88.4693477828049,2.8837668928976,59.9485345012907));
#7808=CARTESIAN_POINT('Ctrl Pts',(-88.3937170064745,2.98494013038882,61.5614775995059));
#7809=CARTESIAN_POINT('Ctrl Pts',(-88.3680487442074,3.01872011166832,62.3679521106581));
#7810=CARTESIAN_POINT('Ctrl Pts',(-88.3422757119476,3.05204648646104,63.9809069656747));
#7811=CARTESIAN_POINT('Ctrl Pts',(-88.3676306441225,3.01684147535577,65.5938729067479));
#7812=CARTESIAN_POINT('Ctrl Pts',(-88.3930882440314,2.98214033671219,66.4003585004658));
#7813=CARTESIAN_POINT('Ctrl Pts',(-88.4682913581628,2.87919761607451,68.013334440804));
#7814=CARTESIAN_POINT('Ctrl Pts',(-88.5869523506604,2.71461270243465,69.6263180158614));
#7815=CARTESIAN_POINT('Ctrl Pts',(-88.6558274373759,2.61833190062306,70.4328112424286));
#7816=CARTESIAN_POINT('Ctrl Pts',(-88.8091136943358,2.40258903824894,72.0457991751341));
#7817=CARTESIAN_POINT('Ctrl Pts',(-88.9807680637532,2.16447430388206,73.6587855963708));
#7818=CARTESIAN_POINT('Ctrl Pts',(-89.0678215524248,2.04537122254344,74.4652773186847));
#7819=CARTESIAN_POINT('Ctrl Pts',(-89.193877880006,1.88429663306028,75.6750103261495));
#7820=CARTESIAN_POINT('Ctrl Pts',(-89.2836491994664,1.77949334648715,76.8847319526283));
#7821=CARTESIAN_POINT('Ctrl Pts',(-89.3079627271037,1.75237212143654,77.287970981248));
#7822=CARTESIAN_POINT('Ctrl Pts',(-89.3404897456919,1.71633613967949,78.0944454552284));
#7823=CARTESIAN_POINT('Ctrl Pts',(-89.3340281185685,1.71327906356138,78.9009116526532));
#7824=CARTESIAN_POINT('Ctrl Pts',(-89.3191675070378,1.71929670177477,79.3041424117891));
#7825=CARTESIAN_POINT('Ctrl Pts',(-89.2934023423699,1.72947384341608,79.7073705318553));
#7826=CARTESIAN_POINT('Ctrl Pts',(-89.256608539232,1.74436525434604,80.1105959893597));
#7827=CARTESIAN_POINT('Ctrl Pts',(-89.4254124636497,3.30154083509457,47.8516028816363));
#7828=CARTESIAN_POINT('Ctrl Pts',(-89.4639549014879,3.2913253862449,48.254828072391));
#7829=CARTESIAN_POINT('Ctrl Pts',(-89.497402976547,3.28106385205191,48.6580534658949));
#7830=CARTESIAN_POINT('Ctrl Pts',(-89.5261082123966,3.27031954929551,49.061279098346));
#7831=CARTESIAN_POINT('Ctrl Pts',(-89.5713791301865,3.25645962792109,49.8677308917528));
#7832=CARTESIAN_POINT('Ctrl Pts',(-89.590218200221,3.26052018902843,50.6741838788283));
#7833=CARTESIAN_POINT('Ctrl Pts',(-89.5925137748626,3.26819418208833,51.077410704219));
#7834=CARTESIAN_POINT('Ctrl Pts',(-89.5802908655102,3.30863313232517,52.2870922919318));
#7835=CARTESIAN_POINT('Ctrl Pts',(-89.5196713929919,3.39634497750414,53.496777565883));
#7836=CARTESIAN_POINT('Ctrl Pts',(-89.4661374063494,3.47095046859614,54.3032363682302));
#7837=CARTESIAN_POINT('Ctrl Pts',(-89.348471133547,3.63004799297307,55.9161584888371));
#7838=CARTESIAN_POINT('Ctrl Pts',(-89.2271085957931,3.78693743663114,57.5290904548238));
#7839=CARTESIAN_POINT('Ctrl Pts',(-89.1701499599467,3.85878780640105,58.3355591054077));
#7840=CARTESIAN_POINT('Ctrl Pts',(-89.0693889016606,3.98322740747369,59.9485019704992));
#7841=CARTESIAN_POINT('Ctrl Pts',(-89.0027647658528,4.06233640557666,61.5614560443939));
#7842=CARTESIAN_POINT('Ctrl Pts',(-88.9799131959673,4.08887682579423,62.3679359029668));
#7843=CARTESIAN_POINT('Ctrl Pts',(-88.9569683819772,4.11495329290678,63.9809011273918));
#7844=CARTESIAN_POINT('Ctrl Pts',(-88.9795536534636,4.08697281585578,65.5938766203576));
#7845=CARTESIAN_POINT('Ctrl Pts',(-89.0022247497404,4.05950467601276,66.4003667451852));
#7846=CARTESIAN_POINT('Ctrl Pts',(-89.0684853494154,3.97863796105711,68.0133511370203));
#7847=CARTESIAN_POINT('Ctrl Pts',(-89.1688841000173,3.85276613900261,69.6263416950219));
#7848=CARTESIAN_POINT('Ctrl Pts',(-89.2256633989088,3.7803130645934,70.4328379856347));
#7849=CARTESIAN_POINT('Ctrl Pts',(-89.3466786914688,3.62252835937109,72.0458310676697));
#7850=CARTESIAN_POINT('Ctrl Pts',(-89.4640412872047,3.46334047958805,73.6588206898955));
#7851=CARTESIAN_POINT('Ctrl Pts',(-89.5174407374927,3.38893631972717,74.4653135271213));
#7852=CARTESIAN_POINT('Ctrl Pts',(-89.5778854127393,3.30197083380986,75.6750475944959));
#7853=CARTESIAN_POINT('Ctrl Pts',(-89.590022150369,3.26295767351676,76.8847698287472));
#7854=CARTESIAN_POINT('Ctrl Pts',(-89.5877101908968,3.25583506374341,77.2880090352057));
#7855=CARTESIAN_POINT('Ctrl Pts',(-89.5688755738155,3.25302816553063,78.0944838826368));
#7856=CARTESIAN_POINT('Ctrl Pts',(-89.5237009197977,3.26843250168098,78.9009506376036));
#7857=CARTESIAN_POINT('Ctrl Pts',(-89.4950725249836,3.28001803401701,79.3041817595309));
#7858=CARTESIAN_POINT('Ctrl Pts',(-89.4617195162603,3.29118013539114,79.7074103629625));
#7859=CARTESIAN_POINT('Ctrl Pts',(-89.4232871626614,3.30236576665524,80.1106364298766));
#7860=CARTESIAN_POINT('Ctrl Pts',(-89.4515698389641,4.85932145853427,47.8514715665183));
#7861=CARTESIAN_POINT('Ctrl Pts',(-89.4913570091508,4.85212384473534,48.2546978394499));
#7862=CARTESIAN_POINT('Ctrl Pts',(-89.5296674997319,4.84590965196079,48.6579245034869));
#7863=CARTESIAN_POINT('Ctrl Pts',(-89.5668493443181,4.84036689041732,49.0611515917237));
#7864=CARTESIAN_POINT('Ctrl Pts',(-89.6342167307297,4.83061296701322,49.8676066244363));
#7865=CARTESIAN_POINT('Ctrl Pts',(-89.6851190118254,4.82880874415742,50.6740634239346));
#7866=CARTESIAN_POINT('Ctrl Pts',(-89.7055965308677,4.83084312447858,51.0772922780009));
#7867=CARTESIAN_POINT('Ctrl Pts',(-89.7510473867304,4.84660645836682,52.2869802565108));
#7868=CARTESIAN_POINT('Ctrl Pts',(-89.7503440791597,4.89054246051035,53.4966726686759));
#7869=CARTESIAN_POINT('Ctrl Pts',(-89.73110803078,4.9315842815348,54.303136412159));
#7870=CARTESIAN_POINT('Ctrl Pts',(-89.670489474882,5.02461615610159,55.9160685571272));
#7871=CARTESIAN_POINT('Ctrl Pts',(-89.5857004091956,5.12313790757267,57.5290105434409));
#7872=CARTESIAN_POINT('Ctrl Pts',(-89.5426033327102,5.16945595320931,58.3354841301674));
#7873=CARTESIAN_POINT('Ctrl Pts',(-89.4630571095548,5.25074763978148,59.9484366428296));
#7874=CARTESIAN_POINT('Ctrl Pts',(-89.4070857319346,5.30349091566747,61.5613997889114));
#7875=CARTESIAN_POINT('Ctrl Pts',(-89.3875790658686,5.32124018367581,62.3678840087178));
#7876=CARTESIAN_POINT('Ctrl Pts',(-89.3680008829685,5.33852368483393,63.9808575537073));
#7877=CARTESIAN_POINT('Ctrl Pts',(-89.3873064096805,5.31936678098797,65.5938404314704));
#7878=CARTESIAN_POINT('Ctrl Pts',(-89.4066765525567,5.30070879805296,66.4003339827436));
#7879=CARTESIAN_POINT('Ctrl Pts',(-89.4623742468591,5.24626079316339,68.013324616791));
#7880=CARTESIAN_POINT('Ctrl Pts',(-89.5416501969405,5.16362215028619,69.6263200803475));
#7881=CARTESIAN_POINT('Ctrl Pts',(-89.5846141806997,5.11675273241352,70.4328184615359));
#7882=CARTESIAN_POINT('Ctrl Pts',(-89.6691455739191,5.01744972927928,72.0458149683459));
#7883=CARTESIAN_POINT('Ctrl Pts',(-89.7295405504787,4.92442566726095,73.6588066638096));
#7884=CARTESIAN_POINT('Ctrl Pts',(-89.7486773716054,4.88362136237507,74.4653002388746));
#7885=CARTESIAN_POINT('Ctrl Pts',(-89.7492621832953,4.84043861584294,75.6750351194481));
#7886=CARTESIAN_POINT('Ctrl Pts',(-89.7037759199813,4.82603888986049,76.8847581296845));
#7887=CARTESIAN_POINT('Ctrl Pts',(-89.6832979464645,4.82452803604443,77.2879976126869));
#7888=CARTESIAN_POINT('Ctrl Pts',(-89.6324203128239,4.8275131997891,78.0944731029974));
#7889=CARTESIAN_POINT('Ctrl Pts',(-89.5651282581108,4.83870444831448,78.9009407854941));
#7890=CARTESIAN_POINT('Ctrl Pts',(-89.527994627673,4.84502306059055,79.3041724632563));
#7891=CARTESIAN_POINT('Ctrl Pts',(-89.4897559944631,4.85209609198336,79.707401756946));
#7892=CARTESIAN_POINT('Ctrl Pts',(-89.4500557319203,4.86022445923417,80.1106286531246));
#7893=CARTESIAN_POINT('Ctrl Pts',(-89.4500536907049,5.89912729597405,47.8513772579203));
#7894=CARTESIAN_POINT('Ctrl Pts',(-89.4904143519722,5.89461082201705,48.2546040861508));
#7895=CARTESIAN_POINT('Ctrl Pts',(-89.5308608332537,5.8902514045546,48.6578314210963));
#7896=CARTESIAN_POINT('Ctrl Pts',(-89.5717785368882,5.88589843599378,49.0610592936113));
#7897=CARTESIAN_POINT('Ctrl Pts',(-89.6496553703687,5.87871213389042,49.8675160916769));
#7898=CARTESIAN_POINT('Ctrl Pts',(-89.7151934092394,5.87667711682182,50.6739750072043));
#7899=CARTESIAN_POINT('Ctrl Pts',(-89.743597733481,5.87748341550438,51.0772049950477));
#7900=CARTESIAN_POINT('Ctrl Pts',(-89.8139383147168,5.88613243727392,52.2868965650795));
#7901=CARTESIAN_POINT('Ctrl Pts',(-89.8395095438016,5.91313957599965,53.4965930397747));
#7902=CARTESIAN_POINT('Ctrl Pts',(-89.8365965047591,5.93900554536133,54.3030596115202));
#7903=CARTESIAN_POINT('Ctrl Pts',(-89.8041469968507,5.99855803070564,55.9159975136054));
#7904=CARTESIAN_POINT('Ctrl Pts',(-89.7387598787314,6.06286018644188,57.5289452660235));
#7905=CARTESIAN_POINT('Ctrl Pts',(-89.7031596562233,6.09333683272742,58.3354216895034));
#7906=CARTESIAN_POINT('Ctrl Pts',(-89.6352152138166,6.14703841736555,59.9483797248839));
#7907=CARTESIAN_POINT('Ctrl Pts',(-89.5851977200391,6.18203692738572,61.5613480017499));
#7908=CARTESIAN_POINT('Ctrl Pts',(-89.5675644425692,6.19379111233878,62.3678346665963));
#7909=CARTESIAN_POINT('Ctrl Pts',(-89.549878517998,6.20508045115022,63.9808128269928));
#7910=CARTESIAN_POINT('Ctrl Pts',(-89.567358172284,6.19194889038046,65.5937997022411));
#7911=CARTESIAN_POINT('Ctrl Pts',(-89.5848883708645,6.17930301270435,66.4002950811341));
#7912=CARTESIAN_POINT('Ctrl Pts',(-89.6347000157775,6.14263954517922,68.0132889941985));
#7913=CARTESIAN_POINT('Ctrl Pts',(-89.7024433647069,6.08764117792961,69.6262869549086));
#7914=CARTESIAN_POINT('Ctrl Pts',(-89.7379452770725,6.05664068736797,70.4327863821686));
#7915=CARTESIAN_POINT('Ctrl Pts',(-89.80314388231,5.99161247687298,72.0457845834769));
#7916=CARTESIAN_POINT('Ctrl Pts',(-89.8354352540441,5.93210779042213,73.6587773185485));
#7917=CARTESIAN_POINT('Ctrl Pts',(-89.8382802816464,5.9064917787142,74.4652712841384));
#7918=CARTESIAN_POINT('Ctrl Pts',(-89.8126325177508,5.8802387397004,75.6750066604007));
#7919=CARTESIAN_POINT('Ctrl Pts',(-89.7422756938057,5.87293082917895,76.8847302700375));
#7920=CARTESIAN_POINT('Ctrl Pts',(-89.7138738734387,5.87263787387922,77.2879699775827));
#7921=CARTESIAN_POINT('Ctrl Pts',(-89.6483591850768,5.87583201668624,78.0944459964802));
#7922=CARTESIAN_POINT('Ctrl Pts',(-89.5705476095822,5.88443889228822,78.9009144344638));
#7923=CARTESIAN_POINT('Ctrl Pts',(-89.5296742911274,5.88956618722445,79.3041465680461));
#7924=CARTESIAN_POINT('Ctrl Pts',(-89.4892872773178,5.8947650912887,79.7073764020499));
#7925=CARTESIAN_POINT('Ctrl Pts',(-89.4489934831106,5.90018331301084,80.1106039220125));
#7926=CARTESIAN_POINT('Ctrl Pts',(-89.4423009341412,7.97867514736736,47.8511781953984));
#7927=CARTESIAN_POINT('Ctrl Pts',(-89.4830811813195,7.97941195181407,48.2544058269153));
#7928=CARTESIAN_POINT('Ctrl Pts',(-89.5260412639676,7.98012396954253,48.6576341700973));
#7929=CARTESIAN_POINT('Ctrl Pts',(-89.5717633255346,7.98080773406656,49.0608632531129));
#7930=CARTESIAN_POINT('Ctrl Pts',(-89.6619910471733,7.9821167860523,49.8673228375646));
#7931=CARTESIAN_POINT('Ctrl Pts',(-89.7434989098343,7.98330934221292,50.6737851782891));
#7932=CARTESIAN_POINT('Ctrl Pts',(-89.7803729858617,7.98387643694347,51.0770170164048));
#7933=CARTESIAN_POINT('Ctrl Pts',(-89.877032562911,7.98548884685422,52.2867144843978));
#7934=CARTESIAN_POINT('Ctrl Pts',(-89.9295376648354,7.98682831354788,53.4964177179683));
#7935=CARTESIAN_POINT('Ctrl Pts',(-89.9430258931517,7.98759435858593,54.302889016714));
#7936=CARTESIAN_POINT('Ctrl Pts',(-89.9387143665007,7.98886005401875,55.9158365568414));
#7937=CARTESIAN_POINT('Ctrl Pts',(-89.8925216367819,7.98959130941721,57.5287939495749));
#7938=CARTESIAN_POINT('Ctrl Pts',(-89.8643380188602,7.98982266928388,58.3352751015147));
#7939=CARTESIAN_POINT('Ctrl Pts',(-89.8078662963692,7.99002546028658,59.9482422945508));
#7940=CARTESIAN_POINT('Ctrl Pts',(-89.7637452660276,7.98974106934528,61.561218958868));
#7941=CARTESIAN_POINT('Ctrl Pts',(-89.7479739017038,7.98948526806056,62.3677095823034));
#7942=CARTESIAN_POINT('Ctrl Pts',(-89.7321867758412,7.98877001350148,63.9806951306941));
#7943=CARTESIAN_POINT('Ctrl Pts',(-89.7479072875235,7.98770936763069,65.593688238191));
#7944=CARTESIAN_POINT('Ctrl Pts',(-89.7636457898609,7.98710817428011,66.4001864207035));
#7945=CARTESIAN_POINT('Ctrl Pts',(-89.8077029086798,7.98580310605372,68.0131852787516));
#7946=CARTESIAN_POINT('Ctrl Pts',(-89.8641174003666,7.98438832392085,69.6261868700851));
#7947=CARTESIAN_POINT('Ctrl Pts',(-89.8922748406892,7.98367723951983,70.4326877869961));
#7948=CARTESIAN_POINT('Ctrl Pts',(-89.9384221201645,7.98230477083474,72.0456883684297));
#7949=CARTESIAN_POINT('Ctrl Pts',(-89.9427082875184,7.9811439873954,73.6586826014349));
#7950=CARTESIAN_POINT('Ctrl Pts',(-89.9292139194729,7.98064442695558,74.4651771733725));
#7951=CARTESIAN_POINT('Ctrl Pts',(-89.8767130926224,7.98005668680273,75.6749134488339));
#7952=CARTESIAN_POINT('Ctrl Pts',(-89.7800847888707,7.97974667054147,76.8846383725895));
#7953=CARTESIAN_POINT('Ctrl Pts',(-89.7432244761327,7.97967615114856,77.2878785878676));
#7954=CARTESIAN_POINT('Ctrl Pts',(-89.6617517140603,7.97960318611283,78.094355816565));
#7955=CARTESIAN_POINT('Ctrl Pts',(-89.5715745570921,7.97966696492696,78.9008259586358));
#7956=CARTESIAN_POINT('Ctrl Pts',(-89.5258825972109,7.97973330353837,79.3040590899215));
#7957=CARTESIAN_POINT('Ctrl Pts',(-89.4829532832678,7.97983268983464,79.7072901048234));
#7958=CARTESIAN_POINT('Ctrl Pts',(-89.4421982220522,7.97996448770594,80.110518991511));
#7959=CARTESIAN_POINT('Ctrl Pts',(-89.4522590429173,10.0582191134402,47.8509643458273));
#7960=CARTESIAN_POINT('Ctrl Pts',(-89.4925459803944,10.0642293308403,48.2541922202669));
#7961=CARTESIAN_POINT('Ctrl Pts',(-89.5329278345537,10.070032102902,48.6574209726812));
#7962=CARTESIAN_POINT('Ctrl Pts',(-89.5737927289774,10.0757711722978,49.0606506271045));
#7963=CARTESIAN_POINT('Ctrl Pts',(-89.6515709783801,10.085620823454,49.8671116336678));
#7964=CARTESIAN_POINT('Ctrl Pts',(-89.7170178459978,10.090092777263,50.6735758926638));
#7965=CARTESIAN_POINT('Ctrl Pts',(-89.7453763469886,10.0904468923012,51.0768087964303));
#7966=CARTESIAN_POINT('Ctrl Pts',(-89.8155786693638,10.0850989819164,52.2865097266896));
#7967=CARTESIAN_POINT('Ctrl Pts',(-89.84100953671,10.060835737489,53.4962170725227));
#7968=CARTESIAN_POINT('Ctrl Pts',(-89.8380030328742,10.0365358608101,54.3026912707239));
#7969=CARTESIAN_POINT('Ctrl Pts',(-89.8053804090465,9.97956561970608,55.9156447176271));
#7970=CARTESIAN_POINT('Ctrl Pts',(-89.7398639234805,9.91675025194954,57.5286079341036));
#7971=CARTESIAN_POINT('Ctrl Pts',(-89.704214268743,9.88674377760647,58.335091901983));
#7972=CARTESIAN_POINT('Ctrl Pts',(-89.6362062599704,9.83345813356081,59.9480644385539));
#7973=CARTESIAN_POINT('Ctrl Pts',(-89.5862010652986,9.79789537286331,61.5610457404883));
#7974=CARTESIAN_POINT('Ctrl Pts',(-89.5685942248791,9.78563130392481,62.3675384741859));
#7975=CARTESIAN_POINT('Ctrl Pts',(-89.5510029629767,9.77291295296681,63.9805277918912));
#7976=CARTESIAN_POINT('Ctrl Pts',(-89.5686619921127,9.78391626403718,65.5935237460007));
#7977=CARTESIAN_POINT('Ctrl Pts',(-89.586303278159,9.79535305589749,66.4000231164736));
#7978=CARTESIAN_POINT('Ctrl Pts',(-89.6363796238974,9.82938290257779,68.013023894761));
#7979=CARTESIAN_POINT('Ctrl Pts',(-89.7044647071241,9.88150458319293,69.6260266124042));
#7980=CARTESIAN_POINT('Ctrl Pts',(-89.7401547041611,9.91105253188746,70.4325279234044));
#7981=CARTESIAN_POINT('Ctrl Pts',(-89.8057559387395,9.97326228279002,72.0455290601895));
#7982=CARTESIAN_POINT('Ctrl Pts',(-89.838468291231,10.0303579917692,73.6585237350915));
#7983=CARTESIAN_POINT('Ctrl Pts',(-89.8415201916448,10.0549305767879,74.4650185869758));
#7984=CARTESIAN_POINT('Ctrl Pts',(-89.8161545617531,10.0799480364594,75.6747555579461));
#7985=CARTESIAN_POINT('Ctrl Pts',(-89.7460038499173,10.0865917248105,76.884481936305));
#7986=CARTESIAN_POINT('Ctrl Pts',(-89.7176604384112,10.0867310500969,77.2877227399316));
#7987=CARTESIAN_POINT('Ctrl Pts',(-89.6522391887204,10.0833708517357,78.0942013936544));
#7988=CARTESIAN_POINT('Ctrl Pts',(-89.5744704623011,10.0748835375459,78.9006735425732));
#7989=CARTESIAN_POINT('Ctrl Pts',(-89.5336048412509,10.0698882440607,79.3039078468898));
#7990=CARTESIAN_POINT('Ctrl Pts',(-89.493210634031,10.0648923177867,79.7071402188431));
#7991=CARTESIAN_POINT('Ctrl Pts',(-89.4528957899545,10.0597467154093,80.1103706439245));
#7992=CARTESIAN_POINT('Ctrl Pts',(-89.4549606066192,11.098056626554,47.8508552695359));
#7993=CARTESIAN_POINT('Ctrl Pts',(-89.4946367292244,11.1067697713895,48.2540831411931));
#7994=CARTESIAN_POINT('Ctrl Pts',(-89.5328506649249,11.1144469731908,48.6573119593347));
#7995=CARTESIAN_POINT('Ctrl Pts',(-89.569953999042,11.1213882136635,49.060541747074));
#7996=CARTESIAN_POINT('Ctrl Pts',(-89.6371575256343,11.1338360803214,49.8670031499115));
#7997=CARTESIAN_POINT('Ctrl Pts',(-89.6879001433869,11.1381197654972,50.6734680185562));
#7998=CARTESIAN_POINT('Ctrl Pts',(-89.7082993010001,11.1372697944593,51.0767012713487));
#7999=CARTESIAN_POINT('Ctrl Pts',(-89.7535186719464,11.1248786913214,52.286403357342));
#8000=CARTESIAN_POINT('Ctrl Pts',(-89.7525919243166,11.0837506472901,53.4961121190568));
#8001=CARTESIAN_POINT('Ctrl Pts',(-89.7332088912463,11.0443083283966,54.3025873182109));
#8002=CARTESIAN_POINT('Ctrl Pts',(-89.6723201536498,10.9539094698551,55.9155427917628));
#8003=CARTESIAN_POINT('Ctrl Pts',(-89.5873314095569,10.8568992118857,57.5285079588598));
#8004=CARTESIAN_POINT('Ctrl Pts',(-89.5441582295653,10.8110589687442,58.3349928514995));
#8005=CARTESIAN_POINT('Ctrl Pts',(-89.4645135140397,10.7301938757725,59.9479670976318));
#8006=CARTESIAN_POINT('Ctrl Pts',(-89.4085577635684,10.676891017595,61.5609497813977));
#8007=CARTESIAN_POINT('Ctrl Pts',(-89.3890891147102,10.658633611535,62.3674431122495));
#8008=CARTESIAN_POINT('Ctrl Pts',(-89.3696489160449,10.6399225893553,63.9804334276414));
#8009=CARTESIAN_POINT('Ctrl Pts',(-89.3892179895741,10.6569442166846,65.593429994646));
#8010=CARTESIAN_POINT('Ctrl Pts',(-89.4087516214075,10.6743863797669,66.399929577611));
#8011=CARTESIAN_POINT('Ctrl Pts',(-89.4648395091359,10.7261772504699,68.012930611109));
#8012=CARTESIAN_POINT('Ctrl Pts',(-89.5446209911174,10.8058922929301,69.6259333219116));
#8013=CARTESIAN_POINT('Ctrl Pts',(-89.5878637269364,10.8512789814401,70.4324345833384));
#8014=CARTESIAN_POINT('Ctrl Pts',(-89.672993612801,10.9476907939114,72.0454355889844));
#8015=CARTESIAN_POINT('Ctrl Pts',(-89.7340194562877,11.0382196234687,73.6584302454358));
#8016=CARTESIAN_POINT('Ctrl Pts',(-89.7534683054551,11.0779369035465,74.4649251601769));
#8017=CARTESIAN_POINT('Ctrl Pts',(-89.7544809432844,11.1198229671511,75.6746624213485));
#8018=CARTESIAN_POINT('Ctrl Pts',(-89.709304992504,11.1335130819178,76.884389538489));
#8019=CARTESIAN_POINT('Ctrl Pts',(-89.6889142788402,11.1348575716128,77.2876306466943));
#8020=CARTESIAN_POINT('Ctrl Pts',(-89.6381750638657,11.1316857674179,78.0941100451964));
#8021=CARTESIAN_POINT('Ctrl Pts',(-89.5709445976903,11.1205937070059,78.9005832434957));
#8022=CARTESIAN_POINT('Ctrl Pts',(-89.5338207648622,11.114389315287,79.3038181539499));
#8023=CARTESIAN_POINT('Ctrl Pts',(-89.4955704786049,11.1075175273032,79.707051229045));
#8024=CARTESIAN_POINT('Ctrl Pts',(-89.4558389139329,11.0996739799292,80.1102824546761));
#8025=CARTESIAN_POINT('Ctrl Pts',(-89.4307154752517,12.6558125605616,47.850690691615));
#8026=CARTESIAN_POINT('Ctrl Pts',(-89.4690970887529,12.667585928978,48.2539183936631));
#8027=CARTESIAN_POINT('Ctrl Pts',(-89.5023841508561,12.6793539065444,48.6571471392224));
#8028=CARTESIAN_POINT('Ctrl Pts',(-89.5309300834727,12.6915518033704,49.0603769472619));
#8029=CARTESIAN_POINT('Ctrl Pts',(-89.5759077027326,12.7082345892207,49.8668385325313));
#8030=CARTESIAN_POINT('Ctrl Pts',(-89.5944805739593,12.7067854389843,50.6733038367095));
#8031=CARTESIAN_POINT('Ctrl Pts',(-89.5966460615058,12.7003584053029,51.0765373597238));
#8032=CARTESIAN_POINT('Ctrl Pts',(-89.5840333758385,12.6634713870977,52.2862403792255));
#8033=CARTESIAN_POINT('Ctrl Pts',(-89.5230301689517,12.5787106063221,53.4959503543904));
#8034=CARTESIAN_POINT('Ctrl Pts',(-89.4692464802567,12.5057743846913,54.3024264073489));
#8035=CARTESIAN_POINT('Ctrl Pts',(-89.3511320131849,12.3494061072659,55.9153835697988));
#8036=CARTESIAN_POINT('Ctrl Pts',(-89.2294487235857,12.1940644307566,57.5283502443476));
#8037=CARTESIAN_POINT('Ctrl Pts',(-89.172369295342,12.1227013522607,58.3348358092475));
#8038=CARTESIAN_POINT('Ctrl Pts',(-89.0714499542858,11.9987013385599,59.9478111970718));
#8039=CARTESIAN_POINT('Ctrl Pts',(-89.0048393813732,11.919040770864,61.5607945743074));
#8040=CARTESIAN_POINT('Ctrl Pts',(-88.9820387469568,11.8919969109987,62.36728812944));
#8041=CARTESIAN_POINT('Ctrl Pts',(-88.9592854652143,11.8645011432918,63.980278646922));
#8042=CARTESIAN_POINT('Ctrl Pts',(-88.9822440245646,11.8903405347969,65.5932749608108));
#8043=CARTESIAN_POINT('Ctrl Pts',(-89.0051476830022,11.9165835974005,66.3997743129559));
#8044=CARTESIAN_POINT('Ctrl Pts',(-89.0719657531185,11.9947527458632,68.0127747164595));
#8045=CARTESIAN_POINT('Ctrl Pts',(-89.1730929566293,12.1176055702074,69.625776598449));
#8046=CARTESIAN_POINT('Ctrl Pts',(-89.2302757609604,12.1885117355433,70.432277430159));
#8047=CARTESIAN_POINT('Ctrl Pts',(-89.3521618066342,12.3432427336941,72.0452776443297));
#8048=CARTESIAN_POINT('Ctrl Pts',(-89.4704593602263,12.4997351184068,73.6582719080589));
#8049=CARTESIAN_POINT('Ctrl Pts',(-89.52432627465,12.5729495684683,74.464766791571));
#8050=CARTESIAN_POINT('Ctrl Pts',(-89.5854378014262,12.6584893922339,75.6745043768811));
#8051=CARTESIAN_POINT('Ctrl Pts',(-89.5980905672574,12.6967121552634,76.884232582809));
#8052=CARTESIAN_POINT('Ctrl Pts',(-89.5959285267073,12.7036471356562,77.2874741504427));
#8053=CARTESIAN_POINT('Ctrl Pts',(-89.5773349342915,12.7062393907043,78.0939546850409));
#8054=CARTESIAN_POINT('Ctrl Pts',(-89.5322723840319,12.6909559305041,78.9004295022882));
#8055=CARTESIAN_POINT('Ctrl Pts',(-89.503665823949,12.679520914202,79.3036653561571));
#8056=CARTESIAN_POINT('Ctrl Pts',(-89.470299557777,12.6685829266241,79.7068995181284));
#8057=CARTESIAN_POINT('Ctrl Pts',(-89.4318193521694,12.6576966212813,80.1101319713028));
#8058=CARTESIAN_POINT('Ctrl Pts',(-89.2663582509243,14.2138289860887,47.8505281690951));
#8059=CARTESIAN_POINT('Ctrl Pts',(-89.3030696109138,14.2292955596365,48.253755509671));
#8060=CARTESIAN_POINT('Ctrl Pts',(-89.3287260882241,14.2400924488783,48.6569839593697));
#8061=CARTESIAN_POINT('Ctrl Pts',(-89.3434491716869,14.2467669428242,49.060213531936));
#8062=CARTESIAN_POINT('Ctrl Pts',(-89.3495799125158,14.245075131554,49.8666747500336));
#8063=CARTESIAN_POINT('Ctrl Pts',(-89.3166339689029,14.2105086677983,50.6731398413865));
#8064=CARTESIAN_POINT('Ctrl Pts',(-89.2920942175735,14.1841468580686,51.07637328433));
#8065=CARTESIAN_POINT('Ctrl Pts',(-89.2016088264711,14.0816807853103,52.2860761117857));
#8066=CARTESIAN_POINT('Ctrl Pts',(-89.0747667970671,13.9230481964653,53.4957859715358));
#8067=CARTESIAN_POINT('Ctrl Pts',(-88.9871890102994,13.8055547230782,54.3022619206819));
#8068=CARTESIAN_POINT('Ctrl Pts',(-88.8145316665556,13.5704916884973,55.9152187707648));
#8069=CARTESIAN_POINT('Ctrl Pts',(-88.6603881512435,13.3573306340074,57.5281848580422));
#8070=CARTESIAN_POINT('Ctrl Pts',(-88.5911346008863,13.2621873437,58.3346700448349));
#8071=CARTESIAN_POINT('Ctrl Pts',(-88.4718260920803,13.0995390360024,59.9476444944027));
#8072=CARTESIAN_POINT('Ctrl Pts',(-88.3962004667211,12.9978254833151,61.5606265664905));
#8073=CARTESIAN_POINT('Ctrl Pts',(-88.3705893289018,12.9635545986206,62.3671193768917));
#8074=CARTESIAN_POINT('Ctrl Pts',(-88.3450404528706,12.9288423522234,63.9801082337223));
#8075=CARTESIAN_POINT('Ctrl Pts',(-88.3708433028381,12.961936538407,65.5931026127117));
#8076=CARTESIAN_POINT('Ctrl Pts',(-88.3965816324496,12.9954220268139,66.3996009458445));
#8077=CARTESIAN_POINT('Ctrl Pts',(-88.4724623783858,13.0956596664886,68.0125992637436));
#8078=CARTESIAN_POINT('Ctrl Pts',(-88.5920207724995,13.257139938238,69.6255991292174));
#8079=CARTESIAN_POINT('Ctrl Pts',(-88.6613963610184,13.3518053788249,70.432099010834));
#8080=CARTESIAN_POINT('Ctrl Pts',(-88.8157706568781,13.5642953758344,72.0450975501192));
#8081=CARTESIAN_POINT('Ctrl Pts',(-88.9886108842472,13.799416154392,73.6580908507387));
#8082=CARTESIAN_POINT('Ctrl Pts',(-89.0762619643022,13.9171594056829,74.4645854957789));
#8083=CARTESIAN_POINT('Ctrl Pts',(-89.2031826973928,14.0765658084023,75.6743232013196));
#8084=CARTESIAN_POINT('Ctrl Pts',(-89.2936703906699,14.1804263871849,76.884052420031));
#8085=CARTESIAN_POINT('Ctrl Pts',(-89.3182007232431,14.2073232520919,77.2872944341392));
#8086=CARTESIAN_POINT('Ctrl Pts',(-89.3511003412042,14.2430971786401,78.0937760996308));
#8087=CARTESIAN_POINT('Ctrl Pts',(-89.3448445340889,14.246266500624,78.9002525609594));
#8088=CARTESIAN_POINT('Ctrl Pts',(-89.3300328308938,14.2403988970406,79.3034893737243));
#8089=CARTESIAN_POINT('Ctrl Pts',(-89.3042580255189,14.23046917402,79.7067246421189));
#8090=CARTESIAN_POINT('Ctrl Pts',(-89.2673987807846,14.2159200496405,80.1099583464878));
#8091=CARTESIAN_POINT('Ctrl Pts',(-89.1916021492307,14.7276755843095,47.8504744067114));
#8092=CARTESIAN_POINT('Ctrl Pts',(-89.2277521710345,14.7444072154003,48.2537016080153));
#8093=CARTESIAN_POINT('Ctrl Pts',(-89.2504764416048,14.7543738720937,48.6569299378548));
#8094=CARTESIAN_POINT('Ctrl Pts',(-89.2597082986424,14.7583327604195,49.0601594080659));
#8095=CARTESIAN_POINT('Ctrl Pts',(-89.2502459892503,14.7489893277225,49.8666204505426));
#8096=CARTESIAN_POINT('Ctrl Pts',(-89.1976109780694,14.7005255399725,50.6730854042897));
#8097=CARTESIAN_POINT('Ctrl Pts',(-89.1632738600356,14.6656997953177,51.0763187835216));
#8098=CARTESIAN_POINT('Ctrl Pts',(-89.0451708173773,14.5362099759517,52.2860214264096));
#8099=CARTESIAN_POINT('Ctrl Pts',(-88.8971411217065,14.3493800642457,53.4957311017673));
#8100=CARTESIAN_POINT('Ctrl Pts',(-88.7991819489834,14.2161526758011,54.3022069107426));
#8101=CARTESIAN_POINT('Ctrl Pts',(-88.6099756795113,13.9540526889648,55.9151634357981));
#8102=CARTESIAN_POINT('Ctrl Pts',(-88.4463077564136,13.722257766024,57.5281290965323));
#8103=CARTESIAN_POINT('Ctrl Pts',(-88.373492700905,13.6196117473744,58.3346140418682));
#8104=CARTESIAN_POINT('Ctrl Pts',(-88.2488384559441,13.4449524625233,59.9475879507024));
#8105=CARTESIAN_POINT('Ctrl Pts',(-88.170619104101,13.336571665782,61.5605693696734));
#8106=CARTESIAN_POINT('Ctrl Pts',(-88.1442011732303,13.3001308885426,62.3670618263222));
#8107=CARTESIAN_POINT('Ctrl Pts',(-88.1178498502085,13.2632536235282,63.980049927082));
#8108=CARTESIAN_POINT('Ctrl Pts',(-88.1444680261115,13.2985269333459,65.5930434785532));
#8109=CARTESIAN_POINT('Ctrl Pts',(-88.1710195354472,13.3341879078004,66.3995413864603));
#8110=CARTESIAN_POINT('Ctrl Pts',(-88.2495065909021,13.4410980276774,68.0125388509693));
#8111=CARTESIAN_POINT('Ctrl Pts',(-88.3744214074611,13.6145799163396,69.6255379145101));
#8112=CARTESIAN_POINT('Ctrl Pts',(-88.4473630234615,13.7167391080266,70.4320374222907));
#8113=CARTESIAN_POINT('Ctrl Pts',(-88.6112673924885,13.9478368275722,72.0450353055469));
#8114=CARTESIAN_POINT('Ctrl Pts',(-88.8006509740882,14.2099635457808,73.6580282203979));
#8115=CARTESIAN_POINT('Ctrl Pts',(-88.8986768453851,14.3434257809902,74.4645227618144));
#8116=CARTESIAN_POINT('Ctrl Pts',(-89.0467673855737,14.5310227796606,75.6742604826588));
#8117=CARTESIAN_POINT('Ctrl Pts',(-89.1648544509221,14.6619277240745,76.8839900278387));
#8118=CARTESIAN_POINT('Ctrl Pts',(-89.1991765407075,14.6972988778041,77.2872321883966));
#8119=CARTESIAN_POINT('Ctrl Pts',(-89.2517574397212,14.7469910899261,78.0937142281867));
#8120=CARTESIAN_POINT('Ctrl Pts',(-89.2610918553238,14.7578193307133,78.9001912383669));
#8121=CARTESIAN_POINT('Ctrl Pts',(-89.2517730006205,14.7546609750801,79.3034283722033));
#8122=CARTESIAN_POINT('Ctrl Pts',(-89.2289217148335,14.7455664757695,79.7066640109448));
#8123=CARTESIAN_POINT('Ctrl Pts',(-89.1926050863585,14.7297674603922,80.1098981337393));
#8124=CARTESIAN_POINT('Ctrl Pts',(-88.9912097570487,15.7395322473505,47.850368077871));
#8125=CARTESIAN_POINT('Ctrl Pts',(-89.0271093578442,15.7578601868199,48.2535949678209));
#8126=CARTESIAN_POINT('Ctrl Pts',(-89.0407827266379,15.767775954546,48.6568230260686));
#8127=CARTESIAN_POINT('Ctrl Pts',(-89.0313558237354,15.7702229956664,49.0600522601299));
#8128=CARTESIAN_POINT('Ctrl Pts',(-88.980017768419,15.7383762755375,49.8665128586569));
#8129=CARTESIAN_POINT('Ctrl Pts',(-88.8839799537284,15.6474364625903,50.6729774069525));
#8130=CARTESIAN_POINT('Ctrl Pts',(-88.8300072215721,15.5893280952563,51.0762105863665));
#8131=CARTESIAN_POINT('Ctrl Pts',(-88.659344691813,15.3911111468811,52.2859126234508));
#8132=CARTESIAN_POINT('Ctrl Pts',(-88.4767346036836,15.14403594088,53.4956216403237));
#8133=CARTESIAN_POINT('Ctrl Pts',(-88.3620154507063,14.9795211291784,54.3020969577253));
#8134=CARTESIAN_POINT('Ctrl Pts',(-88.1465387010854,14.6650150868637,55.915052391872));
#8135=CARTESIAN_POINT('Ctrl Pts',(-87.9680870128742,14.3992864639539,57.5280167419653));
#8136=CARTESIAN_POINT('Ctrl Pts',(-87.8897456630202,14.2832158672564,58.3345009767033));
#8137=CARTESIAN_POINT('Ctrl Pts',(-87.75685018602,14.0873918923169,59.9474733560598));
#8138=CARTESIAN_POINT('Ctrl Pts',(-87.6746786311773,13.9675825951907,61.5604530428035));
#8139=CARTESIAN_POINT('Ctrl Pts',(-87.6470379763511,13.9274492100059,62.3669445862587));
#8140=CARTESIAN_POINT('Ctrl Pts',(-87.6194703510282,13.8868920044184,63.9799307804248));
#8141=CARTESIAN_POINT('Ctrl Pts',(-87.6473235379302,13.9258782762498,65.5929223212326));
#8142=CARTESIAN_POINT('Ctrl Pts',(-87.6751070664502,13.9652450126173,66.3994192117926));
#8143=CARTESIAN_POINT('Ctrl Pts',(-87.7575647726099,14.0835962345653,68.0124146600771));
#8144=CARTESIAN_POINT('Ctrl Pts',(-87.8907359467381,14.2782204334663,69.6254118636806));
#8145=CARTESIAN_POINT('Ctrl Pts',(-87.9692098566715,14.3937824524518,70.4319105102442));
#8146=CARTESIAN_POINT('Ctrl Pts',(-88.147903420452,14.6587487248395,72.0449068854452));
#8147=CARTESIAN_POINT('Ctrl Pts',(-88.363536468361,14.9731953586444,73.6578988954189));
#8148=CARTESIAN_POINT('Ctrl Pts',(-88.4783028493486,15.1379020580885,74.464393178703));
#8149=CARTESIAN_POINT('Ctrl Pts',(-88.6609184103465,15.3856985705249,75.6741308761029));
#8150=CARTESIAN_POINT('Ctrl Pts',(-88.8314920231181,15.5853690274237,76.8838610471869));
#8151=CARTESIAN_POINT('Ctrl Pts',(-88.8854244017008,15.6440474966665,77.2871034942765));
#8152=CARTESIAN_POINT('Ctrl Pts',(-88.9813641265691,15.7362991965854,78.0935862743238));
#8153=CARTESIAN_POINT('Ctrl Pts',(-89.0325397762694,15.7697442613261,78.9000643793754));
#8154=CARTESIAN_POINT('Ctrl Pts',(-89.0418646209818,15.7681449091477,79.3033021536655));
#8155=CARTESIAN_POINT('Ctrl Pts',(-89.0280362382624,15.759139450907,79.7065385328934));
#8156=CARTESIAN_POINT('Ctrl Pts',(-88.991932324194,15.7417755555231,80.1097734938143));
#8157=CARTESIAN_POINT('Ctrl Pts',(-88.5709749116448,16.7133007552717,47.850264990914));
#8158=CARTESIAN_POINT('Ctrl Pts',(-88.6061819017721,16.7361324750375,48.2534915252189));
#8159=CARTESIAN_POINT('Ctrl Pts',(-88.6107761890764,16.7356847335645,48.6567192473172));
#8160=CARTESIAN_POINT('Ctrl Pts',(-88.5827330213891,16.7110244373566,49.0599481562479));
#8161=CARTESIAN_POINT('Ctrl Pts',(-88.4967408785335,16.6153590716205,49.8664081103562));
#8162=CARTESIAN_POINT('Ctrl Pts',(-88.3734640424365,16.4581021460329,50.6728719987138));
#8163=CARTESIAN_POINT('Ctrl Pts',(-88.3091797140993,16.3704952762985,51.0761048365743));
#8164=CARTESIAN_POINT('Ctrl Pts',(-88.1132838831571,16.0931930972916,52.2858057970751));
#8165=CARTESIAN_POINT('Ctrl Pts',(-87.9191176394656,15.7938695242699,53.4955135670101));
#8166=CARTESIAN_POINT('Ctrl Pts',(-87.7984816475909,15.6035218012018,54.301987964215));
#8167=CARTESIAN_POINT('Ctrl Pts',(-87.5741822534136,15.2483818599021,55.9149414228491));
#8168=CARTESIAN_POINT('Ctrl Pts',(-87.3909589309352,14.9592467254449,57.5279035595378));
#8169=CARTESIAN_POINT('Ctrl Pts',(-87.3108656402641,14.8342959681793,58.3343866380676));
#8170=CARTESIAN_POINT('Ctrl Pts',(-87.1754706254711,14.6250035328426,59.9473566153636));
#8171=CARTESIAN_POINT('Ctrl Pts',(-87.0922326694614,14.4984671714862,61.5603337458698));
#8172=CARTESIAN_POINT('Ctrl Pts',(-87.0642863805553,14.4562131942558,62.3668239789563));
#8173=CARTESIAN_POINT('Ctrl Pts',(-87.03641369673,14.413553055728,63.9798075052221));
#8174=CARTESIAN_POINT('Ctrl Pts',(-87.0645761382061,14.4546898380241,65.5927963478479));
#8175=CARTESIAN_POINT('Ctrl Pts',(-87.0926674823959,14.4961968004042,66.399291897622));
#8176=CARTESIAN_POINT('Ctrl Pts',(-87.1761964693108,14.621297364272,68.0122847274693));
#8177=CARTESIAN_POINT('Ctrl Pts',(-87.3118709144839,14.8293656577755,69.625279566578));
#8178=CARTESIAN_POINT('Ctrl Pts',(-87.3920977377896,14.9537809228471,70.4317771260925));
#8179=CARTESIAN_POINT('Ctrl Pts',(-87.5755606286065,15.2420665680625,72.0447715987968));
#8180=CARTESIAN_POINT('Ctrl Pts',(-87.7999863347482,15.597009690041,73.6577624267731));
#8181=CARTESIAN_POINT('Ctrl Pts',(-87.9206439425688,15.7874736372932,74.4642563433949));
#8182=CARTESIAN_POINT('Ctrl Pts',(-88.1147418988572,16.0874012864787,75.6739938982081));
#8183=CARTESIAN_POINT('Ctrl Pts',(-88.3104059979186,16.3661067534355,76.8837246304295));
#8184=CARTESIAN_POINT('Ctrl Pts',(-88.3745938545556,16.4542776233903,77.2869673478969));
#8185=CARTESIAN_POINT('Ctrl Pts',(-88.4976463853575,16.6128793807548,78.0934508450586));
#8186=CARTESIAN_POINT('Ctrl Pts',(-88.5833471702444,16.7102974643273,78.899930036785));
#8187=CARTESIAN_POINT('Ctrl Pts',(-88.6112288961379,16.7359407549422,79.3031684513356));
#8188=CARTESIAN_POINT('Ctrl Pts',(-88.6064316827817,16.7373844954916,79.7064055703949));
#8189=CARTESIAN_POINT('Ctrl Pts',(-88.5709832169547,16.7155489767404,80.1096413674063));
#8190=CARTESIAN_POINT('Ctrl Pts',(-88.2836420990576,17.1979763560258,47.8502144794917));
#8191=CARTESIAN_POINT('Ctrl Pts',(-88.3185153532745,17.2257805991141,48.2534408318137));
#8192=CARTESIAN_POINT('Ctrl Pts',(-88.3182991584288,17.2119986173203,48.6566683653002));
#8193=CARTESIAN_POINT('Ctrl Pts',(-88.2806309282551,17.1544238495572,49.0598970739847));
#8194=CARTESIAN_POINT('Ctrl Pts',(-88.1836698259374,17.0073107278977,49.8663566495817));
#8195=CARTESIAN_POINT('Ctrl Pts',(-88.0570160760738,16.8122962234949,50.6728201487473));
#8196=CARTESIAN_POINT('Ctrl Pts',(-87.9923429545096,16.7099074272579,51.0760527818422));
#8197=CARTESIAN_POINT('Ctrl Pts',(-87.7963899413209,16.3950375041057,52.285753088214));
#8198=CARTESIAN_POINT('Ctrl Pts',(-87.6041744613705,16.0754198359729,53.4954600849374));
#8199=CARTESIAN_POINT('Ctrl Pts',(-87.4840196268062,15.8747709927676,54.3019339135408));
#8200=CARTESIAN_POINT('Ctrl Pts',(-87.2606656173735,15.5043423505096,55.9148861627064));
#8201=CARTESIAN_POINT('Ctrl Pts',(-87.0779473401903,15.2071000228639,57.527846970178));
#8202=CARTESIAN_POINT('Ctrl Pts',(-86.9980729104439,15.0791905569215,58.3343293616605));
#8203=CARTESIAN_POINT('Ctrl Pts',(-86.8630818769476,14.8655836791121,59.9472979256602));
#8204=CARTESIAN_POINT('Ctrl Pts',(-86.780139131126,14.7370820177467,61.560273579039));
#8205=CARTESIAN_POINT('Ctrl Pts',(-86.7523041000007,14.6942302915237,62.3667630611989));
#8206=CARTESIAN_POINT('Ctrl Pts',(-86.7245411589675,14.650982282372,63.979745070089));
#8207=CARTESIAN_POINT('Ctrl Pts',(-86.7525922264262,14.6927355829909,65.5927323976838));
#8208=CARTESIAN_POINT('Ctrl Pts',(-86.7805715869987,14.7348523603684,66.3992271987979));
#8209=CARTESIAN_POINT('Ctrl Pts',(-86.8638043810437,14.8619331187171,68.0122185730529));
#8210=CARTESIAN_POINT('Ctrl Pts',(-86.9990741341336,15.0743044846652,69.625212105683));
#8211=CARTESIAN_POINT('Ctrl Pts',(-87.0790815846418,15.2016643014882,70.4317090655366));
#8212=CARTESIAN_POINT('Ctrl Pts',(-87.2620373342077,15.4980089796464,72.0447024877768));
#8213=CARTESIAN_POINT('Ctrl Pts',(-87.4855029819204,15.8681583888202,73.6576926528643));
#8214=CARTESIAN_POINT('Ctrl Pts',(-87.6056662923284,16.0688748731378,74.4641863573302));
#8215=CARTESIAN_POINT('Ctrl Pts',(-87.7977777248751,16.389020091605,75.6739238082963));
#8216=CARTESIAN_POINT('Ctrl Pts',(-87.9934076532101,16.7052194924037,76.8836548020719));
#8217=CARTESIAN_POINT('Ctrl Pts',(-88.0579464983281,16.8081487647444,77.2868976497416));
#8218=CARTESIAN_POINT('Ctrl Pts',(-88.1842771399155,17.0044612977573,78.0933814979192));
#8219=CARTESIAN_POINT('Ctrl Pts',(-88.2808373659978,17.153297205694,78.8998612298036));
#8220=CARTESIAN_POINT('Ctrl Pts',(-88.3183026408808,17.2118493029972,79.3030999639784));
#8221=CARTESIAN_POINT('Ctrl Pts',(-88.3182913424142,17.2266471172339,79.7063374520186));
#8222=CARTESIAN_POINT('Ctrl Pts',(-88.2831586736293,17.1998703252104,80.1095736656893));
#8223=CARTESIAN_POINT('Ctrl Pts',(-87.4513844507049,17.8280232243146,47.8501155961734));
#8224=CARTESIAN_POINT('Ctrl Pts',(-87.4805411027458,17.858170478822,48.2533415663447));
#8225=CARTESIAN_POINT('Ctrl Pts',(-87.4844480338274,17.8378508835836,48.6565687435261));
#8226=CARTESIAN_POINT('Ctrl Pts',(-87.4617969582656,17.7635992975907,49.0597971141322));
#8227=CARTESIAN_POINT('Ctrl Pts',(-87.3957982558939,17.5803243550124,49.8662559523944));
#8228=CARTESIAN_POINT('Ctrl Pts',(-87.2979602574853,17.3508907052991,50.6727185783372));
#8229=CARTESIAN_POINT('Ctrl Pts',(-87.2452577216713,17.2338504516748,51.075950733976));
#8230=CARTESIAN_POINT('Ctrl Pts',(-87.0801516265577,16.8805163520154,52.2856494963942));
#8231=CARTESIAN_POINT('Ctrl Pts',(-86.9052018393282,16.5376036441458,53.4953546320533));
#8232=CARTESIAN_POINT('Ctrl Pts',(-86.7930712912373,16.3258570079544,54.3018271014274));
#8233=CARTESIAN_POINT('Ctrl Pts',(-86.5817679213147,15.9392079410599,55.9147764836593));
#8234=CARTESIAN_POINT('Ctrl Pts',(-86.4055838635196,15.6345183032202,57.5277341960275));
#8235=CARTESIAN_POINT('Ctrl Pts',(-86.3282750089304,15.5042337605052,58.3342150022374));
#8236=CARTESIAN_POINT('Ctrl Pts',(-86.1973308939678,15.2876207860314,59.9471803308147));
#8237=CARTESIAN_POINT('Ctrl Pts',(-86.1166361304775,15.1583115662394,61.5601526499165));
#8238=CARTESIAN_POINT('Ctrl Pts',(-86.0895553653695,15.1152904584815,62.366640447663));
#8239=CARTESIAN_POINT('Ctrl Pts',(-86.062540155194,15.0718943002718,63.9796190720313));
#8240=CARTESIAN_POINT('Ctrl Pts',(-86.0898326772572,15.1138655449292,65.5926030519663));
#8241=CARTESIAN_POINT('Ctrl Pts',(-86.117052652878,15.1561818342511,66.3990962053657));
#8242=CARTESIAN_POINT('Ctrl Pts',(-86.1980286066034,15.2841108936573,68.0120843854132));
#8243=CARTESIAN_POINT('Ctrl Pts',(-86.329245433569,15.499471479983,69.6250750606972));
#8244=CARTESIAN_POINT('Ctrl Pts',(-86.4066849169955,15.6291790125286,70.431570709435));
#8245=CARTESIAN_POINT('Ctrl Pts',(-86.5831026116654,15.9328698980838,72.0445618303224));
#8246=CARTESIAN_POINT('Ctrl Pts',(-86.7944979761345,16.3190527359774,73.6575505191642));
#8247=CARTESIAN_POINT('Ctrl Pts',(-86.906617918324,16.5307519108589,74.4640437372689));
#8248=CARTESIAN_POINT('Ctrl Pts',(-87.0814116848644,16.8740108398991,75.6737809092058));
#8249=CARTESIAN_POINT('Ctrl Pts',(-87.2460458731689,17.2284609621805,76.8835123825146));
#8250=CARTESIAN_POINT('Ctrl Pts',(-87.2985512216083,17.3459668219971,77.2867554789296));
#8251=CARTESIAN_POINT('Ctrl Pts',(-87.395894150303,17.5765248089935,78.0932400095093));
#8252=CARTESIAN_POINT('Ctrl Pts',(-87.4612145517754,17.7613019912906,78.8997208044438));
#8253=CARTESIAN_POINT('Ctrl Pts',(-87.4834692072279,17.836379095053,79.3029601673433));
#8254=CARTESIAN_POINT('Ctrl Pts',(-87.4792173922574,17.8576785363828,79.70619838684));
#8255=CARTESIAN_POINT('Ctrl Pts',(-87.4497655401711,17.8286332825515,80.1094354306647));
#8256=CARTESIAN_POINT('Ctrl Pts',(-86.3591487891959,17.9178306190233,47.8500222834975));
#8257=CARTESIAN_POINT('Ctrl Pts',(-86.3792815657422,17.9429578491411,48.2532478867212));
#8258=CARTESIAN_POINT('Ctrl Pts',(-86.3958761472814,17.93441835254,48.6564747029885));
#8259=CARTESIAN_POINT('Ctrl Pts',(-86.4094419922162,17.890333354135,49.0597026980733));
#8260=CARTESIAN_POINT('Ctrl Pts',(-86.4077488807494,17.7537988986503,49.8661606366877));
#8261=CARTESIAN_POINT('Ctrl Pts',(-86.364698480573,17.5562262039802,50.672622117141));
#8262=CARTESIAN_POINT('Ctrl Pts',(-86.3347720899369,17.4507068028113,51.0758536385576));
#8263=CARTESIAN_POINT('Ctrl Pts',(-86.2289671381563,17.1254707414747,52.2855503235584));
#8264=CARTESIAN_POINT('Ctrl Pts',(-86.0891392390262,16.7955066388503,53.4952529278739));
#8265=CARTESIAN_POINT('Ctrl Pts',(-85.9943272323756,16.5913430840975,54.3017235768153));
#8266=CARTESIAN_POINT('Ctrl Pts',(-85.8097859047085,16.2176871628888,55.9146691973434));
#8267=CARTESIAN_POINT('Ctrl Pts',(-85.6491434094409,15.9234542215592,57.5276229776372));
#8268=CARTESIAN_POINT('Ctrl Pts',(-85.5779501956343,15.7979900703343,58.3341017981841));
#8269=CARTESIAN_POINT('Ctrl Pts',(-85.4566111466895,15.5897617633722,59.9470631200278));
#8270=CARTESIAN_POINT('Ctrl Pts',(-85.3811440899805,15.4659254381756,61.5600313924114));
#8271=CARTESIAN_POINT('Ctrl Pts',(-85.3557818485006,15.4247919250983,62.3665171637416));
#8272=CARTESIAN_POINT('Ctrl Pts',(-85.3304734143848,15.3833085688342,63.9794917480816));
#8273=CARTESIAN_POINT('Ctrl Pts',(-85.3560334221071,15.4234656996349,65.5924717823263));
#8274=CARTESIAN_POINT('Ctrl Pts',(-85.3815224494572,15.4639388385947,66.3989630035161));
#8275=CARTESIAN_POINT('Ctrl Pts',(-85.4572477969405,15.5864638693701,68.0119474498697));
#8276=CARTESIAN_POINT('Ctrl Pts',(-85.5788438125222,15.7934448693343,69.624934791697));
#8277=CARTESIAN_POINT('Ctrl Pts',(-85.650162251465,15.9183130093518,70.4314289081403));
#8278=CARTESIAN_POINT('Ctrl Pts',(-85.8110353621225,16.2114508981068,72.0444173233908));
#8279=CARTESIAN_POINT('Ctrl Pts',(-85.9956747131276,16.5844266761566,73.6574042181467));
#8280=CARTESIAN_POINT('Ctrl Pts',(-86.0904810495298,16.7884053518681,74.4638968149838));
#8281=CARTESIAN_POINT('Ctrl Pts',(-86.2301463283995,17.1184850565768,75.6736335441567));
#8282=CARTESIAN_POINT('Ctrl Pts',(-86.3354496404162,17.4446144345233,76.88336539308));
#8283=CARTESIAN_POINT('Ctrl Pts',(-86.3651658486429,17.5505287863318,77.2866087102657));
#8284=CARTESIAN_POINT('Ctrl Pts',(-86.4076971362637,17.7490941602659,78.0930938804953));
#8285=CARTESIAN_POINT('Ctrl Pts',(-86.4086866386781,17.8870804951282,78.8995757146024));
#8286=CARTESIAN_POINT('Ctrl Pts',(-86.394717148291,17.9320207040379,79.302815696812));
#8287=CARTESIAN_POINT('Ctrl Pts',(-86.3777241389544,17.9415773977785,79.7060546382726));
#8288=CARTESIAN_POINT('Ctrl Pts',(-86.3572214602353,17.9176022019544,80.1092925016301));
#8289=CARTESIAN_POINT('Ctrl Pts',(-85.8292714534479,17.8652726504916,47.8499775269471));
#8290=CARTESIAN_POINT('Ctrl Pts',(-85.8469990649139,17.8881271030959,48.2532029753379));
#8291=CARTESIAN_POINT('Ctrl Pts',(-85.8639219481586,17.8842253701508,48.6564295656239));
#8292=CARTESIAN_POINT('Ctrl Pts',(-85.8810806157682,17.8528707806032,49.0596572426782));
#8293=CARTESIAN_POINT('Ctrl Pts',(-85.8954397135466,17.7459323677885,49.8661145670983));
#8294=CARTESIAN_POINT('Ctrl Pts',(-85.8740630925793,17.5764100621036,50.672575374382));
#8295=CARTESIAN_POINT('Ctrl Pts',(-85.8544205709541,17.482332642408,51.075806534041));
#8296=CARTESIAN_POINT('Ctrl Pts',(-85.7768585864982,17.1862882029221,52.2855020310679));
#8297=CARTESIAN_POINT('Ctrl Pts',(-85.6570741149586,16.872594866207,53.4952031945643));
#8298=CARTESIAN_POINT('Ctrl Pts',(-85.572002484018,16.6768400609466,54.3016728136963));
#8299=CARTESIAN_POINT('Ctrl Pts',(-85.4031555656086,16.3172004794011,55.9146163302162));
#8300=CARTESIAN_POINT('Ctrl Pts',(-85.2520377878403,16.0327903986769,57.5275679441797));
#8301=CARTESIAN_POINT('Ctrl Pts',(-85.1846176721143,15.9115718672179,58.3340456773151));
#8302=CARTESIAN_POINT('Ctrl Pts',(-85.0692461561349,15.7104308341816,59.9470048144465));
#8303=CARTESIAN_POINT('Ctrl Pts',(-84.9970560030844,15.5909133460768,61.5599708972422));
#8304=CARTESIAN_POINT('Ctrl Pts',(-84.9727698825113,15.551240205378,62.3664555756327));
#8305=CARTESIAN_POINT('Ctrl Pts',(-84.9485308278319,15.5112310341102,63.97942798708));
#8306=CARTESIAN_POINT('Ctrl Pts',(-84.9730049056959,15.549971513112,65.592405908268));
#8307=CARTESIAN_POINT('Ctrl Pts',(-84.9974097840013,15.5890106540206,66.3988960963051));
#8308=CARTESIAN_POINT('Ctrl Pts',(-85.0698432154557,15.707259844682,68.0118785476099));
#8309=CARTESIAN_POINT('Ctrl Pts',(-85.1854612790463,15.9071641158608,69.6248641068597));
#8310=CARTESIAN_POINT('Ctrl Pts',(-85.2530031180614,16.0277808117154,70.4313574025413));
#8311=CARTESIAN_POINT('Ctrl Pts',(-85.404350284685,16.3110524300388,72.044344363062));
#8312=CARTESIAN_POINT('Ctrl Pts',(-85.5733063244134,16.6699026398774,73.6573302770355));
#8313=CARTESIAN_POINT('Ctrl Pts',(-85.6583827341518,16.8654005162468,74.463822527117));
#8314=CARTESIAN_POINT('Ctrl Pts',(-85.7780156838242,17.1790870943152,75.6735589885917));
#8315=CARTESIAN_POINT('Ctrl Pts',(-85.8551010962088,17.4759365689625,76.8832909948503));
#8316=CARTESIAN_POINT('Ctrl Pts',(-85.8745437573168,17.570386194064,77.2865344141428));
#8317=CARTESIAN_POINT('Ctrl Pts',(-85.8954421164909,17.7408755472006,78.0930198932995));
#8318=CARTESIAN_POINT('Ctrl Pts',(-85.880473400316,17.8492738666452,78.899502248748));
#8319=CARTESIAN_POINT('Ctrl Pts',(-85.8629902485548,17.8814902313735,79.3027425465267));
#8320=CARTESIAN_POINT('Ctrl Pts',(-85.8456876105984,17.8864296128036,79.7059818496317));
#8321=CARTESIAN_POINT('Ctrl Pts',(-85.8275487583724,17.8647620327135,80.1092201182891));
#8322=CARTESIAN_POINT('Ctrl Pts',(-84.8152491704654,17.6752303651202,47.8498907511836));
#8323=CARTESIAN_POINT('Ctrl Pts',(-84.8294353695864,17.6939520446361,48.2531159026359));
#8324=CARTESIAN_POINT('Ctrl Pts',(-84.8432218716465,17.6967274004641,48.6563421376297));
#8325=CARTESIAN_POINT('Ctrl Pts',(-84.8573876214766,17.6838474534473,49.0595693786881));
#8326=CARTESIAN_POINT('Ctrl Pts',(-84.8802290867828,17.6223952492843,49.8660257513797));
#8327=CARTESIAN_POINT('Ctrl Pts',(-84.8828284147294,17.5037990688779,50.6724852174677));
#8328=CARTESIAN_POINT('Ctrl Pts',(-84.8770677846894,17.4332701928494,51.0757155831233));
#8329=CARTESIAN_POINT('Ctrl Pts',(-84.8411145300645,17.2012579540872,52.2854084185836));
#8330=CARTESIAN_POINT('Ctrl Pts',(-84.7588308893543,16.9326130737359,53.4951062737197));
#8331=CARTESIAN_POINT('Ctrl Pts',(-84.6928479196581,16.7600897091058,54.3015735941468));
#8332=CARTESIAN_POINT('Ctrl Pts',(-84.556073888644,16.4400135905383,55.9145124631847));
#8333=CARTESIAN_POINT('Ctrl Pts',(-84.4258879325486,16.1832696241493,57.5274593741115));
#8334=CARTESIAN_POINT('Ctrl Pts',(-84.3668812261743,16.0737664779563,58.3339347583849));
#8335=CARTESIAN_POINT('Ctrl Pts',(-84.2650016845855,15.8919717539701,59.9468891948299));
#8336=CARTESIAN_POINT('Ctrl Pts',(-84.2003777358187,15.7839696609165,61.5598505955502));
#8337=CARTESIAN_POINT('Ctrl Pts',(-84.1785820421077,15.7481556865063,62.3663329428176));
#8338=CARTESIAN_POINT('Ctrl Pts',(-84.1568194258391,15.7120372376575,63.9793007296937));
#8339=CARTESIAN_POINT('Ctrl Pts',(-84.1787768961644,15.7470194597674,65.5922741672404));
#8340=CARTESIAN_POINT('Ctrl Pts',(-84.20067172946,15.7822612578048,66.3987621650674));
#8341=CARTESIAN_POINT('Ctrl Pts',(-84.2655015982786,15.8891008763261,68.011740386622));
#8342=CARTESIAN_POINT('Ctrl Pts',(-84.3676005170042,16.0697019139991,69.6247221577458));
#8343=CARTESIAN_POINT('Ctrl Pts',(-84.4267193349128,16.1786029467971,70.4312137041303));
#8344=CARTESIAN_POINT('Ctrl Pts',(-84.5571303235735,16.4341414252859,72.0441975499542));
#8345=CARTESIAN_POINT('Ctrl Pts',(-84.6940483750633,16.7532136019972,73.657181325259));
#8346=CARTESIAN_POINT('Ctrl Pts',(-84.7600654936362,16.9253321200927,74.4636728002807));
#8347=CARTESIAN_POINT('Ctrl Pts',(-84.8422591836457,17.1937057882408,75.6734086214052));
#8348=CARTESIAN_POINT('Ctrl Pts',(-84.8777881062827,17.426368634282,76.883140866747));
#8349=CARTESIAN_POINT('Ctrl Pts',(-84.8833635457847,17.4972388992489,77.2863844686428));
#8350=CARTESIAN_POINT('Ctrl Pts',(-84.8803005742325,17.6168138354909,78.0928705238224));
#8351=CARTESIAN_POINT('Ctrl Pts',(-84.8568166201755,17.6798432042159,78.8993538811073));
#8352=CARTESIAN_POINT('Ctrl Pts',(-84.8422925327077,17.6936478329402,79.3025947899868));
#8353=CARTESIAN_POINT('Ctrl Pts',(-84.8280854401394,17.6919813976697,79.7058348052057));
#8354=CARTESIAN_POINT('Ctrl Pts',(-84.8134322069795,17.6745300027682,80.1090738787958));
#8355=CARTESIAN_POINT('Ctrl Pts',(-83.8235692743974,17.3617490502385,47.849811099491));
#8356=CARTESIAN_POINT('Ctrl Pts',(-83.8341257566112,17.3771009725629,48.2530360372777));
#8357=CARTESIAN_POINT('Ctrl Pts',(-83.8450102892879,17.3816627185679,48.6562621679245));
#8358=CARTESIAN_POINT('Ctrl Pts',(-83.8565584793684,17.3759473983821,49.059489358952));
#8359=CARTESIAN_POINT('Ctrl Pts',(-83.8764425724593,17.3398010136737,49.8659449223119));
#8360=CARTESIAN_POINT('Ctrl Pts',(-83.8842387340456,17.2598800109668,50.6724026308734));
#8361=CARTESIAN_POINT('Ctrl Pts',(-83.8836049332569,17.2101591520636,51.0756319244116));
#8362=CARTESIAN_POINT('Ctrl Pts',(-83.8672687635222,17.0403394632103,52.2853212043904));
#8363=CARTESIAN_POINT('Ctrl Pts',(-83.8122296462243,16.8285831243772,53.495014853416));
#8364=CARTESIAN_POINT('Ctrl Pts',(-83.7627722692385,16.6874894218205,54.3014794477141));
#8365=CARTESIAN_POINT('Ctrl Pts',(-83.6556777218936,16.4224807825284,55.9144128728018));
#8366=CARTESIAN_POINT('Ctrl Pts',(-83.5478675421453,16.2056953123915,57.5273544296943));
#8367=CARTESIAN_POINT('Ctrl Pts',(-83.4981908455629,16.1129472605027,58.3338271612049));
#8368=CARTESIAN_POINT('Ctrl Pts',(-83.4116868723871,15.9587075525438,59.9467763105225));
#8369=CARTESIAN_POINT('Ctrl Pts',(-83.3560747093584,15.8668862350018,61.5597324940217));
#8370=CARTESIAN_POINT('Ctrl Pts',(-83.3372661371413,15.8364522588058,62.3662122540467));
#8371=CARTESIAN_POINT('Ctrl Pts',(-83.3184765537167,15.8057542431331,63.9791749245329));
#8372=CARTESIAN_POINT('Ctrl Pts',(-83.3374084581639,15.8354800874073,65.5921434220341));
#8373=CARTESIAN_POINT('Ctrl Pts',(-83.3562901473137,15.8654207269049,66.3986290089632));
#8374=CARTESIAN_POINT('Ctrl Pts',(-83.4120569590493,15.9562247917691,68.0116025691317));
#8375=CARTESIAN_POINT('Ctrl Pts',(-83.4987380448429,16.1093653407257,69.6245801349003));
#8376=CARTESIAN_POINT('Ctrl Pts',(-83.5485096534665,16.2015400083824,70.4310697286945));
#8377=CARTESIAN_POINT('Ctrl Pts',(-83.6565274300573,16.4171153574214,72.0440500510678));
#8378=CARTESIAN_POINT('Ctrl Pts',(-83.7638089883305,16.6809414293285,73.6570313098643));
#8379=CARTESIAN_POINT('Ctrl Pts',(-83.8133416450415,16.8214866537461,74.4635218460334));
#8380=CARTESIAN_POINT('Ctrl Pts',(-83.8684035964436,17.0326580537405,75.6732567695004));
#8381=CARTESIAN_POINT('Ctrl Pts',(-83.8844064314702,17.2028944794213,76.8829890505015));
#8382=CARTESIAN_POINT('Ctrl Pts',(-83.8848784182859,17.2528985570172,77.2862327772154));
#8383=CARTESIAN_POINT('Ctrl Pts',(-83.8766227846654,17.3337690140534,78.0927193219526));
#8384=CARTESIAN_POINT('Ctrl Pts',(-83.8559739647037,17.3717070443098,78.8992036244366));
#8385=CARTESIAN_POINT('Ctrl Pts',(-83.8439504257302,17.378562155101,79.3024451088728));
#8386=CARTESIAN_POINT('Ctrl Pts',(-83.8325510176099,17.3752811845662,79.7056858154667));
#8387=CARTESIAN_POINT('Ctrl Pts',(-83.8214627320376,17.3613131896388,80.1089256842559));
#8388=CARTESIAN_POINT('Ctrl Pts',(-83.3297557713027,17.1898203723383,47.8497743689803));
#8389=CARTESIAN_POINT('Ctrl Pts',(-83.3383886486665,17.2035502491326,48.2529992739431));
#8390=CARTESIAN_POINT('Ctrl Pts',(-83.3482333234762,17.2081450742355,48.6562253182372));
#8391=CARTESIAN_POINT('Ctrl Pts',(-83.3596377886726,17.2040781100473,49.0594522895662));
#8392=CARTESIAN_POINT('Ctrl Pts',(-83.3789819585334,17.1755174602414,49.8659070048545));
#8393=CARTESIAN_POINT('Ctrl Pts',(-83.3876893093972,17.1098544287526,50.6723634887607));
#8394=CARTESIAN_POINT('Ctrl Pts',(-83.3881664949652,17.0685011299131,51.0755921244671));
#8395=CARTESIAN_POINT('Ctrl Pts',(-83.3772088018518,16.9253139443122,52.2852792939309));
#8396=CARTESIAN_POINT('Ctrl Pts',(-83.3320093004741,16.7417014942243,53.4949706323613));
#8397=CARTESIAN_POINT('Ctrl Pts',(-83.2896120103968,16.6171473621464,54.3014337623224));
#8398=CARTESIAN_POINT('Ctrl Pts',(-83.1957605279302,16.3816343252043,55.9143642803751));
#8399=CARTESIAN_POINT('Ctrl Pts',(-83.0989043390817,16.1869654737838,57.5273030221439));
#8400=CARTESIAN_POINT('Ctrl Pts',(-83.0539120797074,16.1035029997973,58.3337743621247));
#8401=CARTESIAN_POINT('Ctrl Pts',(-82.9752531126664,15.964561109718,59.9467207395468));
#8402=CARTESIAN_POINT('Ctrl Pts',(-82.9243614870853,15.8817256666809,61.5596741995753));
#8403=CARTESIAN_POINT('Ctrl Pts',(-82.9071251242749,15.8542734308568,62.3661526097627));
#8404=CARTESIAN_POINT('Ctrl Pts',(-82.8899009312725,15.826579872216,63.9791126157328));
#8405=CARTESIAN_POINT('Ctrl Pts',(-82.9072385247451,15.8533904042485,65.5920785439279));
#8406=CARTESIAN_POINT('Ctrl Pts',(-82.9245335693147,15.8803927040634,66.3985628763744));
#8407=CARTESIAN_POINT('Ctrl Pts',(-82.9755509161571,15.9622933067983,68.0115340108467));
#8408=CARTESIAN_POINT('Ctrl Pts',(-83.0543615040712,16.1001980085065,69.6245093763403));
#8409=CARTESIAN_POINT('Ctrl Pts',(-83.0994376144899,16.1831102295089,70.4309979460594));
#8410=CARTESIAN_POINT('Ctrl Pts',(-83.1964871977008,16.3765877502108,72.0439764070975));
#8411=CARTESIAN_POINT('Ctrl Pts',(-83.290545098649,16.6108445091538,73.6569563036499));
#8412=CARTESIAN_POINT('Ctrl Pts',(-83.3330409907627,16.7347785942368,74.4634463324138));
#8413=CARTESIAN_POINT('Ctrl Pts',(-83.3783226112957,16.9176448075717,75.6731807304955));
#8414=CARTESIAN_POINT('Ctrl Pts',(-83.3890131034203,17.0610698381039,76.8829129663718));
#8415=CARTESIAN_POINT('Ctrl Pts',(-83.3883946960798,17.1026493737327,77.2861567382475));
#8416=CARTESIAN_POINT('Ctrl Pts',(-83.3792726093888,17.1691389836235,78.0926435142736));
#8417=CARTESIAN_POINT('Ctrl Pts',(-83.3591900787891,17.1994284044865,78.8991283083858));
#8418=CARTESIAN_POINT('Ctrl Pts',(-83.3473065310044,17.2046605873661,79.3023700947552));
#8419=CARTESIAN_POINT('Ctrl Pts',(-83.3369156430348,17.201413194003,79.705611150811));
#8420=CARTESIAN_POINT('Ctrl Pts',(-83.3277049427558,17.189149704706,80.1088514118795));
#8421=CARTESIAN_POINT('Ctrl Pts',(-82.3623538578794,16.8157814383169,47.8497064197239));
#8422=CARTESIAN_POINT('Ctrl Pts',(-82.3678764946822,16.8261001651427,48.2529315571851));
#8423=CARTESIAN_POINT('Ctrl Pts',(-82.3740011612952,16.8299538805821,48.6561571419101));
#8424=CARTESIAN_POINT('Ctrl Pts',(-82.380889332916,16.8278129695686,49.0593828101834));
#8425=CARTESIAN_POINT('Ctrl Pts',(-82.3937205397046,16.8105913938261,49.8658354877825));
#8426=CARTESIAN_POINT('Ctrl Pts',(-82.4005569349713,16.7680506626713,50.6722895071676));
#8427=CARTESIAN_POINT('Ctrl Pts',(-82.4014868202731,16.740608428257,51.0755166808667));
#8428=CARTESIAN_POINT('Ctrl Pts',(-82.3956652211144,16.6432193430011,52.285199055267));
#8429=CARTESIAN_POINT('Ctrl Pts',(-82.3648293653076,16.5120594283805,53.4948851662996));
#8430=CARTESIAN_POINT('Ctrl Pts',(-82.334006570723,16.4202284737453,54.3013452878115));
#8431=CARTESIAN_POINT('Ctrl Pts',(-82.2632470600459,16.2441800451232,55.9142697508374));
#8432=CARTESIAN_POINT('Ctrl Pts',(-82.1871978186778,16.0956718084787,57.5272026231275));
#8433=CARTESIAN_POINT('Ctrl Pts',(-82.1513561098161,16.031693520121,58.3336710809115));
#8434=CARTESIAN_POINT('Ctrl Pts',(-82.0882630556437,15.9249501320554,59.9466117063227));
#8435=CARTESIAN_POINT('Ctrl Pts',(-82.0469881296958,15.8610968987946,61.559559520522));
#8436=CARTESIAN_POINT('Ctrl Pts',(-82.0329725738923,15.8399370656416,62.3660351448193));
#8437=CARTESIAN_POINT('Ctrl Pts',(-82.0189558863909,15.8185854762208,63.9789896461908));
#8438=CARTESIAN_POINT('Ctrl Pts',(-82.0330243771429,15.8392421867492,65.5919502717485));
#8439=CARTESIAN_POINT('Ctrl Pts',(-82.0470675946751,15.8600448550666,66.3984320191996));
#8440=CARTESIAN_POINT('Ctrl Pts',(-82.0884049153277,15.9231444302345,68.0113981357294));
#8441=CARTESIAN_POINT('Ctrl Pts',(-82.1515889914246,16.0290051650487,69.6243689292895));
#8442=CARTESIAN_POINT('Ctrl Pts',(-82.1874862482828,16.0924993355014,70.430855367716));
#8443=CARTESIAN_POINT('Ctrl Pts',(-82.2636830478711,16.2399089031346,72.0438298930942));
#8444=CARTESIAN_POINT('Ctrl Pts',(-82.3346688974887,16.4146124721361,73.656806870655));
#8445=CARTESIAN_POINT('Ctrl Pts',(-82.3656235891601,16.5057178742413,74.4632957976728));
#8446=CARTESIAN_POINT('Ctrl Pts',(-82.3966867003809,16.6357421964458,75.6730289619962));
#8447=CARTESIAN_POINT('Ctrl Pts',(-82.4023897526687,16.7329566327418,76.8827609164026));
#8448=CARTESIAN_POINT('Ctrl Pts',(-82.4013601344684,16.7605049107161,77.286004717865));
#8449=CARTESIAN_POINT('Ctrl Pts',(-82.3941639799368,16.803690640896,78.0924918555847));
#8450=CARTESIAN_POINT('Ctrl Pts',(-82.3806699122528,16.8223934538735,78.8989776304313));
#8451=CARTESIAN_POINT('Ctrl Pts',(-82.3734075741336,16.8254088652772,79.3022200862921));
#8452=CARTESIAN_POINT('Ctrl Pts',(-82.3667230277099,16.8229080031313,79.705461872062));
#8453=CARTESIAN_POINT('Ctrl Pts',(-82.3605013553545,16.8143152395261,80.1087029043297));
#8454=CARTESIAN_POINT('Ctrl Pts',(-81.4101099013602,16.3984550495087,47.8496426782315));
#8455=CARTESIAN_POINT('Ctrl Pts',(-81.4127969792159,16.404979533141,48.2528681574209));
#8456=CARTESIAN_POINT('Ctrl Pts',(-81.4157803056983,16.4073102769872,48.6560945635248));
#8457=CARTESIAN_POINT('Ctrl Pts',(-81.4189974471593,16.4059321944551,49.059321338084));
#8458=CARTESIAN_POINT('Ctrl Pts',(-81.4247251529934,16.3941323564957,49.8657739597079));
#8459=CARTESIAN_POINT('Ctrl Pts',(-81.4263812419225,16.3653125764138,50.6722246947331));
#8460=CARTESIAN_POINT('Ctrl Pts',(-81.4255855373503,16.346858098457,51.0754496059862));
#8461=CARTESIAN_POINT('Ctrl Pts',(-81.4176817180817,16.2817229104321,52.2851251769354));
#8462=CARTESIAN_POINT('Ctrl Pts',(-81.3935016984622,16.194106403061,53.4948055165434));
#8463=CARTESIAN_POINT('Ctrl Pts',(-81.370364218451,16.1320739945576,54.301263038951));
#8464=CARTESIAN_POINT('Ctrl Pts',(-81.3170387072444,16.0119697005916,55.9141808842266));
#8465=CARTESIAN_POINT('Ctrl Pts',(-81.2594439133933,15.9092927030362,57.5271075764485));
#8466=CARTESIAN_POINT('Ctrl Pts',(-81.2321385440551,15.8648549248814,58.3335730550042));
#8467=CARTESIAN_POINT('Ctrl Pts',(-81.1839653952012,15.7905693432765,59.9465075442348));
#8468=CARTESIAN_POINT('Ctrl Pts',(-81.1523186181089,15.7459812572317,61.559449465526));
#8469=CARTESIAN_POINT('Ctrl Pts',(-81.1415588102405,15.7312001631677,62.3659221463933));
#8470=CARTESIAN_POINT('Ctrl Pts',(-81.1307854249228,15.7162804609466,63.9788708903534));
#8471=CARTESIAN_POINT('Ctrl Pts',(-81.1415460524961,15.730697888261,65.591825981265));
#8472=CARTESIAN_POINT('Ctrl Pts',(-81.1523005252472,15.745218829271,66.3983050083652));
#8473=CARTESIAN_POINT('Ctrl Pts',(-81.1839404263839,15.7892511116025,68.0112659051429));
#8474=CARTESIAN_POINT('Ctrl Pts',(-81.2321289455344,15.8628558570838,69.6242318106512));
#8475=CARTESIAN_POINT('Ctrl Pts',(-81.2594511478874,15.9069088448286,70.4307160258589));
#8476=CARTESIAN_POINT('Ctrl Pts',(-81.3171119001114,16.0086878877775,72.0436862885557));
#8477=CARTESIAN_POINT('Ctrl Pts',(-81.3706217097158,16.1275312752227,73.6566597323928));
#8478=CARTESIAN_POINT('Ctrl Pts',(-81.3938687690869,16.1888780457106,74.4631476306502));
#8479=CARTESIAN_POINT('Ctrl Pts',(-81.4184002446317,16.2750163858283,75.6728791905261));
#8480=CARTESIAN_POINT('Ctrl Pts',(-81.4264279700134,16.3393118430099,76.8826101970962));
#8481=CARTESIAN_POINT('Ctrl Pts',(-81.4272119447477,16.3576291536021,77.2858538106415));
#8482=CARTESIAN_POINT('Ctrl Pts',(-81.4252625269441,16.3868656248166,78.092340993368));
#8483=CARTESIAN_POINT('Ctrl Pts',(-81.4186054456319,16.4007026586413,78.8988275620648));
#8484=CARTESIAN_POINT('Ctrl Pts',(-81.4147468915275,16.403544614124,79.3020705770233));
#8485=CARTESIAN_POINT('Ctrl Pts',(-81.4110041205244,16.4030029589333,79.7053130555855));
#8486=CARTESIAN_POINT('Ctrl Pts',(-81.4075023474818,16.3984490706548,80.1085548767019));
#8487=CARTESIAN_POINT('Ctrl Pts',(-80.9343361717524,16.1826951832963,47.8496111281035));
#8488=CARTESIAN_POINT('Ctrl Pts',(-80.9355323284179,16.1871342385299,48.252836612558));
#8489=CARTESIAN_POINT('Ctrl Pts',(-80.9375749884908,16.1889403821219,48.6560642791386));
#8490=CARTESIAN_POINT('Ctrl Pts',(-80.9403165625572,16.188537265408,49.0592933239611));
#8491=CARTESIAN_POINT('Ctrl Pts',(-80.94367684623,16.1786000078414,49.8657466398719));
#8492=CARTESIAN_POINT('Ctrl Pts',(-80.9426847344678,16.1545356108944,50.6721949524178));
#8493=CARTESIAN_POINT('Ctrl Pts',(-80.9408384651269,16.139506255725,51.0754183659186));
#8494=CARTESIAN_POINT('Ctrl Pts',(-80.9311531056952,16.0874157774624,52.285089756914));
#8495=CARTESIAN_POINT('Ctrl Pts',(-80.909182039252,16.0190010654024,53.4947671050224));
#8496=CARTESIAN_POINT('Ctrl Pts',(-80.8891891117782,15.9705543619995,54.3012235209734));
#8497=CARTESIAN_POINT('Ctrl Pts',(-80.8434423879032,15.8763986533041,55.9141380080565));
#8498=CARTESIAN_POINT('Ctrl Pts',(-80.7944362286132,15.7955005856037,57.5270615236587));
#8499=CARTESIAN_POINT('Ctrl Pts',(-80.7711971842427,15.7604075081032,58.3335255096291));
#8500=CARTESIAN_POINT('Ctrl Pts',(-80.7302179225286,15.7016774968571,59.9464568624013));
#8501=CARTESIAN_POINT('Ctrl Pts',(-80.7032992843931,15.666364939979,61.5593957809586));
#8502=CARTESIAN_POINT('Ctrl Pts',(-80.6941469358439,15.6546495729017,62.3658669737508));
#8503=CARTESIAN_POINT('Ctrl Pts',(-80.6849727627443,15.6428295473934,63.9788127948348));
#8504=CARTESIAN_POINT('Ctrl Pts',(-80.6941022801522,15.65424097274,65.5917650797745));
#8505=CARTESIAN_POINT('Ctrl Pts',(-80.7032328824379,15.6657438441627,66.3982427329276));
#8506=CARTESIAN_POINT('Ctrl Pts',(-80.7301097261089,15.7005998139266,68.0112009766329));
#8507=CARTESIAN_POINT('Ctrl Pts',(-80.7710637988102,15.7587582829995,69.6241643808418));
#8508=CARTESIAN_POINT('Ctrl Pts',(-80.7942978541999,15.7935237158565,70.4306474751889));
#8509=CARTESIAN_POINT('Ctrl Pts',(-80.8433202354869,15.873650063475,72.0436155118866));
#8510=CARTESIAN_POINT('Ctrl Pts',(-80.8892088972511,15.9666429837132,73.6565870663235));
#8511=CARTESIAN_POINT('Ctrl Pts',(-80.9092772911205,16.0144824263023,74.4630744611507));
#8512=CARTESIAN_POINT('Ctrl Pts',(-80.9316446769288,16.0812870601928,75.6728051005602));
#8513=CARTESIAN_POINT('Ctrl Pts',(-80.9416402009872,16.1320451022149,76.8825354652519));
#8514=CARTESIAN_POINT('Ctrl Pts',(-80.9435537526204,16.1467297995888,77.2857789301479));
#8515=CARTESIAN_POINT('Ctrl Pts',(-80.9443749956596,16.1708882086873,78.0922660678915));
#8516=CARTESIAN_POINT('Ctrl Pts',(-80.9398411679793,16.1834477927571,78.8987529581006));
#8517=CARTESIAN_POINT('Ctrl Pts',(-80.9360638457622,16.1862769809427,79.301996138467));
#8518=CARTESIAN_POINT('Ctrl Pts',(-80.9330324780951,16.1867927899262,79.7052389125436));
#8519=CARTESIAN_POINT('Ctrl Pts',(-80.9309915542761,16.1843672522607,80.1084811438712));
#8520=CARTESIAN_POINT('Ctrl Pts',(-79.9952316146422,15.7598379182769,47.8495764280437));
#8521=CARTESIAN_POINT('Ctrl Pts',(-79.9943536160339,15.7612356374489,48.2528038807435));
#8522=CARTESIAN_POINT('Ctrl Pts',(-79.9934374459314,15.7589653999615,48.6560307162312));
#8523=CARTESIAN_POINT('Ctrl Pts',(-79.9918909562025,15.7530229620248,49.0592552417128));
#8524=CARTESIAN_POINT('Ctrl Pts',(-79.9876350596602,15.7386098879547,49.8657001409232));
#8525=CARTESIAN_POINT('Ctrl Pts',(-79.9810481481714,15.7207053163137,50.6721397763755));
#8526=CARTESIAN_POINT('Ctrl Pts',(-79.9771540054884,15.7113726212297,51.0753589046712));
#8527=CARTESIAN_POINT('Ctrl Pts',(-79.9640198150656,15.6815408373207,52.2850194838026));
#8528=CARTESIAN_POINT('Ctrl Pts',(-79.9464123973457,15.647190705523,53.4946933754927));
#8529=CARTESIAN_POINT('Ctrl Pts',(-79.9321439508311,15.6226548419178,54.3011485705017));
#8530=CARTESIAN_POINT('Ctrl Pts',(-79.9004491280005,15.5747546585624,55.9140550111637));
#8531=CARTESIAN_POINT('Ctrl Pts',(-79.8677177917158,15.5331394040101,57.5269725603338));
#8532=CARTESIAN_POINT('Ctrl Pts',(-79.8522614241258,15.5149401158742,58.3334336808834));
#8533=CARTESIAN_POINT('Ctrl Pts',(-79.8251322828308,15.4844162203468,59.9463584206972));
#8534=CARTESIAN_POINT('Ctrl Pts',(-79.8074068564981,15.4659257587567,61.5592916238498));
#8535=CARTESIAN_POINT('Ctrl Pts',(-79.8013788434723,15.4597948752474,62.3657596311948));
#8536=CARTESIAN_POINT('Ctrl Pts',(-79.795326490521,15.4535795859784,63.9786996279651));
#8537=CARTESIAN_POINT('Ctrl Pts',(-79.8012740956231,15.4595573524722,65.5916463272338));
#8538=CARTESIAN_POINT('Ctrl Pts',(-79.8072492558897,15.4655637257103,66.3981210623439));
#8539=CARTESIAN_POINT('Ctrl Pts',(-79.8248665125195,15.4837833734385,68.01107424514));
#8540=CARTESIAN_POINT('Ctrl Pts',(-79.8518889086309,15.5139559360658,69.6240323904752));
#8541=CARTESIAN_POINT('Ctrl Pts',(-79.867298113995,15.5319402744856,70.4305133470543));
#8542=CARTESIAN_POINT('Ctrl Pts',(-79.8999320958741,15.5730770461636,72.0434771702009));
#8543=CARTESIAN_POINT('Ctrl Pts',(-79.9316364729505,15.6201373144247,73.6564437096361));
#8544=CARTESIAN_POINT('Ctrl Pts',(-79.9459136259656,15.644225729252,74.4629309783775));
#8545=CARTESIAN_POINT('Ctrl Pts',(-79.9637169822438,15.6774202975798,75.6726597608596));
#8546=CARTESIAN_POINT('Ctrl Pts',(-79.97761538718,15.7047220940236,76.8823877380228));
#8547=CARTESIAN_POINT('Ctrl Pts',(-79.9818202567017,15.7130807408965,77.285630543088));
#8548=CARTESIAN_POINT('Ctrl Pts',(-79.9889240136939,15.7293153623283,78.092117348075));
#8549=CARTESIAN_POINT('Ctrl Pts',(-79.9930314892717,15.7437783854199,78.8986056307739));
#8550=CARTESIAN_POINT('Ctrl Pts',(-79.9942342210439,15.7504524124499,79.3018499841739));
#8551=CARTESIAN_POINT('Ctrl Pts',(-79.994287359905,15.7547337421367,79.7050937192513));
#8552=CARTESIAN_POINT('Ctrl Pts',(-79.9939915290143,15.7561218197232,80.1083366810499));
#8553=CARTESIAN_POINT('Ctrl Pts',(-79.053258108225,15.3180858269485,47.8495359413191));
#8554=CARTESIAN_POINT('Ctrl Pts',(-79.0504052083231,15.3170716129229,48.2527642426335));
#8555=CARTESIAN_POINT('Ctrl Pts',(-79.0478379485217,15.3129440652969,48.6559906632314));
#8556=CARTESIAN_POINT('Ctrl Pts',(-79.0449227275388,15.3050395662626,49.0592125673555));
#8557=CARTESIAN_POINT('Ctrl Pts',(-79.0389276983298,15.2925081921639,49.8656544120544));
#8558=CARTESIAN_POINT('Ctrl Pts',(-79.03091648867,15.2823865204272,50.6720869626003));
#8559=CARTESIAN_POINT('Ctrl Pts',(-79.026433386302,15.2778028454911,51.0753016596713));
#8560=CARTESIAN_POINT('Ctrl Pts',(-79.0143115963621,15.2650088898184,52.2849545864977));
#8561=CARTESIAN_POINT('Ctrl Pts',(-79.003635720462,15.2534760333221,53.4946276512218));
#8562=CARTESIAN_POINT('Ctrl Pts',(-78.9944757801411,15.2446815385898,54.3010821783404));
#8563=CARTESIAN_POINT('Ctrl Pts',(-78.9761695459271,15.2279441410404,55.9139772641064));
#8564=CARTESIAN_POINT('Ctrl Pts',(-78.9582637107231,15.2131439374094,57.5268911027739));
#8565=CARTESIAN_POINT('Ctrl Pts',(-78.949838270151,15.2066049000609,58.3333484354717));
#8566=CARTESIAN_POINT('Ctrl Pts',(-78.9353202144103,15.1955011758999,59.9462666021014));
#8567=CARTESIAN_POINT('Ctrl Pts',(-78.9259034289948,15.1887420782887,61.559194799151));
#8568=CARTESIAN_POINT('Ctrl Pts',(-78.9227307931527,15.1864313744011,62.3656590892727));
#8569=CARTESIAN_POINT('Ctrl Pts',(-78.9194900037388,15.1841758666495,63.97859342059));
#8570=CARTESIAN_POINT('Ctrl Pts',(-78.9225787077971,15.1863102677532,65.5915346526815));
#8571=CARTESIAN_POINT('Ctrl Pts',(-78.9256735556672,15.1885584949733,66.398006081103));
#8572=CARTESIAN_POINT('Ctrl Pts',(-78.9349312424965,15.1951777868034,68.0109548185836));
#8573=CARTESIAN_POINT('Ctrl Pts',(-78.949275732852,15.2061086708001,69.6239078122562));
#8574=CARTESIAN_POINT('Ctrl Pts',(-78.9576206295012,15.2125243148668,70.4303859609128));
#8575=CARTESIAN_POINT('Ctrl Pts',(-78.9753330566728,15.227107070459,72.0433473995194));
#8576=CARTESIAN_POINT('Ctrl Pts',(-78.9934649070891,15.2434747168593,73.6563060897821));
#8577=CARTESIAN_POINT('Ctrl Pts',(-79.0026992548659,15.2516786967216,74.4627948291696));
#8578=CARTESIAN_POINT('Ctrl Pts',(-79.0129753515719,15.2635112007139,75.6725210180442));
#8579=CARTESIAN_POINT('Ctrl Pts',(-79.0257136542342,15.2740695991831,76.8822454425911));
#8580=CARTESIAN_POINT('Ctrl Pts',(-79.0306345053886,15.2773391432959,77.2854872701903));
#8581=CARTESIAN_POINT('Ctrl Pts',(-79.0393773826698,15.2851886311724,78.0919728114675));
#8582=CARTESIAN_POINT('Ctrl Pts',(-79.0453323170987,15.2973315474409,78.8984616273279));
#8583=CARTESIAN_POINT('Ctrl Pts',(-79.0481297505357,15.3052714876964,79.3017067694971));
#8584=CARTESIAN_POINT('Ctrl Pts',(-79.0497455194944,15.3115439523249,79.7049510725143));
#8585=CARTESIAN_POINT('Ctrl Pts',(-79.0511827987777,15.3158924861033,80.1081945084843));
#8586=CARTESIAN_POINT('Ctrl Pts',(-78.5715218387455,15.0756347836117,47.8494888575516));
#8587=CARTESIAN_POINT('Ctrl Pts',(-78.5671050231376,15.0728350360249,48.2527157056609));
#8588=CARTESIAN_POINT('Ctrl Pts',(-78.5653420709752,15.072517534625,48.6559470976953));
#8589=CARTESIAN_POINT('Ctrl Pts',(-78.5664918965861,15.0724443466511,49.0591772384628));
#8590=CARTESIAN_POINT('Ctrl Pts',(-78.5652015878641,15.0705620309489,49.8656301064056));
#8591=CARTESIAN_POINT('Ctrl Pts',(-78.5583400626868,15.067002983371,50.6720593585442));
#8592=CARTESIAN_POINT('Ctrl Pts',(-78.554141302388,15.064700691707,51.0752715212753));
#8593=CARTESIAN_POINT('Ctrl Pts',(-78.5448817045056,15.0599490162923,52.2849252233917));
#8594=CARTESIAN_POINT('Ctrl Pts',(-78.5395630484082,15.0563380912809,53.4945963154381));
#8595=CARTESIAN_POINT('Ctrl Pts',(-78.5325761032682,15.0528562953864,54.3010521570637));
#8596=CARTESIAN_POINT('Ctrl Pts',(-78.5212538556559,15.0471072397702,55.9139380662012));
#8597=CARTESIAN_POINT('Ctrl Pts',(-78.5105784618411,15.0413859654973,57.5268532228942));
#8598=CARTESIAN_POINT('Ctrl Pts',(-78.5053888763945,15.0391891322954,58.3333070319325));
#8599=CARTESIAN_POINT('Ctrl Pts',(-78.4969761466734,15.0344400722078,59.9462225290664));
#8600=CARTESIAN_POINT('Ctrl Pts',(-78.4912919491401,15.0322052819388,61.5591487219719));
#8601=CARTESIAN_POINT('Ctrl Pts',(-78.489573165157,15.030815289945,62.3656106834901));
#8602=CARTESIAN_POINT('Ctrl Pts',(-78.4875008438153,15.0304483075661,63.9785422901085));
#8603=CARTESIAN_POINT('Ctrl Pts',(-78.4894015042571,15.0307341380242,65.5914808180673));
#8604=CARTESIAN_POINT('Ctrl Pts',(-78.4910320345912,15.0320836907293,66.3979502603398));
#8605=CARTESIAN_POINT('Ctrl Pts',(-78.4965381966687,15.0342208818318,68.0108971800303));
#8606=CARTESIAN_POINT('Ctrl Pts',(-78.5047524022705,15.03886317579,69.6238481140655));
#8607=CARTESIAN_POINT('Ctrl Pts',(-78.5098453363377,15.0409794257081,70.4303236077765));
#8608=CARTESIAN_POINT('Ctrl Pts',(-78.5203046494719,15.0465563240873,72.0432864065179));
#8609=CARTESIAN_POINT('Ctrl Pts',(-78.5313408702368,15.0522226584234,73.6562383678403));
#8610=CARTESIAN_POINT('Ctrl Pts',(-78.5385779193854,15.0547061201331,74.4627299676851));
#8611=CARTESIAN_POINT('Ctrl Pts',(-78.5431066908689,15.0595784646307,75.6724534185463));
#8612=CARTESIAN_POINT('Ctrl Pts',(-78.5524136268464,15.0634720134285,76.8821759486477));
#8613=CARTESIAN_POINT('Ctrl Pts',(-78.5570826823754,15.064366951032,77.285417446835));
#8614=CARTESIAN_POINT('Ctrl Pts',(-78.5645082264979,15.0660665404797,78.0919017456966));
#8615=CARTESIAN_POINT('Ctrl Pts',(-78.5641153346114,15.0715314775265,78.8983900169329));
#8616=CARTESIAN_POINT('Ctrl Pts',(-78.5613097218227,15.0752985612352,79.3016347487096));
#8617=CARTESIAN_POINT('Ctrl Pts',(-78.5611920878793,15.0799091640015,79.7048787627484));
#8618=CARTESIAN_POINT('Ctrl Pts',(-78.5643056433692,15.0857014328822,80.1081223638637));
#8619=CARTESIAN_POINT('Ctrl Pts',(-78.0944424859746,14.8667512415873,47.8494941950069));
#8620=CARTESIAN_POINT('Ctrl Pts',(-78.0878180545443,14.8635643982912,48.2527187015853));
#8621=CARTESIAN_POINT('Ctrl Pts',(-78.086487718932,14.8641893508132,48.6559419349253));
#8622=CARTESIAN_POINT('Ctrl Pts',(-78.0912395051233,14.8657872998579,49.059154583898));
#8623=CARTESIAN_POINT('Ctrl Pts',(-78.0949696133203,14.8679581878778,49.8655977050773));
#8624=CARTESIAN_POINT('Ctrl Pts',(-78.0915819244121,14.8672155256624,50.6720326740039));
#8625=CARTESIAN_POINT('Ctrl Pts',(-78.0887781428249,14.8660131716469,51.0752477805518));
#8626=CARTESIAN_POINT('Ctrl Pts',(-78.0844202885008,14.8649347757536,52.2849053461455));
#8627=CARTESIAN_POINT('Ctrl Pts',(-78.0844231212584,14.8650539008189,53.4945679090713));
#8628=CARTESIAN_POINT('Ctrl Pts',(-78.0804335256554,14.8639081815275,54.301018124205));
#8629=CARTESIAN_POINT('Ctrl Pts',(-78.076386026446,14.8628465918827,55.9139087603637));
#8630=CARTESIAN_POINT('Ctrl Pts',(-78.0723916030428,14.8616324396936,57.5268154803985));
#8631=CARTESIAN_POINT('Ctrl Pts',(-78.0703978239763,14.8611009008538,58.3332690025783));
#8632=CARTESIAN_POINT('Ctrl Pts',(-78.0672804122782,14.8599941119988,59.9461814775807));
#8633=CARTESIAN_POINT('Ctrl Pts',(-78.065129183379,14.8594462281507,61.559103026753));
#8634=CARTESIAN_POINT('Ctrl Pts',(-78.0644810264039,14.8590920592215,62.3655647626627));
#8635=CARTESIAN_POINT('Ctrl Pts',(-78.0636691978283,14.8590020029318,63.9784932983832));
#8636=CARTESIAN_POINT('Ctrl Pts',(-78.0642961145792,14.8590247383537,65.5914290243751));
#8637=CARTESIAN_POINT('Ctrl Pts',(-78.0648497303464,14.8593454672842,66.3978981141868));
#8638=CARTESIAN_POINT('Ctrl Pts',(-78.0668085628019,14.8598197157987,68.0108411974913));
#8639=CARTESIAN_POINT('Ctrl Pts',(-78.0697137770962,14.8608513887692,69.6237898339414));
#8640=CARTESIAN_POINT('Ctrl Pts',(-78.0716018249771,14.8613270934268,70.4302652514763));
#8641=CARTESIAN_POINT('Ctrl Pts',(-78.0753534935648,14.8624754774271,72.0432217603749));
#8642=CARTESIAN_POINT('Ctrl Pts',(-78.0791204677165,14.8634648675683,73.6561784144569));
#8643=CARTESIAN_POINT('Ctrl Pts',(-78.0830245937245,14.8644524265729,74.4626630297976));
#8644=CARTESIAN_POINT('Ctrl Pts',(-78.0826874625507,14.8645002792827,75.6723858017686));
#8645=CARTESIAN_POINT('Ctrl Pts',(-78.086768038199,14.8655408747886,76.8821103254913));
#8646=CARTESIAN_POINT('Ctrl Pts',(-78.0897132568926,14.8661461350648,77.2853520724051));
#8647=CARTESIAN_POINT('Ctrl Pts',(-78.0929654144067,14.8667766257236,78.0918362858825));
#8648=CARTESIAN_POINT('Ctrl Pts',(-78.088291952426,14.8664258006534,78.898323500842));
#8649=CARTESIAN_POINT('Ctrl Pts',(-78.0833066603847,14.8650484897102,79.3015671842839));
#8650=CARTESIAN_POINT('Ctrl Pts',(-78.0833505204498,14.8672206863083,79.7048105460985));
#8651=CARTESIAN_POINT('Ctrl Pts',(-78.0887989069838,14.8730380260327,80.1080539306919));
#8652=CARTESIAN_POINT('Ctrl Pts',(-77.6363399749775,14.679947761759,47.8495044990285));
#8653=CARTESIAN_POINT('Ctrl Pts',(-77.6277047957563,14.6761891944427,48.2527257411782));
#8654=CARTESIAN_POINT('Ctrl Pts',(-77.6255904846324,14.6761653092335,48.6559414260597));
#8655=CARTESIAN_POINT('Ctrl Pts',(-77.6307621831169,14.6774135430746,49.0591432319316));
#8656=CARTESIAN_POINT('Ctrl Pts',(-77.636465741788,14.6797960345149,49.8655737490534));
#8657=CARTESIAN_POINT('Ctrl Pts',(-77.6363539208258,14.6798185796213,50.6720103158142));
#8658=CARTESIAN_POINT('Ctrl Pts',(-77.6351283406852,14.6790737651579,51.0752276758435));
#8659=CARTESIAN_POINT('Ctrl Pts',(-77.6351921377263,14.6790998509078,52.2848861717154));
#8660=CARTESIAN_POINT('Ctrl Pts',(-77.6392954986019,14.6805069161916,53.4945430256107));
#8661=CARTESIAN_POINT('Ctrl Pts',(-77.6385512791076,14.6802852418256,54.3009871771076));
#8662=CARTESIAN_POINT('Ctrl Pts',(-77.6407586016501,14.6810140799195,55.9138803145857));
#8663=CARTESIAN_POINT('Ctrl Pts',(-77.6425443536043,14.6817364685687,57.5267800403708));
#8664=CARTESIAN_POINT('Ctrl Pts',(-77.64326527224,14.6819268341136,58.3332328185644));
#8665=CARTESIAN_POINT('Ctrl Pts',(-77.6446729951593,14.6825158995291,59.9461423874063));
#8666=CARTESIAN_POINT('Ctrl Pts',(-77.645501240793,14.6827498239362,61.5590597898044));
#8667=CARTESIAN_POINT('Ctrl Pts',(-77.6457798614871,14.6829198691941,62.3655210022066));
#8668=CARTESIAN_POINT('Ctrl Pts',(-77.6460136241764,14.682928762064,63.9784466134265));
#8669=CARTESIAN_POINT('Ctrl Pts',(-77.6455923210291,14.682839441935,65.5913796493399));
#8670=CARTESIAN_POINT('Ctrl Pts',(-77.6452185406232,14.6826287566546,66.3978481819625));
#8671=CARTESIAN_POINT('Ctrl Pts',(-77.6441961648308,14.6823120065514,68.0107878553152));
#8672=CARTESIAN_POINT('Ctrl Pts',(-77.6425801826033,14.6816346464667,69.6237343669724));
#8673=CARTESIAN_POINT('Ctrl Pts',(-77.6417527828755,14.6813921607763,70.4302093420688));
#8674=CARTESIAN_POINT('Ctrl Pts',(-77.639732718971,14.6805930299001,72.0431609241134));
#8675=CARTESIAN_POINT('Ctrl Pts',(-77.6372866795806,14.6797150915662,73.6561205566044));
#8676=CARTESIAN_POINT('Ctrl Pts',(-77.6377825153969,14.6801891013564,74.462599670801));
#8677=CARTESIAN_POINT('Ctrl Pts',(-77.6336752439721,14.6781689850316,75.6723217975573));
#8678=CARTESIAN_POINT('Ctrl Pts',(-77.6332913251929,14.6782492117268,76.8820477965865));
#8679=CARTESIAN_POINT('Ctrl Pts',(-77.6344573410523,14.6789044117228,77.2852898168523));
#8680=CARTESIAN_POINT('Ctrl Pts',(-77.6342657938226,14.6792109708421,78.0917742075938));
#8681=CARTESIAN_POINT('Ctrl Pts',(-77.6286780855743,14.6760882869824,78.8982604222778));
#8682=CARTESIAN_POINT('Ctrl Pts',(-77.6242977203267,14.672579639809,79.3015033720475));
#8683=CARTESIAN_POINT('Ctrl Pts',(-77.6258197234028,14.6737062366753,79.7047462647154));
#8684=CARTESIAN_POINT('Ctrl Pts',(-77.6335313639111,14.6794618471542,80.107989392385));
#8685=CARTESIAN_POINT('Ctrl Pts',(-77.7794915790174,1.2610466416196,31.9800019264221));
#8686=CARTESIAN_POINT('Ctrl Pts',(-77.7794919338905,1.26104648446272,21.320001284281));
#8687=CARTESIAN_POINT('Ctrl Pts',(-77.7794922887635,1.26104632730583,10.6600006421399));
#8688=CARTESIAN_POINT('Ctrl Pts',(-77.7794926436366,1.26104617014895,-1.13686837721616E-12));
#8689=CARTESIAN_POINT('Ctrl Pts',(-80.9276370241305,-0.133121347501281,
31.9800019264221));
#8690=CARTESIAN_POINT('Ctrl Pts',(-80.9276374548779,-0.133121562425108,
21.3200012842812));
#8691=CARTESIAN_POINT('Ctrl Pts',(-80.9276378572419,-0.133121814787779,
10.6600006421398));
#8692=CARTESIAN_POINT('Ctrl Pts',(-80.9276382879893,-0.133122029711606,
-1.13686837721616E-12));
#8693=CARTESIAN_POINT('Ctrl Pts',(-85.3530431551404,-2.63631474980817,31.9800019264221));
#8694=CARTESIAN_POINT('Ctrl Pts',(-85.3530434752125,-2.63631486824361,21.3200012842809));
#8695=CARTESIAN_POINT('Ctrl Pts',(-85.3530438284916,-2.63631494287793,10.6600006421401));
#8696=CARTESIAN_POINT('Ctrl Pts',(-85.3530441485637,-2.63631506131337,-1.13686837721616E-12));
#8697=CARTESIAN_POINT('Ctrl Pts',(-89.6169199436233,-0.76642313234843,31.9800019264221));
#8698=CARTESIAN_POINT('Ctrl Pts',(-89.6169199840306,-0.766422855823972,
21.3200012842812));
#8699=CARTESIAN_POINT('Ctrl Pts',(-89.6169200019422,-0.76642260897228,10.6600006421398));
#8700=CARTESIAN_POINT('Ctrl Pts',(-89.6169200423495,-0.766422332447821,
-1.13686837721616E-12));
#8701=CARTESIAN_POINT('Ctrl Pts',(-89.455330967877,3.60675176723844,31.9800019264221));
#8702=CARTESIAN_POINT('Ctrl Pts',(-89.4553309524583,3.60675204226837,21.3200012842809));
#8703=CARTESIAN_POINT('Ctrl Pts',(-89.4553309780702,3.60675237141896,10.6600006421401));
#8704=CARTESIAN_POINT('Ctrl Pts',(-89.4553309626515,3.60675264644889,-1.13686837721616E-12));
#8705=CARTESIAN_POINT('Ctrl Pts',(-89.463436744335,12.349571073071,31.9800019264221));
#8706=CARTESIAN_POINT('Ctrl Pts',(-89.4634367602106,12.3495712908012,21.3200012842811));
#8707=CARTESIAN_POINT('Ctrl Pts',(-89.4634367662888,12.3495714956083,10.6600006421399));
#8708=CARTESIAN_POINT('Ctrl Pts',(-89.4634367821643,12.3495717133384,-1.13686837721616E-12));
#8709=CARTESIAN_POINT('Ctrl Pts',(-89.8028266144474,21.0888608573328,31.9800019264221));
#8710=CARTESIAN_POINT('Ctrl Pts',(-89.8028265059328,21.0888608141852,21.3200012842809));
#8711=CARTESIAN_POINT('Ctrl Pts',(-89.8028264028286,21.0888607781743,10.6600006421401));
#8712=CARTESIAN_POINT('Ctrl Pts',(-89.802826294314,21.0888607350267,-1.13686837721616E-12));
#8713=CARTESIAN_POINT('Ctrl Pts',(-80.9371518147373,16.1133035107959,31.9800019264221));
#8714=CARTESIAN_POINT('Ctrl Pts',(-80.937151775613,16.1133034854261,21.3200012842811));
#8715=CARTESIAN_POINT('Ctrl Pts',(-80.9371517648726,16.1133034974957,10.6600006421399));
#8716=CARTESIAN_POINT('Ctrl Pts',(-80.9371517257483,16.1133034721259,-1.13686837721616E-12));
#8717=CARTESIAN_POINT('Ctrl Pts',(-77.779369354248,14.7410953044891,31.9800019264221));
#8718=CARTESIAN_POINT('Ctrl Pts',(-77.779369354248,14.7410953044891,21.320001284281));
#8719=CARTESIAN_POINT('Ctrl Pts',(-77.779369354248,14.7410953044891,10.6600006421399));
#8720=CARTESIAN_POINT('Ctrl Pts',(-77.779369354248,14.7410953044891,-1.13686837721616E-12));
#8721=CARTESIAN_POINT('Ctrl Pts',(-77.779369354248,81.2411117553711,79.9799966812134));
#8722=CARTESIAN_POINT('Ctrl Pts',(-77.779369354248,81.2411117553711,69.3133306503296));
#8723=CARTESIAN_POINT('Ctrl Pts',(-77.779369354248,81.2411117553711,58.6466646194458));
#8724=CARTESIAN_POINT('Ctrl Pts',(-77.779369354248,81.2411117553711,47.979998588562));
#8725=CARTESIAN_POINT('Ctrl Pts',(-80.9325957674502,79.8584763486495,79.9799966812134));
#8726=CARTESIAN_POINT('Ctrl Pts',(-80.9325957693374,79.8584763475378,69.3133306503296));
#8727=CARTESIAN_POINT('Ctrl Pts',(-80.9325957687729,79.8584763483535,58.6466646194458));
#8728=CARTESIAN_POINT('Ctrl Pts',(-80.9325957706602,79.8584763472419,47.979998588562));
#8729=CARTESIAN_POINT('Ctrl Pts',(-89.7885170279931,74.867585998647,79.9799966812134));
#8730=CARTESIAN_POINT('Ctrl Pts',(-89.7885170308229,74.8675859975592,69.3133306503296));
#8731=CARTESIAN_POINT('Ctrl Pts',(-89.7885170335109,74.8675859961307,58.6466646194458));
#8732=CARTESIAN_POINT('Ctrl Pts',(-89.7885170363407,74.8675859950429,47.979998588562));
#8733=CARTESIAN_POINT('Ctrl Pts',(-89.2937197371804,87.9874304755054,79.9799966812134));
#8734=CARTESIAN_POINT('Ctrl Pts',(-89.2937197362743,87.9874304872217,69.3133306503296));
#8735=CARTESIAN_POINT('Ctrl Pts',(-89.2937197348669,87.9874304997451,58.6466646194458));
#8736=CARTESIAN_POINT('Ctrl Pts',(-89.2937197339608,87.9874305114614,47.9799985885621));
#8737=CARTESIAN_POINT('Ctrl Pts',(-89.6264573591375,96.726465231863,79.9799966812134));
#8738=CARTESIAN_POINT('Ctrl Pts',(-89.6264573587912,96.726465241207,69.3133306503296));
#8739=CARTESIAN_POINT('Ctrl Pts',(-89.6264573566293,96.7264652511493,58.6466646194459));
#8740=CARTESIAN_POINT('Ctrl Pts',(-89.6264573562829,96.7264652604932,47.9799985885621));
#8741=CARTESIAN_POINT('Ctrl Pts',(-85.3624851279616,98.6004159528549,79.9799966812134));
#8742=CARTESIAN_POINT('Ctrl Pts',(-85.3624851153515,98.6004159492195,69.3133306503297));
#8743=CARTESIAN_POINT('Ctrl Pts',(-85.3624851048739,98.60041594518,58.6466646194458));
#8744=CARTESIAN_POINT('Ctrl Pts',(-85.3624850922638,98.6004159415447,47.979998588562));
#8745=CARTESIAN_POINT('Ctrl Pts',(-80.9321889967111,96.1049163869553,79.9799966812134));
#8746=CARTESIAN_POINT('Ctrl Pts',(-80.9321889820199,96.1049163786352,69.3133306503296));
#8747=CARTESIAN_POINT('Ctrl Pts',(-80.9321889656919,96.1049163707251,58.6466646194458));
#8748=CARTESIAN_POINT('Ctrl Pts',(-80.9321889510007,96.104916362405,47.979998588562));
#8749=CARTESIAN_POINT('Ctrl Pts',(-77.7794618230474,94.7211480683747,79.9799966812134));
#8750=CARTESIAN_POINT('Ctrl Pts',(-77.7794618102091,94.7211480627398,69.3133306503296));
#8751=CARTESIAN_POINT('Ctrl Pts',(-77.7794617973707,94.7211480571049,58.6466646194458));
#8752=CARTESIAN_POINT('Ctrl Pts',(-77.7794617845324,94.72114805147,47.979998588562));
#8753=CARTESIAN_POINT('Ctrl Pts',(-77.779369354248,81.2411117553711,31.9800019264221));
#8754=CARTESIAN_POINT('Ctrl Pts',(-77.779369354248,81.2411117553711,21.320001284281));
#8755=CARTESIAN_POINT('Ctrl Pts',(-77.779369354248,81.2411117553711,10.6600006421399));
#8756=CARTESIAN_POINT('Ctrl Pts',(-77.779369354248,81.2411117553711,-1.13686837721616E-12));
#8757=CARTESIAN_POINT('Ctrl Pts',(-80.9325957674502,79.8584763486495,31.9800019264221));
#8758=CARTESIAN_POINT('Ctrl Pts',(-80.9325957693374,79.8584763475378,21.3200012842811));
#8759=CARTESIAN_POINT('Ctrl Pts',(-80.9325957687729,79.8584763483535,10.6600006421399));
#8760=CARTESIAN_POINT('Ctrl Pts',(-80.9325957706602,79.8584763472419,-1.13686837721616E-12));
#8761=CARTESIAN_POINT('Ctrl Pts',(-89.7885170279716,74.8675859986755,31.9800019264221));
#8762=CARTESIAN_POINT('Ctrl Pts',(-89.7885170308014,74.8675859975877,21.320001284281));
#8763=CARTESIAN_POINT('Ctrl Pts',(-89.788517033531,74.8675859961306,10.6600006421399));
#8764=CARTESIAN_POINT('Ctrl Pts',(-89.7885170363608,74.8675859950428,-1.13686837721616E-12));
#8765=CARTESIAN_POINT('Ctrl Pts',(-89.2937197371592,87.9874304755334,31.9800019264221));
#8766=CARTESIAN_POINT('Ctrl Pts',(-89.2937197362531,87.9874304872498,21.3200012842811));
#8767=CARTESIAN_POINT('Ctrl Pts',(-89.2937197348855,87.9874304997451,10.6600006421399));
#8768=CARTESIAN_POINT('Ctrl Pts',(-89.2937197339794,87.9874305114614,-1.13686837721616E-12));
#8769=CARTESIAN_POINT('Ctrl Pts',(-89.6264573591237,96.7264652318814,31.9800019264221));
#8770=CARTESIAN_POINT('Ctrl Pts',(-89.6264573587773,96.7264652412253,21.3200012842811));
#8771=CARTESIAN_POINT('Ctrl Pts',(-89.6264573566347,96.7264652511493,10.6600006421399));
#8772=CARTESIAN_POINT('Ctrl Pts',(-89.6264573562883,96.7264652604932,-1.13686837721616E-12));
#8773=CARTESIAN_POINT('Ctrl Pts',(-85.3624851279503,98.6004159528699,31.9800019264221));
#8774=CARTESIAN_POINT('Ctrl Pts',(-85.3624851153401,98.6004159492346,21.3200012842811));
#8775=CARTESIAN_POINT('Ctrl Pts',(-85.3624851048756,98.60041594518,10.6600006421399));
#8776=CARTESIAN_POINT('Ctrl Pts',(-85.3624850922655,98.6004159415447,-1.13686837721616E-12));
#8777=CARTESIAN_POINT('Ctrl Pts',(-80.9321889967111,96.1049163869553,31.9800019264221));
#8778=CARTESIAN_POINT('Ctrl Pts',(-80.9321889820199,96.1049163786352,21.320001284281));
#8779=CARTESIAN_POINT('Ctrl Pts',(-80.9321889656919,96.1049163707251,10.6600006421399));
#8780=CARTESIAN_POINT('Ctrl Pts',(-80.9321889510007,96.104916362405,-1.13686837721616E-12));
#8781=CARTESIAN_POINT('Ctrl Pts',(-77.7794618230475,94.7211480683747,31.9800019264221));
#8782=CARTESIAN_POINT('Ctrl Pts',(-77.7794618102091,94.7211480627398,21.320001284281));
#8783=CARTESIAN_POINT('Ctrl Pts',(-77.7794617973707,94.7211480571049,10.6600006421399));
#8784=CARTESIAN_POINT('Ctrl Pts',(-77.7794617845324,94.72114805147,-1.13686837721616E-12));
#8785=CARTESIAN_POINT('Ctrl Pts',(-77.779369354248,161.241111755371,79.9799966812134));
#8786=CARTESIAN_POINT('Ctrl Pts',(-77.779369354248,161.241111755371,69.3133306503296));
#8787=CARTESIAN_POINT('Ctrl Pts',(-77.779369354248,161.241111755371,58.6466646194458));
#8788=CARTESIAN_POINT('Ctrl Pts',(-77.779369354248,161.241111755371,47.979998588562));
#8789=CARTESIAN_POINT('Ctrl Pts',(-80.9256255021424,159.84487833343,79.9799966812134));
#8790=CARTESIAN_POINT('Ctrl Pts',(-80.9256255039807,159.844878332349,69.3133306503296));
#8791=CARTESIAN_POINT('Ctrl Pts',(-80.9256255034231,159.844878333126,58.6466646194458));
#8792=CARTESIAN_POINT('Ctrl Pts',(-80.9256255052614,159.844878332046,47.979998588562));
#8793=CARTESIAN_POINT('Ctrl Pts',(-89.7981434855042,154.904026474495,79.9799966812134));
#8794=CARTESIAN_POINT('Ctrl Pts',(-89.7981434882654,154.904026473455,69.3133306503296));
#8795=CARTESIAN_POINT('Ctrl Pts',(-89.7981434908421,154.904026472117,58.6466646194458));
#8796=CARTESIAN_POINT('Ctrl Pts',(-89.7981434936034,154.904026471078,47.979998588562));
#8797=CARTESIAN_POINT('Ctrl Pts',(-89.2925047927027,167.994861953407,79.9799966812134));
#8798=CARTESIAN_POINT('Ctrl Pts',(-89.2925047918106,167.994861964785,69.3133306503296));
#8799=CARTESIAN_POINT('Ctrl Pts',(-89.2925047903821,167.994861976973,58.6466646194458));
#8800=CARTESIAN_POINT('Ctrl Pts',(-89.29250478949,167.994861988351,47.979998588562));
#8801=CARTESIAN_POINT('Ctrl Pts',(-89.6228867360405,176.721884971519,79.9799966812134));
#8802=CARTESIAN_POINT('Ctrl Pts',(-89.6228867357013,176.721884980612,69.3133306503297));
#8803=CARTESIAN_POINT('Ctrl Pts',(-89.622886733566,176.721884990302,58.6466646194458));
#8804=CARTESIAN_POINT('Ctrl Pts',(-89.6228867332268,176.721884999396,47.979998588562));
#8805=CARTESIAN_POINT('Ctrl Pts',(-85.3543247289013,178.607086046802,79.9799966812134));
#8806=CARTESIAN_POINT('Ctrl Pts',(-85.3543247166103,178.607086043301,69.3133306503296));
#8807=CARTESIAN_POINT('Ctrl Pts',(-85.3543247063842,178.607086039431,58.6466646194459));
#8808=CARTESIAN_POINT('Ctrl Pts',(-85.3543246940932,178.607086035931,47.979998588562));
#8809=CARTESIAN_POINT('Ctrl Pts',(-80.9206329300018,176.128866647074,79.9799966812134));
#8810=CARTESIAN_POINT('Ctrl Pts',(-80.9206329156996,176.128866638996,69.3133306503296));
#8811=CARTESIAN_POINT('Ctrl Pts',(-80.9206328997994,176.128866631311,58.6466646194458));
#8812=CARTESIAN_POINT('Ctrl Pts',(-80.9206328854972,176.128866623233,47.979998588562));
#8813=CARTESIAN_POINT('Ctrl Pts',(-77.779494773211,174.721163689233,79.9799966812134));
#8814=CARTESIAN_POINT('Ctrl Pts',(-77.7794947607552,174.721163683651,69.3133306503296));
#8815=CARTESIAN_POINT('Ctrl Pts',(-77.7794947482993,174.721163678069,58.6466646194458));
#8816=CARTESIAN_POINT('Ctrl Pts',(-77.7794947358434,174.721163672487,47.979998588562));
#8817=CARTESIAN_POINT('Ctrl Pts',(-77.779369354248,161.241111755371,31.9800019264221));
#8818=CARTESIAN_POINT('Ctrl Pts',(-77.779369354248,161.241111755371,21.320001284281));
#8819=CARTESIAN_POINT('Ctrl Pts',(-77.779369354248,161.241111755371,10.6600006421399));
#8820=CARTESIAN_POINT('Ctrl Pts',(-77.779369354248,161.241111755371,-1.13686837721616E-12));
#8821=CARTESIAN_POINT('Ctrl Pts',(-80.9256255021424,159.84487833343,31.9800019264221));
#8822=CARTESIAN_POINT('Ctrl Pts',(-80.9256255039807,159.844878332349,21.320001284281));
#8823=CARTESIAN_POINT('Ctrl Pts',(-80.9256255034231,159.844878333126,10.66000064214));
#8824=CARTESIAN_POINT('Ctrl Pts',(-80.9256255052614,159.844878332046,-1.13686837721616E-12));
#8825=CARTESIAN_POINT('Ctrl Pts',(-89.7981434854908,154.904026474512,31.9800019264221));
#8826=CARTESIAN_POINT('Ctrl Pts',(-89.7981434882521,154.904026473472,21.320001284281));
#8827=CARTESIAN_POINT('Ctrl Pts',(-89.7981434908543,154.904026472117,10.6600006421399));
#8828=CARTESIAN_POINT('Ctrl Pts',(-89.7981434936155,154.904026471077,-1.13686837721616E-12));
#8829=CARTESIAN_POINT('Ctrl Pts',(-89.292504792689,167.994861953425,31.9800019264221));
#8830=CARTESIAN_POINT('Ctrl Pts',(-89.2925047917969,167.994861964802,21.320001284281));
#8831=CARTESIAN_POINT('Ctrl Pts',(-89.2925047903936,167.994861976973,10.66000064214));
#8832=CARTESIAN_POINT('Ctrl Pts',(-89.2925047895016,167.994861988351,-1.13686837721616E-12));
#8833=CARTESIAN_POINT('Ctrl Pts',(-89.6228867360313,176.721884971531,31.9800019264221));
#8834=CARTESIAN_POINT('Ctrl Pts',(-89.622886735692,176.721884980624,21.320001284281));
#8835=CARTESIAN_POINT('Ctrl Pts',(-89.6228867335697,176.721884990302,10.6600006421399));
#8836=CARTESIAN_POINT('Ctrl Pts',(-89.6228867332304,176.721884999396,-1.13686837721616E-12));
#8837=CARTESIAN_POINT('Ctrl Pts',(-85.3543247288935,178.607086046812,31.9800019264221));
#8838=CARTESIAN_POINT('Ctrl Pts',(-85.3543247166025,178.607086043311,21.320001284281));
#8839=CARTESIAN_POINT('Ctrl Pts',(-85.3543247063857,178.607086039431,10.66000064214));
#8840=CARTESIAN_POINT('Ctrl Pts',(-85.3543246940947,178.60708603593,-1.13686837721616E-12));
#8841=CARTESIAN_POINT('Ctrl Pts',(-80.9206329300017,176.128866647074,31.9800019264221));
#8842=CARTESIAN_POINT('Ctrl Pts',(-80.9206329156995,176.128866638996,21.3200012842811));
#8843=CARTESIAN_POINT('Ctrl Pts',(-80.9206328997993,176.128866631311,10.6600006421399));
#8844=CARTESIAN_POINT('Ctrl Pts',(-80.9206328854971,176.128866623233,-1.13686837721616E-12));
#8845=CARTESIAN_POINT('Ctrl Pts',(-77.779494773211,174.721163689233,31.9800019264221));
#8846=CARTESIAN_POINT('Ctrl Pts',(-77.7794947607551,174.721163683651,21.320001284281));
#8847=CARTESIAN_POINT('Ctrl Pts',(-77.7794947482993,174.721163678069,10.6600006421399));
#8848=CARTESIAN_POINT('Ctrl Pts',(-77.7794947358434,174.721163672487,-1.13686837721616E-12));
#8849=CARTESIAN_POINT('Ctrl Pts',(-45.5242400564374,-222.902062372698,80.1099030408484));
#8850=CARTESIAN_POINT('Ctrl Pts',(-45.5173933732616,-222.89493148172,79.7067145263828));
#8851=CARTESIAN_POINT('Ctrl Pts',(-45.5180378442828,-222.889813497574,79.3035270285748));
#8852=CARTESIAN_POINT('Ctrl Pts',(-45.524914421345,-222.888396367081,78.9003331728237));
#8853=CARTESIAN_POINT('Ctrl Pts',(-45.5301848156892,-222.891405281156,78.0939340539472));
#8854=CARTESIAN_POINT('Ctrl Pts',(-45.5294638728756,-222.892269354913,77.287543310273));
#8855=CARTESIAN_POINT('Ctrl Pts',(-45.5283839061085,-222.891248959848,76.8843453004544));
#8856=CARTESIAN_POINT('Ctrl Pts',(-45.5278492003615,-222.892059548534,75.67474299629));
#8857=CARTESIAN_POINT('Ctrl Pts',(-45.5317342430079,-222.89366424775,74.4651469238498));
#8858=CARTESIAN_POINT('Ctrl Pts',(-45.530525855139,-222.894039181413,73.6587363851829));
#8859=CARTESIAN_POINT('Ctrl Pts',(-45.5320406494473,-222.89563939102,72.0459080223825));
#8860=CARTESIAN_POINT('Ctrl Pts',(-45.5332129558732,-222.897051417245,70.433068006247));
#8861=CARTESIAN_POINT('Ctrl Pts',(-45.5335943160677,-222.897670614585,69.6266426213393));
#8862=CARTESIAN_POINT('Ctrl Pts',(-45.5344639529558,-222.898802562069,68.013783935256));
#8863=CARTESIAN_POINT('Ctrl Pts',(-45.5347024704628,-222.899677773733,66.4009100848325));
#8864=CARTESIAN_POINT('Ctrl Pts',(-45.5347792973422,-222.899975227179,65.5944681189843));
#8865=CARTESIAN_POINT('Ctrl Pts',(-45.5344731138183,-222.900507075005,63.9815778126045));
#8866=CARTESIAN_POINT('Ctrl Pts',(-45.5336892717045,-222.900567384381,62.3686720984312));
#8867=CARTESIAN_POINT('Ctrl Pts',(-45.5330647724128,-222.900565844203,61.5622152557938));
#8868=CARTESIAN_POINT('Ctrl Pts',(-45.5317317128166,-222.900274709652,59.9492952642712));
#8869=CARTESIAN_POINT('Ctrl Pts',(-45.5297485065093,-222.899720964776,58.3363607283787));
#8870=CARTESIAN_POINT('Ctrl Pts',(-45.5288241899212,-222.899362609522,57.5298898663013));
#8871=CARTESIAN_POINT('Ctrl Pts',(-45.5264882649718,-222.898572171259,55.9169429163522));
#8872=CARTESIAN_POINT('Ctrl Pts',(-45.5238750869228,-222.897431279506,54.3039805110762));
#8873=CARTESIAN_POINT('Ctrl Pts',(-45.5241384809178,-222.89799273006,53.4974964426521));
#8874=CARTESIAN_POINT('Ctrl Pts',(-45.5200261838463,-222.895680432419,52.2877711908697));
#8875=CARTESIAN_POINT('Ctrl Pts',(-45.5194040176267,-222.89576816125,51.0780330752605));
#8876=CARTESIAN_POINT('Ctrl Pts',(-45.5205470534754,-222.896338070162,50.6747880418357));
#8877=CARTESIAN_POINT('Ctrl Pts',(-45.5202353589271,-222.896532123649,49.8682928676161));
#8878=CARTESIAN_POINT('Ctrl Pts',(-45.5145647978334,-222.893483662104,49.0617971253906));
#8879=CARTESIAN_POINT('Ctrl Pts',(-45.5103206671126,-222.890079219982,48.6585615188733));
#8880=CARTESIAN_POINT('Ctrl Pts',(-45.5113823198289,-222.891836243507,48.2553112988299));
#8881=CARTESIAN_POINT('Ctrl Pts',(-45.519372309654,-222.896548916694,47.852054969916));
#8882=CARTESIAN_POINT('Ctrl Pts',(-45.9525057961016,-223.150162621495,80.1097600327701));
#8883=CARTESIAN_POINT('Ctrl Pts',(-45.9469263751691,-223.144953932331,79.7065694444543));
#8884=CARTESIAN_POINT('Ctrl Pts',(-45.9475839652058,-223.14169985663,79.3033803702162));
#8885=CARTESIAN_POINT('Ctrl Pts',(-45.9530177338011,-223.142193822813,78.9001849417011));
#8886=CARTESIAN_POINT('Ctrl Pts',(-45.9551741846425,-223.14670459227,78.0937871796745));
#8887=CARTESIAN_POINT('Ctrl Pts',(-45.95215837643,-223.144949828979,77.2874067076502));
#8888=CARTESIAN_POINT('Ctrl Pts',(-45.9501195905478,-223.142358386777,76.8842136058174));
#8889=CARTESIAN_POINT('Ctrl Pts',(-45.9461235048306,-223.140189048095,75.6746209949727));
#8890=CARTESIAN_POINT('Ctrl Pts',(-45.9461019465051,-223.139985723646,74.4650237002573));
#8891=CARTESIAN_POINT('Ctrl Pts',(-45.9424317403058,-223.137954717584,73.6586017145191));
#8892=CARTESIAN_POINT('Ctrl Pts',(-45.9387291157899,-223.135687899097,72.0457846804208));
#8893=CARTESIAN_POINT('Ctrl Pts',(-45.934887749154,-223.133636054911,70.4329343086361));
#8894=CARTESIAN_POINT('Ctrl Pts',(-45.9330726093376,-223.132501170753,69.626509005469));
#8895=CARTESIAN_POINT('Ctrl Pts',(-45.9298758050418,-223.131022655273,68.0136476122404));
#8896=CARTESIAN_POINT('Ctrl Pts',(-45.9277046692964,-223.12997538521,66.4007679441335));
#8897=CARTESIAN_POINT('Ctrl Pts',(-45.9268078093838,-223.129842627411,65.594326190573));
#8898=CARTESIAN_POINT('Ctrl Pts',(-45.9257942863676,-223.129595044277,63.9814322249375));
#8899=CARTESIAN_POINT('Ctrl Pts',(-45.9257282176333,-223.13042535136,62.368523471384));
#8900=CARTESIAN_POINT('Ctrl Pts',(-45.9260807228624,-223.130851158875,61.5620659260404));
#8901=CARTESIAN_POINT('Ctrl Pts',(-45.9271649764175,-223.132472746533,59.9491417841667));
#8902=CARTESIAN_POINT('Ctrl Pts',(-45.9292447137763,-223.134527869283,58.3362042402841));
#8903=CARTESIAN_POINT('Ctrl Pts',(-45.9305226293698,-223.135908397113,57.5297326470368));
#8904=CARTESIAN_POINT('Ctrl Pts',(-45.9331838974611,-223.138590173325,55.916778479879));
#8905=CARTESIAN_POINT('Ctrl Pts',(-45.9357266393266,-223.141386313231,54.3038170582395));
#8906=CARTESIAN_POINT('Ctrl Pts',(-45.9386622016576,-223.143999284639,53.4973270535824));
#8907=CARTESIAN_POINT('Ctrl Pts',(-45.9380038942516,-223.144204192809,52.2875925548276));
#8908=CARTESIAN_POINT('Ctrl Pts',(-45.9408785598027,-223.147180651626,51.0778512696608));
#8909=CARTESIAN_POINT('Ctrl Pts',(-45.9433278056949,-223.148737749391,50.6746074572076));
#8910=CARTESIAN_POINT('Ctrl Pts',(-45.9455638697993,-223.151106444159,49.868111389563));
#8911=CARTESIAN_POINT('Ctrl Pts',(-45.9411715852521,-223.149540370569,49.0615989918932));
#8912=CARTESIAN_POINT('Ctrl Pts',(-45.9368477468651,-223.146692470554,48.65835016587));
#8913=CARTESIAN_POINT('Ctrl Pts',(-45.9368961466507,-223.148216772813,48.2550912908726));
#8914=CARTESIAN_POINT('Ctrl Pts',(-45.9432442419229,-223.151631848951,47.8518317453366));
#8915=CARTESIAN_POINT('Ctrl Pts',(-46.4083278634471,-223.402688145673,80.1096154426232));
#8916=CARTESIAN_POINT('Ctrl Pts',(-46.4039116191181,-223.399792889738,79.7064212391798));
#8917=CARTESIAN_POINT('Ctrl Pts',(-46.4023429489822,-223.398780137991,79.3032286683987));
#8918=CARTESIAN_POINT('Ctrl Pts',(-46.4020314178076,-223.40115108086,78.9000311576857));
#8919=CARTESIAN_POINT('Ctrl Pts',(-46.3973119202553,-223.405108329867,78.0936394637259));
#8920=CARTESIAN_POINT('Ctrl Pts',(-46.3910397376639,-223.400471136106,77.2872685115484));
#8921=CARTESIAN_POINT('Ctrl Pts',(-46.3876874141247,-223.396755604047,76.8840812766228));
#8922=CARTESIAN_POINT('Ctrl Pts',(-46.3784005522334,-223.391897415979,75.6745019436351));
#8923=CARTESIAN_POINT('Ctrl Pts',(-46.3713590475775,-223.391122411587,74.4648980686035));
#8924=CARTESIAN_POINT('Ctrl Pts',(-46.3646447805193,-223.387053883521,73.6584649577));
#8925=CARTESIAN_POINT('Ctrl Pts',(-46.3528256928301,-223.381809713319,72.0456637856634));
#8926=CARTESIAN_POINT('Ctrl Pts',(-46.341439929542,-223.37701509142,70.4328001977911));
#8927=CARTESIAN_POINT('Ctrl Pts',(-46.3363872033292,-223.374306930724,69.6263758433641));
#8928=CARTESIAN_POINT('Ctrl Pts',(-46.3271314100107,-223.370734292484,68.0135116325344));
#8929=CARTESIAN_POINT('Ctrl Pts',(-46.3215129700626,-223.367839657821,66.4006251589344));
#8930=CARTESIAN_POINT('Ctrl Pts',(-46.3191566456487,-223.367455852198,65.5941843128704));
#8931=CARTESIAN_POINT('Ctrl Pts',(-46.3171830619676,-223.366337623453,63.9812863691099));
#8932=CARTESIAN_POINT('Ctrl Pts',(-46.3181093955275,-223.368000533835,62.3683745251339));
#8933=CARTESIAN_POINT('Ctrl Pts',(-46.3199366347076,-223.368658875595,61.5619164648936));
#8934=CARTESIAN_POINT('Ctrl Pts',(-46.3244961421962,-223.372089915982,59.9489876364499));
#8935=CARTESIAN_POINT('Ctrl Pts',(-46.3326599519585,-223.376195421798,58.3360467523529));
#8936=CARTESIAN_POINT('Ctrl Pts',(-46.3371836740951,-223.379131698393,57.5295748238637));
#8937=CARTESIAN_POINT('Ctrl Pts',(-46.3474383134957,-223.384457251341,55.9166117197223));
#8938=CARTESIAN_POINT('Ctrl Pts',(-46.3580649112993,-223.390262688607,54.3036530413048));
#8939=CARTESIAN_POINT('Ctrl Pts',(-46.3646569474082,-223.393876735923,53.4971574412015));
#8940=CARTESIAN_POINT('Ctrl Pts',(-46.3701329895065,-223.396106964615,52.2874100655185));
#8941=CARTESIAN_POINT('Ctrl Pts',(-46.378864001335,-223.400806801925,51.0776670294287));
#8942=CARTESIAN_POINT('Ctrl Pts',(-46.3830331887559,-223.402815272459,50.6744246177125));
#8943=CARTESIAN_POINT('Ctrl Pts',(-46.3895930295631,-223.406274885818,49.8679304283548));
#8944=CARTESIAN_POINT('Ctrl Pts',(-46.3913815114157,-223.406315446877,49.0614022266349));
#8945=CARTESIAN_POINT('Ctrl Pts',(-46.3904703493008,-223.405396666061,48.6581320712651));
#8946=CARTESIAN_POINT('Ctrl Pts',(-46.3915255591944,-223.406695349638,48.254863376296));
#8947=CARTESIAN_POINT('Ctrl Pts',(-46.3962942482048,-223.408511387529,47.8516020377943));
#8948=CARTESIAN_POINT('Ctrl Pts',(-46.8851535906341,-223.65321017357,80.1094781260094));
#8949=CARTESIAN_POINT('Ctrl Pts',(-46.8824846462216,-223.651519674067,79.7062809290791));
#8950=CARTESIAN_POINT('Ctrl Pts',(-46.8780002469782,-223.65111871811,79.3030860674569));
#8951=CARTESIAN_POINT('Ctrl Pts',(-46.8707741149563,-223.651951425054,78.8998914240489));
#8952=CARTESIAN_POINT('Ctrl Pts',(-46.8577788161395,-223.653388270063,78.0935074165844));
#8953=CARTESIAN_POINT('Ctrl Pts',(-46.8458466769296,-223.651296453667,77.2871328973375));
#8954=CARTESIAN_POINT('Ctrl Pts',(-46.8402079392453,-223.649206233984,76.8839458786772));
#8955=CARTESIAN_POINT('Ctrl Pts',(-46.8236371334615,-223.645446403951,75.6743723413067));
#8956=CARTESIAN_POINT('Ctrl Pts',(-46.8074116623787,-223.644602085559,74.4647647298553));
#8957=CARTESIAN_POINT('Ctrl Pts',(-46.7949837789129,-223.642252672285,73.6583422192494));
#8958=CARTESIAN_POINT('Ctrl Pts',(-46.7703275609685,-223.637832741606,72.0455279018116));
#8959=CARTESIAN_POINT('Ctrl Pts',(-46.7473854055354,-223.632665844491,70.4326722187644));
#8960=CARTESIAN_POINT('Ctrl Pts',(-46.7369356271965,-223.629958754034,69.626242801154));
#8961=CARTESIAN_POINT('Ctrl Pts',(-46.7189702096264,-223.62528023197,68.0133768047208));
#8962=CARTESIAN_POINT('Ctrl Pts',(-46.7075261925417,-223.622078236147,66.4004894787966));
#8963=CARTESIAN_POINT('Ctrl Pts',(-46.7035758770166,-223.621066213085,65.5940451808216));
#8964=CARTESIAN_POINT('Ctrl Pts',(-46.6994252467521,-223.620103581546,63.9811446091324));
#8965=CARTESIAN_POINT('Ctrl Pts',(-46.70257224998,-223.621563679733,62.3682291233364));
#8966=CARTESIAN_POINT('Ctrl Pts',(-46.7060172352035,-223.622823797293,61.5617687170581));
#8967=CARTESIAN_POINT('Ctrl Pts',(-46.7164426214837,-223.626513166759,59.9488371259314));
#8968=CARTESIAN_POINT('Ctrl Pts',(-46.7333581951878,-223.631664893239,58.3358928466904));
#8969=CARTESIAN_POINT('Ctrl Pts',(-46.7432919378616,-223.634577741506,57.5294168014237));
#8970=CARTESIAN_POINT('Ctrl Pts',(-46.7651390356846,-223.640209869953,55.9164533685124));
#8971=CARTESIAN_POINT('Ctrl Pts',(-46.788724661332,-223.644986239752,54.3034831335087));
#8972=CARTESIAN_POINT('Ctrl Pts',(-46.8008595937856,-223.64712342429,53.4969856158552));
#8973=CARTESIAN_POINT('Ctrl Pts',(-46.8158745713521,-223.648865445571,52.2872337035159));
#8974=CARTESIAN_POINT('Ctrl Pts',(-46.8328046316297,-223.650958349981,51.0774854667722));
#8975=CARTESIAN_POINT('Ctrl Pts',(-46.8389803119162,-223.651809516757,50.6742375568019));
#8976=CARTESIAN_POINT('Ctrl Pts',(-46.8515275611221,-223.652169730258,49.8677328773527));
#8977=CARTESIAN_POINT('Ctrl Pts',(-46.8648147843757,-223.649419401672,49.061209253561));
#8978=CARTESIAN_POINT('Ctrl Pts',(-46.8727305133313,-223.646968114808,48.6579438268977));
#8979=CARTESIAN_POINT('Ctrl Pts',(-46.8774544290544,-223.646490818278,48.2546791605525));
#8980=CARTESIAN_POINT('Ctrl Pts',(-46.8799158140118,-223.648056133203,47.851418259927));
#8981=CARTESIAN_POINT('Ctrl Pts',(-47.804058317022,-224.141697308135,80.1092281093674));
#8982=CARTESIAN_POINT('Ctrl Pts',(-47.8042793384453,-224.140511527998,79.7060275564268));
#8983=CARTESIAN_POINT('Ctrl Pts',(-47.8017961493261,-224.141114921074,79.3028299913283));
#8984=CARTESIAN_POINT('Ctrl Pts',(-47.796377096045,-224.142826694516,78.8996355116334));
#8985=CARTESIAN_POINT('Ctrl Pts',(-47.783034426263,-224.146560512058,78.0932521780067));
#8986=CARTESIAN_POINT('Ctrl Pts',(-47.7656919066044,-224.150328596333,77.2868742272674));
#8987=CARTESIAN_POINT('Ctrl Pts',(-47.7563565837875,-224.151979764573,76.8836854233533));
#8988=CARTESIAN_POINT('Ctrl Pts',(-47.7257469734974,-224.157342462153,75.6741116493468));
#8989=CARTESIAN_POINT('Ctrl Pts',(-47.6878912062029,-224.163466653971,74.4645099487337));
#8990=CARTESIAN_POINT('Ctrl Pts',(-47.6596866083656,-224.166736050707,73.6580956468586));
#8991=CARTESIAN_POINT('Ctrl Pts',(-47.60228347695,-224.170087084518,72.0452710858481));
#8992=CARTESIAN_POINT('Ctrl Pts',(-47.5491096809898,-224.169074873764,70.4324185669347));
#8993=CARTESIAN_POINT('Ctrl Pts',(-47.5251498523444,-224.167725217831,69.625986280385));
#8994=CARTESIAN_POINT('Ctrl Pts',(-47.4841662302039,-224.164556078223,68.0131153353656));
#8995=CARTESIAN_POINT('Ctrl Pts',(-47.4584249831817,-224.16168643025,66.400224639586));
#8996=CARTESIAN_POINT('Ctrl Pts',(-47.4497436775173,-224.160645096242,65.5937758667342));
#8997=CARTESIAN_POINT('Ctrl Pts',(-47.4408167645809,-224.159723074374,63.9808693502595));
#8998=CARTESIAN_POINT('Ctrl Pts',(-47.4488408860596,-224.161044502774,62.3679468872589));
#8999=CARTESIAN_POINT('Ctrl Pts',(-47.4570680285567,-224.162282599495,61.5614820609966));
#9000=CARTESIAN_POINT('Ctrl Pts',(-47.4818887081991,-224.165535562942,59.9485436873438));
#9001=CARTESIAN_POINT('Ctrl Pts',(-47.5219275516368,-224.169046261519,58.3355901884587));
#9002=CARTESIAN_POINT('Ctrl Pts',(-47.5454158915366,-224.170540787532,57.5291086563618));
#9003=CARTESIAN_POINT('Ctrl Pts',(-47.5976180782866,-224.171831764089,55.9161373212569));
#9004=CARTESIAN_POINT('Ctrl Pts',(-47.6541713489228,-224.168473266371,54.3031494105091));
#9005=CARTESIAN_POINT('Ctrl Pts',(-47.6819625729773,-224.165165953099,53.4966462816448));
#9006=CARTESIAN_POINT('Ctrl Pts',(-47.7194159716279,-224.158617700195,52.2868870320693));
#9007=CARTESIAN_POINT('Ctrl Pts',(-47.7507016525695,-224.151084159174,51.0771228603423));
#9008=CARTESIAN_POINT('Ctrl Pts',(-47.7603707848459,-224.148536371135,50.6738672930549));
#9009=CARTESIAN_POINT('Ctrl Pts',(-47.7784380093814,-224.142884054102,49.8673504851485));
#9010=CARTESIAN_POINT('Ctrl Pts',(-47.7924540761529,-224.137346088742,49.0608254037));
#9011=CARTESIAN_POINT('Ctrl Pts',(-47.7981568780341,-224.134832857422,48.6575612745275));
#9012=CARTESIAN_POINT('Ctrl Pts',(-47.8005247798749,-224.134023828999,48.2542995250421));
#9013=CARTESIAN_POINT('Ctrl Pts',(-47.7999263431554,-224.135379173301,47.8510421919549));
#9014=CARTESIAN_POINT('Ctrl Pts',(-48.7102035462492,-224.632362108976,80.1090134503378));
#9015=CARTESIAN_POINT('Ctrl Pts',(-48.7142454870853,-224.630757430743,79.7058107184396));
#9016=CARTESIAN_POINT('Ctrl Pts',(-48.7163882445658,-224.631962040002,79.3026109213855));
#9017=CARTESIAN_POINT('Ctrl Pts',(-48.7169161325764,-224.635535288921,78.8994139816271));
#9018=CARTESIAN_POINT('Ctrl Pts',(-48.7102398123837,-224.645139351195,78.0930248267601));
#9019=CARTESIAN_POINT('Ctrl Pts',(-48.6905039817933,-224.658459971253,77.2866405347693));
#9020=CARTESIAN_POINT('Ctrl Pts',(-48.6775562150529,-224.665654648925,76.883448407751));
#9021=CARTESIAN_POINT('Ctrl Pts',(-48.6306356151554,-224.688160617653,75.6738677117199));
#9022=CARTESIAN_POINT('Ctrl Pts',(-48.5631633614758,-224.710951885472,74.4642697161408));
#9023=CARTESIAN_POINT('Ctrl Pts',(-48.5124563746839,-224.723988059702,73.657859945419));
#9024=CARTESIAN_POINT('Ctrl Pts',(-48.4097386381741,-224.743841292674,72.0450323901961));
#9025=CARTESIAN_POINT('Ctrl Pts',(-48.3154792281822,-224.753369166578,70.4321791342839));
#9026=CARTESIAN_POINT('Ctrl Pts',(-48.2733722094178,-224.755939206951,69.6257463178043));
#9027=CARTESIAN_POINT('Ctrl Pts',(-48.2015973356352,-224.758603272523,68.0128713128776));
#9028=CARTESIAN_POINT('Ctrl Pts',(-48.1569696111502,-224.758426515128,66.3999764722367));
#9029=CARTESIAN_POINT('Ctrl Pts',(-48.1419931381371,-224.758201415177,65.5935245670438));
#9030=CARTESIAN_POINT('Ctrl Pts',(-48.1268122479661,-224.758048439563,63.9806119731529));
#9031=CARTESIAN_POINT('Ctrl Pts',(-48.1412168376725,-224.758497484526,62.367682231112));
#9032=CARTESIAN_POINT('Ctrl Pts',(-48.1558027789376,-224.758865904571,61.5612131914413));
#9033=CARTESIAN_POINT('Ctrl Pts',(-48.1996386325062,-224.759312214208,59.9482665836597));
#9034=CARTESIAN_POINT('Ctrl Pts',(-48.2706064647662,-224.75684649171,58.3353027021311));
#9035=CARTESIAN_POINT('Ctrl Pts',(-48.3123086820877,-224.754347420067,57.5288160405177));
#9036=CARTESIAN_POINT('Ctrl Pts',(-48.4057615755851,-224.744885909843,55.9158335244577));
#9037=CARTESIAN_POINT('Ctrl Pts',(-48.5078131851976,-224.72474477297,54.3028310473931));
#9038=CARTESIAN_POINT('Ctrl Pts',(-48.5581975993708,-224.711519375331,53.4963231110155));
#9039=CARTESIAN_POINT('Ctrl Pts',(-48.6255837977897,-224.687774157574,52.2865554346224));
#9040=CARTESIAN_POINT('Ctrl Pts',(-48.6726979181253,-224.663870912462,51.0767791302865));
#9041=CARTESIAN_POINT('Ctrl Pts',(-48.6857297576357,-224.656181310781,50.6735194005977));
#9042=CARTESIAN_POINT('Ctrl Pts',(-48.7054416952407,-224.642195077639,49.8669970503026));
#9043=CARTESIAN_POINT('Ctrl Pts',(-48.7113507435516,-224.633129454157,49.0604724857937));
#9044=CARTESIAN_POINT('Ctrl Pts',(-48.7100378195781,-224.630471027407,48.6572101510168));
#9045=CARTESIAN_POINT('Ctrl Pts',(-48.7073794294967,-224.629700814489,48.2539521319222));
#9046=CARTESIAN_POINT('Ctrl Pts',(-48.7031426350198,-224.631181947292,47.8506996184135));
#9047=CARTESIAN_POINT('Ctrl Pts',(-49.1681082168028,-224.884044932992,80.1089125440432));
#9048=CARTESIAN_POINT('Ctrl Pts',(-49.174628334514,-224.88250579341,79.7057085678198));
#9049=CARTESIAN_POINT('Ctrl Pts',(-49.1779580603997,-224.883794570031,79.302507641238));
#9050=CARTESIAN_POINT('Ctrl Pts',(-49.1784733470958,-224.887524964001,78.8993097091449));
#9051=CARTESIAN_POINT('Ctrl Pts',(-49.1720250069099,-224.89964097077,78.0929180071856));
#9052=CARTESIAN_POINT('Ctrl Pts',(-49.1499307851918,-224.918184871801,77.2865307203843));
#9053=CARTESIAN_POINT('Ctrl Pts',(-49.1347788551804,-224.928443206507,76.883337174497));
#9054=CARTESIAN_POINT('Ctrl Pts',(-49.0782773941972,-224.960602999433,75.6737532186552));
#9055=CARTESIAN_POINT('Ctrl Pts',(-48.9940578586716,-224.993323804823,74.4641548179179));
#9056=CARTESIAN_POINT('Ctrl Pts',(-48.9306312649388,-225.011989686039,73.6577459893881));
#9057=CARTESIAN_POINT('Ctrl Pts',(-48.8026369450926,-225.041401637147,72.0449180334975));
#9058=CARTESIAN_POINT('Ctrl Pts',(-48.6858404257465,-225.057148974642,70.4320639815843));
#9059=CARTESIAN_POINT('Ctrl Pts',(-48.633835820934,-225.062082140687,69.6256307464369));
#9060=CARTESIAN_POINT('Ctrl Pts',(-48.5453385005198,-225.068331314646,68.0127541016755));
#9061=CARTESIAN_POINT('Ctrl Pts',(-48.490498372506,-225.069918716329,66.3998569569491));
#9062=CARTESIAN_POINT('Ctrl Pts',(-48.4721296453218,-225.070230603441,65.5934037022448));
#9063=CARTESIAN_POINT('Ctrl Pts',(-48.4535650758082,-225.07060919935,63.9804880701476));
#9064=CARTESIAN_POINT('Ctrl Pts',(-48.4714218452094,-225.070475412255,62.3675546253897));
#9065=CARTESIAN_POINT('Ctrl Pts',(-48.4894345351296,-225.070280347466,61.5610835636786));
#9066=CARTESIAN_POINT('Ctrl Pts',(-48.5435530419494,-225.068905587017,59.9481325901287));
#9067=CARTESIAN_POINT('Ctrl Pts',(-48.6313171602014,-225.062784937589,58.335163601121));
#9068=CARTESIAN_POINT('Ctrl Pts',(-48.6829547379332,-225.057883789447,57.5286743054888));
#9069=CARTESIAN_POINT('Ctrl Pts',(-48.7990260553837,-225.042107560518,55.9156860288514));
#9070=CARTESIAN_POINT('Ctrl Pts',(-48.9264265930335,-225.012303807575,54.3026774034224));
#9071=CARTESIAN_POINT('Ctrl Pts',(-48.9895863881721,-224.99335609692,53.4961670064574));
#9072=CARTESIAN_POINT('Ctrl Pts',(-49.0736899480166,-224.959719446846,52.28639491663));
#9073=CARTESIAN_POINT('Ctrl Pts',(-49.1301909600538,-224.926448545556,51.0766152721362));
#9074=CARTESIAN_POINT('Ctrl Pts',(-49.1453377099834,-224.915829050608,50.6733546528526));
#9075=CARTESIAN_POINT('Ctrl Pts',(-49.1672649020473,-224.896818805232,49.8668318251181));
#9076=CARTESIAN_POINT('Ctrl Pts',(-49.1732283280561,-224.884719740133,49.0603102331664));
#9077=CARTESIAN_POINT('Ctrl Pts',(-49.1723990872498,-224.881092479178,48.6570507866239));
#9078=CARTESIAN_POINT('Ctrl Pts',(-49.1687656699794,-224.879872951853,48.2537952150631));
#9079=CARTESIAN_POINT('Ctrl Pts',(-49.1619850515584,-224.88139785884,47.8505444069841));
#9080=CARTESIAN_POINT('Ctrl Pts',(-50.0741379433099,-225.394583882444,80.1087267807178));
#9081=CARTESIAN_POINT('Ctrl Pts',(-50.0853552083278,-225.393074426713,79.705520461656));
#9082=CARTESIAN_POINT('Ctrl Pts',(-50.091886355219,-225.395782044687,79.3023170824406));
#9083=CARTESIAN_POINT('Ctrl Pts',(-50.0942363407659,-225.40249541354,78.8991165742626));
#9084=CARTESIAN_POINT('Ctrl Pts',(-50.0879533472766,-225.423150321992,78.0927191579351));
#9085=CARTESIAN_POINT('Ctrl Pts',(-50.0579146850941,-225.45423794797,77.2863258266663));
#9086=CARTESIAN_POINT('Ctrl Pts',(-50.0365074376105,-225.471465761681,76.8831293588642));
#9087=CARTESIAN_POINT('Ctrl Pts',(-49.9551755351279,-225.525213266038,75.6735381773346));
#9088=CARTESIAN_POINT('Ctrl Pts',(-49.831980038577,-225.579136972859,74.463937506606));
#9089=CARTESIAN_POINT('Ctrl Pts',(-49.7401138488722,-225.609622399277,73.6575291760498));
#9090=CARTESIAN_POINT('Ctrl Pts',(-49.5569097365541,-225.658844739883,72.044699500259));
#9091=CARTESIAN_POINT('Ctrl Pts',(-49.3924269897687,-225.68741660882,70.431843640797));
#9092=CARTESIAN_POINT('Ctrl Pts',(-49.3196958411634,-225.697278069801,69.6254093814693));
#9093=CARTESIAN_POINT('Ctrl Pts',(-49.1963470768014,-225.711099531104,68.012529465771));
#9094=CARTESIAN_POINT('Ctrl Pts',(-49.1204068874253,-225.716514407076,66.399627821978));
#9095=CARTESIAN_POINT('Ctrl Pts',(-49.0950324536132,-225.718018168947,65.593171888693));
#9096=CARTESIAN_POINT('Ctrl Pts',(-49.0694920297294,-225.71956505154,63.9802502732071));
#9097=CARTESIAN_POINT('Ctrl Pts',(-49.0944702463291,-225.718163116509,62.3673094990406));
#9098=CARTESIAN_POINT('Ctrl Pts',(-49.1195619234459,-225.716724669686,61.5608344158614));
#9099=CARTESIAN_POINT('Ctrl Pts',(-49.1949295203689,-225.711412423593,59.9478748219204));
#9100=CARTESIAN_POINT('Ctrl Pts',(-49.3176987736863,-225.697588696813,58.3348959028347));
#9101=CARTESIAN_POINT('Ctrl Pts',(-49.3901399220618,-225.687688407046,57.5284014897426));
#9102=CARTESIAN_POINT('Ctrl Pts',(-49.5540562738035,-225.658921624101,55.9154023986209));
#9103=CARTESIAN_POINT('Ctrl Pts',(-49.7367792381242,-225.60916064354,54.3023828848156));
#9104=CARTESIAN_POINT('Ctrl Pts',(-49.8284387056545,-225.578294607268,53.4958680605525));
#9105=CARTESIAN_POINT('Ctrl Pts',(-49.9514230434392,-225.523569010682,52.286089222756));
#9106=CARTESIAN_POINT('Ctrl Pts',(-50.032494855195,-225.469048265986,51.0763058947893));
#9107=CARTESIAN_POINT('Ctrl Pts',(-50.0537980754104,-225.451587909466,50.6730445914921));
#9108=CARTESIAN_POINT('Ctrl Pts',(-50.0835931288529,-225.420091361069,49.8665227171209));
#9109=CARTESIAN_POINT('Ctrl Pts',(-50.0896481251371,-225.398994362604,49.060006649562));
#9110=CARTESIAN_POINT('Ctrl Pts',(-50.08724954697,-225.391954058898,48.6567511961848));
#9111=CARTESIAN_POINT('Ctrl Pts',(-50.0805374876165,-225.389114803273,48.253499456433));
#9112=CARTESIAN_POINT('Ctrl Pts',(-50.0690422721669,-225.390629171021,47.8502519939959));
#9113=CARTESIAN_POINT('Ctrl Pts',(-50.956134111359,-225.940928425492,80.1085712796416));
#9114=CARTESIAN_POINT('Ctrl Pts',(-50.9719733998346,-225.939783377974,79.7053628054229));
#9115=CARTESIAN_POINT('Ctrl Pts',(-50.9812398496233,-225.945162451172,79.3021568753892));
#9116=CARTESIAN_POINT('Ctrl Pts',(-50.9845350491627,-225.957019307286,78.898953402726));
#9117=CARTESIAN_POINT('Ctrl Pts',(-50.972878974411,-225.990065761889,78.0925499115214));
#9118=CARTESIAN_POINT('Ctrl Pts',(-50.9253660073262,-226.036755471784,77.2861505413824));
#9119=CARTESIAN_POINT('Ctrl Pts',(-50.8925031371025,-226.062099780533,76.882951187934));
#9120=CARTESIAN_POINT('Ctrl Pts',(-50.7712634293608,-226.139659497701,75.6733521831848));
#9121=CARTESIAN_POINT('Ctrl Pts',(-50.5973043373309,-226.214012189667,74.4637465344332));
#9122=CARTESIAN_POINT('Ctrl Pts',(-50.4722494167576,-226.255069103372,73.6573363852858));
#9123=CARTESIAN_POINT('Ctrl Pts',(-50.2275372904727,-226.3218002619,72.0445034307047));
#9124=CARTESIAN_POINT('Ctrl Pts',(-50.0136411780406,-226.361576058762,70.4316447643334));
#9125=CARTESIAN_POINT('Ctrl Pts',(-49.9198443830053,-226.375859802704,69.6252090312646));
#9126=CARTESIAN_POINT('Ctrl Pts',(-49.7614422774368,-226.39661030435,68.0123256507275));
#9127=CARTESIAN_POINT('Ctrl Pts',(-49.6646298720186,-226.40570570514,66.3994194567179));
#9128=CARTESIAN_POINT('Ctrl Pts',(-49.6323395947638,-226.408382414648,65.5929609471142));
#9129=CARTESIAN_POINT('Ctrl Pts',(-49.5999198698019,-226.411079751942,63.9800335302755));
#9130=CARTESIAN_POINT('Ctrl Pts',(-49.6319351714865,-226.408437053938,62.3670857355762));
#9131=CARTESIAN_POINT('Ctrl Pts',(-49.6640219485893,-226.405779481293,61.5606068534401));
#9132=CARTESIAN_POINT('Ctrl Pts',(-49.760422324231,-226.396689565913,59.9476391095812));
#9133=CARTESIAN_POINT('Ctrl Pts',(-49.9184053830351,-226.375830209266,58.3346512769415));
#9134=CARTESIAN_POINT('Ctrl Pts',(-50.0119911810197,-226.361452221331,57.5281523137999));
#9135=CARTESIAN_POINT('Ctrl Pts',(-50.2254714159276,-226.321368391342,55.9151441221289));
#9136=CARTESIAN_POINT('Ctrl Pts',(-50.4697789334567,-226.254042750202,54.3021168785734));
#9137=CARTESIAN_POINT('Ctrl Pts',(-50.5946375933096,-226.212600648313,53.4955988980444));
#9138=CARTESIAN_POINT('Ctrl Pts',(-50.76827347723,-226.137578268946,52.2858167092065));
#9139=CARTESIAN_POINT('Ctrl Pts',(-50.8890582948252,-226.059429758344,51.076034049836));
#9140=CARTESIAN_POINT('Ctrl Pts',(-50.9217502312022,-226.033909702449,50.6727735216646));
#9141=CARTESIAN_POINT('Ctrl Pts',(-50.9688855483719,-225.986920149327,49.8662544390793));
#9142=CARTESIAN_POINT('Ctrl Pts',(-50.9800713914355,-225.953731430614,49.0597428183883));
#9143=CARTESIAN_POINT('Ctrl Pts',(-50.9764943832178,-225.941889966828,48.6564896721167));
#9144=CARTESIAN_POINT('Ctrl Pts',(-50.9669595168069,-225.936501489607,48.2532405758823));
#9145=CARTESIAN_POINT('Ctrl Pts',(-50.9508825288506,-225.93757236975,47.8499959073031));
#9146=CARTESIAN_POINT('Ctrl Pts',(-51.3911059244892,-226.231398403486,80.1085005006429));
#9147=CARTESIAN_POINT('Ctrl Pts',(-51.4093897208969,-226.230807795486,79.7052909920081));
#9148=CARTESIAN_POINT('Ctrl Pts',(-51.419248501071,-226.237031469844,79.3020838719191));
#9149=CARTESIAN_POINT('Ctrl Pts',(-51.4212995846138,-226.250008677147,78.8988790483947));
#9150=CARTESIAN_POINT('Ctrl Pts',(-51.4038298498623,-226.288165863457,78.0924726618919));
#9151=CARTESIAN_POINT('Ctrl Pts',(-51.3442880893002,-226.342844814111,77.2860703179622));
#9152=CARTESIAN_POINT('Ctrl Pts',(-51.3040328521346,-226.372395450481,76.8828695281492));
#9153=CARTESIAN_POINT('Ctrl Pts',(-51.1581645980009,-226.461857216304,75.6732665332535));
#9154=CARTESIAN_POINT('Ctrl Pts',(-50.9557029802936,-226.545427231213,74.4636580160985));
#9155=CARTESIAN_POINT('Ctrl Pts',(-50.8131361877495,-226.590868869027,73.6572465833978));
#9156=CARTESIAN_POINT('Ctrl Pts',(-50.5368248526769,-226.664867077438,72.0444114313449));
#9157=CARTESIAN_POINT('Ctrl Pts',(-50.2986505021116,-226.709235828351,70.4315510640519));
#9158=CARTESIAN_POINT('Ctrl Pts',(-50.1946164893184,-226.725372525346,69.6251144750562));
#9159=CARTESIAN_POINT('Ctrl Pts',(-50.0192857949547,-226.749061584767,68.0122292174906));
#9160=CARTESIAN_POINT('Ctrl Pts',(-49.9124918501412,-226.759767110778,66.3993207305335));
#9161=CARTESIAN_POINT('Ctrl Pts',(-49.8768975119108,-226.762963487893,65.592860936555));
#9162=CARTESIAN_POINT('Ctrl Pts',(-49.841193704821,-226.766169790349,63.9799306722086));
#9163=CARTESIAN_POINT('Ctrl Pts',(-49.8765738239339,-226.762976350339,62.3669794917285));
#9164=CARTESIAN_POINT('Ctrl Pts',(-49.9120051574315,-226.759777894934,61.5604987883547));
#9165=CARTESIAN_POINT('Ctrl Pts',(-50.0184688324225,-226.749033837334,59.9475271845936));
#9166=CARTESIAN_POINT('Ctrl Pts',(-50.1934611280124,-226.725190217283,58.3345352441279));
#9167=CARTESIAN_POINT('Ctrl Pts',(-50.2973234596818,-226.708936402094,57.5280342184866));
#9168=CARTESIAN_POINT('Ctrl Pts',(-50.5351552638626,-226.664216739384,55.9150220391195));
#9169=CARTESIAN_POINT('Ctrl Pts',(-50.8110985724323,-226.589610222412,54.3019917021763));
#9170=CARTESIAN_POINT('Ctrl Pts',(-50.9534713769513,-226.543791866433,53.4954725593615));
#9171=CARTESIAN_POINT('Ctrl Pts',(-51.1555734173672,-226.45958843561,52.2856895293776));
#9172=CARTESIAN_POINT('Ctrl Pts',(-51.3008885939321,-226.369623812487,51.0759078036335));
#9173=CARTESIAN_POINT('Ctrl Pts',(-51.3409340126791,-226.339931096877,50.6726478073438));
#9174=CARTESIAN_POINT('Ctrl Pts',(-51.399997762457,-226.285054171611,49.866130213342));
#9175=CARTESIAN_POINT('Ctrl Pts',(-51.4168916026497,-226.24685012108,49.0596207756179));
#9176=CARTESIAN_POINT('Ctrl Pts',(-51.4145247178972,-226.233888983099,48.6563688902924));
#9177=CARTESIAN_POINT('Ctrl Pts',(-51.4043854135877,-226.227640815047,48.2531210694874));
#9178=CARTESIAN_POINT('Ctrl Pts',(-51.3858635526407,-226.228147699637,47.8498776101155));
#9179=CARTESIAN_POINT('Ctrl Pts',(-52.2389643976287,-226.834371467286,80.1083721067758));
#9180=CARTESIAN_POINT('Ctrl Pts',(-52.2620925223276,-226.834664940872,79.7051606520326));
#9181=CARTESIAN_POINT('Ctrl Pts',(-52.2722809833824,-226.844231049945,79.3019513069501));
#9182=CARTESIAN_POINT('Ctrl Pts',(-52.2702337544387,-226.863505505728,78.8987439818954));
#9183=CARTESIAN_POINT('Ctrl Pts',(-52.2343252756044,-226.919217753086,78.0923321925926));
#9184=CARTESIAN_POINT('Ctrl Pts',(-52.14066074995,-226.993141404925,77.2859241595943));
#9185=CARTESIAN_POINT('Ctrl Pts',(-52.0806331559803,-227.031200798834,76.8827205724564));
#9186=CARTESIAN_POINT('Ctrl Pts',(-51.8730713451987,-227.142680869836,75.6731096390826));
#9187=CARTESIAN_POINT('Ctrl Pts',(-51.608561926437,-227.238986344155,74.463494896114));
#9188=CARTESIAN_POINT('Ctrl Pts',(-51.4308415142798,-227.290268120501,73.6570803862044));
#9189=CARTESIAN_POINT('Ctrl Pts',(-51.0925334868645,-227.373883058089,72.0442400251055));
#9190=CARTESIAN_POINT('Ctrl Pts',(-50.8089247961686,-227.424498918425,70.4313756388016));
#9191=CARTESIAN_POINT('Ctrl Pts',(-50.6858862939378,-227.443283113504,69.6249371075104));
#9192=CARTESIAN_POINT('Ctrl Pts',(-50.4793101474241,-227.471277451896,68.0120477898676));
#9193=CARTESIAN_POINT('Ctrl Pts',(-50.3542385130909,-227.484475166176,66.3991346424188));
#9194=CARTESIAN_POINT('Ctrl Pts',(-50.3125953757171,-227.488488972112,65.592672298591));
#9195=CARTESIAN_POINT('Ctrl Pts',(-50.2708855767514,-227.492493376238,63.9797364609949));
#9196=CARTESIAN_POINT('Ctrl Pts',(-50.3124343456117,-227.488426465241,62.3667788163232));
#9197=CARTESIAN_POINT('Ctrl Pts',(-50.3539959746996,-227.48437260367,61.5602946734885));
#9198=CARTESIAN_POINT('Ctrl Pts',(-50.4789013704382,-227.471058875959,59.9473158640311));
#9199=CARTESIAN_POINT('Ctrl Pts',(-50.6853003182042,-227.44283384403,58.3343164979566));
#9200=CARTESIAN_POINT('Ctrl Pts',(-50.8082457564073,-227.423895728171,57.5278118157998));
#9201=CARTESIAN_POINT('Ctrl Pts',(-51.0916590952134,-227.372865431144,55.914792784383));
#9202=CARTESIAN_POINT('Ctrl Pts',(-51.4296874925507,-227.288626687686,54.3017576936901));
#9203=CARTESIAN_POINT('Ctrl Pts',(-51.6072363474847,-227.236979766927,53.4952369824107));
#9204=CARTESIAN_POINT('Ctrl Pts',(-51.8713481501253,-227.140095784512,52.2854534092721));
#9205=CARTESIAN_POINT('Ctrl Pts',(-52.0782204675009,-227.028169773302,51.0756744091059));
#9206=CARTESIAN_POINT('Ctrl Pts',(-52.1379816891003,-226.98998506075,50.6724157105389));
#9207=CARTESIAN_POINT('Ctrl Pts',(-52.2310524592108,-226.915883654017,49.8659014972023));
#9208=CARTESIAN_POINT('Ctrl Pts',(-52.2663458865993,-226.860080406298,49.0593966395642));
#9209=CARTESIAN_POINT('Ctrl Pts',(-52.2681160185606,-226.840757271148,48.6561472925491));
#9210=CARTESIAN_POINT('Ctrl Pts',(-52.2576575842058,-226.831129447558,48.2529018581939));
#9211=CARTESIAN_POINT('Ctrl Pts',(-52.2342692649116,-226.830753583876,47.849660546576));
#9212=CARTESIAN_POINT('Ctrl Pts',(-53.0020757299192,-227.52907968838,80.1082694225602));
#9213=CARTESIAN_POINT('Ctrl Pts',(-53.0306021868158,-227.529714825818,79.705056302457));
#9214=CARTESIAN_POINT('Ctrl Pts',(-53.0372907600848,-227.545854891616,79.3018449956866));
#9215=CARTESIAN_POINT('Ctrl Pts',(-53.0222116063461,-227.57871431392,78.8986354223559));
#9216=CARTESIAN_POINT('Ctrl Pts',(-52.9447342163564,-227.655120052873,78.0922187973172));
#9217=CARTESIAN_POINT('Ctrl Pts',(-52.7958285028627,-227.74062659795,77.2858055458931));
#9218=CARTESIAN_POINT('Ctrl Pts',(-52.7085667757313,-227.78181873814,76.8825993367423));
#9219=CARTESIAN_POINT('Ctrl Pts',(-52.4246094543496,-227.89875609073,75.6729807249901));
#9220=CARTESIAN_POINT('Ctrl Pts',(-52.1013629517921,-227.992384621322,74.4633592237749));
#9221=CARTESIAN_POINT('Ctrl Pts',(-51.893500558138,-228.042495235511,73.6569409490012));
#9222=CARTESIAN_POINT('Ctrl Pts',(-51.5041432778174,-228.12444777563,72.0440941026714));
#9223=CARTESIAN_POINT('Ctrl Pts',(-51.1857820227056,-228.175063797914,70.4312246584567));
#9224=CARTESIAN_POINT('Ctrl Pts',(-51.048313114726,-228.194196092818,69.6247837807586));
#9225=CARTESIAN_POINT('Ctrl Pts',(-50.8181762653789,-228.22306624827,68.0118898448411));
#9226=CARTESIAN_POINT('Ctrl Pts',(-50.6794179098195,-228.237114908218,66.3989719277155));
#9227=CARTESIAN_POINT('Ctrl Pts',(-50.633236724248,-228.241434750161,65.592507084289));
#9228=CARTESIAN_POINT('Ctrl Pts',(-50.5870342729592,-228.245731246928,63.9795659690536));
#9229=CARTESIAN_POINT('Ctrl Pts',(-50.6332362870121,-228.241314375364,62.3666025535582));
#9230=CARTESIAN_POINT('Ctrl Pts',(-50.6794162604529,-228.236925887967,61.5601154188722));
#9231=CARTESIAN_POINT('Ctrl Pts',(-50.818169020347,-228.222705402881,59.9471305272255));
#9232=CARTESIAN_POINT('Ctrl Pts',(-51.0482863008705,-228.19355751498,58.334125354303));
#9233=CARTESIAN_POINT('Ctrl Pts',(-51.1857395054697,-228.174251124425,57.5276179531841));
#9234=CARTESIAN_POINT('Ctrl Pts',(-51.5040532852591,-228.123195271934,55.9145942326067));
#9235=CARTESIAN_POINT('Ctrl Pts',(-51.8932564215476,-228.040624607379,54.3015568941551));
#9236=CARTESIAN_POINT('Ctrl Pts',(-52.100999502155,-227.990161269186,53.4950358867576));
#9237=CARTESIAN_POINT('Ctrl Pts',(-52.4239264857593,-227.895966041865,52.2852535917103));
#9238=CARTESIAN_POINT('Ctrl Pts',(-52.70720508726,-227.778508250478,51.0754783372842));
#9239=CARTESIAN_POINT('Ctrl Pts',(-52.7941936749482,-227.737153240477,50.6722211532038));
#9240=CARTESIAN_POINT('Ctrl Pts',(-52.9424456796382,-227.651356777939,49.865710420566));
#9241=CARTESIAN_POINT('Ctrl Pts',(-53.0191595295664,-227.574765964073,49.0592095378753));
#9242=CARTESIAN_POINT('Ctrl Pts',(-53.0338604028484,-227.541859357697,48.6559621898788));
#9243=CARTESIAN_POINT('Ctrl Pts',(-53.0268383231376,-227.525682769574,48.2527186522362));
#9244=CARTESIAN_POINT('Ctrl Pts',(-52.9980180665161,-227.524975835849,47.8494790880337));
#9245=CARTESIAN_POINT('Ctrl Pts',(-53.3636105004502,-227.920186157766,80.1082242149582));
#9246=CARTESIAN_POINT('Ctrl Pts',(-53.3953748156909,-227.921366021193,79.7050103347898));
#9247=CARTESIAN_POINT('Ctrl Pts',(-53.398117872371,-227.940072175852,79.3017981204907));
#9248=CARTESIAN_POINT('Ctrl Pts',(-53.370639621047,-227.977798027171,78.8985874943022));
#9249=CARTESIAN_POINT('Ctrl Pts',(-53.2597400610833,-228.059285459641,78.092168591634));
#9250=CARTESIAN_POINT('Ctrl Pts',(-53.0752877279118,-228.144409255961,77.2857528551346));
#9251=CARTESIAN_POINT('Ctrl Pts',(-52.9726562588526,-228.184291412971,76.8825453883811));
#9252=CARTESIAN_POINT('Ctrl Pts',(-52.6482721931612,-228.296293056907,75.6729230517991));
#9253=CARTESIAN_POINT('Ctrl Pts',(-52.2998863583348,-228.383757811499,74.4632981440875));
#9254=CARTESIAN_POINT('Ctrl Pts',(-52.0794011029708,-228.431185329028,73.6568778983551));
#9255=CARTESIAN_POINT('Ctrl Pts',(-51.6693374570559,-228.509094034487,72.0440275929478));
#9256=CARTESIAN_POINT('Ctrl Pts',(-51.3373720582256,-228.558043357357,70.4311554042545));
#9257=CARTESIAN_POINT('Ctrl Pts',(-51.1942370706138,-228.576724797569,69.6247132667863));
#9258=CARTESIAN_POINT('Ctrl Pts',(-50.9548541724655,-228.605098016225,68.0118168970766));
#9259=CARTESIAN_POINT('Ctrl Pts',(-50.8107053936547,-228.619113003678,66.3988965750944));
#9260=CARTESIAN_POINT('Ctrl Pts',(-50.7627309582428,-228.6234403159,65.5924304989831));
#9261=CARTESIAN_POINT('Ctrl Pts',(-50.7147578539899,-228.627738974772,63.9794868313991));
#9262=CARTESIAN_POINT('Ctrl Pts',(-50.7628091893141,-228.623295675917,62.3665207233531));
#9263=CARTESIAN_POINT('Ctrl Pts',(-50.8108217077725,-228.618887895666,61.5600322159534));
#9264=CARTESIAN_POINT('Ctrl Pts',(-50.9550432673456,-228.604678745964,59.947044586814));
#9265=CARTESIAN_POINT('Ctrl Pts',(-51.1944837182971,-228.576011167046,58.3340369253949));
#9266=CARTESIAN_POINT('Ctrl Pts',(-51.3376411202769,-228.557149338726,57.527528399423));
#9267=CARTESIAN_POINT('Ctrl Pts',(-51.6696332157951,-228.507755317367,55.9145028503776));
#9268=CARTESIAN_POINT('Ctrl Pts',(-52.0796169581968,-228.429235379549,54.3014649270557));
#9269=CARTESIAN_POINT('Ctrl Pts',(-52.3000169275053,-228.381461221742,53.4949440312319));
#9270=CARTESIAN_POINT('Ctrl Pts',(-52.6481592170274,-228.293430938313,52.2851626923255));
#9271=CARTESIAN_POINT('Ctrl Pts',(-52.9719226551732,-228.180851703887,51.0753894066867));
#9272=CARTESIAN_POINT('Ctrl Pts',(-53.0742967476779,-228.14077887119,50.6721329824107));
#9273=CARTESIAN_POINT('Ctrl Pts',(-53.2580803868918,-228.055287855027,49.8656239136842));
#9274=CARTESIAN_POINT('Ctrl Pts',(-53.3680353159294,-227.973514481894,49.0591248043663));
#9275=CARTESIAN_POINT('Ctrl Pts',(-53.3949560124193,-227.935679945624,48.655878318339));
#9276=CARTESIAN_POINT('Ctrl Pts',(-53.3917891558531,-227.916919509149,48.2526356194237));
#9277=CARTESIAN_POINT('Ctrl Pts',(-53.3597154348922,-227.915678224948,47.8493968467662));
#9278=CARTESIAN_POINT('Ctrl Pts',(-53.9503850319355,-228.846539982102,80.1081452453833));
#9279=CARTESIAN_POINT('Ctrl Pts',(-53.9915005485197,-228.851884210828,79.704929981424));
#9280=CARTESIAN_POINT('Ctrl Pts',(-53.9770408036952,-228.867483203712,79.3017161159414));
#9281=CARTESIAN_POINT('Ctrl Pts',(-53.9035422397476,-228.894354053773,78.8985035778417));
#9282=CARTESIAN_POINT('Ctrl Pts',(-53.7163927146612,-228.952520187121,78.0920804770856));
#9283=CARTESIAN_POINT('Ctrl Pts',(-53.4733657504176,-229.013038941522,77.2856600629344));
#9284=CARTESIAN_POINT('Ctrl Pts',(-53.3477603142961,-229.04166358531,76.8824502052064));
#9285=CARTESIAN_POINT('Ctrl Pts',(-52.9650719206192,-229.123232360983,75.6728207168554));
#9286=CARTESIAN_POINT('Ctrl Pts',(-52.5850846467713,-229.190502530584,74.4631890574788));
#9287=CARTESIAN_POINT('Ctrl Pts',(-52.3480491126622,-229.228706545391,73.6567647975862));
#9288=CARTESIAN_POINT('Ctrl Pts',(-51.9113964344986,-229.293137677888,72.0439073396915));
#9289=CARTESIAN_POINT('Ctrl Pts',(-51.5616849942149,-229.336011134375,70.4310293744159));
#9290=CARTESIAN_POINT('Ctrl Pts',(-51.4110143463005,-229.352720500784,69.6245845955407));
#9291=CARTESIAN_POINT('Ctrl Pts',(-51.1591702794985,-229.378473151224,68.0116831900244));
#9292=CARTESIAN_POINT('Ctrl Pts',(-51.0075658127785,-229.391579185332,66.3987580637574));
#9293=CARTESIAN_POINT('Ctrl Pts',(-50.9570898091854,-229.39564934997,65.5922895745726));
#9294=CARTESIAN_POINT('Ctrl Pts',(-50.9066578575525,-229.399683493234,63.9793410061479));
#9295=CARTESIAN_POINT('Ctrl Pts',(-50.9573201448685,-229.39546528043,62.366369917616));
#9296=CARTESIAN_POINT('Ctrl Pts',(-51.0079101058696,-229.391295760783,61.559878917419));
#9297=CARTESIAN_POINT('Ctrl Pts',(-51.1597381817298,-229.377961277948,59.9468864202829));
#9298=CARTESIAN_POINT('Ctrl Pts',(-51.4117880806561,-229.351893256884,58.3338745693876));
#9299=CARTESIAN_POINT('Ctrl Pts',(-51.562554702309,-229.334997624998,57.5273642264441));
#9300=CARTESIAN_POINT('Ctrl Pts',(-51.9124372836412,-229.291683142987,55.9143359378053));
#9301=CARTESIAN_POINT('Ctrl Pts',(-52.349168682916,-229.226669235761,54.3012977231523));
#9302=CARTESIAN_POINT('Ctrl Pts',(-52.5862052729083,-229.188137061276,53.4947774492346));
#9303=CARTESIAN_POINT('Ctrl Pts',(-52.9661162724953,-229.120324566849,52.2849984465529));
#9304=CARTESIAN_POINT('Ctrl Pts',(-53.3484689708402,-229.038111133268,51.0752291951235));
#9305=CARTESIAN_POINT('Ctrl Pts',(-53.4739259313654,-229.009259811614,50.6719742816993));
#9306=CARTESIAN_POINT('Ctrl Pts',(-53.716550597067,-228.948253588946,49.8654684673643));
#9307=CARTESIAN_POINT('Ctrl Pts',(-53.9029739822937,-228.889600221008,49.05897280074));
#9308=CARTESIAN_POINT('Ctrl Pts',(-53.9759648152099,-228.862499461795,48.6557280231037));
#9309=CARTESIAN_POINT('Ctrl Pts',(-53.9898699200855,-228.846758410864,48.2524868973011));
#9310=CARTESIAN_POINT('Ctrl Pts',(-53.948306057063,-228.841320136593,47.849249529965));
#9311=CARTESIAN_POINT('Ctrl Pts',(-53.9480036572207,-229.890684916493,80.1080880642759));
#9312=CARTESIAN_POINT('Ctrl Pts',(-53.99067733822,-229.901962949206,79.704871693197));
#9313=CARTESIAN_POINT('Ctrl Pts',(-53.978941368874,-229.910254286558,79.3016564750061));
#9314=CARTESIAN_POINT('Ctrl Pts',(-53.9097100357477,-229.915002007612,78.8984423441961));
#9315=CARTESIAN_POINT('Ctrl Pts',(-53.7328115064716,-229.926530990178,78.0920156836487));
#9316=CARTESIAN_POINT('Ctrl Pts',(-53.4999395871867,-229.943231244781,77.2855911747703));
#9317=CARTESIAN_POINT('Ctrl Pts',(-53.3788295817781,-229.953445820999,76.8823791891559));
#9318=CARTESIAN_POINT('Ctrl Pts',(-53.0082791572231,-229.987159193588,75.6727432232307));
#9319=CARTESIAN_POINT('Ctrl Pts',(-52.6364623960691,-230.026611770519,74.4631051145563));
#9320=CARTESIAN_POINT('Ctrl Pts',(-52.4034310515652,-230.051733738728,73.6566768512659));
#9321=CARTESIAN_POINT('Ctrl Pts',(-51.9724336954871,-230.096797077234,72.0438120689469));
#9322=CARTESIAN_POINT('Ctrl Pts',(-51.6247244831947,-230.129986072468,70.4309279996309));
#9323=CARTESIAN_POINT('Ctrl Pts',(-51.4744108149998,-230.143220527658,69.6244804377899));
#9324=CARTESIAN_POINT('Ctrl Pts',(-51.2225598358323,-230.163929216981,68.0115738254483));
#9325=CARTESIAN_POINT('Ctrl Pts',(-51.070309355627,-230.174732981493,66.3986440091947));
#9326=CARTESIAN_POINT('Ctrl Pts',(-51.0195528749222,-230.178084214313,65.5921732510526));
#9327=CARTESIAN_POINT('Ctrl Pts',(-50.9688764650328,-230.181396974389,63.9792202495972));
#9328=CARTESIAN_POINT('Ctrl Pts',(-51.0199219561667,-230.177877456915,62.3662450089849));
#9329=CARTESIAN_POINT('Ctrl Pts',(-51.0708613171608,-230.174416635075,61.5597520200141));
#9330=CARTESIAN_POINT('Ctrl Pts',(-51.2234711956405,-230.163368568109,59.9467558368566));
#9331=CARTESIAN_POINT('Ctrl Pts',(-51.4756592976381,-230.1423442093,58.3337412609654));
#9332=CARTESIAN_POINT('Ctrl Pts',(-51.6261335711867,-230.128928734044,57.5272298875823));
#9333=CARTESIAN_POINT('Ctrl Pts',(-51.9741409031937,-230.095324102335,55.9142004751774));
#9334=CARTESIAN_POINT('Ctrl Pts',(-52.4053628990394,-230.049733862024,54.3011634096176));
#9335=CARTESIAN_POINT('Ctrl Pts',(-52.6384815008666,-230.024319022134,53.4946443749134));
#9336=CARTESIAN_POINT('Ctrl Pts',(-53.0103763118797,-229.9843868989,52.2848683051635));
#9337=CARTESIAN_POINT('Ctrl Pts',(-53.3809158077394,-229.950097929596,51.0751031061114));
#9338=CARTESIAN_POINT('Ctrl Pts',(-53.5020095218946,-229.939679587637,50.6718496407417));
#9339=CARTESIAN_POINT('Ctrl Pts',(-53.7348397156339,-229.922535649938,49.8653468312518));
#9340=CARTESIAN_POINT('Ctrl Pts',(-53.9115785538172,-229.910508512931,49.0588541549016));
#9341=CARTESIAN_POINT('Ctrl Pts',(-53.9807047986674,-229.90549420424,48.655610812398));
#9342=CARTESIAN_POINT('Ctrl Pts',(-53.9920595724061,-229.896983586056,48.2523709738789));
#9343=CARTESIAN_POINT('Ctrl Pts',(-53.9488941745747,-229.885540036612,47.8491347287159));
#9344=CARTESIAN_POINT('Ctrl Pts',(-53.7331502474676,-230.411865280667,80.1080646264913));
#9345=CARTESIAN_POINT('Ctrl Pts',(-53.7720849075196,-230.426371915017,79.7048477710773));
#9346=CARTESIAN_POINT('Ctrl Pts',(-53.774007940252,-230.43045668559,79.3016319459688));
#9347=CARTESIAN_POINT('Ctrl Pts',(-53.736974418399,-230.423092202485,78.898417088185));
#9348=CARTESIAN_POINT('Ctrl Pts',(-53.6079166065894,-230.412403269003,78.0919887964579));
#9349=CARTESIAN_POINT('Ctrl Pts',(-53.4073026335519,-230.409046129091,77.285562387005));
#9350=CARTESIAN_POINT('Ctrl Pts',(-53.2982544031692,-230.410659730206,76.8823494068146));
#9351=CARTESIAN_POINT('Ctrl Pts',(-52.9577859684035,-230.421771081902,75.6727103901094));
#9352=CARTESIAN_POINT('Ctrl Pts',(-52.6010002479734,-230.447433772055,74.4630691763657));
#9353=CARTESIAN_POINT('Ctrl Pts',(-52.3759031342645,-230.465968110386,73.6566389525357));
#9354=CARTESIAN_POINT('Ctrl Pts',(-51.9565396802677,-230.501072375814,72.0437705403966));
#9355=CARTESIAN_POINT('Ctrl Pts',(-51.6150029093525,-230.528980198679,70.430883400254));
#9356=CARTESIAN_POINT('Ctrl Pts',(-51.4669254223623,-230.540258939066,69.6244344372658));
#9357=CARTESIAN_POINT('Ctrl Pts',(-51.2182946948359,-230.558044992091,68.0115252206708));
#9358=CARTESIAN_POINT('Ctrl Pts',(-51.0674676090525,-230.567421110025,66.3985931140286));
#9359=CARTESIAN_POINT('Ctrl Pts',(-51.017140252791,-230.570317819964,65.5921212673712));
#9360=CARTESIAN_POINT('Ctrl Pts',(-50.9669088208575,-230.573175678554,63.9791661814322));
#9361=CARTESIAN_POINT('Ctrl Pts',(-51.0175746407112,-230.570103541486,62.3661890766151));
#9362=CARTESIAN_POINT('Ctrl Pts',(-51.0681172201153,-230.567094073893,61.5596952189035));
#9363=CARTESIAN_POINT('Ctrl Pts',(-51.2193670424577,-230.557469747789,59.946697480017));
#9364=CARTESIAN_POINT('Ctrl Pts',(-51.4683950322553,-230.539372109174,58.3336818796753));
#9365=CARTESIAN_POINT('Ctrl Pts',(-51.6166623185039,-230.527917183173,57.5271701675805));
#9366=CARTESIAN_POINT('Ctrl Pts',(-51.9585539228816,-230.499610594181,55.9141405416791));
#9367=CARTESIAN_POINT('Ctrl Pts',(-52.3782034759241,-230.464014022406,54.3011043305247));
#9368=CARTESIAN_POINT('Ctrl Pts',(-52.6034206480755,-230.445209952655,53.4945860239426));
#9369=CARTESIAN_POINT('Ctrl Pts',(-52.9603497797711,-230.419109236319,52.2848115056971));
#9370=CARTESIAN_POINT('Ctrl Pts',(-53.3008990052295,-230.407503450336,51.0750482951036));
#9371=CARTESIAN_POINT('Ctrl Pts',(-53.4099654446941,-230.405718217457,50.671795527463));
#9372=CARTESIAN_POINT('Ctrl Pts',(-53.6106021199007,-230.408719623988,49.8652941388839));
#9373=CARTESIAN_POINT('Ctrl Pts',(-53.7395417809656,-230.419012077887,49.0588028232956));
#9374=CARTESIAN_POINT('Ctrl Pts',(-53.7764592209599,-230.426160953972,48.6555601160981));
#9375=CARTESIAN_POINT('Ctrl Pts',(-53.7742642842481,-230.421833233884,48.2523208500731));
#9376=CARTESIAN_POINT('Ctrl Pts',(-53.7349347014789,-230.407112966729,47.8490851060593));
#9377=CARTESIAN_POINT('Ctrl Pts',(-53.2073735558251,-231.333483796603,80.1080273746612));
#9378=CARTESIAN_POINT('Ctrl Pts',(-53.2431576302999,-231.351242225223,79.7048096821525));
#9379=CARTESIAN_POINT('Ctrl Pts',(-53.2588956105908,-231.356322472334,79.3015927869844));
#9380=CARTESIAN_POINT('Ctrl Pts',(-53.2548089204641,-231.347481599159,78.8983766306571));
#9381=CARTESIAN_POINT('Ctrl Pts',(-53.1977267080787,-231.326012110915,78.0919453847734));
#9382=CARTESIAN_POINT('Ctrl Pts',(-53.0665695144124,-231.304450524149,77.2855154706326));
#9383=CARTESIAN_POINT('Ctrl Pts',(-52.9873224737816,-231.29652272027,76.8823006430941));
#9384=CARTESIAN_POINT('Ctrl Pts',(-52.7252842853338,-231.280125511353,75.6726559205491));
#9385=CARTESIAN_POINT('Ctrl Pts',(-52.4172019462761,-231.283528691661,74.4630087872599));
#9386=CARTESIAN_POINT('Ctrl Pts',(-52.2163017454049,-231.291225267876,73.6565747744229));
#9387=CARTESIAN_POINT('Ctrl Pts',(-51.8347069952564,-231.308900552254,72.043699278627));
#9388=CARTESIAN_POINT('Ctrl Pts',(-51.5147526878021,-231.326525164789,70.4308060716511));
#9389=CARTESIAN_POINT('Ctrl Pts',(-51.3748366118702,-231.333855092328,69.624354337639));
#9390=CARTESIAN_POINT('Ctrl Pts',(-51.1385090569515,-231.345521682158,68.0114399977171));
#9391=CARTESIAN_POINT('Ctrl Pts',(-50.9937605526398,-231.351685227133,66.398503477185));
#9392=CARTESIAN_POINT('Ctrl Pts',(-50.9453474919511,-231.353540424595,65.592029566828));
#9393=CARTESIAN_POINT('Ctrl Pts',(-50.8970584777087,-231.355356580316,63.9790706051409));
#9394=CARTESIAN_POINT('Ctrl Pts',(-50.9459034716145,-231.353317562398,62.3660901959036));
#9395=CARTESIAN_POINT('Ctrl Pts',(-50.9945917263604,-231.351346503465,61.5595948446848));
#9396=CARTESIAN_POINT('Ctrl Pts',(-51.1398794798843,-231.344933387852,59.9465945369226));
#9397=CARTESIAN_POINT('Ctrl Pts',(-51.3767115961061,-231.332969469381,58.3335774946232));
#9398=CARTESIAN_POINT('Ctrl Pts',(-51.5168682059662,-231.32547590665,57.5270654136854));
#9399=CARTESIAN_POINT('Ctrl Pts',(-51.8372728961076,-231.307491427693,55.9140359495372));
#9400=CARTESIAN_POINT('Ctrl Pts',(-52.2192419135432,-231.289397954432,54.301001881137));
#9401=CARTESIAN_POINT('Ctrl Pts',(-52.4203031922786,-231.28147962056,53.4944851857017));
#9402=CARTESIAN_POINT('Ctrl Pts',(-52.7286027758242,-231.27772982264,52.2847138642332));
#9403=CARTESIAN_POINT('Ctrl Pts',(-52.9907505903231,-231.29378578801,51.0749545221352));
#9404=CARTESIAN_POINT('Ctrl Pts',(-53.0700185988798,-231.301601048906,50.6717030915805));
#9405=CARTESIAN_POINT('Ctrl Pts',(-53.2011587607462,-231.322950699956,49.8652043906738));
#9406=CARTESIAN_POINT('Ctrl Pts',(-53.2580261040292,-231.344200929866,49.0587156039097));
#9407=CARTESIAN_POINT('Ctrl Pts',(-53.2619285711548,-231.352931885924,48.6554740780103));
#9408=CARTESIAN_POINT('Ctrl Pts',(-53.2459654376935,-231.347654091068,48.2522358523606));
#9409=CARTESIAN_POINT('Ctrl Pts',(-53.2098930347841,-231.3296573603,47.8490009930077));
#9410=CARTESIAN_POINT('Ctrl Pts',(-52.5192986538055,-232.102225577498,80.1080081160924));
#9411=CARTESIAN_POINT('Ctrl Pts',(-52.5539715011814,-232.121158565681,79.704789843707));
#9412=CARTESIAN_POINT('Ctrl Pts',(-52.5751706026805,-232.133457967584,79.3015721545346));
#9413=CARTESIAN_POINT('Ctrl Pts',(-52.583463849064,-232.138609771048,78.8983549931627));
#9414=CARTESIAN_POINT('Ctrl Pts',(-52.5695099141227,-232.137026423251,78.09192138928));
#9415=CARTESIAN_POINT('Ctrl Pts',(-52.498403173642,-232.124533665689,77.2854885612161));
#9416=CARTESIAN_POINT('Ctrl Pts',(-52.4495779348886,-232.118258520586,76.8822721731562));
#9417=CARTESIAN_POINT('Ctrl Pts',(-52.2740936238643,-232.102421691552,75.6726225612921));
#9418=CARTESIAN_POINT('Ctrl Pts',(-52.0349731435633,-232.097132848095,74.4629701634468));
#9419=CARTESIAN_POINT('Ctrl Pts',(-51.8691622004194,-232.099358804609,73.6565326986708));
#9420=CARTESIAN_POINT('Ctrl Pts',(-51.5452635164868,-232.106435852338,72.043650638623));
#9421=CARTESIAN_POINT('Ctrl Pts',(-51.2613458885316,-232.115424058107,70.43075169286));
#9422=CARTESIAN_POINT('Ctrl Pts',(-51.1355001722064,-232.119080317722,69.6242973338236));
#9423=CARTESIAN_POINT('Ctrl Pts',(-50.9210894579319,-232.124577359929,68.0113781880752));
#9424=CARTESIAN_POINT('Ctrl Pts',(-50.7879134686952,-232.127008569054,66.3984376892084));
#9425=CARTESIAN_POINT('Ctrl Pts',(-50.7432210593301,-232.127613088882,65.5919619798374));
#9426=CARTESIAN_POINT('Ctrl Pts',(-50.6986758788731,-232.128178768965,63.9789997791993));
#9427=CARTESIAN_POINT('Ctrl Pts',(-50.7438802193028,-232.127392190438,62.3660169099591));
#9428=CARTESIAN_POINT('Ctrl Pts',(-50.788898200996,-232.126673885348,61.5595205374283));
#9429=CARTESIAN_POINT('Ctrl Pts',(-50.9227093403053,-232.124001689699,59.9465186841965));
#9430=CARTESIAN_POINT('Ctrl Pts',(-51.1377057950296,-232.118229544234,58.333501293099));
#9431=CARTESIAN_POINT('Ctrl Pts',(-51.2638275951861,-232.114425368011,57.5269893857767));
#9432=CARTESIAN_POINT('Ctrl Pts',(-51.5482549176153,-232.105120335712,55.9139610878801));
#9433=CARTESIAN_POINT('Ctrl Pts',(-51.8725529686991,-232.097696120818,54.3009298437628));
#9434=CARTESIAN_POINT('Ctrl Pts',(-52.0385277817612,-232.095290751373,53.4944149804779));
#9435=CARTESIAN_POINT('Ctrl Pts',(-52.2778385414697,-232.100316914836,52.284646940821));
#9436=CARTESIAN_POINT('Ctrl Pts',(-52.4533280927218,-232.11590121459,51.0748912133157));
#9437=CARTESIAN_POINT('Ctrl Pts',(-52.5021293181543,-232.122093124852,50.671640999038));
#9438=CARTESIAN_POINT('Ctrl Pts',(-52.5731126645891,-232.134417404881,49.8651446854757));
#9439=CARTESIAN_POINT('Ctrl Pts',(-52.5867830258963,-232.135787260421,49.0586580447287));
#9440=CARTESIAN_POINT('Ctrl Pts',(-52.5783080846968,-232.130505697475,48.6554174951506));
#9441=CARTESIAN_POINT('Ctrl Pts',(-52.5568926804421,-232.118047458973,48.2521801003064));
#9442=CARTESIAN_POINT('Ctrl Pts',(-52.5219632875165,-232.09892170417,47.8489459176533));
#9443=CARTESIAN_POINT('Ctrl Pts',(-52.1536038526697,-232.471030732127,80.1080026718576));
#9444=CARTESIAN_POINT('Ctrl Pts',(-52.1876038282415,-232.491173535466,79.7047841723371));
#9445=CARTESIAN_POINT('Ctrl Pts',(-52.2112314464591,-232.505315659307,79.3015661522666));
#9446=CARTESIAN_POINT('Ctrl Pts',(-52.2249946779048,-232.513224188506,78.8983485576446));
#9447=CARTESIAN_POINT('Ctrl Pts',(-52.2265171374933,-232.519486527979,78.0919139187859));
#9448=CARTESIAN_POINT('Ctrl Pts',(-52.1783435882003,-232.514339975836,77.2854797804854));
#9449=CARTESIAN_POINT('Ctrl Pts',(-52.1421709335558,-232.510787102554,76.8822626845181));
#9450=CARTESIAN_POINT('Ctrl Pts',(-52.0048865565133,-232.500717036152,75.6726108380569));
#9451=CARTESIAN_POINT('Ctrl Pts',(-51.8010483531245,-232.49535388894,74.4629559899691));
#9452=CARTESIAN_POINT('Ctrl Pts',(-51.6540586166298,-232.496387909289,73.6565169015734));
#9453=CARTESIAN_POINT('Ctrl Pts',(-51.3617299987647,-232.500388274605,72.0436317311182));
#9454=CARTESIAN_POINT('Ctrl Pts',(-51.0984490340378,-232.505756297386,70.4307300428478));
#9455=CARTESIAN_POINT('Ctrl Pts',(-50.9807517479203,-232.507737040017,69.6242744288132));
#9456=CARTESIAN_POINT('Ctrl Pts',(-50.7791800285169,-232.510267596886,68.0113529965789));
#9457=CARTESIAN_POINT('Ctrl Pts',(-50.6529236644408,-232.510753593369,66.3984106430502));
#9458=CARTESIAN_POINT('Ctrl Pts',(-50.6104674172209,-232.510695114513,65.5919341099024));
#9459=CARTESIAN_POINT('Ctrl Pts',(-50.5681693146443,-232.510597787048,63.9789704616288));
#9460=CARTESIAN_POINT('Ctrl Pts',(-50.6111734655006,-232.510477239286,62.365986572537));
#9461=CARTESIAN_POINT('Ctrl Pts',(-50.6539780307897,-232.510423942435,61.5594898033997));
#9462=CARTESIAN_POINT('Ctrl Pts',(-50.7809122597028,-232.509702996004,59.9464874176603));
#9463=CARTESIAN_POINT('Ctrl Pts',(-50.9831037025808,-232.506909383669,58.3334700949756));
#9464=CARTESIAN_POINT('Ctrl Pts',(-51.1010910494121,-232.504788723611,57.5269583912267));
#9465=CARTESIAN_POINT('Ctrl Pts',(-51.3649020939543,-232.499124887108,55.9139308839727));
#9466=CARTESIAN_POINT('Ctrl Pts',(-51.6576281163853,-232.494808788619,54.3009011755931));
#9467=CARTESIAN_POINT('Ctrl Pts',(-51.804774930476,-232.493613297723,53.4943872613692));
#9468=CARTESIAN_POINT('Ctrl Pts',(-52.0087700960119,-232.498746271138,52.2846208587319));
#9469=CARTESIAN_POINT('Ctrl Pts',(-52.1460077433632,-232.508582262841,51.0748668655015));
#9470=CARTESIAN_POINT('Ctrl Pts',(-52.182137667362,-232.512055505736,50.6716172279478));
#9471=CARTESIAN_POINT('Ctrl Pts',(-52.2301587766599,-232.517028924509,49.8651220334232));
#9472=CARTESIAN_POINT('Ctrl Pts',(-52.2283515129791,-232.510532462239,49.0586363728608));
#9473=CARTESIAN_POINT('Ctrl Pts',(-52.2144150562058,-232.50248127429,48.6553962614726));
#9474=CARTESIAN_POINT('Ctrl Pts',(-52.1905838432107,-232.488176025686,48.2521592335129));
#9475=CARTESIAN_POINT('Ctrl Pts',(-52.1563392922628,-232.467851045801,47.8489253425258));
#9476=CARTESIAN_POINT('Ctrl Pts',(-51.0071848852206,-233.539560777709,80.1079979365897));
#9477=CARTESIAN_POINT('Ctrl Pts',(-51.0392290844904,-233.563265688926,79.7047789376803));
#9478=CARTESIAN_POINT('Ctrl Pts',(-51.0682229336128,-233.582908867414,79.3015601193388));
#9479=CARTESIAN_POINT('Ctrl Pts',(-51.0947217262554,-233.59851247907,78.8983414307844));
#9480=CARTESIAN_POINT('Ctrl Pts',(-51.1342823732112,-233.624695814163,78.0919041091637));
#9481=CARTESIAN_POINT('Ctrl Pts',(-51.1435343471619,-233.640707516999,77.2854664734728));
#9482=CARTESIAN_POINT('Ctrl Pts',(-51.1393419500459,-233.646456409397,76.8822474697651));
#9483=CARTESIAN_POINT('Ctrl Pts',(-51.1012734960973,-233.659025522624,75.6725895546286));
#9484=CARTESIAN_POINT('Ctrl Pts',(-50.9960664805455,-233.66170822133,74.4629279330295));
#9485=CARTESIAN_POINT('Ctrl Pts',(-50.9050190422102,-233.662873416413,73.6564843146805));
#9486=CARTESIAN_POINT('Ctrl Pts',(-50.7084142290665,-233.663006131902,72.0435904137369));
#9487=CARTESIAN_POINT('Ctrl Pts',(-50.5109191619104,-233.659462338178,70.4306809812819));
#9488=CARTESIAN_POINT('Ctrl Pts',(-50.4195822800183,-233.656840377132,69.624221825709));
#9489=CARTESIAN_POINT('Ctrl Pts',(-50.260036227588,-233.650776762125,68.0112939763143));
#9490=CARTESIAN_POINT('Ctrl Pts',(-50.1569207387976,-233.645181914557,66.3983465297997));
#9491=CARTESIAN_POINT('Ctrl Pts',(-50.1219801388735,-233.643016996679,65.5918677778051));
#9492=CARTESIAN_POINT('Ctrl Pts',(-50.0872298079687,-233.64081325233,63.9789003343405));
#9493=CARTESIAN_POINT('Ctrl Pts',(-50.1228135090118,-233.642812562177,62.3659140099786));
#9494=CARTESIAN_POINT('Ctrl Pts',(-50.1581637881748,-233.644873726182,61.5594163801629));
#9495=CARTESIAN_POINT('Ctrl Pts',(-50.2620707058712,-233.650254954959,59.9464130717028));
#9496=CARTESIAN_POINT('Ctrl Pts',(-50.4223210183148,-233.65609192367,58.3333966028175));
#9497=CARTESIAN_POINT('Ctrl Pts',(-50.5139802816154,-233.658596999746,57.5268858130297));
#9498=CARTESIAN_POINT('Ctrl Pts',(-50.7120440361087,-233.661902864436,55.9138611986805));
#9499=CARTESIAN_POINT('Ctrl Pts',(-50.9090139456921,-233.66153288966,54.3008363736421));
#9500=CARTESIAN_POINT('Ctrl Pts',(-51.0001819185884,-233.660250658523,53.4943253650999));
#9501=CARTESIAN_POINT('Ctrl Pts',(-51.1054378271721,-233.657402908045,52.2845638231688));
#9502=CARTESIAN_POINT('Ctrl Pts',(-51.1433160671547,-233.644641063583,51.0748148058839));
#9503=CARTESIAN_POINT('Ctrl Pts',(-51.1474164280371,-233.638822412903,50.6715668048838));
#9504=CARTESIAN_POINT('Ctrl Pts',(-51.1379240615259,-233.622652212595,49.8650747505133));
#9505=CARTESIAN_POINT('Ctrl Pts',(-51.0980282890695,-233.596264227554,49.0585917724866));
#9506=CARTESIAN_POINT('Ctrl Pts',(-51.0713414688875,-233.580547162368,48.655352839249));
#9507=CARTESIAN_POINT('Ctrl Pts',(-51.0421531496777,-233.560763378435,48.2521167784296));
#9508=CARTESIAN_POINT('Ctrl Pts',(-51.0098915057992,-233.536898127495,47.8488836343745));
#9509=CARTESIAN_POINT('Ctrl Pts',(-49.7766990820143,-234.495826918862,80.1080251365441));
#9510=CARTESIAN_POINT('Ctrl Pts',(-49.8070474658383,-234.522418286078,79.7048061679343));
#9511=CARTESIAN_POINT('Ctrl Pts',(-49.8356939450079,-234.548461021814,79.3015871136878));
#9512=CARTESIAN_POINT('Ctrl Pts',(-49.8630928884347,-234.574047432226,78.8983679254058));
#9513=CARTESIAN_POINT('Ctrl Pts',(-49.9125703399485,-234.620486676944,78.0919291541505));
#9514=CARTESIAN_POINT('Ctrl Pts',(-49.9457015493507,-234.658682855812,77.2854893010405));
#9515=CARTESIAN_POINT('Ctrl Pts',(-49.9569083937227,-234.675608496468,76.8822690314314));
#9516=CARTESIAN_POINT('Ctrl Pts',(-49.973134596811,-234.719537486069,75.6726069528349));
#9517=CARTESIAN_POINT('Ctrl Pts',(-49.9388980554182,-234.743867906088,74.462940348378));
#9518=CARTESIAN_POINT('Ctrl Pts',(-49.8953073808418,-234.752310956259,73.656493293841));
#9519=CARTESIAN_POINT('Ctrl Pts',(-49.7858664136142,-234.75838265745,72.0435926514328));
#9520=CARTESIAN_POINT('Ctrl Pts',(-49.6571236577774,-234.749004739476,70.4306771599551));
#9521=CARTESIAN_POINT('Ctrl Pts',(-49.5945873204129,-234.742116955962,69.6242152523749));
#9522=CARTESIAN_POINT('Ctrl Pts',(-49.4823968563706,-234.727070172064,68.0112825342136));
#9523=CARTESIAN_POINT('Ctrl Pts',(-49.4068501630544,-234.71412496027,66.3983315729058));
#9524=CARTESIAN_POINT('Ctrl Pts',(-49.3809833577878,-234.709338771601,65.5918514221806));
#9525=CARTESIAN_POINT('Ctrl Pts',(-49.3553372258604,-234.704514693215,63.9788819066913));
#9526=CARTESIAN_POINT('Ctrl Pts',(-49.3819080633382,-234.709156919464,62.3658950056056));
#9527=CARTESIAN_POINT('Ctrl Pts',(-49.4082275611023,-234.713851352562,61.5593974709583));
#9528=CARTESIAN_POINT('Ctrl Pts',(-49.4846410395917,-234.726609839281,59.9463951539851));
#9529=CARTESIAN_POINT('Ctrl Pts',(-49.5975775866692,-234.741463310067,58.3333812984109));
#9530=CARTESIAN_POINT('Ctrl Pts',(-49.6604459536966,-234.748252628494,57.5268722246132));
#9531=CARTESIAN_POINT('Ctrl Pts',(-49.7897461125847,-234.757432116835,55.9138518397729));
#9532=CARTESIAN_POINT('Ctrl Pts',(-49.8994723320924,-234.751158418171,54.3008325272844));
#9533=CARTESIAN_POINT('Ctrl Pts',(-49.9431237354661,-234.742613901065,53.4943245193356));
#9534=CARTESIAN_POINT('Ctrl Pts',(-49.9772982353028,-234.718123159283,52.2845676147329));
#9535=CARTESIAN_POINT('Ctrl Pts',(-49.9607834876249,-234.674002229251,51.0748228990694));
#9536=CARTESIAN_POINT('Ctrl Pts',(-49.9494555209444,-234.657007999348,50.6715762650782));
#9537=CARTESIAN_POINT('Ctrl Pts',(-49.9160352066574,-234.61866569304,49.8650867405256));
#9538=CARTESIAN_POINT('Ctrl Pts',(-49.8661864317033,-234.572056005216,49.0586057472715));
#9539=CARTESIAN_POINT('Ctrl Pts',(-49.8385851078754,-234.546376532814,48.6553676417511));
#9540=CARTESIAN_POINT('Ctrl Pts',(-49.8097194022593,-234.520231352633,48.2521321932601));
#9541=CARTESIAN_POINT('Ctrl Pts',(-49.7791353217226,-234.493514911009,47.8488994387103));
#9542=CARTESIAN_POINT('Ctrl Pts',(-48.9438765017634,-235.118944586698,80.1080549210756));
#9543=CARTESIAN_POINT('Ctrl Pts',(-48.9724085403576,-235.147654850854,79.7048361924249));
#9544=CARTESIAN_POINT('Ctrl Pts',(-49.0008389333574,-235.176555192015,79.3016172152662));
#9545=CARTESIAN_POINT('Ctrl Pts',(-49.0295156419709,-235.205864023441,78.8983979421211));
#9546=CARTESIAN_POINT('Ctrl Pts',(-49.0832236243793,-235.262293572772,78.0919587214837));
#9547=CARTESIAN_POINT('Ctrl Pts',(-49.1253021749882,-235.312091231182,77.2855179388287));
#9548=CARTESIAN_POINT('Ctrl Pts',(-49.1422389222498,-235.334633740995,76.8822971047748));
#9549=CARTESIAN_POINT('Ctrl Pts',(-49.1790705505482,-235.394231858465,75.6726330959492));
#9550=CARTESIAN_POINT('Ctrl Pts',(-49.1741423432363,-235.429424852659,74.4629640167396));
#9551=CARTESIAN_POINT('Ctrl Pts',(-49.152498633777,-235.441814833098,73.6565152194644));
#9552=CARTESIAN_POINT('Ctrl Pts',(-49.0867858502943,-235.450313795279,72.0436111311063));
#9553=CARTESIAN_POINT('Ctrl Pts',(-48.9971251795003,-235.435894083763,70.4306925578204));
#9554=CARTESIAN_POINT('Ctrl Pts',(-48.951794526154,-235.425481795982,69.6242292725595));
#9555=CARTESIAN_POINT('Ctrl Pts',(-48.8687031126417,-235.403127683384,68.0112941942948));
#9556=CARTESIAN_POINT('Ctrl Pts',(-48.8109770593539,-235.384265596315,66.3983417388074));
#9557=CARTESIAN_POINT('Ctrl Pts',(-48.7910513241886,-235.377365498255,65.5918610760364));
#9558=CARTESIAN_POINT('Ctrl Pts',(-48.7713656121723,-235.370429516635,63.978891016195));
#9559=CARTESIAN_POINT('Ctrl Pts',(-48.7920245816472,-235.377199126533,62.3659045430239));
#9560=CARTESIAN_POINT('Ctrl Pts',(-48.8124256026598,-235.38401539937,61.5594074678913));
#9561=CARTESIAN_POINT('Ctrl Pts',(-48.8710567647695,-235.402707391443,59.9464065630747));
#9562=CARTESIAN_POINT('Ctrl Pts',(-48.9549120845404,-235.424885492335,58.3333950647368));
#9563=CARTESIAN_POINT('Ctrl Pts',(-49.0005769417397,-235.435207971342,57.5268873951173));
#9564=CARTESIAN_POINT('Ctrl Pts',(-49.0907822744801,-235.449444862633,55.9138702226818));
#9565=CARTESIAN_POINT('Ctrl Pts',(-49.1567360555363,-235.440752717916,54.3008546898287));
#9566=CARTESIAN_POINT('Ctrl Pts',(-49.1784108991821,-235.428262761894,53.4943486541104));
#9567=CARTESIAN_POINT('Ctrl Pts',(-49.1832291616332,-235.392909352476,52.2845946811874));
#9568=CARTESIAN_POINT('Ctrl Pts',(-49.1460632000437,-235.333123704185,51.0748525392464));
#9569=CARTESIAN_POINT('Ctrl Pts',(-49.1289906069437,-235.310515006828,50.6716067057981));
#9570=CARTESIAN_POINT('Ctrl Pts',(-49.0865962800876,-235.26057712687,49.8651186284512));
#9571=CARTESIAN_POINT('Ctrl Pts',(-49.032494988554,-235.203987930124,49.0586386889832));
#9572=CARTESIAN_POINT('Ctrl Pts',(-49.003604797576,-235.174593262972,48.6554009859422));
#9573=CARTESIAN_POINT('Ctrl Pts',(-48.9749465109232,-235.145599679836,48.2521658053457));
#9574=CARTESIAN_POINT('Ctrl Pts',(-48.9461666283182,-235.116780851108,47.848933183797));
#9575=CARTESIAN_POINT('Ctrl Pts',(-47.2752927653952,-236.36104049269,80.1081327025855));
#9576=CARTESIAN_POINT('Ctrl Pts',(-47.2998471424052,-236.393328938685,79.7049148602533));
#9577=CARTESIAN_POINT('Ctrl Pts',(-47.325701590969,-236.42735920998,79.3016964728738));
#9578=CARTESIAN_POINT('Ctrl Pts',(-47.3532039040694,-236.463592834317,78.8984774938401));
#9579=CARTESIAN_POINT('Ctrl Pts',(-47.4074750198537,-236.535101319664,78.0920383427326));
#9580=CARTESIAN_POINT('Ctrl Pts',(-47.456518446474,-236.599684461955,77.285596739774));
#9581=CARTESIAN_POINT('Ctrl Pts',(-47.4787164629563,-236.6288907488,76.8823753098525));
#9582=CARTESIAN_POINT('Ctrl Pts',(-47.5369489123233,-236.705402017104,75.6727090676379));
#9583=CARTESIAN_POINT('Ctrl Pts',(-47.5687419484315,-236.746783609677,74.4630367185898));
#9584=CARTESIAN_POINT('Ctrl Pts',(-47.5770559808695,-236.757250197448,73.6565855504634));
#9585=CARTESIAN_POINT('Ctrl Pts',(-47.5749567366309,-236.753296528609,72.0436767583197));
#9586=CARTESIAN_POINT('Ctrl Pts',(-47.5478016886105,-236.716063839648,70.4307541074549));
#9587=CARTESIAN_POINT('Ctrl Pts',(-47.5311851948068,-236.69341811155,69.624289079076));
#9588=CARTESIAN_POINT('Ctrl Pts',(-47.4979051027748,-236.648095752213,68.0113512504023));
#9589=CARTESIAN_POINT('Ctrl Pts',(-47.4720434487432,-236.61272419885,66.3983976710842));
#9590=CARTESIAN_POINT('Ctrl Pts',(-47.4628822828992,-236.600078366882,65.5919168913922));
#9591=CARTESIAN_POINT('Ctrl Pts',(-47.4539933132347,-236.587399518694,63.9789475036022));
#9592=CARTESIAN_POINT('Ctrl Pts',(-47.4639400965291,-236.599941765722,62.3659635029875));
#9593=CARTESIAN_POINT('Ctrl Pts',(-47.4736160370095,-236.612518815705,61.5594681103581));
#9594=CARTESIAN_POINT('Ctrl Pts',(-47.5004504097429,-236.647750957449,59.9464714339441));
#9595=CARTESIAN_POINT('Ctrl Pts',(-47.5345284142104,-236.692927364124,58.3334657331408));
#9596=CARTESIAN_POINT('Ctrl Pts',(-47.551485057306,-236.71549777582,57.5269613146181));
#9597=CARTESIAN_POINT('Ctrl Pts',(-47.5791694830658,-236.752572954733,55.9139512139805));
#9598=CARTESIAN_POINT('Ctrl Pts',(-47.5814406369728,-236.756347712593,54.3009433809981));
#9599=CARTESIAN_POINT('Ctrl Pts',(-47.5731095270139,-236.745784598737,53.4944412257975));
#9600=CARTESIAN_POINT('Ctrl Pts',(-47.5411206003112,-236.704242729516,52.2846928307098));
#9601=CARTESIAN_POINT('Ctrl Pts',(-47.4824515550732,-236.627549129897,51.0749553352641));
#9602=CARTESIAN_POINT('Ctrl Pts',(-47.4600820522896,-236.598279699834,50.671710916039));
#9603=CARTESIAN_POINT('Ctrl Pts',(-47.4106476999294,-236.533566300865,49.8652253273889));
#9604=CARTESIAN_POINT('Ctrl Pts',(-47.3559029630953,-236.461924366425,49.0587470625491));
#9605=CARTESIAN_POINT('Ctrl Pts',(-47.3281472785847,-236.425625105094,48.6555099643387));
#9606=CARTESIAN_POINT('Ctrl Pts',(-47.3020240039098,-236.391530142349,48.2522751108744));
#9607=CARTESIAN_POINT('Ctrl Pts',(-47.2771816510394,-236.359167557982,47.8490425335003));
#9608=CARTESIAN_POINT('Ctrl Pts',(-45.6168218783107,-237.616593282051,80.1082367544047));
#9609=CARTESIAN_POINT('Ctrl Pts',(-45.6368380214918,-237.651719958529,79.705020535492));
#9610=CARTESIAN_POINT('Ctrl Pts',(-45.6570568916374,-237.686812431371,79.3018035254536));
#9611=CARTESIAN_POINT('Ctrl Pts',(-45.6775931479527,-237.722265185948,78.8985856791757));
#9612=CARTESIAN_POINT('Ctrl Pts',(-45.7175637680426,-237.789076156646,78.0921483751003));
#9613=CARTESIAN_POINT('Ctrl Pts',(-45.7543741964474,-237.842902786015,77.28570789315));
#9614=CARTESIAN_POINT('Ctrl Pts',(-45.7716516962625,-237.865227369337,76.8824868720406));
#9615=CARTESIAN_POINT('Ctrl Pts',(-45.8196454308798,-237.916561850749,75.6728214929394));
#9616=CARTESIAN_POINT('Ctrl Pts',(-45.8557729076174,-237.921053279374,74.4631491633792));
#9617=CARTESIAN_POINT('Ctrl Pts',(-45.8743145859362,-237.903354078176,73.6566978542442));
#9618=CARTESIAN_POINT('Ctrl Pts',(-45.9019686059181,-237.841911236763,72.0437888180617));
#9619=CARTESIAN_POINT('Ctrl Pts',(-45.9142085959088,-237.751128202388,70.4308664635647));
#9620=CARTESIAN_POINT('Ctrl Pts',(-45.9173753921113,-237.704371549951,69.6244018355756));
#9621=CARTESIAN_POINT('Ctrl Pts',(-45.9200962067828,-237.617716927542,68.0114654400221));
#9622=CARTESIAN_POINT('Ctrl Pts',(-45.9190223244089,-237.556432351307,66.398514679988));
#9623=CARTESIAN_POINT('Ctrl Pts',(-45.9184027555256,-237.535089380544,65.5920356866393));
#9624=CARTESIAN_POINT('Ctrl Pts',(-45.9180801146658,-237.513711846395,63.9790706215241));
#9625=CARTESIAN_POINT('Ctrl Pts',(-45.9195287784205,-237.534978623539,62.3660923569249));
#9626=CARTESIAN_POINT('Ctrl Pts',(-45.9206958885599,-237.556265782245,61.5596001634372));
#9627=CARTESIAN_POINT('Ctrl Pts',(-45.9228025362622,-237.617437058854,59.9466104628904));
#9628=CARTESIAN_POINT('Ctrl Pts',(-45.9209219002913,-237.703971662377,58.3336126214755));
#9629=CARTESIAN_POINT('Ctrl Pts',(-45.9181102409173,-237.750665823689,57.5271122854984));
#9630=CARTESIAN_POINT('Ctrl Pts',(-45.9064136285532,-237.841315895341,55.9141104649706));
#9631=CARTESIAN_POINT('Ctrl Pts',(-45.8789066263482,-237.902602129031,54.301110612507));
#9632=CARTESIAN_POINT('Ctrl Pts',(-45.8603239218579,-237.92021538641,53.494612241022));
#9633=CARTESIAN_POINT('Ctrl Pts',(-45.8239447431219,-237.915579845674,52.2848689553331));
#9634=CARTESIAN_POINT('Ctrl Pts',(-45.7754190333494,-237.864087464801,51.0751352769448));
#9635=CARTESIAN_POINT('Ctrl Pts',(-45.7579333535365,-237.841709174266,50.6718919619401));
#9636=CARTESIAN_POINT('Ctrl Pts',(-45.7206471601383,-237.787775296626,49.8654081937094));
#9637=CARTESIAN_POINT('Ctrl Pts',(-45.6800910891736,-237.720861983169,49.0589308690285));
#9638=CARTESIAN_POINT('Ctrl Pts',(-45.659236664888,-237.685360530097,48.6556939917491));
#9639=CARTESIAN_POINT('Ctrl Pts',(-45.6386800244899,-237.650222468423,48.2524590917197));
#9640=CARTESIAN_POINT('Ctrl Pts',(-45.6183058286229,-237.615042897875,47.8492262013131));
#9641=CARTESIAN_POINT('Ctrl Pts',(-44.7860494393746,-238.242417175065,80.1082927930025));
#9642=CARTESIAN_POINT('Ctrl Pts',(-44.8035276836581,-238.278708212299,79.7050775492326));
#9643=CARTESIAN_POINT('Ctrl Pts',(-44.8209398912272,-238.313219299074,79.3018614089487));
#9644=CARTESIAN_POINT('Ctrl Pts',(-44.8382515916286,-238.346411706692,78.898644326425));
#9645=CARTESIAN_POINT('Ctrl Pts',(-44.8698057443853,-238.406395403565,78.0922083547045));
#9646=CARTESIAN_POINT('Ctrl Pts',(-44.8979728047777,-238.448424464173,77.2857688840293));
#9647=CARTESIAN_POINT('Ctrl Pts',(-44.911455685383,-238.463696000226,76.8825483032211));
#9648=CARTESIAN_POINT('Ctrl Pts',(-44.950153602867,-238.490923231845,75.6728840903579));
#9649=CARTESIAN_POINT('Ctrl Pts',(-44.9840305085546,-238.464296513505,74.4632125751362));
#9650=CARTESIAN_POINT('Ctrl Pts',(-45.0049082350445,-238.424459288756,73.6567617525667));
#9651=CARTESIAN_POINT('Ctrl Pts',(-45.0424398447763,-238.320418997177,72.0438537286968));
#9652=CARTESIAN_POINT('Ctrl Pts',(-45.0704377469151,-238.193572887962,70.4309326646356));
#9653=CARTESIAN_POINT('Ctrl Pts',(-45.0817966151119,-238.131304334784,69.6244688017168));
#9654=CARTESIAN_POINT('Ctrl Pts',(-45.099668186854,-238.018795218211,68.0115342283299));
#9655=CARTESIAN_POINT('Ctrl Pts',(-45.1092639075103,-237.942091354871,66.398585916288));
#9656=CARTESIAN_POINT('Ctrl Pts',(-45.1123397320213,-237.915652883653,65.5921083137227));
#9657=CARTESIAN_POINT('Ctrl Pts',(-45.1157241628071,-237.889177087508,63.9791463539432));
#9658=CARTESIAN_POINT('Ctrl Pts',(-45.1134981380746,-237.91555372134,62.3661717797132));
#9659=CARTESIAN_POINT('Ctrl Pts',(-45.1109858211083,-237.94194226605,61.5596815618681));
#9660=CARTESIAN_POINT('Ctrl Pts',(-45.1024538526646,-238.018544976858,59.9466960200912));
#9661=CARTESIAN_POINT('Ctrl Pts',(-45.0854489161405,-238.130947449154,58.333702597706));
#9662=CARTESIAN_POINT('Ctrl Pts',(-45.0744566233398,-238.193160627461,57.5272044976326));
#9663=CARTESIAN_POINT('Ctrl Pts',(-45.047019339704,-238.319889058762,55.9142070992222));
#9664=CARTESIAN_POINT('Ctrl Pts',(-45.0096343266938,-238.423790095029,54.301211309749));
#9665=CARTESIAN_POINT('Ctrl Pts',(-44.9887092938269,-238.463550550271,53.4947148153072));
#9666=CARTESIAN_POINT('Ctrl Pts',(-44.9545590304654,-238.490047654842,52.2849739950476));
#9667=CARTESIAN_POINT('Ctrl Pts',(-44.9152822123813,-238.462682781656,51.0752420622674));
#9668=CARTESIAN_POINT('Ctrl Pts',(-44.9015724338746,-238.447365148992,50.671999238464));
#9669=CARTESIAN_POINT('Ctrl Pts',(-44.8728837015462,-238.405246479416,49.8655162481755));
#9670=CARTESIAN_POINT('Ctrl Pts',(-44.8406775417308,-238.345182179275,49.059039251912));
#9671=CARTESIAN_POINT('Ctrl Pts',(-44.8230069507943,-238.311953753285,48.6558024194622));
#9672=CARTESIAN_POINT('Ctrl Pts',(-44.805219324262,-238.277405402239,48.2525674276321));
#9673=CARTESIAN_POINT('Ctrl Pts',(-44.7873444924016,-238.241069401496,47.849334307603));
#9674=CARTESIAN_POINT('Ctrl Pts',(-43.5243466502718,-239.157086412983,80.1083790951402));
#9675=CARTESIAN_POINT('Ctrl Pts',(-43.5385804709847,-239.19421589964,79.7051655308861));
#9676=CARTESIAN_POINT('Ctrl Pts',(-43.5497601385196,-239.227298223636,79.3019509208798));
#9677=CARTESIAN_POINT('Ctrl Pts',(-43.5577525310483,-239.256873043231,78.8987352213164));
#9678=CARTESIAN_POINT('Ctrl Pts',(-43.5726330448228,-239.301735148687,78.0923017858668));
#9679=CARTESIAN_POINT('Ctrl Pts',(-43.5861554706886,-239.314702494848,77.2858644513418));
#9680=CARTESIAN_POINT('Ctrl Pts',(-43.5931985747362,-239.312101857969,76.8826448574097));
#9681=CARTESIAN_POINT('Ctrl Pts',(-43.6169162310263,-239.278551186524,75.6729834210606));
#9682=CARTESIAN_POINT('Ctrl Pts',(-43.6497846839064,-239.177851807859,74.4633142834126));
#9683=CARTESIAN_POINT('Ctrl Pts',(-43.676902172867,-239.090480341821,73.6568650064373));
#9684=CARTESIAN_POINT('Ctrl Pts',(-43.733037764745,-238.90119799237,72.0439601871083));
#9685=CARTESIAN_POINT('Ctrl Pts',(-43.7858251404252,-238.7100458566,70.4310427934218));
#9686=CARTESIAN_POINT('Ctrl Pts',(-43.8093212556576,-238.621349963248,69.6245809423114));
#9687=CARTESIAN_POINT('Ctrl Pts',(-43.8490440434975,-238.465945614219,68.0116507997144));
#9688=CARTESIAN_POINT('Ctrl Pts',(-43.8734046509657,-238.364884072171,66.3987077588166));
#9689=CARTESIAN_POINT('Ctrl Pts',(-43.8815367240179,-238.330494973708,65.5922330081563));
#9690=CARTESIAN_POINT('Ctrl Pts',(-43.8899941499468,-238.296067326158,63.9792771563012));
#9691=CARTESIAN_POINT('Ctrl Pts',(-43.8827392718207,-238.330410528718,62.3663093769338));
#9692=CARTESIAN_POINT('Ctrl Pts',(-43.8751932022884,-238.364757277488,61.5598226977879));
#9693=CARTESIAN_POINT('Ctrl Pts',(-43.8519429783321,-238.465733751707,59.9468444220087));
#9694=CARTESIAN_POINT('Ctrl Pts',(-43.8131334974485,-238.621051593593,58.3338583887602));
#9695=CARTESIAN_POINT('Ctrl Pts',(-43.7900265325435,-238.709703674792,57.5273639506134));
#9696=CARTESIAN_POINT('Ctrl Pts',(-43.7378392216305,-238.900766332878,55.9143736496433));
#9697=CARTESIAN_POINT('Ctrl Pts',(-43.681865168615,-239.089948013545,54.3013841249409));
#9698=CARTESIAN_POINT('Ctrl Pts',(-43.6546986111135,-239.177265095215,53.4948904599939));
#9699=CARTESIAN_POINT('Ctrl Pts',(-43.6215333178423,-239.277867907436,52.2851532658822));
#9700=CARTESIAN_POINT('Ctrl Pts',(-43.5971676359785,-239.311308483559,51.0754237764797));
#9701=CARTESIAN_POINT('Ctrl Pts',(-43.5898685210682,-239.313871414536,50.6721816215308));
#9702=CARTESIAN_POINT('Ctrl Pts',(-43.5757552117548,-239.300830115782,49.8656996489708));
#9703=CARTESIAN_POINT('Ctrl Pts',(-43.5601306472617,-239.255904557013,49.0592229747844));
#9704=CARTESIAN_POINT('Ctrl Pts',(-43.5517289957297,-239.226302842009,48.6559861144645));
#9705=CARTESIAN_POINT('Ctrl Pts',(-43.5400999352939,-239.1931995828,48.2527508943594));
#9706=CARTESIAN_POINT('Ctrl Pts',(-43.5253910935972,-239.156042024079,47.8495173476279));
#9707=CARTESIAN_POINT('Ctrl Pts',(-42.1784067705364,-239.959797441313,80.1084629844989));
#9708=CARTESIAN_POINT('Ctrl Pts',(-42.1886734150153,-239.997836101959,79.7052513556447));
#9709=CARTESIAN_POINT('Ctrl Pts',(-42.196057242247,-240.024256700521,79.3020385720448));
#9710=CARTESIAN_POINT('Ctrl Pts',(-42.2001948068011,-240.039481166646,78.8988245919546));
#9711=CARTESIAN_POINT('Ctrl Pts',(-42.2065246092166,-240.042342153266,78.092394415349));
#9712=CARTESIAN_POINT('Ctrl Pts',(-42.215712342413,-239.994373061266,77.2859600647706));
#9713=CARTESIAN_POINT('Ctrl Pts',(-42.2227244717534,-239.958523779418,76.8827419144235));
#9714=CARTESIAN_POINT('Ctrl Pts',(-42.2523203857259,-239.823538271615,75.673084717992));
#9715=CARTESIAN_POINT('Ctrl Pts',(-42.304931665574,-239.625992955617,74.4634196735251));
#9716=CARTESIAN_POINT('Ctrl Pts',(-42.3475159698614,-239.484914682831,73.6569731731323));
#9717=CARTESIAN_POINT('Ctrl Pts',(-42.4340600646445,-239.204873142127,72.0440741170069));
#9718=CARTESIAN_POINT('Ctrl Pts',(-42.5137657767592,-238.953096299469,70.431163035058));
#9719=CARTESIAN_POINT('Ctrl Pts',(-42.5490394127587,-238.84040152349,69.6247045085738));
#9720=CARTESIAN_POINT('Ctrl Pts',(-42.6087427958365,-238.647100400143,68.0117813679799));
#9721=CARTESIAN_POINT('Ctrl Pts',(-42.6453960859514,-238.525579114624,66.3988460075312));
#9722=CARTESIAN_POINT('Ctrl Pts',(-42.6576452548953,-238.484594421923,65.5923752595869));
#9723=CARTESIAN_POINT('Ctrl Pts',(-42.6702276826373,-238.443575057864,63.9794276926021));
#9724=CARTESIAN_POINT('Ctrl Pts',(-42.6588736328071,-238.484519480172,62.3664686029045));
#9725=CARTESIAN_POINT('Ctrl Pts',(-42.6472251990407,-238.52546666442,61.5599863313072));
#9726=CARTESIAN_POINT('Ctrl Pts',(-42.611719150579,-238.646912913757,59.9470168864165));
#9727=CARTESIAN_POINT('Ctrl Pts',(-42.5529803521543,-238.840141285244,58.3340394344529));
#9728=CARTESIAN_POINT('Ctrl Pts',(-42.5181250843496,-238.952800737601,57.5275491545011));
#9729=CARTESIAN_POINT('Ctrl Pts',(-42.4390800690512,-239.204511783928,55.9145667332428));
#9730=CARTESIAN_POINT('Ctrl Pts',(-42.3527397455134,-239.484496983405,54.3015838434438));
#9731=CARTESIAN_POINT('Ctrl Pts',(-42.310116899106,-239.625549899094,53.4950930919865));
#9732=CARTESIAN_POINT('Ctrl Pts',(-42.2571986866131,-239.823054704191,52.2853595141711));
#9733=CARTESIAN_POINT('Ctrl Pts',(-42.22688700881,-239.957983405348,51.0756323042587));
#9734=CARTESIAN_POINT('Ctrl Pts',(-42.2195889737955,-239.993811321447,50.6723907492037));
#9735=CARTESIAN_POINT('Ctrl Pts',(-42.2097308730118,-240.041732942736,49.8659096340633));
#9736=CARTESIAN_POINT('Ctrl Pts',(-42.202536568128,-240.038823619912,49.0594330925627));
#9737=CARTESIAN_POINT('Ctrl Pts',(-42.1979195508154,-240.02357713318,48.6561961080766));
#9738=CARTESIAN_POINT('Ctrl Pts',(-42.1900112858901,-239.99713952504,48.2529605630234));
#9739=CARTESIAN_POINT('Ctrl Pts',(-42.1791861992957,-239.959077570094,47.8497264927178));
#9740=CARTESIAN_POINT('Ctrl Pts',(-41.7222150067918,-240.20804889436,80.1084903711726));
#9741=CARTESIAN_POINT('Ctrl Pts',(-41.7311318739991,-240.24640514224,79.7052794127342));
#9742=CARTESIAN_POINT('Ctrl Pts',(-41.7374180599394,-240.269990059336,79.3020672664455));
#9743=CARTESIAN_POINT('Ctrl Pts',(-41.7404263403677,-240.279204513237,78.8988538913542));
#9744=CARTESIAN_POINT('Ctrl Pts',(-41.7435317109878,-240.265055319486,78.0924248720897));
#9745=CARTESIAN_POINT('Ctrl Pts',(-41.7520513869422,-240.193063236406,77.2859916042483));
#9746=CARTESIAN_POINT('Ctrl Pts',(-41.7599709545271,-240.144327106043,76.8827739837401));
#9747=CARTESIAN_POINT('Ctrl Pts',(-41.7946614883374,-239.971108870689,75.67311835854));
#9748=CARTESIAN_POINT('Ctrl Pts',(-41.8571684897808,-239.739736712441,74.4634548684215));
#9749=CARTESIAN_POINT('Ctrl Pts',(-41.9061445579956,-239.580930434577,73.6570094306728));
#9750=CARTESIAN_POINT('Ctrl Pts',(-42.0044488505962,-239.271452779672,72.0441125814911));
#9751=CARTESIAN_POINT('Ctrl Pts',(-42.0933918888781,-239.000885552355,70.4312038989479));
#9752=CARTESIAN_POINT('Ctrl Pts',(-42.1325489368402,-238.880842273946,69.6247466273638));
#9753=CARTESIAN_POINT('Ctrl Pts',(-42.1986830480009,-238.676058713641,68.0118261076666));
#9754=CARTESIAN_POINT('Ctrl Pts',(-42.2391316621383,-238.548457091436,66.3988935755097));
#9755=CARTESIAN_POINT('Ctrl Pts',(-42.2526392241247,-238.505521575209,65.5924242897336));
#9756=CARTESIAN_POINT('Ctrl Pts',(-42.2664813227581,-238.46255326501,63.9794797262657));
#9757=CARTESIAN_POINT('Ctrl Pts',(-42.2538735399517,-238.505449165789,62.3665237439185));
#9758=CARTESIAN_POINT('Ctrl Pts',(-42.2409704544319,-238.548348442004,61.5600430383534));
#9759=CARTESIAN_POINT('Ctrl Pts',(-42.2016797265783,-238.675877558438,59.9470767122312));
#9760=CARTESIAN_POINT('Ctrl Pts',(-42.1365274629995,-238.880591908139,58.3341022560338));
#9761=CARTESIAN_POINT('Ctrl Pts',(-42.0977991665262,-239.000602120877,57.5276134192145));
#9762=CARTESIAN_POINT('Ctrl Pts',(-42.0095394122538,-239.271110282465,55.9146337163024));
#9763=CARTESIAN_POINT('Ctrl Pts',(-41.9114562363737,-239.580546254146,54.3016530857606));
#9764=CARTESIAN_POINT('Ctrl Pts',(-41.8624465686529,-239.739337166872,53.495163318388));
#9765=CARTESIAN_POINT('Ctrl Pts',(-41.7996307867025,-239.970690357383,52.285430950419));
#9766=CARTESIAN_POINT('Ctrl Pts',(-41.7642026238728,-240.14387332271,51.0757044877699));
#9767=CARTESIAN_POINT('Ctrl Pts',(-41.7559874198628,-240.192594731476,50.672463126891));
#9768=CARTESIAN_POINT('Ctrl Pts',(-41.7467699872961,-240.264549673737,49.8659822837227));
#9769=CARTESIAN_POINT('Ctrl Pts',(-41.7427499337402,-240.278656734452,49.0595057691357));
#9770=CARTESIAN_POINT('Ctrl Pts',(-41.7392273687793,-240.269423355114,48.6562687335685));
#9771=CARTESIAN_POINT('Ctrl Pts',(-41.7323879956762,-240.24582208394,48.2530330707042));
#9772=CARTESIAN_POINT('Ctrl Pts',(-41.7228845853892,-240.207442549629,47.8497988169308));
#9773=CARTESIAN_POINT('Ctrl Pts',(-40.7919605670021,-240.654202906242,80.1085433672127));
#9774=CARTESIAN_POINT('Ctrl Pts',(-40.799434381276,-240.693311021453,79.7053337940894));
#9775=CARTESIAN_POINT('Ctrl Pts',(-40.8003282091049,-240.709683183829,79.3021229673789));
#9776=CARTESIAN_POINT('Ctrl Pts',(-40.7933840398448,-240.703188786891,78.8989108479923));
#9777=CARTESIAN_POINT('Ctrl Pts',(-40.7894224409177,-240.642231282391,78.09248426988));
#9778=CARTESIAN_POINT('Ctrl Pts',(-40.8059339826593,-240.51016709453,77.2860533402842));
#9779=CARTESIAN_POINT('Ctrl Pts',(-40.8207245043643,-240.431803465935,76.8828368751433));
#9780=CARTESIAN_POINT('Ctrl Pts',(-40.8789491729548,-240.175423208011,75.6731847046955));
#9781=CARTESIAN_POINT('Ctrl Pts',(-40.9690082727578,-239.88029069666,74.4635247041683));
#9782=CARTESIAN_POINT('Ctrl Pts',(-41.0330270929266,-239.689329448291,73.6570816691442));
#9783=CARTESIAN_POINT('Ctrl Pts',(-41.1576124178398,-239.327427603527,72.0441898117998));
#9784=CARTESIAN_POINT('Ctrl Pts',(-41.2649151186013,-239.02468794989,70.4312865231694));
#9785=CARTESIAN_POINT('Ctrl Pts',(-41.3115282078511,-238.892172680444,69.6248320556619));
#9786=CARTESIAN_POINT('Ctrl Pts',(-41.389700126516,-238.668098276299,68.0119173515032));
#9787=CARTESIAN_POINT('Ctrl Pts',(-41.4369498293048,-238.53046850543,66.3989910096425));
#9788=CARTESIAN_POINT('Ctrl Pts',(-41.4526889403236,-238.484332718516,65.5925249024477));
#9789=CARTESIAN_POINT('Ctrl Pts',(-41.4687616974189,-238.438168125897,63.9795868266886));
#9790=CARTESIAN_POINT('Ctrl Pts',(-41.4539280331286,-238.484264050045,62.3666374790909));
#9791=CARTESIAN_POINT('Ctrl Pts',(-41.4387976906748,-238.530365380129,61.560160099249));
#9792=CARTESIAN_POINT('Ctrl Pts',(-41.3927223056439,-238.66792580074,59.9472003629378));
#9793=CARTESIAN_POINT('Ctrl Pts',(-41.3155661649389,-238.891935093746,58.3342321755629));
#9794=CARTESIAN_POINT('Ctrl Pts',(-41.2694036469178,-239.024420008497,57.5277463437274));
#9795=CARTESIAN_POINT('Ctrl Pts',(-41.1628345621161,-239.327109615574,55.9147722725725));
#9796=CARTESIAN_POINT('Ctrl Pts',(-41.0385127319514,-239.688995311931,54.3017962706124));
#9797=CARTESIAN_POINT('Ctrl Pts',(-40.9744747275814,-239.879959414402,53.4953085051401));
#9798=CARTESIAN_POINT('Ctrl Pts',(-40.8841023665896,-240.175119321664,52.2855785774843));
#9799=CARTESIAN_POINT('Ctrl Pts',(-40.8250963436657,-240.431522058382,51.0758535946716));
#9800=CARTESIAN_POINT('Ctrl Pts',(-40.8099908760221,-240.509890789171,50.6726126138566));
#9801=CARTESIAN_POINT('Ctrl Pts',(-40.7927382615383,-240.641949741091,49.8661322927572));
#9802=CARTESIAN_POINT('Ctrl Pts',(-40.7957171980192,-240.702872546564,49.0596558052493));
#9803=CARTESIAN_POINT('Ctrl Pts',(-40.8021024809189,-240.709343166338,48.6564186557361));
#9804=CARTESIAN_POINT('Ctrl Pts',(-40.8005785905595,-240.69295362273,48.2531827435132));
#9805=CARTESIAN_POINT('Ctrl Pts',(-40.7924398282014,-240.653820081089,47.8499481071588));
#9806=CARTESIAN_POINT('Ctrl Pts',(-39.7604238244634,-240.902297103088,80.1085914468192));
#9807=CARTESIAN_POINT('Ctrl Pts',(-39.7638907716653,-240.943546418989,79.7053833233486));
#9808=CARTESIAN_POINT('Ctrl Pts',(-39.767646769819,-240.946428007282,79.3021739058394));
#9809=CARTESIAN_POINT('Ctrl Pts',(-39.7712397548581,-240.908786183544,78.8989631611003));
#9810=CARTESIAN_POINT('Ctrl Pts',(-39.7975591764232,-240.7818357021,78.0925392932786));
#9811=CARTESIAN_POINT('Ctrl Pts',(-39.8508131694152,-240.588204942289,77.2861110429099));
#9812=CARTESIAN_POINT('Ctrl Pts',(-39.8830416394238,-240.483895826307,76.882895922761));
#9813=CARTESIAN_POINT('Ctrl Pts',(-39.9894873460407,-240.15988363653,75.6732478354001));
#9814=CARTESIAN_POINT('Ctrl Pts',(-40.114526725386,-239.824159542469,74.4635921072689));
#9815=CARTESIAN_POINT('Ctrl Pts',(-40.1957264236423,-239.612971951972,73.6571520453254));
#9816=CARTESIAN_POINT('Ctrl Pts',(-40.3476287952352,-239.219645398423,72.0442663568626));
#9817=CARTESIAN_POINT('Ctrl Pts',(-40.4708515757231,-238.899055621004,70.4313696560747));
#9818=CARTESIAN_POINT('Ctrl Pts',(-40.523536877758,-238.759814194297,69.6249185784737));
#9819=CARTESIAN_POINT('Ctrl Pts',(-40.6110110784778,-238.525661110783,68.0120108262464));
#9820=CARTESIAN_POINT('Ctrl Pts',(-40.6630162059734,-238.383134772507,66.3990917239822));
#9821=CARTESIAN_POINT('Ctrl Pts',(-40.6802741823054,-238.335476380504,65.5926292942099));
#9822=CARTESIAN_POINT('Ctrl Pts',(-40.6978579591193,-238.287791566544,63.9796986490449));
#9823=CARTESIAN_POINT('Ctrl Pts',(-40.6814998790661,-238.335409105784,62.3667567630717));
#9824=CARTESIAN_POINT('Ctrl Pts',(-40.664846572041,-238.383033423886,61.5602830918539));
#9825=CARTESIAN_POINT('Ctrl Pts',(-40.6140183728876,-238.525489811308,59.9473306470615));
#9826=CARTESIAN_POINT('Ctrl Pts',(-40.5275894979393,-238.759574978656,58.3343692935432));
#9827=CARTESIAN_POINT('Ctrl Pts',(-40.4753775429965,-238.898784258872,57.5278867130171));
#9828=CARTESIAN_POINT('Ctrl Pts',(-40.3529491445813,-239.219320922764,55.9149186883335));
#9829=CARTESIAN_POINT('Ctrl Pts',(-40.201374155937,-239.612640436751,54.3019475694529));
#9830=CARTESIAN_POINT('Ctrl Pts',(-40.1201823972348,-239.823840546906,53.4954618920146));
#9831=CARTESIAN_POINT('Ctrl Pts',(-39.9948362327297,-240.159625823115,52.2857344738275));
#9832=CARTESIAN_POINT('Ctrl Pts',(-39.8875511496755,-240.483730941893,51.0760109660256));
#9833=CARTESIAN_POINT('Ctrl Pts',(-39.8549803800205,-240.588072877516,50.6727703563515));
#9834=CARTESIAN_POINT('Ctrl Pts',(-39.8009189025736,-240.78176179307,49.8662905270043));
#9835=CARTESIAN_POINT('Ctrl Pts',(-39.7735402631111,-240.908719501793,49.0598140166679));
#9836=CARTESIAN_POINT('Ctrl Pts',(-39.7693558897286,-240.946339996842,48.6565767232795));
#9837=CARTESIAN_POINT('Ctrl Pts',(-39.764917566038,-240.94342179416,48.2533405343915));
#9838=CARTESIAN_POINT('Ctrl Pts',(-39.7607206935641,-240.902126732205,47.8501054917129));
#9839=CARTESIAN_POINT('Ctrl Pts',(-39.200282662035,-240.963572514308,80.1086139068291));
#9840=CARTESIAN_POINT('Ctrl Pts',(-39.1996088280357,-241.007530329901,79.7054065163423));
#9841=CARTESIAN_POINT('Ctrl Pts',(-39.211143841814,-240.998505815607,79.3021978305289));
#9842=CARTESIAN_POINT('Ctrl Pts',(-39.2352169251815,-240.9333570983,78.8989878197098));
#9843=CARTESIAN_POINT('Ctrl Pts',(-39.296048191947,-240.766683775332,78.0925653810392));
#9844=CARTESIAN_POINT('Ctrl Pts',(-39.3774865094029,-240.547650241172,77.2861385511924));
#9845=CARTESIAN_POINT('Ctrl Pts',(-39.4213214198718,-240.43414336722,76.8829241497731));
#9846=CARTESIAN_POINT('Ctrl Pts',(-39.5578377626326,-240.087505538941,75.673278260671));
#9847=CARTESIAN_POINT('Ctrl Pts',(-39.7003453767398,-239.741156911006,74.4636248701129));
#9848=CARTESIAN_POINT('Ctrl Pts',(-39.790103788089,-239.52417273453,73.6571864409519));
#9849=CARTESIAN_POINT('Ctrl Pts',(-39.9548494972047,-239.122432200271,72.0443041362783));
#9850=CARTESIAN_POINT('Ctrl Pts',(-40.084880872248,-238.797387850704,70.4314110286959));
#9851=CARTESIAN_POINT('Ctrl Pts',(-40.14006970189,-238.656548313179,69.6249617917884));
#9852=CARTESIAN_POINT('Ctrl Pts',(-40.2312437006081,-238.420131543976,68.0120577968029));
#9853=CARTESIAN_POINT('Ctrl Pts',(-40.2849999737491,-238.276659259493,66.3991425721125));
#9854=CARTESIAN_POINT('Ctrl Pts',(-40.3028041370658,-238.22872855398,65.5926821033417));
#9855=CARTESIAN_POINT('Ctrl Pts',(-40.3209284042,-238.180771695452,63.979755404565));
#9856=CARTESIAN_POINT('Ctrl Pts',(-40.3040176086627,-238.228661460315,62.3668174528006));
#9857=CARTESIAN_POINT('Ctrl Pts',(-40.286813469606,-238.276557957944,61.5603457305056));
#9858=CARTESIAN_POINT('Ctrl Pts',(-40.234230959092,-238.419959060855,59.9473971061658));
#9859=CARTESIAN_POINT('Ctrl Pts',(-40.1441151667631,-238.656304546583,58.3344393134216));
#9860=CARTESIAN_POINT('Ctrl Pts',(-40.0894110186075,-238.797109691636,57.5279584223398));
#9861=CARTESIAN_POINT('Ctrl Pts',(-39.9602070120069,-239.122095574119,55.9149935307014));
#9862=CARTESIAN_POINT('Ctrl Pts',(-39.7958274365182,-239.523827325968,54.3020249255738));
#9863=CARTESIAN_POINT('Ctrl Pts',(-39.7060944491449,-239.740825604766,53.4955403183643));
#9864=CARTESIAN_POINT('Ctrl Pts',(-39.5632892941487,-240.087244154293,52.285814179162));
#9865=CARTESIAN_POINT('Ctrl Pts',(-39.425896184284,-240.434009740221,51.0760914141619));
#9866=CARTESIAN_POINT('Ctrl Pts',(-39.3817004822521,-240.547564254385,50.6728509899491));
#9867=CARTESIAN_POINT('Ctrl Pts',(-39.299401947619,-240.766699939468,49.8663714027881));
#9868=CARTESIAN_POINT('Ctrl Pts',(-39.2374444476399,-240.933436715412,49.059894869764));
#9869=CARTESIAN_POINT('Ctrl Pts',(-39.2127455554763,-240.998596893794,48.6566574958148));
#9870=CARTESIAN_POINT('Ctrl Pts',(-39.2005221637912,-241.007561696829,48.2534211621628));
#9871=CARTESIAN_POINT('Ctrl Pts',(-39.2004540950636,-240.963529558806,47.8501859121275));
#9872=CARTESIAN_POINT('Ctrl Pts',(-38.1964210529301,-240.676104479193,80.1086553692873));
#9873=CARTESIAN_POINT('Ctrl Pts',(-38.1904650870633,-240.716938564307,79.7054494710328));
#9874=CARTESIAN_POINT('Ctrl Pts',(-38.2097457159485,-240.707309072635,79.3022422344613));
#9875=CARTESIAN_POINT('Ctrl Pts',(-38.2562150549031,-240.64414533597,78.8990336338617));
#9876=CARTESIAN_POINT('Ctrl Pts',(-38.3646552324139,-240.480447137508,78.092614057016));
#9877=CARTESIAN_POINT('Ctrl Pts',(-38.4910287641318,-240.263709167702,77.2861902061275));
#9878=CARTESIAN_POINT('Ctrl Pts',(-38.5538208598558,-240.150949207549,76.8829773359737));
#9879=CARTESIAN_POINT('Ctrl Pts',(-38.7397664046423,-239.805821821129,75.6733361664583));
#9880=CARTESIAN_POINT('Ctrl Pts',(-38.9113799091412,-239.459289393905,74.4636878781892));
#9881=CARTESIAN_POINT('Ctrl Pts',(-39.0148819368321,-239.242065405932,73.6572530182948));
#9882=CARTESIAN_POINT('Ctrl Pts',(-39.1999005478821,-238.840241727547,72.0443780957573));
#9883=CARTESIAN_POINT('Ctrl Pts',(-39.3398241378887,-238.515971657163,70.4314927728099));
#9884=CARTESIAN_POINT('Ctrl Pts',(-39.3984512086574,-238.375765403206,69.6250475050544));
#9885=CARTESIAN_POINT('Ctrl Pts',(-39.4944499735661,-238.140789238732,68.0121515758293));
#9886=CARTESIAN_POINT('Ctrl Pts',(-39.5501923668956,-237.998626690122,66.3992446060849));
#9887=CARTESIAN_POINT('Ctrl Pts',(-39.5685830719503,-237.9511928693,65.5927882957942));
#9888=CARTESIAN_POINT('Ctrl Pts',(-39.58727949493,-237.903731022142,63.9798699365099));
#9889=CARTESIAN_POINT('Ctrl Pts',(-39.5697588030658,-237.951125476078,62.3669402482242));
#9890=CARTESIAN_POINT('Ctrl Pts',(-39.5519524690978,-237.998524352754,61.5604726086123));
#9891=CARTESIAN_POINT('Ctrl Pts',(-39.4973659742734,-238.140611767238,59.9475319697498));
#9892=CARTESIAN_POINT('Ctrl Pts',(-39.4024450234936,-238.375506048555,58.3345815901824));
#9893=CARTESIAN_POINT('Ctrl Pts',(-39.3443242300716,-238.515670576644,57.5281042099497));
#9894=CARTESIAN_POINT('Ctrl Pts',(-39.205298758754,-238.839862990497,55.9151458172166));
#9895=CARTESIAN_POINT('Ctrl Pts',(-39.0207428536531,-239.24165760582,54.3021824037598));
#9896=CARTESIAN_POINT('Ctrl Pts',(-38.917314291504,-239.458887131866,53.4957000007832));
#9897=CARTESIAN_POINT('Ctrl Pts',(-38.7454439433516,-239.805486657697,52.2859764833949));
#9898=CARTESIAN_POINT('Ctrl Pts',(-38.5585593210144,-240.15076689635,51.0762552278682));
#9899=CARTESIAN_POINT('Ctrl Pts',(-38.4953718316141,-240.263586512835,50.6730151783729));
#9900=CARTESIAN_POINT('Ctrl Pts',(-38.368029766316,-240.480460662796,49.8665360794401));
#9901=CARTESIAN_POINT('Ctrl Pts',(-38.2582996058482,-240.644272218078,49.0600595082989));
#9902=CARTESIAN_POINT('Ctrl Pts',(-38.2111132756196,-240.707475714318,48.6568219838409));
#9903=CARTESIAN_POINT('Ctrl Pts',(-38.1910807744625,-240.717069003995,48.253585360584));
#9904=CARTESIAN_POINT('Ctrl Pts',(-38.196241497038,-240.676177769833,47.8503496863624));
#9905=CARTESIAN_POINT('Ctrl Pts',(-37.468795333861,-239.856099039385,80.1086880705666));
#9906=CARTESIAN_POINT('Ctrl Pts',(-37.4614099669619,-239.886809466005,79.7054836599531));
#9907=CARTESIAN_POINT('Ctrl Pts',(-37.478943696933,-239.894469923334,79.3022778949778));
#9908=CARTESIAN_POINT('Ctrl Pts',(-37.5231830903761,-239.878339325246,78.8990707673614));
#9909=CARTESIAN_POINT('Ctrl Pts',(-37.6330589101366,-239.794077531717,78.0926542857745));
#9910=CARTESIAN_POINT('Ctrl Pts',(-37.7669750310623,-239.640240381895,77.2862337905757));
#9911=CARTESIAN_POINT('Ctrl Pts',(-37.8342751755197,-239.552598961947,76.8830226684314));
#9912=CARTESIAN_POINT('Ctrl Pts',(-38.0334687939876,-239.271738789146,75.6733869536575));
#9913=CARTESIAN_POINT('Ctrl Pts',(-38.2158563971953,-238.96107618133,74.4637446915557));
#9914=CARTESIAN_POINT('Ctrl Pts',(-38.3237004590337,-238.76226740641,73.6573140422862));
#9915=CARTESIAN_POINT('Ctrl Pts',(-38.514376377424,-238.389676058612,72.0444477547293));
#9916=CARTESIAN_POINT('Ctrl Pts',(-38.655209302193,-238.084140671768,70.4315713873327));
#9917=CARTESIAN_POINT('Ctrl Pts',(-38.7136205314406,-237.951730152166,69.6251306445583));
#9918=CARTESIAN_POINT('Ctrl Pts',(-38.8086202312992,-237.729483630985,68.0122438374152));
#9919=CARTESIAN_POINT('Ctrl Pts',(-38.863085174155,-237.594786738611,66.3993460688714));
#9920=CARTESIAN_POINT('Ctrl Pts',(-38.8809866835832,-237.549856272917,65.5928943633395));
#9921=CARTESIAN_POINT('Ctrl Pts',(-38.8991736999286,-237.504892806926,63.9799851858529));
#9922=CARTESIAN_POINT('Ctrl Pts',(-38.8820947871706,-237.549788235814,62.3670645094427));
#9923=CARTESIAN_POINT('Ctrl Pts',(-38.8647473378445,-237.594682646529,61.5606013048613));
#9924=CARTESIAN_POINT('Ctrl Pts',(-38.8113922199208,-237.729298917607,59.9476693157023));
#9925=CARTESIAN_POINT('Ctrl Pts',(-38.7174702298405,-237.951447351093,58.3347269304521));
#9926=CARTESIAN_POINT('Ctrl Pts',(-38.6595805085456,-238.083804397824,57.5282533304684));
#9927=CARTESIAN_POINT('Ctrl Pts',(-38.5197181904176,-238.389228459259,55.9153019267064));
#9928=CARTESIAN_POINT('Ctrl Pts',(-38.3296429060038,-238.761738442739,54.3023440790285));
#9929=CARTESIAN_POINT('Ctrl Pts',(-38.2219549198674,-238.960521690371,53.495864033821));
#9930=CARTESIAN_POINT('Ctrl Pts',(-38.0394140210007,-239.271206361841,52.2861433134916));
#9931=CARTESIAN_POINT('Ctrl Pts',(-37.8392887298972,-239.552175735632,51.0764236522407));
#9932=CARTESIAN_POINT('Ctrl Pts',(-37.7715814346556,-239.639863096328,50.6731839954233));
#9933=CARTESIAN_POINT('Ctrl Pts',(-37.6366428297311,-239.793802208597,49.8667053984717));
#9934=CARTESIAN_POINT('Ctrl Pts',(-37.5253517648653,-239.878157051467,49.0602287720034));
#9935=CARTESIAN_POINT('Ctrl Pts',(-37.480308052682,-239.894321076976,48.6569910852925));
#9936=CARTESIAN_POINT('Ctrl Pts',(-37.4619183610208,-239.886697105896,48.2537541613543));
#9937=CARTESIAN_POINT('Ctrl Pts',(-37.4684025347785,-239.856016034358,47.8505180533766));
#9938=CARTESIAN_POINT('Ctrl Pts',(-37.1931228535737,-239.40037534804,80.1087015651704));
#9939=CARTESIAN_POINT('Ctrl Pts',(-37.1861018910201,-239.427826644147,79.7054978697391));
#9940=CARTESIAN_POINT('Ctrl Pts',(-37.2001038172303,-239.438562168292,79.3022928955154));
#9941=CARTESIAN_POINT('Ctrl Pts',(-37.2363002576124,-239.432978614526,78.8990866538412));
#9942=CARTESIAN_POINT('Ctrl Pts',(-37.3321495746764,-239.379361454231,78.0926719158354));
#9943=CARTESIAN_POINT('Ctrl Pts',(-37.4566701143401,-239.259716769673,77.2862532307968));
#9944=CARTESIAN_POINT('Ctrl Pts',(-37.5210041138028,-239.18717596405,76.8830430444482));
#9945=CARTESIAN_POINT('Ctrl Pts',(-37.713832956607,-238.946445345618,75.6734102635862));
#9946=CARTESIAN_POINT('Ctrl Pts',(-37.8952434850837,-238.661592529887,74.4637712598865));
#9947=CARTESIAN_POINT('Ctrl Pts',(-38.0021998124446,-238.475632316726,73.6573428847286));
#9948=CARTESIAN_POINT('Ctrl Pts',(-38.1910528853844,-238.124027583859,72.0444812334547));
#9949=CARTESIAN_POINT('Ctrl Pts',(-38.3296981123048,-237.832023556123,70.4316096302538));
#9950=CARTESIAN_POINT('Ctrl Pts',(-38.3869542071674,-237.70518604219,69.6251712839573));
#9951=CARTESIAN_POINT('Ctrl Pts',(-38.4798243608447,-237.491975783748,68.012289290454));
#9952=CARTESIAN_POINT('Ctrl Pts',(-38.5327751114936,-237.362492656178,66.3993963457493));
#9953=CARTESIAN_POINT('Ctrl Pts',(-38.5501465167902,-237.319297520289,65.5929470475071));
#9954=CARTESIAN_POINT('Ctrl Pts',(-38.5677919314028,-237.276066515889,63.9800426587242));
#9955=CARTESIAN_POINT('Ctrl Pts',(-38.5512125177644,-237.319229314359,62.367126664914));
#9956=CARTESIAN_POINT('Ctrl Pts',(-38.5343758766337,-237.362387883095,61.5606657615977));
#9957=CARTESIAN_POINT('Ctrl Pts',(-38.4825036007509,-237.491787613049,59.947738257071));
#9958=CARTESIAN_POINT('Ctrl Pts',(-38.3907043771846,-237.704890787899,58.3348000136933));
#9959=CARTESIAN_POINT('Ctrl Pts',(-38.3339747935522,-237.831668152559,57.528328372442));
#9960=CARTESIAN_POINT('Ctrl Pts',(-38.1963349668972,-238.123540980675,55.9153805917314));
#9961=CARTESIAN_POINT('Ctrl Pts',(-38.0081625626954,-238.475030522075,54.3024256319765));
#9962=CARTESIAN_POINT('Ctrl Pts',(-37.9014145367954,-238.660944402385,53.4959468100481));
#9963=CARTESIAN_POINT('Ctrl Pts',(-37.7199219779708,-238.945785271405,52.2862275442202));
#9964=CARTESIAN_POINT('Ctrl Pts',(-37.5261933744493,-239.186592093488,51.0765087110568));
#9965=CARTESIAN_POINT('Ctrl Pts',(-37.461456347716,-239.259168447322,50.6732692578863));
#9966=CARTESIAN_POINT('Ctrl Pts',(-37.3359186341497,-239.378893929264,49.8667909148912));
#9967=CARTESIAN_POINT('Ctrl Pts',(-37.238658366315,-239.43260066607,49.0603142341624));
#9968=CARTESIAN_POINT('Ctrl Pts',(-37.2016677285307,-239.438227536015,48.6570764397547));
#9969=CARTESIAN_POINT('Ctrl Pts',(-37.1867709399518,-239.427550663151,48.253839353733));
#9970=CARTESIAN_POINT('Ctrl Pts',(-37.1928161420874,-239.400161683203,47.8506030309844));
#9971=CARTESIAN_POINT('Ctrl Pts',(-36.7377395232698,-238.474222248533,80.1087238038355));
#9972=CARTESIAN_POINT('Ctrl Pts',(-36.7318809343881,-238.496393820682,79.7055215300301));
#9973=CARTESIAN_POINT('Ctrl Pts',(-36.7386067679153,-238.508701135379,79.3023180389652));
#9974=CARTESIAN_POINT('Ctrl Pts',(-36.7581568718905,-238.511935002216,78.899113359619));
#9975=CARTESIAN_POINT('Ctrl Pts',(-36.8226268577933,-238.492576335412,78.0927018374445));
#9976=CARTESIAN_POINT('Ctrl Pts',(-36.9207784132455,-238.422770730647,77.2862868182323));
#9977=CARTESIAN_POINT('Ctrl Pts',(-36.9746059050496,-238.375499536646,76.8830786108215));
#9978=CARTESIAN_POINT('Ctrl Pts',(-37.1411817348821,-238.206560920394,75.6734521120776));
#9979=CARTESIAN_POINT('Ctrl Pts',(-37.3090371832595,-237.978782662949,74.4638202177354));
#9980=CARTESIAN_POINT('Ctrl Pts',(-37.4088184172459,-237.82206550015,73.6573967377784));
#9981=CARTESIAN_POINT('Ctrl Pts',(-37.5851544935507,-237.519915888776,72.0445450037273));
#9982=CARTESIAN_POINT('Ctrl Pts',(-37.7140943901419,-237.261301818323,70.431683474306));
#9983=CARTESIAN_POINT('Ctrl Pts',(-37.7669638033516,-237.148242029474,69.6252501730242));
#9984=CARTESIAN_POINT('Ctrl Pts',(-37.8523439556307,-236.957457982998,68.0123782761547));
#9985=CARTESIAN_POINT('Ctrl Pts',(-37.9005566307841,-236.840940994381,66.3994953879588));
#9986=CARTESIAN_POINT('Ctrl Pts',(-37.9163152586443,-236.802050510899,65.5930510954631));
#9987=CARTESIAN_POINT('Ctrl Pts',(-37.9323215425515,-236.763119496672,63.9801566439222));
#9988=CARTESIAN_POINT('Ctrl Pts',(-37.9172794686956,-236.801982858107,62.3672503385447));
#9989=CARTESIAN_POINT('Ctrl Pts',(-37.9020079965163,-236.840836203891,61.5607941922428));
#9990=CARTESIAN_POINT('Ctrl Pts',(-37.8547919245988,-236.95726523708,59.9478759564904));
#9991=CARTESIAN_POINT('Ctrl Pts',(-37.7704504007552,-237.147924488296,58.3349462801184));
#9992=CARTESIAN_POINT('Ctrl Pts',(-37.7181087945915,-237.260910568314,57.5284786952697));
#9993=CARTESIAN_POINT('Ctrl Pts',(-37.5902327766564,-237.519351056267,55.9155384291607));
#9994=CARTESIAN_POINT('Ctrl Pts',(-37.4147565073091,-237.821307330591,54.3025894805657));
#9995=CARTESIAN_POINT('Ctrl Pts',(-37.3153064523571,-237.977929417752,53.4961132140765));
#9996=CARTESIAN_POINT('Ctrl Pts',(-37.1475759634703,-238.20560834901,52.286396994059));
#9997=CARTESIAN_POINT('Ctrl Pts',(-36.9801932836665,-238.374564716285,51.0766799145039));
#9998=CARTESIAN_POINT('Ctrl Pts',(-36.9259736811652,-238.421857580031,50.6734408962014));
#9999=CARTESIAN_POINT('Ctrl Pts',(-36.826763124853,-238.491740427482,49.8669631222721));
#10000=CARTESIAN_POINT('Ctrl Pts',(-36.760732759736,-238.511239106448,49.0604864057884));
#10001=CARTESIAN_POINT('Ctrl Pts',(-36.74030666543,-238.508085938462,48.6572484340385));
#10002=CARTESIAN_POINT('Ctrl Pts',(-36.7325579591589,-238.495884465757,
48.2540110361222));
#10003=CARTESIAN_POINT('Ctrl Pts',(-36.7372842619043,-238.47383248845,47.8507742778175));
#10004=CARTESIAN_POINT('Ctrl Pts',(-36.3949213984097,-237.491945233104,
80.1087342861891));
#10005=CARTESIAN_POINT('Ctrl Pts',(-36.389565034283,-237.509229518986,79.7055333501427));
#10006=CARTESIAN_POINT('Ctrl Pts',(-36.3931007162908,-237.520324736353,
79.3023310869941));
#10007=CARTESIAN_POINT('Ctrl Pts',(-36.4053192322321,-237.525801530935,
78.8991275791661));
#10008=CARTESIAN_POINT('Ctrl Pts',(-36.4477170964244,-237.519358196362,
78.0927192084228));
#10009=CARTESIAN_POINT('Ctrl Pts',(-36.5180022711346,-237.477009828146,
77.2863084531852));
#10010=CARTESIAN_POINT('Ctrl Pts',(-36.5582384406529,-237.446365878146,
76.8831026113624));
#10011=CARTESIAN_POINT('Ctrl Pts',(-36.6867536466159,-237.330546985643,
75.6734836375827));
#10012=CARTESIAN_POINT('Ctrl Pts',(-36.8253209395161,-237.158778310581,
74.4638601292501));
#10013=CARTESIAN_POINT('Ctrl Pts',(-36.9097627182022,-237.034188766289,
73.6574422017978));
#10014=CARTESIAN_POINT('Ctrl Pts',(-37.0596224404466,-236.788909953815,
72.0446016059599));
#10015=CARTESIAN_POINT('Ctrl Pts',(-37.1698052007133,-236.572232911762,
70.4317511381664));
#10016=CARTESIAN_POINT('Ctrl Pts',(-37.2147736618977,-236.476713962273,
69.6253233312729));
#10017=CARTESIAN_POINT('Ctrl Pts',(-37.2871766654848,-236.314797075269,
68.0124623670182));
#10018=CARTESIAN_POINT('Ctrl Pts',(-37.3277603708432,-236.215205379519,
66.3995902496609));
#10019=CARTESIAN_POINT('Ctrl Pts',(-37.3409793658894,-236.18193004704,65.5931512942245));
#10020=CARTESIAN_POINT('Ctrl Pts',(-37.3544123527947,-236.148613238424,
63.9802674011175));
#10021=CARTESIAN_POINT('Ctrl Pts',(-37.3418088945657,-236.1818651512,62.3673713431813));
#10022=CARTESIAN_POINT('Ctrl Pts',(-37.3290120744574,-236.215104054504,
61.560920222893));
#10023=CARTESIAN_POINT('Ctrl Pts',(-37.2893040474223,-236.31460663418,59.9480117862246));
#10024=CARTESIAN_POINT('Ctrl Pts',(-37.2178609550696,-236.476385685996,
58.3350912071987));
#10025=CARTESIAN_POINT('Ctrl Pts',(-37.1733969212175,-236.571819938375,
57.5286279442488));
#10026=CARTESIAN_POINT('Ctrl Pts',(-37.0642888066269,-236.788285314051,
55.9156957412509));
#10027=CARTESIAN_POINT('Ctrl Pts',(-36.9154712105163,-237.033285833801,
54.3027533316194));
#10028=CARTESIAN_POINT('Ctrl Pts',(-36.8315061637332,-237.157723341838,
53.4962798521568));
#10029=CARTESIAN_POINT('Ctrl Pts',(-36.6933902150947,-237.329277996981,
52.2865670425081));
#10030=CARTESIAN_POINT('Ctrl Pts',(-36.564304990595,-237.445038536237,51.0768520043074));
#10031=CARTESIAN_POINT('Ctrl Pts',(-36.5237336753193,-237.47568706766,50.6736135019876));
#10032=CARTESIAN_POINT('Ctrl Pts',(-36.4524025050939,-237.518113265019,
49.8671364135872));
#10033=CARTESIAN_POINT('Ctrl Pts',(-36.4081608480329,-237.524785437759,
49.0606597443721));
#10034=CARTESIAN_POINT('Ctrl Pts',(-36.3947935402256,-237.519467812966,
48.6574216641293));
#10035=CARTESIAN_POINT('Ctrl Pts',(-36.3900022679047,-237.508548332136,
48.2541839778092));
#10036=CARTESIAN_POINT('Ctrl Pts',(-36.3940508976601,-237.491441094138,
47.8509467682481));
#10037=CARTESIAN_POINT('Ctrl Pts',(-36.2368441411509,-236.993414383595,
80.1087350336858));
#10038=CARTESIAN_POINT('Ctrl Pts',(-36.2316215957126,-237.008209091191,
79.7055346871332));
#10039=CARTESIAN_POINT('Ctrl Pts',(-36.2345086578291,-237.01850207881,79.3023330815599));
#10040=CARTESIAN_POINT('Ctrl Pts',(-36.2453373535908,-237.024845747278,
78.8991303837243));
#10041=CARTESIAN_POINT('Ctrl Pts',(-36.2813731072554,-237.022524007376,
78.0927241063543));
#10042=CARTESIAN_POINT('Ctrl Pts',(-36.3408027748728,-236.98948134278,77.2863159093338));
#10043=CARTESIAN_POINT('Ctrl Pts',(-36.3750028776006,-236.964761906982,
76.8831114100473));
#10044=CARTESIAN_POINT('Ctrl Pts',(-36.4853945512948,-236.869271957352,
75.6734966435359));
#10045=CARTESIAN_POINT('Ctrl Pts',(-36.6072572049418,-236.722308999879,
74.4638776372356));
#10046=CARTESIAN_POINT('Ctrl Pts',(-36.6826304929077,-236.613318714141,
73.6574626509298));
#10047=CARTESIAN_POINT('Ctrl Pts',(-36.8166931516395,-236.396380975155,
72.0446279185228));
#10048=CARTESIAN_POINT('Ctrl Pts',(-36.9156264785854,-236.201771455561,
70.4317832004004));
#10049=CARTESIAN_POINT('Ctrl Pts',(-36.9559221554737,-236.115584572732,
69.6253582397379));
#10050=CARTESIAN_POINT('Ctrl Pts',(-37.0207032833696,-235.969141111542,
68.0125029258061));
#10051=CARTESIAN_POINT('Ctrl Pts',(-37.0568793807969,-235.878721775515,
66.399636345423));
#10052=CARTESIAN_POINT('Ctrl Pts',(-37.068640615556,-235.848492109285,65.5932001293769));
#10053=CARTESIAN_POINT('Ctrl Pts',(-37.080597027621,-235.818221847769,63.9803216460063));
#10054=CARTESIAN_POINT('Ctrl Pts',(-37.069395133643,-235.848429251523,62.3674308295303));
#10055=CARTESIAN_POINT('Ctrl Pts',(-37.0580193983551,-235.878623256689,
61.5609822802524));
#10056=CARTESIAN_POINT('Ctrl Pts',(-37.0226485682419,-235.968954098138,
59.9480788574006));
#10057=CARTESIAN_POINT('Ctrl Pts',(-36.9587742115871,-236.115255386963,
58.3351629510854));
#10058=CARTESIAN_POINT('Ctrl Pts',(-36.9189633730922,-236.201353448562,
57.5287019125031));
#10059=CARTESIAN_POINT('Ctrl Pts',(-36.8210920469257,-236.395735662769,
55.9157738781813));
#10060=CARTESIAN_POINT('Ctrl Pts',(-36.6881553860017,-236.612354363569,
54.3028348882254));
#10061=CARTESIAN_POINT('Ctrl Pts',(-36.6133378761161,-236.721162730118,
53.4963628607436));
#10062=CARTESIAN_POINT('Ctrl Pts',(-36.4921064144229,-236.867852900541,
52.2866518708233));
#10063=CARTESIAN_POINT('Ctrl Pts',(-36.3813326321228,-236.963232501578,
51.0769379432498));
#10064=CARTESIAN_POINT('Ctrl Pts',(-36.3468550781723,-236.987941775861,
50.673699723179));
#10065=CARTESIAN_POINT('Ctrl Pts',(-36.2864976137892,-237.021034873156,
49.8672229805374));
#10066=CARTESIAN_POINT('Ctrl Pts',(-36.2486550529291,-237.023584608215,
49.0607462646551));
#10067=CARTESIAN_POINT('Ctrl Pts',(-36.2366284987213,-237.017419010503,
48.6575080850524));
#10068=CARTESIAN_POINT('Ctrl Pts',(-36.2323904096067,-237.007332916049,
48.2542702364853));
#10069=CARTESIAN_POINT('Ctrl Pts',(-36.2361922410326,-236.992750471626,
47.8510328050328));
#10070=CARTESIAN_POINT('Ctrl Pts',(-35.9571668745603,-235.994319447699,
80.1087280911689));
#10071=CARTESIAN_POINT('Ctrl Pts',(-35.9527754165281,-236.004615302881,
79.7055285999959));
#10072=CARTESIAN_POINT('Ctrl Pts',(-35.9540384780749,-236.011512698178,
79.3023286382631));
#10073=CARTESIAN_POINT('Ctrl Pts',(-35.9606819640615,-236.015417446012,
78.8991285275632));
#10074=CARTESIAN_POINT('Ctrl Pts',(-35.9837879732587,-236.014736841508,
78.0927268790582));
#10075=CARTESIAN_POINT('Ctrl Pts',(-36.0235679918186,-235.994129750356,
77.2863239282715));
#10076=CARTESIAN_POINT('Ctrl Pts',(-36.0468796073719,-235.978150771271,
76.8831223412412));
#10077=CARTESIAN_POINT('Ctrl Pts',(-36.1235775549861,-235.914346249913,
75.6735168305293));
#10078=CARTESIAN_POINT('Ctrl Pts',(-36.2118505347617,-235.810446279073,
74.4639076969553));
#10079=CARTESIAN_POINT('Ctrl Pts',(-36.2678022413525,-235.730411804626,
73.6574987813787));
#10080=CARTESIAN_POINT('Ctrl Pts',(-36.367793374963,-235.567734457934,72.0446762369093));
#10081=CARTESIAN_POINT('Ctrl Pts',(-36.4419911158737,-235.417540834336,
70.431843403664));
#10082=CARTESIAN_POINT('Ctrl Pts',(-36.472068490752,-235.350392910295,69.6254242911265));
#10083=CARTESIAN_POINT('Ctrl Pts',(-36.5202329944358,-235.235761128169,
68.0125805753122));
#10084=CARTESIAN_POINT('Ctrl Pts',(-36.5468840769811,-235.164434136946,
66.3997253160545));
#10085=CARTESIAN_POINT('Ctrl Pts',(-36.5555103237563,-235.140554439308,
65.5932946820616));
#10086=CARTESIAN_POINT('Ctrl Pts',(-36.5642905533415,-235.116638283853,
63.980427218045));
#10087=CARTESIAN_POINT('Ctrl Pts',(-36.5561029377722,-235.140496756321,
62.3675470638638));
#10088=CARTESIAN_POINT('Ctrl Pts',(-36.5477819722054,-235.164343124739,
61.561103739738));
#10089=CARTESIAN_POINT('Ctrl Pts',(-36.5217776073981,-235.235585504244,
59.9482105328064));
#10090=CARTESIAN_POINT('Ctrl Pts',(-36.47438289181,-235.350072665489,58.3353041854982));
#10091=CARTESIAN_POINT('Ctrl Pts',(-36.4447316408783,-235.417127820806,
57.528847705183));
#10092=CARTESIAN_POINT('Ctrl Pts',(-36.3715171510199,-235.567075630894,
55.9159283047451));
#10093=CARTESIAN_POINT('Ctrl Pts',(-36.2727678276587,-235.729366763334,
54.3029964566809));
#10094=CARTESIAN_POINT('Ctrl Pts',(-36.2174959094176,-235.809169535189,
53.496527459776));
#10095=CARTESIAN_POINT('Ctrl Pts',(-36.1303057267259,-235.912658891133,
52.2868203924359));
#10096=CARTESIAN_POINT('Ctrl Pts',(-36.053664052338,-235.976236600894,51.0771090146023));
#10097=CARTESIAN_POINT('Ctrl Pts',(-36.0301948823361,-235.992175868617,
50.6738714671218));
#10098=CARTESIAN_POINT('Ctrl Pts',(-35.9896402483181,-236.012802079928,
49.8673956129935));
#10099=CARTESIAN_POINT('Ctrl Pts',(-35.9649223961238,-236.013677494862,
49.0609187833259));
#10100=CARTESIAN_POINT('Ctrl Pts',(-35.957360466438,-236.009889340797,48.6576802161793));
#10101=CARTESIAN_POINT('Ctrl Pts',(-35.9546955196808,-236.003222505072,
48.254441948282));
#10102=CARTESIAN_POINT('Ctrl Pts',(-35.9573330118843,-235.993235647605,
47.8512040930118));
#10103=CARTESIAN_POINT('Ctrl Pts',(-35.7219225371893,-234.981258766528,
80.108711332793));
#10104=CARTESIAN_POINT('Ctrl Pts',(-35.7188406599815,-234.987046092861,
79.7055125663594));
#10105=CARTESIAN_POINT('Ctrl Pts',(-35.7193841776965,-234.990562899101,
79.3023128500308));
#10106=CARTESIAN_POINT('Ctrl Pts',(-35.7231330239229,-234.992044336174,
78.8991127257123));
#10107=CARTESIAN_POINT('Ctrl Pts',(-35.7375245703401,-234.989023708208,
78.0927137827051));
#10108=CARTESIAN_POINT('Ctrl Pts',(-35.7631087275392,-234.972577745138,
77.286317406455));
#10109=CARTESIAN_POINT('Ctrl Pts',(-35.7781250213617,-234.960646939049,
76.8831198328656));
#10110=CARTESIAN_POINT('Ctrl Pts',(-35.8275002224372,-234.914643281235,
75.6735263182416));
#10111=CARTESIAN_POINT('Ctrl Pts',(-35.8845429522963,-234.842314440892,
74.4639279618063));
#10112=CARTESIAN_POINT('Ctrl Pts',(-35.9210096931236,-234.786380318291,
73.6575249640115));
#10113=CARTESIAN_POINT('Ctrl Pts',(-35.986258112386,-234.671337686137,72.0447155586204));
#10114=CARTESIAN_POINT('Ctrl Pts',(-36.0345384150849,-234.56348456298,70.4318951320614));
#10115=CARTESIAN_POINT('Ctrl Pts',(-36.0539750289996,-234.514919110569,
69.6254820518242));
#10116=CARTESIAN_POINT('Ctrl Pts',(-36.0849179486139,-234.431739246684,
68.0126504225838));
#10117=CARTESIAN_POINT('Ctrl Pts',(-36.1018229279447,-234.379684203157,
66.3998067598907));
#10118=CARTESIAN_POINT('Ctrl Pts',(-36.1072654049064,-234.362234566807,
65.5933818667109));
#10119=CARTESIAN_POINT('Ctrl Pts',(-36.112816862688,-234.344755579973,63.9805256588101));
#10120=CARTESIAN_POINT('Ctrl Pts',(-36.1076850097266,-234.362182326731,
62.3676563695989));
#10121=CARTESIAN_POINT('Ctrl Pts',(-36.102460237498,-234.379601610726,61.5612183948947));
#10122=CARTESIAN_POINT('Ctrl Pts',(-36.0860213428559,-234.431579291678,
59.9483355859199));
#10123=CARTESIAN_POINT('Ctrl Pts',(-36.0556599849435,-234.514623759215,
58.3354391578876));
#10124=CARTESIAN_POINT('Ctrl Pts',(-36.0365562699135,-234.563100915126,
57.5289873582025));
#10125=CARTESIAN_POINT('Ctrl Pts',(-35.9890679016082,-234.670718882143,
55.9160770363284));
#10126=CARTESIAN_POINT('Ctrl Pts',(-35.9249997171173,-234.785357047049,
54.303153229351));
#10127=CARTESIAN_POINT('Ctrl Pts',(-35.8891793025746,-234.841053100269,
53.4966873032437));
#10128=CARTESIAN_POINT('Ctrl Pts',(-35.833639009757,-234.912846632995,52.2869846315633));
#10129=CARTESIAN_POINT('Ctrl Pts',(-35.7850692854633,-234.958430068161,
51.0772768722861));
#10130=CARTESIAN_POINT('Ctrl Pts',(-35.770161811273,-234.970254590915,50.6740403914982));
#10131=CARTESIAN_POINT('Ctrl Pts',(-35.7440072069383,-234.986676534988,
49.8675660975525));
#10132=CARTESIAN_POINT('Ctrl Pts',(-35.7272641251944,-234.990099276077,
49.061089711285));
#10133=CARTESIAN_POINT('Ctrl Pts',(-35.7218630100883,-234.98893215027,48.6578511082295));
#10134=CARTESIAN_POINT('Ctrl Pts',(-35.7193681289503,-234.985797235734,
48.2546125201611));
#10135=CARTESIAN_POINT('Ctrl Pts',(-35.7203814549516,-234.980410873349,
47.8513741406648));
#10136=CARTESIAN_POINT('Ctrl Pts',(-35.610398979295,-234.47072962511,80.108701174834));
#10137=CARTESIAN_POINT('Ctrl Pts',(-35.6080914861124,-234.474092331683,
79.7055029507395));
#10138=CARTESIAN_POINT('Ctrl Pts',(-35.6084067903916,-234.476579986027,
79.3023024341891));
#10139=CARTESIAN_POINT('Ctrl Pts',(-35.6109331245607,-234.478312788031,
78.8991004534357));
#10140=CARTESIAN_POINT('Ctrl Pts',(-35.6223025924931,-234.474563858381,
78.0927021759892));
#10141=CARTESIAN_POINT('Ctrl Pts',(-35.6424528562609,-234.458881316168,
77.2863100683937));
#10142=CARTESIAN_POINT('Ctrl Pts',(-35.6540611712374,-234.448182483943,
76.8831149635222));
#10143=CARTESIAN_POINT('Ctrl Pts',(-35.6917714522661,-234.408639662251,
75.673528467885));
#10144=CARTESIAN_POINT('Ctrl Pts',(-35.7345385488874,-234.349666946756,
74.4639357192084));
#10145=CARTESIAN_POINT('Ctrl Pts',(-35.761881332286,-234.30443797911,73.657535514611));
#10146=CARTESIAN_POINT('Ctrl Pts',(-35.810678463701,-234.211089803421,72.0447328217268));
#10147=CARTESIAN_POINT('Ctrl Pts',(-35.8465260511411,-234.123213573343,
70.4319187208679));
#10148=CARTESIAN_POINT('Ctrl Pts',(-35.8608627785934,-234.08352225355,69.6255086704146));
#10149=CARTESIAN_POINT('Ctrl Pts',(-35.8835768751494,-234.015451049819,
68.0126831617883));
#10150=CARTESIAN_POINT('Ctrl Pts',(-35.895845441163,-233.97274890611,66.3998453426365));
#10151=CARTESIAN_POINT('Ctrl Pts',(-35.8997834120608,-233.958423872367,
65.5934233286254));
#10152=CARTESIAN_POINT('Ctrl Pts',(-35.9038002948371,-233.944076074252,
63.9805727728348));
#10153=CARTESIAN_POINT('Ctrl Pts',(-35.9001168636872,-233.958373951381,
62.3677089331152));
#10154=CARTESIAN_POINT('Ctrl Pts',(-35.8963525699571,-233.972670045323,
61.5612736356668));
#10155=CARTESIAN_POINT('Ctrl Pts',(-35.8844574574401,-234.015298851327,
59.9483960519953));
#10156=CARTESIAN_POINT('Ctrl Pts',(-35.862220543344,-234.083241996266,58.3355046400214));
#10157=CARTESIAN_POINT('Ctrl Pts',(-35.8481615543744,-234.122849592433,
57.5290551893049));
#10158=CARTESIAN_POINT('Ctrl Pts',(-35.8129815715442,-234.210503968724,
55.9161495290239));
#10159=CARTESIAN_POINT('Ctrl Pts',(-35.7652720410598,-234.303455631649,
54.3032299425233));
#10160=CARTESIAN_POINT('Ctrl Pts',(-35.738490155399,-234.348461937834,53.4967655473968));
#10161=CARTESIAN_POINT('Ctrl Pts',(-35.697398465038,-234.406846931099,52.2870652581478));
#10162=CARTESIAN_POINT('Ctrl Pts',(-35.6610578736467,-234.445823738967,
51.0773595703187));
#10163=CARTESIAN_POINT('Ctrl Pts',(-35.6497919351339,-234.456356918945,
50.6741237099896));
#10164=CARTESIAN_POINT('Ctrl Pts',(-35.6294160686657,-234.471932123437,
49.8676502989804));
#10165=CARTESIAN_POINT('Ctrl Pts',(-35.6149850848649,-234.476279376699,
49.0611743495095));
#10166=CARTESIAN_POINT('Ctrl Pts',(-35.6096909121873,-234.475157025149,
48.6579360696361));
#10167=CARTESIAN_POINT('Ctrl Pts',(-35.606792470684,-234.473220546268,48.2546974667775));
#10168=CARTESIAN_POINT('Ctrl Pts',(-35.606963710238,-234.470281196547,47.8514587656451));
#10169=CARTESIAN_POINT('Ctrl Pts',(-35.3864580468339,-233.4652039161,80.1086466432375));
#10170=CARTESIAN_POINT('Ctrl Pts',(-35.3852255194022,-233.465138206421,
79.7054473125121));
#10171=CARTESIAN_POINT('Ctrl Pts',(-35.3871508913362,-233.462805862179,
79.3022488233504));
#10172=CARTESIAN_POINT('Ctrl Pts',(-35.3919273356729,-233.457715598245,
78.8990530086267));
#10173=CARTESIAN_POINT('Ctrl Pts',(-35.4026962137859,-233.445141483738,
78.0926670861155));
#10174=CARTESIAN_POINT('Ctrl Pts',(-35.4144784889697,-233.428733473883,
77.2862884277547));
#10175=CARTESIAN_POINT('Ctrl Pts',(-35.4201580928187,-233.419862143939,
76.8831000202078));
#10176=CARTESIAN_POINT('Ctrl Pts',(-35.437496504738,-233.391068360278,75.673530600612));
#10177=CARTESIAN_POINT('Ctrl Pts',(-35.455044907445,-233.356182481735,74.4639459094206));
#10178=CARTESIAN_POINT('Ctrl Pts',(-35.4664193600009,-233.329952005113,
73.6575508364391));
#10179=CARTESIAN_POINT('Ctrl Pts',(-35.4861716582856,-233.275720298129,
72.044762960227));
#10180=CARTESIAN_POINT('Ctrl Pts',(-35.500061487505,-233.22450532144,70.4319610896615));
#10181=CARTESIAN_POINT('Ctrl Pts',(-35.5054373538709,-233.201202981028,
69.6255570309185));
#10182=CARTESIAN_POINT('Ctrl Pts',(-35.5137173214405,-233.161173010531,
68.0127440563906));
#10183=CARTESIAN_POINT('Ctrl Pts',(-35.5179511226041,-233.135928327575,
66.3999175786833));
#10184=CARTESIAN_POINT('Ctrl Pts',(-35.5192671738304,-233.127452055669,
65.5935014946823));
#10185=CARTESIAN_POINT('Ctrl Pts',(-35.5206469407157,-233.11895005985,63.9806621403117));
#10186=CARTESIAN_POINT('Ctrl Pts',(-35.5194381016433,-233.127404266237,
62.3678090865685));
#10187=CARTESIAN_POINT('Ctrl Pts',(-35.5182118402066,-233.135853409724,
61.5613792952966));
#10188=CARTESIAN_POINT('Ctrl Pts',(-35.5141733091019,-233.161031322421,
59.9485118032551));
#10189=CARTESIAN_POINT('Ctrl Pts',(-35.5061543303354,-233.200950817965,
58.3356306661916));
#10190=CARTESIAN_POINT('Ctrl Pts',(-35.5009471023664,-233.224178944148,
57.529185814134));
#10191=CARTESIAN_POINT('Ctrl Pts',(-35.4874243750359,-233.275214108397,
55.9162891331722));
#10192=CARTESIAN_POINT('Ctrl Pts',(-35.4684278814602,-233.329105744878,
54.3033795278241));
#10193=CARTESIAN_POINT('Ctrl Pts',(-35.4574421700539,-233.35514642205,53.4969175904056));
#10194=CARTESIAN_POINT('Ctrl Pts',(-35.4410562445633,-233.389563872629,
52.28722160353));
#10195=CARTESIAN_POINT('Ctrl Pts',(-35.4265186500526,-233.417416943426,
51.0775216455268));
#10196=CARTESIAN_POINT('Ctrl Pts',(-35.4219203959207,-233.425931425943,
50.6742877347191));
#10197=CARTESIAN_POINT('Ctrl Pts',(-35.4118707943658,-233.441728760446,
49.8678167289606));
#10198=CARTESIAN_POINT('Ctrl Pts',(-35.4008056096954,-233.454202334918,
49.0613398121389));
#10199=CARTESIAN_POINT('Ctrl Pts',(-35.3950939894767,-233.459444997066,
48.6580998648555));
#10200=CARTESIAN_POINT('Ctrl Pts',(-35.3908884179391,-233.462265245279,
48.2548601698033));
#10201=CARTESIAN_POINT('Ctrl Pts',(-35.3890883169926,-233.462997520827,
47.8516210143421));
#10202=CARTESIAN_POINT('Ctrl Pts',(-35.1776175521411,-232.445620218199,
80.1085920244734));
#10203=CARTESIAN_POINT('Ctrl Pts',(-35.1769719636909,-232.442600762392,
79.7053930071037));
#10204=CARTESIAN_POINT('Ctrl Pts',(-35.1792670028151,-232.437898651321,
79.3021963219068));
#10205=CARTESIAN_POINT('Ctrl Pts',(-35.184762223087,-232.43058171817,78.8990047043548));
#10206=CARTESIAN_POINT('Ctrl Pts',(-35.1925028826857,-232.417910610927,
78.0926264170837));
#10207=CARTESIAN_POINT('Ctrl Pts',(-35.1965275558501,-232.405217754818,
77.2862609319486));
#10208=CARTESIAN_POINT('Ctrl Pts',(-35.197746647776,-232.398807364795,76.8830798162656));
#10209=CARTESIAN_POINT('Ctrl Pts',(-35.2012485955867,-232.381268204015,
75.6735239489028));
#10210=CARTESIAN_POINT('Ctrl Pts',(-35.2042174309315,-232.365751699788,
74.4639438000558));
#10211=CARTESIAN_POINT('Ctrl Pts',(-35.2058470542523,-232.353110643015,
73.6575546823419));
#10212=CARTESIAN_POINT('Ctrl Pts',(-35.208363159982,-232.32838297988,72.0447846140945));
#10213=CARTESIAN_POINT('Ctrl Pts',(-35.2095085070148,-232.305170819168,
70.4319927753579));
#10214=CARTESIAN_POINT('Ctrl Pts',(-35.2097035723413,-232.294509364901,
69.625595540824));
#10215=CARTESIAN_POINT('Ctrl Pts',(-35.2099049675744,-232.276249308009,
68.0127948682124));
#10216=CARTESIAN_POINT('Ctrl Pts',(-35.2096838530187,-232.264698379721,
66.3999788190854));
#10217=CARTESIAN_POINT('Ctrl Pts',(-35.209638933381,-232.260798212797,65.5935690579463));
#10218=CARTESIAN_POINT('Ctrl Pts',(-35.2095199730156,-232.256911029353,
63.9807405161232));
#10219=CARTESIAN_POINT('Ctrl Pts',(-35.2096865014149,-232.260743604171,
62.3678978557834));
#10220=CARTESIAN_POINT('Ctrl Pts',(-35.209755407547,-232.264614465183,61.5614739079874));
#10221=CARTESIAN_POINT('Ctrl Pts',(-35.2100349787603,-232.276096374173,
59.9486155749712));
#10222=CARTESIAN_POINT('Ctrl Pts',(-35.2099080707407,-232.294259234475,
58.3357443991536));
#10223=CARTESIAN_POINT('Ctrl Pts',(-35.2097900601336,-232.304853400383,
57.5293048682196));
#10224=CARTESIAN_POINT('Ctrl Pts',(-35.2087368026477,-232.327926989406,
55.9164149821423));
#10225=CARTESIAN_POINT('Ctrl Pts',(-35.2064566110855,-232.352426859759,
54.3035184900401));
#10226=CARTESIAN_POINT('Ctrl Pts',(-35.2054602130093,-232.364806330325,
53.4970583416118));
#10227=CARTESIAN_POINT('Ctrl Pts',(-35.2018630166019,-232.380313045683,
52.2873668308043));
#10228=CARTESIAN_POINT('Ctrl Pts',(-35.2008925114357,-232.396974967962,
51.0776739994298));
#10229=CARTESIAN_POINT('Ctrl Pts',(-35.2012590534966,-232.402895031816,
50.6744429582068));
#10230=CARTESIAN_POINT('Ctrl Pts',(-35.19970832091,-232.41478261096,49.8679770450371));
#10231=CARTESIAN_POINT('Ctrl Pts',(-35.1918666074693,-232.42729765883,49.0615013554065));
#10232=CARTESIAN_POINT('Ctrl Pts',(-35.1860487910749,-232.434599801428,
48.6582604950354));
#10233=CARTESIAN_POINT('Ctrl Pts',(-35.1813354724407,-232.439830049609,
48.2550204403608));
#10234=CARTESIAN_POINT('Ctrl Pts',(-35.1784264648987,-232.443663773208,
47.8517811968997));
#10235=CARTESIAN_POINT('Ctrl Pts',(-35.0864140369843,-231.913672007474,
80.1085926145423));
#10236=CARTESIAN_POINT('Ctrl Pts',(-35.0862462693321,-231.908367637543,
79.7053960338696));
#10237=CARTESIAN_POINT('Ctrl Pts',(-35.0853813367364,-231.906779881585,
79.3021945343693));
#10238=CARTESIAN_POINT('Ctrl Pts',(-35.0861215552093,-231.907656108971,
78.8989940599662));
#10239=CARTESIAN_POINT('Ctrl Pts',(-35.0869356340911,-231.905454326862,
78.0926063812613));
#10240=CARTESIAN_POINT('Ctrl Pts',(-35.0857413520934,-231.897778558119,
77.2862482642848));
#10241=CARTESIAN_POINT('Ctrl Pts',(-35.0851148079074,-231.8930133643,76.8830713300726));
#10242=CARTESIAN_POINT('Ctrl Pts',(-35.0834105690545,-231.882721741315,
75.6735164353784));
#10243=CARTESIAN_POINT('Ctrl Pts',(-35.0831413082452,-231.876283436698,
74.4639395645882));
#10244=CARTESIAN_POINT('Ctrl Pts',(-35.0817252413546,-231.868594459861,
73.6575529468366));
#10245=CARTESIAN_POINT('Ctrl Pts',(-35.0795399096756,-231.856081856058,
72.0447948101927));
#10246=CARTESIAN_POINT('Ctrl Pts',(-35.0777031624586,-231.844122730333,
70.4320050863658));
#10247=CARTESIAN_POINT('Ctrl Pts',(-35.0763492847481,-231.838661926734,
69.6256127411097));
#10248=CARTESIAN_POINT('Ctrl Pts',(-35.0750976671465,-231.829111830876,
68.012817545514));
#10249=CARTESIAN_POINT('Ctrl Pts',(-35.0734831324884,-231.823264271801,
66.4000061477585));
#10250=CARTESIAN_POINT('Ctrl Pts',(-35.0735670627102,-231.821080899644,
65.5935999513969));
#10251=CARTESIAN_POINT('Ctrl Pts',(-35.0726342146055,-231.819256737319,
63.9807766517315));
#10252=CARTESIAN_POINT('Ctrl Pts',(-35.0735666523749,-231.821019931973,
62.3679390452931));
#10253=CARTESIAN_POINT('Ctrl Pts',(-35.0734799563246,-231.823171556839,
61.5615183806824));
#10254=CARTESIAN_POINT('Ctrl Pts',(-35.0751027568901,-231.828944925826,
59.9486640835463));
#10255=CARTESIAN_POINT('Ctrl Pts',(-35.0763556123873,-231.838400452168,
58.3357972239438));
#10256=CARTESIAN_POINT('Ctrl Pts',(-35.0777408611088,-231.843797992527,
57.5293617391035));
#10257=CARTESIAN_POINT('Ctrl Pts',(-35.079598233915,-231.855624120289,55.9164723983235));
#10258=CARTESIAN_POINT('Ctrl Pts',(-35.0816860435324,-231.867986414136,
54.3035854444459));
#10259=CARTESIAN_POINT('Ctrl Pts',(-35.0842956313851,-231.875265521156,
53.4971246287335));
#10260=CARTESIAN_POINT('Ctrl Pts',(-35.0827345079409,-231.882005811805,
52.2874366768871));
#10261=CARTESIAN_POINT('Ctrl Pts',(-35.0853200987533,-231.891846291726,
51.0777468204311));
#10262=CARTESIAN_POINT('Ctrl Pts',(-35.0877879149625,-231.89605117222,50.6745173826941));
#10263=CARTESIAN_POINT('Ctrl Pts',(-35.0912216692888,-231.902984624634,
49.8680560677647));
#10264=CARTESIAN_POINT('Ctrl Pts',(-35.0854418504095,-231.906294025121,
49.0615830941214));
#10265=CARTESIAN_POINT('Ctrl Pts',(-35.0800458975637,-231.906511355839,
48.6583437758464));
#10266=CARTESIAN_POINT('Ctrl Pts',(-35.0760645820355,-231.90925243577,48.2551049352783));
#10267=CARTESIAN_POINT('Ctrl Pts',(-35.0731844997218,-231.915245204799,
47.8518656917162));
#10268=CARTESIAN_POINT('Ctrl Pts',(-34.967281668126,-231.406554827838,80.1085308583325));
#10269=CARTESIAN_POINT('Ctrl Pts',(-34.9659383308983,-231.399311502446,
79.705337878875));
#10270=CARTESIAN_POINT('Ctrl Pts',(-34.9644806809014,-231.398681156829,
79.30214794507));
#10271=CARTESIAN_POINT('Ctrl Pts',(-34.9661011254276,-231.403435431917,
78.8989709936954));
#10272=CARTESIAN_POINT('Ctrl Pts',(-34.9665013130339,-231.407737197719,
78.0925982867026));
#10273=CARTESIAN_POINT('Ctrl Pts',(-34.9649861534668,-231.404572197497,
77.2862334293012));
#10274=CARTESIAN_POINT('Ctrl Pts',(-34.9642724700901,-231.401597444099,
76.8830529504983));
#10275=CARTESIAN_POINT('Ctrl Pts',(-34.9624569283386,-231.397473755214,
75.6734977167274));
#10276=CARTESIAN_POINT('Ctrl Pts',(-34.9623810541258,-231.397547544162,
74.4639363876235));
#10277=CARTESIAN_POINT('Ctrl Pts',(-34.9608672089491,-231.393671697768,
73.6575537652797));
#10278=CARTESIAN_POINT('Ctrl Pts',(-34.9592762900686,-231.389812028071,
72.0447950964505));
#10279=CARTESIAN_POINT('Ctrl Pts',(-34.9578396525184,-231.385913796454,
70.432016466867));
#10280=CARTESIAN_POINT('Ctrl Pts',(-34.9570683936213,-231.384014882706,
69.6256257676663));
#10281=CARTESIAN_POINT('Ctrl Pts',(-34.9560817499278,-231.380893011553,
68.0128362979064));
#10282=CARTESIAN_POINT('Ctrl Pts',(-34.9552355890418,-231.378887878972,
66.4000319831966));
#10283=CARTESIAN_POINT('Ctrl Pts',(-34.955134059392,-231.378181915561,65.5936272660382));
#10284=CARTESIAN_POINT('Ctrl Pts',(-34.9547315387337,-231.377531816713,
63.9808093850201));
#10285=CARTESIAN_POINT('Ctrl Pts',(-34.9551071585886,-231.3781098164,62.3679769227691));
#10286=CARTESIAN_POINT('Ctrl Pts',(-34.9551931857623,-231.378778558296,
61.5615575894395));
#10287=CARTESIAN_POINT('Ctrl Pts',(-34.9560131146034,-231.380701542285,
59.9487095688622));
#10288=CARTESIAN_POINT('Ctrl Pts',(-34.9569600213288,-231.383724639912,
58.3358472251412));
#10289=CARTESIAN_POINT('Ctrl Pts',(-34.9577334807136,-231.385560940404,
57.5294127096407));
#10290=CARTESIAN_POINT('Ctrl Pts',(-34.9590930512596,-231.389340272903,
55.9165324749866));
#10291=CARTESIAN_POINT('Ctrl Pts',(-34.9605967388701,-231.393041039202,
54.3036424605984));
#10292=CARTESIAN_POINT('Ctrl Pts',(-34.9621815638191,-231.396795491436,
53.4971882579354));
#10293=CARTESIAN_POINT('Ctrl Pts',(-34.9619435246541,-231.396633497811,
52.2875060853726));
#10294=CARTESIAN_POINT('Ctrl Pts',(-34.9635973787424,-231.400582602041,
51.0778159868921));
#10295=CARTESIAN_POINT('Ctrl Pts',(-34.9651118244873,-231.40326658227,50.6745856248554));
#10296=CARTESIAN_POINT('Ctrl Pts',(-34.9666414198095,-231.406273273076,
49.8681230746668));
#10297=CARTESIAN_POINT('Ctrl Pts',(-34.9636122244652,-231.402496697217,
49.0616525576096));
#10298=CARTESIAN_POINT('Ctrl Pts',(-34.9619189133676,-231.397659291055,
48.6584165038713));
#10299=CARTESIAN_POINT('Ctrl Pts',(-34.9606297837135,-231.398905122058,
48.2551797799184));
#10300=CARTESIAN_POINT('Ctrl Pts',(-34.9595132590298,-231.406685101253,
47.8519415129761));
#10301=CARTESIAN_POINT('Ctrl Pts',(-34.8406444603097,-230.928193860259,
80.108467406833));
#10302=CARTESIAN_POINT('Ctrl Pts',(-34.8384510427935,-230.919028711872,
79.7052787767418));
#10303=CARTESIAN_POINT('Ctrl Pts',(-34.8370748606532,-230.917378066521,
79.3020988988545));
#10304=CARTESIAN_POINT('Ctrl Pts',(-34.8393391813125,-230.92223504169,78.8989366575763));
#10305=CARTESIAN_POINT('Ctrl Pts',(-34.8408724874588,-230.928221502742,
78.0925807270223));
#10306=CARTESIAN_POINT('Ctrl Pts',(-34.8407704976473,-230.928131038067,
77.2862143952449));
#10307=CARTESIAN_POINT('Ctrl Pts',(-34.8406527873,-230.926693996947,76.8830315560466));
#10308=CARTESIAN_POINT('Ctrl Pts',(-34.8406652458224,-230.926767889593,
75.6734785994907));
#10309=CARTESIAN_POINT('Ctrl Pts',(-34.8420456097146,-230.930900702717,
74.4639283688534));
#10310=CARTESIAN_POINT('Ctrl Pts',(-34.8417597004139,-230.930179651356,
73.657551319077));
#10311=CARTESIAN_POINT('Ctrl Pts',(-34.8425156145025,-230.932407117129,
72.0447938374345));
#10312=CARTESIAN_POINT('Ctrl Pts',(-34.843020500563,-230.934301550601,70.432024843767));
#10313=CARTESIAN_POINT('Ctrl Pts',(-34.8433079386991,-230.935011114152,
69.6256361639443));
#10314=CARTESIAN_POINT('Ctrl Pts',(-34.8436954194596,-230.936530856149,
68.0128521676878));
#10315=CARTESIAN_POINT('Ctrl Pts',(-34.8440187130402,-230.937380522401,
66.4000543328301));
#10316=CARTESIAN_POINT('Ctrl Pts',(-34.8440570392705,-230.937729981455,
65.5936513186479));
#10317=CARTESIAN_POINT('Ctrl Pts',(-34.8442032928002,-230.937974502969,
63.9808385993053));
#10318=CARTESIAN_POINT('Ctrl Pts',(-34.8440356643917,-230.937640088007,
62.3680110351327));
#10319=CARTESIAN_POINT('Ctrl Pts',(-34.8439860467505,-230.937244343383,
61.5615932180328));
#10320=CARTESIAN_POINT('Ctrl Pts',(-34.8436397086517,-230.936296336873,
59.9487508753151));
#10321=CARTESIAN_POINT('Ctrl Pts',(-34.8432239705583,-230.934661597588,
58.335892729894));
#10322=CARTESIAN_POINT('Ctrl Pts',(-34.8429311516171,-230.933885476092,
57.5294595423141));
#10323=CARTESIAN_POINT('Ctrl Pts',(-34.8423624529929,-230.931858827003,
55.9165867753641));
#10324=CARTESIAN_POINT('Ctrl Pts',(-34.841623522548,-230.929440902527,54.3036953612356));
#10325=CARTESIAN_POINT('Ctrl Pts',(-34.8414419541017,-230.930178767635,
53.497246869344));
#10326=CARTESIAN_POINT('Ctrl Pts',(-34.8407799705886,-230.92569277624,52.2875691569015));
#10327=CARTESIAN_POINT('Ctrl Pts',(-34.8404124720672,-230.925502292718,
51.0778789305923));
#10328=CARTESIAN_POINT('Ctrl Pts',(-34.840644516775,-230.926830066901,50.6746477948982));
#10329=CARTESIAN_POINT('Ctrl Pts',(-34.8401553256288,-230.926927769841,
49.8681839014364));
#10330=CARTESIAN_POINT('Ctrl Pts',(-34.8394137834246,-230.92059326228,49.0617153092067));
#10331=CARTESIAN_POINT('Ctrl Pts',(-34.8403315543743,-230.914821234881,
48.6584812736627));
#10332=CARTESIAN_POINT('Ctrl Pts',(-34.8411707851785,-230.916518709014,
48.2552459575776));
#10333=CARTESIAN_POINT('Ctrl Pts',(-34.8417626453617,-230.925996489263,
47.8520086160543));
#10334=CARTESIAN_POINT('Ctrl Pts',(-34.8421925030501,-230.927776200685,
-0.128796016269057));
#10335=CARTESIAN_POINT('Ctrl Pts',(-34.8415975430085,-230.918249555894,
0.274136222815789));
#10336=CARTESIAN_POINT('Ctrl Pts',(-34.8407548676693,-230.916491622309,
0.677064657363134));
#10337=CARTESIAN_POINT('Ctrl Pts',(-34.839830243711,-230.922199401989,1.07999063495688));
#10338=CARTESIAN_POINT('Ctrl Pts',(-34.840550154041,-230.928425475377,1.8858491977905));
#10339=CARTESIAN_POINT('Ctrl Pts',(-34.8410114260254,-230.928236628173,
2.69171410283982));
#10340=CARTESIAN_POINT('Ctrl Pts',(-34.8407641117482,-230.926862452629,
3.09464836989747));
#10341=CARTESIAN_POINT('Ctrl Pts',(-34.8410920338382,-230.926905720957,
4.30345208936734));
#10342=CARTESIAN_POINT('Ctrl Pts',(-34.8417209995533,-230.931256484575,
5.51225937871338));
#10343=CARTESIAN_POINT('Ctrl Pts',(-34.8418788686665,-230.930438592185,
6.31813742800976));
#10344=CARTESIAN_POINT('Ctrl Pts',(-34.8425749256024,-230.932694608358,
7.92990192540103));
#10345=CARTESIAN_POINT('Ctrl Pts',(-34.8431062172444,-230.934577144469,
9.54167968682695));
#10346=CARTESIAN_POINT('Ctrl Pts',(-34.8433809107763,-230.935284141174,
10.3475732776405));
#10347=CARTESIAN_POINT('Ctrl Pts',(-34.843763183101,-230.936788003256,11.959367851951));
#10348=CARTESIAN_POINT('Ctrl Pts',(-34.8440785381034,-230.937615920011,
13.5711778762262));
#10349=CARTESIAN_POINT('Ctrl Pts',(-34.8441136470617,-230.937953391675,
14.3770873026832));
#10350=CARTESIAN_POINT('Ctrl Pts',(-34.8442525085336,-230.938174090154,
15.9889135661463));
#10351=CARTESIAN_POINT('Ctrl Pts',(-34.8440785341638,-230.937818025872,
17.6007558456989));
#10352=CARTESIAN_POINT('Ctrl Pts',(-34.8440260377546,-230.9374128343,18.4066813136594));
#10353=CARTESIAN_POINT('Ctrl Pts',(-34.8436741119006,-230.936449859447,
20.0185393583331));
#10354=CARTESIAN_POINT('Ctrl Pts',(-34.8432562547491,-230.934811346696,
21.6304140665141));
#10355=CARTESIAN_POINT('Ctrl Pts',(-34.8429529732088,-230.934039219892,
22.4363556566094));
#10356=CARTESIAN_POINT('Ctrl Pts',(-34.8424151873317,-230.932017209912,
24.0482456988731));
#10357=CARTESIAN_POINT('Ctrl Pts',(-34.8416228775631,-230.92964891826,25.6601546159997));
#10358=CARTESIAN_POINT('Ctrl Pts',(-34.8418870745283,-230.930291346535,
26.4661138698905));
#10359=CARTESIAN_POINT('Ctrl Pts',(-34.8404802140483,-230.926051742279,
27.6750517115936));
#10360=CARTESIAN_POINT('Ctrl Pts',(-34.8404299338999,-230.925841272574,
28.8840068175762));
#10361=CARTESIAN_POINT('Ctrl Pts',(-34.8405357617603,-230.92722547678,29.28699154791));
#10362=CARTESIAN_POINT('Ctrl Pts',(-34.8406111888677,-230.927227782061,
30.0929667134429));
#10363=CARTESIAN_POINT('Ctrl Pts',(-34.8390583627294,-230.921172065004,
30.8989421843733));
#10364=CARTESIAN_POINT('Ctrl Pts',(-34.8367909113295,-230.916278694488,
31.3019172416318));
#10365=CARTESIAN_POINT('Ctrl Pts',(-34.8381420181005,-230.917877859482,
31.7049081468279));
#10366=CARTESIAN_POINT('Ctrl Pts',(-34.8403175363503,-230.926956188672,
32.1079054739754));
#10367=CARTESIAN_POINT('Ctrl Pts',(-34.9599170386061,-231.408468177914,
-0.128825083287326));
#10368=CARTESIAN_POINT('Ctrl Pts',(-34.9610292428676,-231.400643022391,
0.274108134639544));
#10369=CARTESIAN_POINT('Ctrl Pts',(-34.9623151065772,-231.399336734586,
0.677038414004208));
#10370=CARTESIAN_POINT('Ctrl Pts',(-34.9640036142214,-231.404105607533,
1.07996727782422));
#10371=CARTESIAN_POINT('Ctrl Pts',(-34.9670191787614,-231.407770718077,
1.88583002838633));
#10372=CARTESIAN_POINT('Ctrl Pts',(-34.9654694627207,-231.404677229022,
2.69169627182317));
#10373=CARTESIAN_POINT('Ctrl Pts',(-34.9639414094747,-231.40195034271,3.09463103860558));
#10374=CARTESIAN_POINT('Ctrl Pts',(-34.9622531184063,-231.397862737891,
4.30343809881438));
#10375=CARTESIAN_POINT('Ctrl Pts',(-34.9624667906868,-231.397900790039,
5.5122525120512));
#10376=CARTESIAN_POINT('Ctrl Pts',(-34.9608644692662,-231.39407724555,6.31813789565814));
#10377=CARTESIAN_POINT('Ctrl Pts',(-34.9593273725383,-231.390235173725,
7.9299037255233));
#10378=CARTESIAN_POINT('Ctrl Pts',(-34.9579378602422,-231.386332111255,
9.54169089269568));
#10379=CARTESIAN_POINT('Ctrl Pts',(-34.9571491881407,-231.384436455533,
10.3475866388388));
#10380=CARTESIAN_POINT('Ctrl Pts',(-34.9561739513821,-231.381300550807,
11.9593867500001));
#10381=CARTESIAN_POINT('Ctrl Pts',(-34.9553269140027,-231.379272715695,
13.5712032414011));
#10382=CARTESIAN_POINT('Ctrl Pts',(-34.9552274523656,-231.378552822699,
14.3771144662011));
#10383=CARTESIAN_POINT('Ctrl Pts',(-34.9548249007761,-231.377873715051,
15.9889459308607));
#10384=CARTESIAN_POINT('Ctrl Pts',(-34.9552000047066,-231.378422104751,
17.6007932063204));
#10385=CARTESIAN_POINT('Ctrl Pts',(-34.9552879978145,-231.379075928523,
18.406720176031));
#10386=CARTESIAN_POINT('Ctrl Pts',(-34.9561057734707,-231.380973449155,
20.0185840256788));
#10387=CARTESIAN_POINT('Ctrl Pts',(-34.9570622248912,-231.383976648455,
21.6304629886677));
#10388=CARTESIAN_POINT('Ctrl Pts',(-34.9578166394813,-231.385812058789,
22.4364058334418));
#10389=CARTESIAN_POINT('Ctrl Pts',(-34.9592196849725,-231.389576629754,
24.0483036097602));
#10390=CARTESIAN_POINT('Ctrl Pts',(-34.9607722222621,-231.393283263372,
25.6602111371763));
#10391=CARTESIAN_POINT('Ctrl Pts',(-34.9622644343556,-231.397072844241,
26.4661742259076));
#10392=CARTESIAN_POINT('Ctrl Pts',(-34.9623128170981,-231.396878277723,
27.6751205505726));
#10393=CARTESIAN_POINT('Ctrl Pts',(-34.9640903319382,-231.400848271614,
28.8840744878401));
#10394=CARTESIAN_POINT('Ctrl Pts',(-34.9647921748233,-231.403764442318,
29.2870555682827));
#10395=CARTESIAN_POINT('Ctrl Pts',(-34.9662814147754,-231.406827847198,
30.0930265055807));
#10396=CARTESIAN_POINT('Ctrl Pts',(-34.9658627640875,-231.402437042128,
30.8990163689354));
#10397=CARTESIAN_POINT('Ctrl Pts',(-34.9642373812655,-231.397633176766,
31.3020051972931));
#10398=CARTESIAN_POINT('Ctrl Pts',(-34.9656705364042,-231.398205637802,
31.7050056716112));
#10399=CARTESIAN_POINT('Ctrl Pts',(-34.9669973176269,-231.405360928819,
32.1080072607401));
#10400=CARTESIAN_POINT('Ctrl Pts',(-35.0735497102365,-231.917016405901,
-0.128864072642638));
#10401=CARTESIAN_POINT('Ctrl Pts',(-35.0764215286359,-231.910984355821,
0.274070477376717));
#10402=CARTESIAN_POINT('Ctrl Pts',(-35.0803962503725,-231.908187627577,
0.677004306629407));
#10403=CARTESIAN_POINT('Ctrl Pts',(-35.0857854402109,-231.90790026087,1.07993904049495));
#10404=CARTESIAN_POINT('Ctrl Pts',(-35.0915595554105,-231.904477747174,
1.8858085672035));
#10405=CARTESIAN_POINT('Ctrl Pts',(-35.0881209198775,-231.897460976075,
2.69167677739961));
#10406=CARTESIAN_POINT('Ctrl Pts',(-35.0856442460898,-231.89321774756,3.09461197892148));
#10407=CARTESIAN_POINT('Ctrl Pts',(-35.0830314137092,-231.883252686718,
4.3034229748895));
#10408=CARTESIAN_POINT('Ctrl Pts',(-35.0845751714198,-231.876402200527,
5.5122466406003));
#10409=CARTESIAN_POINT('Ctrl Pts',(-35.0819572817724,-231.869067484459,
6.31814010608769));
#10410=CARTESIAN_POINT('Ctrl Pts',(-35.0798472110653,-231.856589333702,
7.9299059746345));
#10411=CARTESIAN_POINT('Ctrl Pts',(-35.0779678190367,-231.84466353608,9.54170428413944));
#10412=CARTESIAN_POINT('Ctrl Pts',(-35.0765710217101,-231.839218138568,
10.3476018866604));
#10413=CARTESIAN_POINT('Ctrl Pts',(-35.0752949568293,-231.82967081998,11.9594079219648));
#10414=CARTESIAN_POINT('Ctrl Pts',(-35.0736495351114,-231.823809882553,
13.5712315108342));
#10415=CARTESIAN_POINT('Ctrl Pts',(-35.0737232192336,-231.821615510652,
14.37714435984));
#10416=CARTESIAN_POINT('Ctrl Pts',(-35.0727648810384,-231.819765993666,
15.9889812841082));
#10417=CARTESIAN_POINT('Ctrl Pts',(-35.0736687963105,-231.821500682073,
17.6008337949569));
#10418=CARTESIAN_POINT('Ctrl Pts',(-35.0735714596441,-231.823636396395,
18.4067620341569));
#10419=CARTESIAN_POINT('Ctrl Pts',(-35.0751566944462,-231.82938389913,20.0186322499024));
#10420=CARTESIAN_POINT('Ctrl Pts',(-35.0763772454295,-231.83881652713,21.6305156444672));
#10421=CARTESIAN_POINT('Ctrl Pts',(-35.0777126317203,-231.844213616584,
22.4364593162918));
#10422=CARTESIAN_POINT('Ctrl Pts',(-35.0795144157372,-231.856032972804,
24.0483661584372));
#10423=CARTESIAN_POINT('Ctrl Pts',(-35.0816596905926,-231.868379009429,
25.6602702314955));
#10424=CARTESIAN_POINT('Ctrl Pts',(-35.0830565121216,-231.875974288979,
26.466235727984));
#10425=CARTESIAN_POINT('Ctrl Pts',(-35.083296572705,-231.882273918076,27.6751941106323));
#10426=CARTESIAN_POINT('Ctrl Pts',(-35.0849668258091,-231.892394956506,
28.8841435690604));
#10427=CARTESIAN_POINT('Ctrl Pts',(-35.0855818852343,-231.897098239085,
29.2871197347358));
#10428=CARTESIAN_POINT('Ctrl Pts',(-35.0867558305643,-231.904658663715,
30.0930806598112));
#10429=CARTESIAN_POINT('Ctrl Pts',(-35.085930207506,-231.906740194863,30.8990809552191));
#10430=CARTESIAN_POINT('Ctrl Pts',(-35.085183820522,-231.905793717509,31.3020904950311));
#10431=CARTESIAN_POINT('Ctrl Pts',(-35.0860337468474,-231.907307961635,
31.7051010070125));
#10432=CARTESIAN_POINT('Ctrl Pts',(-35.0861900744077,-231.912518569199,
32.1081057920542));
#10433=CARTESIAN_POINT('Ctrl Pts',(-35.1787596271097,-232.445325767996,
-0.128909775734295));
#10434=CARTESIAN_POINT('Ctrl Pts',(-35.1816553080422,-232.441457152765,
0.274025514247185));
#10435=CARTESIAN_POINT('Ctrl Pts',(-35.1863544177813,-232.436193154504,
0.676962893260489));
#10436=CARTESIAN_POINT('Ctrl Pts',(-35.1921591385557,-232.428851009396,
1.07990316502299));
#10437=CARTESIAN_POINT('Ctrl Pts',(-35.1999902398361,-232.416249923129,
1.8857811072911));
#10438=CARTESIAN_POINT('Ctrl Pts',(-35.2015451036444,-232.404285266506,
2.69165711204821));
#10439=CARTESIAN_POINT('Ctrl Pts',(-35.2011789141619,-232.398330792729,
3.09459514751671));
#10440=CARTESIAN_POINT('Ctrl Pts',(-35.2021386546811,-232.381566794304,
4.30341336134202));
#10441=CARTESIAN_POINT('Ctrl Pts',(-35.2057184881944,-232.365975840917,
5.51224457406043));
#10442=CARTESIAN_POINT('Ctrl Pts',(-35.2067143898228,-232.353554759775,
6.31813875216386));
#10443=CARTESIAN_POINT('Ctrl Pts',(-35.2089836297583,-232.32897272253,7.92991739614116));
#10444=CARTESIAN_POINT('Ctrl Pts',(-35.2100254081802,-232.305828933802,
9.5417184360316));
#10445=CARTESIAN_POINT('Ctrl Pts',(-35.2101368302906,-232.295200636165,
10.3476209616916));
#10446=CARTESIAN_POINT('Ctrl Pts',(-35.2102480160976,-232.276970943865,
11.9594327724451));
#10447=CARTESIAN_POINT('Ctrl Pts',(-35.2099490280754,-232.265422691024,
13.57126124961));
#10448=CARTESIAN_POINT('Ctrl Pts',(-35.2098688856841,-232.261518403555,
14.3771776622895));
#10449=CARTESIAN_POINT('Ctrl Pts',(-35.2096784532563,-232.257616886029,
15.9890199747969));
#10450=CARTESIAN_POINT('Ctrl Pts',(-35.2097685450358,-232.261427815501,
17.6008775213798));
#10451=CARTESIAN_POINT('Ctrl Pts',(-35.209798323073,-232.265286830171,18.4068090988337));
#10452=CARTESIAN_POINT('Ctrl Pts',(-35.2099860853088,-232.276747386983,
20.018683242974));
#10453=CARTESIAN_POINT('Ctrl Pts',(-35.2097474119096,-232.294894334928,
21.6305707655962));
#10454=CARTESIAN_POINT('Ctrl Pts',(-35.2095321429961,-232.305491812778,
22.4365184731336));
#10455=CARTESIAN_POINT('Ctrl Pts',(-35.2083460912577,-232.328559682527,
24.0484253840288));
#10456=CARTESIAN_POINT('Ctrl Pts',(-35.2057879955889,-232.353106276641,
25.6603381005954));
#10457=CARTESIAN_POINT('Ctrl Pts',(-35.2041378468003,-232.365646235399,
26.4663048677159));
#10458=CARTESIAN_POINT('Ctrl Pts',(-35.2011400548467,-232.381004723711,
27.6752623782278));
#10459=CARTESIAN_POINT('Ctrl Pts',(-35.1976068485137,-232.39836072701,28.8842084860344));
#10460=CARTESIAN_POINT('Ctrl Pts',(-35.1963770886889,-232.404706825098,
29.2871876145093));
#10461=CARTESIAN_POINT('Ctrl Pts',(-35.192333751717,-232.417273428727,30.0931526895836));
#10462=CARTESIAN_POINT('Ctrl Pts',(-35.1845819549392,-232.429808178394,
30.8991376443573));
#10463=CARTESIAN_POINT('Ctrl Pts',(-35.1790844456287,-232.4370490046,31.3021341055894));
#10464=CARTESIAN_POINT('Ctrl Pts',(-35.1767799456655,-232.441667246427,
31.7051373102761));
#10465=CARTESIAN_POINT('Ctrl Pts',(-35.1774184926994,-232.444581118821,
32.1081436823951));
#10466=CARTESIAN_POINT('Ctrl Pts',(-35.3893893088199,-233.464450379361,
-0.128965196364007));
#10467=CARTESIAN_POINT('Ctrl Pts',(-35.391175189167,-233.463683787723,0.273972281319596));
#10468=CARTESIAN_POINT('Ctrl Pts',(-35.3953636546117,-233.460839621356,
0.676911882646543));
#10469=CARTESIAN_POINT('Ctrl Pts',(-35.4010584264352,-233.455582218696,
1.07985396891748));
#10470=CARTESIAN_POINT('Ctrl Pts',(-35.4121021891292,-233.443069853454,
1.88573894249209));
#10471=CARTESIAN_POINT('Ctrl Pts',(-35.422145486237,-233.427233742561,2.69162520694749));
#10472=CARTESIAN_POINT('Ctrl Pts',(-35.4267425355093,-233.418701873651,
3.09456844015337));
#10473=CARTESIAN_POINT('Ctrl Pts',(-35.4412718298752,-233.390805217397,
4.30340107420119));
#10474=CARTESIAN_POINT('Ctrl Pts',(-35.457645489885,-233.356368649599,5.51224373814009));
#10475=CARTESIAN_POINT('Ctrl Pts',(-35.4686300048169,-233.330327342698,
6.31814312555248));
#10476=CARTESIAN_POINT('Ctrl Pts',(-35.4876272701601,-233.276437647226,
7.92994117475986));
#10477=CARTESIAN_POINT('Ctrl Pts',(-35.5011549934575,-233.225404543436,
9.54175347913815));
#10478=CARTESIAN_POINT('Ctrl Pts',(-35.5063642504786,-233.202174898791,
10.347663109116));
#10479=CARTESIAN_POINT('Ctrl Pts',(-35.5143836949428,-233.162246996171,
11.9594878397033));
#10480=CARTESIAN_POINT('Ctrl Pts',(-35.5184140028491,-233.137050025646,
13.5713271880404));
#10481=CARTESIAN_POINT('Ctrl Pts',(-35.5196335827199,-233.128588596848,
14.3772500197854));
#10482=CARTESIAN_POINT('Ctrl Pts',(-35.5208236018754,-233.12010405208,15.9891033661367));
#10483=CARTESIAN_POINT('Ctrl Pts',(-35.5194142993126,-233.12855997153,17.6009713149472));
#10484=CARTESIAN_POINT('Ctrl Pts',(-35.5180807260332,-233.13700833454,18.406908739395));
#10485=CARTESIAN_POINT('Ctrl Pts',(-35.5138067500227,-233.162183784968,
20.018791830113));
#10486=CARTESIAN_POINT('Ctrl Pts',(-35.5054782070184,-233.202108964975,
21.6306888728266));
#10487=CARTESIAN_POINT('Ctrl Pts',(-35.5000764785047,-233.225347717642,
22.4366416928956));
#10488=CARTESIAN_POINT('Ctrl Pts',(-35.4861341651343,-233.276408438659,
24.0485543377163));
#10489=CARTESIAN_POINT('Ctrl Pts',(-35.4663339810796,-233.330428368663,
25.6604785161439));
#10490=CARTESIAN_POINT('Ctrl Pts',(-35.4549385641013,-233.35653806538,26.46644792516));
#10491=CARTESIAN_POINT('Ctrl Pts',(-35.4373638897348,-233.391225442645,
27.6754028522015));
#10492=CARTESIAN_POINT('Ctrl Pts',(-35.4200049350358,-233.419795457811,
28.8843549953098));
#10493=CARTESIAN_POINT('Ctrl Pts',(-35.4143190580473,-233.428589561448,
29.2873390235446));
#10494=CARTESIAN_POINT('Ctrl Pts',(-35.4025267870003,-233.444839175124,
30.0933118893761));
#10495=CARTESIAN_POINT('Ctrl Pts',(-35.3917528671315,-233.457236923078,
30.899298214466));
#10496=CARTESIAN_POINT('Ctrl Pts',(-35.3869744469707,-233.462233426436,
31.3022958244565));
#10497=CARTESIAN_POINT('Ctrl Pts',(-35.3850496957419,-233.464454829624,
31.7052979852304));
#10498=CARTESIAN_POINT('Ctrl Pts',(-35.3862886557533,-233.464385508546,
32.1083021830796));
#10499=CARTESIAN_POINT('Ctrl Pts',(-35.6072488476219,-234.47156263123,-0.128992181399312));
#10500=CARTESIAN_POINT('Ctrl Pts',(-35.6070671337092,-234.474467295432,
0.273947438244745));
#10501=CARTESIAN_POINT('Ctrl Pts',(-35.6099512685908,-234.476373379868,
0.67688811200567));
#10502=CARTESIAN_POINT('Ctrl Pts',(-35.615228803387,-234.477472565246,1.07983001891889));
#10503=CARTESIAN_POINT('Ctrl Pts',(-35.6296279431332,-234.473098694538,
1.8857175104389));
#10504=CARTESIAN_POINT('Ctrl Pts',(-35.6499760413489,-234.457522469142,
2.6916100182424));
#10505=CARTESIAN_POINT('Ctrl Pts',(-35.6612294841724,-234.446993796205,
3.09455717410842));
#10506=CARTESIAN_POINT('Ctrl Pts',(-35.6975346440389,-234.408046255922,
4.30340148586871));
#10507=CARTESIAN_POINT('Ctrl Pts',(-35.7386002704992,-234.349729601403,
5.51225429902571));
#10508=CARTESIAN_POINT('Ctrl Pts',(-35.76537301531,-234.304779404073,6.31815959605065));
#10509=CARTESIAN_POINT('Ctrl Pts',(-35.8130807268511,-234.211936959769,
7.92997356027885));
#10510=CARTESIAN_POINT('Ctrl Pts',(-35.8482767076896,-234.124374309889,
9.54179917492897));
#10511=CARTESIAN_POINT('Ctrl Pts',(-35.8623451710879,-234.084804673679,
10.3477151682236));
#10512=CARTESIAN_POINT('Ctrl Pts',(-35.8845982791304,-234.01692356613,11.9595530522704));
#10513=CARTESIAN_POINT('Ctrl Pts',(-35.8964992364026,-233.974331131477,
13.5714041563241));
#10514=CARTESIAN_POINT('Ctrl Pts',(-35.9002625002056,-233.960047441116,
14.3773330486296));
#10515=CARTESIAN_POINT('Ctrl Pts',(-35.9039351835398,-233.945763428484,
15.9891977800405));
#10516=CARTESIAN_POINT('Ctrl Pts',(-35.899889675019,-233.960099397444,17.6010764933763));
#10517=CARTESIAN_POINT('Ctrl Pts',(-35.895932872464,-233.97441116987,18.4070193668445));
#10518=CARTESIAN_POINT('Ctrl Pts',(-35.8836180348212,-234.01706787297,20.0189122882727));
#10519=CARTESIAN_POINT('Ctrl Pts',(-35.8608447117127,-234.085043857269,
21.6308190901882));
#10520=CARTESIAN_POINT('Ctrl Pts',(-35.8464761099501,-234.124672238579,
22.4367761859934));
#10521=CARTESIAN_POINT('Ctrl Pts',(-35.8105647250485,-234.212384139596,
24.0486967887105));
#10522=CARTESIAN_POINT('Ctrl Pts',(-35.7617156468019,-234.30548466053,25.6606297671324));
#10523=CARTESIAN_POINT('Ctrl Pts',(-35.7343530423081,-234.350567051467,
26.4666008386525));
#10524=CARTESIAN_POINT('Ctrl Pts',(-35.6915693114331,-234.40929107235,27.6755578241464));
#10525=CARTESIAN_POINT('Ctrl Pts',(-35.653861580702,-234.448545505253,28.8845207561448));
#10526=CARTESIAN_POINT('Ctrl Pts',(-35.6422563035919,-234.459143914342,
29.2875093759457));
#10527=CARTESIAN_POINT('Ctrl Pts',(-35.6221163965163,-234.474616912598,
30.093491532842));
#10528=CARTESIAN_POINT('Ctrl Pts',(-35.6107655407893,-234.478128418938,
30.8994863186946));
#10529=CARTESIAN_POINT('Ctrl Pts',(-35.6082499879614,-234.476268240447,
31.302488388953));
#10530=CARTESIAN_POINT('Ctrl Pts',(-35.6079494757702,-234.47363531503,31.7054901903626));
#10531=CARTESIAN_POINT('Ctrl Pts',(-35.6102763653014,-234.47010691117,32.1084904676049));
#10532=CARTESIAN_POINT('Ctrl Pts',(-35.7206549527064,-234.981603773967,
-0.129005450347438));
#10533=CARTESIAN_POINT('Ctrl Pts',(-35.7196328690242,-234.986955945032,
0.273934990757502));
#10534=CARTESIAN_POINT('Ctrl Pts',(-35.7221152531115,-234.990062678027,
0.676877089507878));
#10535=CARTESIAN_POINT('Ctrl Pts',(-35.7275009842397,-234.991207269486,
1.07982100715742));
#10536=CARTESIAN_POINT('Ctrl Pts',(-35.7442091701794,-234.987759613671,
1.88571157243186));
#10537=CARTESIAN_POINT('Ctrl Pts',(-35.7703263292468,-234.971349494539,
2.69160700902794));
#10538=CARTESIAN_POINT('Ctrl Pts',(-35.785215543366,-234.959539670241,3.09455574473008));
#10539=CARTESIAN_POINT('Ctrl Pts',(-35.8337329402156,-234.914021809022,
4.30340495280284));
#10540=CARTESIAN_POINT('Ctrl Pts',(-35.8892344529465,-234.842344544597,
5.5122627661849));
#10541=CARTESIAN_POINT('Ctrl Pts',(-35.925041297834,-234.786735447858,6.31817121276595));
#10542=CARTESIAN_POINT('Ctrl Pts',(-35.9891036382805,-234.672263965854,
7.92999221326774));
#10543=CARTESIAN_POINT('Ctrl Pts',(-36.0366121319009,-234.564785107676,
9.54182456144336));
#10544=CARTESIAN_POINT('Ctrl Pts',(-36.0557285746567,-234.516366755602,
10.3477437581806));
#10545=CARTESIAN_POINT('Ctrl Pts',(-36.0861134971343,-234.433421404496,
11.9595880463488));
#10546=CARTESIAN_POINT('Ctrl Pts',(-36.1025653610405,-234.381509196653,
13.571445176417));
#10547=CARTESIAN_POINT('Ctrl Pts',(-36.1077921473541,-234.364115211722,
14.3773770124455));
#10548=CARTESIAN_POINT('Ctrl Pts',(-36.1129177826324,-234.346725351333,
15.9892474760561));
#10549=CARTESIAN_POINT('Ctrl Pts',(-36.1073389022106,-234.364210125325,
17.6011316187685));
#10550=CARTESIAN_POINT('Ctrl Pts',(-36.1018772708623,-234.381654019115,
18.407077133403));
#10551=CARTESIAN_POINT('Ctrl Pts',(-36.0849237510268,-234.433675752368,
20.0189751499816));
#10552=CARTESIAN_POINT('Ctrl Pts',(-36.0539170769323,-234.51676529889,21.630886716799));
#10553=CARTESIAN_POINT('Ctrl Pts',(-36.0344460510565,-234.565268100532,
22.4368459997772));
#10554=CARTESIAN_POINT('Ctrl Pts',(-35.9860971582163,-234.67295184132,24.0487708578542));
#10555=CARTESIAN_POINT('Ctrl Pts',(-35.920795878433,-234.787727590896,25.6607076794643));
#10556=CARTESIAN_POINT('Ctrl Pts',(-35.8843104516633,-234.843501182127,
26.466679890827));
#10557=CARTESIAN_POINT('Ctrl Pts',(-35.8272578549997,-234.915552841811,
27.6756397652627));
#10558=CARTESIAN_POINT('Ctrl Pts',(-35.7778991843395,-234.961230870764,
28.8846067015946));
#10559=CARTESIAN_POINT('Ctrl Pts',(-35.7628913385559,-234.973047978772,
29.2875967569198));
#10560=CARTESIAN_POINT('Ctrl Pts',(-35.7373293511732,-234.989256423689,
30.0935809669339));
#10561=CARTESIAN_POINT('Ctrl Pts',(-35.7229697854379,-234.992008462874,
30.8995735750665));
#10562=CARTESIAN_POINT('Ctrl Pts',(-35.7192390271367,-234.990382268926,
31.3025719902659));
#10563=CARTESIAN_POINT('Ctrl Pts',(-35.718716875836,-234.986704226901,31.7055714400761));
#10564=CARTESIAN_POINT('Ctrl Pts',(-35.7218238723233,-234.980737118835,
32.1085710095833));
#10565=CARTESIAN_POINT('Ctrl Pts',(-35.9575867491201,-235.99422725326,-0.12902073799147));
#10566=CARTESIAN_POINT('Ctrl Pts',(-35.9549437221507,-236.00417908811,0.273921590285009));
#10567=CARTESIAN_POINT('Ctrl Pts',(-35.9575978254425,-236.01082060062,0.676865890048098));
#10568=CARTESIAN_POINT('Ctrl Pts',(-35.9651438173658,-236.014592118228,
1.07981234009757));
#10569=CARTESIAN_POINT('Ctrl Pts',(-35.9898173362978,-236.013708628007,
1.88570807566154));
#10570=CARTESIAN_POINT('Ctrl Pts',(-36.0303133866582,-235.993128281655,
2.69160915072765));
#10571=CARTESIAN_POINT('Ctrl Pts',(-36.0537518198716,-235.97722602924,3.09456084983184));
#10572=CARTESIAN_POINT('Ctrl Pts',(-36.1303046139809,-235.913792190919,
4.30341915065805));
#10573=CARTESIAN_POINT('Ctrl Pts',(-36.21742785923,-235.810518888967,5.51228622394262));
#10574=CARTESIAN_POINT('Ctrl Pts',(-36.272676260081,-235.730867007085,6.31820075104452));
#10575=CARTESIAN_POINT('Ctrl Pts',(-36.3714103104892,-235.568859724427,
7.93003505705899));
#10576=CARTESIAN_POINT('Ctrl Pts',(-36.4446518970364,-235.419146449805,
9.54188038720579));
#10577=CARTESIAN_POINT('Ctrl Pts',(-36.4743217821944,-235.352192128769,
10.3478058773675));
#10578=CARTESIAN_POINT('Ctrl Pts',(-36.5217539077455,-235.237879032921,
11.959662706794));
#10579=CARTESIAN_POINT('Ctrl Pts',(-36.5477854531214,-235.166761123516,
13.5715317421317));
#10580=CARTESIAN_POINT('Ctrl Pts',(-36.5561147014779,-235.142966219909,
14.3774694259968));
#10581=CARTESIAN_POINT('Ctrl Pts',(-36.5643059865673,-235.119191184875,
15.9893512730403));
#10582=CARTESIAN_POINT('Ctrl Pts',(-36.555502286827,-235.143148482321,17.6012462251408));
#10583=CARTESIAN_POINT('Ctrl Pts',(-36.5468572223636,-235.167037409803,
18.4071970147246));
#10584=CARTESIAN_POINT('Ctrl Pts',(-36.5201553092416,-235.238355190123,
20.019105176447));
#10585=CARTESIAN_POINT('Ctrl Pts',(-36.4719206952992,-235.352906504764,
21.6310262231585));
#10586=CARTESIAN_POINT('Ctrl Pts',(-36.4418052018454,-235.419992520403,
22.4369899224457));
#10587=CARTESIAN_POINT('Ctrl Pts',(-36.3675318360282,-235.570007520784,
24.0489232356778));
#10588=CARTESIAN_POINT('Ctrl Pts',(-36.2674875081648,-235.732379991923,
25.6608677696833));
#10589=CARTESIAN_POINT('Ctrl Pts',(-36.2115197099846,-235.812225975462,
26.4668427860346));
#10590=CARTESIAN_POINT('Ctrl Pts',(-36.1232508767611,-235.915788861526,
27.675808324225));
#10591=CARTESIAN_POINT('Ctrl Pts',(-36.0465982316446,-235.979187551703,
28.8847813697331));
#10592=CARTESIAN_POINT('Ctrl Pts',(-36.0233062418512,-235.995024179589,
29.2877733852578));
#10593=CARTESIAN_POINT('Ctrl Pts',(-35.9835725959086,-236.015333758632,
30.0937597400679));
#10594=CARTESIAN_POINT('Ctrl Pts',(-35.9605250850004,-236.01568341889,30.8997499136875));
#10595=CARTESIAN_POINT('Ctrl Pts',(-35.9539134155395,-236.01160306723,31.3027455279766));
#10596=CARTESIAN_POINT('Ctrl Pts',(-35.9526847905455,-236.004514236155,
31.70574248273));
#10597=CARTESIAN_POINT('Ctrl Pts',(-35.9571131758428,-235.994009847641,
32.1087401522523));
#10598=CARTESIAN_POINT('Ctrl Pts',(-36.2364318041473,-236.993538940571,
-0.129016449878694));
#10599=CARTESIAN_POINT('Ctrl Pts',(-36.2326277801363,-237.008084583932,
0.273927921858737));
#10600=CARTESIAN_POINT('Ctrl Pts',(-36.2368532795886,-237.018145512178,
0.676874059822279));
#10601=CARTESIAN_POINT('Ctrl Pts',(-36.2488569875854,-237.024297696256,
1.07982211815272));
#10602=CARTESIAN_POINT('Ctrl Pts',(-36.2866360760962,-237.021762971836,
1.88572173705319));
#10603=CARTESIAN_POINT('Ctrl Pts',(-36.3469077426015,-236.988761915947,
2.69162739076267));
#10604=CARTESIAN_POINT('Ctrl Pts',(-36.3813403437838,-236.964117480705,
3.09458150931931));
#10605=CARTESIAN_POINT('Ctrl Pts',(-36.4919859668088,-236.868973377058,
4.3034473221687));
#10606=CARTESIAN_POINT('Ctrl Pts',(-36.6131247615213,-236.722602406936,
5.5123225373487));
#10607=CARTESIAN_POINT('Ctrl Pts',(-36.6879106632261,-236.614006917281,
6.31824265054842));
#10608=CARTESIAN_POINT('Ctrl Pts',(-36.8208241138165,-236.397784214918,
7.93008860584614));
#10609=CARTESIAN_POINT('Ctrl Pts',(-36.9187283277949,-236.203726779268,
9.5419459107109));
#10610=CARTESIAN_POINT('Ctrl Pts',(-36.9585627498315,-236.117769822673,
10.347877342474));
#10611=CARTESIAN_POINT('Ctrl Pts',(-37.0224867285625,-235.971715063534,
11.9597459719851));
#10612=CARTESIAN_POINT('Ctrl Pts',(-37.0578985392972,-235.881566552865,
13.5716264926952));
#10613=CARTESIAN_POINT('Ctrl Pts',(-37.0692891109072,-235.851449719964,
14.3775698134254));
#10614=CARTESIAN_POINT('Ctrl Pts',(-37.0805061295191,-235.821371174788,
15.9894627268365));
#10615=CARTESIAN_POINT('Ctrl Pts',(-37.0685337791981,-235.851716230541,
17.6013682568236));
#10616=CARTESIAN_POINT('Ctrl Pts',(-37.0567563513583,-235.881969058213,
18.4073241952344));
#10617=CARTESIAN_POINT('Ctrl Pts',(-37.020532711928,-235.972401056185,20.0192423538246));
#10618=CARTESIAN_POINT('Ctrl Pts',(-36.9556822115417,-236.118772448676,
21.6311726630336));
#10619=CARTESIAN_POINT('Ctrl Pts',(-36.9153485142495,-236.204897849586,
22.4371407662523));
#10620=CARTESIAN_POINT('Ctrl Pts',(-36.8163400066338,-236.399320853558,
24.0490824614457));
#10621=CARTESIAN_POINT('Ctrl Pts',(-36.6822283229096,-236.615920561227,
25.661034403382));
#10622=CARTESIAN_POINT('Ctrl Pts',(-36.6068425346404,-236.72469800699,26.4670127653178));
#10623=CARTESIAN_POINT('Ctrl Pts',(-36.484995426604,-236.871267341044,27.6759836216363));
#10624=CARTESIAN_POINT('Ctrl Pts',(-36.3746759201924,-236.966266828163,
28.8849604959614));
#10625=CARTESIAN_POINT('Ctrl Pts',(-36.340506441113,-236.990812729624,29.2879535072793));
#10626=CARTESIAN_POINT('Ctrl Pts',(-36.2811491704188,-237.023491426033,
30.0939410530681));
#10627=CARTESIAN_POINT('Ctrl Pts',(-36.2452016545721,-237.025414167989,
30.8999314535042));
#10628=CARTESIAN_POINT('Ctrl Pts',(-36.2344194071704,-237.018862783958,
31.302927449891));
#10629=CARTESIAN_POINT('Ctrl Pts',(-36.2315803621644,-237.008347828606,
31.7059235773654));
#10630=CARTESIAN_POINT('Ctrl Pts',(-36.2368520314907,-236.993315399484,
32.1089194202038));
#10631=CARTESIAN_POINT('Ctrl Pts',(-36.3942802342421,-237.492129157297,
-0.129010490122888));
#10632=CARTESIAN_POINT('Ctrl Pts',(-36.3902308215783,-237.509198285296,
0.273934872626073));
#10633=CARTESIAN_POINT('Ctrl Pts',(-36.3950090427376,-237.520093345476,
0.676882004873094));
#10634=CARTESIAN_POINT('Ctrl Pts',(-36.4083508480983,-237.525400231388,
1.07983103776907));
#10635=CARTESIAN_POINT('Ctrl Pts',(-36.4525175050029,-237.518755713886,
1.88573258917536));
#10636=CARTESIAN_POINT('Ctrl Pts',(-36.5237467363176,-237.476447079892,
2.69164033467104));
#10637=CARTESIAN_POINT('Ctrl Pts',(-36.5642654679863,-237.445878923506,
3.09459556457968));
#10638=CARTESIAN_POINT('Ctrl Pts',(-36.6932029842061,-237.330403329567,
4.30346483844597));
#10639=CARTESIAN_POINT('Ctrl Pts',(-36.8312163369919,-237.159219258144,
5.51234384545372));
#10640=CARTESIAN_POINT('Ctrl Pts',(-36.9151470049212,-237.035023540438,
6.31826658080522));
#10641=CARTESIAN_POINT('Ctrl Pts',(-37.0639389763825,-236.790471470284,
7.93011801292365));
#10642=CARTESIAN_POINT('Ctrl Pts',(-37.1730829640322,-236.574373035676,
9.54198099725104));
#10643=CARTESIAN_POINT('Ctrl Pts',(-37.2175728993974,-236.479098949566,
10.3479152773591));
#10644=CARTESIAN_POINT('Ctrl Pts',(-37.2890713641352,-236.317600994921,
11.959789586727));
#10645=CARTESIAN_POINT('Ctrl Pts',(-37.3288271036519,-236.218308686046,
13.5716756840646));
#10646=CARTESIAN_POINT('Ctrl Pts',(-37.3416420776561,-236.185159391474,
14.377621755417));
#10647=CARTESIAN_POINT('Ctrl Pts',(-37.354266757289,-236.152058220123,15.9895200785007));
#10648=CARTESIAN_POINT('Ctrl Pts',(-37.3408225887783,-236.18546575023,17.601430800945));
#10649=CARTESIAN_POINT('Ctrl Pts',(-37.3275893721371,-236.218770720523,
18.4073892731334));
#10650=CARTESIAN_POINT('Ctrl Pts',(-37.2869614246773,-236.318385000685,
20.0193123481135));
#10651=CARTESIAN_POINT('Ctrl Pts',(-37.2144916111974,-236.480233289777,
21.631247222752));
#10652=CARTESIAN_POINT('Ctrl Pts',(-37.1694863743448,-236.575690755363,
22.4372175024167));
#10653=CARTESIAN_POINT('Ctrl Pts',(-37.0592310812802,-236.792177617729,
24.049163325129));
#10654=CARTESIAN_POINT('Ctrl Pts',(-36.9093258122862,-237.037104043988,
25.6611189071512));
#10655=CARTESIAN_POINT('Ctrl Pts',(-36.8248736412545,-237.161470503817,
26.4670989403419));
#10656=CARTESIAN_POINT('Ctrl Pts',(-36.6863257887489,-237.332820048857,
27.6760721396641));
#10657=CARTESIAN_POINT('Ctrl Pts',(-36.5578948216387,-237.448106936059,
28.8850506281412));
#10658=CARTESIAN_POINT('Ctrl Pts',(-36.5176945454019,-237.478561660774,
29.2880440658218));
#10659=CARTESIAN_POINT('Ctrl Pts',(-36.4474960457213,-237.520513040746,
30.0940322386305));
#10660=CARTESIAN_POINT('Ctrl Pts',(-36.4052041827658,-237.526523720192,
30.9000225500726));
#10661=CARTESIAN_POINT('Ctrl Pts',(-36.3930405056329,-237.5208225727,31.3030181773918));
#10662=CARTESIAN_POINT('Ctrl Pts',(-36.3895595693396,-237.509488904724,
31.7060136987038));
#10663=CARTESIAN_POINT('Ctrl Pts',(-36.3949708341831,-237.491951555007,
32.1090088100293));
#10664=CARTESIAN_POINT('Ctrl Pts',(-36.7374760484418,-238.474305130287,
-0.128991994074048));
#10665=CARTESIAN_POINT('Ctrl Pts',(-36.7327527159399,-238.496315485509,
0.273955316677954));
#10666=CARTESIAN_POINT('Ctrl Pts',(-36.7404886116948,-238.508496510998,
0.676904473105741));
#10667=CARTESIAN_POINT('Ctrl Pts',(-36.7608830098918,-238.511649142348,
1.07985559335631));
#10668=CARTESIAN_POINT('Ctrl Pts',(-36.8268095724682,-238.492216068348,
1.88576122479667));
#10669=CARTESIAN_POINT('Ctrl Pts',(-36.925885165815,-238.422516010077,2.69167311355098));
#10670=CARTESIAN_POINT('Ctrl Pts',(-36.9800389785667,-238.375340044708,
3.09463046514369));
#10671=CARTESIAN_POINT('Ctrl Pts',(-37.1472428094147,-238.206775949283,
4.30350628536775));
#10672=CARTESIAN_POINT('Ctrl Pts',(-37.3148606008434,-237.97956221734,5.5123923601385));
#10673=CARTESIAN_POINT('Ctrl Pts',(-37.4142737029107,-237.823232739788,
6.31832002914403));
#10674=CARTESIAN_POINT('Ctrl Pts',(-37.589723178652,-237.521818309747,7.93018173099274));
#10675=CARTESIAN_POINT('Ctrl Pts',(-37.7176410947592,-237.263821293599,
9.5420554679793));
#10676=CARTESIAN_POINT('Ctrl Pts',(-37.7700129465854,-237.151030664554,
10.3479951729043));
#10677=CARTESIAN_POINT('Ctrl Pts',(-37.8544206575778,-236.960717159867,
11.9598803463822));
#10678=CARTESIAN_POINT('Ctrl Pts',(-37.9016976116552,-236.84455140113,13.5717772071191));
#10679=CARTESIAN_POINT('Ctrl Pts',(-37.9169939719321,-236.805811267209,
14.3777286047216));
#10680=CARTESIAN_POINT('Ctrl Pts',(-37.9320702418779,-236.767139895273,
15.9896374360408));
#10681=CARTESIAN_POINT('Ctrl Pts',(-37.9160643807199,-236.806190743539,
17.6015582917751));
#10682=CARTESIAN_POINT('Ctrl Pts',(-37.9002968788941,-236.845122325924,
18.4075217157592));
#10683=CARTESIAN_POINT('Ctrl Pts',(-37.8520501387636,-236.961678534091,
20.019454415746));
#10684=CARTESIAN_POINT('Ctrl Pts',(-37.766613365261,-237.152397936603,21.631398235677));
#10685=CARTESIAN_POINT('Ctrl Pts',(-37.7137125327264,-237.265394968181,
22.4373727828814));
#10686=CARTESIAN_POINT('Ctrl Pts',(-37.5847118399439,-237.523810166529,
24.0493266913663));
#10687=CARTESIAN_POINT('Ctrl Pts',(-37.4083428756086,-237.825583087922,
25.6612892898348));
#10688=CARTESIAN_POINT('Ctrl Pts',(-37.308557937021,-237.982060634239,26.4672725010808));
#10689=CARTESIAN_POINT('Ctrl Pts',(-37.1407288440746,-238.209382884981,
27.6762500206188));
#10690=CARTESIAN_POINT('Ctrl Pts',(-36.974250329791,-238.377716937064,28.8852310217188));
#10691=CARTESIAN_POINT('Ctrl Pts',(-36.9204642648991,-238.424769826454,
29.2882250392742));
#10692=CARTESIAN_POINT('Ctrl Pts',(-36.8224165890527,-238.494110180917,
30.0942136384238));
#10693=CARTESIAN_POINT('Ctrl Pts',(-36.7580823592611,-238.512960608939,
30.9002026557594));
#10694=CARTESIAN_POINT('Ctrl Pts',(-36.7386049751791,-238.509466256175,
31.3031970459636));
#10695=CARTESIAN_POINT('Ctrl Pts',(-36.7319497719784,-238.496887169557,
31.7061912658361));
#10696=CARTESIAN_POINT('Ctrl Pts',(-36.7378779430637,-238.474432013202,
32.109185096601));
#10697=CARTESIAN_POINT('Ctrl Pts',(-37.1929593688715,-239.400427543136,
-0.128959735246364));
#10698=CARTESIAN_POINT('Ctrl Pts',(-37.1869245167957,-239.42776577119,0.273989505928896));
#10699=CARTESIAN_POINT('Ctrl Pts',(-37.201801317358,-239.438425285552,0.67694055888892));
#10700=CARTESIAN_POINT('Ctrl Pts',(-37.2387314667657,-239.432815597465,
1.07989353427722));
#10701=CARTESIAN_POINT('Ctrl Pts',(-37.3358470009015,-239.37924499408,1.88580290959792));
#10702=CARTESIAN_POINT('Ctrl Pts',(-37.461228127543,-239.259790423503,2.6917185763938));
#10703=CARTESIAN_POINT('Ctrl Pts',(-37.5258943109418,-239.187370109751,
3.09467783363559));
#10704=CARTESIAN_POINT('Ctrl Pts',(-37.7194360187481,-238.947058263706,
4.30355946972228));
#10705=CARTESIAN_POINT('Ctrl Pts',(-37.900821723737,-238.662748946929,5.51245170842741));
#10706=CARTESIAN_POINT('Ctrl Pts',(-38.0075340847264,-238.477164336207,
6.31838369040415));
#10707=CARTESIAN_POINT('Ctrl Pts',(-38.1956833457299,-238.126285870635,
7.93025436865724));
#10708=CARTESIAN_POINT('Ctrl Pts',(-38.3333706565143,-237.834917992621,
9.54213762805023));
#10709=CARTESIAN_POINT('Ctrl Pts',(-38.3901342906219,-237.708365670804,
10.3480821888087));
#10710=CARTESIAN_POINT('Ctrl Pts',(-38.4820093933917,-237.495663692792,
11.9599771727988));
#10711=CARTESIAN_POINT('Ctrl Pts',(-38.5339554557882,-237.366573796541,
13.5718839193485));
#10712=CARTESIAN_POINT('Ctrl Pts',(-38.5508240182539,-237.32354906872,14.3778402465809));
#10713=CARTESIAN_POINT('Ctrl Pts',(-38.5674522313148,-237.28061348156,15.9897588638021));
#10714=CARTESIAN_POINT('Ctrl Pts',(-38.5498228319238,-237.323986591188,
17.6016892529786));
#10715=CARTESIAN_POINT('Ctrl Pts',(-38.5324505551162,-237.36723050338,18.4076573543145));
#10716=CARTESIAN_POINT('Ctrl Pts',(-38.4794826616933,-237.496761074849,
20.0195991716938));
#10717=CARTESIAN_POINT('Ctrl Pts',(-38.3865759704436,-237.709901159611,
21.6315514870842));
#10718=CARTESIAN_POINT('Ctrl Pts',(-38.3292995906041,-237.836669822772,
22.4375300885548));
#10719=CARTESIAN_POINT('Ctrl Pts',(-38.1906188734743,-238.128457042768,
24.0494916457466));
#10720=CARTESIAN_POINT('Ctrl Pts',(-38.0017622489231,-238.47965825207,25.6614606873937));
#10721=CARTESIAN_POINT('Ctrl Pts',(-37.8948178331146,-238.665363063394,
26.467446753648));
#10722=CARTESIAN_POINT('Ctrl Pts',(-37.7134533734554,-238.949738458907,
27.6764277880135));
#10723=CARTESIAN_POINT('Ctrl Pts',(-37.5207338425894,-239.189823421009,
28.8854104570646));
#10724=CARTESIAN_POINT('Ctrl Pts',(-37.4564443695321,-239.262129060901,
29.288404790566));
#10725=CARTESIAN_POINT('Ctrl Pts',(-37.3320333675031,-239.381259659358,
30.0943934471266));
#10726=CARTESIAN_POINT('Ctrl Pts',(-37.2363369558529,-239.434292089057,
30.9003814749083));
#10727=CARTESIAN_POINT('Ctrl Pts',(-37.200229652218,-239.439571731762,31.3033751764267));
#10728=CARTESIAN_POINT('Ctrl Pts',(-37.1863219237328,-239.428525796323,
31.7063684474543));
#10729=CARTESIAN_POINT('Ctrl Pts',(-37.1934314350244,-239.400753770757,
32.1093611071219));
#10730=CARTESIAN_POINT('Ctrl Pts',(-37.4685187457654,-239.856180780668,
-0.128940392145541));
#10731=CARTESIAN_POINT('Ctrl Pts',(-37.4620481689512,-239.886802464018,
0.274009804843604));
#10732=CARTESIAN_POINT('Ctrl Pts',(-37.4804119518057,-239.894409945513,
0.676961773797965));
#10733=CARTESIAN_POINT('Ctrl Pts',(-37.5253763002087,-239.878277894684,
1.0799156161362));
#10734=CARTESIAN_POINT('Ctrl Pts',(-37.6364996564309,-239.794111029869,
1.88582674187414));
#10735=CARTESIAN_POINT('Ctrl Pts',(-37.7712754995932,-239.64049181798,2.69174418731494));
#10736=CARTESIAN_POINT('Ctrl Pts',(-37.8389124427898,-239.552978188238,
3.09470434617014));
#10737=CARTESIAN_POINT('Ctrl Pts',(-38.0388542036111,-239.272547870104,
4.30358872427068));
#10738=CARTESIAN_POINT('Ctrl Pts',(-38.2212944815884,-238.962417543538,
5.51248384570181));
#10739=CARTESIAN_POINT('Ctrl Pts',(-38.3289478696834,-238.763978308753,
6.31841783404524));
#10740=CARTESIAN_POINT('Ctrl Pts',(-38.5190024383438,-238.39210757307,7.93029269243007));
#10741=CARTESIAN_POINT('Ctrl Pts',(-38.6589147862148,-238.087215529072,
9.54218040411991));
#10742=CARTESIAN_POINT('Ctrl Pts',(-38.7168403368508,-237.955096879548,
10.3481272441813));
#10743=CARTESIAN_POINT('Ctrl Pts',(-38.810842833401,-237.733374992189,11.9600268539675));
#10744=CARTESIAN_POINT('Ctrl Pts',(-38.8642782046678,-237.599090042199,
13.5719383006602));
#10745=CARTESIAN_POINT('Ctrl Pts',(-38.8816611922313,-237.554338931704,
14.3778969811479));
#10746=CARTESIAN_POINT('Ctrl Pts',(-38.8987966310227,-237.509686566257,
15.9898202858443));
#10747=CARTESIAN_POINT('Ctrl Pts',(-38.8806343776873,-237.554801221978,
17.6017552677945));
#10748=CARTESIAN_POINT('Ctrl Pts',(-38.8627366252933,-237.599783156768,
18.4077256276908));
#10749=CARTESIAN_POINT('Ctrl Pts',(-38.8082645910294,-237.734529006555,
20.0196718550376));
#10750=CARTESIAN_POINT('Ctrl Pts',(-38.7132408248764,-237.956699355827,
21.631628285298));
#10751=CARTESIAN_POINT('Ctrl Pts',(-38.6548163426831,-238.089036216813,
22.437608849487));
#10752=CARTESIAN_POINT('Ctrl Pts',(-38.5139641720145,-238.394341930949,
24.0495740992643));
#10753=CARTESIAN_POINT('Ctrl Pts',(-38.3233049053801,-238.766513070618,
25.6615462011207));
#10754=CARTESIAN_POINT('Ctrl Pts',(-38.215483881116,-238.965057412291,26.4675336037781));
#10755=CARTESIAN_POINT('Ctrl Pts',(-38.0331589641842,-239.275232186494,
27.6765162135786));
#10756=CARTESIAN_POINT('Ctrl Pts',(-37.8340859074731,-239.555440913113,
28.8854996150997));
#10757=CARTESIAN_POINT('Ctrl Pts',(-37.7668331905577,-239.64284581731,29.2884940870191));
#10758=CARTESIAN_POINT('Ctrl Pts',(-37.6330306128103,-239.796164622157,
30.0944828236664));
#10759=CARTESIAN_POINT('Ctrl Pts',(-37.5233190502576,-239.879821952298,
30.900470572976));
#10760=CARTESIAN_POINT('Ctrl Pts',(-37.4791818912552,-239.895632304893,
31.3034640743803));
#10761=CARTESIAN_POINT('Ctrl Pts',(-37.4617553713258,-239.887641861073,
31.7064569441405));
#10762=CARTESIAN_POINT('Ctrl Pts',(-37.4692369528366,-239.856585055651,
32.1094490327697));
#10763=CARTESIAN_POINT('Ctrl Pts',(-38.1962084841013,-240.676146495781,
-0.128896480660676));
#10764=CARTESIAN_POINT('Ctrl Pts',(-38.191055947801,-240.716936950408,0.274055579822784));
#10765=CARTESIAN_POINT('Ctrl Pts',(-38.2110571185939,-240.70733591221,0.677009378880998));
#10766=CARTESIAN_POINT('Ctrl Pts',(-38.258153402201,-240.64426471288,1.07996500744775));
#10767=CARTESIAN_POINT('Ctrl Pts',(-38.3677151677841,-240.480762782997,
1.8858796284659));
#10768=CARTESIAN_POINT('Ctrl Pts',(-38.4949090962782,-240.264278171489,
2.69180050310037));
#10769=CARTESIAN_POINT('Ctrl Pts',(-38.5580340131642,-240.15165603514,3.09476237827143));
#10770=CARTESIAN_POINT('Ctrl Pts',(-38.744754993265,-239.806974029767,4.30365194598667));
#10771=CARTESIAN_POINT('Ctrl Pts',(-38.916534922155,-239.460961266363,5.51255244771189));
#10772=CARTESIAN_POINT('Ctrl Pts',(-39.0199313269357,-239.244099731095,
6.31849016958921));
#10773=CARTESIAN_POINT('Ctrl Pts',(-39.2044706684734,-238.842991810879,
7.9303727949442));
#10774=CARTESIAN_POINT('Ctrl Pts',(-39.3435508296468,-238.519380218033,
9.54226880023478));
#10775=CARTESIAN_POINT('Ctrl Pts',(-39.4017109154243,-238.379478512876,
10.3482198998998));
#10776=CARTESIAN_POINT('Ctrl Pts',(-39.4967215879992,-238.145057481575,
11.9601281881877));
#10777=CARTESIAN_POINT('Ctrl Pts',(-39.5514016357694,-238.003340896094,
13.5720485218283));
#10778=CARTESIAN_POINT('Ctrl Pts',(-39.5692510417867,-237.956102502818,
14.3780116694696));
#10779=CARTESIAN_POINT('Ctrl Pts',(-39.5868446050361,-237.908979143658,
15.9899439037871));
#10780=CARTESIAN_POINT('Ctrl Pts',(-39.5681920327076,-237.956605866596,
17.6018876877541));
#10781=CARTESIAN_POINT('Ctrl Pts',(-39.5498153450379,-238.004093995621,
18.4078623871097));
#10782=CARTESIAN_POINT('Ctrl Pts',(-39.494088431251,-238.146302634524,20.0198171033424));
#10783=CARTESIAN_POINT('Ctrl Pts',(-39.3980943017019,-238.381182496437,
21.6317814669634));
#10784=CARTESIAN_POINT('Ctrl Pts',(-39.3394703614947,-238.521300681632,
22.4377658141978));
#10785=CARTESIAN_POINT('Ctrl Pts',(-39.1995657076648,-238.845303891421,
24.0497381611676));
#10786=CARTESIAN_POINT('Ctrl Pts',(-39.0146149216783,-239.246656590395,
25.6617160696517));
#10787=CARTESIAN_POINT('Ctrl Pts',(-38.9111650988601,-239.463588047882,
26.4677059712058));
#10788=CARTESIAN_POINT('Ctrl Pts',(-38.7396652247129,-239.809589196216,
27.6766914806708));
#10789=CARTESIAN_POINT('Ctrl Pts',(-38.5538979891063,-240.154027867386,
28.8856761411707));
#10790=CARTESIAN_POINT('Ctrl Pts',(-38.4911731227223,-240.266539358296,
29.2886708310612));
#10791=CARTESIAN_POINT('Ctrl Pts',(-38.3649521074799,-240.482741677731,
30.0946595715054));
#10792=CARTESIAN_POINT('Ctrl Pts',(-38.2567091637143,-240.645794371004,
30.9006464188024));
#10793=CARTESIAN_POINT('Ctrl Pts',(-38.2103559745539,-240.70859706202,31.3036392163346));
#10794=CARTESIAN_POINT('Ctrl Pts',(-38.1911946248258,-240.717807335792,
31.7066311941905));
#10795=CARTESIAN_POINT('Ctrl Pts',(-38.1972501806355,-240.676556233655,
32.1096222371778));
#10796=CARTESIAN_POINT('Ctrl Pts',(-39.2001590999389,-240.963547427352,
-0.128842866616942));
#10797=CARTESIAN_POINT('Ctrl Pts',(-39.2002033657047,-241.007492456953,
0.274110977366271));
#10798=CARTESIAN_POINT('Ctrl Pts',(-39.2123890818137,-240.998534335775,
0.677066514161899));
#10799=CARTESIAN_POINT('Ctrl Pts',(-39.2370350657434,-240.933519884585,
1.0800238279735));
#10800=CARTESIAN_POINT('Ctrl Pts',(-39.2988901937437,-240.767108776526,
1.88594171562219));
#10801=CARTESIAN_POINT('Ctrl Pts',(-39.3810880582339,-240.548371829193,
2.69186571562525));
#10802=CARTESIAN_POINT('Ctrl Pts',(-39.4252361827229,-240.435019280463,
3.0948291329294));
#10803=CARTESIAN_POINT('Ctrl Pts',(-39.5624999855588,-240.088866010494,
4.30372331005972));
#10804=CARTESIAN_POINT('Ctrl Pts',(-39.7052226625875,-239.743052104597,
5.51262845497318));
#10805=CARTESIAN_POINT('Ctrl Pts',(-39.7949272876236,-239.526436859332,
6.31856936539623));
#10806=CARTESIAN_POINT('Ctrl Pts',(-39.9592954972257,-239.125426388259,
7.93045860120425));
#10807=CARTESIAN_POINT('Ctrl Pts',(-40.0885603476824,-238.80106143892,9.54236168795995));
#10808=CARTESIAN_POINT('Ctrl Pts',(-40.1433080739063,-238.660539599522,
10.3483164466248));
#10809=CARTESIAN_POINT('Ctrl Pts',(-40.2335244190831,-238.424706813055,
11.9602322497277));
#10810=CARTESIAN_POINT('Ctrl Pts',(-40.2862154328804,-238.281709274209,
13.5721604056432));
#10811=CARTESIAN_POINT('Ctrl Pts',(-40.3034710233754,-238.23398700957,14.3781275190789));
#10812=CARTESIAN_POINT('Ctrl Pts',(-40.3204728734543,-238.186389119324,
15.9900677433334));
#10813=CARTESIAN_POINT('Ctrl Pts',(-40.3024138176988,-238.234515802147,
17.6020195107222));
#10814=CARTESIAN_POINT('Ctrl Pts',(-40.2846352172148,-238.28249873173,18.40799816914));
#10815=CARTESIAN_POINT('Ctrl Pts',(-40.2309198922054,-238.426002890289,
20.0199606648105));
#10816=CARTESIAN_POINT('Ctrl Pts',(-40.1397830173029,-238.662287384477,
21.6319323327968));
#10817=CARTESIAN_POINT('Ctrl Pts',(-40.0846158893367,-238.803014988385,
22.4379201637307));
#10818=CARTESIAN_POINT('Ctrl Pts',(-39.954646753086,-239.127732440867,24.0498990173842));
#10819=CARTESIAN_POINT('Ctrl Pts',(-39.7900286642472,-239.528914289789,
25.6618821407452));
#10820=CARTESIAN_POINT('Ctrl Pts',(-39.700357026128,-239.745553984647,26.4678742368597));
#10821=CARTESIAN_POINT('Ctrl Pts',(-39.5580268340883,-240.091281486869,
27.6768622139548));
#10822=CARTESIAN_POINT('Ctrl Pts',(-39.4217693125614,-240.437103129358,
28.8858478394558));
#10823=CARTESIAN_POINT('Ctrl Pts',(-39.3780300814032,-240.550314228016,
29.2888426703881));
#10824=CARTESIAN_POINT('Ctrl Pts',(-39.2968029729807,-240.768699871462,
30.0948312980467));
#10825=CARTESIAN_POINT('Ctrl Pts',(-39.2362015511867,-240.934584767373,
30.9008172306451));
#10826=CARTESIAN_POINT('Ctrl Pts',(-39.2122455517131,-240.99928385263,31.3038093628083));
#10827=CARTESIAN_POINT('Ctrl Pts',(-39.200808461424,-241.007843355543,31.7068005185778));
#10828=CARTESIAN_POINT('Ctrl Pts',(-39.2015571318841,-240.963465248473,
32.1097905988531));
#10829=CARTESIAN_POINT('Ctrl Pts',(-39.7602872645978,-240.902259797271,
-0.128813889916553));
#10830=CARTESIAN_POINT('Ctrl Pts',(-39.7644325059083,-240.943506864329,
0.274140825853324));
#10831=CARTESIAN_POINT('Ctrl Pts',(-39.7688251655982,-240.946443458888,
0.677097197818772));
#10832=CARTESIAN_POINT('Ctrl Pts',(-39.7729943652095,-240.908918737338,
1.08005530671385));
#10833=CARTESIAN_POINT('Ctrl Pts',(-39.8003131925653,-240.782243992543,
1.8859747444959));
#10834=CARTESIAN_POINT('Ctrl Pts',(-39.854298128037,-240.588940921015,2.69190022371988));
#10835=CARTESIAN_POINT('Ctrl Pts',(-39.8868289128669,-240.48479908032,3.09486436816501));
#10836=CARTESIAN_POINT('Ctrl Pts',(-39.9940019938745,-240.161304481605,
4.30376070655587));
#10837=CARTESIAN_POINT('Ctrl Pts',(-40.1192698041245,-239.826132168555,
5.51266799636911));
#10838=CARTESIAN_POINT('Ctrl Pts',(-40.2004354656174,-239.615320979622,
6.31861036881445));
#10839=CARTESIAN_POINT('Ctrl Pts',(-40.3520024839516,-239.222738140633,
7.93050262824283));
#10840=CARTESIAN_POINT('Ctrl Pts',(-40.4744957335202,-238.90284083134,9.54240895533952));
#10841=CARTESIAN_POINT('Ctrl Pts',(-40.5267538585425,-238.763924281326,
10.3483653928656));
#10842=CARTESIAN_POINT('Ctrl Pts',(-40.6132895166667,-238.53036992662,11.9602846581964));
#10843=CARTESIAN_POINT('Ctrl Pts',(-40.6642343326865,-238.388331823989,
13.5722164496642));
#10844=CARTESIAN_POINT('Ctrl Pts',(-40.6809435525614,-238.340887765968,
14.3781854150111));
#10845=CARTESIAN_POINT('Ctrl Pts',(-40.6974022507465,-238.293570701914,
15.9901293870726));
#10846=CARTESIAN_POINT('Ctrl Pts',(-40.6798947079929,-238.341425680449,
17.6020849286202));
#10847=CARTESIAN_POINT('Ctrl Pts',(-40.6626682097788,-238.389134060688,
18.4080654651823));
#10848=CARTESIAN_POINT('Ctrl Pts',(-40.6107169846782,-238.531682421492,
20.0200316613276));
#10849=CARTESIAN_POINT('Ctrl Pts',(-40.5232961820283,-238.765681348194,
21.6320068150416));
#10850=CARTESIAN_POINT('Ctrl Pts',(-40.470641813643,-238.90479654749,22.4379963093446));
#10851=CARTESIAN_POINT('Ctrl Pts',(-40.3475026791104,-239.225023615112,
24.0499782648918));
#10852=CARTESIAN_POINT('Ctrl Pts',(-40.1957568705301,-239.617737581899,
25.6619638570079));
#10853=CARTESIAN_POINT('Ctrl Pts',(-40.1146604702292,-239.828548224491,
26.4679569850511));
#10854=CARTESIAN_POINT('Ctrl Pts',(-39.989828456941,-240.163592179087,27.6769461090481));
#10855=CARTESIAN_POINT('Ctrl Pts',(-39.883674652602,-240.486695698701,28.8859321725735));
#10856=CARTESIAN_POINT('Ctrl Pts',(-39.8515526802053,-240.590674345163,
29.2889270647186));
#10857=CARTESIAN_POINT('Ctrl Pts',(-39.7985317861506,-240.783570977772,
30.0949156404328));
#10858=CARTESIAN_POINT('Ctrl Pts',(-39.7724460004361,-240.909658808632,
30.900901186491));
#10859=CARTESIAN_POINT('Ctrl Pts',(-39.7689596367959,-240.946835243082,
31.3038930536881));
#10860=CARTESIAN_POINT('Ctrl Pts',(-39.7652657753997,-240.943523366763,
31.7068838359568));
#10861=CARTESIAN_POINT('Ctrl Pts',(-39.7618512319238,-240.901881850043,
32.1098734433359));
#10862=CARTESIAN_POINT('Ctrl Pts',(-40.7918256790702,-240.654146086359,
-0.128752350048405));
#10863=CARTESIAN_POINT('Ctrl Pts',(-40.7999034419936,-240.693274168034,
0.27420405607381));
#10864=CARTESIAN_POINT('Ctrl Pts',(-40.8013769650886,-240.709700930198,
0.677162048111345));
#10865=CARTESIAN_POINT('Ctrl Pts',(-40.7949747500315,-240.70330186297,1.08012170107523));
#10866=CARTESIAN_POINT('Ctrl Pts',(-40.7919575681135,-240.642608555824,
1.88604411377063));
#10867=CARTESIAN_POINT('Ctrl Pts',(-40.8091656655424,-240.510893571398,
2.69197238631703));
#10868=CARTESIAN_POINT('Ctrl Pts',(-40.8242446794435,-240.432713370338,
3.09493789481418));
#10869=CARTESIAN_POINT('Ctrl Pts',(-40.8831724019709,-240.17689852183,4.30383826399326));
#10870=CARTESIAN_POINT('Ctrl Pts',(-40.9734822611088,-239.882359881446,
5.512749490326));
#10871=CARTESIAN_POINT('Ctrl Pts',(-41.0375006012409,-239.69179370382,6.31869452611766));
#10872=CARTESIAN_POINT('Ctrl Pts',(-41.1618262730502,-239.330670386781,
7.93059227638245));
#10873=CARTESIAN_POINT('Ctrl Pts',(-41.2684720718246,-239.028653396865,
9.5425044876449));
#10874=CARTESIAN_POINT('Ctrl Pts',(-41.3146876170624,-238.896478305343,
10.3484639821276));
#10875=CARTESIAN_POINT('Ctrl Pts',(-41.391965819933,-238.673032671661,11.9603895785973));
#10876=CARTESIAN_POINT('Ctrl Pts',(-41.4381758812738,-238.535916686273,
13.5723280800908));
#10877=CARTESIAN_POINT('Ctrl Pts',(-41.4533717425953,-238.490006021696,
14.3783004808255));
#10878=CARTESIAN_POINT('Ctrl Pts',(-41.4683261068791,-238.444224424716,
15.9902514394469));
#10879=CARTESIAN_POINT('Ctrl Pts',(-41.4523517421953,-238.490556199365,
17.6022140781514));
#10880=CARTESIAN_POINT('Ctrl Pts',(-41.4366557795428,-238.536735541963,
18.4081981604647));
#10881=CARTESIAN_POINT('Ctrl Pts',(-41.3894850722882,-238.674363291302,
20.0201713651649));
#10882=CARTESIAN_POINT('Ctrl Pts',(-41.3113967769274,-238.898234161967,
21.6321531503606));
#10883=CARTESIAN_POINT('Ctrl Pts',(-41.2648313781373,-239.030591426552,
22.4381458134205));
#10884=CARTESIAN_POINT('Ctrl Pts',(-41.1576504424776,-239.332889007534,
24.050133676404));
#10885=CARTESIAN_POINT('Ctrl Pts',(-41.0332683915615,-239.694061348035,
25.6621239556783));
#10886=CARTESIAN_POINT('Ctrl Pts',(-40.9693772788323,-239.884578306482,
26.4681190347192));
#10887=CARTESIAN_POINT('Ctrl Pts',(-40.8795672921567,-240.178901356089,
27.6771103167516));
#10888=CARTESIAN_POINT('Ctrl Pts',(-40.8216459931363,-240.434229186394,
28.8860971931809));
#10889=CARTESIAN_POINT('Ctrl Pts',(-40.8069608785736,-240.512214054782,
29.2890921961763));
#10890=CARTESIAN_POINT('Ctrl Pts',(-40.7906570182476,-240.643462883568,
30.0950806608248));
#10891=CARTESIAN_POINT('Ctrl Pts',(-40.7947764973144,-240.703557370071,
30.9010654178234));
#10892=CARTESIAN_POINT('Ctrl Pts',(-40.8017675177944,-240.709629440544,
31.3040567174797));
#10893=CARTESIAN_POINT('Ctrl Pts',(-40.800912535139,-240.692865613425,31.7070467547523));
#10894=CARTESIAN_POINT('Ctrl Pts',(-40.7934965226549,-240.65338150461,32.110035455311));
#10895=CARTESIAN_POINT('Ctrl Pts',(-41.7221028437163,-240.207978403624,
-0.128684853500022));
#10896=CARTESIAN_POINT('Ctrl Pts',(-41.731559739033,-240.246374779624,0.274273129329475));
#10897=CARTESIAN_POINT('Ctrl Pts',(-41.7383583097563,-240.270023644702,
0.677232621122793));
#10898=CARTESIAN_POINT('Ctrl Pts',(-41.7418462528945,-240.279328210118,
1.08019369219688));
#10899=CARTESIAN_POINT('Ctrl Pts',(-41.7458208427308,-240.265419809158,
1.88611879400593));
#10900=CARTESIAN_POINT('Ctrl Pts',(-41.7550082103627,-240.193760484413,
2.69204951692417));
#10901=CARTESIAN_POINT('Ctrl Pts',(-41.7632073716321,-240.145207017834,
3.09501620388263));
#10902=CARTESIAN_POINT('Ctrl Pts',(-41.798587573322,-239.972563378727,4.3039200066116));
#10903=CARTESIAN_POINT('Ctrl Pts',(-41.8613672186594,-239.741817622327,
5.51283445629682));
#10904=CARTESIAN_POINT('Ctrl Pts',(-41.910369584231,-239.583425800493,6.31878163357569));
#10905=CARTESIAN_POINT('Ctrl Pts',(-42.0084805389201,-239.274763750664,
7.93068376430701));
#10906=CARTESIAN_POINT('Ctrl Pts',(-42.0968389384644,-239.004951983264,
9.54260066971679));
#10907=CARTESIAN_POINT('Ctrl Pts',(-42.1356314127707,-238.885264361006,
10.3485626196867));
#10908=CARTESIAN_POINT('Ctrl Pts',(-42.2009281469111,-238.681138565814,
11.9604933563819));
#10909=CARTESIAN_POINT('Ctrl Pts',(-42.2403759096547,-238.55407313569,13.5724374331419));
#10910=CARTESIAN_POINT('Ctrl Pts',(-42.2533555910625,-238.511371678601,
14.3784127241132));
#10911=CARTESIAN_POINT('Ctrl Pts',(-42.2661058836796,-238.468797815182,
15.9903696322124));
#10912=CARTESIAN_POINT('Ctrl Pts',(-42.2523835840199,-238.511924714022,
17.6023384456581));
#10913=CARTESIAN_POINT('Ctrl Pts',(-42.2389298307353,-238.554894642091,
18.4083256432626));
#10914=CARTESIAN_POINT('Ctrl Pts',(-42.1985818444155,-238.682464802294,
20.0203050565372));
#10915=CARTESIAN_POINT('Ctrl Pts',(-42.1325540678332,-238.886990203256,
21.6322927909183));
#10916=CARTESIAN_POINT('Ctrl Pts',(-42.0934563864866,-239.006841223401,
22.4382883101193));
#10917=CARTESIAN_POINT('Ctrl Pts',(-42.0046595217081,-239.276882053107,
24.050281507963));
#10918=CARTESIAN_POINT('Ctrl Pts',(-41.9065793344609,-239.585515428486,
25.6622760219599));
#10919=CARTESIAN_POINT('Ctrl Pts',(-41.8577395152523,-239.743813922427,
26.4682728581257));
#10920=CARTESIAN_POINT('Ctrl Pts',(-41.795483720497,-239.974268096111,27.6772660806228));
#10921=CARTESIAN_POINT('Ctrl Pts',(-41.7610606355027,-240.146367657894,
28.8862536786629));
#10922=CARTESIAN_POINT('Ctrl Pts',(-41.7532296055077,-240.194710380322,
29.2892487771858));
#10923=CARTESIAN_POINT('Ctrl Pts',(-41.7448695026051,-240.265890987168,
30.095237125248));
#10924=CARTESIAN_POINT('Ctrl Pts',(-41.7418870718978,-240.27922687543,30.9012211269392));
#10925=CARTESIAN_POINT('Ctrl Pts',(-41.7389293108188,-240.269618633143,
31.3042118810265));
#10926=CARTESIAN_POINT('Ctrl Pts',(-41.7327128761593,-240.245650435473,
31.7072012170906));
#10927=CARTESIAN_POINT('Ctrl Pts',(-41.7238798537494,-240.206914773855,
32.1101890701613));
#10928=CARTESIAN_POINT('Ctrl Pts',(-42.1783021556359,-239.959722387205,
-0.128649918383484));
#10929=CARTESIAN_POINT('Ctrl Pts',(-42.1890794548216,-239.997810769224,
0.274308822636981));
#10930=CARTESIAN_POINT('Ctrl Pts',(-42.1969489254779,-240.024300225797,
0.677269029176826));
#10931=CARTESIAN_POINT('Ctrl Pts',(-42.2015404133076,-240.039615296283,
1.08023076969058));
#10932=CARTESIAN_POINT('Ctrl Pts',(-42.2086960719616,-240.042711638559,
1.88615713569865));
#10933=CARTESIAN_POINT('Ctrl Pts',(-42.218529541696,-239.995065101848,2.69208899378193));
#10934=CARTESIAN_POINT('Ctrl Pts',(-42.225815552462,-239.959394534027,3.09505622190598));
#10935=CARTESIAN_POINT('Ctrl Pts',(-42.2560926384582,-239.824977656258,
4.30396158799108));
#10936=CARTESIAN_POINT('Ctrl Pts',(-42.30898963771,-239.628066581115,5.5128774694888));
#10937=CARTESIAN_POINT('Ctrl Pts',(-42.3516133591916,-239.487410778825,
6.31882558689952));
#10938=CARTESIAN_POINT('Ctrl Pts',(-42.4379970468341,-239.208200747794,
7.93072963089754));
#10939=CARTESIAN_POINT('Ctrl Pts',(-42.5171548069759,-238.957195044293,
9.54264858668577));
#10940=CARTESIAN_POINT('Ctrl Pts',(-42.5520811446689,-238.844863287533,
10.3486116140856));
#10941=CARTESIAN_POINT('Ctrl Pts',(-42.6109777820065,-238.652233642059,
11.9605446221671));
#10942=CARTESIAN_POINT('Ctrl Pts',(-42.6466532805574,-238.531258905534,
13.5724911997761));
#10943=CARTESIAN_POINT('Ctrl Pts',(-42.6583842432649,-238.490512317198,
14.3784677975285));
#10944=CARTESIAN_POINT('Ctrl Pts',(-42.6698920945038,-238.449892392247,
15.9904274163807));
#10945=CARTESIAN_POINT('Ctrl Pts',(-42.6574397335271,-238.49106507194,17.6023990815741));
#10946=CARTESIAN_POINT('Ctrl Pts',(-42.6452492760248,-238.532079227274,
18.4083877268606));
#10947=CARTESIAN_POINT('Ctrl Pts',(-42.6087060992363,-238.65355379623,20.0203700406178));
#10948=CARTESIAN_POINT('Ctrl Pts',(-42.5491177883603,-238.846569619963,
21.6323605784356));
#10949=CARTESIAN_POINT('Ctrl Pts',(-42.5139076521917,-238.959055363817,
22.4383574484033));
#10950=CARTESIAN_POINT('Ctrl Pts',(-42.4343557549537,-239.210265025768,
24.0503531756563));
#10951=CARTESIAN_POINT('Ctrl Pts',(-42.3480386431938,-239.489410589588,
25.6623497061552));
#10952=CARTESIAN_POINT('Ctrl Pts',(-42.3055909377629,-239.629952929893,
26.4683473806108));
#10953=CARTESIAN_POINT('Ctrl Pts',(-42.2532211391835,-239.826541297021,
27.6773415319535));
#10954=CARTESIAN_POINT('Ctrl Pts',(-42.2238769133045,-239.960395243223,
28.8863294783339));
#10955=CARTESIAN_POINT('Ctrl Pts',(-42.2169475998446,-239.995850901198,
29.2893246236512));
#10956=CARTESIAN_POINT('Ctrl Pts',(-42.2079155370418,-240.043015886463,
30.0953129180319));
#10957=CARTESIAN_POINT('Ctrl Pts',(-42.2017306243787,-240.039350945535,
30.9012965638441));
#10958=CARTESIAN_POINT('Ctrl Pts',(-42.1976659886877,-240.023734012848,
31.3042870636364));
#10959=CARTESIAN_POINT('Ctrl Pts',(-42.1903609457496,-239.996930385999,
31.7072760647143));
#10960=CARTESIAN_POINT('Ctrl Pts',(-42.1801818604749,-239.958509381566,
32.1102635062016));
#10961=CARTESIAN_POINT('Ctrl Pts',(-43.5242533536364,-239.1570034518,-0.128542509950038));
#10962=CARTESIAN_POINT('Ctrl Pts',(-43.5389159658854,-239.194209709773,
0.274418405336207));
#10963=CARTESIAN_POINT('Ctrl Pts',(-43.5505064224846,-239.227376353567,
0.677380648875025));
#10964=CARTESIAN_POINT('Ctrl Pts',(-43.5588849970355,-239.257045133859,
1.08034428314217));
#10965=CARTESIAN_POINT('Ctrl Pts',(-43.5744733615886,-239.302132098946,
1.88627418929874));
#10966=CARTESIAN_POINT('Ctrl Pts',(-43.5885706102104,-239.315395698868,
2.69220916560926));
#10967=CARTESIAN_POINT('Ctrl Pts',(-43.5958653564507,-239.312961410959,
3.09517786566673));
#10968=CARTESIAN_POINT('Ctrl Pts',(-43.6202268003028,-239.279952390174,
4.30408744201268));
#10969=CARTESIAN_POINT('Ctrl Pts',(-43.6534153959544,-239.179890345298,
5.51300706737034));
#10970=CARTESIAN_POINT('Ctrl Pts',(-43.6806115657048,-239.092955900063,
6.31895760810254));
#10971=CARTESIAN_POINT('Ctrl Pts',(-43.7366850059757,-238.904538763532,
7.93086655481529));
#10972=CARTESIAN_POINT('Ctrl Pts',(-43.7890370956488,-238.714197483776,
9.54279077036448));
#10973=CARTESIAN_POINT('Ctrl Pts',(-43.8122399710692,-238.625883841892,
10.3487565788159));
#10974=CARTESIAN_POINT('Ctrl Pts',(-43.8512542469813,-238.471187239787,
11.9606955034958));
#10975=CARTESIAN_POINT('Ctrl Pts',(-43.8747149484791,-238.370699986144,
13.5726487196093));
#10976=CARTESIAN_POINT('Ctrl Pts',(-43.8823624648013,-238.336559790593,
14.3786288200667));
#10977=CARTESIAN_POINT('Ctrl Pts',(-43.8898058798847,-238.302544785603,
15.9905957729331));
#10978=CARTESIAN_POINT('Ctrl Pts',(-43.8815074250016,-238.33710859115,17.6025752803117));
#10979=CARTESIAN_POINT('Ctrl Pts',(-43.8734471376267,-238.371512281976,
18.4085679362164));
#10980=CARTESIAN_POINT('Ctrl Pts',(-43.849220299561,-238.472482748238,20.0205583377289));
#10981=CARTESIAN_POINT('Ctrl Pts',(-43.8096302900947,-238.627525942673,
21.6325567791446));
#10982=CARTESIAN_POINT('Ctrl Pts',(-43.7862047997892,-238.715966596866,
22.43855747596));
#10983=CARTESIAN_POINT('Ctrl Pts',(-43.7335806517522,-238.906441522432,
24.0505603983258));
#10984=CARTESIAN_POINT('Ctrl Pts',(-43.6776638719458,-239.094698317776,
25.6625627101404));
#10985=CARTESIAN_POINT('Ctrl Pts',(-43.6506738988457,-239.181466406339,
26.4685627989214));
#10986=CARTESIAN_POINT('Ctrl Pts',(-43.6180124237298,-239.28112873113,27.6775596414298));
#10987=CARTESIAN_POINT('Ctrl Pts',(-43.5945141103514,-239.313529244924,
28.8865486230718));
#10988=CARTESIAN_POINT('Ctrl Pts',(-43.5875448381976,-239.315738389156,
29.2895439150551));
#10989=CARTESIAN_POINT('Ctrl Pts',(-43.5741757445494,-239.301985049653,
30.0955320815158));
#10990=CARTESIAN_POINT('Ctrl Pts',(-43.5594662134404,-239.256341388565,
30.9015147235024));
#10991=CARTESIAN_POINT('Ctrl Pts',(-43.5515638114206,-239.226380841734,
31.304504495987));
#10992=CARTESIAN_POINT('Ctrl Pts',(-43.5404777505578,-239.192911854125,
31.7074925305299));
#10993=CARTESIAN_POINT('Ctrl Pts',(-43.5263510090146,-239.155384292499,
32.1104787773592));
#10994=CARTESIAN_POINT('Ctrl Pts',(-44.7859705088361,-238.242332538125,
-0.12843012161995));
#10995=CARTESIAN_POINT('Ctrl Pts',(-44.803812842704,-238.278722352613,0.274532647030061));
#10996=CARTESIAN_POINT('Ctrl Pts',(-44.8215705029333,-238.313335769187,
0.677496577540184));
#10997=CARTESIAN_POINT('Ctrl Pts',(-44.839206375136,-238.346634901677,1.08046172960021));
#10998=CARTESIAN_POINT('Ctrl Pts',(-44.8713642401964,-238.406852554961,
1.88639437785239));
#10999=CARTESIAN_POINT('Ctrl Pts',(-44.9000333160378,-238.449163116373,
2.69233157327377));
#11000=CARTESIAN_POINT('Ctrl Pts',(-44.9137400195587,-238.464589074339,
3.09530127052228));
#11001=CARTESIAN_POINT('Ctrl Pts',(-44.9530269873352,-238.492317971224,
4.30421356121343));
#11002=CARTESIAN_POINT('Ctrl Pts',(-44.9872441056707,-238.466290520686,
5.51313523152503));
#11003=CARTESIAN_POINT('Ctrl Pts',(-45.0082373553045,-238.426879103626,
6.31908698402844));
#11004=CARTESIAN_POINT('Ctrl Pts',(-45.045802075299,-238.323695627918,7.93099829452999));
#11005=CARTESIAN_POINT('Ctrl Pts',(-45.0734830538038,-238.197671889799,
9.54292508716951));
#11006=CARTESIAN_POINT('Ctrl Pts',(-45.0846077303824,-238.135793535999,
10.3488923214469));
#11007=CARTESIAN_POINT('Ctrl Pts',(-45.1018832351982,-238.024009540889,
11.9608344681701));
#11008=CARTESIAN_POINT('Ctrl Pts',(-45.1106763273193,-237.947896063776,
13.5727917274937));
#11009=CARTESIAN_POINT('Ctrl Pts',(-45.1133114733283,-237.92171317038,14.3787740748851));
#11010=CARTESIAN_POINT('Ctrl Pts',(-45.1157616099424,-237.895658925326,
15.9907459592152));
#11011=CARTESIAN_POINT('Ctrl Pts',(-45.112557991107,-237.922253586673,17.6027311623104));
#11012=CARTESIAN_POINT('Ctrl Pts',(-45.1095616177665,-237.948694302089,
18.4087268291803));
#11013=CARTESIAN_POINT('Ctrl Pts',(-45.1001084660103,-238.02527366029,20.0207234795161));
#11014=CARTESIAN_POINT('Ctrl Pts',(-45.0823637241185,-238.137371746392,
21.6327283286273));
#11015=CARTESIAN_POINT('Ctrl Pts',(-45.0710685211664,-238.199356289534,
22.4387321955966));
#11016=CARTESIAN_POINT('Ctrl Pts',(-45.0432095041026,-238.32546268335,24.0507411920487));
#11017=CARTESIAN_POINT('Ctrl Pts',(-45.0058533576688,-238.428424306098,
25.6627485709443));
#11018=CARTESIAN_POINT('Ctrl Pts',(-44.985076097649,-238.467637539776,26.4687508235056));
#11019=CARTESIAN_POINT('Ctrl Pts',(-44.9513690067398,-238.493225501412,
27.6777501523358));
#11020=CARTESIAN_POINT('Ctrl Pts',(-44.9128844269415,-238.464862950133,
28.886740199464));
#11021=CARTESIAN_POINT('Ctrl Pts',(-44.8994785651372,-238.449205163035,
29.2897356731229));
#11022=CARTESIAN_POINT('Ctrl Pts',(-44.8714766622901,-238.406394198114,
30.095723825873));
#11023=CARTESIAN_POINT('Ctrl Pts',(-44.8401128398276,-238.345611881098,
30.9017056434195));
#11024=CARTESIAN_POINT('Ctrl Pts',(-44.8229020424982,-238.312017930692,
31.3046947837541));
#11025=CARTESIAN_POINT('Ctrl Pts',(-44.8056149614737,-238.277092530047,
31.707681964983));
#11026=CARTESIAN_POINT('Ctrl Pts',(-44.7882759130946,-238.24037100027,32.1106671449965));
#11027=CARTESIAN_POINT('Ctrl Pts',(-45.6167495562999,-237.616509677213,
-0.128355505913858));
#11028=CARTESIAN_POINT('Ctrl Pts',(-45.6370923241322,-237.651747571796,
0.274608334654299));
#11029=CARTESIAN_POINT('Ctrl Pts',(-45.6576216725835,-237.68695154525,0.677573217902256));
#11030=CARTESIAN_POINT('Ctrl Pts',(-45.6784486659648,-237.722517539362,
1.0805392002151));
#11031=CARTESIAN_POINT('Ctrl Pts',(-45.7189611736737,-237.78957043529,1.88647328169807));
#11032=CARTESIAN_POINT('Ctrl Pts',(-45.7562296104333,-237.843676620454,
2.69241151721768));
#11033=CARTESIAN_POINT('Ctrl Pts',(-45.7737142780936,-237.86615248625,3.09538164973759));
#11034=CARTESIAN_POINT('Ctrl Pts',(-45.8222617266826,-237.917974072606,
4.30429503295953));
#11035=CARTESIAN_POINT('Ctrl Pts',(-45.8587363737043,-237.923040111733,
5.51321727251858));
#11036=CARTESIAN_POINT('Ctrl Pts',(-45.8774147796177,-237.905751100074,
6.31916927593982));
#11037=CARTESIAN_POINT('Ctrl Pts',(-45.9051620706895,-237.845141522023,
7.93108100931622));
#11038=CARTESIAN_POINT('Ctrl Pts',(-45.9171644179019,-237.755170293274,
9.54300832069409));
#11039=CARTESIAN_POINT('Ctrl Pts',(-45.9201370876549,-237.708801546136,
10.3489759022646));
#11040=CARTESIAN_POINT('Ctrl Pts',(-45.9223388889849,-237.622871116087,
11.9609189987014));
#11041=CARTESIAN_POINT('Ctrl Pts',(-45.9205299327943,-237.562180814234,
13.5728777982147));
#11042=CARTESIAN_POINT('Ctrl Pts',(-45.9195002446214,-237.541095879863,
14.3788610833716));
#11043=CARTESIAN_POINT('Ctrl Pts',(-45.9182982877804,-237.520144788341,
15.990835181423));
#11044=CARTESIAN_POINT('Ctrl Pts',(-45.9188119601987,-237.541633213195,
17.6028232217933));
#11045=CARTESIAN_POINT('Ctrl Pts',(-45.919513230389,-237.562973737307,18.4088204498163));
#11046=CARTESIAN_POINT('Ctrl Pts',(-45.9207285116876,-237.624122686866,
20.0208204510404));
#11047=CARTESIAN_POINT('Ctrl Pts',(-45.9181217852422,-237.710353249809,
21.6328289289203));
#11048=CARTESIAN_POINT('Ctrl Pts',(-45.9150093936313,-237.756819200717,
22.4388346350553));
#11049=CARTESIAN_POINT('Ctrl Pts',(-45.9028836063654,-237.84685154149,24.0508472346036));
#11050=CARTESIAN_POINT('Ctrl Pts',(-45.8753751663665,-237.907212835289,
25.6628577538364));
#11051=CARTESIAN_POINT('Ctrl Pts',(-45.8569194324644,-237.924289818403,
26.4688613832303));
#11052=CARTESIAN_POINT('Ctrl Pts',(-45.8209476317543,-237.918763217857,
27.6778623471657));
#11053=CARTESIAN_POINT('Ctrl Pts',(-45.7731714361888,-237.866281698595,
28.8868531746613));
#11054=CARTESIAN_POINT('Ctrl Pts',(-45.755974539495,-237.843564466233,29.2898488019679));
#11055=CARTESIAN_POINT('Ctrl Pts',(-45.7193443984209,-237.788936346556,
30.0958370251531));
#11056=CARTESIAN_POINT('Ctrl Pts',(-45.679598087314,-237.721293127902,30.901818403333));
#11057=CARTESIAN_POINT('Ctrl Pts',(-45.6591862937881,-237.685417589046,
31.3048071918521));
#11058=CARTESIAN_POINT('Ctrl Pts',(-45.6391080442339,-237.649892236931,
31.7077938695266));
#11059=CARTESIAN_POINT('Ctrl Pts',(-45.6192440303966,-237.614314682589,
32.1107783959965));
#11060=CARTESIAN_POINT('Ctrl Pts',(-47.2752318907733,-236.360962618717,
-0.128211887396854));
#11061=CARTESIAN_POINT('Ctrl Pts',(-47.3000474081783,-236.393383151269,
0.274753738213732));
#11062=CARTESIAN_POINT('Ctrl Pts',(-47.3261499956617,-236.427541410619,
0.677720133708449));
#11063=CARTESIAN_POINT('Ctrl Pts',(-47.3538841816544,-236.463900074598,
1.08068735264559));
#11064=CARTESIAN_POINT('Ctrl Pts',(-47.4085937402164,-236.53566672003,1.88662342237531));
#11065=CARTESIAN_POINT('Ctrl Pts',(-47.4580235626895,-236.600529991335,
2.69256277715799));
#11066=CARTESIAN_POINT('Ctrl Pts',(-47.4804018597406,-236.629883832248,
3.0955332798594));
#11067=CARTESIAN_POINT('Ctrl Pts',(-47.5391340101425,-236.706860786057,
4.30444729558139));
#11068=CARTESIAN_POINT('Ctrl Pts',(-47.5712952007904,-236.748772514656,
5.51336898503148));
#11069=CARTESIAN_POINT('Ctrl Pts',(-47.5797885069305,-236.759616466735,
6.31932032165238));
#11070=CARTESIAN_POINT('Ctrl Pts',(-47.5778989545147,-236.756435612403,
7.93123051252583));
#11071=CARTESIAN_POINT('Ctrl Pts',(-47.5506565770345,-236.719970390557,
9.54315642875124));
#11072=CARTESIAN_POINT('Ctrl Pts',(-47.5339219320541,-236.697696150623,
10.3491234920428));
#11073=CARTESIAN_POINT('Ctrl Pts',(-47.5002692562382,-236.653075438735,
11.9610660924666));
#11074=CARTESIAN_POINT('Ctrl Pts',(-47.473801437415,-236.618293722723,13.5730256799555));
#11075=CARTESIAN_POINT('Ctrl Pts',(-47.4642885852557,-236.605907558091,
14.3790097308166));
#11076=CARTESIAN_POINT('Ctrl Pts',(-47.454624981428,-236.593664432565,15.9909861294311));
#11077=CARTESIAN_POINT('Ctrl Pts',(-47.4637151758241,-236.606447792782,
17.6029779478752));
#11078=CARTESIAN_POINT('Ctrl Pts',(-47.4729575028936,-236.619089997903,
18.4089774186332));
#11079=CARTESIAN_POINT('Ctrl Pts',(-47.4989492072963,-236.654327282481,
20.0209825247526));
#11080=CARTESIAN_POINT('Ctrl Pts',(-47.5323130430512,-236.699235403549,
21.6329970316683));
#11081=CARTESIAN_POINT('Ctrl Pts',(-47.5489644820941,-236.721597600159,
22.4390059048197));
#11082=CARTESIAN_POINT('Ctrl Pts',(-47.5761868391925,-236.758100341666,
24.0510249118579));
#11083=CARTESIAN_POINT('Ctrl Pts',(-47.5783811488217,-236.761000327194,
25.6630413618673));
#11084=CARTESIAN_POINT('Ctrl Pts',(-47.5701296734278,-236.749926127122,
26.4690476825954));
#11085=CARTESIAN_POINT('Ctrl Pts',(-47.5384713532136,-236.707522972802,
27.6780519779481));
#11086=CARTESIAN_POINT('Ctrl Pts',(-47.4804707810952,-236.629842831363,
28.8870446109623));
#11087=CARTESIAN_POINT('Ctrl Pts',(-47.4583627628816,-236.600231493013,
29.2900406446619));
#11088=CARTESIAN_POINT('Ctrl Pts',(-47.4095292547257,-236.534809261163,
30.0960292370957));
#11089=CARTESIAN_POINT('Ctrl Pts',(-47.3555351035362,-236.462405541759,
30.9020099966174));
#11090=CARTESIAN_POINT('Ctrl Pts',(-47.3281910695979,-236.425711909268,
31.3049982004182));
#11091=CARTESIAN_POINT('Ctrl Pts',(-47.3025099880823,-236.391204224812,
31.7079840020765));
#11092=CARTESIAN_POINT('Ctrl Pts',(-47.2781375618033,-236.358413576581,
32.1109673679723));
#11093=CARTESIAN_POINT('Ctrl Pts',(-48.9438222197587,-235.118875695733,
-0.128089604621392));
#11094=CARTESIAN_POINT('Ctrl Pts',(-48.9725657082274,-235.147730483199,
0.274877022349021));
#11095=CARTESIAN_POINT('Ctrl Pts',(-49.001200378552,-235.176770725186,0.677844093343341));
#11096=CARTESIAN_POINT('Ctrl Pts',(-49.0300712842076,-235.206216593126,
1.08081165861159));
#11097=CARTESIAN_POINT('Ctrl Pts',(-49.0841548600793,-235.26292214661,1.8867478279745));
#11098=CARTESIAN_POINT('Ctrl Pts',(-49.1265842331028,-235.313004566793,
2.69268623824474));
#11099=CARTESIAN_POINT('Ctrl Pts',(-49.1436907892896,-235.335693191506,
3.09565604261255));
#11100=CARTESIAN_POINT('Ctrl Pts',(-49.1810113475377,-235.395741599586,
4.30456739443284));
#11101=CARTESIAN_POINT('Ctrl Pts',(-49.1764944421986,-235.431419153739,
5.51348501852439));
#11102=CARTESIAN_POINT('Ctrl Pts',(-49.1550752885737,-235.444145686857,
6.31943329536049));
#11103=CARTESIAN_POINT('Ctrl Pts',(-49.0896773814293,-235.453331706209,
7.9313371296918));
#11104=CARTESIAN_POINT('Ctrl Pts',(-49.0000486025314,-235.439601371073,
9.54325686628479));
#11105=CARTESIAN_POINT('Ctrl Pts',(-48.9546586961993,-235.42952774302,10.3492210483502));
#11106=CARTESIAN_POINT('Ctrl Pts',(-48.8713085342237,-235.407824344466,
11.9611585047295));
#11107=CARTESIAN_POINT('Ctrl Pts',(-48.8130782483972,-235.389531735992,
13.5731144314614));
#11108=CARTESIAN_POINT('Ctrl Pts',(-48.7928478782382,-235.382889026594,
14.3790970841862));
#11109=CARTESIAN_POINT('Ctrl Pts',(-48.7724725673245,-235.376399387616,
15.9910716030697));
#11110=CARTESIAN_POINT('Ctrl Pts',(-48.7923374999935,-235.383450531988,
17.6030634042101));
#11111=CARTESIAN_POINT('Ctrl Pts',(-48.81232952677,-235.390359412642,18.4090633382464));
#11112=CARTESIAN_POINT('Ctrl Pts',(-48.870150872465,-235.409125779998,20.0210702903155));
#11113=CARTESIAN_POINT('Ctrl Pts',(-48.9532865060001,-235.431128491937,
21.6330882957361));
#11114=CARTESIAN_POINT('Ctrl Pts',(-48.9986324686435,-235.441293885465,
22.4390992844257));
#11115=CARTESIAN_POINT('Ctrl Pts',(-49.088324101558,-235.455064402197,24.0511230858725));
#11116=CARTESIAN_POINT('Ctrl Pts',(-49.1541076101135,-235.44558722225,25.6631448596785));
#11117=CARTESIAN_POINT('Ctrl Pts',(-49.1758062569182,-235.432621325316,
26.4691538269786));
#11118=CARTESIAN_POINT('Ctrl Pts',(-49.1808669812945,-235.396429888958,
27.6781617428034));
#11119=CARTESIAN_POINT('Ctrl Pts',(-49.1442871358447,-235.335629986815,
28.8871568769513));
#11120=CARTESIAN_POINT('Ctrl Pts',(-49.1274498687895,-235.312664125837,
29.2901535873031));
#11121=CARTESIAN_POINT('Ctrl Pts',(-49.0856073467902,-235.26197502338,30.096143146767));
#11122=CARTESIAN_POINT('Ctrl Pts',(-49.0322119495599,-235.204560310957,
30.9021239685758));
#11123=CARTESIAN_POINT('Ctrl Pts',(-49.0037113815963,-235.174734591235,
31.3051119493962));
#11124=CARTESIAN_POINT('Ctrl Pts',(-48.9754738730855,-235.145289157975,
31.7080972292729));
#11125=CARTESIAN_POINT('Ctrl Pts',(-48.947143275683,-235.116000908004,32.1110797743654));
#11126=CARTESIAN_POINT('Ctrl Pts',(-49.7766474243517,-234.495762669444,
-0.128036305872891));
#11127=CARTESIAN_POINT('Ctrl Pts',(-49.8071855231562,-234.522502719786,
0.274930611524282));
#11128=CARTESIAN_POINT('Ctrl Pts',(-49.8360184844,-234.548689068897,0.677897792375795));
#11129=CARTESIAN_POINT('Ctrl Pts',(-49.8635972131809,-234.574416634801,
1.08086528611157));
#11130=CARTESIAN_POINT('Ctrl Pts',(-49.9134279666921,-234.62114005362,1.8868009955894));
#11131=CARTESIAN_POINT('Ctrl Pts',(-49.946902367095,-234.659623167691,2.69273838259));
#11132=CARTESIAN_POINT('Ctrl Pts',(-49.9582787461582,-234.676693875488,
3.09570755353323));
#11133=CARTESIAN_POINT('Ctrl Pts',(-49.9750021347403,-234.721064826256,
4.30461670143558));
#11134=CARTESIAN_POINT('Ctrl Pts',(-49.9412073316368,-234.74585605757,5.51353137991965));
#11135=CARTESIAN_POINT('Ctrl Pts',(-49.8978661450885,-234.754613655354,
6.31947751528476));
#11136=CARTESIAN_POINT('Ctrl Pts',(-49.7887900109736,-234.761325214016,
7.93137695993005));
#11137=CARTESIAN_POINT('Ctrl Pts',(-49.660127556158,-234.752592627118,9.54329243235705));
#11138=CARTESIAN_POINT('Ctrl Pts',(-49.5975549754539,-234.746024759317,
10.3492545994585));
#11139=CARTESIAN_POINT('Ctrl Pts',(-49.4851502163206,-234.731599234787,
11.9611883587026));
#11140=CARTESIAN_POINT('Ctrl Pts',(-49.4091398135506,-234.719211305127,
13.5731413778752));
#11141=CARTESIAN_POINT('Ctrl Pts',(-49.3829875290991,-234.714681001873,
14.3791228050127));
#11142=CARTESIAN_POINT('Ctrl Pts',(-49.3566871113903,-234.710309437883,
15.9910953584068));
#11143=CARTESIAN_POINT('Ctrl Pts',(-49.3824907429626,-234.715257786565,
17.6030862026469));
#11144=CARTESIAN_POINT('Ctrl Pts',(-49.4084119281779,-234.720061701881,
18.4090859189921));
#11145=CARTESIAN_POINT('Ctrl Pts',(-49.4840298056291,-234.732937394715,
20.0210929640491));
#11146=CARTESIAN_POINT('Ctrl Pts',(-49.5962432879349,-234.747672912942,
21.6331120678972));
#11147=CARTESIAN_POINT('Ctrl Pts',(-49.6587858990284,-234.754336638862,
22.4391238440361));
#11148=CARTESIAN_POINT('Ctrl Pts',(-49.7875463426726,-234.763114400079,
24.0511496340922));
#11149=CARTESIAN_POINT('Ctrl Pts',(-49.8970527886065,-234.756108305106,
25.6631739383924));
#11150=CARTESIAN_POINT('Ctrl Pts',(-49.9406973118101,-234.747107555137,
26.4691842360327));
#11151=CARTESIAN_POINT('Ctrl Pts',(-49.9750647138798,-234.721789004884,
27.6781940736574));
#11152=CARTESIAN_POINT('Ctrl Pts',(-49.9590901740918,-234.676632583717,
28.8871906824138));
#11153=CARTESIAN_POINT('Ctrl Pts',(-49.9479830860613,-234.659270519703,
29.2901878159902));
#11154=CARTESIAN_POINT('Ctrl Pts',(-49.9150877565252,-234.620148506215,
30.0961780447993));
#11155=CARTESIAN_POINT('Ctrl Pts',(-49.8659221436683,-234.572675128947,
30.9021590979438));
#11156=CARTESIAN_POINT('Ctrl Pts',(-49.8386993143602,-234.546545634363,
31.3051470597114));
#11157=CARTESIAN_POINT('Ctrl Pts',(-49.8102459058658,-234.519927043404,
31.7081321749042));
#11158=CARTESIAN_POINT('Ctrl Pts',(-49.7801057034621,-234.492716784615,
32.1111144121752));
#11159=CARTESIAN_POINT('Ctrl Pts',(-51.0071363447426,-233.539504216113,
-0.12797191096773));
#11160=CARTESIAN_POINT('Ctrl Pts',(-51.0393422053464,-233.563360151863,
0.27499510604427));
#11161=CARTESIAN_POINT('Ctrl Pts',(-51.0684990881036,-233.583151321232,
0.67796209444311));
#11162=CARTESIAN_POINT('Ctrl Pts',(-51.0951593939952,-233.598901771555,
1.08092910248031));
#11163=CARTESIAN_POINT('Ctrl Pts',(-51.135055560639,-233.625374653168,1.88686331633074));
#11164=CARTESIAN_POINT('Ctrl Pts',(-51.1446611644302,-233.641672405126,
2.69279829464315));
#11165=CARTESIAN_POINT('Ctrl Pts',(-51.1406496463043,-233.647563627071,
3.09576606702258));
#11166=CARTESIAN_POINT('Ctrl Pts',(-51.1031230544618,-233.660554756329,
4.30467054188491));
#11167=CARTESIAN_POINT('Ctrl Pts',(-50.9984177409971,-233.663648756248,
5.51357939982795));
#11168=CARTESIAN_POINT('Ctrl Pts',(-50.9076513656892,-233.665087053839,
6.31952140064477));
#11169=CARTESIAN_POINT('Ctrl Pts',(-50.7114657465135,-233.665779686765,
7.93141247041163));
#11170=CARTESIAN_POINT('Ctrl Pts',(-50.5140944384695,-233.662814191945,
9.54331986923371));
#11171=CARTESIAN_POINT('Ctrl Pts',(-50.4227423648569,-233.660484576566,
10.349278205014));
#11172=CARTESIAN_POINT('Ctrl Pts',(-50.2630248316721,-233.654999335139,
11.9612048410947));
#11173=CARTESIAN_POINT('Ctrl Pts',(-50.159489255663,-233.649944883264,13.5731519774641));
#11174=CARTESIAN_POINT('Ctrl Pts',(-50.1242850951648,-233.648034184946,
14.3791308130965));
#11175=CARTESIAN_POINT('Ctrl Pts',(-50.0889227011595,-233.646293747299,
15.9910989229464));
#11176=CARTESIAN_POINT('Ctrl Pts',(-50.1237736989174,-233.648639267445,
17.6030868906412));
#11177=CARTESIAN_POINT('Ctrl Pts',(-50.1587398552176,-233.650837497934,
18.4090855810249));
#11178=CARTESIAN_POINT('Ctrl Pts',(-50.2618707236022,-233.656406461256,
20.0210914450444));
#11179=CARTESIAN_POINT('Ctrl Pts',(-50.4213953479399,-233.662221358828,
21.6331111212174));
#11180=CARTESIAN_POINT('Ctrl Pts',(-50.5127208726025,-233.664653784595,
22.4391236239354));
#11181=CARTESIAN_POINT('Ctrl Pts',(-50.7102136752774,-233.667667811078,
24.0511517047108));
#11182=CARTESIAN_POINT('Ctrl Pts',(-50.9068987533806,-233.666659451712,
25.6631795871996));
#11183=CARTESIAN_POINT('Ctrl Pts',(-50.9980184070373,-233.664958738894,
26.4691919008983));
#11184=CARTESIAN_POINT('Ctrl Pts',(-51.1033884058221,-233.661308699452,
27.6782048338285));
#11185=CARTESIAN_POINT('Ctrl Pts',(-51.141728738765,-233.6474772421,28.887204068783));
#11186=CARTESIAN_POINT('Ctrl Pts',(-51.1460253918754,-233.64127204962,29.2902019941404));
#11187=CARTESIAN_POINT('Ctrl Pts',(-51.1370162528298,-233.624271361919,
30.0961935658812));
#11188=CARTESIAN_POINT('Ctrl Pts',(-51.0977808004014,-233.596944789221,
30.9021753406201));
#11189=CARTESIAN_POINT('Ctrl Pts',(-51.0714683272723,-233.580732319723,
31.3051634774004));
#11190=CARTESIAN_POINT('Ctrl Pts',(-51.0426894897064,-233.560431083938,
31.7081485376526));
#11191=CARTESIAN_POINT('Ctrl Pts',(-51.0108693755119,-233.536031017169,
32.111130487082));
#11192=CARTESIAN_POINT('Ctrl Pts',(-52.153559043401,-232.470983108553,-0.127936475388281));
#11193=CARTESIAN_POINT('Ctrl Pts',(-52.1876968354224,-232.491273466051,
0.275030118325585));
#11194=CARTESIAN_POINT('Ctrl Pts',(-52.2114757343826,-232.505559542253,
0.677996345874052));
#11195=CARTESIAN_POINT('Ctrl Pts',(-52.2254005806777,-232.513612404725,
1.08096225408175));
#11196=CARTESIAN_POINT('Ctrl Pts',(-52.2272781340261,-232.520158674939,
1.88689368848018));
#11197=CARTESIAN_POINT('Ctrl Pts',(-52.1795007245235,-232.515278705723,
2.69282489364818));
#11198=CARTESIAN_POINT('Ctrl Pts',(-52.1435316268967,-232.511852987304,
3.09579057405731));
#11199=CARTESIAN_POINT('Ctrl Pts',(-52.0068499244991,-232.50215021976,4.30468828942404));
#11200=CARTESIAN_POINT('Ctrl Pts',(-51.8035478767549,-232.497128005707,
5.51358928559439));
#11201=CARTESIAN_POINT('Ctrl Pts',(-51.6568463651637,-232.498393095048,
6.31952586931339));
#11202=CARTESIAN_POINT('Ctrl Pts',(-51.3649456790233,-232.502879313298,
7.93140617796185));
#11203=CARTESIAN_POINT('Ctrl Pts',(-51.101793558011,-232.508771899777,9.543303403796));
#11204=CARTESIAN_POINT('Ctrl Pts',(-50.9840861334909,-232.511023113089,
10.3492569133737));
#11205=CARTESIAN_POINT('Ctrl Pts',(-50.7823589984405,-232.514097464463,
11.9611744729062));
#11206=CARTESIAN_POINT('Ctrl Pts',(-50.6557089947679,-232.515109282418,
13.5731137559763));
#11207=CARTESIAN_POINT('Ctrl Pts',(-50.6130045837692,-232.515303077518,
14.3790889873019));
#11208=CARTESIAN_POINT('Ctrl Pts',(-50.5701268093347,-232.51567766921,15.9910505521134));
#11209=CARTESIAN_POINT('Ctrl Pts',(-50.6124276049618,-232.515940413264,
17.6030334300353));
#11210=CARTESIAN_POINT('Ctrl Pts',(-50.6548604006597,-232.516050670344,
18.4090299694037));
#11211=CARTESIAN_POINT('Ctrl Pts',(-50.7810350098523,-232.515587990594,
20.0210324255607));
#11212=CARTESIAN_POINT('Ctrl Pts',(-50.9824957936788,-232.51287435806,21.6330506738991));
#11213=CARTESIAN_POINT('Ctrl Pts',(-51.1001403009932,-232.51073907859,22.4390630037818));
#11214=CARTESIAN_POINT('Ctrl Pts',(-51.3633483213404,-232.504907559564,
24.0510918995115));
#11215=CARTESIAN_POINT('Ctrl Pts',(-51.6557305760474,-232.500067799684,
25.6631226891474));
#11216=CARTESIAN_POINT('Ctrl Pts',(-51.8027939343216,-232.498502584693,
26.4691369246059));
#11217=CARTESIAN_POINT('Ctrl Pts',(-52.0068368862392,-232.502878884642,
27.6781531879075));
#11218=CARTESIAN_POINT('Ctrl Pts',(-52.1444615244221,-232.511624647978,
28.8871557186841));
#11219=CARTESIAN_POINT('Ctrl Pts',(-52.1807623767981,-232.514695836836,
29.2901547001603));
#11220=CARTESIAN_POINT('Ctrl Pts',(-52.2292204926667,-232.518787388986,
30.096148205539));
#11221=CARTESIAN_POINT('Ctrl Pts',(-52.2280473162321,-232.511267144509,
30.9021313638653));
#11222=CARTESIAN_POINT('Ctrl Pts',(-52.2144799304765,-232.502671765045,
31.305120006817));
#11223=CARTESIAN_POINT('Ctrl Pts',(-52.191060736164,-232.487797191066,31.7081053356891));
#11224=CARTESIAN_POINT('Ctrl Pts',(-52.1572675098681,-232.466882907891,
32.1110873140852));
#11225=CARTESIAN_POINT('Ctrl Pts',(-52.519255081721,-232.10218124441,-0.127928200937853));
#11226=CARTESIAN_POINT('Ctrl Pts',(-52.5540582361855,-232.121259872382,
0.275038192390995));
#11227=CARTESIAN_POINT('Ctrl Pts',(-52.5754059647921,-232.133701041926,
0.678004101777931));
#11228=CARTESIAN_POINT('Ctrl Pts',(-52.5838625907635,-232.138996282929,
1.08096957393911));
#11229=CARTESIAN_POINT('Ctrl Pts',(-52.5702744441978,-232.137694303547,
1.88689993812289));
#11230=CARTESIAN_POINT('Ctrl Pts',(-52.4995823494334,-232.125457820174,
2.69282973256673));
#11231=CARTESIAN_POINT('Ctrl Pts',(-52.4509695977502,-232.119302340963,
3.0957946376981));
#11232=CARTESIAN_POINT('Ctrl Pts',(-52.2761090540222,-232.103808628261,
4.30468986658159));
#11233=CARTESIAN_POINT('Ctrl Pts',(-52.0375308456533,-232.098835072429,
5.51358801873793));
#11234=CARTESIAN_POINT('Ctrl Pts',(-51.8720070463802,-232.10127866384,6.31952266008406));
#11235=CARTESIAN_POINT('Ctrl Pts',(-51.5485334358989,-232.10881855532,7.93139913343635));
#11236=CARTESIAN_POINT('Ctrl Pts',(-51.2647423864939,-232.118315651969,
9.54329275827777));
#11237=CARTESIAN_POINT('Ctrl Pts',(-51.1388866599603,-232.122235978459,
10.349244560724));
#11238=CARTESIAN_POINT('Ctrl Pts',(-50.9243233890996,-232.12826654709,11.9611589005981));
#11239=CARTESIAN_POINT('Ctrl Pts',(-50.7907611199336,-232.131218987051,
13.5730953642146));
#11240=CARTESIAN_POINT('Ctrl Pts',(-50.7458251519528,-232.132075037823,
14.3790692880489));
#11241=CARTESIAN_POINT('Ctrl Pts',(-50.7007103450205,-232.133115019073,
15.9910284455673));
#11242=CARTESIAN_POINT('Ctrl Pts',(-50.7452207414086,-232.132723323754,
17.6030093782631));
#11243=CARTESIAN_POINT('Ctrl Pts',(-50.7898709272026,-232.13217702756,18.4090050714981));
#11244=CARTESIAN_POINT('Ctrl Pts',(-50.9229275814544,-232.129786078576,
20.0210061308173));
#11245=CARTESIAN_POINT('Ctrl Pts',(-51.1371911730009,-232.124128143313,
21.6330236596113));
#11246=CARTESIAN_POINT('Ctrl Pts',(-51.2629667484328,-232.120329064929,
22.4390358198989));
#11247=CARTESIAN_POINT('Ctrl Pts',(-51.5467796060085,-232.110899064568,
24.0510647989312));
#11248=CARTESIAN_POINT('Ctrl Pts',(-51.870714445233,-232.102991693927,25.6630964635832));
#11249=CARTESIAN_POINT('Ctrl Pts',(-52.0365946355226,-232.100234110597,
26.4691113219278));
#11250=CARTESIAN_POINT('Ctrl Pts',(-52.275933598558,-232.10452110528,27.6781287166461));
#11251=CARTESIAN_POINT('Ctrl Pts',(-52.451785732142,-232.119011676213,28.8871324225943));
#11252=CARTESIAN_POINT('Ctrl Pts',(-52.5007491757923,-232.124797647299,
29.2901317869316));
#11253=CARTESIAN_POINT('Ctrl Pts',(-52.5721522716027,-232.136225448539,
30.0961260056351));
#11254=CARTESIAN_POINT('Ctrl Pts',(-52.5864440967803,-232.136547279642,
30.902109703644));
#11255=CARTESIAN_POINT('Ctrl Pts',(-52.5783330949619,-232.130710263206,
31.3050985571994));
#11256=CARTESIAN_POINT('Ctrl Pts',(-52.5573297763759,-232.117666827628,
31.7080840157331));
#11257=CARTESIAN_POINT('Ctrl Pts',(-52.5228569402418,-232.097930959201,
32.1110660412714));
#11258=CARTESIAN_POINT('Ctrl Pts',(-53.2073320279114,-231.333447671592,
-0.127919369094436));
#11259=CARTESIAN_POINT('Ctrl Pts',(-53.2432323577455,-231.351344664061,
0.275046500823196));
#11260=CARTESIAN_POINT('Ctrl Pts',(-53.2591155294144,-231.356564385277,
0.678011647997744));
#11261=CARTESIAN_POINT('Ctrl Pts',(-53.2552014238356,-231.347870499515,
1.08097611873594));
#11262=CARTESIAN_POINT('Ctrl Pts',(-53.1985264761185,-231.326663300019,
1.88690405238373));
#11263=CARTESIAN_POINT('Ctrl Pts',(-53.0678271999849,-231.305319794807,
2.69283070963185));
#11264=CARTESIAN_POINT('Ctrl Pts',(-52.9888073525773,-231.297491186482,
3.09579390528513));
#11265=CARTESIAN_POINT('Ctrl Pts',(-52.72742224736,-231.281377934987,4.30468369107855));
#11266=CARTESIAN_POINT('Ctrl Pts',(-52.4198770104382,-231.285047943796,
5.51357572225334));
#11267=CARTESIAN_POINT('Ctrl Pts',(-52.2192562909214,-231.292938469687,
6.31950622310621));
#11268=CARTESIAN_POINT('Ctrl Pts',(-51.8380710651143,-231.311037382304,
7.93137457816918));
#11269=CARTESIAN_POINT('Ctrl Pts',(-51.5182334887315,-231.329145260128,
9.5432606446003));
#11270=CARTESIAN_POINT('Ctrl Pts',(-51.3783056006794,-231.336728540586,
10.3492088684462));
#11271=CARTESIAN_POINT('Ctrl Pts',(-51.1418281194696,-231.348910857409,
11.9611164409265));
#11272=CARTESIAN_POINT('Ctrl Pts',(-50.9967065499111,-231.355586586398,
13.5730469066331));
#11273=CARTESIAN_POINT('Ctrl Pts',(-50.9480586797098,-231.357691337229,
14.3790180199238));
#11274=CARTESIAN_POINT('Ctrl Pts',(-50.8992196285705,-231.359984792935,
15.9909719319876));
#11275=CARTESIAN_POINT('Ctrl Pts',(-50.947389343286,-231.358361259943,17.6029484705274));
#11276=CARTESIAN_POINT('Ctrl Pts',(-50.9957176387116,-231.35657781072,18.4089422030331));
#11277=CARTESIAN_POINT('Ctrl Pts',(-51.1402605240233,-231.350489747079,
20.0209399127359));
#11278=CARTESIAN_POINT('Ctrl Pts',(-51.3763532150014,-231.338708209493,
21.6329554588873));
#11279=CARTESIAN_POINT('Ctrl Pts',(-51.5161552423424,-231.331259724503,
22.4389670235646));
#11280=CARTESIAN_POINT('Ctrl Pts',(-51.8359180507478,-231.313238558337,
24.0509957250147));
#11281=CARTESIAN_POINT('Ctrl Pts',(-52.2174804131422,-231.29474754216,25.6630288940413));
#11282=CARTESIAN_POINT('Ctrl Pts',(-52.4184226359701,-231.286514277712,
26.4690449401992));
#11283=CARTESIAN_POINT('Ctrl Pts',(-52.726713945777,-231.282062088395,27.6780646211584));
#11284=CARTESIAN_POINT('Ctrl Pts',(-52.9891850869838,-231.297016562838,
28.8870708333588));
#11285=CARTESIAN_POINT('Ctrl Pts',(-53.0686018470712,-231.304417538423,
29.2900710283572));
#11286=CARTESIAN_POINT('Ctrl Pts',(-53.2001333287109,-231.324839463288,
30.0960668229673));
#11287=CARTESIAN_POINT('Ctrl Pts',(-53.2576058677977,-231.344974892012,
30.902051765351));
#11288=CARTESIAN_POINT('Ctrl Pts',(-53.2618731194183,-231.353103119717,
31.305041116671));
#11289=CARTESIAN_POINT('Ctrl Pts',(-53.2463294941654,-231.347193837209,
31.7080269144928));
#11290=CARTESIAN_POINT('Ctrl Pts',(-53.2107254699172,-231.328544423528,
32.1110091178155));
#11291=CARTESIAN_POINT('Ctrl Pts',(-53.7331149490246,-230.411837296772,
-0.127927135886771));
#11292=CARTESIAN_POINT('Ctrl Pts',(-53.7721502733807,-230.426475332924,
0.275037968840635));
#11293=CARTESIAN_POINT('Ctrl Pts',(-53.7742262179985,-230.43068636872,0.678002079252545));
#11294=CARTESIAN_POINT('Ctrl Pts',(-53.7374014428216,-230.423449321221,
1.08096524028894));
#11295=CARTESIAN_POINT('Ctrl Pts',(-53.6088029541244,-230.412972009695,
1.88689011204228));
#11296=CARTESIAN_POINT('Ctrl Pts',(-53.4086680146311,-230.40977994515,2.6928129865271));
#11297=CARTESIAN_POINT('Ctrl Pts',(-53.2998488766353,-230.411469125221,
3.09577415320954));
#11298=CARTESIAN_POINT('Ctrl Pts',(-52.9600300079961,-230.422802602866,
4.30465756395112));
#11299=CARTESIAN_POINT('Ctrl Pts',(-52.6037575941145,-230.448695534399,
5.51354266269333));
#11300=CARTESIAN_POINT('Ctrl Pts',(-52.3789259633285,-230.467408205455,
6.31946857255423));
#11301=CARTESIAN_POINT('Ctrl Pts',(-51.9599457379042,-230.502912510671,
7.93132806629432));
#11302=CARTESIAN_POINT('Ctrl Pts',(-51.6185103756541,-230.531288991274,
9.54320603767134));
#11303=CARTESIAN_POINT('Ctrl Pts',(-51.4704172638964,-230.542814091589,
10.3491504391812));
#11304=CARTESIAN_POINT('Ctrl Pts',(-51.2216366541343,-230.561102252066,
11.9610507402446));
#11305=CARTESIAN_POINT('Ctrl Pts',(-51.0704493622534,-230.57098002721,13.572974597617));
#11306=CARTESIAN_POINT('Ctrl Pts',(-51.0198961956023,-230.574122395968,
14.3789425494926));
#11307=CARTESIAN_POINT('Ctrl Pts',(-50.9691354369003,-230.577454983919,
15.9908904068803));
#11308=CARTESIAN_POINT('Ctrl Pts',(-51.01914607796,-230.574811406377,17.6028615367598));
#11309=CARTESIAN_POINT('Ctrl Pts',(-51.0693371061823,-230.57200127288,18.4088527524168));
#11310=CARTESIAN_POINT('Ctrl Pts',(-51.2198517589547,-230.562738907921,
20.0208459284941));
#11311=CARTESIAN_POINT('Ctrl Pts',(-51.4681295074345,-230.544889568011,
21.6328582701594));
#11312=CARTESIAN_POINT('Ctrl Pts',(-51.6160301417055,-230.533520404243,
22.438868644486));
#11313=CARTESIAN_POINT('Ctrl Pts',(-51.9572401888453,-230.505272551461,
24.0508959968733));
#11314=CARTESIAN_POINT('Ctrl Pts',(-52.3764194950793,-230.469380004041,
25.6629299983866));
#11315=CARTESIAN_POINT('Ctrl Pts',(-52.6014811289051,-230.450308068176,
26.4689470367668));
#11316=CARTESIAN_POINT('Ctrl Pts',(-52.9583502640689,-230.423553214904,
27.677968969248));
#11317=CARTESIAN_POINT('Ctrl Pts',(-53.2991790971455,-230.410837623635,
28.8869779776294));
#11318=CARTESIAN_POINT('Ctrl Pts',(-53.4083810313686,-230.408627855062,
29.2899791325911));
#11319=CARTESIAN_POINT('Ctrl Pts',(-53.6093818542531,-230.410662908715,
30.0959768144595));
#11320=CARTESIAN_POINT('Ctrl Pts',(-53.7389061022898,-230.419758313766,
30.9019633852634));
#11321=CARTESIAN_POINT('Ctrl Pts',(-53.7761829349548,-230.426245208939,
31.3049534410301));
#11322=CARTESIAN_POINT('Ctrl Pts',(-53.7744151246794,-230.421230352859,
31.7079397696715));
#11323=CARTESIAN_POINT('Ctrl Pts',(-53.735572243814,-230.405808185874,32.1109223250504));
#11324=CARTESIAN_POINT('Ctrl Pts',(-53.9479748070247,-229.890659708842,
-0.127935454789439));
#11325=CARTESIAN_POINT('Ctrl Pts',(-53.9907381391709,-229.902067051497,
0.275029208818623));
#11326=CARTESIAN_POINT('Ctrl Pts',(-53.979165894808,-229.910471991653,0.677992723660866));
#11327=CARTESIAN_POINT('Ctrl Pts',(-53.9101764475286,-229.915324241354,
1.08095513391678));
#11328=CARTESIAN_POINT('Ctrl Pts',(-53.7337547199436,-229.927030330105,
1.88687830241741));
#11329=CARTESIAN_POINT('Ctrl Pts',(-53.5013560820969,-229.943869561532,
2.6927991234362));
#11330=CARTESIAN_POINT('Ctrl Pts',(-53.3804714500488,-229.954148984271,
3.09575919613561));
#11331=CARTESIAN_POINT('Ctrl Pts',(-53.0105587746284,-229.988057545435,
4.3046391899302));
#11332=CARTESIAN_POINT('Ctrl Pts',(-52.6392429421536,-230.027726940648,
5.51352063314379));
#11333=CARTESIAN_POINT('Ctrl Pts',(-52.406469537297,-230.05302189692,6.31944415038308));
#11334=CARTESIAN_POINT('Ctrl Pts',(-51.9758417869721,-230.09847798049,7.93129906586946));
#11335=CARTESIAN_POINT('Ctrl Pts',(-51.6282262551795,-230.132131002931,
9.54317289939155));
#11336=CARTESIAN_POINT('Ctrl Pts',(-51.4778950847059,-230.145609144593,
10.3491153498903));
#11337=CARTESIAN_POINT('Ctrl Pts',(-51.2258945037195,-230.166813867193,
11.9610119270038));
#11338=CARTESIAN_POINT('Ctrl Pts',(-51.073290824258,-230.178113227062,13.5729323543141));
#11339=CARTESIAN_POINT('Ctrl Pts',(-51.0223133885235,-230.181707462489,
14.3788986477694));
#11340=CARTESIAN_POINT('Ctrl Pts',(-50.9711188160768,-230.185491771224,
15.9908432885923));
#11341=CARTESIAN_POINT('Ctrl Pts',(-51.0215199683748,-230.182404883242,
17.6028114588267));
#11342=CARTESIAN_POINT('Ctrl Pts',(-51.0721123186219,-230.179147976644,
18.4088012723078));
#11343=CARTESIAN_POINT('Ctrl Pts',(-51.2239922307228,-230.168477959362,
20.0207918677673));
#11344=CARTESIAN_POINT('Ctrl Pts',(-51.4754236147398,-230.147733867575,
21.6328022683783));
#11345=CARTESIAN_POINT('Ctrl Pts',(-51.6255241281234,-230.134424565358,
22.4388118785543));
#11346=CARTESIAN_POINT('Ctrl Pts',(-51.972826189616,-230.100928475395,24.0508382430806));
#11347=CARTESIAN_POINT('Ctrl Pts',(-52.4035383142795,-230.055098571652,
25.6628724477677));
#11348=CARTESIAN_POINT('Ctrl Pts',(-52.6364779861669,-230.02944316614,26.4688899132929));
#11349=CARTESIAN_POINT('Ctrl Pts',(-53.0082782648785,-229.98888540442,27.6779129423735));
#11350=CARTESIAN_POINT('Ctrl Pts',(-53.3790664437799,-229.953482551539,
28.8869234145289));
#11351=CARTESIAN_POINT('Ctrl Pts',(-53.5002859233455,-229.942633982152,
29.289925080944));
#11352=CARTESIAN_POINT('Ctrl Pts',(-53.7334605305573,-229.924503027461,
30.095923785536));
#11353=CARTESIAN_POINT('Ctrl Pts',(-53.9107497079585,-229.911251871221,
30.9019112796563));
#11354=CARTESIAN_POINT('Ctrl Pts',(-53.9801992334965,-229.905569814079,
31.304901752857));
#11355=CARTESIAN_POINT('Ctrl Pts',(-53.9919683583842,-229.896354618523,
31.7078884023179));
#11356=CARTESIAN_POINT('Ctrl Pts',(-53.9493052174333,-229.884178770606,
32.1108711792753));
#11357=CARTESIAN_POINT('Ctrl Pts',(-53.9503656573899,-228.846525562098,
-0.127961893177855));
#11358=CARTESIAN_POINT('Ctrl Pts',(-53.9915676206728,-228.851992116534,
0.275001751348496));
#11359=CARTESIAN_POINT('Ctrl Pts',(-53.9772721756902,-228.867676630064,
0.67796397207862));
#11360=CARTESIAN_POINT('Ctrl Pts',(-53.9040190324693,-228.894600577666,
1.08092481458714));
#11361=CARTESIAN_POINT('Ctrl Pts',(-53.7173524653897,-228.95285983294,1.88684434267749));
#11362=CARTESIAN_POINT('Ctrl Pts',(-53.4747998673186,-229.013459087156,
2.69276074714162));
#11363=CARTESIAN_POINT('Ctrl Pts',(-53.3494187054425,-229.042126490747,
3.09571847268345));
#11364=CARTESIAN_POINT('Ctrl Pts',(-52.9673614525301,-229.123836209895,
4.30459118224131));
#11365=CARTESIAN_POINT('Ctrl Pts',(-52.5878595157032,-229.191300943946,
5.51346497186195));
#11366=CARTESIAN_POINT('Ctrl Pts',(-52.3510690597119,-229.229670703652,
6.31938355437886));
#11367=CARTESIAN_POINT('Ctrl Pts',(-51.9147621427916,-229.29448658777,7.93122912222523));
#11368=CARTESIAN_POINT('Ctrl Pts',(-51.5651304457567,-229.33781863623,9.54309461339521));
#11369=CARTESIAN_POINT('Ctrl Pts',(-51.4144394133293,-229.354767188519,
10.3490331352493));
#11370=CARTESIAN_POINT('Ctrl Pts',(-51.1624482122347,-229.381003708193,
11.9609221807446));
#11371=CARTESIAN_POINT('Ctrl Pts',(-51.0105068846068,-229.394590285197,
13.5728355596933));
#11372=CARTESIAN_POINT('Ctrl Pts',(-50.9598209032298,-229.398896095882,
14.3787984046642));
#11373=CARTESIAN_POINT('Ctrl Pts',(-50.9088958322065,-229.403390388345,
15.9907362661843));
#11374=CARTESIAN_POINT('Ctrl Pts',(-50.9589382309091,-229.399606664829,
17.6026980058444));
#11375=CARTESIAN_POINT('Ctrl Pts',(-51.0091915790606,-229.395646941869,
18.4086847184575));
#11376=CARTESIAN_POINT('Ctrl Pts',(-51.1603022560464,-229.382716379307,
20.0206694868877));
#11377=CARTESIAN_POINT('Ctrl Pts',(-51.411581797823,-229.356989474117,21.6326752485862));
#11378=CARTESIAN_POINT('Ctrl Pts',(-51.5619589367488,-229.34024071689,22.4386829424587));
#11379=CARTESIAN_POINT('Ctrl Pts',(-51.911081734191,-229.297139580875,24.050706587473));
#11380=CARTESIAN_POINT('Ctrl Pts',(-52.3472058213482,-229.232016935723,
25.6627406481703));
#11381=CARTESIAN_POINT('Ctrl Pts',(-52.5840039153364,-229.193311943602,
26.4687587713701));
#11382=CARTESIAN_POINT('Ctrl Pts',(-52.9637274800631,-229.124953962104,
27.6777838761909));
#11383=CARTESIAN_POINT('Ctrl Pts',(-53.3462263442074,-229.041648848189,
28.8867973858746));
#11384=CARTESIAN_POINT('Ctrl Pts',(-53.4717740244992,-229.012366792698,
29.2898001355829));
#11385=CARTESIAN_POINT('Ctrl Pts',(-53.7146639834113,-228.950356859439,
30.0958010331836));
#11386=CARTESIAN_POINT('Ctrl Pts',(-53.9015426853548,-228.890432564598,
30.9017905215423));
#11387=CARTESIAN_POINT('Ctrl Pts',(-53.9747935165768,-228.862635895552,
31.3047818761834));
#11388=CARTESIAN_POINT('Ctrl Pts',(-53.9891036479644,-228.846142207725,
31.7077692483002));
#11389=CARTESIAN_POINT('Ctrl Pts',(-53.9480814186717,-228.83990655534,32.1107525807761));
#11390=CARTESIAN_POINT('Ctrl Pts',(-53.3635973655955,-227.920177546757,
-0.12800865127454));
#11391=CARTESIAN_POINT('Ctrl Pts',(-53.3954626089267,-227.921462821487,
0.274953728389897));
#11392=CARTESIAN_POINT('Ctrl Pts',(-53.3983555263294,-227.940222784999,
0.677914371302964));
#11393=CARTESIAN_POINT('Ctrl Pts',(-53.3710726114369,-227.977956759018,
1.08087331845339));
#11394=CARTESIAN_POINT('Ctrl Pts',(-53.2606174875509,-228.059456704299,
1.886788499674));
#11395=CARTESIAN_POINT('Ctrl Pts',(-53.0766345310163,-228.144595758507,
2.69269979208471));
#11396=CARTESIAN_POINT('Ctrl Pts',(-52.9742272955228,-228.184494139293,
3.09565484748428));
#11397=CARTESIAN_POINT('Ctrl Pts',(-52.6504720477974,-228.296574071575,
4.3045194018234));
#11398=CARTESIAN_POINT('Ctrl Pts',(-52.3025605493898,-228.384214721539,
5.51338500886908));
#11399=CARTESIAN_POINT('Ctrl Pts',(-52.0823063282886,-228.431807672748,
6.31929849801138));
#11400=CARTESIAN_POINT('Ctrl Pts',(-51.6725645643774,-228.510103297974,
7.93113463563303));
#11401=CARTESIAN_POINT('Ctrl Pts',(-51.3406669134118,-228.559509572425,
9.54299192419891));
#11402=CARTESIAN_POINT('Ctrl Pts',(-51.1975104398637,-228.578425392698,
10.3489265795159));
#11403=CARTESIAN_POINT('Ctrl Pts',(-50.9579872917159,-228.607266816615,
11.9608081178827));
#11404=CARTESIAN_POINT('Ctrl Pts',(-50.8135238646927,-228.621738850456,
13.5727141964701));
#11405=CARTESIAN_POINT('Ctrl Pts',(-50.7653536213296,-228.626289288085,
14.3786733777957));
#11406=CARTESIAN_POINT('Ctrl Pts',(-50.7169194054109,-228.631024620416,
15.990603841058));
#11407=CARTESIAN_POINT('Ctrl Pts',(-50.7643832492764,-228.627002801336,
17.6025581498608));
#11408=CARTESIAN_POINT('Ctrl Pts',(-50.8120737166769,-228.622802764143,
18.4085411659104));
#11409=CARTESIAN_POINT('Ctrl Pts',(-50.9555988852165,-228.609007136137,
20.020518732483));
#11410=CARTESIAN_POINT('Ctrl Pts',(-51.1942608050118,-228.580730175364,
21.6325182025778));
#11411=CARTESIAN_POINT('Ctrl Pts',(-51.3370143156404,-228.562052761382,
22.4385231059422));
#11412=CARTESIAN_POINT('Ctrl Pts',(-51.6681878631935,-228.512982143952,
24.0505422813841));
#11413=CARTESIAN_POINT('Ctrl Pts',(-52.0774442164815,-228.434524458289,
25.6625747546061));
#11414=CARTESIAN_POINT('Ctrl Pts',(-52.2975301665746,-228.386677332955,
26.4685929642512));
#11415=CARTESIAN_POINT('Ctrl Pts',(-52.6453569485041,-228.298245586923,
27.6776196746792));
#11416=CARTESIAN_POINT('Ctrl Pts',(-52.9691613442956,-228.184671500775,
28.8866363352506));
#11417=CARTESIAN_POINT('Ctrl Pts',(-53.0715960984568,-228.144192713129,
29.2896402707237));
#11418=CARTESIAN_POINT('Ctrl Pts',(-53.2556031195244,-228.057733116665,
30.0956436849042));
#11419=CARTESIAN_POINT('Ctrl Pts',(-53.3660602917443,-227.974670279464,
30.9016356441811));
#11420=CARTESIAN_POINT('Ctrl Pts',(-53.3933235928994,-227.936109323094,
31.3046281337422));
#11421=CARTESIAN_POINT('Ctrl Pts',(-53.3906262440731,-227.91653541794,31.7076164667335));
#11422=CARTESIAN_POINT('Ctrl Pts',(-53.3591284806779,-227.914412497678,
32.1106005762109));
#11423=CARTESIAN_POINT('Ctrl Pts',(-53.0020724224504,-227.529063292778,
-0.128037119862329));
#11424=CARTESIAN_POINT('Ctrl Pts',(-53.0307049891109,-227.52978947706,0.274924583279004));
#11425=CARTESIAN_POINT('Ctrl Pts',(-53.0375397904779,-227.545970106917,
0.677884317700546));
#11426=CARTESIAN_POINT('Ctrl Pts',(-53.0226387252552,-227.578828659212,
1.08084211386075));
#11427=CARTESIAN_POINT('Ctrl Pts',(-52.9455746806694,-227.655215691323,
1.88675481650266));
#11428=CARTESIAN_POINT('Ctrl Pts',(-52.7971223856128,-227.740702829423,
2.69266334917235));
#11429=CARTESIAN_POINT('Ctrl Pts',(-52.7100815392551,-227.781895969825,
3.09561698796857));
#11430=CARTESIAN_POINT('Ctrl Pts',(-52.4267441761025,-227.898875905318,
4.30447725529618));
#11431=CARTESIAN_POINT('Ctrl Pts',(-52.1039649437712,-227.992670502636,
5.51333868060425));
#11432=CARTESIAN_POINT('Ctrl Pts',(-51.8963249015563,-228.042947945263,
6.31924961793194));
#11433=CARTESIAN_POINT('Ctrl Pts',(-51.5072760604352,-228.125290152722,
7.93108109388408));
#11434=CARTESIAN_POINT('Ctrl Pts',(-51.1889768362951,-228.176362274146,
9.54293438322333));
#11435=CARTESIAN_POINT('Ctrl Pts',(-51.051486363327,-228.195725971209,10.3488671493148));
#11436=CARTESIAN_POINT('Ctrl Pts',(-50.8212139841761,-228.225054761712,
11.9607449875977));
#11437=CARTESIAN_POINT('Ctrl Pts',(-50.6821538683838,-228.239545967656,
13.5726473838814));
#11438=CARTESIAN_POINT('Ctrl Pts',(-50.6357849249767,-228.244081116602,
14.3786046915544));
#11439=CARTESIAN_POINT('Ctrl Pts',(-50.5891394921409,-228.248799033792,
15.9905313192244));
#11440=CARTESIAN_POINT('Ctrl Pts',(-50.6347727944253,-228.244792851596,
17.6024816681763));
#11441=CARTESIAN_POINT('Ctrl Pts',(-50.6806394146985,-228.240608760156,
18.4084626864281));
#11442=CARTESIAN_POINT('Ctrl Pts',(-50.8187094043581,-228.226801640135,
20.0204362978498));
#11443=CARTESIAN_POINT('Ctrl Pts',(-51.0480470885651,-228.19806504469,21.6324321748216));
#11444=CARTESIAN_POINT('Ctrl Pts',(-51.1850905705241,-228.178960353227,
22.4384354403356));
#11445=CARTESIAN_POINT('Ctrl Pts',(-51.5025577376074,-228.128283046666,
24.0504518789879));
#11446=CARTESIAN_POINT('Ctrl Pts',(-51.8909711136197,-228.045871032157,
25.6624831128479));
#11447=CARTESIAN_POINT('Ctrl Pts',(-52.0983604016751,-227.995394497404,
26.4685011796541));
#11448=CARTESIAN_POINT('Ctrl Pts',(-52.4209029360692,-227.900889213308,
27.6775285148506));
#11449=CARTESIAN_POINT('Ctrl Pts',(-52.7041884626307,-227.78250798549,28.8865467508246));
#11450=CARTESIAN_POINT('Ctrl Pts',(-52.7912324606852,-227.740766923353,
29.2895512994405));
#11451=CARTESIAN_POINT('Ctrl Pts',(-52.9397213673879,-227.654040191428,
30.0955560668726));
#11452=CARTESIAN_POINT('Ctrl Pts',(-53.0169955906314,-227.576195396232,
30.9015494730308));
#11453=CARTESIAN_POINT('Ctrl Pts',(-53.032077842796,-227.542585902952,31.3045426809499));
#11454=CARTESIAN_POINT('Ctrl Pts',(-53.0255542584245,-227.525576573816,
31.7075315914397));
#11455=CARTESIAN_POINT('Ctrl Pts',(-52.9973315078896,-227.523933638419,
32.1105161373619));
#11456=CARTESIAN_POINT('Ctrl Pts',(-52.2389597357678,-226.834367034163,
-0.128106249201098));
#11457=CARTESIAN_POINT('Ctrl Pts',(-52.2622035122548,-226.834717765055,
0.274853958110745));
#11458=CARTESIAN_POINT('Ctrl Pts',(-52.2725398938451,-226.844290798939,
0.677811799151495));
#11459=CARTESIAN_POINT('Ctrl Pts',(-52.2706600673387,-226.863538062404,
1.08076730945585));
#11460=CARTESIAN_POINT('Ctrl Pts',(-52.2351318022303,-226.919157933951,
1.88667500789953));
#11461=CARTESIAN_POINT('Ctrl Pts',(-52.1418834702002,-226.992990065687,
2.69257782160644));
#11462=CARTESIAN_POINT('Ctrl Pts',(-52.0820610341308,-227.031020350701,
3.09552849610417));
#11463=CARTESIAN_POINT('Ctrl Pts',(-51.8750746118872,-227.14247525839,4.3043798561131));
#11464=CARTESIAN_POINT('Ctrl Pts',(-51.6109936859064,-227.238936465898,
5.51323281083324));
#11465=CARTESIAN_POINT('Ctrl Pts',(-51.4334696227994,-227.290393190612,
6.31913874624052));
#11466=CARTESIAN_POINT('Ctrl Pts',(-51.0954315550324,-227.374408274336,
7.93096120809266));
#11467=CARTESIAN_POINT('Ctrl Pts',(-50.8118718311048,-227.425476287152,
9.54280686653285));
#11468=CARTESIAN_POINT('Ctrl Pts',(-50.6888120173548,-227.444483660626,
10.348736004557));
#11469=CARTESIAN_POINT('Ctrl Pts',(-50.4821118090555,-227.47291210678,11.9606066493577));
#11470=CARTESIAN_POINT('Ctrl Pts',(-50.3567678703148,-227.486516645788,
13.5725016769557));
#11471=CARTESIAN_POINT('Ctrl Pts',(-50.3149551233276,-227.49072657874,14.3784551777778));
#11472=CARTESIAN_POINT('Ctrl Pts',(-50.2728432904543,-227.49511415703,15.99037390226));
#11473=CARTESIAN_POINT('Ctrl Pts',(-50.3138672316509,-227.491426847848,
17.6023158660179));
#11474=CARTESIAN_POINT('Ctrl Pts',(-50.3551365835856,-227.487565398717,
18.4082925963738));
#11475=CARTESIAN_POINT('Ctrl Pts',(-50.4793952575634,-227.474652700556,
20.020257584732));
#11476=CARTESIAN_POINT('Ctrl Pts',(-50.6850237147917,-227.446867795065,
21.6322453210977));
#11477=CARTESIAN_POINT('Ctrl Pts',(-50.8075539753113,-227.428160049894,
22.4382447766244));
#11478=CARTESIAN_POINT('Ctrl Pts',(-51.0900762672014,-227.377611738696,
24.0502545892579));
#11479=CARTESIAN_POINT('Ctrl Pts',(-51.4271974039105,-227.293740876923,
25.6622822292806));
#11480=CARTESIAN_POINT('Ctrl Pts',(-51.6043139126629,-227.242215003027,
26.4682995015999));
#11481=CARTESIAN_POINT('Ctrl Pts',(-51.8679067130048,-227.145254892089,
27.6773275830442));
#11482=CARTESIAN_POINT('Ctrl Pts',(-52.0747503406044,-227.032554010341,
28.8863488431629));
#11483=CARTESIAN_POINT('Ctrl Pts',(-52.1345719890029,-226.994016703767,
29.2893546192319));
#11484=CARTESIAN_POINT('Ctrl Pts',(-52.2279467293671,-226.918993301188,
30.0953621139681));
#11485=CARTESIAN_POINT('Ctrl Pts',(-52.2639358928576,-226.86183041561,30.9013584387144));
#11486=CARTESIAN_POINT('Ctrl Pts',(-52.2661515745779,-226.841728855848,
31.3043530949445));
#11487=CARTESIAN_POINT('Ctrl Pts',(-52.2562497195374,-226.831173966665,
31.7073432518933));
#11488=CARTESIAN_POINT('Ctrl Pts',(-52.2335120112565,-226.829755194331,
32.1103288168849));
#11489=CARTESIAN_POINT('Ctrl Pts',(-51.3910785140996,-226.231429685011,
-0.128200176515003));
#11490=CARTESIAN_POINT('Ctrl Pts',(-51.4094907809827,-226.230854846782,
0.274758263659826));
#11491=CARTESIAN_POINT('Ctrl Pts',(-51.4195161229904,-226.237027869291,
0.677714081353995));
#11492=CARTESIAN_POINT('Ctrl Pts',(-51.4217540260776,-226.249914145321,
1.08066730102078));
#11493=CARTESIAN_POINT('Ctrl Pts',(-51.4046713227587,-226.287877434771,
1.88656948662488));
#11494=CARTESIAN_POINT('Ctrl Pts',(-51.3455086861567,-226.34240424897,2.69246589070994));
#11495=CARTESIAN_POINT('Ctrl Pts',(-51.3054318894516,-226.371906993242,
3.09541330942391));
#11496=CARTESIAN_POINT('Ctrl Pts',(-51.1600501389423,-226.46131651066,4.30425516767704));
#11497=CARTESIAN_POINT('Ctrl Pts',(-50.9579219085057,-226.545074411984,
5.51309988763886));
#11498=CARTESIAN_POINT('Ctrl Pts',(-50.8155059193119,-226.590710770996,
6.31900134113382));
#11499=CARTESIAN_POINT('Ctrl Pts',(-50.5394013033964,-226.665127804435,
7.93081588160277));
#11500=CARTESIAN_POINT('Ctrl Pts',(-50.3012597806919,-226.709933926484,
9.54265489456866));
#11501=CARTESIAN_POINT('Ctrl Pts',(-50.1972054336895,-226.726278949809,
10.3485807855711));
#11502=CARTESIAN_POINT('Ctrl Pts',(-50.0217657934284,-226.750363907818,
11.9604447561929));
#11503=CARTESIAN_POINT('Ctrl Pts',(-49.9147357689489,-226.761426483502,
13.5723324686432));
#11504=CARTESIAN_POINT('Ctrl Pts',(-49.8789937925968,-226.764792827428,
14.3782820760419));
#11505=CARTESIAN_POINT('Ctrl Pts',(-49.8429379154119,-226.7683292334,15.9901925109919));
#11506=CARTESIAN_POINT('Ctrl Pts',(-49.8778503791296,-226.765465774993,
17.602125257702));
#11507=CARTESIAN_POINT('Ctrl Pts',(-49.9130185955814,-226.76243709291,18.4080971693881));
#11508=CARTESIAN_POINT('Ctrl Pts',(-50.0188920594354,-226.752056042657,
20.0200522096466));
#11509=CARTESIAN_POINT('Ctrl Pts',(-50.1931533931953,-226.728648000284,
21.6320299170815));
#11510=CARTESIAN_POINT('Ctrl Pts',(-50.2966130988044,-226.712634897617,
22.4380244739317));
#11511=CARTESIAN_POINT('Ctrl Pts',(-50.5335507242987,-226.668464266397,
24.0500251756159));
#11512=CARTESIAN_POINT('Ctrl Pts',(-50.8085050565028,-226.594433901223,
25.6620465130179));
#11513=CARTESIAN_POINT('Ctrl Pts',(-50.9503792415957,-226.548885584063,
26.468061673325));
#11514=CARTESIAN_POINT('Ctrl Pts',(-51.1518271452512,-226.464922452036,
27.6770888955259));
#11515=CARTESIAN_POINT('Ctrl Pts',(-51.2970526764725,-226.374416400553,
28.8861125487737));
#11516=CARTESIAN_POINT('Ctrl Pts',(-51.3371526841664,-226.344429168835,
29.2891194727203));
#11517=CARTESIAN_POINT('Ctrl Pts',(-51.3965576942731,-226.288654785163,
30.0951297959621));
#11518=CARTESIAN_POINT('Ctrl Pts',(-51.4143025174704,-226.248864806805,
30.9011293546197));
#11519=CARTESIAN_POINT('Ctrl Pts',(-51.4125080713551,-226.234906769617,
31.3041255170795));
#11520=CARTESIAN_POINT('Ctrl Pts',(-51.4030264084669,-226.227554166588,
31.7071171145439));
#11521=CARTESIAN_POINT('Ctrl Pts',(-51.3852225992282,-226.22689216726,32.1101040217602));
#11522=CARTESIAN_POINT('Ctrl Pts',(-50.9561203778485,-225.940946850229,
-0.128252550755001));
#11523=CARTESIAN_POINT('Ctrl Pts',(-50.9720969271616,-225.939793231804,
0.274704981214537));
#11524=CARTESIAN_POINT('Ctrl Pts',(-50.9815405411533,-225.9450893313,0.677659646467756));
#11525=CARTESIAN_POINT('Ctrl Pts',(-50.9850305147285,-225.956821835791,
1.08061142125543));
#11526=CARTESIAN_POINT('Ctrl Pts',(-50.9737621813831,-225.989626638063,
1.88651025510924));
#11527=CARTESIAN_POINT('Ctrl Pts',(-50.9266066514188,-226.036143623134,
2.69240308453521));
#11528=CARTESIAN_POINT('Ctrl Pts',(-50.8939062857018,-226.061436640908,
3.09534878008778));
#11529=CARTESIAN_POINT('Ctrl Pts',(-50.7730973809068,-226.138949122799,
4.30418572944613));
#11530=CARTESIAN_POINT('Ctrl Pts',(-50.5994095090609,-226.21352034632,5.51302652102481));
#11531=CARTESIAN_POINT('Ctrl Pts',(-50.4744765583033,-226.254785604767,
6.31892593582155));
#11532=CARTESIAN_POINT('Ctrl Pts',(-50.2299326678067,-226.321946687059,
7.9307368970567));
#11533=CARTESIAN_POINT('Ctrl Pts',(-50.0160605079332,-226.362148211856,
9.54257289714427));
#11534=CARTESIAN_POINT('Ctrl Pts',(-49.922243979296,-226.376630716932,10.3484972797817));
#11535=CARTESIAN_POINT('Ctrl Pts',(-49.7637412674724,-226.397753876765,
11.9603580686775));
#11536=CARTESIAN_POINT('Ctrl Pts',(-49.6667124351181,-226.407177770499,
13.5722421538521));
#11537=CARTESIAN_POINT('Ctrl Pts',(-49.6342863939529,-226.410009644785,
14.3781898002613));
#11538=CARTESIAN_POINT('Ctrl Pts',(-49.6015417497511,-226.413007000228,
15.9900960135205));
#11539=CARTESIAN_POINT('Ctrl Pts',(-49.6331214732146,-226.410664952778,
17.6020239686014));
#11540=CARTESIAN_POINT('Ctrl Pts',(-49.6649619207858,-226.408163147664,
18.4079933509068));
#11541=CARTESIAN_POINT('Ctrl Pts',(-49.760806179504,-226.399410395509,20.0199431119164));
#11542=CARTESIAN_POINT('Ctrl Pts',(-49.918087633392,-226.378973958543,21.6319153375689));
#11543=CARTESIAN_POINT('Ctrl Pts',(-50.0112829627487,-226.364835706878,
22.4379071680609));
#11544=CARTESIAN_POINT('Ctrl Pts',(-50.2238821875059,-226.325319886104,
24.0499026522018));
#11545=CARTESIAN_POINT('Ctrl Pts',(-50.4671740404055,-226.25866635864,25.6619200416246));
#11546=CARTESIAN_POINT('Ctrl Pts',(-50.5915046788534,-226.217572185024,
26.4679337521563));
#11547=CARTESIAN_POINT('Ctrl Pts',(-50.7644226359904,-226.142955170694,
27.6769599871355));
#11548=CARTESIAN_POINT('Ctrl Pts',(-50.8850546057479,-226.064431430913,
28.8859846027396));
#11549=CARTESIAN_POINT('Ctrl Pts',(-50.9177824022334,-226.038667435955,
29.2889920698756));
#11550=CARTESIAN_POINT('Ctrl Pts',(-50.9652158147917,-225.990883282888,
30.0950039329678));
#11551=CARTESIAN_POINT('Ctrl Pts',(-50.9772373547066,-225.95615284107,30.9010055146872));
#11552=CARTESIAN_POINT('Ctrl Pts',(-50.9742547875297,-225.943287983287,
31.3040026684613));
#11553=CARTESIAN_POINT('Ctrl Pts',(-50.9654188552951,-225.936727317368,
31.706995122566));
#11554=CARTESIAN_POINT('Ctrl Pts',(-50.950106484841,-225.936543334913,32.1099827580759));
#11555=CARTESIAN_POINT('Ctrl Pts',(-50.0741715373056,-225.394554060933,
-0.128369772820763));
#11556=CARTESIAN_POINT('Ctrl Pts',(-50.0855527819,-225.392970398738,0.274586008790005));
#11557=CARTESIAN_POINT('Ctrl Pts',(-50.0922818439001,-225.395526442322,
0.677537842809303));
#11558=CARTESIAN_POINT('Ctrl Pts',(-50.0948312294259,-225.402062600575,
1.08048564683555));
#11559=CARTESIAN_POINT('Ctrl Pts',(-50.0889453189421,-225.422364374517,
1.88637709509192));
#11560=CARTESIAN_POINT('Ctrl Pts',(-50.0592274470549,-225.453230668975,
2.69226277390918));
#11561=CARTESIAN_POINT('Ctrl Pts',(-50.0379472948632,-225.470408622273,
3.09520500641344));
#11562=CARTESIAN_POINT('Ctrl Pts',(-49.95691103493,-225.52416205224,4.30403224295184));
#11563=CARTESIAN_POINT('Ctrl Pts',(-49.8338264434487,-225.578419355581,
5.51286579047519));
#11564=CARTESIAN_POINT('Ctrl Pts',(-49.7420212115536,-225.609138021495,
6.31876179385935));
#11565=CARTESIAN_POINT('Ctrl Pts',(-49.5589025981132,-225.658808068257,
7.93056669363048));
#11566=CARTESIAN_POINT('Ctrl Pts',(-49.3944274287162,-225.687769112734,
9.54239734762155));
#11567=CARTESIAN_POINT('Ctrl Pts',(-49.3216786162379,-225.69780459858,10.3483189592098));
#11568=CARTESIAN_POINT('Ctrl Pts',(-49.1982477390454,-225.711942888356,
11.9601737010614));
#11569=CARTESIAN_POINT('Ctrl Pts',(-49.1221328318479,-225.717622453916,
13.5720505800035));
#11570=CARTESIAN_POINT('Ctrl Pts',(-49.0966477705324,-225.719248889048,
14.3779942898301));
#11571=CARTESIAN_POINT('Ctrl Pts',(-49.0708402572093,-225.721029941534,
15.9898919400163));
#11572=CARTESIAN_POINT('Ctrl Pts',(-49.095453418379,-225.719862497466,17.6018100211614));
#11573=CARTESIAN_POINT('Ctrl Pts',(-49.1203365648669,-225.718547098543,
18.4077741585534));
#11574=CARTESIAN_POINT('Ctrl Pts',(-49.1952279495841,-225.713507436488,
20.019712850491));
#11575=CARTESIAN_POINT('Ctrl Pts',(-49.3173758770354,-225.700057122544,
21.6316732681313));
#11576=CARTESIAN_POINT('Ctrl Pts',(-49.389464735674,-225.690378874894,22.437659126624));
#11577=CARTESIAN_POINT('Ctrl Pts',(-49.5525643985728,-225.662173728224,
24.049642804574));
#11578=CARTESIAN_POINT('Ctrl Pts',(-49.7342609696252,-225.61322886617,25.6616504679319));
#11579=CARTESIAN_POINT('Ctrl Pts',(-49.8253606441644,-225.582834334615,
26.4676602605103));
#11580=CARTESIAN_POINT('Ctrl Pts',(-49.9474666986218,-225.528906315486,
27.6766830166116));
#11581=CARTESIAN_POINT('Ctrl Pts',(-50.0282269667464,-225.474387715651,
28.8857085215357));
#11582=CARTESIAN_POINT('Ctrl Pts',(-50.0495237788314,-225.456787947057,
29.2887168048171));
#11583=CARTESIAN_POINT('Ctrl Pts',(-50.0795650480393,-225.424637432794,
30.0947313438867));
#11584=CARTESIAN_POINT('Ctrl Pts',(-50.0863610640931,-225.402176610694,
30.9007373721911));
#11585=CARTESIAN_POINT('Ctrl Pts',(-50.0844141486899,-225.394349172347,
31.3037373160128));
#11586=CARTESIAN_POINT('Ctrl Pts',(-50.0784135432679,-225.390308759609,
31.7067319466018));
#11587=CARTESIAN_POINT('Ctrl Pts',(-50.0678284819036,-225.390312315456,
32.1097211081955));
#11588=CARTESIAN_POINT('Ctrl Pts',(-49.1680310571495,-224.884150409459,
-0.128520552172937));
#11589=CARTESIAN_POINT('Ctrl Pts',(-49.1747387123237,-224.88247423949,0.274433101917517));
#11590=CARTESIAN_POINT('Ctrl Pts',(-49.1783329241555,-224.883476630289,
0.677382769895112));
#11591=CARTESIAN_POINT('Ctrl Pts',(-49.1791425628563,-224.886848889537,
1.08032835216102));
#11592=CARTESIAN_POINT('Ctrl Pts',(-49.1731935777599,-224.898372057365,
1.88621391549501));
#11593=CARTESIAN_POINT('Ctrl Pts',(-49.1513591287895,-224.916696038505,
2.69209261185155));
#11594=CARTESIAN_POINT('Ctrl Pts',(-49.1362612064851,-224.926971168944,
3.09503141839661));
#11595=CARTESIAN_POINT('Ctrl Pts',(-49.0798254610164,-224.959354037325,
4.30384966295241));
#11596=CARTESIAN_POINT('Ctrl Pts',(-48.9955373590001,-224.992552970773,
5.51267829164295));
#11597=CARTESIAN_POINT('Ctrl Pts',(-48.93213124885,-225.011435218157,6.31857289543899));
#11598=CARTESIAN_POINT('Ctrl Pts',(-48.8041508422233,-225.041275560664,
7.93037375677775));
#11599=CARTESIAN_POINT('Ctrl Pts',(-48.6873543160321,-225.057342231647,
9.54220021051085));
#11600=CARTESIAN_POINT('Ctrl Pts',(-48.6353355986428,-225.062414447434,
10.3481194721774));
#11601=CARTESIAN_POINT('Ctrl Pts',(-48.5467776469438,-225.068907787072,
11.959968498386));
#11602=CARTESIAN_POINT('Ctrl Pts',(-48.4918067770385,-225.070687273686,
13.5718382169788));
#11603=CARTESIAN_POINT('Ctrl Pts',(-48.4733539838607,-225.071086096964,
14.37777791447));
#11604=CARTESIAN_POINT('Ctrl Pts',(-48.4545842657686,-225.071627287619,
15.9896668263754));
#11605=CARTESIAN_POINT('Ctrl Pts',(-48.4721556002324,-225.071653659691,
17.6015746871249));
#11606=CARTESIAN_POINT('Ctrl Pts',(-48.4900039766896,-225.071543202411,
18.4075333327922));
#11607=CARTESIAN_POINT('Ctrl Pts',(-48.5437447529787,-225.070358954251,
20.019460381711));
#11608=CARTESIAN_POINT('Ctrl Pts',(-48.6310058325203,-225.064520451674,
21.6314077506214));
#11609=CARTESIAN_POINT('Ctrl Pts',(-48.6823541375986,-225.059795253625,
22.4373869073424));
#11610=CARTESIAN_POINT('Ctrl Pts',(-48.7977479357306,-225.044480840591,
24.0493565850563));
#11611=CARTESIAN_POINT('Ctrl Pts',(-48.9242227018829,-225.015484490845,
25.6613506211057));
#11612=CARTESIAN_POINT('Ctrl Pts',(-48.986880121083,-224.996998681885,26.4673545706716));
#11613=CARTESIAN_POINT('Ctrl Pts',(-49.0699760321077,-224.964507711726,
27.6763700204194));
#11614=CARTESIAN_POINT('Ctrl Pts',(-49.125854839436,-224.931851464682,28.8853928369406));
#11615=CARTESIAN_POINT('Ctrl Pts',(-49.1408789985307,-224.921311462555,
29.2884008915918));
#11616=CARTESIAN_POINT('Ctrl Pts',(-49.1629617728134,-224.901830678252,
30.0944164643004));
#11617=CARTESIAN_POINT('Ctrl Pts',(-49.1700030388832,-224.887801877129,
30.9004254764654));
#11618=CARTESIAN_POINT('Ctrl Pts',(-49.1699639797248,-224.882809840986,
31.3034270881871));
#11619=CARTESIAN_POINT('Ctrl Pts',(-49.1672919485589,-224.879960259303,
31.7064236740891));
#11620=CARTESIAN_POINT('Ctrl Pts',(-49.1615592432308,-224.879733282709,
32.1094149260819));
#11621=CARTESIAN_POINT('Ctrl Pts',(-48.7100358405376,-224.632558290302,
-0.128605551463227));
#11622=CARTESIAN_POINT('Ctrl Pts',(-48.7142663986922,-224.630801553021,
0.27434677239376));
#11623=CARTESIAN_POINT('Ctrl Pts',(-48.7167280133023,-224.631626836414,
0.67729606243497));
#11624=CARTESIAN_POINT('Ctrl Pts',(-48.717642444069,-224.63469484264,1.08024208145689));
#11625=CARTESIAN_POINT('Ctrl Pts',(-48.7115388399563,-224.643559418599,
1.88612541249797));
#11626=CARTESIAN_POINT('Ctrl Pts',(-48.6920021941772,-224.65670718389,2.69200025067802));
#11627=CARTESIAN_POINT('Ctrl Pts',(-48.6790559106663,-224.66397696977,3.09493727113425));
#11628=CARTESIAN_POINT('Ctrl Pts',(-48.6320565812858,-224.686861826306,
4.30375120283623));
#11629=CARTESIAN_POINT('Ctrl Pts',(-48.5644155690304,-224.710223962468,
5.5125781826604));
#11630=CARTESIAN_POINT('Ctrl Pts',(-48.5137270060487,-224.72343763512,6.31847265698351));
#11631=CARTESIAN_POINT('Ctrl Pts',(-48.4109952410249,-224.743694442933,
7.9302720887545));
#11632=CARTESIAN_POINT('Ctrl Pts',(-48.3167352183184,-224.753497515588,
9.54209663462014));
#11633=CARTESIAN_POINT('Ctrl Pts',(-48.2746165893864,-224.756186136276,
10.3480148014099));
#11634=CARTESIAN_POINT('Ctrl Pts',(-48.2027923309669,-224.759054388182,
11.9598610015416));
#11635=CARTESIAN_POINT('Ctrl Pts',(-48.1580558135566,-224.759032303486,
13.5717271074664));
#11636=CARTESIAN_POINT('Ctrl Pts',(-48.143008558046,-224.758876101301,14.3776647881656));
#11637=CARTESIAN_POINT('Ctrl Pts',(-48.1276537787413,-224.758849907024,
15.989549299324));
#11638=CARTESIAN_POINT('Ctrl Pts',(-48.1418141091539,-224.75942158656,17.6014520146292));
#11639=CARTESIAN_POINT('Ctrl Pts',(-48.1562589397208,-224.759854896088,
18.4074079026316));
#11640=CARTESIAN_POINT('Ctrl Pts',(-48.1997697993678,-224.760448266749,
20.0193290658065));
#11641=CARTESIAN_POINT('Ctrl Pts',(-48.2703019782559,-224.758210257139,
21.6312697266504));
#11642=CARTESIAN_POINT('Ctrl Pts',(-48.3117524147979,-224.755856933155,
22.43724542016));
#11643=CARTESIAN_POINT('Ctrl Pts',(-48.4046154531117,-224.746783381757,
24.0492076348973));
#11644=CARTESIAN_POINT('Ctrl Pts',(-48.505825514002,-224.727393482724,25.6611939177092));
#11645=CARTESIAN_POINT('Ctrl Pts',(-48.555770588994,-224.714569490719,26.467194438667));
#11646=CARTESIAN_POINT('Ctrl Pts',(-48.6221045646604,-224.692109280209,
27.6762049982355));
#11647=CARTESIAN_POINT('Ctrl Pts',(-48.6683493780319,-224.669276987439,
28.8852254525336));
#11648=CARTESIAN_POINT('Ctrl Pts',(-48.681151663652,-224.661856778826,29.2882331261519));
#11649=CARTESIAN_POINT('Ctrl Pts',(-48.7008534637994,-224.64769083796,30.094248956893));
#11650=CARTESIAN_POINT('Ctrl Pts',(-48.7081656384414,-224.636155127093,
30.9002587768426));
#11651=CARTESIAN_POINT('Ctrl Pts',(-48.7081695835797,-224.631254786675,
31.3032600964271));
#11652=CARTESIAN_POINT('Ctrl Pts',(-48.7067685436425,-224.628358642678,
31.7062572144601));
#11653=CARTESIAN_POINT('Ctrl Pts',(-48.7036060342979,-224.628037159503,
32.1092497753376));
#11654=CARTESIAN_POINT('Ctrl Pts',(-47.8042249081028,-224.141522291259,
-0.128768691758246));
#11655=CARTESIAN_POINT('Ctrl Pts',(-47.8046814410503,-224.140093605626,
0.274182436364132));
#11656=CARTESIAN_POINT('Ctrl Pts',(-47.8025454630899,-224.140213481593,
0.677127034721777));
#11657=CARTESIAN_POINT('Ctrl Pts',(-47.7974977372811,-224.141343001762,
1.08006440809789));
#11658=CARTESIAN_POINT('Ctrl Pts',(-47.7846541523609,-224.144275205183,
1.88593380093797));
#11659=CARTESIAN_POINT('Ctrl Pts',(-47.7672835145503,-224.148098511561,
2.69179961345218));
#11660=CARTESIAN_POINT('Ctrl Pts',(-47.7577677335431,-224.150066630444,
3.0947333935588));
#11661=CARTESIAN_POINT('Ctrl Pts',(-47.7266317419295,-224.156386821014,
4.30353974841394));
#11662=CARTESIAN_POINT('Ctrl Pts',(-47.6886301252613,-224.162912802969,
5.51236683255946));
#11663=CARTESIAN_POINT('Ctrl Pts',(-47.6604383485206,-224.166284769862,
6.31826316512654));
#11664=CARTESIAN_POINT('Ctrl Pts',(-47.6029939460198,-224.169940494053,
7.93005923206258));
#11665=CARTESIAN_POINT('Ctrl Pts',(-47.5498317900169,-224.169087365363,
9.54188039958092));
#11666=CARTESIAN_POINT('Ctrl Pts',(-47.525861397425,-224.167818592892,10.3477965484326));
#11667=CARTESIAN_POINT('Ctrl Pts',(-47.4848512739432,-224.16476870253,11.959636630851));
#11668=CARTESIAN_POINT('Ctrl Pts',(-47.4590429185286,-224.161980918241,
13.5714956907964));
#11669=CARTESIAN_POINT('Ctrl Pts',(-47.4503165525763,-224.16097392849,14.3774290869579));
#11670=CARTESIAN_POINT('Ctrl Pts',(-47.4412768157775,-224.160111055171,
15.9893048008348));
#11671=CARTESIAN_POINT('Ctrl Pts',(-47.4491389391703,-224.161484548475,
17.6011973749175));
#11672=CARTESIAN_POINT('Ctrl Pts',(-47.4572718819873,-224.162749941934,
18.4071476339046));
#11673=CARTESIAN_POINT('Ctrl Pts',(-47.4818750575146,-224.166066209354,
20.0190575193723));
#11674=CARTESIAN_POINT('Ctrl Pts',(-47.5216223380434,-224.169688072118,
21.6309846063115));
#11675=CARTESIAN_POINT('Ctrl Pts',(-47.544936422731,-224.171267869341,22.4369534996667));
#11676=CARTESIAN_POINT('Ctrl Pts',(-47.5967539525984,-224.172757015296,
24.0489009020401));
#11677=CARTESIAN_POINT('Ctrl Pts',(-47.6527073058526,-224.169918937847,
25.6608690335365));
#11678=CARTESIAN_POINT('Ctrl Pts',(-47.6801856789073,-224.16689044861,26.4668627239938));
#11679=CARTESIAN_POINT('Ctrl Pts',(-47.7169040213599,-224.161224590752,
27.6758609662475));
#11680=CARTESIAN_POINT('Ctrl Pts',(-47.7466933582596,-224.15589220584,28.8848719520896));
#11681=CARTESIAN_POINT('Ctrl Pts',(-47.755795170317,-224.154199246882,29.2878772042238));
#11682=CARTESIAN_POINT('Ctrl Pts',(-47.7729196610583,-224.149953664915,
30.0938924747933));
#11683=CARTESIAN_POINT('Ctrl Pts',(-47.7869713966889,-224.144233961128,
30.8999101397645));
#11684=CARTESIAN_POINT('Ctrl Pts',(-47.793077046283,-224.141003252379,31.3029180717112));
#11685=CARTESIAN_POINT('Ctrl Pts',(-47.7965347696482,-224.138340019943,
31.70591936973));
#11686=CARTESIAN_POINT('Ctrl Pts',(-47.7974323445804,-224.137175502018,
32.108913789336));
#11687=CARTESIAN_POINT('Ctrl Pts',(-46.8851736811865,-223.653223417361,
-0.128981318724763));
#11688=CARTESIAN_POINT('Ctrl Pts',(-46.8824434801068,-223.651790254196,
0.273968096912594));
#11689=CARTESIAN_POINT('Ctrl Pts',(-46.8781028052946,-223.651214084257,
0.676908837250734));
#11690=CARTESIAN_POINT('Ctrl Pts',(-46.8713352183974,-223.651231932447,
1.07983932375687));
#11691=CARTESIAN_POINT('Ctrl Pts',(-46.8593684853298,-223.650839625218,
1.88570435331281));
#11692=CARTESIAN_POINT('Ctrl Pts',(-46.8471454336791,-223.649142354763,
2.69157024579754));
#11693=CARTESIAN_POINT('Ctrl Pts',(-46.8409219461029,-223.648004097174,
3.09450385681299));
#11694=CARTESIAN_POINT('Ctrl Pts',(-46.8236277769704,-223.645407174278,
4.30331063068848));
#11695=CARTESIAN_POINT('Ctrl Pts',(-46.807791339644,-223.643963138156,5.51213974804783));
#11696=CARTESIAN_POINT('Ctrl Pts',(-46.7951461293529,-223.642008878148,
6.31804124366136));
#11697=CARTESIAN_POINT('Ctrl Pts',(-46.7704832836907,-223.637688739126,
7.92983008892147));
#11698=CARTESIAN_POINT('Ctrl Pts',(-46.74755879196,-223.632563586833,9.54164941125783));
#11699=CARTESIAN_POINT('Ctrl Pts',(-46.7370912901884,-223.629906435756,
10.3475621282936));
#11700=CARTESIAN_POINT('Ctrl Pts',(-46.7191151063065,-223.625266664689,
11.9593951820275));
#11701=CARTESIAN_POINT('Ctrl Pts',(-46.7076347320364,-223.622089827091,
13.5712473941303));
#11702=CARTESIAN_POINT('Ctrl Pts',(-46.7036616369915,-223.621084449404,
14.3771757486437));
#11703=CARTESIAN_POINT('Ctrl Pts',(-46.6994512371467,-223.620131539917,
15.9890427601801));
#11704=CARTESIAN_POINT('Ctrl Pts',(-46.7025116294278,-223.621593908881,
17.6009257279118));
#11705=CARTESIAN_POINT('Ctrl Pts',(-46.7059067735289,-223.622853738448,
18.4068702652858));
#11706=CARTESIAN_POINT('Ctrl Pts',(-46.716214775668,-223.626547328295,20.0187704463124));
#11707=CARTESIAN_POINT('Ctrl Pts',(-46.7329795175069,-223.631711984748,
21.6306852789987));
#11708=CARTESIAN_POINT('Ctrl Pts',(-46.7428131356434,-223.634661325936,
22.4366471756551));
#11709=CARTESIAN_POINT('Ctrl Pts',(-46.7644754368207,-223.640319631039,
24.0485829502346));
#11710=CARTESIAN_POINT('Ctrl Pts',(-46.787789584212,-223.645239946677,25.660529513427));
#11711=CARTESIAN_POINT('Ctrl Pts',(-46.7995460610905,-223.647849261342,
26.4665168204519));
#11712=CARTESIAN_POINT('Ctrl Pts',(-46.8147236444625,-223.649092210961,
27.675499741867));
#11713=CARTESIAN_POINT('Ctrl Pts',(-46.8303446778545,-223.653147312575,
28.8844918648918));
#11714=CARTESIAN_POINT('Ctrl Pts',(-46.8357400531096,-223.655225435287,
29.2874905401558));
#11715=CARTESIAN_POINT('Ctrl Pts',(-46.8470229304506,-223.65755061683,30.0934947477013));
#11716=CARTESIAN_POINT('Ctrl Pts',(-46.860216289729,-223.654817122664,30.8995103141856));
#11717=CARTESIAN_POINT('Ctrl Pts',(-46.8682023325344,-223.652171366727,
31.302521157543));
#11718=CARTESIAN_POINT('Ctrl Pts',(-46.8740786466954,-223.649712455668,
31.7055246565487));
#11719=CARTESIAN_POINT('Ctrl Pts',(-46.8782983463027,-223.648309969959,
32.1085207469986));
#11720=CARTESIAN_POINT('Ctrl Pts',(-46.4071708158147,-223.404266874793,
-0.129124863164722));
#11721=CARTESIAN_POINT('Ctrl Pts',(-46.4022810639426,-223.402323861898,
0.273822592888568));
#11722=CARTESIAN_POINT('Ctrl Pts',(-46.4008228526125,-223.401248456769,
0.676766435165168));
#11723=CARTESIAN_POINT('Ctrl Pts',(-46.4013872572121,-223.402162631808,
1.07970105717901));
#11724=CARTESIAN_POINT('Ctrl Pts',(-46.3991264389351,-223.401936044671,
1.88557839238664));
#11725=CARTESIAN_POINT('Ctrl Pts',(-46.3920479158115,-223.398561325145,
2.69144925441535));
#11726=CARTESIAN_POINT('Ctrl Pts',(-46.3876026996819,-223.396638241757,
3.09438373935107));
#11727=CARTESIAN_POINT('Ctrl Pts',(-46.3780076071969,-223.392205534539,
4.30319515802913));
#11728=CARTESIAN_POINT('Ctrl Pts',(-46.3716860042201,-223.390238879785,
5.51202153345706));
#11729=CARTESIAN_POINT('Ctrl Pts',(-46.3644960572285,-223.386936337793,
6.3179296806046));
#11730=CARTESIAN_POINT('Ctrl Pts',(-46.3527201718283,-223.381639868665,
7.92971027651756));
#11731=CARTESIAN_POINT('Ctrl Pts',(-46.3413404038099,-223.376847064064,
9.54153174868266));
#11732=CARTESIAN_POINT('Ctrl Pts',(-46.3362631789568,-223.374177997485,
10.3474407885099));
#11733=CARTESIAN_POINT('Ctrl Pts',(-46.3269998631221,-223.37060835997,11.9592704192227));
#11734=CARTESIAN_POINT('Ctrl Pts',(-46.3213558005171,-223.367719180615,
13.5711196315701));
#11735=CARTESIAN_POINT('Ctrl Pts',(-46.3189868248337,-223.367329411638,
14.377044763041));
#11736=CARTESIAN_POINT('Ctrl Pts',(-46.3169773889883,-223.366203555712,
15.9889076408215));
#11737=CARTESIAN_POINT('Ctrl Pts',(-46.3178512638549,-223.36785130806,17.600785848075));
#11738=CARTESIAN_POINT('Ctrl Pts',(-46.3196501821582,-223.368499175508,
18.406727405745));
#11739=CARTESIAN_POINT('Ctrl Pts',(-46.3241376362378,-223.371915445765,
20.0186234065569));
#11740=CARTESIAN_POINT('Ctrl Pts',(-46.3322147743178,-223.37599848102,21.630533374608));
#11741=CARTESIAN_POINT('Ctrl Pts',(-46.3366759639942,-223.378946700995,
22.4364905617293));
#11742=CARTESIAN_POINT('Ctrl Pts',(-46.3468162912951,-223.384262924427,
24.048424086084));
#11743=CARTESIAN_POINT('Ctrl Pts',(-46.3573657326705,-223.389970969566,
25.6603572505746));
#11744=CARTESIAN_POINT('Ctrl Pts',(-46.3633527597743,-223.39447923155,26.4663432641757));
#11745=CARTESIAN_POINT('Ctrl Pts',(-46.3695611075508,-223.395308988999,
27.6753172594517));
#11746=CARTESIAN_POINT('Ctrl Pts',(-46.3777874655672,-223.400665085726,
28.8842977260726));
#11747=CARTESIAN_POINT('Ctrl Pts',(-46.3810768137395,-223.404072696825,
29.2872917703729));
#11748=CARTESIAN_POINT('Ctrl Pts',(-46.3865387480542,-223.409229482537,
30.0932843564447));
#11749=CARTESIAN_POINT('Ctrl Pts',(-46.3905243761272,-223.405457941369,
30.8992892545438));
#11750=CARTESIAN_POINT('Ctrl Pts',(-46.3916877485884,-223.400976864497,
31.3022938561784));
#11751=CARTESIAN_POINT('Ctrl Pts',(-46.3950635563278,-223.398330597539,
31.7052946103614));
#11752=CARTESIAN_POINT('Ctrl Pts',(-46.4013732905666,-223.397535411857,
32.1082921707008));
#11753=CARTESIAN_POINT('Ctrl Pts',(-45.9550335665603,-223.145482710718,
-0.129235335496579));
#11754=CARTESIAN_POINT('Ctrl Pts',(-45.9484741805388,-223.142087277071,
0.273710621164807));
#11755=CARTESIAN_POINT('Ctrl Pts',(-45.9479398989226,-223.140951012267,
0.676650659849631));
#11756=CARTESIAN_POINT('Ctrl Pts',(-45.9518956088372,-223.143890576328,
1.07957601065909));
#11757=CARTESIAN_POINT('Ctrl Pts',(-45.9554977728769,-223.1458720847,1.8854523660969));
#11758=CARTESIAN_POINT('Ctrl Pts',(-45.9525440267643,-223.143898762117,
2.69132874145835));
#11759=CARTESIAN_POINT('Ctrl Pts',(-45.9497780430144,-223.142468811638,
3.09426564477086));
#11760=CARTESIAN_POINT('Ctrl Pts',(-45.9458883884033,-223.139967706794,
4.30308573231344));
#11761=CARTESIAN_POINT('Ctrl Pts',(-45.9456499451456,-223.140082370834,
5.51191093633834));
#11762=CARTESIAN_POINT('Ctrl Pts',(-45.9420865783157,-223.137788648966,
6.31781054657572));
#11763=CARTESIAN_POINT('Ctrl Pts',(-45.9383466049796,-223.135521754741,
7.92959777547273));
#11764=CARTESIAN_POINT('Ctrl Pts',(-45.9345246287436,-223.133389142756,
9.54140991659515));
#11765=CARTESIAN_POINT('Ctrl Pts',(-45.9326771274189,-223.132281327679,
10.3473181144173));
#11766=CARTESIAN_POINT('Ctrl Pts',(-45.9294697471607,-223.130782236764,
11.9591436817688));
#11767=CARTESIAN_POINT('Ctrl Pts',(-45.9272799992509,-223.129724436733,
13.5709865337056));
#11768=CARTESIAN_POINT('Ctrl Pts',(-45.926377413558,-223.129581465052,14.3769108422657));
#11769=CARTESIAN_POINT('Ctrl Pts',(-45.9253456728649,-223.129318208918,
15.9887689072068));
#11770=CARTESIAN_POINT('Ctrl Pts',(-45.9252569752076,-223.130128278854,
17.6006427003854));
#11771=CARTESIAN_POINT('Ctrl Pts',(-45.9255968814919,-223.13054247923,18.4065830411856));
#11772=CARTESIAN_POINT('Ctrl Pts',(-45.9266499485665,-223.132141593955,
20.0184732663889));
#11773=CARTESIAN_POINT('Ctrl Pts',(-45.9286927724122,-223.134162873294,
21.6303785484278));
#11774=CARTESIAN_POINT('Ctrl Pts',(-45.9299390263556,-223.135542819863,
22.4363346254326));
#11775=CARTESIAN_POINT('Ctrl Pts',(-45.9325671870377,-223.138160356015,
24.0482581315965));
#11776=CARTESIAN_POINT('Ctrl Pts',(-45.9350653273809,-223.140885072605,
25.6601920798132));
#11777=CARTESIAN_POINT('Ctrl Pts',(-45.9379295169609,-223.143541335153,
26.4661684603939));
#11778=CARTESIAN_POINT('Ctrl Pts',(-45.9373314038916,-223.143515663558,
27.6751340600552));
#11779=CARTESIAN_POINT('Ctrl Pts',(-45.9401999618345,-223.146358060043,
28.8841080704281));
#11780=CARTESIAN_POINT('Ctrl Pts',(-45.9422537992755,-223.148515543916,
29.2870998433778));
#11781=CARTESIAN_POINT('Ctrl Pts',(-45.9444324145394,-223.150868161819,
30.093086137278));
#11782=CARTESIAN_POINT('Ctrl Pts',(-45.9411643286364,-223.147317204311,
30.8990805054031));
#11783=CARTESIAN_POINT('Ctrl Pts',(-45.9367889133924,-223.144474624185,
31.3020777735806));
#11784=CARTESIAN_POINT('Ctrl Pts',(-45.9381990075974,-223.143661387156,
31.7050749073154));
#11785=CARTESIAN_POINT('Ctrl Pts',(-45.9458321388115,-223.144886043962,
32.1080723307459));
#11786=CARTESIAN_POINT('Ctrl Pts',(-45.5305454964711,-222.891030305357,
-0.129338825596761));
#11787=CARTESIAN_POINT('Ctrl Pts',(-45.5222797772981,-222.886444968706,
0.273604986589108));
#11788=CARTESIAN_POINT('Ctrl Pts',(-45.5208083783057,-222.884973592909,
0.676541459164885));
#11789=CARTESIAN_POINT('Ctrl Pts',(-45.5248400201133,-222.888265145939,
1.07946303770919));
#11790=CARTESIAN_POINT('Ctrl Pts',(-45.5298646254666,-222.891539107078,
1.88533442243902));
#11791=CARTESIAN_POINT('Ctrl Pts',(-45.5295361991296,-222.891592183584,
2.69121283441647));
#11792=CARTESIAN_POINT('Ctrl Pts',(-45.5281057152856,-222.891083912673,
3.09415168989548));
#11793=CARTESIAN_POINT('Ctrl Pts',(-45.5277669034457,-222.891351750662,
4.30297647104042));
#11794=CARTESIAN_POINT('Ctrl Pts',(-45.5309643674581,-222.893989771056,
5.51180207990512));
#11795=CARTESIAN_POINT('Ctrl Pts',(-45.5300787925047,-222.89370192396,6.31769337928335));
#11796=CARTESIAN_POINT('Ctrl Pts',(-45.5314795716208,-222.895348192709,
7.92948446422198));
#11797=CARTESIAN_POINT('Ctrl Pts',(-45.5326373003279,-222.89667919834,9.54128872027138));
#11798=CARTESIAN_POINT('Ctrl Pts',(-45.5329826070891,-222.897309169074,
10.3471955877232));
#11799=CARTESIAN_POINT('Ctrl Pts',(-45.5338227735125,-222.898422844419,
11.9590171167136));
#11800=CARTESIAN_POINT('Ctrl Pts',(-45.5340391689713,-222.899289561074,
13.57085421086));
#11801=CARTESIAN_POINT('Ctrl Pts',(-45.5341098646101,-222.899582572395,
14.376777349641));
#11802=CARTESIAN_POINT('Ctrl Pts',(-45.5337913090247,-222.900108740791,
15.9886308845286));
#11803=CARTESIAN_POINT('Ctrl Pts',(-45.5329992845068,-222.900164887579,
17.6005004570256));
#11804=CARTESIAN_POINT('Ctrl Pts',(-45.5323705364669,-222.900161446209,
18.4064394673149));
#11805=CARTESIAN_POINT('Ctrl Pts',(-45.5310283038024,-222.899866381639,
20.0183245414132));
#11806=CARTESIAN_POINT('Ctrl Pts',(-45.5290317044404,-222.899305671991,
21.6302256628605));
#11807=CARTESIAN_POINT('Ctrl Pts',(-45.5280945966352,-222.898950678541,
22.4361803337904));
#11808=CARTESIAN_POINT('Ctrl Pts',(-45.5257511594967,-222.898126220318,
24.0480958210168));
#11809=CARTESIAN_POINT('Ctrl Pts',(-45.5230770781939,-222.897014147528,
25.660029263057));
#11810=CARTESIAN_POINT('Ctrl Pts',(-45.523526801633,-222.897221821716,26.4659977493309));
#11811=CARTESIAN_POINT('Ctrl Pts',(-45.5190257658458,-222.895477028931,
27.6749564875302));
#11812=CARTESIAN_POINT('Ctrl Pts',(-45.5184972858673,-222.895304745746,
28.8839253527967));
#11813=CARTESIAN_POINT('Ctrl Pts',(-45.5195622458243,-222.895958560268,
29.2869155265937));
#11814=CARTESIAN_POINT('Ctrl Pts',(-45.5194707156844,-222.895700706058,
30.0928975977401));
#11815=CARTESIAN_POINT('Ctrl Pts',(-45.5133664401707,-222.893299947158,
30.8988844686292));
#11816=CARTESIAN_POINT('Ctrl Pts',(-45.5075976238032,-222.892383148625,
31.3018773061526));
#11817=CARTESIAN_POINT('Ctrl Pts',(-45.5090051668829,-222.893508006789,
31.7048720597808));
#11818=CARTESIAN_POINT('Ctrl Pts',(-45.5178841817596,-222.896689118897,
32.1078688899302));
#11819=CARTESIAN_POINT('Ctrl Pts',(-18.3593642711639,-209.038906097412,
47.979998588562));
#11820=CARTESIAN_POINT('Ctrl Pts',(-18.3593642711639,-209.038906097412,
58.6466646194458));
#11821=CARTESIAN_POINT('Ctrl Pts',(-18.3593642711639,-209.038906097412,
69.3133306503296));
#11822=CARTESIAN_POINT('Ctrl Pts',(-18.3593642711639,-209.038906097412,
79.9799966812134));
#11823=CARTESIAN_POINT('Ctrl Pts',(-15.3579072605798,-207.351123147774,
47.979998588562));
#11824=CARTESIAN_POINT('Ctrl Pts',(-15.3579371391756,-207.351135596967,
58.6466646194458));
#11825=CARTESIAN_POINT('Ctrl Pts',(-15.3579225757007,-207.351136111967,
69.3133306503296));
#11826=CARTESIAN_POINT('Ctrl Pts',(-15.3579524542966,-207.35114856116,79.9799966812134));
#11827=CARTESIAN_POINT('Ctrl Pts',(-6.05225957055459,-203.258009177448,
47.979998588562));
#11828=CARTESIAN_POINT('Ctrl Pts',(-6.05229763378431,-203.258033036734,
58.6466646194458));
#11829=CARTESIAN_POINT('Ctrl Pts',(-6.05233848838068,-203.258052200433,
69.3133306503296));
#11830=CARTESIAN_POINT('Ctrl Pts',(-6.0523765516104,-203.258076059719,79.9799966812134));
#11831=CARTESIAN_POINT('Ctrl Pts',(-16.825960337593,-195.776493304384,47.979998588562));
#11832=CARTESIAN_POINT('Ctrl Pts',(-16.8258137661546,-195.776586615903,
58.6466646194458));
#11833=CARTESIAN_POINT('Ctrl Pts',(-16.8256532229422,-195.776681150301,
69.3133306503296));
#11834=CARTESIAN_POINT('Ctrl Pts',(-16.8255066515038,-195.776774461819,
79.9799966812134));
#11835=CARTESIAN_POINT('Ctrl Pts',(-23.6305048196061,-190.262048076086,
47.979998588562));
#11836=CARTESIAN_POINT('Ctrl Pts',(-23.6303909203509,-190.262126993008,
58.6466646194458));
#11837=CARTESIAN_POINT('Ctrl Pts',(-23.630253932455,-190.2621897246,69.3133306503296));
#11838=CARTESIAN_POINT('Ctrl Pts',(-23.6301400331998,-190.262268641522,
79.9799966812134));
#11839=CARTESIAN_POINT('Ctrl Pts',(-27.6929944970098,-192.545861592045,
47.979998588562));
#11840=CARTESIAN_POINT('Ctrl Pts',(-27.6929256329003,-192.545680178562,
58.6466646194458));
#11841=CARTESIAN_POINT('Ctrl Pts',(-27.6928803558048,-192.545520423428,
69.3133306503296));
#11842=CARTESIAN_POINT('Ctrl Pts',(-27.6928114916954,-192.545339009945,
79.9799966812134));
#11843=CARTESIAN_POINT('Ctrl Pts',(-28.3534066526003,-197.586516486245,
47.979998588562));
#11844=CARTESIAN_POINT('Ctrl Pts',(-28.3533747270047,-197.586268858125,
58.6466646194458));
#11845=CARTESIAN_POINT('Ctrl Pts',(-28.353323516745,-197.586005489164,69.3133306503296));
#11846=CARTESIAN_POINT('Ctrl Pts',(-28.3532915911494,-197.585757861044,
79.9799966812134));
#11847=CARTESIAN_POINT('Ctrl Pts',(-29.1393661499023,-200.938911437988,
47.979998588562));
#11848=CARTESIAN_POINT('Ctrl Pts',(-29.1393188106352,-200.938709511222,
58.6466646194458));
#11849=CARTESIAN_POINT('Ctrl Pts',(-29.1392714713682,-200.938507584456,
69.3133306503296));
#11850=CARTESIAN_POINT('Ctrl Pts',(-29.1392241321011,-200.938305657689,
79.9799966812134));
#11851=CARTESIAN_POINT('Ctrl Pts',(-18.3593642711639,-209.038906097412,
-1.13686837721616E-12));
#11852=CARTESIAN_POINT('Ctrl Pts',(-18.3593642711639,-209.038906097412,
10.6600006421399));
#11853=CARTESIAN_POINT('Ctrl Pts',(-18.3593642711639,-209.038906097412,
21.320001284281));
#11854=CARTESIAN_POINT('Ctrl Pts',(-18.3593642711639,-209.038906097412,
31.9800019264221));
#11855=CARTESIAN_POINT('Ctrl Pts',(-15.357952453666,-207.351148560805,-1.13686837721616E-12));
#11856=CARTESIAN_POINT('Ctrl Pts',(-15.357922575487,-207.351136111787,10.6600006421399));
#11857=CARTESIAN_POINT('Ctrl Pts',(-15.3579371387587,-207.351135596793,
21.320001284281));
#11858=CARTESIAN_POINT('Ctrl Pts',(-15.3579072605798,-207.351123147774,
31.9800019264221));
#11859=CARTESIAN_POINT('Ctrl Pts',(-6.052376992021,-203.258076061124,-1.13686837721616E-12));
#11860=CARTESIAN_POINT('Ctrl Pts',(-6.05233892932235,-203.258052202171,
10.66000064214));
#11861=CARTESIAN_POINT('Ctrl Pts',(-6.05229748641198,-203.258032837907,
21.320001284281));
#11862=CARTESIAN_POINT('Ctrl Pts',(-6.05225942371333,-203.258008978954,
31.9800019264221));
#11863=CARTESIAN_POINT('Ctrl Pts',(-16.8255070891716,-195.776774461548,
-1.13686837721616E-12));
#11864=CARTESIAN_POINT('Ctrl Pts',(-16.825653658565,-195.776681151332,10.6600006421399));
#11865=CARTESIAN_POINT('Ctrl Pts',(-16.8258136278289,-195.776586432019,
21.320001284281));
#11866=CARTESIAN_POINT('Ctrl Pts',(-16.8259601972223,-195.776493121802,
31.9800019264221));
#11867=CARTESIAN_POINT('Ctrl Pts',(-23.6301403203141,-190.262268641017,
-1.13686837721616E-12));
#11868=CARTESIAN_POINT('Ctrl Pts',(-23.6302542179802,-190.262189725196,
10.6600006421399));
#11869=CARTESIAN_POINT('Ctrl Pts',(-23.6303908790959,-190.26212693978,21.320001284281));
#11870=CARTESIAN_POINT('Ctrl Pts',(-23.630504776762,-190.262048023959,31.9800019264221));
#11871=CARTESIAN_POINT('Ctrl Pts',(-27.6928117274918,-192.545339015092,
-1.13686837721616E-12));
#11872=CARTESIAN_POINT('Ctrl Pts',(-27.6928805906404,-192.545520426044,
10.66000064214));
#11873=CARTESIAN_POINT('Ctrl Pts',(-27.692925620357,-192.545680160381,21.320001284281));
#11874=CARTESIAN_POINT('Ctrl Pts',(-27.6929944835056,-192.545861571333,
31.9800019264221));
#11875=CARTESIAN_POINT('Ctrl Pts',(-28.3532915922594,-197.585757869516,
-1.13686837721616E-12));
#11876=CARTESIAN_POINT('Ctrl Pts',(-28.3533235174096,-197.586005494181,
10.6600006421399));
#11877=CARTESIAN_POINT('Ctrl Pts',(-28.3533747269548,-197.586268859467,
21.320001284281));
#11878=CARTESIAN_POINT('Ctrl Pts',(-28.3534066521049,-197.586516484132,
31.9800019264221));
#11879=CARTESIAN_POINT('Ctrl Pts',(-29.1392241340825,-200.938305666141,
-1.13686837721616E-12));
#11880=CARTESIAN_POINT('Ctrl Pts',(-29.1392714726891,-200.93850759009,10.6600006421399));
#11881=CARTESIAN_POINT('Ctrl Pts',(-29.1393188112957,-200.938709514039,
21.320001284281));
#11882=CARTESIAN_POINT('Ctrl Pts',(-29.1393661499023,-200.938911437988,
31.9800019264221));
#11883=UNCERTAINTY_MEASURE_WITH_UNIT(LENGTH_MEASURE(0.01),#11887,
'DISTANCE_ACCURACY_VALUE',
'Maximum model space distance between geometric entities at asserted c
onnectivities');
#11884=UNCERTAINTY_MEASURE_WITH_UNIT(LENGTH_MEASURE(0.01),#11887,
'DISTANCE_ACCURACY_VALUE',
'Maximum model space distance between geometric entities at asserted c
onnectivities');
#11885=(
GEOMETRIC_REPRESENTATION_CONTEXT(3)
GLOBAL_UNCERTAINTY_ASSIGNED_CONTEXT((#11883))
GLOBAL_UNIT_ASSIGNED_CONTEXT((#11887,#11889,#11890))
REPRESENTATION_CONTEXT('','3D')
);
#11886=(
GEOMETRIC_REPRESENTATION_CONTEXT(3)
GLOBAL_UNCERTAINTY_ASSIGNED_CONTEXT((#11884))
GLOBAL_UNIT_ASSIGNED_CONTEXT((#11887,#11889,#11890))
REPRESENTATION_CONTEXT('','3D')
);
#11887=(
LENGTH_UNIT()
NAMED_UNIT(*)
SI_UNIT(.MILLI.,.METRE.)
);
#11888=(
LENGTH_UNIT()
NAMED_UNIT(*)
SI_UNIT($,.METRE.)
);
#11889=(
NAMED_UNIT(*)
PLANE_ANGLE_UNIT()
SI_UNIT($,.RADIAN.)
);
#11890=(
NAMED_UNIT(*)
SI_UNIT($,.STERADIAN.)
SOLID_ANGLE_UNIT()
);
#11891=SHAPE_DEFINITION_REPRESENTATION(#11892,#11893);
#11892=PRODUCT_DEFINITION_SHAPE('',$,#11895);
#11893=SHAPE_REPRESENTATION('',(#2499),#11885);
#11894=PRODUCT_DEFINITION_CONTEXT('part definition',#11899,'design');
#11895=PRODUCT_DEFINITION('AngleBeam','AngleBeam v2',#11896,#11894);
#11896=PRODUCT_DEFINITION_FORMATION('',$,#11901);
#11897=PRODUCT_RELATED_PRODUCT_CATEGORY('AngleBeam v2','AngleBeam v2',(#11901));
#11898=APPLICATION_PROTOCOL_DEFINITION('international standard',
'automotive_design',2009,#11899);
#11899=APPLICATION_CONTEXT(
'Core Data for Automotive Mechanical Design Process');
#11900=PRODUCT_CONTEXT('part definition',#11899,'mechanical');
#11901=PRODUCT('AngleBeam','AngleBeam v2',$,(#11900));
#11902=PRESENTATION_STYLE_ASSIGNMENT((#11903));
#11903=SURFACE_STYLE_USAGE(.BOTH.,#11904);
#11904=SURFACE_SIDE_STYLE('',(#11905));
#11905=SURFACE_STYLE_FILL_AREA(#11906);
#11906=FILL_AREA_STYLE('Steel - Satin',(#11907));
#11907=FILL_AREA_STYLE_COLOUR('Steel - Satin',#11908);
#11908=COLOUR_RGB('Steel - Satin',0.627450980392157,0.627450980392157,0.627450980392157);
ENDSEC;
END-ISO-10303-21;
