ISO-10303-21;
HEADER;
/* Generated by software containing ST-Developer
 * from STEP Tools, Inc. (www.steptools.com) 
 */

FILE_DESCRIPTION(
/* description */ (''),
/* implementation_level */ '2;1');

FILE_NAME(
/* name */ 'MotorMountV3.step',
/* time_stamp */ '2026-08-28T13:28:01+07:00',
/* author */ (''),
/* organization */ (''),
/* preprocessor_version */ 'ST-DEVELOPER v20.1',
/* originating_system */ 'Autodesk Translation Framework v15.8.0.0',
/* authorisation */ '');

FILE_SCHEMA (('AUTOMOTIVE_DESIGN { 1 0 10303 214 3 1 1 }'));
ENDSEC;

DATA;
#10=MECHANICAL_DESIGN_GEOMETRIC_PRESENTATION_REPRESENTATION('',(#13),#10219);
#11=SHAPE_REPRESENTATION_RELATIONSHIP('SRR','None',#10235,#12);
#12=ADVANCED_BREP_SHAPE_REPRESENTATION('',(#14),#10215);
#13=STYLED_ITEM('',(#10259),#14);
#14=MANIFOLD_SOLID_BREP('Mt',#5776);
#15=TOROIDAL_SURFACE('',#6161,0.35,0.01);
#16=TOROIDAL_SURFACE('',#6165,0.35,0.01);
#17=TOROIDAL_SURFACE('',#6502,0.35,0.01);
#18=TOROIDAL_SURFACE('',#6506,0.35,0.01);
#19=TOROIDAL_SURFACE('',#6549,0.375000007032136,0.2);
#20=TOROIDAL_SURFACE('',#6555,0.375000003680729,0.2);
#21=FACE_BOUND('',#559,.T.);
#22=FACE_BOUND('',#564,.T.);
#23=FACE_BOUND('',#565,.T.);
#24=FACE_BOUND('',#566,.T.);
#25=FACE_BOUND('',#567,.T.);
#26=FACE_BOUND('',#568,.T.);
#27=FACE_BOUND('',#569,.T.);
#28=FACE_BOUND('',#570,.T.);
#29=FACE_BOUND('',#571,.T.);
#30=FACE_BOUND('',#572,.T.);
#31=FACE_BOUND('',#573,.T.);
#32=FACE_BOUND('',#574,.T.);
#33=FACE_BOUND('',#575,.T.);
#34=FACE_BOUND('',#577,.T.);
#35=FACE_BOUND('',#578,.T.);
#36=FACE_BOUND('',#579,.T.);
#37=FACE_BOUND('',#580,.T.);
#38=FACE_BOUND('',#581,.T.);
#39=FACE_BOUND('',#582,.T.);
#40=FACE_BOUND('',#583,.T.);
#41=FACE_BOUND('',#584,.T.);
#42=FACE_BOUND('',#585,.T.);
#43=FACE_BOUND('',#586,.T.);
#44=FACE_BOUND('',#587,.T.);
#45=FACE_BOUND('',#588,.T.);
#46=FACE_BOUND('',#685,.T.);
#47=FACE_BOUND('',#688,.T.);
#48=FACE_BOUND('',#691,.T.);
#49=FACE_BOUND('',#694,.T.);
#50=FACE_BOUND('',#697,.T.);
#51=FACE_BOUND('',#717,.T.);
#52=FACE_BOUND('',#720,.T.);
#53=FACE_BOUND('',#723,.T.);
#54=FACE_BOUND('',#726,.T.);
#55=FACE_BOUND('',#729,.T.);
#56=FACE_BOUND('',#737,.T.);
#57=FACE_BOUND('',#739,.T.);
#58=FACE_BOUND('',#749,.T.);
#59=FACE_BOUND('',#750,.T.);
#60=FACE_BOUND('',#751,.T.);
#61=FACE_BOUND('',#752,.T.);
#62=FACE_BOUND('',#753,.T.);
#63=FACE_BOUND('',#754,.T.);
#64=FACE_BOUND('',#755,.T.);
#65=FACE_BOUND('',#756,.T.);
#66=FACE_BOUND('',#757,.T.);
#67=FACE_BOUND('',#758,.T.);
#68=FACE_BOUND('',#759,.T.);
#69=FACE_BOUND('',#760,.T.);
#70=FACE_BOUND('',#762,.T.);
#71=FACE_BOUND('',#763,.T.);
#72=FACE_BOUND('',#764,.T.);
#73=FACE_BOUND('',#765,.T.);
#74=FACE_BOUND('',#766,.T.);
#75=FACE_BOUND('',#767,.T.);
#76=FACE_BOUND('',#768,.T.);
#77=FACE_BOUND('',#769,.T.);
#78=FACE_BOUND('',#770,.T.);
#79=FACE_BOUND('',#771,.T.);
#80=FACE_BOUND('',#772,.T.);
#81=FACE_BOUND('',#773,.T.);
#82=FACE_BOUND('',#870,.T.);
#83=FACE_BOUND('',#873,.T.);
#84=FACE_BOUND('',#876,.T.);
#85=FACE_BOUND('',#879,.T.);
#86=FACE_BOUND('',#882,.T.);
#87=FACE_BOUND('',#902,.T.);
#88=FACE_BOUND('',#905,.T.);
#89=FACE_BOUND('',#908,.T.);
#90=FACE_BOUND('',#911,.T.);
#91=FACE_BOUND('',#914,.T.);
#92=FACE_BOUND('',#922,.T.);
#93=FACE_BOUND('',#924,.T.);
#94=FACE_BOUND('',#932,.T.);
#95=FACE_BOUND('',#937,.T.);
#96=FACE_BOUND('',#938,.T.);
#97=FACE_BOUND('',#951,.T.);
#98=FACE_BOUND('',#952,.T.);
#99=FACE_BOUND('',#953,.T.);
#100=FACE_BOUND('',#954,.T.);
#101=FACE_BOUND('',#966,.T.);
#102=FACE_BOUND('',#967,.T.);
#103=FACE_BOUND('',#968,.T.);
#104=FACE_BOUND('',#969,.T.);
#105=PLANE('',#5822);
#106=PLANE('',#5828);
#107=PLANE('',#5832);
#108=PLANE('',#5876);
#109=PLANE('',#5923);
#110=PLANE('',#5933);
#111=PLANE('',#5937);
#112=PLANE('',#5945);
#113=PLANE('',#5956);
#114=PLANE('',#5967);
#115=PLANE('',#5978);
#116=PLANE('',#5989);
#117=PLANE('',#6008);
#118=PLANE('',#6015);
#119=PLANE('',#6026);
#120=PLANE('',#6029);
#121=PLANE('',#6036);
#122=PLANE('',#6043);
#123=PLANE('',#6050);
#124=PLANE('',#6057);
#125=PLANE('',#6064);
#126=PLANE('',#6071);
#127=PLANE('',#6078);
#128=PLANE('',#6085);
#129=PLANE('',#6092);
#130=PLANE('',#6096);
#131=PLANE('',#6100);
#132=PLANE('',#6104);
#133=PLANE('',#6108);
#134=PLANE('',#6110);
#135=PLANE('',#6111);
#136=PLANE('',#6112);
#137=PLANE('',#6113);
#138=PLANE('',#6114);
#139=PLANE('',#6115);
#140=PLANE('',#6116);
#141=PLANE('',#6117);
#142=PLANE('',#6118);
#143=PLANE('',#6119);
#144=PLANE('',#6120);
#145=PLANE('',#6121);
#146=PLANE('',#6122);
#147=PLANE('',#6123);
#148=PLANE('',#6124);
#149=PLANE('',#6125);
#150=PLANE('',#6126);
#151=PLANE('',#6129);
#152=PLANE('',#6133);
#153=PLANE('',#6137);
#154=PLANE('',#6141);
#155=PLANE('',#6145);
#156=PLANE('',#6155);
#157=PLANE('',#6157);
#158=PLANE('',#6169);
#159=PLANE('',#6173);
#160=PLANE('',#6217);
#161=PLANE('',#6264);
#162=PLANE('',#6274);
#163=PLANE('',#6278);
#164=PLANE('',#6286);
#165=PLANE('',#6297);
#166=PLANE('',#6308);
#167=PLANE('',#6319);
#168=PLANE('',#6330);
#169=PLANE('',#6349);
#170=PLANE('',#6356);
#171=PLANE('',#6367);
#172=PLANE('',#6370);
#173=PLANE('',#6377);
#174=PLANE('',#6384);
#175=PLANE('',#6391);
#176=PLANE('',#6398);
#177=PLANE('',#6405);
#178=PLANE('',#6412);
#179=PLANE('',#6419);
#180=PLANE('',#6426);
#181=PLANE('',#6433);
#182=PLANE('',#6437);
#183=PLANE('',#6441);
#184=PLANE('',#6445);
#185=PLANE('',#6449);
#186=PLANE('',#6451);
#187=PLANE('',#6452);
#188=PLANE('',#6453);
#189=PLANE('',#6454);
#190=PLANE('',#6455);
#191=PLANE('',#6456);
#192=PLANE('',#6457);
#193=PLANE('',#6458);
#194=PLANE('',#6459);
#195=PLANE('',#6460);
#196=PLANE('',#6461);
#197=PLANE('',#6462);
#198=PLANE('',#6463);
#199=PLANE('',#6464);
#200=PLANE('',#6465);
#201=PLANE('',#6466);
#202=PLANE('',#6467);
#203=PLANE('',#6470);
#204=PLANE('',#6474);
#205=PLANE('',#6478);
#206=PLANE('',#6482);
#207=PLANE('',#6486);
#208=PLANE('',#6496);
#209=PLANE('',#6498);
#210=PLANE('',#6510);
#211=PLANE('',#6516);
#212=PLANE('',#6517);
#213=PLANE('',#6518);
#214=PLANE('',#6523);
#215=PLANE('',#6524);
#216=PLANE('',#6531);
#217=PLANE('',#6532);
#218=PLANE('',#6535);
#219=PLANE('',#6536);
#220=PLANE('',#6538);
#221=PLANE('',#6545);
#222=PLANE('',#6558);
#223=PLANE('',#6559);
#224=PLANE('',#6560);
#225=PLANE('',#6561);
#226=FACE_OUTER_BOUND('',#556,.T.);
#227=FACE_OUTER_BOUND('',#557,.T.);
#228=FACE_OUTER_BOUND('',#558,.T.);
#229=FACE_OUTER_BOUND('',#560,.T.);
#230=FACE_OUTER_BOUND('',#561,.T.);
#231=FACE_OUTER_BOUND('',#562,.T.);
#232=FACE_OUTER_BOUND('',#563,.T.);
#233=FACE_OUTER_BOUND('',#576,.T.);
#234=FACE_OUTER_BOUND('',#589,.T.);
#235=FACE_OUTER_BOUND('',#590,.T.);
#236=FACE_OUTER_BOUND('',#591,.T.);
#237=FACE_OUTER_BOUND('',#592,.T.);
#238=FACE_OUTER_BOUND('',#593,.T.);
#239=FACE_OUTER_BOUND('',#594,.T.);
#240=FACE_OUTER_BOUND('',#595,.T.);
#241=FACE_OUTER_BOUND('',#596,.T.);
#242=FACE_OUTER_BOUND('',#597,.T.);
#243=FACE_OUTER_BOUND('',#598,.T.);
#244=FACE_OUTER_BOUND('',#599,.T.);
#245=FACE_OUTER_BOUND('',#600,.T.);
#246=FACE_OUTER_BOUND('',#601,.T.);
#247=FACE_OUTER_BOUND('',#602,.T.);
#248=FACE_OUTER_BOUND('',#603,.T.);
#249=FACE_OUTER_BOUND('',#604,.T.);
#250=FACE_OUTER_BOUND('',#605,.T.);
#251=FACE_OUTER_BOUND('',#606,.T.);
#252=FACE_OUTER_BOUND('',#607,.T.);
#253=FACE_OUTER_BOUND('',#608,.T.);
#254=FACE_OUTER_BOUND('',#609,.T.);
#255=FACE_OUTER_BOUND('',#610,.T.);
#256=FACE_OUTER_BOUND('',#611,.T.);
#257=FACE_OUTER_BOUND('',#612,.T.);
#258=FACE_OUTER_BOUND('',#613,.T.);
#259=FACE_OUTER_BOUND('',#614,.T.);
#260=FACE_OUTER_BOUND('',#615,.T.);
#261=FACE_OUTER_BOUND('',#616,.T.);
#262=FACE_OUTER_BOUND('',#617,.T.);
#263=FACE_OUTER_BOUND('',#618,.T.);
#264=FACE_OUTER_BOUND('',#619,.T.);
#265=FACE_OUTER_BOUND('',#620,.T.);
#266=FACE_OUTER_BOUND('',#621,.T.);
#267=FACE_OUTER_BOUND('',#622,.T.);
#268=FACE_OUTER_BOUND('',#623,.T.);
#269=FACE_OUTER_BOUND('',#624,.T.);
#270=FACE_OUTER_BOUND('',#625,.T.);
#271=FACE_OUTER_BOUND('',#626,.T.);
#272=FACE_OUTER_BOUND('',#627,.T.);
#273=FACE_OUTER_BOUND('',#628,.T.);
#274=FACE_OUTER_BOUND('',#629,.T.);
#275=FACE_OUTER_BOUND('',#630,.T.);
#276=FACE_OUTER_BOUND('',#631,.T.);
#277=FACE_OUTER_BOUND('',#632,.T.);
#278=FACE_OUTER_BOUND('',#633,.T.);
#279=FACE_OUTER_BOUND('',#634,.T.);
#280=FACE_OUTER_BOUND('',#635,.T.);
#281=FACE_OUTER_BOUND('',#636,.T.);
#282=FACE_OUTER_BOUND('',#637,.T.);
#283=FACE_OUTER_BOUND('',#638,.T.);
#284=FACE_OUTER_BOUND('',#639,.T.);
#285=FACE_OUTER_BOUND('',#640,.T.);
#286=FACE_OUTER_BOUND('',#641,.T.);
#287=FACE_OUTER_BOUND('',#642,.T.);
#288=FACE_OUTER_BOUND('',#643,.T.);
#289=FACE_OUTER_BOUND('',#644,.T.);
#290=FACE_OUTER_BOUND('',#645,.T.);
#291=FACE_OUTER_BOUND('',#646,.T.);
#292=FACE_OUTER_BOUND('',#647,.T.);
#293=FACE_OUTER_BOUND('',#648,.T.);
#294=FACE_OUTER_BOUND('',#649,.T.);
#295=FACE_OUTER_BOUND('',#650,.T.);
#296=FACE_OUTER_BOUND('',#651,.T.);
#297=FACE_OUTER_BOUND('',#652,.T.);
#298=FACE_OUTER_BOUND('',#653,.T.);
#299=FACE_OUTER_BOUND('',#654,.T.);
#300=FACE_OUTER_BOUND('',#655,.T.);
#301=FACE_OUTER_BOUND('',#656,.T.);
#302=FACE_OUTER_BOUND('',#657,.T.);
#303=FACE_OUTER_BOUND('',#658,.T.);
#304=FACE_OUTER_BOUND('',#659,.T.);
#305=FACE_OUTER_BOUND('',#660,.T.);
#306=FACE_OUTER_BOUND('',#661,.T.);
#307=FACE_OUTER_BOUND('',#662,.T.);
#308=FACE_OUTER_BOUND('',#663,.T.);
#309=FACE_OUTER_BOUND('',#664,.T.);
#310=FACE_OUTER_BOUND('',#665,.T.);
#311=FACE_OUTER_BOUND('',#666,.T.);
#312=FACE_OUTER_BOUND('',#667,.T.);
#313=FACE_OUTER_BOUND('',#668,.T.);
#314=FACE_OUTER_BOUND('',#669,.T.);
#315=FACE_OUTER_BOUND('',#670,.T.);
#316=FACE_OUTER_BOUND('',#671,.T.);
#317=FACE_OUTER_BOUND('',#672,.T.);
#318=FACE_OUTER_BOUND('',#673,.T.);
#319=FACE_OUTER_BOUND('',#674,.T.);
#320=FACE_OUTER_BOUND('',#675,.T.);
#321=FACE_OUTER_BOUND('',#676,.T.);
#322=FACE_OUTER_BOUND('',#677,.T.);
#323=FACE_OUTER_BOUND('',#678,.T.);
#324=FACE_OUTER_BOUND('',#679,.T.);
#325=FACE_OUTER_BOUND('',#680,.T.);
#326=FACE_OUTER_BOUND('',#681,.T.);
#327=FACE_OUTER_BOUND('',#682,.T.);
#328=FACE_OUTER_BOUND('',#683,.T.);
#329=FACE_OUTER_BOUND('',#684,.T.);
#330=FACE_OUTER_BOUND('',#686,.T.);
#331=FACE_OUTER_BOUND('',#687,.T.);
#332=FACE_OUTER_BOUND('',#689,.T.);
#333=FACE_OUTER_BOUND('',#690,.T.);
#334=FACE_OUTER_BOUND('',#692,.T.);
#335=FACE_OUTER_BOUND('',#693,.T.);
#336=FACE_OUTER_BOUND('',#695,.T.);
#337=FACE_OUTER_BOUND('',#696,.T.);
#338=FACE_OUTER_BOUND('',#698,.T.);
#339=FACE_OUTER_BOUND('',#699,.T.);
#340=FACE_OUTER_BOUND('',#700,.T.);
#341=FACE_OUTER_BOUND('',#701,.T.);
#342=FACE_OUTER_BOUND('',#702,.T.);
#343=FACE_OUTER_BOUND('',#703,.T.);
#344=FACE_OUTER_BOUND('',#704,.T.);
#345=FACE_OUTER_BOUND('',#705,.T.);
#346=FACE_OUTER_BOUND('',#706,.T.);
#347=FACE_OUTER_BOUND('',#707,.T.);
#348=FACE_OUTER_BOUND('',#708,.T.);
#349=FACE_OUTER_BOUND('',#709,.T.);
#350=FACE_OUTER_BOUND('',#710,.T.);
#351=FACE_OUTER_BOUND('',#711,.T.);
#352=FACE_OUTER_BOUND('',#712,.T.);
#353=FACE_OUTER_BOUND('',#713,.T.);
#354=FACE_OUTER_BOUND('',#714,.T.);
#355=FACE_OUTER_BOUND('',#715,.T.);
#356=FACE_OUTER_BOUND('',#716,.T.);
#357=FACE_OUTER_BOUND('',#718,.T.);
#358=FACE_OUTER_BOUND('',#719,.T.);
#359=FACE_OUTER_BOUND('',#721,.T.);
#360=FACE_OUTER_BOUND('',#722,.T.);
#361=FACE_OUTER_BOUND('',#724,.T.);
#362=FACE_OUTER_BOUND('',#725,.T.);
#363=FACE_OUTER_BOUND('',#727,.T.);
#364=FACE_OUTER_BOUND('',#728,.T.);
#365=FACE_OUTER_BOUND('',#730,.T.);
#366=FACE_OUTER_BOUND('',#731,.T.);
#367=FACE_OUTER_BOUND('',#732,.T.);
#368=FACE_OUTER_BOUND('',#733,.T.);
#369=FACE_OUTER_BOUND('',#734,.T.);
#370=FACE_OUTER_BOUND('',#735,.T.);
#371=FACE_OUTER_BOUND('',#736,.T.);
#372=FACE_OUTER_BOUND('',#738,.T.);
#373=FACE_OUTER_BOUND('',#740,.T.);
#374=FACE_OUTER_BOUND('',#741,.T.);
#375=FACE_OUTER_BOUND('',#742,.T.);
#376=FACE_OUTER_BOUND('',#743,.T.);
#377=FACE_OUTER_BOUND('',#744,.T.);
#378=FACE_OUTER_BOUND('',#745,.T.);
#379=FACE_OUTER_BOUND('',#746,.T.);
#380=FACE_OUTER_BOUND('',#747,.T.);
#381=FACE_OUTER_BOUND('',#748,.T.);
#382=FACE_OUTER_BOUND('',#761,.T.);
#383=FACE_OUTER_BOUND('',#774,.T.);
#384=FACE_OUTER_BOUND('',#775,.T.);
#385=FACE_OUTER_BOUND('',#776,.T.);
#386=FACE_OUTER_BOUND('',#777,.T.);
#387=FACE_OUTER_BOUND('',#778,.T.);
#388=FACE_OUTER_BOUND('',#779,.T.);
#389=FACE_OUTER_BOUND('',#780,.T.);
#390=FACE_OUTER_BOUND('',#781,.T.);
#391=FACE_OUTER_BOUND('',#782,.T.);
#392=FACE_OUTER_BOUND('',#783,.T.);
#393=FACE_OUTER_BOUND('',#784,.T.);
#394=FACE_OUTER_BOUND('',#785,.T.);
#395=FACE_OUTER_BOUND('',#786,.T.);
#396=FACE_OUTER_BOUND('',#787,.T.);
#397=FACE_OUTER_BOUND('',#788,.T.);
#398=FACE_OUTER_BOUND('',#789,.T.);
#399=FACE_OUTER_BOUND('',#790,.T.);
#400=FACE_OUTER_BOUND('',#791,.T.);
#401=FACE_OUTER_BOUND('',#792,.T.);
#402=FACE_OUTER_BOUND('',#793,.T.);
#403=FACE_OUTER_BOUND('',#794,.T.);
#404=FACE_OUTER_BOUND('',#795,.T.);
#405=FACE_OUTER_BOUND('',#796,.T.);
#406=FACE_OUTER_BOUND('',#797,.T.);
#407=FACE_OUTER_BOUND('',#798,.T.);
#408=FACE_OUTER_BOUND('',#799,.T.);
#409=FACE_OUTER_BOUND('',#800,.T.);
#410=FACE_OUTER_BOUND('',#801,.T.);
#411=FACE_OUTER_BOUND('',#802,.T.);
#412=FACE_OUTER_BOUND('',#803,.T.);
#413=FACE_OUTER_BOUND('',#804,.T.);
#414=FACE_OUTER_BOUND('',#805,.T.);
#415=FACE_OUTER_BOUND('',#806,.T.);
#416=FACE_OUTER_BOUND('',#807,.T.);
#417=FACE_OUTER_BOUND('',#808,.T.);
#418=FACE_OUTER_BOUND('',#809,.T.);
#419=FACE_OUTER_BOUND('',#810,.T.);
#420=FACE_OUTER_BOUND('',#811,.T.);
#421=FACE_OUTER_BOUND('',#812,.T.);
#422=FACE_OUTER_BOUND('',#813,.T.);
#423=FACE_OUTER_BOUND('',#814,.T.);
#424=FACE_OUTER_BOUND('',#815,.T.);
#425=FACE_OUTER_BOUND('',#816,.T.);
#426=FACE_OUTER_BOUND('',#817,.T.);
#427=FACE_OUTER_BOUND('',#818,.T.);
#428=FACE_OUTER_BOUND('',#819,.T.);
#429=FACE_OUTER_BOUND('',#820,.T.);
#430=FACE_OUTER_BOUND('',#821,.T.);
#431=FACE_OUTER_BOUND('',#822,.T.);
#432=FACE_OUTER_BOUND('',#823,.T.);
#433=FACE_OUTER_BOUND('',#824,.T.);
#434=FACE_OUTER_BOUND('',#825,.T.);
#435=FACE_OUTER_BOUND('',#826,.T.);
#436=FACE_OUTER_BOUND('',#827,.T.);
#437=FACE_OUTER_BOUND('',#828,.T.);
#438=FACE_OUTER_BOUND('',#829,.T.);
#439=FACE_OUTER_BOUND('',#830,.T.);
#440=FACE_OUTER_BOUND('',#831,.T.);
#441=FACE_OUTER_BOUND('',#832,.T.);
#442=FACE_OUTER_BOUND('',#833,.T.);
#443=FACE_OUTER_BOUND('',#834,.T.);
#444=FACE_OUTER_BOUND('',#835,.T.);
#445=FACE_OUTER_BOUND('',#836,.T.);
#446=FACE_OUTER_BOUND('',#837,.T.);
#447=FACE_OUTER_BOUND('',#838,.T.);
#448=FACE_OUTER_BOUND('',#839,.T.);
#449=FACE_OUTER_BOUND('',#840,.T.);
#450=FACE_OUTER_BOUND('',#841,.T.);
#451=FACE_OUTER_BOUND('',#842,.T.);
#452=FACE_OUTER_BOUND('',#843,.T.);
#453=FACE_OUTER_BOUND('',#844,.T.);
#454=FACE_OUTER_BOUND('',#845,.T.);
#455=FACE_OUTER_BOUND('',#846,.T.);
#456=FACE_OUTER_BOUND('',#847,.T.);
#457=FACE_OUTER_BOUND('',#848,.T.);
#458=FACE_OUTER_BOUND('',#849,.T.);
#459=FACE_OUTER_BOUND('',#850,.T.);
#460=FACE_OUTER_BOUND('',#851,.T.);
#461=FACE_OUTER_BOUND('',#852,.T.);
#462=FACE_OUTER_BOUND('',#853,.T.);
#463=FACE_OUTER_BOUND('',#854,.T.);
#464=FACE_OUTER_BOUND('',#855,.T.);
#465=FACE_OUTER_BOUND('',#856,.T.);
#466=FACE_OUTER_BOUND('',#857,.T.);
#467=FACE_OUTER_BOUND('',#858,.T.);
#468=FACE_OUTER_BOUND('',#859,.T.);
#469=FACE_OUTER_BOUND('',#860,.T.);
#470=FACE_OUTER_BOUND('',#861,.T.);
#471=FACE_OUTER_BOUND('',#862,.T.);
#472=FACE_OUTER_BOUND('',#863,.T.);
#473=FACE_OUTER_BOUND('',#864,.T.);
#474=FACE_OUTER_BOUND('',#865,.T.);
#475=FACE_OUTER_BOUND('',#866,.T.);
#476=FACE_OUTER_BOUND('',#867,.T.);
#477=FACE_OUTER_BOUND('',#868,.T.);
#478=FACE_OUTER_BOUND('',#869,.T.);
#479=FACE_OUTER_BOUND('',#871,.T.);
#480=FACE_OUTER_BOUND('',#872,.T.);
#481=FACE_OUTER_BOUND('',#874,.T.);
#482=FACE_OUTER_BOUND('',#875,.T.);
#483=FACE_OUTER_BOUND('',#877,.T.);
#484=FACE_OUTER_BOUND('',#878,.T.);
#485=FACE_OUTER_BOUND('',#880,.T.);
#486=FACE_OUTER_BOUND('',#881,.T.);
#487=FACE_OUTER_BOUND('',#883,.T.);
#488=FACE_OUTER_BOUND('',#884,.T.);
#489=FACE_OUTER_BOUND('',#885,.T.);
#490=FACE_OUTER_BOUND('',#886,.T.);
#491=FACE_OUTER_BOUND('',#887,.T.);
#492=FACE_OUTER_BOUND('',#888,.T.);
#493=FACE_OUTER_BOUND('',#889,.T.);
#494=FACE_OUTER_BOUND('',#890,.T.);
#495=FACE_OUTER_BOUND('',#891,.T.);
#496=FACE_OUTER_BOUND('',#892,.T.);
#497=FACE_OUTER_BOUND('',#893,.T.);
#498=FACE_OUTER_BOUND('',#894,.T.);
#499=FACE_OUTER_BOUND('',#895,.T.);
#500=FACE_OUTER_BOUND('',#896,.T.);
#501=FACE_OUTER_BOUND('',#897,.T.);
#502=FACE_OUTER_BOUND('',#898,.T.);
#503=FACE_OUTER_BOUND('',#899,.T.);
#504=FACE_OUTER_BOUND('',#900,.T.);
#505=FACE_OUTER_BOUND('',#901,.T.);
#506=FACE_OUTER_BOUND('',#903,.T.);
#507=FACE_OUTER_BOUND('',#904,.T.);
#508=FACE_OUTER_BOUND('',#906,.T.);
#509=FACE_OUTER_BOUND('',#907,.T.);
#510=FACE_OUTER_BOUND('',#909,.T.);
#511=FACE_OUTER_BOUND('',#910,.T.);
#512=FACE_OUTER_BOUND('',#912,.T.);
#513=FACE_OUTER_BOUND('',#913,.T.);
#514=FACE_OUTER_BOUND('',#915,.T.);
#515=FACE_OUTER_BOUND('',#916,.T.);
#516=FACE_OUTER_BOUND('',#917,.T.);
#517=FACE_OUTER_BOUND('',#918,.T.);
#518=FACE_OUTER_BOUND('',#919,.T.);
#519=FACE_OUTER_BOUND('',#920,.T.);
#520=FACE_OUTER_BOUND('',#921,.T.);
#521=FACE_OUTER_BOUND('',#923,.T.);
#522=FACE_OUTER_BOUND('',#925,.T.);
#523=FACE_OUTER_BOUND('',#926,.T.);
#524=FACE_OUTER_BOUND('',#927,.T.);
#525=FACE_OUTER_BOUND('',#928,.T.);
#526=FACE_OUTER_BOUND('',#929,.T.);
#527=FACE_OUTER_BOUND('',#930,.T.);
#528=FACE_OUTER_BOUND('',#931,.T.);
#529=FACE_OUTER_BOUND('',#933,.T.);
#530=FACE_OUTER_BOUND('',#934,.T.);
#531=FACE_OUTER_BOUND('',#935,.T.);
#532=FACE_OUTER_BOUND('',#936,.T.);
#533=FACE_OUTER_BOUND('',#939,.T.);
#534=FACE_OUTER_BOUND('',#940,.T.);
#535=FACE_OUTER_BOUND('',#941,.T.);
#536=FACE_OUTER_BOUND('',#942,.T.);
#537=FACE_OUTER_BOUND('',#943,.T.);
#538=FACE_OUTER_BOUND('',#944,.T.);
#539=FACE_OUTER_BOUND('',#945,.T.);
#540=FACE_OUTER_BOUND('',#946,.T.);
#541=FACE_OUTER_BOUND('',#947,.T.);
#542=FACE_OUTER_BOUND('',#948,.T.);
#543=FACE_OUTER_BOUND('',#949,.T.);
#544=FACE_OUTER_BOUND('',#950,.T.);
#545=FACE_OUTER_BOUND('',#955,.T.);
#546=FACE_OUTER_BOUND('',#956,.T.);
#547=FACE_OUTER_BOUND('',#957,.T.);
#548=FACE_OUTER_BOUND('',#958,.T.);
#549=FACE_OUTER_BOUND('',#959,.T.);
#550=FACE_OUTER_BOUND('',#960,.T.);
#551=FACE_OUTER_BOUND('',#961,.T.);
#552=FACE_OUTER_BOUND('',#962,.T.);
#553=FACE_OUTER_BOUND('',#963,.T.);
#554=FACE_OUTER_BOUND('',#964,.T.);
#555=FACE_OUTER_BOUND('',#965,.T.);
#556=EDGE_LOOP('',(#3587,#3588,#3589,#3590));
#557=EDGE_LOOP('',(#3591,#3592,#3593,#3594,#3595,#3596));
#558=EDGE_LOOP('',(#3597,#3598,#3599,#3600,#3601,#3602,#3603,#3604));
#559=EDGE_LOOP('',(#3605));
#560=EDGE_LOOP('',(#3606,#3607,#3608,#3609));
#561=EDGE_LOOP('',(#3610,#3611,#3612,#3613));
#562=EDGE_LOOP('',(#3614,#3615,#3616,#3617));
#563=EDGE_LOOP('',(#3618,#3619,#3620,#3621));
#564=EDGE_LOOP('',(#3622,#3623,#3624,#3625,#3626,#3627,#3628,#3629));
#565=EDGE_LOOP('',(#3630,#3631,#3632,#3633,#3634,#3635,#3636,#3637));
#566=EDGE_LOOP('',(#3638,#3639,#3640,#3641,#3642,#3643,#3644,#3645));
#567=EDGE_LOOP('',(#3646,#3647,#3648,#3649,#3650,#3651,#3652,#3653));
#568=EDGE_LOOP('',(#3654,#3655,#3656,#3657,#3658,#3659,#3660,#3661));
#569=EDGE_LOOP('',(#3662,#3663,#3664,#3665,#3666,#3667,#3668,#3669));
#570=EDGE_LOOP('',(#3670));
#571=EDGE_LOOP('',(#3671));
#572=EDGE_LOOP('',(#3672));
#573=EDGE_LOOP('',(#3673));
#574=EDGE_LOOP('',(#3674));
#575=EDGE_LOOP('',(#3675));
#576=EDGE_LOOP('',(#3676,#3677,#3678,#3679));
#577=EDGE_LOOP('',(#3680));
#578=EDGE_LOOP('',(#3681,#3682,#3683,#3684,#3685,#3686,#3687,#3688));
#579=EDGE_LOOP('',(#3689,#3690,#3691,#3692,#3693,#3694,#3695,#3696));
#580=EDGE_LOOP('',(#3697,#3698,#3699,#3700,#3701,#3702,#3703,#3704));
#581=EDGE_LOOP('',(#3705,#3706,#3707,#3708,#3709,#3710,#3711,#3712));
#582=EDGE_LOOP('',(#3713,#3714,#3715,#3716,#3717,#3718,#3719,#3720));
#583=EDGE_LOOP('',(#3721,#3722,#3723,#3724,#3725,#3726,#3727,#3728));
#584=EDGE_LOOP('',(#3729));
#585=EDGE_LOOP('',(#3730));
#586=EDGE_LOOP('',(#3731));
#587=EDGE_LOOP('',(#3732));
#588=EDGE_LOOP('',(#3733));
#589=EDGE_LOOP('',(#3734,#3735,#3736,#3737));
#590=EDGE_LOOP('',(#3738,#3739,#3740,#3741));
#591=EDGE_LOOP('',(#3742,#3743,#3744,#3745));
#592=EDGE_LOOP('',(#3746,#3747,#3748,#3749));
#593=EDGE_LOOP('',(#3750,#3751,#3752,#3753));
#594=EDGE_LOOP('',(#3754,#3755,#3756,#3757));
#595=EDGE_LOOP('',(#3758,#3759,#3760,#3761,#3762,#3763,#3764,#3765));
#596=EDGE_LOOP('',(#3766,#3767,#3768,#3769));
#597=EDGE_LOOP('',(#3770,#3771,#3772,#3773));
#598=EDGE_LOOP('',(#3774,#3775,#3776,#3777));
#599=EDGE_LOOP('',(#3778,#3779,#3780,#3781));
#600=EDGE_LOOP('',(#3782,#3783,#3784,#3785));
#601=EDGE_LOOP('',(#3786,#3787,#3788,#3789,#3790,#3791,#3792,#3793));
#602=EDGE_LOOP('',(#3794,#3795,#3796,#3797));
#603=EDGE_LOOP('',(#3798,#3799,#3800,#3801));
#604=EDGE_LOOP('',(#3802,#3803,#3804,#3805));
#605=EDGE_LOOP('',(#3806,#3807,#3808,#3809));
#606=EDGE_LOOP('',(#3810,#3811,#3812,#3813,#3814,#3815,#3816,#3817));
#607=EDGE_LOOP('',(#3818,#3819,#3820,#3821));
#608=EDGE_LOOP('',(#3822,#3823,#3824,#3825));
#609=EDGE_LOOP('',(#3826,#3827,#3828,#3829));
#610=EDGE_LOOP('',(#3830,#3831,#3832,#3833));
#611=EDGE_LOOP('',(#3834,#3835,#3836,#3837,#3838,#3839,#3840,#3841));
#612=EDGE_LOOP('',(#3842,#3843,#3844,#3845));
#613=EDGE_LOOP('',(#3846,#3847,#3848,#3849));
#614=EDGE_LOOP('',(#3850,#3851,#3852,#3853));
#615=EDGE_LOOP('',(#3854,#3855,#3856,#3857));
#616=EDGE_LOOP('',(#3858,#3859,#3860,#3861,#3862,#3863,#3864,#3865));
#617=EDGE_LOOP('',(#3866,#3867,#3868,#3869));
#618=EDGE_LOOP('',(#3870,#3871,#3872,#3873));
#619=EDGE_LOOP('',(#3874,#3875,#3876,#3877));
#620=EDGE_LOOP('',(#3878,#3879,#3880,#3881));
#621=EDGE_LOOP('',(#3882,#3883,#3884,#3885,#3886,#3887,#3888,#3889));
#622=EDGE_LOOP('',(#3890,#3891,#3892,#3893));
#623=EDGE_LOOP('',(#3894,#3895,#3896,#3897));
#624=EDGE_LOOP('',(#3898,#3899,#3900,#3901));
#625=EDGE_LOOP('',(#3902,#3903,#3904,#3905));
#626=EDGE_LOOP('',(#3906,#3907,#3908,#3909));
#627=EDGE_LOOP('',(#3910,#3911,#3912,#3913));
#628=EDGE_LOOP('',(#3914,#3915,#3916,#3917));
#629=EDGE_LOOP('',(#3918,#3919,#3920,#3921));
#630=EDGE_LOOP('',(#3922,#3923,#3924,#3925));
#631=EDGE_LOOP('',(#3926,#3927,#3928,#3929));
#632=EDGE_LOOP('',(#3930,#3931,#3932,#3933));
#633=EDGE_LOOP('',(#3934,#3935,#3936,#3937));
#634=EDGE_LOOP('',(#3938,#3939,#3940,#3941));
#635=EDGE_LOOP('',(#3942,#3943,#3944,#3945));
#636=EDGE_LOOP('',(#3946,#3947,#3948,#3949));
#637=EDGE_LOOP('',(#3950,#3951,#3952,#3953));
#638=EDGE_LOOP('',(#3954,#3955,#3956,#3957));
#639=EDGE_LOOP('',(#3958,#3959,#3960,#3961));
#640=EDGE_LOOP('',(#3962,#3963,#3964,#3965));
#641=EDGE_LOOP('',(#3966,#3967,#3968,#3969));
#642=EDGE_LOOP('',(#3970,#3971,#3972,#3973));
#643=EDGE_LOOP('',(#3974,#3975,#3976,#3977));
#644=EDGE_LOOP('',(#3978,#3979,#3980,#3981));
#645=EDGE_LOOP('',(#3982,#3983,#3984,#3985));
#646=EDGE_LOOP('',(#3986,#3987,#3988,#3989));
#647=EDGE_LOOP('',(#3990,#3991,#3992,#3993));
#648=EDGE_LOOP('',(#3994,#3995,#3996,#3997));
#649=EDGE_LOOP('',(#3998,#3999,#4000,#4001));
#650=EDGE_LOOP('',(#4002,#4003,#4004,#4005));
#651=EDGE_LOOP('',(#4006,#4007,#4008,#4009));
#652=EDGE_LOOP('',(#4010,#4011,#4012,#4013));
#653=EDGE_LOOP('',(#4014,#4015,#4016,#4017));
#654=EDGE_LOOP('',(#4018,#4019,#4020,#4021));
#655=EDGE_LOOP('',(#4022,#4023,#4024,#4025));
#656=EDGE_LOOP('',(#4026,#4027,#4028,#4029));
#657=EDGE_LOOP('',(#4030,#4031,#4032,#4033));
#658=EDGE_LOOP('',(#4034,#4035,#4036,#4037));
#659=EDGE_LOOP('',(#4038,#4039,#4040,#4041));
#660=EDGE_LOOP('',(#4042,#4043,#4044,#4045));
#661=EDGE_LOOP('',(#4046,#4047,#4048,#4049));
#662=EDGE_LOOP('',(#4050,#4051,#4052,#4053));
#663=EDGE_LOOP('',(#4054,#4055,#4056,#4057));
#664=EDGE_LOOP('',(#4058,#4059,#4060,#4061));
#665=EDGE_LOOP('',(#4062,#4063,#4064,#4065));
#666=EDGE_LOOP('',(#4066,#4067,#4068,#4069));
#667=EDGE_LOOP('',(#4070,#4071,#4072,#4073));
#668=EDGE_LOOP('',(#4074,#4075,#4076,#4077));
#669=EDGE_LOOP('',(#4078,#4079,#4080,#4081));
#670=EDGE_LOOP('',(#4082,#4083,#4084,#4085));
#671=EDGE_LOOP('',(#4086,#4087,#4088,#4089));
#672=EDGE_LOOP('',(#4090,#4091,#4092,#4093));
#673=EDGE_LOOP('',(#4094,#4095,#4096,#4097));
#674=EDGE_LOOP('',(#4098,#4099,#4100,#4101));
#675=EDGE_LOOP('',(#4102,#4103,#4104,#4105));
#676=EDGE_LOOP('',(#4106,#4107,#4108,#4109));
#677=EDGE_LOOP('',(#4110,#4111,#4112,#4113));
#678=EDGE_LOOP('',(#4114,#4115,#4116,#4117));
#679=EDGE_LOOP('',(#4118,#4119,#4120,#4121));
#680=EDGE_LOOP('',(#4122,#4123,#4124,#4125));
#681=EDGE_LOOP('',(#4126,#4127,#4128,#4129));
#682=EDGE_LOOP('',(#4130,#4131,#4132,#4133));
#683=EDGE_LOOP('',(#4134,#4135,#4136,#4137));
#684=EDGE_LOOP('',(#4138));
#685=EDGE_LOOP('',(#4139));
#686=EDGE_LOOP('',(#4140,#4141,#4142,#4143));
#687=EDGE_LOOP('',(#4144));
#688=EDGE_LOOP('',(#4145));
#689=EDGE_LOOP('',(#4146,#4147,#4148,#4149));
#690=EDGE_LOOP('',(#4150));
#691=EDGE_LOOP('',(#4151));
#692=EDGE_LOOP('',(#4152,#4153,#4154,#4155));
#693=EDGE_LOOP('',(#4156));
#694=EDGE_LOOP('',(#4157));
#695=EDGE_LOOP('',(#4158,#4159,#4160,#4161));
#696=EDGE_LOOP('',(#4162));
#697=EDGE_LOOP('',(#4163));
#698=EDGE_LOOP('',(#4164,#4165,#4166,#4167));
#699=EDGE_LOOP('',(#4168,#4169,#4170,#4171));
#700=EDGE_LOOP('',(#4172,#4173,#4174,#4175));
#701=EDGE_LOOP('',(#4176,#4177,#4178,#4179));
#702=EDGE_LOOP('',(#4180,#4181,#4182,#4183));
#703=EDGE_LOOP('',(#4184,#4185,#4186,#4187));
#704=EDGE_LOOP('',(#4188,#4189,#4190,#4191));
#705=EDGE_LOOP('',(#4192,#4193,#4194,#4195));
#706=EDGE_LOOP('',(#4196,#4197,#4198,#4199));
#707=EDGE_LOOP('',(#4200,#4201,#4202,#4203));
#708=EDGE_LOOP('',(#4204,#4205,#4206,#4207));
#709=EDGE_LOOP('',(#4208,#4209,#4210,#4211,#4212,#4213,#4214,#4215));
#710=EDGE_LOOP('',(#4216,#4217,#4218,#4219,#4220,#4221,#4222,#4223));
#711=EDGE_LOOP('',(#4224,#4225,#4226,#4227,#4228,#4229,#4230,#4231));
#712=EDGE_LOOP('',(#4232,#4233,#4234,#4235,#4236,#4237,#4238,#4239));
#713=EDGE_LOOP('',(#4240,#4241,#4242,#4243,#4244,#4245,#4246,#4247));
#714=EDGE_LOOP('',(#4248,#4249,#4250,#4251,#4252,#4253,#4254,#4255));
#715=EDGE_LOOP('',(#4256,#4257,#4258,#4259));
#716=EDGE_LOOP('',(#4260));
#717=EDGE_LOOP('',(#4261));
#718=EDGE_LOOP('',(#4262,#4263,#4264,#4265));
#719=EDGE_LOOP('',(#4266));
#720=EDGE_LOOP('',(#4267));
#721=EDGE_LOOP('',(#4268,#4269,#4270,#4271));
#722=EDGE_LOOP('',(#4272));
#723=EDGE_LOOP('',(#4273));
#724=EDGE_LOOP('',(#4274,#4275,#4276,#4277));
#725=EDGE_LOOP('',(#4278));
#726=EDGE_LOOP('',(#4279));
#727=EDGE_LOOP('',(#4280,#4281,#4282,#4283));
#728=EDGE_LOOP('',(#4284));
#729=EDGE_LOOP('',(#4285));
#730=EDGE_LOOP('',(#4286,#4287,#4288,#4289));
#731=EDGE_LOOP('',(#4290,#4291,#4292,#4293));
#732=EDGE_LOOP('',(#4294,#4295,#4296,#4297));
#733=EDGE_LOOP('',(#4298,#4299,#4300,#4301));
#734=EDGE_LOOP('',(#4302,#4303,#4304,#4305));
#735=EDGE_LOOP('',(#4306,#4307,#4308,#4309));
#736=EDGE_LOOP('',(#4310));
#737=EDGE_LOOP('',(#4311));
#738=EDGE_LOOP('',(#4312));
#739=EDGE_LOOP('',(#4313));
#740=EDGE_LOOP('',(#4314,#4315,#4316,#4317));
#741=EDGE_LOOP('',(#4318,#4319,#4320,#4321));
#742=EDGE_LOOP('',(#4322,#4323,#4324,#4325));
#743=EDGE_LOOP('',(#4326,#4327,#4328,#4329));
#744=EDGE_LOOP('',(#4330,#4331,#4332,#4333));
#745=EDGE_LOOP('',(#4334,#4335,#4336,#4337));
#746=EDGE_LOOP('',(#4338,#4339,#4340,#4341));
#747=EDGE_LOOP('',(#4342,#4343,#4344,#4345));
#748=EDGE_LOOP('',(#4346,#4347,#4348,#4349));
#749=EDGE_LOOP('',(#4350,#4351,#4352,#4353,#4354,#4355,#4356,#4357));
#750=EDGE_LOOP('',(#4358,#4359,#4360,#4361,#4362,#4363,#4364,#4365));
#751=EDGE_LOOP('',(#4366,#4367,#4368,#4369,#4370,#4371,#4372,#4373));
#752=EDGE_LOOP('',(#4374,#4375,#4376,#4377,#4378,#4379,#4380,#4381));
#753=EDGE_LOOP('',(#4382,#4383,#4384,#4385,#4386,#4387,#4388,#4389));
#754=EDGE_LOOP('',(#4390,#4391,#4392,#4393,#4394,#4395,#4396,#4397));
#755=EDGE_LOOP('',(#4398));
#756=EDGE_LOOP('',(#4399));
#757=EDGE_LOOP('',(#4400));
#758=EDGE_LOOP('',(#4401));
#759=EDGE_LOOP('',(#4402));
#760=EDGE_LOOP('',(#4403));
#761=EDGE_LOOP('',(#4404,#4405,#4406,#4407));
#762=EDGE_LOOP('',(#4408));
#763=EDGE_LOOP('',(#4409,#4410,#4411,#4412,#4413,#4414,#4415,#4416));
#764=EDGE_LOOP('',(#4417,#4418,#4419,#4420,#4421,#4422,#4423,#4424));
#765=EDGE_LOOP('',(#4425,#4426,#4427,#4428,#4429,#4430,#4431,#4432));
#766=EDGE_LOOP('',(#4433,#4434,#4435,#4436,#4437,#4438,#4439,#4440));
#767=EDGE_LOOP('',(#4441,#4442,#4443,#4444,#4445,#4446,#4447,#4448));
#768=EDGE_LOOP('',(#4449,#4450,#4451,#4452,#4453,#4454,#4455,#4456));
#769=EDGE_LOOP('',(#4457));
#770=EDGE_LOOP('',(#4458));
#771=EDGE_LOOP('',(#4459));
#772=EDGE_LOOP('',(#4460));
#773=EDGE_LOOP('',(#4461));
#774=EDGE_LOOP('',(#4462,#4463,#4464,#4465));
#775=EDGE_LOOP('',(#4466,#4467,#4468,#4469));
#776=EDGE_LOOP('',(#4470,#4471,#4472,#4473));
#777=EDGE_LOOP('',(#4474,#4475,#4476,#4477));
#778=EDGE_LOOP('',(#4478,#4479,#4480,#4481));
#779=EDGE_LOOP('',(#4482,#4483,#4484,#4485));
#780=EDGE_LOOP('',(#4486,#4487,#4488,#4489,#4490,#4491,#4492,#4493));
#781=EDGE_LOOP('',(#4494,#4495,#4496,#4497));
#782=EDGE_LOOP('',(#4498,#4499,#4500,#4501));
#783=EDGE_LOOP('',(#4502,#4503,#4504,#4505));
#784=EDGE_LOOP('',(#4506,#4507,#4508,#4509));
#785=EDGE_LOOP('',(#4510,#4511,#4512,#4513));
#786=EDGE_LOOP('',(#4514,#4515,#4516,#4517,#4518,#4519,#4520,#4521));
#787=EDGE_LOOP('',(#4522,#4523,#4524,#4525));
#788=EDGE_LOOP('',(#4526,#4527,#4528,#4529));
#789=EDGE_LOOP('',(#4530,#4531,#4532,#4533));
#790=EDGE_LOOP('',(#4534,#4535,#4536,#4537));
#791=EDGE_LOOP('',(#4538,#4539,#4540,#4541,#4542,#4543,#4544,#4545));
#792=EDGE_LOOP('',(#4546,#4547,#4548,#4549));
#793=EDGE_LOOP('',(#4550,#4551,#4552,#4553));
#794=EDGE_LOOP('',(#4554,#4555,#4556,#4557));
#795=EDGE_LOOP('',(#4558,#4559,#4560,#4561));
#796=EDGE_LOOP('',(#4562,#4563,#4564,#4565,#4566,#4567,#4568,#4569));
#797=EDGE_LOOP('',(#4570,#4571,#4572,#4573));
#798=EDGE_LOOP('',(#4574,#4575,#4576,#4577));
#799=EDGE_LOOP('',(#4578,#4579,#4580,#4581));
#800=EDGE_LOOP('',(#4582,#4583,#4584,#4585));
#801=EDGE_LOOP('',(#4586,#4587,#4588,#4589,#4590,#4591,#4592,#4593));
#802=EDGE_LOOP('',(#4594,#4595,#4596,#4597));
#803=EDGE_LOOP('',(#4598,#4599,#4600,#4601));
#804=EDGE_LOOP('',(#4602,#4603,#4604,#4605));
#805=EDGE_LOOP('',(#4606,#4607,#4608,#4609));
#806=EDGE_LOOP('',(#4610,#4611,#4612,#4613,#4614,#4615,#4616,#4617));
#807=EDGE_LOOP('',(#4618,#4619,#4620,#4621));
#808=EDGE_LOOP('',(#4622,#4623,#4624,#4625));
#809=EDGE_LOOP('',(#4626,#4627,#4628,#4629));
#810=EDGE_LOOP('',(#4630,#4631,#4632,#4633));
#811=EDGE_LOOP('',(#4634,#4635,#4636,#4637));
#812=EDGE_LOOP('',(#4638,#4639,#4640,#4641));
#813=EDGE_LOOP('',(#4642,#4643,#4644,#4645));
#814=EDGE_LOOP('',(#4646,#4647,#4648,#4649));
#815=EDGE_LOOP('',(#4650,#4651,#4652,#4653));
#816=EDGE_LOOP('',(#4654,#4655,#4656,#4657));
#817=EDGE_LOOP('',(#4658,#4659,#4660,#4661));
#818=EDGE_LOOP('',(#4662,#4663,#4664,#4665));
#819=EDGE_LOOP('',(#4666,#4667,#4668,#4669));
#820=EDGE_LOOP('',(#4670,#4671,#4672,#4673));
#821=EDGE_LOOP('',(#4674,#4675,#4676,#4677));
#822=EDGE_LOOP('',(#4678,#4679,#4680,#4681));
#823=EDGE_LOOP('',(#4682,#4683,#4684,#4685));
#824=EDGE_LOOP('',(#4686,#4687,#4688,#4689));
#825=EDGE_LOOP('',(#4690,#4691,#4692,#4693));
#826=EDGE_LOOP('',(#4694,#4695,#4696,#4697));
#827=EDGE_LOOP('',(#4698,#4699,#4700,#4701));
#828=EDGE_LOOP('',(#4702,#4703,#4704,#4705));
#829=EDGE_LOOP('',(#4706,#4707,#4708,#4709));
#830=EDGE_LOOP('',(#4710,#4711,#4712,#4713));
#831=EDGE_LOOP('',(#4714,#4715,#4716,#4717));
#832=EDGE_LOOP('',(#4718,#4719,#4720,#4721));
#833=EDGE_LOOP('',(#4722,#4723,#4724,#4725));
#834=EDGE_LOOP('',(#4726,#4727,#4728,#4729));
#835=EDGE_LOOP('',(#4730,#4731,#4732,#4733));
#836=EDGE_LOOP('',(#4734,#4735,#4736,#4737));
#837=EDGE_LOOP('',(#4738,#4739,#4740,#4741));
#838=EDGE_LOOP('',(#4742,#4743,#4744,#4745));
#839=EDGE_LOOP('',(#4746,#4747,#4748,#4749));
#840=EDGE_LOOP('',(#4750,#4751,#4752,#4753));
#841=EDGE_LOOP('',(#4754,#4755,#4756,#4757));
#842=EDGE_LOOP('',(#4758,#4759,#4760,#4761));
#843=EDGE_LOOP('',(#4762,#4763,#4764,#4765));
#844=EDGE_LOOP('',(#4766,#4767,#4768,#4769));
#845=EDGE_LOOP('',(#4770,#4771,#4772,#4773));
#846=EDGE_LOOP('',(#4774,#4775,#4776,#4777));
#847=EDGE_LOOP('',(#4778,#4779,#4780,#4781));
#848=EDGE_LOOP('',(#4782,#4783,#4784,#4785));
#849=EDGE_LOOP('',(#4786,#4787,#4788,#4789));
#850=EDGE_LOOP('',(#4790,#4791,#4792,#4793));
#851=EDGE_LOOP('',(#4794,#4795,#4796,#4797));
#852=EDGE_LOOP('',(#4798,#4799,#4800,#4801));
#853=EDGE_LOOP('',(#4802,#4803,#4804,#4805));
#854=EDGE_LOOP('',(#4806,#4807,#4808,#4809));
#855=EDGE_LOOP('',(#4810,#4811,#4812,#4813));
#856=EDGE_LOOP('',(#4814,#4815,#4816,#4817));
#857=EDGE_LOOP('',(#4818,#4819,#4820,#4821));
#858=EDGE_LOOP('',(#4822,#4823,#4824,#4825));
#859=EDGE_LOOP('',(#4826,#4827,#4828,#4829));
#860=EDGE_LOOP('',(#4830,#4831,#4832,#4833));
#861=EDGE_LOOP('',(#4834,#4835,#4836,#4837));
#862=EDGE_LOOP('',(#4838,#4839,#4840,#4841));
#863=EDGE_LOOP('',(#4842,#4843,#4844,#4845));
#864=EDGE_LOOP('',(#4846,#4847,#4848,#4849));
#865=EDGE_LOOP('',(#4850,#4851,#4852,#4853));
#866=EDGE_LOOP('',(#4854,#4855,#4856,#4857));
#867=EDGE_LOOP('',(#4858,#4859,#4860,#4861));
#868=EDGE_LOOP('',(#4862,#4863,#4864,#4865));
#869=EDGE_LOOP('',(#4866));
#870=EDGE_LOOP('',(#4867));
#871=EDGE_LOOP('',(#4868,#4869,#4870,#4871));
#872=EDGE_LOOP('',(#4872));
#873=EDGE_LOOP('',(#4873));
#874=EDGE_LOOP('',(#4874,#4875,#4876,#4877));
#875=EDGE_LOOP('',(#4878));
#876=EDGE_LOOP('',(#4879));
#877=EDGE_LOOP('',(#4880,#4881,#4882,#4883));
#878=EDGE_LOOP('',(#4884));
#879=EDGE_LOOP('',(#4885));
#880=EDGE_LOOP('',(#4886,#4887,#4888,#4889));
#881=EDGE_LOOP('',(#4890));
#882=EDGE_LOOP('',(#4891));
#883=EDGE_LOOP('',(#4892,#4893,#4894,#4895));
#884=EDGE_LOOP('',(#4896,#4897,#4898,#4899));
#885=EDGE_LOOP('',(#4900,#4901,#4902,#4903));
#886=EDGE_LOOP('',(#4904,#4905,#4906,#4907));
#887=EDGE_LOOP('',(#4908,#4909,#4910,#4911));
#888=EDGE_LOOP('',(#4912,#4913,#4914,#4915));
#889=EDGE_LOOP('',(#4916,#4917,#4918,#4919));
#890=EDGE_LOOP('',(#4920,#4921,#4922,#4923));
#891=EDGE_LOOP('',(#4924,#4925,#4926,#4927));
#892=EDGE_LOOP('',(#4928,#4929,#4930,#4931));
#893=EDGE_LOOP('',(#4932,#4933,#4934,#4935));
#894=EDGE_LOOP('',(#4936,#4937,#4938,#4939,#4940,#4941,#4942,#4943));
#895=EDGE_LOOP('',(#4944,#4945,#4946,#4947,#4948,#4949,#4950,#4951));
#896=EDGE_LOOP('',(#4952,#4953,#4954,#4955,#4956,#4957,#4958,#4959));
#897=EDGE_LOOP('',(#4960,#4961,#4962,#4963,#4964,#4965,#4966,#4967));
#898=EDGE_LOOP('',(#4968,#4969,#4970,#4971,#4972,#4973,#4974,#4975));
#899=EDGE_LOOP('',(#4976,#4977,#4978,#4979,#4980,#4981,#4982,#4983));
#900=EDGE_LOOP('',(#4984,#4985,#4986,#4987));
#901=EDGE_LOOP('',(#4988));
#902=EDGE_LOOP('',(#4989));
#903=EDGE_LOOP('',(#4990,#4991,#4992,#4993));
#904=EDGE_LOOP('',(#4994));
#905=EDGE_LOOP('',(#4995));
#906=EDGE_LOOP('',(#4996,#4997,#4998,#4999));
#907=EDGE_LOOP('',(#5000));
#908=EDGE_LOOP('',(#5001));
#909=EDGE_LOOP('',(#5002,#5003,#5004,#5005));
#910=EDGE_LOOP('',(#5006));
#911=EDGE_LOOP('',(#5007));
#912=EDGE_LOOP('',(#5008,#5009,#5010,#5011));
#913=EDGE_LOOP('',(#5012));
#914=EDGE_LOOP('',(#5013));
#915=EDGE_LOOP('',(#5014,#5015,#5016,#5017));
#916=EDGE_LOOP('',(#5018,#5019,#5020,#5021));
#917=EDGE_LOOP('',(#5022,#5023,#5024,#5025));
#918=EDGE_LOOP('',(#5026,#5027,#5028,#5029));
#919=EDGE_LOOP('',(#5030,#5031,#5032,#5033));
#920=EDGE_LOOP('',(#5034,#5035,#5036,#5037));
#921=EDGE_LOOP('',(#5038));
#922=EDGE_LOOP('',(#5039));
#923=EDGE_LOOP('',(#5040));
#924=EDGE_LOOP('',(#5041));
#925=EDGE_LOOP('',(#5042,#5043,#5044,#5045));
#926=EDGE_LOOP('',(#5046,#5047,#5048,#5049));
#927=EDGE_LOOP('',(#5050,#5051,#5052,#5053));
#928=EDGE_LOOP('',(#5054,#5055,#5056,#5057));
#929=EDGE_LOOP('',(#5058,#5059,#5060,#5061));
#930=EDGE_LOOP('',(#5062,#5063,#5064,#5065));
#931=EDGE_LOOP('',(#5066,#5067,#5068,#5069,#5070,#5071));
#932=EDGE_LOOP('',(#5072));
#933=EDGE_LOOP('',(#5073,#5074,#5075,#5076));
#934=EDGE_LOOP('',(#5077,#5078,#5079,#5080));
#935=EDGE_LOOP('',(#5081,#5082,#5083,#5084,#5085));
#936=EDGE_LOOP('',(#5086,#5087,#5088,#5089,#5090,#5091,#5092,#5093,#5094,
#5095,#5096,#5097));
#937=EDGE_LOOP('',(#5098,#5099,#5100,#5101,#5102,#5103,#5104,#5105));
#938=EDGE_LOOP('',(#5106,#5107,#5108,#5109,#5110,#5111,#5112,#5113));
#939=EDGE_LOOP('',(#5114,#5115,#5116,#5117));
#940=EDGE_LOOP('',(#5118,#5119,#5120,#5121));
#941=EDGE_LOOP('',(#5122,#5123,#5124,#5125));
#942=EDGE_LOOP('',(#5126,#5127,#5128,#5129));
#943=EDGE_LOOP('',(#5130,#5131,#5132,#5133));
#944=EDGE_LOOP('',(#5134,#5135,#5136,#5137,#5138));
#945=EDGE_LOOP('',(#5139,#5140,#5141,#5142,#5143,#5144));
#946=EDGE_LOOP('',(#5145,#5146,#5147,#5148));
#947=EDGE_LOOP('',(#5149,#5150,#5151,#5152));
#948=EDGE_LOOP('',(#5153,#5154,#5155,#5156,#5157,#5158,#5159));
#949=EDGE_LOOP('',(#5160,#5161,#5162,#5163,#5164));
#950=EDGE_LOOP('',(#5165,#5166,#5167,#5168,#5169,#5170,#5171,#5172,#5173,
#5174));
#951=EDGE_LOOP('',(#5175));
#952=EDGE_LOOP('',(#5176));
#953=EDGE_LOOP('',(#5177));
#954=EDGE_LOOP('',(#5178));
#955=EDGE_LOOP('',(#5179,#5180,#5181,#5182,#5183));
#956=EDGE_LOOP('',(#5184,#5185,#5186,#5187));
#957=EDGE_LOOP('',(#5188,#5189,#5190,#5191,#5192,#5193,#5194));
#958=EDGE_LOOP('',(#5195,#5196,#5197,#5198,#5199));
#959=EDGE_LOOP('',(#5200,#5201,#5202,#5203,#5204));
#960=EDGE_LOOP('',(#5205,#5206,#5207,#5208,#5209));
#961=EDGE_LOOP('',(#5210,#5211,#5212,#5213,#5214));
#962=EDGE_LOOP('',(#5215,#5216,#5217,#5218));
#963=EDGE_LOOP('',(#5219,#5220,#5221));
#964=EDGE_LOOP('',(#5222,#5223,#5224,#5225,#5226,#5227,#5228,#5229));
#965=EDGE_LOOP('',(#5230,#5231,#5232,#5233,#5234,#5235,#5236,#5237,#5238));
#966=EDGE_LOOP('',(#5239));
#967=EDGE_LOOP('',(#5240));
#968=EDGE_LOOP('',(#5241));
#969=EDGE_LOOP('',(#5242));
#970=B_SPLINE_CURVE_WITH_KNOTS('',3,(#8491,#8492,#8493,#8494,#8495,#8496,
#8497,#8498),.UNSPECIFIED.,.F.,.F.,(4,2,2,4),(0.241103150152673,0.302142270372611,
0.36318139059255,0.376352646899185),.UNSPECIFIED.);
#971=B_SPLINE_CURVE_WITH_KNOTS('',3,(#8509,#8510,#8511,#8512,#8513,#8514,
#8515,#8516,#8517,#8518),.UNSPECIFIED.,.F.,.F.,(4,2,2,2,4),(0.645647404605679,
0.799736599894158,0.953825795182638,1.10460423190941,1.25538266863617),
 .UNSPECIFIED.);
#972=LINE('',#8489,#1383);
#973=LINE('',#8499,#1384);
#974=LINE('',#8504,#1385);
#975=LINE('',#8508,#1386);
#976=LINE('',#8521,#1387);
#977=LINE('',#8523,#1388);
#978=LINE('',#8525,#1389);
#979=LINE('',#8527,#1390);
#980=LINE('',#8530,#1391);
#981=LINE('',#8538,#1392);
#982=LINE('',#8541,#1393);
#983=LINE('',#8544,#1394);
#984=LINE('',#8546,#1395);
#985=LINE('',#8547,#1396);
#986=LINE('',#8552,#1397);
#987=LINE('',#8556,#1398);
#988=LINE('',#8558,#1399);
#989=LINE('',#8562,#1400);
#990=LINE('',#8570,#1401);
#991=LINE('',#8578,#1402);
#992=LINE('',#8586,#1403);
#993=LINE('',#8594,#1404);
#994=LINE('',#8602,#1405);
#995=LINE('',#8610,#1406);
#996=LINE('',#8618,#1407);
#997=LINE('',#8626,#1408);
#998=LINE('',#8634,#1409);
#999=LINE('',#8642,#1410);
#1000=LINE('',#8650,#1411);
#1001=LINE('',#8670,#1412);
#1002=LINE('',#8673,#1413);
#1003=LINE('',#8678,#1414);
#1004=LINE('',#8686,#1415);
#1005=LINE('',#8694,#1416);
#1006=LINE('',#8702,#1417);
#1007=LINE('',#8710,#1418);
#1008=LINE('',#8718,#1419);
#1009=LINE('',#8726,#1420);
#1010=LINE('',#8734,#1421);
#1011=LINE('',#8742,#1422);
#1012=LINE('',#8750,#1423);
#1013=LINE('',#8758,#1424);
#1014=LINE('',#8766,#1425);
#1015=LINE('',#8787,#1426);
#1016=LINE('',#8790,#1427);
#1017=LINE('',#8792,#1428);
#1018=LINE('',#8793,#1429);
#1019=LINE('',#8799,#1430);
#1020=LINE('',#8802,#1431);
#1021=LINE('',#8806,#1432);
#1022=LINE('',#8809,#1433);
#1023=LINE('',#8812,#1434);
#1024=LINE('',#8815,#1435);
#1025=LINE('',#8820,#1436);
#1026=LINE('',#8823,#1437);
#1027=LINE('',#8827,#1438);
#1028=LINE('',#8830,#1439);
#1029=LINE('',#8834,#1440);
#1030=LINE('',#8837,#1441);
#1031=LINE('',#8840,#1442);
#1032=LINE('',#8842,#1443);
#1033=LINE('',#8848,#1444);
#1034=LINE('',#8851,#1445);
#1035=LINE('',#8854,#1446);
#1036=LINE('',#8857,#1447);
#1037=LINE('',#8861,#1448);
#1038=LINE('',#8864,#1449);
#1039=LINE('',#8867,#1450);
#1040=LINE('',#8869,#1451);
#1041=LINE('',#8875,#1452);
#1042=LINE('',#8878,#1453);
#1043=LINE('',#8881,#1454);
#1044=LINE('',#8884,#1455);
#1045=LINE('',#8888,#1456);
#1046=LINE('',#8891,#1457);
#1047=LINE('',#8894,#1458);
#1048=LINE('',#8896,#1459);
#1049=LINE('',#8902,#1460);
#1050=LINE('',#8905,#1461);
#1051=LINE('',#8908,#1462);
#1052=LINE('',#8911,#1463);
#1053=LINE('',#8915,#1464);
#1054=LINE('',#8918,#1465);
#1055=LINE('',#8921,#1466);
#1056=LINE('',#8923,#1467);
#1057=LINE('',#8929,#1468);
#1058=LINE('',#8932,#1469);
#1059=LINE('',#8935,#1470);
#1060=LINE('',#8938,#1471);
#1061=LINE('',#8942,#1472);
#1062=LINE('',#8945,#1473);
#1063=LINE('',#8948,#1474);
#1064=LINE('',#8950,#1475);
#1065=LINE('',#8956,#1476);
#1066=LINE('',#8959,#1477);
#1067=LINE('',#8961,#1478);
#1068=LINE('',#8963,#1479);
#1069=LINE('',#8965,#1480);
#1070=LINE('',#8967,#1481);
#1071=LINE('',#8969,#1482);
#1072=LINE('',#8971,#1483);
#1073=LINE('',#8973,#1484);
#1074=LINE('',#8975,#1485);
#1075=LINE('',#8977,#1486);
#1076=LINE('',#8979,#1487);
#1077=LINE('',#8981,#1488);
#1078=LINE('',#8982,#1489);
#1079=LINE('',#8986,#1490);
#1080=LINE('',#8989,#1491);
#1081=LINE('',#8992,#1492);
#1082=LINE('',#8993,#1493);
#1083=LINE('',#8996,#1494);
#1084=LINE('',#9000,#1495);
#1085=LINE('',#9004,#1496);
#1086=LINE('',#9008,#1497);
#1087=LINE('',#9009,#1498);
#1088=LINE('',#9012,#1499);
#1089=LINE('',#9018,#1500);
#1090=LINE('',#9021,#1501);
#1091=LINE('',#9024,#1502);
#1092=LINE('',#9028,#1503);
#1093=LINE('',#9031,#1504);
#1094=LINE('',#9033,#1505);
#1095=LINE('',#9036,#1506);
#1096=LINE('',#9040,#1507);
#1097=LINE('',#9041,#1508);
#1098=LINE('',#9044,#1509);
#1099=LINE('',#9050,#1510);
#1100=LINE('',#9053,#1511);
#1101=LINE('',#9056,#1512);
#1102=LINE('',#9057,#1513);
#1103=LINE('',#9060,#1514);
#1104=LINE('',#9064,#1515);
#1105=LINE('',#9068,#1516);
#1106=LINE('',#9072,#1517);
#1107=LINE('',#9073,#1518);
#1108=LINE('',#9076,#1519);
#1109=LINE('',#9082,#1520);
#1110=LINE('',#9085,#1521);
#1111=LINE('',#9088,#1522);
#1112=LINE('',#9089,#1523);
#1113=LINE('',#9092,#1524);
#1114=LINE('',#9096,#1525);
#1115=LINE('',#9100,#1526);
#1116=LINE('',#9104,#1527);
#1117=LINE('',#9105,#1528);
#1118=LINE('',#9108,#1529);
#1119=LINE('',#9114,#1530);
#1120=LINE('',#9117,#1531);
#1121=LINE('',#9120,#1532);
#1122=LINE('',#9121,#1533);
#1123=LINE('',#9124,#1534);
#1124=LINE('',#9128,#1535);
#1125=LINE('',#9132,#1536);
#1126=LINE('',#9136,#1537);
#1127=LINE('',#9137,#1538);
#1128=LINE('',#9140,#1539);
#1129=LINE('',#9146,#1540);
#1130=LINE('',#9149,#1541);
#1131=LINE('',#9152,#1542);
#1132=LINE('',#9153,#1543);
#1133=LINE('',#9156,#1544);
#1134=LINE('',#9160,#1545);
#1135=LINE('',#9164,#1546);
#1136=LINE('',#9168,#1547);
#1137=LINE('',#9169,#1548);
#1138=LINE('',#9172,#1549);
#1139=LINE('',#9179,#1550);
#1140=LINE('',#9186,#1551);
#1141=LINE('',#9193,#1552);
#1142=LINE('',#9200,#1553);
#1143=LINE('',#9207,#1554);
#1144=LINE('',#9230,#1555);
#1145=LINE('',#9237,#1556);
#1146=LINE('',#9244,#1557);
#1147=LINE('',#9251,#1558);
#1148=LINE('',#9258,#1559);
#1149=LINE('',#9264,#1560);
#1150=LINE('',#9266,#1561);
#1151=LINE('',#9268,#1562);
#1152=LINE('',#9270,#1563);
#1153=LINE('',#9272,#1564);
#1154=LINE('',#9277,#1565);
#1155=LINE('',#9286,#1566);
#1156=LINE('',#9288,#1567);
#1157=LINE('',#9299,#1568);
#1158=LINE('',#9302,#1569);
#1159=LINE('',#9305,#1570);
#1160=LINE('',#9307,#1571);
#1161=LINE('',#9308,#1572);
#1162=LINE('',#9313,#1573);
#1163=LINE('',#9317,#1574);
#1164=LINE('',#9319,#1575);
#1165=LINE('',#9323,#1576);
#1166=LINE('',#9331,#1577);
#1167=LINE('',#9339,#1578);
#1168=LINE('',#9347,#1579);
#1169=LINE('',#9355,#1580);
#1170=LINE('',#9363,#1581);
#1171=LINE('',#9371,#1582);
#1172=LINE('',#9379,#1583);
#1173=LINE('',#9387,#1584);
#1174=LINE('',#9395,#1585);
#1175=LINE('',#9403,#1586);
#1176=LINE('',#9411,#1587);
#1177=LINE('',#9431,#1588);
#1178=LINE('',#9434,#1589);
#1179=LINE('',#9439,#1590);
#1180=LINE('',#9447,#1591);
#1181=LINE('',#9455,#1592);
#1182=LINE('',#9463,#1593);
#1183=LINE('',#9471,#1594);
#1184=LINE('',#9479,#1595);
#1185=LINE('',#9487,#1596);
#1186=LINE('',#9495,#1597);
#1187=LINE('',#9503,#1598);
#1188=LINE('',#9511,#1599);
#1189=LINE('',#9519,#1600);
#1190=LINE('',#9527,#1601);
#1191=LINE('',#9548,#1602);
#1192=LINE('',#9551,#1603);
#1193=LINE('',#9553,#1604);
#1194=LINE('',#9554,#1605);
#1195=LINE('',#9560,#1606);
#1196=LINE('',#9563,#1607);
#1197=LINE('',#9567,#1608);
#1198=LINE('',#9570,#1609);
#1199=LINE('',#9573,#1610);
#1200=LINE('',#9576,#1611);
#1201=LINE('',#9581,#1612);
#1202=LINE('',#9584,#1613);
#1203=LINE('',#9588,#1614);
#1204=LINE('',#9591,#1615);
#1205=LINE('',#9595,#1616);
#1206=LINE('',#9598,#1617);
#1207=LINE('',#9601,#1618);
#1208=LINE('',#9603,#1619);
#1209=LINE('',#9609,#1620);
#1210=LINE('',#9612,#1621);
#1211=LINE('',#9615,#1622);
#1212=LINE('',#9618,#1623);
#1213=LINE('',#9622,#1624);
#1214=LINE('',#9625,#1625);
#1215=LINE('',#9628,#1626);
#1216=LINE('',#9630,#1627);
#1217=LINE('',#9636,#1628);
#1218=LINE('',#9639,#1629);
#1219=LINE('',#9642,#1630);
#1220=LINE('',#9645,#1631);
#1221=LINE('',#9649,#1632);
#1222=LINE('',#9652,#1633);
#1223=LINE('',#9655,#1634);
#1224=LINE('',#9657,#1635);
#1225=LINE('',#9663,#1636);
#1226=LINE('',#9666,#1637);
#1227=LINE('',#9669,#1638);
#1228=LINE('',#9672,#1639);
#1229=LINE('',#9676,#1640);
#1230=LINE('',#9679,#1641);
#1231=LINE('',#9682,#1642);
#1232=LINE('',#9684,#1643);
#1233=LINE('',#9690,#1644);
#1234=LINE('',#9693,#1645);
#1235=LINE('',#9696,#1646);
#1236=LINE('',#9699,#1647);
#1237=LINE('',#9703,#1648);
#1238=LINE('',#9706,#1649);
#1239=LINE('',#9709,#1650);
#1240=LINE('',#9711,#1651);
#1241=LINE('',#9717,#1652);
#1242=LINE('',#9720,#1653);
#1243=LINE('',#9722,#1654);
#1244=LINE('',#9724,#1655);
#1245=LINE('',#9726,#1656);
#1246=LINE('',#9728,#1657);
#1247=LINE('',#9730,#1658);
#1248=LINE('',#9732,#1659);
#1249=LINE('',#9734,#1660);
#1250=LINE('',#9736,#1661);
#1251=LINE('',#9738,#1662);
#1252=LINE('',#9740,#1663);
#1253=LINE('',#9742,#1664);
#1254=LINE('',#9743,#1665);
#1255=LINE('',#9747,#1666);
#1256=LINE('',#9750,#1667);
#1257=LINE('',#9753,#1668);
#1258=LINE('',#9754,#1669);
#1259=LINE('',#9757,#1670);
#1260=LINE('',#9761,#1671);
#1261=LINE('',#9765,#1672);
#1262=LINE('',#9769,#1673);
#1263=LINE('',#9770,#1674);
#1264=LINE('',#9773,#1675);
#1265=LINE('',#9779,#1676);
#1266=LINE('',#9782,#1677);
#1267=LINE('',#9785,#1678);
#1268=LINE('',#9789,#1679);
#1269=LINE('',#9792,#1680);
#1270=LINE('',#9794,#1681);
#1271=LINE('',#9797,#1682);
#1272=LINE('',#9801,#1683);
#1273=LINE('',#9802,#1684);
#1274=LINE('',#9805,#1685);
#1275=LINE('',#9811,#1686);
#1276=LINE('',#9814,#1687);
#1277=LINE('',#9817,#1688);
#1278=LINE('',#9818,#1689);
#1279=LINE('',#9821,#1690);
#1280=LINE('',#9825,#1691);
#1281=LINE('',#9829,#1692);
#1282=LINE('',#9833,#1693);
#1283=LINE('',#9834,#1694);
#1284=LINE('',#9837,#1695);
#1285=LINE('',#9843,#1696);
#1286=LINE('',#9846,#1697);
#1287=LINE('',#9849,#1698);
#1288=LINE('',#9850,#1699);
#1289=LINE('',#9853,#1700);
#1290=LINE('',#9857,#1701);
#1291=LINE('',#9861,#1702);
#1292=LINE('',#9865,#1703);
#1293=LINE('',#9866,#1704);
#1294=LINE('',#9869,#1705);
#1295=LINE('',#9875,#1706);
#1296=LINE('',#9878,#1707);
#1297=LINE('',#9881,#1708);
#1298=LINE('',#9882,#1709);
#1299=LINE('',#9885,#1710);
#1300=LINE('',#9889,#1711);
#1301=LINE('',#9893,#1712);
#1302=LINE('',#9897,#1713);
#1303=LINE('',#9898,#1714);
#1304=LINE('',#9901,#1715);
#1305=LINE('',#9907,#1716);
#1306=LINE('',#9910,#1717);
#1307=LINE('',#9913,#1718);
#1308=LINE('',#9914,#1719);
#1309=LINE('',#9917,#1720);
#1310=LINE('',#9921,#1721);
#1311=LINE('',#9925,#1722);
#1312=LINE('',#9929,#1723);
#1313=LINE('',#9930,#1724);
#1314=LINE('',#9933,#1725);
#1315=LINE('',#9940,#1726);
#1316=LINE('',#9947,#1727);
#1317=LINE('',#9954,#1728);
#1318=LINE('',#9961,#1729);
#1319=LINE('',#9968,#1730);
#1320=LINE('',#9991,#1731);
#1321=LINE('',#9998,#1732);
#1322=LINE('',#10005,#1733);
#1323=LINE('',#10012,#1734);
#1324=LINE('',#10019,#1735);
#1325=LINE('',#10025,#1736);
#1326=LINE('',#10027,#1737);
#1327=LINE('',#10029,#1738);
#1328=LINE('',#10031,#1739);
#1329=LINE('',#10033,#1740);
#1330=LINE('',#10038,#1741);
#1331=LINE('',#10047,#1742);
#1332=LINE('',#10049,#1743);
#1333=LINE('',#10059,#1744);
#1334=LINE('',#10064,#1745);
#1335=LINE('',#10066,#1746);
#1336=LINE('',#10070,#1747);
#1337=LINE('',#10073,#1748);
#1338=LINE('',#10078,#1749);
#1339=LINE('',#10081,#1750);
#1340=LINE('',#10084,#1751);
#1341=LINE('',#10085,#1752);
#1342=LINE('',#10088,#1753);
#1343=LINE('',#10090,#1754);
#1344=LINE('',#10092,#1755);
#1345=LINE('',#10093,#1756);
#1346=LINE('',#10098,#1757);
#1347=LINE('',#10100,#1758);
#1348=LINE('',#10102,#1759);
#1349=LINE('',#10104,#1760);
#1350=LINE('',#10106,#1761);
#1351=LINE('',#10108,#1762);
#1352=LINE('',#10110,#1763);
#1353=LINE('',#10111,#1764);
#1354=LINE('',#10115,#1765);
#1355=LINE('',#10119,#1766);
#1356=LINE('',#10124,#1767);
#1357=LINE('',#10125,#1768);
#1358=LINE('',#10126,#1769);
#1359=LINE('',#10129,#1770);
#1360=LINE('',#10131,#1771);
#1361=LINE('',#10132,#1772);
#1362=LINE('',#10136,#1773);
#1363=LINE('',#10143,#1774);
#1364=LINE('',#10146,#1775);
#1365=LINE('',#10148,#1776);
#1366=LINE('',#10149,#1777);
#1367=LINE('',#10151,#1778);
#1368=LINE('',#10152,#1779);
#1369=LINE('',#10154,#1780);
#1370=LINE('',#10156,#1781);
#1371=LINE('',#10158,#1782);
#1372=LINE('',#10159,#1783);
#1373=LINE('',#10160,#1784);
#1374=LINE('',#10163,#1785);
#1375=LINE('',#10166,#1786);
#1376=LINE('',#10176,#1787);
#1377=LINE('',#10181,#1788);
#1378=LINE('',#10191,#1789);
#1379=LINE('',#10201,#1790);
#1380=LINE('',#10202,#1791);
#1381=LINE('',#10204,#1792);
#1382=LINE('',#10206,#1793);
#1383=VECTOR('',#6578,0.15);
#1384=VECTOR('',#6579,1.);
#1385=VECTOR('',#6584,1.);
#1386=VECTOR('',#6587,1.);
#1387=VECTOR('',#6590,1.);
#1388=VECTOR('',#6591,1.);
#1389=VECTOR('',#6592,1.);
#1390=VECTOR('',#6593,1.);
#1391=VECTOR('',#6596,1.);
#1392=VECTOR('',#6603,0.100000000000021);
#1393=VECTOR('',#6606,0.100000000000021);
#1394=VECTOR('',#6609,1.);
#1395=VECTOR('',#6610,0.100000000000021);
#1396=VECTOR('',#6611,0.099999999999982);
#1397=VECTOR('',#6616,0.100000000000021);
#1398=VECTOR('',#6621,1.);
#1399=VECTOR('',#6622,0.100000000000021);
#1400=VECTOR('',#6625,0.100000000000021);
#1401=VECTOR('',#6632,0.100000000000021);
#1402=VECTOR('',#6639,0.100000000000021);
#1403=VECTOR('',#6646,0.100000000000021);
#1404=VECTOR('',#6653,0.100000000000021);
#1405=VECTOR('',#6660,0.100000000000021);
#1406=VECTOR('',#6667,0.100000000000021);
#1407=VECTOR('',#6674,0.100000000000021);
#1408=VECTOR('',#6681,0.100000000000021);
#1409=VECTOR('',#6688,0.100000000000021);
#1410=VECTOR('',#6695,0.100000000000021);
#1411=VECTOR('',#6702,0.100000000000021);
#1412=VECTOR('',#6723,1.);
#1413=VECTOR('',#6726,0.100000000000021);
#1414=VECTOR('',#6729,0.100000000000021);
#1415=VECTOR('',#6736,0.100000000000021);
#1416=VECTOR('',#6743,0.100000000000021);
#1417=VECTOR('',#6750,0.100000000000021);
#1418=VECTOR('',#6757,0.100000000000021);
#1419=VECTOR('',#6764,0.100000000000021);
#1420=VECTOR('',#6771,0.100000000000021);
#1421=VECTOR('',#6778,0.100000000000021);
#1422=VECTOR('',#6785,0.100000000000021);
#1423=VECTOR('',#6792,0.100000000000021);
#1424=VECTOR('',#6799,0.100000000000021);
#1425=VECTOR('',#6806,0.100000000000021);
#1426=VECTOR('',#6829,0.100000000000021);
#1427=VECTOR('',#6832,1.);
#1428=VECTOR('',#6833,1.);
#1429=VECTOR('',#6834,0.100000000000021);
#1430=VECTOR('',#6843,0.099999999999982);
#1431=VECTOR('',#6846,0.099999999999982);
#1432=VECTOR('',#6851,0.099999999999982);
#1433=VECTOR('',#6854,0.099999999999982);
#1434=VECTOR('',#6857,0.099999999999982);
#1435=VECTOR('',#6860,0.100000000000021);
#1436=VECTOR('',#6865,0.100000000000021);
#1437=VECTOR('',#6870,0.099999999999982);
#1438=VECTOR('',#6875,0.099999999999982);
#1439=VECTOR('',#6878,0.099999999999982);
#1440=VECTOR('',#6883,0.099999999999982);
#1441=VECTOR('',#6886,0.099999999999982);
#1442=VECTOR('',#6889,0.099999999999982);
#1443=VECTOR('',#6892,0.100000000000021);
#1444=VECTOR('',#6897,0.100000000000021);
#1445=VECTOR('',#6902,0.099999999999982);
#1446=VECTOR('',#6905,0.099999999999982);
#1447=VECTOR('',#6908,0.099999999999982);
#1448=VECTOR('',#6913,0.099999999999982);
#1449=VECTOR('',#6916,0.099999999999982);
#1450=VECTOR('',#6919,0.099999999999982);
#1451=VECTOR('',#6922,0.100000000000021);
#1452=VECTOR('',#6927,0.100000000000021);
#1453=VECTOR('',#6932,0.099999999999982);
#1454=VECTOR('',#6935,0.099999999999982);
#1455=VECTOR('',#6938,0.099999999999982);
#1456=VECTOR('',#6943,0.099999999999982);
#1457=VECTOR('',#6946,0.099999999999982);
#1458=VECTOR('',#6949,0.099999999999982);
#1459=VECTOR('',#6952,0.100000000000021);
#1460=VECTOR('',#6957,0.100000000000021);
#1461=VECTOR('',#6962,0.099999999999982);
#1462=VECTOR('',#6965,0.099999999999982);
#1463=VECTOR('',#6968,0.099999999999982);
#1464=VECTOR('',#6973,0.099999999999982);
#1465=VECTOR('',#6976,0.099999999999982);
#1466=VECTOR('',#6979,0.099999999999982);
#1467=VECTOR('',#6982,0.100000000000021);
#1468=VECTOR('',#6987,0.100000000000021);
#1469=VECTOR('',#6992,0.099999999999982);
#1470=VECTOR('',#6995,0.099999999999982);
#1471=VECTOR('',#6998,0.099999999999982);
#1472=VECTOR('',#7003,0.099999999999982);
#1473=VECTOR('',#7006,0.099999999999982);
#1474=VECTOR('',#7009,0.099999999999982);
#1475=VECTOR('',#7012,0.100000000000021);
#1476=VECTOR('',#7017,0.100000000000021);
#1477=VECTOR('',#7022,0.099999999999982);
#1478=VECTOR('',#7025,0.099999999999982);
#1479=VECTOR('',#7028,0.099999999999982);
#1480=VECTOR('',#7031,0.099999999999982);
#1481=VECTOR('',#7034,0.099999999999982);
#1482=VECTOR('',#7037,0.099999999999982);
#1483=VECTOR('',#7040,0.099999999999982);
#1484=VECTOR('',#7043,0.099999999999982);
#1485=VECTOR('',#7046,0.099999999999982);
#1486=VECTOR('',#7049,0.099999999999982);
#1487=VECTOR('',#7052,0.099999999999982);
#1488=VECTOR('',#7055,0.099999999999982);
#1489=VECTOR('',#7056,0.099999999999982);
#1490=VECTOR('',#7061,0.099999999999982);
#1491=VECTOR('',#7064,0.099999999999982);
#1492=VECTOR('',#7067,0.099999999999982);
#1493=VECTOR('',#7068,0.100000000000021);
#1494=VECTOR('',#7071,0.099999999999982);
#1495=VECTOR('',#7076,0.099999999999982);
#1496=VECTOR('',#7081,0.099999999999982);
#1497=VECTOR('',#7086,0.099999999999982);
#1498=VECTOR('',#7087,0.100000000000021);
#1499=VECTOR('',#7090,0.099999999999982);
#1500=VECTOR('',#7099,0.099999999999982);
#1501=VECTOR('',#7102,0.099999999999982);
#1502=VECTOR('',#7105,0.099999999999982);
#1503=VECTOR('',#7110,0.099999999999982);
#1504=VECTOR('',#7113,0.099999999999982);
#1505=VECTOR('',#7116,0.100000000000021);
#1506=VECTOR('',#7119,0.099999999999982);
#1507=VECTOR('',#7124,0.099999999999982);
#1508=VECTOR('',#7125,0.100000000000021);
#1509=VECTOR('',#7128,0.099999999999982);
#1510=VECTOR('',#7137,0.099999999999982);
#1511=VECTOR('',#7140,0.099999999999982);
#1512=VECTOR('',#7143,0.099999999999982);
#1513=VECTOR('',#7144,0.100000000000021);
#1514=VECTOR('',#7147,0.099999999999982);
#1515=VECTOR('',#7152,0.099999999999982);
#1516=VECTOR('',#7157,0.099999999999982);
#1517=VECTOR('',#7162,0.099999999999982);
#1518=VECTOR('',#7163,0.100000000000021);
#1519=VECTOR('',#7166,0.099999999999982);
#1520=VECTOR('',#7175,0.099999999999982);
#1521=VECTOR('',#7178,0.099999999999982);
#1522=VECTOR('',#7181,0.099999999999982);
#1523=VECTOR('',#7182,0.100000000000021);
#1524=VECTOR('',#7185,0.099999999999982);
#1525=VECTOR('',#7190,0.099999999999982);
#1526=VECTOR('',#7195,0.099999999999982);
#1527=VECTOR('',#7200,0.099999999999982);
#1528=VECTOR('',#7201,0.100000000000021);
#1529=VECTOR('',#7204,0.099999999999982);
#1530=VECTOR('',#7213,0.099999999999982);
#1531=VECTOR('',#7216,0.099999999999982);
#1532=VECTOR('',#7219,0.099999999999982);
#1533=VECTOR('',#7220,0.100000000000021);
#1534=VECTOR('',#7223,0.099999999999982);
#1535=VECTOR('',#7228,0.099999999999982);
#1536=VECTOR('',#7233,0.099999999999982);
#1537=VECTOR('',#7238,0.099999999999982);
#1538=VECTOR('',#7239,0.100000000000021);
#1539=VECTOR('',#7242,0.099999999999982);
#1540=VECTOR('',#7251,0.099999999999982);
#1541=VECTOR('',#7254,0.099999999999982);
#1542=VECTOR('',#7257,0.099999999999982);
#1543=VECTOR('',#7258,0.100000000000021);
#1544=VECTOR('',#7261,0.099999999999982);
#1545=VECTOR('',#7266,0.099999999999982);
#1546=VECTOR('',#7271,0.099999999999982);
#1547=VECTOR('',#7276,0.099999999999982);
#1548=VECTOR('',#7277,0.100000000000021);
#1549=VECTOR('',#7280,0.099999999999982);
#1550=VECTOR('',#7291,0.31);
#1551=VECTOR('',#7300,0.31);
#1552=VECTOR('',#7309,0.31);
#1553=VECTOR('',#7318,0.31);
#1554=VECTOR('',#7327,0.31);
#1555=VECTOR('',#7368,0.31);
#1556=VECTOR('',#7377,0.31);
#1557=VECTOR('',#7386,0.31);
#1558=VECTOR('',#7395,0.31);
#1559=VECTOR('',#7404,0.31);
#1560=VECTOR('',#7413,0.24);
#1561=VECTOR('',#7416,0.24);
#1562=VECTOR('',#7419,0.24);
#1563=VECTOR('',#7422,0.24);
#1564=VECTOR('',#7425,0.24);
#1565=VECTOR('',#7430,0.24);
#1566=VECTOR('',#7443,0.31);
#1567=VECTOR('',#7446,0.31);
#1568=VECTOR('',#7461,0.100000000000021);
#1569=VECTOR('',#7464,0.100000000000021);
#1570=VECTOR('',#7467,1.);
#1571=VECTOR('',#7468,0.100000000000021);
#1572=VECTOR('',#7469,0.099999999999982);
#1573=VECTOR('',#7474,0.100000000000021);
#1574=VECTOR('',#7479,1.);
#1575=VECTOR('',#7480,0.100000000000021);
#1576=VECTOR('',#7483,0.100000000000021);
#1577=VECTOR('',#7490,0.100000000000021);
#1578=VECTOR('',#7497,0.100000000000021);
#1579=VECTOR('',#7504,0.100000000000021);
#1580=VECTOR('',#7511,0.100000000000021);
#1581=VECTOR('',#7518,0.100000000000021);
#1582=VECTOR('',#7525,0.100000000000021);
#1583=VECTOR('',#7532,0.100000000000021);
#1584=VECTOR('',#7539,0.100000000000021);
#1585=VECTOR('',#7546,0.100000000000021);
#1586=VECTOR('',#7553,0.100000000000021);
#1587=VECTOR('',#7560,0.100000000000021);
#1588=VECTOR('',#7581,1.);
#1589=VECTOR('',#7584,0.100000000000021);
#1590=VECTOR('',#7587,0.100000000000021);
#1591=VECTOR('',#7594,0.100000000000021);
#1592=VECTOR('',#7601,0.100000000000021);
#1593=VECTOR('',#7608,0.100000000000021);
#1594=VECTOR('',#7615,0.100000000000021);
#1595=VECTOR('',#7622,0.100000000000021);
#1596=VECTOR('',#7629,0.100000000000021);
#1597=VECTOR('',#7636,0.100000000000021);
#1598=VECTOR('',#7643,0.100000000000021);
#1599=VECTOR('',#7650,0.100000000000021);
#1600=VECTOR('',#7657,0.100000000000021);
#1601=VECTOR('',#7664,0.100000000000021);
#1602=VECTOR('',#7687,0.100000000000021);
#1603=VECTOR('',#7690,1.);
#1604=VECTOR('',#7691,1.);
#1605=VECTOR('',#7692,0.100000000000021);
#1606=VECTOR('',#7701,0.099999999999982);
#1607=VECTOR('',#7704,0.099999999999982);
#1608=VECTOR('',#7709,0.099999999999982);
#1609=VECTOR('',#7712,0.099999999999982);
#1610=VECTOR('',#7715,0.099999999999982);
#1611=VECTOR('',#7718,0.100000000000021);
#1612=VECTOR('',#7723,0.100000000000021);
#1613=VECTOR('',#7728,0.099999999999982);
#1614=VECTOR('',#7733,0.099999999999982);
#1615=VECTOR('',#7736,0.099999999999982);
#1616=VECTOR('',#7741,0.099999999999982);
#1617=VECTOR('',#7744,0.099999999999982);
#1618=VECTOR('',#7747,0.099999999999982);
#1619=VECTOR('',#7750,0.100000000000021);
#1620=VECTOR('',#7755,0.100000000000021);
#1621=VECTOR('',#7760,0.099999999999982);
#1622=VECTOR('',#7763,0.099999999999982);
#1623=VECTOR('',#7766,0.099999999999982);
#1624=VECTOR('',#7771,0.099999999999982);
#1625=VECTOR('',#7774,0.099999999999982);
#1626=VECTOR('',#7777,0.099999999999982);
#1627=VECTOR('',#7780,0.100000000000021);
#1628=VECTOR('',#7785,0.100000000000021);
#1629=VECTOR('',#7790,0.099999999999982);
#1630=VECTOR('',#7793,0.099999999999982);
#1631=VECTOR('',#7796,0.099999999999982);
#1632=VECTOR('',#7801,0.099999999999982);
#1633=VECTOR('',#7804,0.099999999999982);
#1634=VECTOR('',#7807,0.099999999999982);
#1635=VECTOR('',#7810,0.100000000000021);
#1636=VECTOR('',#7815,0.100000000000021);
#1637=VECTOR('',#7820,0.099999999999982);
#1638=VECTOR('',#7823,0.099999999999982);
#1639=VECTOR('',#7826,0.099999999999982);
#1640=VECTOR('',#7831,0.099999999999982);
#1641=VECTOR('',#7834,0.099999999999982);
#1642=VECTOR('',#7837,0.099999999999982);
#1643=VECTOR('',#7840,0.100000000000021);
#1644=VECTOR('',#7845,0.100000000000021);
#1645=VECTOR('',#7850,0.099999999999982);
#1646=VECTOR('',#7853,0.099999999999982);
#1647=VECTOR('',#7856,0.099999999999982);
#1648=VECTOR('',#7861,0.099999999999982);
#1649=VECTOR('',#7864,0.099999999999982);
#1650=VECTOR('',#7867,0.099999999999982);
#1651=VECTOR('',#7870,0.100000000000021);
#1652=VECTOR('',#7875,0.100000000000021);
#1653=VECTOR('',#7880,0.099999999999982);
#1654=VECTOR('',#7883,0.099999999999982);
#1655=VECTOR('',#7886,0.099999999999982);
#1656=VECTOR('',#7889,0.099999999999982);
#1657=VECTOR('',#7892,0.099999999999982);
#1658=VECTOR('',#7895,0.099999999999982);
#1659=VECTOR('',#7898,0.099999999999982);
#1660=VECTOR('',#7901,0.099999999999982);
#1661=VECTOR('',#7904,0.099999999999982);
#1662=VECTOR('',#7907,0.099999999999982);
#1663=VECTOR('',#7910,0.099999999999982);
#1664=VECTOR('',#7913,0.099999999999982);
#1665=VECTOR('',#7914,0.099999999999982);
#1666=VECTOR('',#7919,0.099999999999982);
#1667=VECTOR('',#7922,0.099999999999982);
#1668=VECTOR('',#7925,0.099999999999982);
#1669=VECTOR('',#7926,0.100000000000021);
#1670=VECTOR('',#7929,0.099999999999982);
#1671=VECTOR('',#7934,0.099999999999982);
#1672=VECTOR('',#7939,0.099999999999982);
#1673=VECTOR('',#7944,0.099999999999982);
#1674=VECTOR('',#7945,0.100000000000021);
#1675=VECTOR('',#7948,0.099999999999982);
#1676=VECTOR('',#7957,0.099999999999982);
#1677=VECTOR('',#7960,0.099999999999982);
#1678=VECTOR('',#7963,0.099999999999982);
#1679=VECTOR('',#7968,0.099999999999982);
#1680=VECTOR('',#7971,0.099999999999982);
#1681=VECTOR('',#7974,0.100000000000021);
#1682=VECTOR('',#7977,0.099999999999982);
#1683=VECTOR('',#7982,0.099999999999982);
#1684=VECTOR('',#7983,0.100000000000021);
#1685=VECTOR('',#7986,0.099999999999982);
#1686=VECTOR('',#7995,0.099999999999982);
#1687=VECTOR('',#7998,0.099999999999982);
#1688=VECTOR('',#8001,0.099999999999982);
#1689=VECTOR('',#8002,0.100000000000021);
#1690=VECTOR('',#8005,0.099999999999982);
#1691=VECTOR('',#8010,0.099999999999982);
#1692=VECTOR('',#8015,0.099999999999982);
#1693=VECTOR('',#8020,0.099999999999982);
#1694=VECTOR('',#8021,0.100000000000021);
#1695=VECTOR('',#8024,0.099999999999982);
#1696=VECTOR('',#8033,0.099999999999982);
#1697=VECTOR('',#8036,0.099999999999982);
#1698=VECTOR('',#8039,0.099999999999982);
#1699=VECTOR('',#8040,0.100000000000021);
#1700=VECTOR('',#8043,0.099999999999982);
#1701=VECTOR('',#8048,0.099999999999982);
#1702=VECTOR('',#8053,0.099999999999982);
#1703=VECTOR('',#8058,0.099999999999982);
#1704=VECTOR('',#8059,0.100000000000021);
#1705=VECTOR('',#8062,0.099999999999982);
#1706=VECTOR('',#8071,0.099999999999982);
#1707=VECTOR('',#8074,0.099999999999982);
#1708=VECTOR('',#8077,0.099999999999982);
#1709=VECTOR('',#8078,0.100000000000021);
#1710=VECTOR('',#8081,0.099999999999982);
#1711=VECTOR('',#8086,0.099999999999982);
#1712=VECTOR('',#8091,0.099999999999982);
#1713=VECTOR('',#8096,0.099999999999982);
#1714=VECTOR('',#8097,0.100000000000021);
#1715=VECTOR('',#8100,0.099999999999982);
#1716=VECTOR('',#8109,0.099999999999982);
#1717=VECTOR('',#8112,0.099999999999982);
#1718=VECTOR('',#8115,0.099999999999982);
#1719=VECTOR('',#8116,0.100000000000021);
#1720=VECTOR('',#8119,0.099999999999982);
#1721=VECTOR('',#8124,0.099999999999982);
#1722=VECTOR('',#8129,0.099999999999982);
#1723=VECTOR('',#8134,0.099999999999982);
#1724=VECTOR('',#8135,0.100000000000021);
#1725=VECTOR('',#8138,0.099999999999982);
#1726=VECTOR('',#8149,0.31);
#1727=VECTOR('',#8158,0.31);
#1728=VECTOR('',#8167,0.31);
#1729=VECTOR('',#8176,0.31);
#1730=VECTOR('',#8185,0.31);
#1731=VECTOR('',#8226,0.31);
#1732=VECTOR('',#8235,0.31);
#1733=VECTOR('',#8244,0.31);
#1734=VECTOR('',#8253,0.31);
#1735=VECTOR('',#8262,0.31);
#1736=VECTOR('',#8271,0.24);
#1737=VECTOR('',#8274,0.24);
#1738=VECTOR('',#8277,0.24);
#1739=VECTOR('',#8280,0.24);
#1740=VECTOR('',#8283,0.24);
#1741=VECTOR('',#8288,0.24);
#1742=VECTOR('',#8301,0.31);
#1743=VECTOR('',#8304,0.31);
#1744=VECTOR('',#8319,0.414499999999999);
#1745=VECTOR('',#8324,1.);
#1746=VECTOR('',#8325,1.);
#1747=VECTOR('',#8328,1.);
#1748=VECTOR('',#8331,1.);
#1749=VECTOR('',#8336,1.);
#1750=VECTOR('',#8339,1.);
#1751=VECTOR('',#8342,1.);
#1752=VECTOR('',#8343,1.);
#1753=VECTOR('',#8346,1.);
#1754=VECTOR('',#8347,1.);
#1755=VECTOR('',#8348,1.);
#1756=VECTOR('',#8349,1.);
#1757=VECTOR('',#8354,1.);
#1758=VECTOR('',#8355,1.);
#1759=VECTOR('',#8356,1.);
#1760=VECTOR('',#8357,1.);
#1761=VECTOR('',#8358,1.);
#1762=VECTOR('',#8359,1.);
#1763=VECTOR('',#8360,1.);
#1764=VECTOR('',#8361,1.);
#1765=VECTOR('',#8364,1.);
#1766=VECTOR('',#8367,1.);
#1767=VECTOR('',#8372,1.);
#1768=VECTOR('',#8373,1.);
#1769=VECTOR('',#8374,1.);
#1770=VECTOR('',#8377,1.);
#1771=VECTOR('',#8378,1.);
#1772=VECTOR('',#8379,1.);
#1773=VECTOR('',#8382,1.);
#1774=VECTOR('',#8391,0.4000000052052);
#1775=VECTOR('',#8396,1.);
#1776=VECTOR('',#8397,1.);
#1777=VECTOR('',#8398,1.);
#1778=VECTOR('',#8401,1.);
#1779=VECTOR('',#8402,1.);
#1780=VECTOR('',#8405,1.);
#1781=VECTOR('',#8408,0.41);
#1782=VECTOR('',#8411,1.);
#1783=VECTOR('',#8412,1.);
#1784=VECTOR('',#8413,1.);
#1785=VECTOR('',#8416,1.);
#1786=VECTOR('',#8419,1.);
#1787=VECTOR('',#8432,1.);
#1788=VECTOR('',#8439,0.175000007032136);
#1789=VECTOR('',#8452,0.175000003680729);
#1790=VECTOR('',#8465,1.);
#1791=VECTOR('',#8466,1.);
#1792=VECTOR('',#8469,1.);
#1793=VECTOR('',#8472,1.);
#1794=CIRCLE('',#5818,0.149999999999999);
#1795=CIRCLE('',#5820,1.24999999999999);
#1796=CIRCLE('',#5821,1.24999999999999);
#1797=CIRCLE('',#5823,0.9);
#1798=CIRCLE('',#5824,0.41);
#1799=CIRCLE('',#5826,0.0100000000022075);
#1800=CIRCLE('',#5827,0.01);
#1801=CIRCLE('',#5830,0.0100000000022075);
#1802=CIRCLE('',#5831,0.01);
#1803=CIRCLE('',#5833,0.35);
#1804=CIRCLE('',#5834,0.02);
#1805=CIRCLE('',#5835,0.36);
#1806=CIRCLE('',#5836,0.02);
#1807=CIRCLE('',#5837,0.02);
#1808=CIRCLE('',#5838,0.36);
#1809=CIRCLE('',#5839,0.02);
#1810=CIRCLE('',#5840,0.02);
#1811=CIRCLE('',#5841,0.36);
#1812=CIRCLE('',#5842,0.02);
#1813=CIRCLE('',#5843,0.02);
#1814=CIRCLE('',#5844,0.36);
#1815=CIRCLE('',#5845,0.02);
#1816=CIRCLE('',#5846,0.02);
#1817=CIRCLE('',#5847,0.36);
#1818=CIRCLE('',#5848,0.02);
#1819=CIRCLE('',#5849,0.02);
#1820=CIRCLE('',#5850,0.36);
#1821=CIRCLE('',#5851,0.02);
#1822=CIRCLE('',#5852,0.02);
#1823=CIRCLE('',#5853,0.36);
#1824=CIRCLE('',#5854,0.02);
#1825=CIRCLE('',#5855,0.02);
#1826=CIRCLE('',#5856,0.36);
#1827=CIRCLE('',#5857,0.02);
#1828=CIRCLE('',#5858,0.02);
#1829=CIRCLE('',#5859,0.36);
#1830=CIRCLE('',#5860,0.02);
#1831=CIRCLE('',#5861,0.02);
#1832=CIRCLE('',#5862,0.36);
#1833=CIRCLE('',#5863,0.02);
#1834=CIRCLE('',#5864,0.02);
#1835=CIRCLE('',#5865,0.36);
#1836=CIRCLE('',#5866,0.02);
#1837=CIRCLE('',#5867,0.02);
#1838=CIRCLE('',#5868,0.36);
#1839=CIRCLE('',#5869,0.02);
#1840=CIRCLE('',#5870,0.31);
#1841=CIRCLE('',#5871,0.31);
#1842=CIRCLE('',#5872,0.31);
#1843=CIRCLE('',#5873,0.31);
#1844=CIRCLE('',#5874,0.31);
#1845=CIRCLE('',#5875,0.31);
#1846=CIRCLE('',#5877,0.35);
#1847=CIRCLE('',#5878,0.31);
#1848=CIRCLE('',#5879,0.02);
#1849=CIRCLE('',#5880,0.36);
#1850=CIRCLE('',#5881,0.02);
#1851=CIRCLE('',#5882,0.02);
#1852=CIRCLE('',#5883,0.36);
#1853=CIRCLE('',#5884,0.02);
#1854=CIRCLE('',#5885,0.02);
#1855=CIRCLE('',#5886,0.36);
#1856=CIRCLE('',#5887,0.02);
#1857=CIRCLE('',#5888,0.02);
#1858=CIRCLE('',#5889,0.36);
#1859=CIRCLE('',#5890,0.02);
#1860=CIRCLE('',#5891,0.02);
#1861=CIRCLE('',#5892,0.36);
#1862=CIRCLE('',#5893,0.02);
#1863=CIRCLE('',#5894,0.02);
#1864=CIRCLE('',#5895,0.36);
#1865=CIRCLE('',#5896,0.02);
#1866=CIRCLE('',#5897,0.02);
#1867=CIRCLE('',#5898,0.36);
#1868=CIRCLE('',#5899,0.02);
#1869=CIRCLE('',#5900,0.02);
#1870=CIRCLE('',#5901,0.36);
#1871=CIRCLE('',#5902,0.02);
#1872=CIRCLE('',#5903,0.02);
#1873=CIRCLE('',#5904,0.36);
#1874=CIRCLE('',#5905,0.02);
#1875=CIRCLE('',#5906,0.02);
#1876=CIRCLE('',#5907,0.36);
#1877=CIRCLE('',#5908,0.02);
#1878=CIRCLE('',#5909,0.02);
#1879=CIRCLE('',#5910,0.36);
#1880=CIRCLE('',#5911,0.02);
#1881=CIRCLE('',#5912,0.02);
#1882=CIRCLE('',#5913,0.36);
#1883=CIRCLE('',#5914,0.02);
#1884=CIRCLE('',#5915,0.31);
#1885=CIRCLE('',#5916,0.31);
#1886=CIRCLE('',#5917,0.31);
#1887=CIRCLE('',#5918,0.31);
#1888=CIRCLE('',#5919,0.31);
#1889=CIRCLE('',#5921,0.0100000000022075);
#1890=CIRCLE('',#5922,0.01);
#1891=CIRCLE('',#5925,0.0100000000022075);
#1892=CIRCLE('',#5926,0.0100000000009052);
#1893=CIRCLE('',#5928,0.02);
#1894=CIRCLE('',#5930,0.36);
#1895=CIRCLE('',#5932,0.02);
#1896=CIRCLE('',#5934,0.02);
#1897=CIRCLE('',#5935,0.36);
#1898=CIRCLE('',#5936,0.02);
#1899=CIRCLE('',#5940,0.02);
#1900=CIRCLE('',#5942,0.36);
#1901=CIRCLE('',#5944,0.02);
#1902=CIRCLE('',#5946,0.36);
#1903=CIRCLE('',#5947,0.02);
#1904=CIRCLE('',#5948,0.02);
#1905=CIRCLE('',#5951,0.02);
#1906=CIRCLE('',#5953,0.36);
#1907=CIRCLE('',#5955,0.02);
#1908=CIRCLE('',#5957,0.36);
#1909=CIRCLE('',#5958,0.02);
#1910=CIRCLE('',#5959,0.02);
#1911=CIRCLE('',#5962,0.02);
#1912=CIRCLE('',#5964,0.36);
#1913=CIRCLE('',#5966,0.02);
#1914=CIRCLE('',#5968,0.36);
#1915=CIRCLE('',#5969,0.02);
#1916=CIRCLE('',#5970,0.02);
#1917=CIRCLE('',#5973,0.02);
#1918=CIRCLE('',#5975,0.36);
#1919=CIRCLE('',#5977,0.02);
#1920=CIRCLE('',#5979,0.36);
#1921=CIRCLE('',#5980,0.02);
#1922=CIRCLE('',#5981,0.02);
#1923=CIRCLE('',#5984,0.02);
#1924=CIRCLE('',#5986,0.36);
#1925=CIRCLE('',#5988,0.02);
#1926=CIRCLE('',#5990,0.36);
#1927=CIRCLE('',#5991,0.02);
#1928=CIRCLE('',#5992,0.02);
#1929=CIRCLE('',#6007,0.02);
#1930=CIRCLE('',#6010,0.02);
#1931=CIRCLE('',#6012,0.36);
#1932=CIRCLE('',#6014,0.02);
#1933=CIRCLE('',#6017,0.02);
#1934=CIRCLE('',#6019,0.36);
#1935=CIRCLE('',#6021,0.02);
#1936=CIRCLE('',#6023,0.36);
#1937=CIRCLE('',#6025,0.02);
#1938=CIRCLE('',#6028,0.02);
#1939=CIRCLE('',#6031,0.02);
#1940=CIRCLE('',#6033,0.36);
#1941=CIRCLE('',#6035,0.02);
#1942=CIRCLE('',#6038,0.02);
#1943=CIRCLE('',#6040,0.36);
#1944=CIRCLE('',#6042,0.02);
#1945=CIRCLE('',#6045,0.02);
#1946=CIRCLE('',#6047,0.36);
#1947=CIRCLE('',#6049,0.02);
#1948=CIRCLE('',#6052,0.02);
#1949=CIRCLE('',#6054,0.36);
#1950=CIRCLE('',#6056,0.02);
#1951=CIRCLE('',#6059,0.02);
#1952=CIRCLE('',#6061,0.36);
#1953=CIRCLE('',#6063,0.02);
#1954=CIRCLE('',#6066,0.02);
#1955=CIRCLE('',#6068,0.36);
#1956=CIRCLE('',#6070,0.02);
#1957=CIRCLE('',#6073,0.02);
#1958=CIRCLE('',#6075,0.36);
#1959=CIRCLE('',#6077,0.02);
#1960=CIRCLE('',#6080,0.02);
#1961=CIRCLE('',#6082,0.36);
#1962=CIRCLE('',#6084,0.02);
#1963=CIRCLE('',#6087,0.02);
#1964=CIRCLE('',#6089,0.36);
#1965=CIRCLE('',#6091,0.31);
#1966=CIRCLE('',#6093,0.24);
#1967=CIRCLE('',#6095,0.31);
#1968=CIRCLE('',#6097,0.24);
#1969=CIRCLE('',#6099,0.31);
#1970=CIRCLE('',#6101,0.24);
#1971=CIRCLE('',#6103,0.31);
#1972=CIRCLE('',#6105,0.24);
#1973=CIRCLE('',#6107,0.31);
#1974=CIRCLE('',#6109,0.24);
#1975=CIRCLE('',#6128,0.31);
#1976=CIRCLE('',#6130,0.24);
#1977=CIRCLE('',#6132,0.31);
#1978=CIRCLE('',#6134,0.24);
#1979=CIRCLE('',#6136,0.31);
#1980=CIRCLE('',#6138,0.24);
#1981=CIRCLE('',#6140,0.31);
#1982=CIRCLE('',#6142,0.24);
#1983=CIRCLE('',#6144,0.31);
#1984=CIRCLE('',#6146,0.24);
#1985=CIRCLE('',#6153,0.24);
#1986=CIRCLE('',#6154,0.24);
#1987=CIRCLE('',#6156,0.31);
#1988=CIRCLE('',#6158,0.31);
#1989=CIRCLE('',#6162,0.36);
#1990=CIRCLE('',#6164,0.36);
#1991=CIRCLE('',#6167,0.0100000000022075);
#1992=CIRCLE('',#6168,0.01);
#1993=CIRCLE('',#6171,0.0100000000022075);
#1994=CIRCLE('',#6172,0.01);
#1995=CIRCLE('',#6174,0.35);
#1996=CIRCLE('',#6175,0.02);
#1997=CIRCLE('',#6176,0.36);
#1998=CIRCLE('',#6177,0.02);
#1999=CIRCLE('',#6178,0.02);
#2000=CIRCLE('',#6179,0.36);
#2001=CIRCLE('',#6180,0.02);
#2002=CIRCLE('',#6181,0.02);
#2003=CIRCLE('',#6182,0.36);
#2004=CIRCLE('',#6183,0.02);
#2005=CIRCLE('',#6184,0.02);
#2006=CIRCLE('',#6185,0.36);
#2007=CIRCLE('',#6186,0.02);
#2008=CIRCLE('',#6187,0.02);
#2009=CIRCLE('',#6188,0.36);
#2010=CIRCLE('',#6189,0.02);
#2011=CIRCLE('',#6190,0.02);
#2012=CIRCLE('',#6191,0.36);
#2013=CIRCLE('',#6192,0.02);
#2014=CIRCLE('',#6193,0.02);
#2015=CIRCLE('',#6194,0.36);
#2016=CIRCLE('',#6195,0.02);
#2017=CIRCLE('',#6196,0.02);
#2018=CIRCLE('',#6197,0.36);
#2019=CIRCLE('',#6198,0.02);
#2020=CIRCLE('',#6199,0.02);
#2021=CIRCLE('',#6200,0.36);
#2022=CIRCLE('',#6201,0.02);
#2023=CIRCLE('',#6202,0.02);
#2024=CIRCLE('',#6203,0.36);
#2025=CIRCLE('',#6204,0.02);
#2026=CIRCLE('',#6205,0.02);
#2027=CIRCLE('',#6206,0.36);
#2028=CIRCLE('',#6207,0.02);
#2029=CIRCLE('',#6208,0.02);
#2030=CIRCLE('',#6209,0.36);
#2031=CIRCLE('',#6210,0.02);
#2032=CIRCLE('',#6211,0.31);
#2033=CIRCLE('',#6212,0.31);
#2034=CIRCLE('',#6213,0.31);
#2035=CIRCLE('',#6214,0.31);
#2036=CIRCLE('',#6215,0.31);
#2037=CIRCLE('',#6216,0.31);
#2038=CIRCLE('',#6218,0.35);
#2039=CIRCLE('',#6219,0.31);
#2040=CIRCLE('',#6220,0.02);
#2041=CIRCLE('',#6221,0.36);
#2042=CIRCLE('',#6222,0.02);
#2043=CIRCLE('',#6223,0.02);
#2044=CIRCLE('',#6224,0.36);
#2045=CIRCLE('',#6225,0.02);
#2046=CIRCLE('',#6226,0.02);
#2047=CIRCLE('',#6227,0.36);
#2048=CIRCLE('',#6228,0.02);
#2049=CIRCLE('',#6229,0.02);
#2050=CIRCLE('',#6230,0.36);
#2051=CIRCLE('',#6231,0.02);
#2052=CIRCLE('',#6232,0.02);
#2053=CIRCLE('',#6233,0.36);
#2054=CIRCLE('',#6234,0.02);
#2055=CIRCLE('',#6235,0.02);
#2056=CIRCLE('',#6236,0.36);
#2057=CIRCLE('',#6237,0.02);
#2058=CIRCLE('',#6238,0.02);
#2059=CIRCLE('',#6239,0.36);
#2060=CIRCLE('',#6240,0.02);
#2061=CIRCLE('',#6241,0.02);
#2062=CIRCLE('',#6242,0.36);
#2063=CIRCLE('',#6243,0.02);
#2064=CIRCLE('',#6244,0.02);
#2065=CIRCLE('',#6245,0.36);
#2066=CIRCLE('',#6246,0.02);
#2067=CIRCLE('',#6247,0.02);
#2068=CIRCLE('',#6248,0.36);
#2069=CIRCLE('',#6249,0.02);
#2070=CIRCLE('',#6250,0.02);
#2071=CIRCLE('',#6251,0.36);
#2072=CIRCLE('',#6252,0.02);
#2073=CIRCLE('',#6253,0.02);
#2074=CIRCLE('',#6254,0.36);
#2075=CIRCLE('',#6255,0.02);
#2076=CIRCLE('',#6256,0.31);
#2077=CIRCLE('',#6257,0.31);
#2078=CIRCLE('',#6258,0.31);
#2079=CIRCLE('',#6259,0.31);
#2080=CIRCLE('',#6260,0.31);
#2081=CIRCLE('',#6262,0.0100000000022075);
#2082=CIRCLE('',#6263,0.01);
#2083=CIRCLE('',#6266,0.0100000000022075);
#2084=CIRCLE('',#6267,0.0100000000009052);
#2085=CIRCLE('',#6269,0.02);
#2086=CIRCLE('',#6271,0.36);
#2087=CIRCLE('',#6273,0.02);
#2088=CIRCLE('',#6275,0.02);
#2089=CIRCLE('',#6276,0.36);
#2090=CIRCLE('',#6277,0.02);
#2091=CIRCLE('',#6281,0.02);
#2092=CIRCLE('',#6283,0.36);
#2093=CIRCLE('',#6285,0.02);
#2094=CIRCLE('',#6287,0.36);
#2095=CIRCLE('',#6288,0.02);
#2096=CIRCLE('',#6289,0.02);
#2097=CIRCLE('',#6292,0.02);
#2098=CIRCLE('',#6294,0.36);
#2099=CIRCLE('',#6296,0.02);
#2100=CIRCLE('',#6298,0.36);
#2101=CIRCLE('',#6299,0.02);
#2102=CIRCLE('',#6300,0.02);
#2103=CIRCLE('',#6303,0.02);
#2104=CIRCLE('',#6305,0.36);
#2105=CIRCLE('',#6307,0.02);
#2106=CIRCLE('',#6309,0.36);
#2107=CIRCLE('',#6310,0.02);
#2108=CIRCLE('',#6311,0.02);
#2109=CIRCLE('',#6314,0.02);
#2110=CIRCLE('',#6316,0.36);
#2111=CIRCLE('',#6318,0.02);
#2112=CIRCLE('',#6320,0.36);
#2113=CIRCLE('',#6321,0.02);
#2114=CIRCLE('',#6322,0.02);
#2115=CIRCLE('',#6325,0.02);
#2116=CIRCLE('',#6327,0.36);
#2117=CIRCLE('',#6329,0.02);
#2118=CIRCLE('',#6331,0.36);
#2119=CIRCLE('',#6332,0.02);
#2120=CIRCLE('',#6333,0.02);
#2121=CIRCLE('',#6348,0.02);
#2122=CIRCLE('',#6351,0.02);
#2123=CIRCLE('',#6353,0.36);
#2124=CIRCLE('',#6355,0.02);
#2125=CIRCLE('',#6358,0.02);
#2126=CIRCLE('',#6360,0.36);
#2127=CIRCLE('',#6362,0.02);
#2128=CIRCLE('',#6364,0.36);
#2129=CIRCLE('',#6366,0.02);
#2130=CIRCLE('',#6369,0.02);
#2131=CIRCLE('',#6372,0.02);
#2132=CIRCLE('',#6374,0.36);
#2133=CIRCLE('',#6376,0.02);
#2134=CIRCLE('',#6379,0.02);
#2135=CIRCLE('',#6381,0.36);
#2136=CIRCLE('',#6383,0.02);
#2137=CIRCLE('',#6386,0.02);
#2138=CIRCLE('',#6388,0.36);
#2139=CIRCLE('',#6390,0.02);
#2140=CIRCLE('',#6393,0.02);
#2141=CIRCLE('',#6395,0.36);
#2142=CIRCLE('',#6397,0.02);
#2143=CIRCLE('',#6400,0.02);
#2144=CIRCLE('',#6402,0.36);
#2145=CIRCLE('',#6404,0.02);
#2146=CIRCLE('',#6407,0.02);
#2147=CIRCLE('',#6409,0.36);
#2148=CIRCLE('',#6411,0.02);
#2149=CIRCLE('',#6414,0.02);
#2150=CIRCLE('',#6416,0.36);
#2151=CIRCLE('',#6418,0.02);
#2152=CIRCLE('',#6421,0.02);
#2153=CIRCLE('',#6423,0.36);
#2154=CIRCLE('',#6425,0.02);
#2155=CIRCLE('',#6428,0.02);
#2156=CIRCLE('',#6430,0.36);
#2157=CIRCLE('',#6432,0.31);
#2158=CIRCLE('',#6434,0.24);
#2159=CIRCLE('',#6436,0.31);
#2160=CIRCLE('',#6438,0.24);
#2161=CIRCLE('',#6440,0.31);
#2162=CIRCLE('',#6442,0.24);
#2163=CIRCLE('',#6444,0.31);
#2164=CIRCLE('',#6446,0.24);
#2165=CIRCLE('',#6448,0.31);
#2166=CIRCLE('',#6450,0.24);
#2167=CIRCLE('',#6469,0.31);
#2168=CIRCLE('',#6471,0.24);
#2169=CIRCLE('',#6473,0.31);
#2170=CIRCLE('',#6475,0.24);
#2171=CIRCLE('',#6477,0.31);
#2172=CIRCLE('',#6479,0.24);
#2173=CIRCLE('',#6481,0.31);
#2174=CIRCLE('',#6483,0.24);
#2175=CIRCLE('',#6485,0.31);
#2176=CIRCLE('',#6487,0.24);
#2177=CIRCLE('',#6494,0.24);
#2178=CIRCLE('',#6495,0.24);
#2179=CIRCLE('',#6497,0.31);
#2180=CIRCLE('',#6499,0.31);
#2181=CIRCLE('',#6503,0.36);
#2182=CIRCLE('',#6505,0.36);
#2183=CIRCLE('',#6508,0.414499999999999);
#2184=CIRCLE('',#6509,0.414499999999999);
#2185=CIRCLE('',#6511,1.50200000010238);
#2186=CIRCLE('',#6512,0.9);
#2187=CIRCLE('',#6513,0.41);
#2188=CIRCLE('',#6515,1.50200000010238);
#2189=CIRCLE('',#6519,0.4);
#2190=CIRCLE('',#6521,0.650000000000002);
#2191=CIRCLE('',#6522,0.650000000000002);
#2192=CIRCLE('',#6526,3.15000000000001);
#2193=CIRCLE('',#6527,3.15000000000001);
#2194=CIRCLE('',#6529,0.4000000052052);
#2195=CIRCLE('',#6530,0.4000000052052);
#2196=CIRCLE('',#6537,0.85);
#2197=CIRCLE('',#6539,0.85);
#2198=CIRCLE('',#6540,0.175000003680729);
#2199=CIRCLE('',#6541,0.175000007032136);
#2200=CIRCLE('',#6543,0.85);
#2201=CIRCLE('',#6547,0.175000007032136);
#2202=CIRCLE('',#6548,0.175000007032136);
#2203=CIRCLE('',#6550,0.375000007032136);
#2204=CIRCLE('',#6551,0.2);
#2205=CIRCLE('',#6553,0.175000003680729);
#2206=CIRCLE('',#6554,0.175000003680729);
#2207=CIRCLE('',#6556,0.375000003680729);
#2208=CIRCLE('',#6557,0.2);
#2209=VERTEX_POINT('',#8485);
#2210=VERTEX_POINT('',#8486);
#2211=VERTEX_POINT('',#8488);
#2212=VERTEX_POINT('',#8490);
#2213=VERTEX_POINT('',#8501);
#2214=VERTEX_POINT('',#8503);
#2215=VERTEX_POINT('',#8505);
#2216=VERTEX_POINT('',#8507);
#2217=VERTEX_POINT('',#8520);
#2218=VERTEX_POINT('',#8522);
#2219=VERTEX_POINT('',#8524);
#2220=VERTEX_POINT('',#8526);
#2221=VERTEX_POINT('',#8528);
#2222=VERTEX_POINT('',#8531);
#2223=VERTEX_POINT('',#8534);
#2224=VERTEX_POINT('',#8535);
#2225=VERTEX_POINT('',#8537);
#2226=VERTEX_POINT('',#8539);
#2227=VERTEX_POINT('',#8543);
#2228=VERTEX_POINT('',#8545);
#2229=VERTEX_POINT('',#8549);
#2230=VERTEX_POINT('',#8551);
#2231=VERTEX_POINT('',#8555);
#2232=VERTEX_POINT('',#8557);
#2233=VERTEX_POINT('',#8560);
#2234=VERTEX_POINT('',#8561);
#2235=VERTEX_POINT('',#8563);
#2236=VERTEX_POINT('',#8565);
#2237=VERTEX_POINT('',#8567);
#2238=VERTEX_POINT('',#8569);
#2239=VERTEX_POINT('',#8571);
#2240=VERTEX_POINT('',#8573);
#2241=VERTEX_POINT('',#8576);
#2242=VERTEX_POINT('',#8577);
#2243=VERTEX_POINT('',#8579);
#2244=VERTEX_POINT('',#8581);
#2245=VERTEX_POINT('',#8583);
#2246=VERTEX_POINT('',#8585);
#2247=VERTEX_POINT('',#8587);
#2248=VERTEX_POINT('',#8589);
#2249=VERTEX_POINT('',#8592);
#2250=VERTEX_POINT('',#8593);
#2251=VERTEX_POINT('',#8595);
#2252=VERTEX_POINT('',#8597);
#2253=VERTEX_POINT('',#8599);
#2254=VERTEX_POINT('',#8601);
#2255=VERTEX_POINT('',#8603);
#2256=VERTEX_POINT('',#8605);
#2257=VERTEX_POINT('',#8608);
#2258=VERTEX_POINT('',#8609);
#2259=VERTEX_POINT('',#8611);
#2260=VERTEX_POINT('',#8613);
#2261=VERTEX_POINT('',#8615);
#2262=VERTEX_POINT('',#8617);
#2263=VERTEX_POINT('',#8619);
#2264=VERTEX_POINT('',#8621);
#2265=VERTEX_POINT('',#8624);
#2266=VERTEX_POINT('',#8625);
#2267=VERTEX_POINT('',#8627);
#2268=VERTEX_POINT('',#8629);
#2269=VERTEX_POINT('',#8631);
#2270=VERTEX_POINT('',#8633);
#2271=VERTEX_POINT('',#8635);
#2272=VERTEX_POINT('',#8637);
#2273=VERTEX_POINT('',#8640);
#2274=VERTEX_POINT('',#8641);
#2275=VERTEX_POINT('',#8643);
#2276=VERTEX_POINT('',#8645);
#2277=VERTEX_POINT('',#8647);
#2278=VERTEX_POINT('',#8649);
#2279=VERTEX_POINT('',#8651);
#2280=VERTEX_POINT('',#8653);
#2281=VERTEX_POINT('',#8656);
#2282=VERTEX_POINT('',#8658);
#2283=VERTEX_POINT('',#8660);
#2284=VERTEX_POINT('',#8662);
#2285=VERTEX_POINT('',#8664);
#2286=VERTEX_POINT('',#8666);
#2287=VERTEX_POINT('',#8669);
#2288=VERTEX_POINT('',#8671);
#2289=VERTEX_POINT('',#8674);
#2290=VERTEX_POINT('',#8676);
#2291=VERTEX_POINT('',#8677);
#2292=VERTEX_POINT('',#8679);
#2293=VERTEX_POINT('',#8681);
#2294=VERTEX_POINT('',#8683);
#2295=VERTEX_POINT('',#8685);
#2296=VERTEX_POINT('',#8687);
#2297=VERTEX_POINT('',#8689);
#2298=VERTEX_POINT('',#8692);
#2299=VERTEX_POINT('',#8693);
#2300=VERTEX_POINT('',#8695);
#2301=VERTEX_POINT('',#8697);
#2302=VERTEX_POINT('',#8699);
#2303=VERTEX_POINT('',#8701);
#2304=VERTEX_POINT('',#8703);
#2305=VERTEX_POINT('',#8705);
#2306=VERTEX_POINT('',#8708);
#2307=VERTEX_POINT('',#8709);
#2308=VERTEX_POINT('',#8711);
#2309=VERTEX_POINT('',#8713);
#2310=VERTEX_POINT('',#8715);
#2311=VERTEX_POINT('',#8717);
#2312=VERTEX_POINT('',#8719);
#2313=VERTEX_POINT('',#8721);
#2314=VERTEX_POINT('',#8724);
#2315=VERTEX_POINT('',#8725);
#2316=VERTEX_POINT('',#8727);
#2317=VERTEX_POINT('',#8729);
#2318=VERTEX_POINT('',#8731);
#2319=VERTEX_POINT('',#8733);
#2320=VERTEX_POINT('',#8735);
#2321=VERTEX_POINT('',#8737);
#2322=VERTEX_POINT('',#8740);
#2323=VERTEX_POINT('',#8741);
#2324=VERTEX_POINT('',#8743);
#2325=VERTEX_POINT('',#8745);
#2326=VERTEX_POINT('',#8747);
#2327=VERTEX_POINT('',#8749);
#2328=VERTEX_POINT('',#8751);
#2329=VERTEX_POINT('',#8753);
#2330=VERTEX_POINT('',#8756);
#2331=VERTEX_POINT('',#8757);
#2332=VERTEX_POINT('',#8759);
#2333=VERTEX_POINT('',#8761);
#2334=VERTEX_POINT('',#8763);
#2335=VERTEX_POINT('',#8765);
#2336=VERTEX_POINT('',#8767);
#2337=VERTEX_POINT('',#8769);
#2338=VERTEX_POINT('',#8772);
#2339=VERTEX_POINT('',#8774);
#2340=VERTEX_POINT('',#8776);
#2341=VERTEX_POINT('',#8778);
#2342=VERTEX_POINT('',#8780);
#2343=VERTEX_POINT('',#8783);
#2344=VERTEX_POINT('',#8785);
#2345=VERTEX_POINT('',#8789);
#2346=VERTEX_POINT('',#8791);
#2347=VERTEX_POINT('',#8798);
#2348=VERTEX_POINT('',#8800);
#2349=VERTEX_POINT('',#8804);
#2350=VERTEX_POINT('',#8808);
#2351=VERTEX_POINT('',#8810);
#2352=VERTEX_POINT('',#8814);
#2353=VERTEX_POINT('',#8816);
#2354=VERTEX_POINT('',#8819);
#2355=VERTEX_POINT('',#8826);
#2356=VERTEX_POINT('',#8828);
#2357=VERTEX_POINT('',#8832);
#2358=VERTEX_POINT('',#8836);
#2359=VERTEX_POINT('',#8838);
#2360=VERTEX_POINT('',#8843);
#2361=VERTEX_POINT('',#8845);
#2362=VERTEX_POINT('',#8847);
#2363=VERTEX_POINT('',#8853);
#2364=VERTEX_POINT('',#8855);
#2365=VERTEX_POINT('',#8859);
#2366=VERTEX_POINT('',#8863);
#2367=VERTEX_POINT('',#8865);
#2368=VERTEX_POINT('',#8870);
#2369=VERTEX_POINT('',#8872);
#2370=VERTEX_POINT('',#8874);
#2371=VERTEX_POINT('',#8880);
#2372=VERTEX_POINT('',#8882);
#2373=VERTEX_POINT('',#8886);
#2374=VERTEX_POINT('',#8890);
#2375=VERTEX_POINT('',#8892);
#2376=VERTEX_POINT('',#8897);
#2377=VERTEX_POINT('',#8899);
#2378=VERTEX_POINT('',#8901);
#2379=VERTEX_POINT('',#8907);
#2380=VERTEX_POINT('',#8909);
#2381=VERTEX_POINT('',#8913);
#2382=VERTEX_POINT('',#8917);
#2383=VERTEX_POINT('',#8919);
#2384=VERTEX_POINT('',#8924);
#2385=VERTEX_POINT('',#8926);
#2386=VERTEX_POINT('',#8928);
#2387=VERTEX_POINT('',#8934);
#2388=VERTEX_POINT('',#8936);
#2389=VERTEX_POINT('',#8940);
#2390=VERTEX_POINT('',#8944);
#2391=VERTEX_POINT('',#8946);
#2392=VERTEX_POINT('',#8951);
#2393=VERTEX_POINT('',#8953);
#2394=VERTEX_POINT('',#8955);
#2395=VERTEX_POINT('',#8985);
#2396=VERTEX_POINT('',#8987);
#2397=VERTEX_POINT('',#8991);
#2398=VERTEX_POINT('',#8995);
#2399=VERTEX_POINT('',#8999);
#2400=VERTEX_POINT('',#9003);
#2401=VERTEX_POINT('',#9007);
#2402=VERTEX_POINT('',#9011);
#2403=VERTEX_POINT('',#9017);
#2404=VERTEX_POINT('',#9019);
#2405=VERTEX_POINT('',#9023);
#2406=VERTEX_POINT('',#9027);
#2407=VERTEX_POINT('',#9029);
#2408=VERTEX_POINT('',#9035);
#2409=VERTEX_POINT('',#9039);
#2410=VERTEX_POINT('',#9043);
#2411=VERTEX_POINT('',#9049);
#2412=VERTEX_POINT('',#9051);
#2413=VERTEX_POINT('',#9055);
#2414=VERTEX_POINT('',#9059);
#2415=VERTEX_POINT('',#9063);
#2416=VERTEX_POINT('',#9067);
#2417=VERTEX_POINT('',#9071);
#2418=VERTEX_POINT('',#9075);
#2419=VERTEX_POINT('',#9081);
#2420=VERTEX_POINT('',#9083);
#2421=VERTEX_POINT('',#9087);
#2422=VERTEX_POINT('',#9091);
#2423=VERTEX_POINT('',#9095);
#2424=VERTEX_POINT('',#9099);
#2425=VERTEX_POINT('',#9103);
#2426=VERTEX_POINT('',#9107);
#2427=VERTEX_POINT('',#9113);
#2428=VERTEX_POINT('',#9115);
#2429=VERTEX_POINT('',#9119);
#2430=VERTEX_POINT('',#9123);
#2431=VERTEX_POINT('',#9127);
#2432=VERTEX_POINT('',#9131);
#2433=VERTEX_POINT('',#9135);
#2434=VERTEX_POINT('',#9139);
#2435=VERTEX_POINT('',#9145);
#2436=VERTEX_POINT('',#9147);
#2437=VERTEX_POINT('',#9151);
#2438=VERTEX_POINT('',#9155);
#2439=VERTEX_POINT('',#9159);
#2440=VERTEX_POINT('',#9163);
#2441=VERTEX_POINT('',#9167);
#2442=VERTEX_POINT('',#9171);
#2443=VERTEX_POINT('',#9177);
#2444=VERTEX_POINT('',#9181);
#2445=VERTEX_POINT('',#9184);
#2446=VERTEX_POINT('',#9188);
#2447=VERTEX_POINT('',#9191);
#2448=VERTEX_POINT('',#9195);
#2449=VERTEX_POINT('',#9198);
#2450=VERTEX_POINT('',#9202);
#2451=VERTEX_POINT('',#9205);
#2452=VERTEX_POINT('',#9209);
#2453=VERTEX_POINT('',#9229);
#2454=VERTEX_POINT('',#9233);
#2455=VERTEX_POINT('',#9236);
#2456=VERTEX_POINT('',#9240);
#2457=VERTEX_POINT('',#9243);
#2458=VERTEX_POINT('',#9247);
#2459=VERTEX_POINT('',#9250);
#2460=VERTEX_POINT('',#9254);
#2461=VERTEX_POINT('',#9257);
#2462=VERTEX_POINT('',#9261);
#2463=VERTEX_POINT('',#9274);
#2464=VERTEX_POINT('',#9276);
#2465=VERTEX_POINT('',#9280);
#2466=VERTEX_POINT('',#9283);
#2467=VERTEX_POINT('',#9295);
#2468=VERTEX_POINT('',#9296);
#2469=VERTEX_POINT('',#9298);
#2470=VERTEX_POINT('',#9300);
#2471=VERTEX_POINT('',#9304);
#2472=VERTEX_POINT('',#9306);
#2473=VERTEX_POINT('',#9310);
#2474=VERTEX_POINT('',#9312);
#2475=VERTEX_POINT('',#9316);
#2476=VERTEX_POINT('',#9318);
#2477=VERTEX_POINT('',#9321);
#2478=VERTEX_POINT('',#9322);
#2479=VERTEX_POINT('',#9324);
#2480=VERTEX_POINT('',#9326);
#2481=VERTEX_POINT('',#9328);
#2482=VERTEX_POINT('',#9330);
#2483=VERTEX_POINT('',#9332);
#2484=VERTEX_POINT('',#9334);
#2485=VERTEX_POINT('',#9337);
#2486=VERTEX_POINT('',#9338);
#2487=VERTEX_POINT('',#9340);
#2488=VERTEX_POINT('',#9342);
#2489=VERTEX_POINT('',#9344);
#2490=VERTEX_POINT('',#9346);
#2491=VERTEX_POINT('',#9348);
#2492=VERTEX_POINT('',#9350);
#2493=VERTEX_POINT('',#9353);
#2494=VERTEX_POINT('',#9354);
#2495=VERTEX_POINT('',#9356);
#2496=VERTEX_POINT('',#9358);
#2497=VERTEX_POINT('',#9360);
#2498=VERTEX_POINT('',#9362);
#2499=VERTEX_POINT('',#9364);
#2500=VERTEX_POINT('',#9366);
#2501=VERTEX_POINT('',#9369);
#2502=VERTEX_POINT('',#9370);
#2503=VERTEX_POINT('',#9372);
#2504=VERTEX_POINT('',#9374);
#2505=VERTEX_POINT('',#9376);
#2506=VERTEX_POINT('',#9378);
#2507=VERTEX_POINT('',#9380);
#2508=VERTEX_POINT('',#9382);
#2509=VERTEX_POINT('',#9385);
#2510=VERTEX_POINT('',#9386);
#2511=VERTEX_POINT('',#9388);
#2512=VERTEX_POINT('',#9390);
#2513=VERTEX_POINT('',#9392);
#2514=VERTEX_POINT('',#9394);
#2515=VERTEX_POINT('',#9396);
#2516=VERTEX_POINT('',#9398);
#2517=VERTEX_POINT('',#9401);
#2518=VERTEX_POINT('',#9402);
#2519=VERTEX_POINT('',#9404);
#2520=VERTEX_POINT('',#9406);
#2521=VERTEX_POINT('',#9408);
#2522=VERTEX_POINT('',#9410);
#2523=VERTEX_POINT('',#9412);
#2524=VERTEX_POINT('',#9414);
#2525=VERTEX_POINT('',#9417);
#2526=VERTEX_POINT('',#9419);
#2527=VERTEX_POINT('',#9421);
#2528=VERTEX_POINT('',#9423);
#2529=VERTEX_POINT('',#9425);
#2530=VERTEX_POINT('',#9427);
#2531=VERTEX_POINT('',#9430);
#2532=VERTEX_POINT('',#9432);
#2533=VERTEX_POINT('',#9435);
#2534=VERTEX_POINT('',#9437);
#2535=VERTEX_POINT('',#9438);
#2536=VERTEX_POINT('',#9440);
#2537=VERTEX_POINT('',#9442);
#2538=VERTEX_POINT('',#9444);
#2539=VERTEX_POINT('',#9446);
#2540=VERTEX_POINT('',#9448);
#2541=VERTEX_POINT('',#9450);
#2542=VERTEX_POINT('',#9453);
#2543=VERTEX_POINT('',#9454);
#2544=VERTEX_POINT('',#9456);
#2545=VERTEX_POINT('',#9458);
#2546=VERTEX_POINT('',#9460);
#2547=VERTEX_POINT('',#9462);
#2548=VERTEX_POINT('',#9464);
#2549=VERTEX_POINT('',#9466);
#2550=VERTEX_POINT('',#9469);
#2551=VERTEX_POINT('',#9470);
#2552=VERTEX_POINT('',#9472);
#2553=VERTEX_POINT('',#9474);
#2554=VERTEX_POINT('',#9476);
#2555=VERTEX_POINT('',#9478);
#2556=VERTEX_POINT('',#9480);
#2557=VERTEX_POINT('',#9482);
#2558=VERTEX_POINT('',#9485);
#2559=VERTEX_POINT('',#9486);
#2560=VERTEX_POINT('',#9488);
#2561=VERTEX_POINT('',#9490);
#2562=VERTEX_POINT('',#9492);
#2563=VERTEX_POINT('',#9494);
#2564=VERTEX_POINT('',#9496);
#2565=VERTEX_POINT('',#9498);
#2566=VERTEX_POINT('',#9501);
#2567=VERTEX_POINT('',#9502);
#2568=VERTEX_POINT('',#9504);
#2569=VERTEX_POINT('',#9506);
#2570=VERTEX_POINT('',#9508);
#2571=VERTEX_POINT('',#9510);
#2572=VERTEX_POINT('',#9512);
#2573=VERTEX_POINT('',#9514);
#2574=VERTEX_POINT('',#9517);
#2575=VERTEX_POINT('',#9518);
#2576=VERTEX_POINT('',#9520);
#2577=VERTEX_POINT('',#9522);
#2578=VERTEX_POINT('',#9524);
#2579=VERTEX_POINT('',#9526);
#2580=VERTEX_POINT('',#9528);
#2581=VERTEX_POINT('',#9530);
#2582=VERTEX_POINT('',#9533);
#2583=VERTEX_POINT('',#9535);
#2584=VERTEX_POINT('',#9537);
#2585=VERTEX_POINT('',#9539);
#2586=VERTEX_POINT('',#9541);
#2587=VERTEX_POINT('',#9544);
#2588=VERTEX_POINT('',#9546);
#2589=VERTEX_POINT('',#9550);
#2590=VERTEX_POINT('',#9552);
#2591=VERTEX_POINT('',#9559);
#2592=VERTEX_POINT('',#9561);
#2593=VERTEX_POINT('',#9565);
#2594=VERTEX_POINT('',#9569);
#2595=VERTEX_POINT('',#9571);
#2596=VERTEX_POINT('',#9575);
#2597=VERTEX_POINT('',#9577);
#2598=VERTEX_POINT('',#9580);
#2599=VERTEX_POINT('',#9587);
#2600=VERTEX_POINT('',#9589);
#2601=VERTEX_POINT('',#9593);
#2602=VERTEX_POINT('',#9597);
#2603=VERTEX_POINT('',#9599);
#2604=VERTEX_POINT('',#9604);
#2605=VERTEX_POINT('',#9606);
#2606=VERTEX_POINT('',#9608);
#2607=VERTEX_POINT('',#9614);
#2608=VERTEX_POINT('',#9616);
#2609=VERTEX_POINT('',#9620);
#2610=VERTEX_POINT('',#9624);
#2611=VERTEX_POINT('',#9626);
#2612=VERTEX_POINT('',#9631);
#2613=VERTEX_POINT('',#9633);
#2614=VERTEX_POINT('',#9635);
#2615=VERTEX_POINT('',#9641);
#2616=VERTEX_POINT('',#9643);
#2617=VERTEX_POINT('',#9647);
#2618=VERTEX_POINT('',#9651);
#2619=VERTEX_POINT('',#9653);
#2620=VERTEX_POINT('',#9658);
#2621=VERTEX_POINT('',#9660);
#2622=VERTEX_POINT('',#9662);
#2623=VERTEX_POINT('',#9668);
#2624=VERTEX_POINT('',#9670);
#2625=VERTEX_POINT('',#9674);
#2626=VERTEX_POINT('',#9678);
#2627=VERTEX_POINT('',#9680);
#2628=VERTEX_POINT('',#9685);
#2629=VERTEX_POINT('',#9687);
#2630=VERTEX_POINT('',#9689);
#2631=VERTEX_POINT('',#9695);
#2632=VERTEX_POINT('',#9697);
#2633=VERTEX_POINT('',#9701);
#2634=VERTEX_POINT('',#9705);
#2635=VERTEX_POINT('',#9707);
#2636=VERTEX_POINT('',#9712);
#2637=VERTEX_POINT('',#9714);
#2638=VERTEX_POINT('',#9716);
#2639=VERTEX_POINT('',#9746);
#2640=VERTEX_POINT('',#9748);
#2641=VERTEX_POINT('',#9752);
#2642=VERTEX_POINT('',#9756);
#2643=VERTEX_POINT('',#9760);
#2644=VERTEX_POINT('',#9764);
#2645=VERTEX_POINT('',#9768);
#2646=VERTEX_POINT('',#9772);
#2647=VERTEX_POINT('',#9778);
#2648=VERTEX_POINT('',#9780);
#2649=VERTEX_POINT('',#9784);
#2650=VERTEX_POINT('',#9788);
#2651=VERTEX_POINT('',#9790);
#2652=VERTEX_POINT('',#9796);
#2653=VERTEX_POINT('',#9800);
#2654=VERTEX_POINT('',#9804);
#2655=VERTEX_POINT('',#9810);
#2656=VERTEX_POINT('',#9812);
#2657=VERTEX_POINT('',#9816);
#2658=VERTEX_POINT('',#9820);
#2659=VERTEX_POINT('',#9824);
#2660=VERTEX_POINT('',#9828);
#2661=VERTEX_POINT('',#9832);
#2662=VERTEX_POINT('',#9836);
#2663=VERTEX_POINT('',#9842);
#2664=VERTEX_POINT('',#9844);
#2665=VERTEX_POINT('',#9848);
#2666=VERTEX_POINT('',#9852);
#2667=VERTEX_POINT('',#9856);
#2668=VERTEX_POINT('',#9860);
#2669=VERTEX_POINT('',#9864);
#2670=VERTEX_POINT('',#9868);
#2671=VERTEX_POINT('',#9874);
#2672=VERTEX_POINT('',#9876);
#2673=VERTEX_POINT('',#9880);
#2674=VERTEX_POINT('',#9884);
#2675=VERTEX_POINT('',#9888);
#2676=VERTEX_POINT('',#9892);
#2677=VERTEX_POINT('',#9896);
#2678=VERTEX_POINT('',#9900);
#2679=VERTEX_POINT('',#9906);
#2680=VERTEX_POINT('',#9908);
#2681=VERTEX_POINT('',#9912);
#2682=VERTEX_POINT('',#9916);
#2683=VERTEX_POINT('',#9920);
#2684=VERTEX_POINT('',#9924);
#2685=VERTEX_POINT('',#9928);
#2686=VERTEX_POINT('',#9932);
#2687=VERTEX_POINT('',#9938);
#2688=VERTEX_POINT('',#9942);
#2689=VERTEX_POINT('',#9945);
#2690=VERTEX_POINT('',#9949);
#2691=VERTEX_POINT('',#9952);
#2692=VERTEX_POINT('',#9956);
#2693=VERTEX_POINT('',#9959);
#2694=VERTEX_POINT('',#9963);
#2695=VERTEX_POINT('',#9966);
#2696=VERTEX_POINT('',#9970);
#2697=VERTEX_POINT('',#9990);
#2698=VERTEX_POINT('',#9994);
#2699=VERTEX_POINT('',#9997);
#2700=VERTEX_POINT('',#10001);
#2701=VERTEX_POINT('',#10004);
#2702=VERTEX_POINT('',#10008);
#2703=VERTEX_POINT('',#10011);
#2704=VERTEX_POINT('',#10015);
#2705=VERTEX_POINT('',#10018);
#2706=VERTEX_POINT('',#10022);
#2707=VERTEX_POINT('',#10035);
#2708=VERTEX_POINT('',#10037);
#2709=VERTEX_POINT('',#10041);
#2710=VERTEX_POINT('',#10044);
#2711=VERTEX_POINT('',#10056);
#2712=VERTEX_POINT('',#10058);
#2713=VERTEX_POINT('',#10062);
#2714=VERTEX_POINT('',#10063);
#2715=VERTEX_POINT('',#10065);
#2716=VERTEX_POINT('',#10067);
#2717=VERTEX_POINT('',#10069);
#2718=VERTEX_POINT('',#10071);
#2719=VERTEX_POINT('',#10074);
#2720=VERTEX_POINT('',#10077);
#2721=VERTEX_POINT('',#10079);
#2722=VERTEX_POINT('',#10083);
#2723=VERTEX_POINT('',#10087);
#2724=VERTEX_POINT('',#10089);
#2725=VERTEX_POINT('',#10091);
#2726=VERTEX_POINT('',#10095);
#2727=VERTEX_POINT('',#10097);
#2728=VERTEX_POINT('',#10099);
#2729=VERTEX_POINT('',#10101);
#2730=VERTEX_POINT('',#10103);
#2731=VERTEX_POINT('',#10105);
#2732=VERTEX_POINT('',#10107);
#2733=VERTEX_POINT('',#10109);
#2734=VERTEX_POINT('',#10113);
#2735=VERTEX_POINT('',#10114);
#2736=VERTEX_POINT('',#10116);
#2737=VERTEX_POINT('',#10118);
#2738=VERTEX_POINT('',#10122);
#2739=VERTEX_POINT('',#10123);
#2740=VERTEX_POINT('',#10128);
#2741=VERTEX_POINT('',#10130);
#2742=VERTEX_POINT('',#10134);
#2743=VERTEX_POINT('',#10135);
#2744=VERTEX_POINT('',#10140);
#2745=VERTEX_POINT('',#10142);
#2746=VERTEX_POINT('',#10147);
#2747=VERTEX_POINT('',#10162);
#2748=VERTEX_POINT('',#10164);
#2749=VERTEX_POINT('',#10169);
#2750=VERTEX_POINT('',#10171);
#2751=VERTEX_POINT('',#10174);
#2752=VERTEX_POINT('',#10180);
#2753=VERTEX_POINT('',#10182);
#2754=VERTEX_POINT('',#10186);
#2755=VERTEX_POINT('',#10190);
#2756=VERTEX_POINT('',#10192);
#2757=VERTEX_POINT('',#10196);
#2758=VERTEX_POINT('',#10200);
#2759=EDGE_CURVE('',#2209,#2210,#1794,.T.);
#2760=EDGE_CURVE('',#2210,#2211,#972,.T.);
#2761=EDGE_CURVE('',#2211,#2212,#970,.T.);
#2762=EDGE_CURVE('',#2209,#2212,#973,.T.);
#2763=EDGE_CURVE('',#2211,#2213,#1795,.T.);
#2764=EDGE_CURVE('',#2214,#2213,#974,.T.);
#2765=EDGE_CURVE('',#2215,#2214,#1796,.T.);
#2766=EDGE_CURVE('',#2216,#2215,#975,.T.);
#2767=EDGE_CURVE('',#2212,#2216,#971,.T.);
#2768=EDGE_CURVE('',#2217,#2210,#976,.T.);
#2769=EDGE_CURVE('',#2218,#2217,#977,.T.);
#2770=EDGE_CURVE('',#2219,#2218,#978,.T.);
#2771=EDGE_CURVE('',#2220,#2219,#979,.T.);
#2772=EDGE_CURVE('',#2221,#2220,#1797,.T.);
#2773=EDGE_CURVE('',#2213,#2221,#980,.T.);
#2774=EDGE_CURVE('',#2222,#2222,#1798,.T.);
#2775=EDGE_CURVE('',#2223,#2224,#1799,.T.);
#2776=EDGE_CURVE('',#2223,#2225,#981,.T.);
#2777=EDGE_CURVE('',#2226,#2225,#1800,.T.);
#2778=EDGE_CURVE('',#2226,#2224,#982,.T.);
#2779=EDGE_CURVE('',#2227,#2223,#983,.T.);
#2780=EDGE_CURVE('',#2228,#2227,#984,.T.);
#2781=EDGE_CURVE('',#2225,#2228,#985,.T.);
#2782=EDGE_CURVE('',#2229,#2227,#1801,.T.);
#2783=EDGE_CURVE('',#2229,#2230,#986,.T.);
#2784=EDGE_CURVE('',#2230,#2228,#1802,.T.);
#2785=EDGE_CURVE('',#2231,#2229,#987,.T.);
#2786=EDGE_CURVE('',#2232,#2231,#988,.T.);
#2787=EDGE_CURVE('',#2230,#2232,#1803,.T.);
#2788=EDGE_CURVE('',#2233,#2234,#989,.T.);
#2789=EDGE_CURVE('',#2235,#2234,#1804,.T.);
#2790=EDGE_CURVE('',#2235,#2236,#1805,.T.);
#2791=EDGE_CURVE('',#2237,#2236,#1806,.T.);
#2792=EDGE_CURVE('',#2237,#2238,#990,.T.);
#2793=EDGE_CURVE('',#2239,#2238,#1807,.T.);
#2794=EDGE_CURVE('',#2239,#2240,#1808,.T.);
#2795=EDGE_CURVE('',#2233,#2240,#1809,.T.);
#2796=EDGE_CURVE('',#2241,#2242,#991,.T.);
#2797=EDGE_CURVE('',#2243,#2242,#1810,.T.);
#2798=EDGE_CURVE('',#2243,#2244,#1811,.T.);
#2799=EDGE_CURVE('',#2245,#2244,#1812,.T.);
#2800=EDGE_CURVE('',#2245,#2246,#992,.T.);
#2801=EDGE_CURVE('',#2247,#2246,#1813,.T.);
#2802=EDGE_CURVE('',#2247,#2248,#1814,.T.);
#2803=EDGE_CURVE('',#2241,#2248,#1815,.T.);
#2804=EDGE_CURVE('',#2249,#2250,#993,.T.);
#2805=EDGE_CURVE('',#2251,#2250,#1816,.T.);
#2806=EDGE_CURVE('',#2251,#2252,#1817,.T.);
#2807=EDGE_CURVE('',#2253,#2252,#1818,.T.);
#2808=EDGE_CURVE('',#2253,#2254,#994,.T.);
#2809=EDGE_CURVE('',#2255,#2254,#1819,.T.);
#2810=EDGE_CURVE('',#2255,#2256,#1820,.T.);
#2811=EDGE_CURVE('',#2249,#2256,#1821,.T.);
#2812=EDGE_CURVE('',#2257,#2258,#995,.T.);
#2813=EDGE_CURVE('',#2259,#2258,#1822,.T.);
#2814=EDGE_CURVE('',#2259,#2260,#1823,.T.);
#2815=EDGE_CURVE('',#2261,#2260,#1824,.T.);
#2816=EDGE_CURVE('',#2261,#2262,#996,.T.);
#2817=EDGE_CURVE('',#2263,#2262,#1825,.T.);
#2818=EDGE_CURVE('',#2263,#2264,#1826,.T.);
#2819=EDGE_CURVE('',#2257,#2264,#1827,.T.);
#2820=EDGE_CURVE('',#2265,#2266,#997,.T.);
#2821=EDGE_CURVE('',#2267,#2266,#1828,.T.);
#2822=EDGE_CURVE('',#2267,#2268,#1829,.T.);
#2823=EDGE_CURVE('',#2269,#2268,#1830,.T.);
#2824=EDGE_CURVE('',#2269,#2270,#998,.T.);
#2825=EDGE_CURVE('',#2271,#2270,#1831,.T.);
#2826=EDGE_CURVE('',#2271,#2272,#1832,.T.);
#2827=EDGE_CURVE('',#2265,#2272,#1833,.T.);
#2828=EDGE_CURVE('',#2273,#2274,#999,.T.);
#2829=EDGE_CURVE('',#2275,#2274,#1834,.T.);
#2830=EDGE_CURVE('',#2275,#2276,#1835,.T.);
#2831=EDGE_CURVE('',#2277,#2276,#1836,.T.);
#2832=EDGE_CURVE('',#2277,#2278,#1000,.T.);
#2833=EDGE_CURVE('',#2279,#2278,#1837,.T.);
#2834=EDGE_CURVE('',#2279,#2280,#1838,.T.);
#2835=EDGE_CURVE('',#2273,#2280,#1839,.T.);
#2836=EDGE_CURVE('',#2281,#2281,#1840,.T.);
#2837=EDGE_CURVE('',#2282,#2282,#1841,.T.);
#2838=EDGE_CURVE('',#2283,#2283,#1842,.T.);
#2839=EDGE_CURVE('',#2284,#2284,#1843,.T.);
#2840=EDGE_CURVE('',#2285,#2285,#1844,.T.);
#2841=EDGE_CURVE('',#2286,#2286,#1845,.T.);
#2842=EDGE_CURVE('',#2224,#2287,#1001,.T.);
#2843=EDGE_CURVE('',#2288,#2226,#1846,.T.);
#2844=EDGE_CURVE('',#2287,#2288,#1002,.T.);
#2845=EDGE_CURVE('',#2289,#2289,#1847,.T.);
#2846=EDGE_CURVE('',#2290,#2291,#1003,.T.);
#2847=EDGE_CURVE('',#2292,#2291,#1848,.T.);
#2848=EDGE_CURVE('',#2292,#2293,#1849,.T.);
#2849=EDGE_CURVE('',#2294,#2293,#1850,.T.);
#2850=EDGE_CURVE('',#2294,#2295,#1004,.T.);
#2851=EDGE_CURVE('',#2296,#2295,#1851,.T.);
#2852=EDGE_CURVE('',#2296,#2297,#1852,.T.);
#2853=EDGE_CURVE('',#2290,#2297,#1853,.T.);
#2854=EDGE_CURVE('',#2298,#2299,#1005,.T.);
#2855=EDGE_CURVE('',#2300,#2299,#1854,.T.);
#2856=EDGE_CURVE('',#2300,#2301,#1855,.T.);
#2857=EDGE_CURVE('',#2302,#2301,#1856,.T.);
#2858=EDGE_CURVE('',#2302,#2303,#1006,.T.);
#2859=EDGE_CURVE('',#2304,#2303,#1857,.T.);
#2860=EDGE_CURVE('',#2304,#2305,#1858,.T.);
#2861=EDGE_CURVE('',#2298,#2305,#1859,.T.);
#2862=EDGE_CURVE('',#2306,#2307,#1007,.T.);
#2863=EDGE_CURVE('',#2308,#2307,#1860,.T.);
#2864=EDGE_CURVE('',#2308,#2309,#1861,.T.);
#2865=EDGE_CURVE('',#2310,#2309,#1862,.T.);
#2866=EDGE_CURVE('',#2310,#2311,#1008,.T.);
#2867=EDGE_CURVE('',#2312,#2311,#1863,.T.);
#2868=EDGE_CURVE('',#2312,#2313,#1864,.T.);
#2869=EDGE_CURVE('',#2306,#2313,#1865,.T.);
#2870=EDGE_CURVE('',#2314,#2315,#1009,.T.);
#2871=EDGE_CURVE('',#2316,#2315,#1866,.T.);
#2872=EDGE_CURVE('',#2316,#2317,#1867,.T.);
#2873=EDGE_CURVE('',#2318,#2317,#1868,.T.);
#2874=EDGE_CURVE('',#2318,#2319,#1010,.T.);
#2875=EDGE_CURVE('',#2320,#2319,#1869,.T.);
#2876=EDGE_CURVE('',#2320,#2321,#1870,.T.);
#2877=EDGE_CURVE('',#2314,#2321,#1871,.T.);
#2878=EDGE_CURVE('',#2322,#2323,#1011,.T.);
#2879=EDGE_CURVE('',#2324,#2323,#1872,.T.);
#2880=EDGE_CURVE('',#2324,#2325,#1873,.T.);
#2881=EDGE_CURVE('',#2326,#2325,#1874,.T.);
#2882=EDGE_CURVE('',#2326,#2327,#1012,.T.);
#2883=EDGE_CURVE('',#2328,#2327,#1875,.T.);
#2884=EDGE_CURVE('',#2328,#2329,#1876,.T.);
#2885=EDGE_CURVE('',#2322,#2329,#1877,.T.);
#2886=EDGE_CURVE('',#2330,#2331,#1013,.T.);
#2887=EDGE_CURVE('',#2332,#2331,#1878,.T.);
#2888=EDGE_CURVE('',#2332,#2333,#1879,.T.);
#2889=EDGE_CURVE('',#2334,#2333,#1880,.T.);
#2890=EDGE_CURVE('',#2334,#2335,#1014,.T.);
#2891=EDGE_CURVE('',#2336,#2335,#1881,.T.);
#2892=EDGE_CURVE('',#2336,#2337,#1882,.T.);
#2893=EDGE_CURVE('',#2330,#2337,#1883,.T.);
#2894=EDGE_CURVE('',#2338,#2338,#1884,.T.);
#2895=EDGE_CURVE('',#2339,#2339,#1885,.T.);
#2896=EDGE_CURVE('',#2340,#2340,#1886,.T.);
#2897=EDGE_CURVE('',#2341,#2341,#1887,.T.);
#2898=EDGE_CURVE('',#2342,#2342,#1888,.T.);
#2899=EDGE_CURVE('',#2287,#2343,#1889,.T.);
#2900=EDGE_CURVE('',#2288,#2344,#1890,.T.);
#2901=EDGE_CURVE('',#2344,#2343,#1015,.T.);
#2902=EDGE_CURVE('',#2343,#2345,#1016,.T.);
#2903=EDGE_CURVE('',#2344,#2346,#1017,.T.);
#2904=EDGE_CURVE('',#2345,#2346,#1018,.T.);
#2905=EDGE_CURVE('',#2345,#2231,#1891,.T.);
#2906=EDGE_CURVE('',#2346,#2232,#1892,.T.);
#2907=EDGE_CURVE('',#2335,#2347,#1019,.T.);
#2908=EDGE_CURVE('',#2348,#2347,#1893,.T.);
#2909=EDGE_CURVE('',#2348,#2336,#1020,.T.);
#2910=EDGE_CURVE('',#2349,#2348,#1894,.T.);
#2911=EDGE_CURVE('',#2337,#2349,#1021,.T.);
#2912=EDGE_CURVE('',#2331,#2350,#1022,.T.);
#2913=EDGE_CURVE('',#2351,#2350,#1895,.T.);
#2914=EDGE_CURVE('',#2351,#2332,#1023,.T.);
#2915=EDGE_CURVE('',#2347,#2352,#1024,.T.);
#2916=EDGE_CURVE('',#2352,#2353,#1896,.T.);
#2917=EDGE_CURVE('',#2353,#2351,#1897,.T.);
#2918=EDGE_CURVE('',#2350,#2354,#1025,.T.);
#2919=EDGE_CURVE('',#2354,#2349,#1898,.T.);
#2920=EDGE_CURVE('',#2354,#2330,#1026,.T.);
#2921=EDGE_CURVE('',#2291,#2355,#1027,.T.);
#2922=EDGE_CURVE('',#2356,#2355,#1899,.T.);
#2923=EDGE_CURVE('',#2356,#2292,#1028,.T.);
#2924=EDGE_CURVE('',#2357,#2356,#1900,.T.);
#2925=EDGE_CURVE('',#2293,#2357,#1029,.T.);
#2926=EDGE_CURVE('',#2297,#2358,#1030,.T.);
#2927=EDGE_CURVE('',#2359,#2358,#1901,.T.);
#2928=EDGE_CURVE('',#2359,#2290,#1031,.T.);
#2929=EDGE_CURVE('',#2355,#2359,#1032,.T.);
#2930=EDGE_CURVE('',#2358,#2360,#1902,.T.);
#2931=EDGE_CURVE('',#2360,#2361,#1903,.T.);
#2932=EDGE_CURVE('',#2361,#2362,#1033,.T.);
#2933=EDGE_CURVE('',#2362,#2357,#1904,.T.);
#2934=EDGE_CURVE('',#2360,#2296,#1034,.T.);
#2935=EDGE_CURVE('',#2323,#2363,#1035,.T.);
#2936=EDGE_CURVE('',#2364,#2363,#1905,.T.);
#2937=EDGE_CURVE('',#2364,#2324,#1036,.T.);
#2938=EDGE_CURVE('',#2365,#2364,#1906,.T.);
#2939=EDGE_CURVE('',#2325,#2365,#1037,.T.);
#2940=EDGE_CURVE('',#2329,#2366,#1038,.T.);
#2941=EDGE_CURVE('',#2367,#2366,#1907,.T.);
#2942=EDGE_CURVE('',#2367,#2322,#1039,.T.);
#2943=EDGE_CURVE('',#2363,#2367,#1040,.T.);
#2944=EDGE_CURVE('',#2366,#2368,#1908,.T.);
#2945=EDGE_CURVE('',#2368,#2369,#1909,.T.);
#2946=EDGE_CURVE('',#2369,#2370,#1041,.T.);
#2947=EDGE_CURVE('',#2370,#2365,#1910,.T.);
#2948=EDGE_CURVE('',#2368,#2328,#1042,.T.);
#2949=EDGE_CURVE('',#2299,#2371,#1043,.T.);
#2950=EDGE_CURVE('',#2372,#2371,#1911,.T.);
#2951=EDGE_CURVE('',#2372,#2300,#1044,.T.);
#2952=EDGE_CURVE('',#2373,#2372,#1912,.T.);
#2953=EDGE_CURVE('',#2301,#2373,#1045,.T.);
#2954=EDGE_CURVE('',#2305,#2374,#1046,.T.);
#2955=EDGE_CURVE('',#2375,#2374,#1913,.T.);
#2956=EDGE_CURVE('',#2375,#2298,#1047,.T.);
#2957=EDGE_CURVE('',#2371,#2375,#1048,.T.);
#2958=EDGE_CURVE('',#2374,#2376,#1914,.T.);
#2959=EDGE_CURVE('',#2376,#2377,#1915,.T.);
#2960=EDGE_CURVE('',#2377,#2378,#1049,.T.);
#2961=EDGE_CURVE('',#2378,#2373,#1916,.T.);
#2962=EDGE_CURVE('',#2376,#2304,#1050,.T.);
#2963=EDGE_CURVE('',#2315,#2379,#1051,.T.);
#2964=EDGE_CURVE('',#2380,#2379,#1917,.T.);
#2965=EDGE_CURVE('',#2380,#2316,#1052,.T.);
#2966=EDGE_CURVE('',#2381,#2380,#1918,.T.);
#2967=EDGE_CURVE('',#2317,#2381,#1053,.T.);
#2968=EDGE_CURVE('',#2321,#2382,#1054,.T.);
#2969=EDGE_CURVE('',#2383,#2382,#1919,.T.);
#2970=EDGE_CURVE('',#2383,#2314,#1055,.T.);
#2971=EDGE_CURVE('',#2379,#2383,#1056,.T.);
#2972=EDGE_CURVE('',#2382,#2384,#1920,.T.);
#2973=EDGE_CURVE('',#2384,#2385,#1921,.T.);
#2974=EDGE_CURVE('',#2385,#2386,#1057,.T.);
#2975=EDGE_CURVE('',#2386,#2381,#1922,.T.);
#2976=EDGE_CURVE('',#2384,#2320,#1058,.T.);
#2977=EDGE_CURVE('',#2307,#2387,#1059,.T.);
#2978=EDGE_CURVE('',#2388,#2387,#1923,.T.);
#2979=EDGE_CURVE('',#2388,#2308,#1060,.T.);
#2980=EDGE_CURVE('',#2389,#2388,#1924,.T.);
#2981=EDGE_CURVE('',#2309,#2389,#1061,.T.);
#2982=EDGE_CURVE('',#2313,#2390,#1062,.T.);
#2983=EDGE_CURVE('',#2391,#2390,#1925,.T.);
#2984=EDGE_CURVE('',#2391,#2306,#1063,.T.);
#2985=EDGE_CURVE('',#2387,#2391,#1064,.T.);
#2986=EDGE_CURVE('',#2390,#2392,#1926,.T.);
#2987=EDGE_CURVE('',#2392,#2393,#1927,.T.);
#2988=EDGE_CURVE('',#2393,#2394,#1065,.T.);
#2989=EDGE_CURVE('',#2394,#2389,#1928,.T.);
#2990=EDGE_CURVE('',#2392,#2312,#1066,.T.);
#2991=EDGE_CURVE('',#2311,#2393,#1067,.T.);
#2992=EDGE_CURVE('',#2394,#2310,#1068,.T.);
#2993=EDGE_CURVE('',#2319,#2385,#1069,.T.);
#2994=EDGE_CURVE('',#2386,#2318,#1070,.T.);
#2995=EDGE_CURVE('',#2303,#2377,#1071,.T.);
#2996=EDGE_CURVE('',#2378,#2302,#1072,.T.);
#2997=EDGE_CURVE('',#2327,#2369,#1073,.T.);
#2998=EDGE_CURVE('',#2370,#2326,#1074,.T.);
#2999=EDGE_CURVE('',#2295,#2361,#1075,.T.);
#3000=EDGE_CURVE('',#2362,#2294,#1076,.T.);
#3001=EDGE_CURVE('',#2333,#2353,#1077,.T.);
#3002=EDGE_CURVE('',#2352,#2334,#1078,.T.);
#3003=EDGE_CURVE('',#2274,#2395,#1079,.T.);
#3004=EDGE_CURVE('',#2396,#2395,#1929,.T.);
#3005=EDGE_CURVE('',#2396,#2275,#1080,.T.);
#3006=EDGE_CURVE('',#2397,#2273,#1081,.T.);
#3007=EDGE_CURVE('',#2397,#2395,#1082,.T.);
#3008=EDGE_CURVE('',#2280,#2398,#1083,.T.);
#3009=EDGE_CURVE('',#2397,#2398,#1930,.T.);
#3010=EDGE_CURVE('',#2399,#2279,#1084,.T.);
#3011=EDGE_CURVE('',#2399,#2398,#1931,.T.);
#3012=EDGE_CURVE('',#2278,#2400,#1085,.T.);
#3013=EDGE_CURVE('',#2399,#2400,#1932,.T.);
#3014=EDGE_CURVE('',#2401,#2277,#1086,.T.);
#3015=EDGE_CURVE('',#2401,#2400,#1087,.T.);
#3016=EDGE_CURVE('',#2276,#2402,#1088,.T.);
#3017=EDGE_CURVE('',#2401,#2402,#1933,.T.);
#3018=EDGE_CURVE('',#2396,#2402,#1934,.T.);
#3019=EDGE_CURVE('',#2240,#2403,#1089,.T.);
#3020=EDGE_CURVE('',#2404,#2403,#1935,.T.);
#3021=EDGE_CURVE('',#2404,#2233,#1090,.T.);
#3022=EDGE_CURVE('',#2405,#2239,#1091,.T.);
#3023=EDGE_CURVE('',#2405,#2403,#1936,.T.);
#3024=EDGE_CURVE('',#2234,#2406,#1092,.T.);
#3025=EDGE_CURVE('',#2407,#2406,#1937,.T.);
#3026=EDGE_CURVE('',#2407,#2235,#1093,.T.);
#3027=EDGE_CURVE('',#2404,#2406,#1094,.T.);
#3028=EDGE_CURVE('',#2238,#2408,#1095,.T.);
#3029=EDGE_CURVE('',#2405,#2408,#1938,.T.);
#3030=EDGE_CURVE('',#2409,#2237,#1096,.T.);
#3031=EDGE_CURVE('',#2409,#2408,#1097,.T.);
#3032=EDGE_CURVE('',#2236,#2410,#1098,.T.);
#3033=EDGE_CURVE('',#2409,#2410,#1939,.T.);
#3034=EDGE_CURVE('',#2407,#2410,#1940,.T.);
#3035=EDGE_CURVE('',#2266,#2411,#1099,.T.);
#3036=EDGE_CURVE('',#2412,#2411,#1941,.T.);
#3037=EDGE_CURVE('',#2412,#2267,#1100,.T.);
#3038=EDGE_CURVE('',#2413,#2265,#1101,.T.);
#3039=EDGE_CURVE('',#2413,#2411,#1102,.T.);
#3040=EDGE_CURVE('',#2272,#2414,#1103,.T.);
#3041=EDGE_CURVE('',#2413,#2414,#1942,.T.);
#3042=EDGE_CURVE('',#2415,#2271,#1104,.T.);
#3043=EDGE_CURVE('',#2415,#2414,#1943,.T.);
#3044=EDGE_CURVE('',#2270,#2416,#1105,.T.);
#3045=EDGE_CURVE('',#2415,#2416,#1944,.T.);
#3046=EDGE_CURVE('',#2417,#2269,#1106,.T.);
#3047=EDGE_CURVE('',#2417,#2416,#1107,.T.);
#3048=EDGE_CURVE('',#2268,#2418,#1108,.T.);
#3049=EDGE_CURVE('',#2417,#2418,#1945,.T.);
#3050=EDGE_CURVE('',#2412,#2418,#1946,.T.);
#3051=EDGE_CURVE('',#2242,#2419,#1109,.T.);
#3052=EDGE_CURVE('',#2420,#2419,#1947,.T.);
#3053=EDGE_CURVE('',#2420,#2243,#1110,.T.);
#3054=EDGE_CURVE('',#2421,#2241,#1111,.T.);
#3055=EDGE_CURVE('',#2421,#2419,#1112,.T.);
#3056=EDGE_CURVE('',#2248,#2422,#1113,.T.);
#3057=EDGE_CURVE('',#2421,#2422,#1948,.T.);
#3058=EDGE_CURVE('',#2423,#2247,#1114,.T.);
#3059=EDGE_CURVE('',#2423,#2422,#1949,.T.);
#3060=EDGE_CURVE('',#2246,#2424,#1115,.T.);
#3061=EDGE_CURVE('',#2423,#2424,#1950,.T.);
#3062=EDGE_CURVE('',#2425,#2245,#1116,.T.);
#3063=EDGE_CURVE('',#2425,#2424,#1117,.T.);
#3064=EDGE_CURVE('',#2244,#2426,#1118,.T.);
#3065=EDGE_CURVE('',#2425,#2426,#1951,.T.);
#3066=EDGE_CURVE('',#2420,#2426,#1952,.T.);
#3067=EDGE_CURVE('',#2258,#2427,#1119,.T.);
#3068=EDGE_CURVE('',#2428,#2427,#1953,.T.);
#3069=EDGE_CURVE('',#2428,#2259,#1120,.T.);
#3070=EDGE_CURVE('',#2429,#2257,#1121,.T.);
#3071=EDGE_CURVE('',#2429,#2427,#1122,.T.);
#3072=EDGE_CURVE('',#2264,#2430,#1123,.T.);
#3073=EDGE_CURVE('',#2429,#2430,#1954,.T.);
#3074=EDGE_CURVE('',#2431,#2263,#1124,.T.);
#3075=EDGE_CURVE('',#2431,#2430,#1955,.T.);
#3076=EDGE_CURVE('',#2262,#2432,#1125,.T.);
#3077=EDGE_CURVE('',#2431,#2432,#1956,.T.);
#3078=EDGE_CURVE('',#2433,#2261,#1126,.T.);
#3079=EDGE_CURVE('',#2433,#2432,#1127,.T.);
#3080=EDGE_CURVE('',#2260,#2434,#1128,.T.);
#3081=EDGE_CURVE('',#2433,#2434,#1957,.T.);
#3082=EDGE_CURVE('',#2428,#2434,#1958,.T.);
#3083=EDGE_CURVE('',#2250,#2435,#1129,.T.);
#3084=EDGE_CURVE('',#2436,#2435,#1959,.T.);
#3085=EDGE_CURVE('',#2436,#2251,#1130,.T.);
#3086=EDGE_CURVE('',#2437,#2249,#1131,.T.);
#3087=EDGE_CURVE('',#2437,#2435,#1132,.T.);
#3088=EDGE_CURVE('',#2256,#2438,#1133,.T.);
#3089=EDGE_CURVE('',#2437,#2438,#1960,.T.);
#3090=EDGE_CURVE('',#2439,#2255,#1134,.T.);
#3091=EDGE_CURVE('',#2439,#2438,#1961,.T.);
#3092=EDGE_CURVE('',#2254,#2440,#1135,.T.);
#3093=EDGE_CURVE('',#2439,#2440,#1962,.T.);
#3094=EDGE_CURVE('',#2441,#2253,#1136,.T.);
#3095=EDGE_CURVE('',#2441,#2440,#1137,.T.);
#3096=EDGE_CURVE('',#2252,#2442,#1138,.T.);
#3097=EDGE_CURVE('',#2441,#2442,#1963,.T.);
#3098=EDGE_CURVE('',#2436,#2442,#1964,.T.);
#3099=EDGE_CURVE('',#2443,#2443,#1965,.T.);
#3100=EDGE_CURVE('',#2443,#2342,#1139,.T.);
#3101=EDGE_CURVE('',#2444,#2444,#1966,.T.);
#3102=EDGE_CURVE('',#2445,#2445,#1967,.T.);
#3103=EDGE_CURVE('',#2445,#2341,#1140,.T.);
#3104=EDGE_CURVE('',#2446,#2446,#1968,.T.);
#3105=EDGE_CURVE('',#2447,#2447,#1969,.T.);
#3106=EDGE_CURVE('',#2447,#2340,#1141,.T.);
#3107=EDGE_CURVE('',#2448,#2448,#1970,.T.);
#3108=EDGE_CURVE('',#2449,#2449,#1971,.T.);
#3109=EDGE_CURVE('',#2449,#2339,#1142,.T.);
#3110=EDGE_CURVE('',#2450,#2450,#1972,.T.);
#3111=EDGE_CURVE('',#2451,#2451,#1973,.T.);
#3112=EDGE_CURVE('',#2451,#2338,#1143,.T.);
#3113=EDGE_CURVE('',#2452,#2452,#1974,.T.);
#3114=EDGE_CURVE('',#2281,#2453,#1144,.T.);
#3115=EDGE_CURVE('',#2453,#2453,#1975,.T.);
#3116=EDGE_CURVE('',#2454,#2454,#1976,.T.);
#3117=EDGE_CURVE('',#2282,#2455,#1145,.T.);
#3118=EDGE_CURVE('',#2455,#2455,#1977,.T.);
#3119=EDGE_CURVE('',#2456,#2456,#1978,.T.);
#3120=EDGE_CURVE('',#2283,#2457,#1146,.T.);
#3121=EDGE_CURVE('',#2457,#2457,#1979,.T.);
#3122=EDGE_CURVE('',#2458,#2458,#1980,.T.);
#3123=EDGE_CURVE('',#2284,#2459,#1147,.T.);
#3124=EDGE_CURVE('',#2459,#2459,#1981,.T.);
#3125=EDGE_CURVE('',#2460,#2460,#1982,.T.);
#3126=EDGE_CURVE('',#2285,#2461,#1148,.T.);
#3127=EDGE_CURVE('',#2461,#2461,#1983,.T.);
#3128=EDGE_CURVE('',#2462,#2462,#1984,.T.);
#3129=EDGE_CURVE('',#2452,#2454,#1149,.T.);
#3130=EDGE_CURVE('',#2444,#2462,#1150,.T.);
#3131=EDGE_CURVE('',#2450,#2456,#1151,.T.);
#3132=EDGE_CURVE('',#2446,#2460,#1152,.T.);
#3133=EDGE_CURVE('',#2448,#2458,#1153,.T.);
#3134=EDGE_CURVE('',#2463,#2463,#1985,.T.);
#3135=EDGE_CURVE('',#2463,#2464,#1154,.T.);
#3136=EDGE_CURVE('',#2464,#2464,#1986,.T.);
#3137=EDGE_CURVE('',#2465,#2465,#1987,.T.);
#3138=EDGE_CURVE('',#2466,#2466,#1988,.T.);
#3139=EDGE_CURVE('',#2466,#2289,#1155,.T.);
#3140=EDGE_CURVE('',#2286,#2465,#1156,.T.);
#3141=EDGE_CURVE('',#2225,#2344,#1989,.T.);
#3142=EDGE_CURVE('',#2346,#2228,#1990,.T.);
#3143=EDGE_CURVE('',#2467,#2468,#1991,.T.);
#3144=EDGE_CURVE('',#2467,#2469,#1157,.T.);
#3145=EDGE_CURVE('',#2470,#2469,#1992,.T.);
#3146=EDGE_CURVE('',#2470,#2468,#1158,.T.);
#3147=EDGE_CURVE('',#2471,#2467,#1159,.T.);
#3148=EDGE_CURVE('',#2472,#2471,#1160,.T.);
#3149=EDGE_CURVE('',#2469,#2472,#1161,.T.);
#3150=EDGE_CURVE('',#2473,#2471,#1993,.T.);
#3151=EDGE_CURVE('',#2473,#2474,#1162,.T.);
#3152=EDGE_CURVE('',#2474,#2472,#1994,.T.);
#3153=EDGE_CURVE('',#2475,#2473,#1163,.T.);
#3154=EDGE_CURVE('',#2476,#2475,#1164,.T.);
#3155=EDGE_CURVE('',#2474,#2476,#1995,.T.);
#3156=EDGE_CURVE('',#2477,#2478,#1165,.T.);
#3157=EDGE_CURVE('',#2479,#2478,#1996,.T.);
#3158=EDGE_CURVE('',#2479,#2480,#1997,.T.);
#3159=EDGE_CURVE('',#2481,#2480,#1998,.T.);
#3160=EDGE_CURVE('',#2481,#2482,#1166,.T.);
#3161=EDGE_CURVE('',#2483,#2482,#1999,.T.);
#3162=EDGE_CURVE('',#2483,#2484,#2000,.T.);
#3163=EDGE_CURVE('',#2477,#2484,#2001,.T.);
#3164=EDGE_CURVE('',#2485,#2486,#1167,.T.);
#3165=EDGE_CURVE('',#2487,#2486,#2002,.T.);
#3166=EDGE_CURVE('',#2487,#2488,#2003,.T.);
#3167=EDGE_CURVE('',#2489,#2488,#2004,.T.);
#3168=EDGE_CURVE('',#2489,#2490,#1168,.T.);
#3169=EDGE_CURVE('',#2491,#2490,#2005,.T.);
#3170=EDGE_CURVE('',#2491,#2492,#2006,.T.);
#3171=EDGE_CURVE('',#2485,#2492,#2007,.T.);
#3172=EDGE_CURVE('',#2493,#2494,#1169,.T.);
#3173=EDGE_CURVE('',#2495,#2494,#2008,.T.);
#3174=EDGE_CURVE('',#2495,#2496,#2009,.T.);
#3175=EDGE_CURVE('',#2497,#2496,#2010,.T.);
#3176=EDGE_CURVE('',#2497,#2498,#1170,.T.);
#3177=EDGE_CURVE('',#2499,#2498,#2011,.T.);
#3178=EDGE_CURVE('',#2499,#2500,#2012,.T.);
#3179=EDGE_CURVE('',#2493,#2500,#2013,.T.);
#3180=EDGE_CURVE('',#2501,#2502,#1171,.T.);
#3181=EDGE_CURVE('',#2503,#2502,#2014,.T.);
#3182=EDGE_CURVE('',#2503,#2504,#2015,.T.);
#3183=EDGE_CURVE('',#2505,#2504,#2016,.T.);
#3184=EDGE_CURVE('',#2505,#2506,#1172,.T.);
#3185=EDGE_CURVE('',#2507,#2506,#2017,.T.);
#3186=EDGE_CURVE('',#2507,#2508,#2018,.T.);
#3187=EDGE_CURVE('',#2501,#2508,#2019,.T.);
#3188=EDGE_CURVE('',#2509,#2510,#1173,.T.);
#3189=EDGE_CURVE('',#2511,#2510,#2020,.T.);
#3190=EDGE_CURVE('',#2511,#2512,#2021,.T.);
#3191=EDGE_CURVE('',#2513,#2512,#2022,.T.);
#3192=EDGE_CURVE('',#2513,#2514,#1174,.T.);
#3193=EDGE_CURVE('',#2515,#2514,#2023,.T.);
#3194=EDGE_CURVE('',#2515,#2516,#2024,.T.);
#3195=EDGE_CURVE('',#2509,#2516,#2025,.T.);
#3196=EDGE_CURVE('',#2517,#2518,#1175,.T.);
#3197=EDGE_CURVE('',#2519,#2518,#2026,.T.);
#3198=EDGE_CURVE('',#2519,#2520,#2027,.T.);
#3199=EDGE_CURVE('',#2521,#2520,#2028,.T.);
#3200=EDGE_CURVE('',#2521,#2522,#1176,.T.);
#3201=EDGE_CURVE('',#2523,#2522,#2029,.T.);
#3202=EDGE_CURVE('',#2523,#2524,#2030,.T.);
#3203=EDGE_CURVE('',#2517,#2524,#2031,.T.);
#3204=EDGE_CURVE('',#2525,#2525,#2032,.T.);
#3205=EDGE_CURVE('',#2526,#2526,#2033,.T.);
#3206=EDGE_CURVE('',#2527,#2527,#2034,.T.);
#3207=EDGE_CURVE('',#2528,#2528,#2035,.T.);
#3208=EDGE_CURVE('',#2529,#2529,#2036,.T.);
#3209=EDGE_CURVE('',#2530,#2530,#2037,.T.);
#3210=EDGE_CURVE('',#2468,#2531,#1177,.T.);
#3211=EDGE_CURVE('',#2532,#2470,#2038,.T.);
#3212=EDGE_CURVE('',#2531,#2532,#1178,.T.);
#3213=EDGE_CURVE('',#2533,#2533,#2039,.T.);
#3214=EDGE_CURVE('',#2534,#2535,#1179,.T.);
#3215=EDGE_CURVE('',#2536,#2535,#2040,.T.);
#3216=EDGE_CURVE('',#2536,#2537,#2041,.T.);
#3217=EDGE_CURVE('',#2538,#2537,#2042,.T.);
#3218=EDGE_CURVE('',#2538,#2539,#1180,.T.);
#3219=EDGE_CURVE('',#2540,#2539,#2043,.T.);
#3220=EDGE_CURVE('',#2540,#2541,#2044,.T.);
#3221=EDGE_CURVE('',#2534,#2541,#2045,.T.);
#3222=EDGE_CURVE('',#2542,#2543,#1181,.T.);
#3223=EDGE_CURVE('',#2544,#2543,#2046,.T.);
#3224=EDGE_CURVE('',#2544,#2545,#2047,.T.);
#3225=EDGE_CURVE('',#2546,#2545,#2048,.T.);
#3226=EDGE_CURVE('',#2546,#2547,#1182,.T.);
#3227=EDGE_CURVE('',#2548,#2547,#2049,.T.);
#3228=EDGE_CURVE('',#2548,#2549,#2050,.T.);
#3229=EDGE_CURVE('',#2542,#2549,#2051,.T.);
#3230=EDGE_CURVE('',#2550,#2551,#1183,.T.);
#3231=EDGE_CURVE('',#2552,#2551,#2052,.T.);
#3232=EDGE_CURVE('',#2552,#2553,#2053,.T.);
#3233=EDGE_CURVE('',#2554,#2553,#2054,.T.);
#3234=EDGE_CURVE('',#2554,#2555,#1184,.T.);
#3235=EDGE_CURVE('',#2556,#2555,#2055,.T.);
#3236=EDGE_CURVE('',#2556,#2557,#2056,.T.);
#3237=EDGE_CURVE('',#2550,#2557,#2057,.T.);
#3238=EDGE_CURVE('',#2558,#2559,#1185,.T.);
#3239=EDGE_CURVE('',#2560,#2559,#2058,.T.);
#3240=EDGE_CURVE('',#2560,#2561,#2059,.T.);
#3241=EDGE_CURVE('',#2562,#2561,#2060,.T.);
#3242=EDGE_CURVE('',#2562,#2563,#1186,.T.);
#3243=EDGE_CURVE('',#2564,#2563,#2061,.T.);
#3244=EDGE_CURVE('',#2564,#2565,#2062,.T.);
#3245=EDGE_CURVE('',#2558,#2565,#2063,.T.);
#3246=EDGE_CURVE('',#2566,#2567,#1187,.T.);
#3247=EDGE_CURVE('',#2568,#2567,#2064,.T.);
#3248=EDGE_CURVE('',#2568,#2569,#2065,.T.);
#3249=EDGE_CURVE('',#2570,#2569,#2066,.T.);
#3250=EDGE_CURVE('',#2570,#2571,#1188,.T.);
#3251=EDGE_CURVE('',#2572,#2571,#2067,.T.);
#3252=EDGE_CURVE('',#2572,#2573,#2068,.T.);
#3253=EDGE_CURVE('',#2566,#2573,#2069,.T.);
#3254=EDGE_CURVE('',#2574,#2575,#1189,.T.);
#3255=EDGE_CURVE('',#2576,#2575,#2070,.T.);
#3256=EDGE_CURVE('',#2576,#2577,#2071,.T.);
#3257=EDGE_CURVE('',#2578,#2577,#2072,.T.);
#3258=EDGE_CURVE('',#2578,#2579,#1190,.T.);
#3259=EDGE_CURVE('',#2580,#2579,#2073,.T.);
#3260=EDGE_CURVE('',#2580,#2581,#2074,.T.);
#3261=EDGE_CURVE('',#2574,#2581,#2075,.T.);
#3262=EDGE_CURVE('',#2582,#2582,#2076,.T.);
#3263=EDGE_CURVE('',#2583,#2583,#2077,.T.);
#3264=EDGE_CURVE('',#2584,#2584,#2078,.T.);
#3265=EDGE_CURVE('',#2585,#2585,#2079,.T.);
#3266=EDGE_CURVE('',#2586,#2586,#2080,.T.);
#3267=EDGE_CURVE('',#2531,#2587,#2081,.T.);
#3268=EDGE_CURVE('',#2532,#2588,#2082,.T.);
#3269=EDGE_CURVE('',#2588,#2587,#1191,.T.);
#3270=EDGE_CURVE('',#2587,#2589,#1192,.T.);
#3271=EDGE_CURVE('',#2588,#2590,#1193,.T.);
#3272=EDGE_CURVE('',#2589,#2590,#1194,.T.);
#3273=EDGE_CURVE('',#2589,#2475,#2083,.T.);
#3274=EDGE_CURVE('',#2590,#2476,#2084,.T.);
#3275=EDGE_CURVE('',#2579,#2591,#1195,.T.);
#3276=EDGE_CURVE('',#2592,#2591,#2085,.T.);
#3277=EDGE_CURVE('',#2592,#2580,#1196,.T.);
#3278=EDGE_CURVE('',#2593,#2592,#2086,.T.);
#3279=EDGE_CURVE('',#2581,#2593,#1197,.T.);
#3280=EDGE_CURVE('',#2575,#2594,#1198,.T.);
#3281=EDGE_CURVE('',#2595,#2594,#2087,.T.);
#3282=EDGE_CURVE('',#2595,#2576,#1199,.T.);
#3283=EDGE_CURVE('',#2591,#2596,#1200,.T.);
#3284=EDGE_CURVE('',#2596,#2597,#2088,.T.);
#3285=EDGE_CURVE('',#2597,#2595,#2089,.T.);
#3286=EDGE_CURVE('',#2594,#2598,#1201,.T.);
#3287=EDGE_CURVE('',#2598,#2593,#2090,.T.);
#3288=EDGE_CURVE('',#2598,#2574,#1202,.T.);
#3289=EDGE_CURVE('',#2535,#2599,#1203,.T.);
#3290=EDGE_CURVE('',#2600,#2599,#2091,.T.);
#3291=EDGE_CURVE('',#2600,#2536,#1204,.T.);
#3292=EDGE_CURVE('',#2601,#2600,#2092,.T.);
#3293=EDGE_CURVE('',#2537,#2601,#1205,.T.);
#3294=EDGE_CURVE('',#2541,#2602,#1206,.T.);
#3295=EDGE_CURVE('',#2603,#2602,#2093,.T.);
#3296=EDGE_CURVE('',#2603,#2534,#1207,.T.);
#3297=EDGE_CURVE('',#2599,#2603,#1208,.T.);
#3298=EDGE_CURVE('',#2602,#2604,#2094,.T.);
#3299=EDGE_CURVE('',#2604,#2605,#2095,.T.);
#3300=EDGE_CURVE('',#2605,#2606,#1209,.T.);
#3301=EDGE_CURVE('',#2606,#2601,#2096,.T.);
#3302=EDGE_CURVE('',#2604,#2540,#1210,.T.);
#3303=EDGE_CURVE('',#2567,#2607,#1211,.T.);
#3304=EDGE_CURVE('',#2608,#2607,#2097,.T.);
#3305=EDGE_CURVE('',#2608,#2568,#1212,.T.);
#3306=EDGE_CURVE('',#2609,#2608,#2098,.T.);
#3307=EDGE_CURVE('',#2569,#2609,#1213,.T.);
#3308=EDGE_CURVE('',#2573,#2610,#1214,.T.);
#3309=EDGE_CURVE('',#2611,#2610,#2099,.T.);
#3310=EDGE_CURVE('',#2611,#2566,#1215,.T.);
#3311=EDGE_CURVE('',#2607,#2611,#1216,.T.);
#3312=EDGE_CURVE('',#2610,#2612,#2100,.T.);
#3313=EDGE_CURVE('',#2612,#2613,#2101,.T.);
#3314=EDGE_CURVE('',#2613,#2614,#1217,.T.);
#3315=EDGE_CURVE('',#2614,#2609,#2102,.T.);
#3316=EDGE_CURVE('',#2612,#2572,#1218,.T.);
#3317=EDGE_CURVE('',#2543,#2615,#1219,.T.);
#3318=EDGE_CURVE('',#2616,#2615,#2103,.T.);
#3319=EDGE_CURVE('',#2616,#2544,#1220,.T.);
#3320=EDGE_CURVE('',#2617,#2616,#2104,.T.);
#3321=EDGE_CURVE('',#2545,#2617,#1221,.T.);
#3322=EDGE_CURVE('',#2549,#2618,#1222,.T.);
#3323=EDGE_CURVE('',#2619,#2618,#2105,.T.);
#3324=EDGE_CURVE('',#2619,#2542,#1223,.T.);
#3325=EDGE_CURVE('',#2615,#2619,#1224,.T.);
#3326=EDGE_CURVE('',#2618,#2620,#2106,.T.);
#3327=EDGE_CURVE('',#2620,#2621,#2107,.T.);
#3328=EDGE_CURVE('',#2621,#2622,#1225,.T.);
#3329=EDGE_CURVE('',#2622,#2617,#2108,.T.);
#3330=EDGE_CURVE('',#2620,#2548,#1226,.T.);
#3331=EDGE_CURVE('',#2559,#2623,#1227,.T.);
#3332=EDGE_CURVE('',#2624,#2623,#2109,.T.);
#3333=EDGE_CURVE('',#2624,#2560,#1228,.T.);
#3334=EDGE_CURVE('',#2625,#2624,#2110,.T.);
#3335=EDGE_CURVE('',#2561,#2625,#1229,.T.);
#3336=EDGE_CURVE('',#2565,#2626,#1230,.T.);
#3337=EDGE_CURVE('',#2627,#2626,#2111,.T.);
#3338=EDGE_CURVE('',#2627,#2558,#1231,.T.);
#3339=EDGE_CURVE('',#2623,#2627,#1232,.T.);
#3340=EDGE_CURVE('',#2626,#2628,#2112,.T.);
#3341=EDGE_CURVE('',#2628,#2629,#2113,.T.);
#3342=EDGE_CURVE('',#2629,#2630,#1233,.T.);
#3343=EDGE_CURVE('',#2630,#2625,#2114,.T.);
#3344=EDGE_CURVE('',#2628,#2564,#1234,.T.);
#3345=EDGE_CURVE('',#2551,#2631,#1235,.T.);
#3346=EDGE_CURVE('',#2632,#2631,#2115,.T.);
#3347=EDGE_CURVE('',#2632,#2552,#1236,.T.);
#3348=EDGE_CURVE('',#2633,#2632,#2116,.T.);
#3349=EDGE_CURVE('',#2553,#2633,#1237,.T.);
#3350=EDGE_CURVE('',#2557,#2634,#1238,.T.);
#3351=EDGE_CURVE('',#2635,#2634,#2117,.T.);
#3352=EDGE_CURVE('',#2635,#2550,#1239,.T.);
#3353=EDGE_CURVE('',#2631,#2635,#1240,.T.);
#3354=EDGE_CURVE('',#2634,#2636,#2118,.T.);
#3355=EDGE_CURVE('',#2636,#2637,#2119,.T.);
#3356=EDGE_CURVE('',#2637,#2638,#1241,.T.);
#3357=EDGE_CURVE('',#2638,#2633,#2120,.T.);
#3358=EDGE_CURVE('',#2636,#2556,#1242,.T.);
#3359=EDGE_CURVE('',#2555,#2637,#1243,.T.);
#3360=EDGE_CURVE('',#2638,#2554,#1244,.T.);
#3361=EDGE_CURVE('',#2563,#2629,#1245,.T.);
#3362=EDGE_CURVE('',#2630,#2562,#1246,.T.);
#3363=EDGE_CURVE('',#2547,#2621,#1247,.T.);
#3364=EDGE_CURVE('',#2622,#2546,#1248,.T.);
#3365=EDGE_CURVE('',#2571,#2613,#1249,.T.);
#3366=EDGE_CURVE('',#2614,#2570,#1250,.T.);
#3367=EDGE_CURVE('',#2539,#2605,#1251,.T.);
#3368=EDGE_CURVE('',#2606,#2538,#1252,.T.);
#3369=EDGE_CURVE('',#2577,#2597,#1253,.T.);
#3370=EDGE_CURVE('',#2596,#2578,#1254,.T.);
#3371=EDGE_CURVE('',#2518,#2639,#1255,.T.);
#3372=EDGE_CURVE('',#2640,#2639,#2121,.T.);
#3373=EDGE_CURVE('',#2640,#2519,#1256,.T.);
#3374=EDGE_CURVE('',#2641,#2517,#1257,.T.);
#3375=EDGE_CURVE('',#2641,#2639,#1258,.T.);
#3376=EDGE_CURVE('',#2524,#2642,#1259,.T.);
#3377=EDGE_CURVE('',#2641,#2642,#2122,.T.);
#3378=EDGE_CURVE('',#2643,#2523,#1260,.T.);
#3379=EDGE_CURVE('',#2643,#2642,#2123,.T.);
#3380=EDGE_CURVE('',#2522,#2644,#1261,.T.);
#3381=EDGE_CURVE('',#2643,#2644,#2124,.T.);
#3382=EDGE_CURVE('',#2645,#2521,#1262,.T.);
#3383=EDGE_CURVE('',#2645,#2644,#1263,.T.);
#3384=EDGE_CURVE('',#2520,#2646,#1264,.T.);
#3385=EDGE_CURVE('',#2645,#2646,#2125,.T.);
#3386=EDGE_CURVE('',#2640,#2646,#2126,.T.);
#3387=EDGE_CURVE('',#2484,#2647,#1265,.T.);
#3388=EDGE_CURVE('',#2648,#2647,#2127,.T.);
#3389=EDGE_CURVE('',#2648,#2477,#1266,.T.);
#3390=EDGE_CURVE('',#2649,#2483,#1267,.T.);
#3391=EDGE_CURVE('',#2649,#2647,#2128,.T.);
#3392=EDGE_CURVE('',#2478,#2650,#1268,.T.);
#3393=EDGE_CURVE('',#2651,#2650,#2129,.T.);
#3394=EDGE_CURVE('',#2651,#2479,#1269,.T.);
#3395=EDGE_CURVE('',#2648,#2650,#1270,.T.);
#3396=EDGE_CURVE('',#2482,#2652,#1271,.T.);
#3397=EDGE_CURVE('',#2649,#2652,#2130,.T.);
#3398=EDGE_CURVE('',#2653,#2481,#1272,.T.);
#3399=EDGE_CURVE('',#2653,#2652,#1273,.T.);
#3400=EDGE_CURVE('',#2480,#2654,#1274,.T.);
#3401=EDGE_CURVE('',#2653,#2654,#2131,.T.);
#3402=EDGE_CURVE('',#2651,#2654,#2132,.T.);
#3403=EDGE_CURVE('',#2510,#2655,#1275,.T.);
#3404=EDGE_CURVE('',#2656,#2655,#2133,.T.);
#3405=EDGE_CURVE('',#2656,#2511,#1276,.T.);
#3406=EDGE_CURVE('',#2657,#2509,#1277,.T.);
#3407=EDGE_CURVE('',#2657,#2655,#1278,.T.);
#3408=EDGE_CURVE('',#2516,#2658,#1279,.T.);
#3409=EDGE_CURVE('',#2657,#2658,#2134,.T.);
#3410=EDGE_CURVE('',#2659,#2515,#1280,.T.);
#3411=EDGE_CURVE('',#2659,#2658,#2135,.T.);
#3412=EDGE_CURVE('',#2514,#2660,#1281,.T.);
#3413=EDGE_CURVE('',#2659,#2660,#2136,.T.);
#3414=EDGE_CURVE('',#2661,#2513,#1282,.T.);
#3415=EDGE_CURVE('',#2661,#2660,#1283,.T.);
#3416=EDGE_CURVE('',#2512,#2662,#1284,.T.);
#3417=EDGE_CURVE('',#2661,#2662,#2137,.T.);
#3418=EDGE_CURVE('',#2656,#2662,#2138,.T.);
#3419=EDGE_CURVE('',#2486,#2663,#1285,.T.);
#3420=EDGE_CURVE('',#2664,#2663,#2139,.T.);
#3421=EDGE_CURVE('',#2664,#2487,#1286,.T.);
#3422=EDGE_CURVE('',#2665,#2485,#1287,.T.);
#3423=EDGE_CURVE('',#2665,#2663,#1288,.T.);
#3424=EDGE_CURVE('',#2492,#2666,#1289,.T.);
#3425=EDGE_CURVE('',#2665,#2666,#2140,.T.);
#3426=EDGE_CURVE('',#2667,#2491,#1290,.T.);
#3427=EDGE_CURVE('',#2667,#2666,#2141,.T.);
#3428=EDGE_CURVE('',#2490,#2668,#1291,.T.);
#3429=EDGE_CURVE('',#2667,#2668,#2142,.T.);
#3430=EDGE_CURVE('',#2669,#2489,#1292,.T.);
#3431=EDGE_CURVE('',#2669,#2668,#1293,.T.);
#3432=EDGE_CURVE('',#2488,#2670,#1294,.T.);
#3433=EDGE_CURVE('',#2669,#2670,#2143,.T.);
#3434=EDGE_CURVE('',#2664,#2670,#2144,.T.);
#3435=EDGE_CURVE('',#2502,#2671,#1295,.T.);
#3436=EDGE_CURVE('',#2672,#2671,#2145,.T.);
#3437=EDGE_CURVE('',#2672,#2503,#1296,.T.);
#3438=EDGE_CURVE('',#2673,#2501,#1297,.T.);
#3439=EDGE_CURVE('',#2673,#2671,#1298,.T.);
#3440=EDGE_CURVE('',#2508,#2674,#1299,.T.);
#3441=EDGE_CURVE('',#2673,#2674,#2146,.T.);
#3442=EDGE_CURVE('',#2675,#2507,#1300,.T.);
#3443=EDGE_CURVE('',#2675,#2674,#2147,.T.);
#3444=EDGE_CURVE('',#2506,#2676,#1301,.T.);
#3445=EDGE_CURVE('',#2675,#2676,#2148,.T.);
#3446=EDGE_CURVE('',#2677,#2505,#1302,.T.);
#3447=EDGE_CURVE('',#2677,#2676,#1303,.T.);
#3448=EDGE_CURVE('',#2504,#2678,#1304,.T.);
#3449=EDGE_CURVE('',#2677,#2678,#2149,.T.);
#3450=EDGE_CURVE('',#2672,#2678,#2150,.T.);
#3451=EDGE_CURVE('',#2494,#2679,#1305,.T.);
#3452=EDGE_CURVE('',#2680,#2679,#2151,.T.);
#3453=EDGE_CURVE('',#2680,#2495,#1306,.T.);
#3454=EDGE_CURVE('',#2681,#2493,#1307,.T.);
#3455=EDGE_CURVE('',#2681,#2679,#1308,.T.);
#3456=EDGE_CURVE('',#2500,#2682,#1309,.T.);
#3457=EDGE_CURVE('',#2681,#2682,#2152,.T.);
#3458=EDGE_CURVE('',#2683,#2499,#1310,.T.);
#3459=EDGE_CURVE('',#2683,#2682,#2153,.T.);
#3460=EDGE_CURVE('',#2498,#2684,#1311,.T.);
#3461=EDGE_CURVE('',#2683,#2684,#2154,.T.);
#3462=EDGE_CURVE('',#2685,#2497,#1312,.T.);
#3463=EDGE_CURVE('',#2685,#2684,#1313,.T.);
#3464=EDGE_CURVE('',#2496,#2686,#1314,.T.);
#3465=EDGE_CURVE('',#2685,#2686,#2155,.T.);
#3466=EDGE_CURVE('',#2680,#2686,#2156,.T.);
#3467=EDGE_CURVE('',#2687,#2687,#2157,.T.);
#3468=EDGE_CURVE('',#2687,#2586,#1315,.T.);
#3469=EDGE_CURVE('',#2688,#2688,#2158,.T.);
#3470=EDGE_CURVE('',#2689,#2689,#2159,.T.);
#3471=EDGE_CURVE('',#2689,#2585,#1316,.T.);
#3472=EDGE_CURVE('',#2690,#2690,#2160,.T.);
#3473=EDGE_CURVE('',#2691,#2691,#2161,.T.);
#3474=EDGE_CURVE('',#2691,#2584,#1317,.T.);
#3475=EDGE_CURVE('',#2692,#2692,#2162,.T.);
#3476=EDGE_CURVE('',#2693,#2693,#2163,.T.);
#3477=EDGE_CURVE('',#2693,#2583,#1318,.T.);
#3478=EDGE_CURVE('',#2694,#2694,#2164,.T.);
#3479=EDGE_CURVE('',#2695,#2695,#2165,.T.);
#3480=EDGE_CURVE('',#2695,#2582,#1319,.T.);
#3481=EDGE_CURVE('',#2696,#2696,#2166,.T.);
#3482=EDGE_CURVE('',#2525,#2697,#1320,.T.);
#3483=EDGE_CURVE('',#2697,#2697,#2167,.T.);
#3484=EDGE_CURVE('',#2698,#2698,#2168,.T.);
#3485=EDGE_CURVE('',#2526,#2699,#1321,.T.);
#3486=EDGE_CURVE('',#2699,#2699,#2169,.T.);
#3487=EDGE_CURVE('',#2700,#2700,#2170,.T.);
#3488=EDGE_CURVE('',#2527,#2701,#1322,.T.);
#3489=EDGE_CURVE('',#2701,#2701,#2171,.T.);
#3490=EDGE_CURVE('',#2702,#2702,#2172,.T.);
#3491=EDGE_CURVE('',#2528,#2703,#1323,.T.);
#3492=EDGE_CURVE('',#2703,#2703,#2173,.T.);
#3493=EDGE_CURVE('',#2704,#2704,#2174,.T.);
#3494=EDGE_CURVE('',#2529,#2705,#1324,.T.);
#3495=EDGE_CURVE('',#2705,#2705,#2175,.T.);
#3496=EDGE_CURVE('',#2706,#2706,#2176,.T.);
#3497=EDGE_CURVE('',#2696,#2698,#1325,.T.);
#3498=EDGE_CURVE('',#2688,#2706,#1326,.T.);
#3499=EDGE_CURVE('',#2694,#2700,#1327,.T.);
#3500=EDGE_CURVE('',#2690,#2704,#1328,.T.);
#3501=EDGE_CURVE('',#2692,#2702,#1329,.T.);
#3502=EDGE_CURVE('',#2707,#2707,#2177,.T.);
#3503=EDGE_CURVE('',#2707,#2708,#1330,.T.);
#3504=EDGE_CURVE('',#2708,#2708,#2178,.T.);
#3505=EDGE_CURVE('',#2709,#2709,#2179,.T.);
#3506=EDGE_CURVE('',#2710,#2710,#2180,.T.);
#3507=EDGE_CURVE('',#2710,#2533,#1331,.T.);
#3508=EDGE_CURVE('',#2530,#2709,#1332,.T.);
#3509=EDGE_CURVE('',#2469,#2588,#2181,.T.);
#3510=EDGE_CURVE('',#2590,#2472,#2182,.T.);
#3511=EDGE_CURVE('',#2711,#2711,#2183,.T.);
#3512=EDGE_CURVE('',#2711,#2712,#1333,.T.);
#3513=EDGE_CURVE('',#2712,#2712,#2184,.T.);
#3514=EDGE_CURVE('',#2713,#2714,#1334,.T.);
#3515=EDGE_CURVE('',#2715,#2713,#1335,.T.);
#3516=EDGE_CURVE('',#2716,#2715,#2185,.T.);
#3517=EDGE_CURVE('',#2716,#2717,#1336,.T.);
#3518=EDGE_CURVE('',#2717,#2718,#2186,.T.);
#3519=EDGE_CURVE('',#2718,#2714,#1337,.T.);
#3520=EDGE_CURVE('',#2719,#2719,#2187,.T.);
#3521=EDGE_CURVE('',#2720,#2715,#1338,.T.);
#3522=EDGE_CURVE('',#2721,#2720,#2188,.T.);
#3523=EDGE_CURVE('',#2716,#2721,#1339,.T.);
#3524=EDGE_CURVE('',#2713,#2722,#1340,.T.);
#3525=EDGE_CURVE('',#2720,#2722,#1341,.T.);
#3526=EDGE_CURVE('',#2723,#2217,#1342,.T.);
#3527=EDGE_CURVE('',#2724,#2723,#1343,.T.);
#3528=EDGE_CURVE('',#2724,#2725,#1344,.T.);
#3529=EDGE_CURVE('',#2218,#2725,#1345,.T.);
#3530=EDGE_CURVE('',#2726,#2209,#2189,.T.);
#3531=EDGE_CURVE('',#2726,#2727,#1346,.T.);
#3532=EDGE_CURVE('',#2728,#2727,#1347,.T.);
#3533=EDGE_CURVE('',#2728,#2729,#1348,.T.);
#3534=EDGE_CURVE('',#2729,#2730,#1349,.T.);
#3535=EDGE_CURVE('',#2731,#2730,#1350,.T.);
#3536=EDGE_CURVE('',#2731,#2732,#1351,.T.);
#3537=EDGE_CURVE('',#2732,#2733,#1352,.T.);
#3538=EDGE_CURVE('',#2733,#2723,#1353,.T.);
#3539=EDGE_CURVE('',#2734,#2735,#1354,.T.);
#3540=EDGE_CURVE('',#2736,#2734,#2190,.T.);
#3541=EDGE_CURVE('',#2736,#2737,#1355,.T.);
#3542=EDGE_CURVE('',#2735,#2737,#2191,.T.);
#3543=EDGE_CURVE('',#2738,#2739,#1356,.T.);
#3544=EDGE_CURVE('',#2737,#2738,#1357,.T.);
#3545=EDGE_CURVE('',#2739,#2736,#1358,.T.);
#3546=EDGE_CURVE('',#2740,#2724,#1359,.T.);
#3547=EDGE_CURVE('',#2741,#2740,#1360,.T.);
#3548=EDGE_CURVE('',#2741,#2725,#1361,.T.);
#3549=EDGE_CURVE('',#2742,#2743,#1362,.T.);
#3550=EDGE_CURVE('',#2734,#2743,#2192,.T.);
#3551=EDGE_CURVE('',#2742,#2735,#2193,.T.);
#3552=EDGE_CURVE('',#2744,#2744,#2194,.T.);
#3553=EDGE_CURVE('',#2744,#2745,#1363,.T.);
#3554=EDGE_CURVE('',#2745,#2745,#2195,.T.);
#3555=EDGE_CURVE('',#2216,#2726,#1364,.T.);
#3556=EDGE_CURVE('',#2746,#2215,#1365,.T.);
#3557=EDGE_CURVE('',#2727,#2746,#1366,.T.);
#3558=EDGE_CURVE('',#2717,#2221,#1367,.T.);
#3559=EDGE_CURVE('',#2214,#2721,#1368,.T.);
#3560=EDGE_CURVE('',#2718,#2220,#1369,.T.);
#3561=EDGE_CURVE('',#2719,#2222,#1370,.T.);
#3562=EDGE_CURVE('',#2741,#2714,#1371,.T.);
#3563=EDGE_CURVE('',#2743,#2740,#1372,.T.);
#3564=EDGE_CURVE('',#2722,#2742,#1373,.T.);
#3565=EDGE_CURVE('',#2747,#2728,#1374,.T.);
#3566=EDGE_CURVE('',#2748,#2746,#2196,.F.);
#3567=EDGE_CURVE('',#2748,#2747,#1375,.T.);
#3568=EDGE_CURVE('',#2746,#2738,#2197,.T.);
#3569=EDGE_CURVE('',#2749,#2749,#2198,.T.);
#3570=EDGE_CURVE('',#2750,#2750,#2199,.T.);
#3571=EDGE_CURVE('',#2739,#2751,#2200,.T.);
#3572=EDGE_CURVE('',#2751,#2748,#1376,.T.);
#3573=EDGE_CURVE('',#2750,#2752,#1377,.T.);
#3574=EDGE_CURVE('',#2753,#2752,#2201,.T.);
#3575=EDGE_CURVE('',#2752,#2753,#2202,.T.);
#3576=EDGE_CURVE('',#2754,#2754,#2203,.T.);
#3577=EDGE_CURVE('',#2754,#2753,#2204,.T.);
#3578=EDGE_CURVE('',#2749,#2755,#1378,.T.);
#3579=EDGE_CURVE('',#2756,#2755,#2205,.T.);
#3580=EDGE_CURVE('',#2755,#2756,#2206,.T.);
#3581=EDGE_CURVE('',#2757,#2757,#2207,.T.);
#3582=EDGE_CURVE('',#2757,#2756,#2208,.T.);
#3583=EDGE_CURVE('',#2758,#2747,#1379,.T.);
#3584=EDGE_CURVE('',#2758,#2729,#1380,.T.);
#3585=EDGE_CURVE('',#2730,#2758,#1381,.T.);
#3586=EDGE_CURVE('',#2751,#2733,#1382,.T.);
#3587=ORIENTED_EDGE('',*,*,#2759,.T.);
#3588=ORIENTED_EDGE('',*,*,#2760,.T.);
#3589=ORIENTED_EDGE('',*,*,#2761,.T.);
#3590=ORIENTED_EDGE('',*,*,#2762,.F.);
#3591=ORIENTED_EDGE('',*,*,#2761,.F.);
#3592=ORIENTED_EDGE('',*,*,#2763,.T.);
#3593=ORIENTED_EDGE('',*,*,#2764,.F.);
#3594=ORIENTED_EDGE('',*,*,#2765,.F.);
#3595=ORIENTED_EDGE('',*,*,#2766,.F.);
#3596=ORIENTED_EDGE('',*,*,#2767,.F.);
#3597=ORIENTED_EDGE('',*,*,#2760,.F.);
#3598=ORIENTED_EDGE('',*,*,#2768,.F.);
#3599=ORIENTED_EDGE('',*,*,#2769,.F.);
#3600=ORIENTED_EDGE('',*,*,#2770,.F.);
#3601=ORIENTED_EDGE('',*,*,#2771,.F.);
#3602=ORIENTED_EDGE('',*,*,#2772,.F.);
#3603=ORIENTED_EDGE('',*,*,#2773,.F.);
#3604=ORIENTED_EDGE('',*,*,#2763,.F.);
#3605=ORIENTED_EDGE('',*,*,#2774,.F.);
#3606=ORIENTED_EDGE('',*,*,#2775,.F.);
#3607=ORIENTED_EDGE('',*,*,#2776,.T.);
#3608=ORIENTED_EDGE('',*,*,#2777,.F.);
#3609=ORIENTED_EDGE('',*,*,#2778,.T.);
#3610=ORIENTED_EDGE('',*,*,#2779,.F.);
#3611=ORIENTED_EDGE('',*,*,#2780,.F.);
#3612=ORIENTED_EDGE('',*,*,#2781,.F.);
#3613=ORIENTED_EDGE('',*,*,#2776,.F.);
#3614=ORIENTED_EDGE('',*,*,#2782,.F.);
#3615=ORIENTED_EDGE('',*,*,#2783,.T.);
#3616=ORIENTED_EDGE('',*,*,#2784,.T.);
#3617=ORIENTED_EDGE('',*,*,#2780,.T.);
#3618=ORIENTED_EDGE('',*,*,#2785,.F.);
#3619=ORIENTED_EDGE('',*,*,#2786,.F.);
#3620=ORIENTED_EDGE('',*,*,#2787,.F.);
#3621=ORIENTED_EDGE('',*,*,#2783,.F.);
#3622=ORIENTED_EDGE('',*,*,#2788,.T.);
#3623=ORIENTED_EDGE('',*,*,#2789,.F.);
#3624=ORIENTED_EDGE('',*,*,#2790,.T.);
#3625=ORIENTED_EDGE('',*,*,#2791,.F.);
#3626=ORIENTED_EDGE('',*,*,#2792,.T.);
#3627=ORIENTED_EDGE('',*,*,#2793,.F.);
#3628=ORIENTED_EDGE('',*,*,#2794,.T.);
#3629=ORIENTED_EDGE('',*,*,#2795,.F.);
#3630=ORIENTED_EDGE('',*,*,#2796,.T.);
#3631=ORIENTED_EDGE('',*,*,#2797,.F.);
#3632=ORIENTED_EDGE('',*,*,#2798,.T.);
#3633=ORIENTED_EDGE('',*,*,#2799,.F.);
#3634=ORIENTED_EDGE('',*,*,#2800,.T.);
#3635=ORIENTED_EDGE('',*,*,#2801,.F.);
#3636=ORIENTED_EDGE('',*,*,#2802,.T.);
#3637=ORIENTED_EDGE('',*,*,#2803,.F.);
#3638=ORIENTED_EDGE('',*,*,#2804,.T.);
#3639=ORIENTED_EDGE('',*,*,#2805,.F.);
#3640=ORIENTED_EDGE('',*,*,#2806,.T.);
#3641=ORIENTED_EDGE('',*,*,#2807,.F.);
#3642=ORIENTED_EDGE('',*,*,#2808,.T.);
#3643=ORIENTED_EDGE('',*,*,#2809,.F.);
#3644=ORIENTED_EDGE('',*,*,#2810,.T.);
#3645=ORIENTED_EDGE('',*,*,#2811,.F.);
#3646=ORIENTED_EDGE('',*,*,#2812,.T.);
#3647=ORIENTED_EDGE('',*,*,#2813,.F.);
#3648=ORIENTED_EDGE('',*,*,#2814,.T.);
#3649=ORIENTED_EDGE('',*,*,#2815,.F.);
#3650=ORIENTED_EDGE('',*,*,#2816,.T.);
#3651=ORIENTED_EDGE('',*,*,#2817,.F.);
#3652=ORIENTED_EDGE('',*,*,#2818,.T.);
#3653=ORIENTED_EDGE('',*,*,#2819,.F.);
#3654=ORIENTED_EDGE('',*,*,#2820,.T.);
#3655=ORIENTED_EDGE('',*,*,#2821,.F.);
#3656=ORIENTED_EDGE('',*,*,#2822,.T.);
#3657=ORIENTED_EDGE('',*,*,#2823,.F.);
#3658=ORIENTED_EDGE('',*,*,#2824,.T.);
#3659=ORIENTED_EDGE('',*,*,#2825,.F.);
#3660=ORIENTED_EDGE('',*,*,#2826,.T.);
#3661=ORIENTED_EDGE('',*,*,#2827,.F.);
#3662=ORIENTED_EDGE('',*,*,#2828,.T.);
#3663=ORIENTED_EDGE('',*,*,#2829,.F.);
#3664=ORIENTED_EDGE('',*,*,#2830,.T.);
#3665=ORIENTED_EDGE('',*,*,#2831,.F.);
#3666=ORIENTED_EDGE('',*,*,#2832,.T.);
#3667=ORIENTED_EDGE('',*,*,#2833,.F.);
#3668=ORIENTED_EDGE('',*,*,#2834,.T.);
#3669=ORIENTED_EDGE('',*,*,#2835,.F.);
#3670=ORIENTED_EDGE('',*,*,#2836,.T.);
#3671=ORIENTED_EDGE('',*,*,#2837,.T.);
#3672=ORIENTED_EDGE('',*,*,#2838,.T.);
#3673=ORIENTED_EDGE('',*,*,#2839,.T.);
#3674=ORIENTED_EDGE('',*,*,#2840,.T.);
#3675=ORIENTED_EDGE('',*,*,#2841,.T.);
#3676=ORIENTED_EDGE('',*,*,#2842,.F.);
#3677=ORIENTED_EDGE('',*,*,#2778,.F.);
#3678=ORIENTED_EDGE('',*,*,#2843,.F.);
#3679=ORIENTED_EDGE('',*,*,#2844,.F.);
#3680=ORIENTED_EDGE('',*,*,#2845,.T.);
#3681=ORIENTED_EDGE('',*,*,#2846,.T.);
#3682=ORIENTED_EDGE('',*,*,#2847,.F.);
#3683=ORIENTED_EDGE('',*,*,#2848,.T.);
#3684=ORIENTED_EDGE('',*,*,#2849,.F.);
#3685=ORIENTED_EDGE('',*,*,#2850,.T.);
#3686=ORIENTED_EDGE('',*,*,#2851,.F.);
#3687=ORIENTED_EDGE('',*,*,#2852,.T.);
#3688=ORIENTED_EDGE('',*,*,#2853,.F.);
#3689=ORIENTED_EDGE('',*,*,#2854,.T.);
#3690=ORIENTED_EDGE('',*,*,#2855,.F.);
#3691=ORIENTED_EDGE('',*,*,#2856,.T.);
#3692=ORIENTED_EDGE('',*,*,#2857,.F.);
#3693=ORIENTED_EDGE('',*,*,#2858,.T.);
#3694=ORIENTED_EDGE('',*,*,#2859,.F.);
#3695=ORIENTED_EDGE('',*,*,#2860,.T.);
#3696=ORIENTED_EDGE('',*,*,#2861,.F.);
#3697=ORIENTED_EDGE('',*,*,#2862,.T.);
#3698=ORIENTED_EDGE('',*,*,#2863,.F.);
#3699=ORIENTED_EDGE('',*,*,#2864,.T.);
#3700=ORIENTED_EDGE('',*,*,#2865,.F.);
#3701=ORIENTED_EDGE('',*,*,#2866,.T.);
#3702=ORIENTED_EDGE('',*,*,#2867,.F.);
#3703=ORIENTED_EDGE('',*,*,#2868,.T.);
#3704=ORIENTED_EDGE('',*,*,#2869,.F.);
#3705=ORIENTED_EDGE('',*,*,#2870,.T.);
#3706=ORIENTED_EDGE('',*,*,#2871,.F.);
#3707=ORIENTED_EDGE('',*,*,#2872,.T.);
#3708=ORIENTED_EDGE('',*,*,#2873,.F.);
#3709=ORIENTED_EDGE('',*,*,#2874,.T.);
#3710=ORIENTED_EDGE('',*,*,#2875,.F.);
#3711=ORIENTED_EDGE('',*,*,#2876,.T.);
#3712=ORIENTED_EDGE('',*,*,#2877,.F.);
#3713=ORIENTED_EDGE('',*,*,#2878,.T.);
#3714=ORIENTED_EDGE('',*,*,#2879,.F.);
#3715=ORIENTED_EDGE('',*,*,#2880,.T.);
#3716=ORIENTED_EDGE('',*,*,#2881,.F.);
#3717=ORIENTED_EDGE('',*,*,#2882,.T.);
#3718=ORIENTED_EDGE('',*,*,#2883,.F.);
#3719=ORIENTED_EDGE('',*,*,#2884,.T.);
#3720=ORIENTED_EDGE('',*,*,#2885,.F.);
#3721=ORIENTED_EDGE('',*,*,#2886,.T.);
#3722=ORIENTED_EDGE('',*,*,#2887,.F.);
#3723=ORIENTED_EDGE('',*,*,#2888,.T.);
#3724=ORIENTED_EDGE('',*,*,#2889,.F.);
#3725=ORIENTED_EDGE('',*,*,#2890,.T.);
#3726=ORIENTED_EDGE('',*,*,#2891,.F.);
#3727=ORIENTED_EDGE('',*,*,#2892,.T.);
#3728=ORIENTED_EDGE('',*,*,#2893,.F.);
#3729=ORIENTED_EDGE('',*,*,#2894,.T.);
#3730=ORIENTED_EDGE('',*,*,#2895,.T.);
#3731=ORIENTED_EDGE('',*,*,#2896,.T.);
#3732=ORIENTED_EDGE('',*,*,#2897,.T.);
#3733=ORIENTED_EDGE('',*,*,#2898,.T.);
#3734=ORIENTED_EDGE('',*,*,#2899,.F.);
#3735=ORIENTED_EDGE('',*,*,#2844,.T.);
#3736=ORIENTED_EDGE('',*,*,#2900,.T.);
#3737=ORIENTED_EDGE('',*,*,#2901,.T.);
#3738=ORIENTED_EDGE('',*,*,#2902,.F.);
#3739=ORIENTED_EDGE('',*,*,#2901,.F.);
#3740=ORIENTED_EDGE('',*,*,#2903,.T.);
#3741=ORIENTED_EDGE('',*,*,#2904,.F.);
#3742=ORIENTED_EDGE('',*,*,#2905,.F.);
#3743=ORIENTED_EDGE('',*,*,#2904,.T.);
#3744=ORIENTED_EDGE('',*,*,#2906,.T.);
#3745=ORIENTED_EDGE('',*,*,#2786,.T.);
#3746=ORIENTED_EDGE('',*,*,#2907,.T.);
#3747=ORIENTED_EDGE('',*,*,#2908,.F.);
#3748=ORIENTED_EDGE('',*,*,#2909,.T.);
#3749=ORIENTED_EDGE('',*,*,#2891,.T.);
#3750=ORIENTED_EDGE('',*,*,#2909,.F.);
#3751=ORIENTED_EDGE('',*,*,#2910,.F.);
#3752=ORIENTED_EDGE('',*,*,#2911,.F.);
#3753=ORIENTED_EDGE('',*,*,#2892,.F.);
#3754=ORIENTED_EDGE('',*,*,#2912,.T.);
#3755=ORIENTED_EDGE('',*,*,#2913,.F.);
#3756=ORIENTED_EDGE('',*,*,#2914,.T.);
#3757=ORIENTED_EDGE('',*,*,#2887,.T.);
#3758=ORIENTED_EDGE('',*,*,#2908,.T.);
#3759=ORIENTED_EDGE('',*,*,#2915,.T.);
#3760=ORIENTED_EDGE('',*,*,#2916,.T.);
#3761=ORIENTED_EDGE('',*,*,#2917,.T.);
#3762=ORIENTED_EDGE('',*,*,#2913,.T.);
#3763=ORIENTED_EDGE('',*,*,#2918,.T.);
#3764=ORIENTED_EDGE('',*,*,#2919,.T.);
#3765=ORIENTED_EDGE('',*,*,#2910,.T.);
#3766=ORIENTED_EDGE('',*,*,#2912,.F.);
#3767=ORIENTED_EDGE('',*,*,#2886,.F.);
#3768=ORIENTED_EDGE('',*,*,#2920,.F.);
#3769=ORIENTED_EDGE('',*,*,#2918,.F.);
#3770=ORIENTED_EDGE('',*,*,#2911,.T.);
#3771=ORIENTED_EDGE('',*,*,#2919,.F.);
#3772=ORIENTED_EDGE('',*,*,#2920,.T.);
#3773=ORIENTED_EDGE('',*,*,#2893,.T.);
#3774=ORIENTED_EDGE('',*,*,#2921,.T.);
#3775=ORIENTED_EDGE('',*,*,#2922,.F.);
#3776=ORIENTED_EDGE('',*,*,#2923,.T.);
#3777=ORIENTED_EDGE('',*,*,#2847,.T.);
#3778=ORIENTED_EDGE('',*,*,#2923,.F.);
#3779=ORIENTED_EDGE('',*,*,#2924,.F.);
#3780=ORIENTED_EDGE('',*,*,#2925,.F.);
#3781=ORIENTED_EDGE('',*,*,#2848,.F.);
#3782=ORIENTED_EDGE('',*,*,#2926,.T.);
#3783=ORIENTED_EDGE('',*,*,#2927,.F.);
#3784=ORIENTED_EDGE('',*,*,#2928,.T.);
#3785=ORIENTED_EDGE('',*,*,#2853,.T.);
#3786=ORIENTED_EDGE('',*,*,#2922,.T.);
#3787=ORIENTED_EDGE('',*,*,#2929,.T.);
#3788=ORIENTED_EDGE('',*,*,#2927,.T.);
#3789=ORIENTED_EDGE('',*,*,#2930,.T.);
#3790=ORIENTED_EDGE('',*,*,#2931,.T.);
#3791=ORIENTED_EDGE('',*,*,#2932,.T.);
#3792=ORIENTED_EDGE('',*,*,#2933,.T.);
#3793=ORIENTED_EDGE('',*,*,#2924,.T.);
#3794=ORIENTED_EDGE('',*,*,#2926,.F.);
#3795=ORIENTED_EDGE('',*,*,#2852,.F.);
#3796=ORIENTED_EDGE('',*,*,#2934,.F.);
#3797=ORIENTED_EDGE('',*,*,#2930,.F.);
#3798=ORIENTED_EDGE('',*,*,#2935,.T.);
#3799=ORIENTED_EDGE('',*,*,#2936,.F.);
#3800=ORIENTED_EDGE('',*,*,#2937,.T.);
#3801=ORIENTED_EDGE('',*,*,#2879,.T.);
#3802=ORIENTED_EDGE('',*,*,#2937,.F.);
#3803=ORIENTED_EDGE('',*,*,#2938,.F.);
#3804=ORIENTED_EDGE('',*,*,#2939,.F.);
#3805=ORIENTED_EDGE('',*,*,#2880,.F.);
#3806=ORIENTED_EDGE('',*,*,#2940,.T.);
#3807=ORIENTED_EDGE('',*,*,#2941,.F.);
#3808=ORIENTED_EDGE('',*,*,#2942,.T.);
#3809=ORIENTED_EDGE('',*,*,#2885,.T.);
#3810=ORIENTED_EDGE('',*,*,#2936,.T.);
#3811=ORIENTED_EDGE('',*,*,#2943,.T.);
#3812=ORIENTED_EDGE('',*,*,#2941,.T.);
#3813=ORIENTED_EDGE('',*,*,#2944,.T.);
#3814=ORIENTED_EDGE('',*,*,#2945,.T.);
#3815=ORIENTED_EDGE('',*,*,#2946,.T.);
#3816=ORIENTED_EDGE('',*,*,#2947,.T.);
#3817=ORIENTED_EDGE('',*,*,#2938,.T.);
#3818=ORIENTED_EDGE('',*,*,#2940,.F.);
#3819=ORIENTED_EDGE('',*,*,#2884,.F.);
#3820=ORIENTED_EDGE('',*,*,#2948,.F.);
#3821=ORIENTED_EDGE('',*,*,#2944,.F.);
#3822=ORIENTED_EDGE('',*,*,#2949,.T.);
#3823=ORIENTED_EDGE('',*,*,#2950,.F.);
#3824=ORIENTED_EDGE('',*,*,#2951,.T.);
#3825=ORIENTED_EDGE('',*,*,#2855,.T.);
#3826=ORIENTED_EDGE('',*,*,#2951,.F.);
#3827=ORIENTED_EDGE('',*,*,#2952,.F.);
#3828=ORIENTED_EDGE('',*,*,#2953,.F.);
#3829=ORIENTED_EDGE('',*,*,#2856,.F.);
#3830=ORIENTED_EDGE('',*,*,#2954,.T.);
#3831=ORIENTED_EDGE('',*,*,#2955,.F.);
#3832=ORIENTED_EDGE('',*,*,#2956,.T.);
#3833=ORIENTED_EDGE('',*,*,#2861,.T.);
#3834=ORIENTED_EDGE('',*,*,#2950,.T.);
#3835=ORIENTED_EDGE('',*,*,#2957,.T.);
#3836=ORIENTED_EDGE('',*,*,#2955,.T.);
#3837=ORIENTED_EDGE('',*,*,#2958,.T.);
#3838=ORIENTED_EDGE('',*,*,#2959,.T.);
#3839=ORIENTED_EDGE('',*,*,#2960,.T.);
#3840=ORIENTED_EDGE('',*,*,#2961,.T.);
#3841=ORIENTED_EDGE('',*,*,#2952,.T.);
#3842=ORIENTED_EDGE('',*,*,#2954,.F.);
#3843=ORIENTED_EDGE('',*,*,#2860,.F.);
#3844=ORIENTED_EDGE('',*,*,#2962,.F.);
#3845=ORIENTED_EDGE('',*,*,#2958,.F.);
#3846=ORIENTED_EDGE('',*,*,#2963,.T.);
#3847=ORIENTED_EDGE('',*,*,#2964,.F.);
#3848=ORIENTED_EDGE('',*,*,#2965,.T.);
#3849=ORIENTED_EDGE('',*,*,#2871,.T.);
#3850=ORIENTED_EDGE('',*,*,#2965,.F.);
#3851=ORIENTED_EDGE('',*,*,#2966,.F.);
#3852=ORIENTED_EDGE('',*,*,#2967,.F.);
#3853=ORIENTED_EDGE('',*,*,#2872,.F.);
#3854=ORIENTED_EDGE('',*,*,#2968,.T.);
#3855=ORIENTED_EDGE('',*,*,#2969,.F.);
#3856=ORIENTED_EDGE('',*,*,#2970,.T.);
#3857=ORIENTED_EDGE('',*,*,#2877,.T.);
#3858=ORIENTED_EDGE('',*,*,#2964,.T.);
#3859=ORIENTED_EDGE('',*,*,#2971,.T.);
#3860=ORIENTED_EDGE('',*,*,#2969,.T.);
#3861=ORIENTED_EDGE('',*,*,#2972,.T.);
#3862=ORIENTED_EDGE('',*,*,#2973,.T.);
#3863=ORIENTED_EDGE('',*,*,#2974,.T.);
#3864=ORIENTED_EDGE('',*,*,#2975,.T.);
#3865=ORIENTED_EDGE('',*,*,#2966,.T.);
#3866=ORIENTED_EDGE('',*,*,#2968,.F.);
#3867=ORIENTED_EDGE('',*,*,#2876,.F.);
#3868=ORIENTED_EDGE('',*,*,#2976,.F.);
#3869=ORIENTED_EDGE('',*,*,#2972,.F.);
#3870=ORIENTED_EDGE('',*,*,#2977,.T.);
#3871=ORIENTED_EDGE('',*,*,#2978,.F.);
#3872=ORIENTED_EDGE('',*,*,#2979,.T.);
#3873=ORIENTED_EDGE('',*,*,#2863,.T.);
#3874=ORIENTED_EDGE('',*,*,#2979,.F.);
#3875=ORIENTED_EDGE('',*,*,#2980,.F.);
#3876=ORIENTED_EDGE('',*,*,#2981,.F.);
#3877=ORIENTED_EDGE('',*,*,#2864,.F.);
#3878=ORIENTED_EDGE('',*,*,#2982,.T.);
#3879=ORIENTED_EDGE('',*,*,#2983,.F.);
#3880=ORIENTED_EDGE('',*,*,#2984,.T.);
#3881=ORIENTED_EDGE('',*,*,#2869,.T.);
#3882=ORIENTED_EDGE('',*,*,#2978,.T.);
#3883=ORIENTED_EDGE('',*,*,#2985,.T.);
#3884=ORIENTED_EDGE('',*,*,#2983,.T.);
#3885=ORIENTED_EDGE('',*,*,#2986,.T.);
#3886=ORIENTED_EDGE('',*,*,#2987,.T.);
#3887=ORIENTED_EDGE('',*,*,#2988,.T.);
#3888=ORIENTED_EDGE('',*,*,#2989,.T.);
#3889=ORIENTED_EDGE('',*,*,#2980,.T.);
#3890=ORIENTED_EDGE('',*,*,#2982,.F.);
#3891=ORIENTED_EDGE('',*,*,#2868,.F.);
#3892=ORIENTED_EDGE('',*,*,#2990,.F.);
#3893=ORIENTED_EDGE('',*,*,#2986,.F.);
#3894=ORIENTED_EDGE('',*,*,#2991,.T.);
#3895=ORIENTED_EDGE('',*,*,#2987,.F.);
#3896=ORIENTED_EDGE('',*,*,#2990,.T.);
#3897=ORIENTED_EDGE('',*,*,#2867,.T.);
#3898=ORIENTED_EDGE('',*,*,#2981,.T.);
#3899=ORIENTED_EDGE('',*,*,#2989,.F.);
#3900=ORIENTED_EDGE('',*,*,#2992,.T.);
#3901=ORIENTED_EDGE('',*,*,#2865,.T.);
#3902=ORIENTED_EDGE('',*,*,#2993,.T.);
#3903=ORIENTED_EDGE('',*,*,#2973,.F.);
#3904=ORIENTED_EDGE('',*,*,#2976,.T.);
#3905=ORIENTED_EDGE('',*,*,#2875,.T.);
#3906=ORIENTED_EDGE('',*,*,#2967,.T.);
#3907=ORIENTED_EDGE('',*,*,#2975,.F.);
#3908=ORIENTED_EDGE('',*,*,#2994,.T.);
#3909=ORIENTED_EDGE('',*,*,#2873,.T.);
#3910=ORIENTED_EDGE('',*,*,#2995,.T.);
#3911=ORIENTED_EDGE('',*,*,#2959,.F.);
#3912=ORIENTED_EDGE('',*,*,#2962,.T.);
#3913=ORIENTED_EDGE('',*,*,#2859,.T.);
#3914=ORIENTED_EDGE('',*,*,#2953,.T.);
#3915=ORIENTED_EDGE('',*,*,#2961,.F.);
#3916=ORIENTED_EDGE('',*,*,#2996,.T.);
#3917=ORIENTED_EDGE('',*,*,#2857,.T.);
#3918=ORIENTED_EDGE('',*,*,#2997,.T.);
#3919=ORIENTED_EDGE('',*,*,#2945,.F.);
#3920=ORIENTED_EDGE('',*,*,#2948,.T.);
#3921=ORIENTED_EDGE('',*,*,#2883,.T.);
#3922=ORIENTED_EDGE('',*,*,#2939,.T.);
#3923=ORIENTED_EDGE('',*,*,#2947,.F.);
#3924=ORIENTED_EDGE('',*,*,#2998,.T.);
#3925=ORIENTED_EDGE('',*,*,#2881,.T.);
#3926=ORIENTED_EDGE('',*,*,#2999,.T.);
#3927=ORIENTED_EDGE('',*,*,#2931,.F.);
#3928=ORIENTED_EDGE('',*,*,#2934,.T.);
#3929=ORIENTED_EDGE('',*,*,#2851,.T.);
#3930=ORIENTED_EDGE('',*,*,#2925,.T.);
#3931=ORIENTED_EDGE('',*,*,#2933,.F.);
#3932=ORIENTED_EDGE('',*,*,#3000,.T.);
#3933=ORIENTED_EDGE('',*,*,#2849,.T.);
#3934=ORIENTED_EDGE('',*,*,#3001,.T.);
#3935=ORIENTED_EDGE('',*,*,#2916,.F.);
#3936=ORIENTED_EDGE('',*,*,#3002,.T.);
#3937=ORIENTED_EDGE('',*,*,#2889,.T.);
#3938=ORIENTED_EDGE('',*,*,#2914,.F.);
#3939=ORIENTED_EDGE('',*,*,#2917,.F.);
#3940=ORIENTED_EDGE('',*,*,#3001,.F.);
#3941=ORIENTED_EDGE('',*,*,#2888,.F.);
#3942=ORIENTED_EDGE('',*,*,#3003,.T.);
#3943=ORIENTED_EDGE('',*,*,#3004,.F.);
#3944=ORIENTED_EDGE('',*,*,#3005,.T.);
#3945=ORIENTED_EDGE('',*,*,#2829,.T.);
#3946=ORIENTED_EDGE('',*,*,#3003,.F.);
#3947=ORIENTED_EDGE('',*,*,#2828,.F.);
#3948=ORIENTED_EDGE('',*,*,#3006,.F.);
#3949=ORIENTED_EDGE('',*,*,#3007,.T.);
#3950=ORIENTED_EDGE('',*,*,#3008,.T.);
#3951=ORIENTED_EDGE('',*,*,#3009,.F.);
#3952=ORIENTED_EDGE('',*,*,#3006,.T.);
#3953=ORIENTED_EDGE('',*,*,#2835,.T.);
#3954=ORIENTED_EDGE('',*,*,#3008,.F.);
#3955=ORIENTED_EDGE('',*,*,#2834,.F.);
#3956=ORIENTED_EDGE('',*,*,#3010,.F.);
#3957=ORIENTED_EDGE('',*,*,#3011,.T.);
#3958=ORIENTED_EDGE('',*,*,#3012,.T.);
#3959=ORIENTED_EDGE('',*,*,#3013,.F.);
#3960=ORIENTED_EDGE('',*,*,#3010,.T.);
#3961=ORIENTED_EDGE('',*,*,#2833,.T.);
#3962=ORIENTED_EDGE('',*,*,#3012,.F.);
#3963=ORIENTED_EDGE('',*,*,#2832,.F.);
#3964=ORIENTED_EDGE('',*,*,#3014,.F.);
#3965=ORIENTED_EDGE('',*,*,#3015,.T.);
#3966=ORIENTED_EDGE('',*,*,#3016,.T.);
#3967=ORIENTED_EDGE('',*,*,#3017,.F.);
#3968=ORIENTED_EDGE('',*,*,#3014,.T.);
#3969=ORIENTED_EDGE('',*,*,#2831,.T.);
#3970=ORIENTED_EDGE('',*,*,#3005,.F.);
#3971=ORIENTED_EDGE('',*,*,#3018,.T.);
#3972=ORIENTED_EDGE('',*,*,#3016,.F.);
#3973=ORIENTED_EDGE('',*,*,#2830,.F.);
#3974=ORIENTED_EDGE('',*,*,#3019,.T.);
#3975=ORIENTED_EDGE('',*,*,#3020,.F.);
#3976=ORIENTED_EDGE('',*,*,#3021,.T.);
#3977=ORIENTED_EDGE('',*,*,#2795,.T.);
#3978=ORIENTED_EDGE('',*,*,#3019,.F.);
#3979=ORIENTED_EDGE('',*,*,#2794,.F.);
#3980=ORIENTED_EDGE('',*,*,#3022,.F.);
#3981=ORIENTED_EDGE('',*,*,#3023,.T.);
#3982=ORIENTED_EDGE('',*,*,#3024,.T.);
#3983=ORIENTED_EDGE('',*,*,#3025,.F.);
#3984=ORIENTED_EDGE('',*,*,#3026,.T.);
#3985=ORIENTED_EDGE('',*,*,#2789,.T.);
#3986=ORIENTED_EDGE('',*,*,#3021,.F.);
#3987=ORIENTED_EDGE('',*,*,#3027,.T.);
#3988=ORIENTED_EDGE('',*,*,#3024,.F.);
#3989=ORIENTED_EDGE('',*,*,#2788,.F.);
#3990=ORIENTED_EDGE('',*,*,#3028,.T.);
#3991=ORIENTED_EDGE('',*,*,#3029,.F.);
#3992=ORIENTED_EDGE('',*,*,#3022,.T.);
#3993=ORIENTED_EDGE('',*,*,#2793,.T.);
#3994=ORIENTED_EDGE('',*,*,#3028,.F.);
#3995=ORIENTED_EDGE('',*,*,#2792,.F.);
#3996=ORIENTED_EDGE('',*,*,#3030,.F.);
#3997=ORIENTED_EDGE('',*,*,#3031,.T.);
#3998=ORIENTED_EDGE('',*,*,#3032,.T.);
#3999=ORIENTED_EDGE('',*,*,#3033,.F.);
#4000=ORIENTED_EDGE('',*,*,#3030,.T.);
#4001=ORIENTED_EDGE('',*,*,#2791,.T.);
#4002=ORIENTED_EDGE('',*,*,#3026,.F.);
#4003=ORIENTED_EDGE('',*,*,#3034,.T.);
#4004=ORIENTED_EDGE('',*,*,#3032,.F.);
#4005=ORIENTED_EDGE('',*,*,#2790,.F.);
#4006=ORIENTED_EDGE('',*,*,#3035,.T.);
#4007=ORIENTED_EDGE('',*,*,#3036,.F.);
#4008=ORIENTED_EDGE('',*,*,#3037,.T.);
#4009=ORIENTED_EDGE('',*,*,#2821,.T.);
#4010=ORIENTED_EDGE('',*,*,#3035,.F.);
#4011=ORIENTED_EDGE('',*,*,#2820,.F.);
#4012=ORIENTED_EDGE('',*,*,#3038,.F.);
#4013=ORIENTED_EDGE('',*,*,#3039,.T.);
#4014=ORIENTED_EDGE('',*,*,#3040,.T.);
#4015=ORIENTED_EDGE('',*,*,#3041,.F.);
#4016=ORIENTED_EDGE('',*,*,#3038,.T.);
#4017=ORIENTED_EDGE('',*,*,#2827,.T.);
#4018=ORIENTED_EDGE('',*,*,#3040,.F.);
#4019=ORIENTED_EDGE('',*,*,#2826,.F.);
#4020=ORIENTED_EDGE('',*,*,#3042,.F.);
#4021=ORIENTED_EDGE('',*,*,#3043,.T.);
#4022=ORIENTED_EDGE('',*,*,#3044,.T.);
#4023=ORIENTED_EDGE('',*,*,#3045,.F.);
#4024=ORIENTED_EDGE('',*,*,#3042,.T.);
#4025=ORIENTED_EDGE('',*,*,#2825,.T.);
#4026=ORIENTED_EDGE('',*,*,#3044,.F.);
#4027=ORIENTED_EDGE('',*,*,#2824,.F.);
#4028=ORIENTED_EDGE('',*,*,#3046,.F.);
#4029=ORIENTED_EDGE('',*,*,#3047,.T.);
#4030=ORIENTED_EDGE('',*,*,#3048,.T.);
#4031=ORIENTED_EDGE('',*,*,#3049,.F.);
#4032=ORIENTED_EDGE('',*,*,#3046,.T.);
#4033=ORIENTED_EDGE('',*,*,#2823,.T.);
#4034=ORIENTED_EDGE('',*,*,#3037,.F.);
#4035=ORIENTED_EDGE('',*,*,#3050,.T.);
#4036=ORIENTED_EDGE('',*,*,#3048,.F.);
#4037=ORIENTED_EDGE('',*,*,#2822,.F.);
#4038=ORIENTED_EDGE('',*,*,#3051,.T.);
#4039=ORIENTED_EDGE('',*,*,#3052,.F.);
#4040=ORIENTED_EDGE('',*,*,#3053,.T.);
#4041=ORIENTED_EDGE('',*,*,#2797,.T.);
#4042=ORIENTED_EDGE('',*,*,#3051,.F.);
#4043=ORIENTED_EDGE('',*,*,#2796,.F.);
#4044=ORIENTED_EDGE('',*,*,#3054,.F.);
#4045=ORIENTED_EDGE('',*,*,#3055,.T.);
#4046=ORIENTED_EDGE('',*,*,#3056,.T.);
#4047=ORIENTED_EDGE('',*,*,#3057,.F.);
#4048=ORIENTED_EDGE('',*,*,#3054,.T.);
#4049=ORIENTED_EDGE('',*,*,#2803,.T.);
#4050=ORIENTED_EDGE('',*,*,#3056,.F.);
#4051=ORIENTED_EDGE('',*,*,#2802,.F.);
#4052=ORIENTED_EDGE('',*,*,#3058,.F.);
#4053=ORIENTED_EDGE('',*,*,#3059,.T.);
#4054=ORIENTED_EDGE('',*,*,#3060,.T.);
#4055=ORIENTED_EDGE('',*,*,#3061,.F.);
#4056=ORIENTED_EDGE('',*,*,#3058,.T.);
#4057=ORIENTED_EDGE('',*,*,#2801,.T.);
#4058=ORIENTED_EDGE('',*,*,#3060,.F.);
#4059=ORIENTED_EDGE('',*,*,#2800,.F.);
#4060=ORIENTED_EDGE('',*,*,#3062,.F.);
#4061=ORIENTED_EDGE('',*,*,#3063,.T.);
#4062=ORIENTED_EDGE('',*,*,#3064,.T.);
#4063=ORIENTED_EDGE('',*,*,#3065,.F.);
#4064=ORIENTED_EDGE('',*,*,#3062,.T.);
#4065=ORIENTED_EDGE('',*,*,#2799,.T.);
#4066=ORIENTED_EDGE('',*,*,#3053,.F.);
#4067=ORIENTED_EDGE('',*,*,#3066,.T.);
#4068=ORIENTED_EDGE('',*,*,#3064,.F.);
#4069=ORIENTED_EDGE('',*,*,#2798,.F.);
#4070=ORIENTED_EDGE('',*,*,#3067,.T.);
#4071=ORIENTED_EDGE('',*,*,#3068,.F.);
#4072=ORIENTED_EDGE('',*,*,#3069,.T.);
#4073=ORIENTED_EDGE('',*,*,#2813,.T.);
#4074=ORIENTED_EDGE('',*,*,#3067,.F.);
#4075=ORIENTED_EDGE('',*,*,#2812,.F.);
#4076=ORIENTED_EDGE('',*,*,#3070,.F.);
#4077=ORIENTED_EDGE('',*,*,#3071,.T.);
#4078=ORIENTED_EDGE('',*,*,#3072,.T.);
#4079=ORIENTED_EDGE('',*,*,#3073,.F.);
#4080=ORIENTED_EDGE('',*,*,#3070,.T.);
#4081=ORIENTED_EDGE('',*,*,#2819,.T.);
#4082=ORIENTED_EDGE('',*,*,#3072,.F.);
#4083=ORIENTED_EDGE('',*,*,#2818,.F.);
#4084=ORIENTED_EDGE('',*,*,#3074,.F.);
#4085=ORIENTED_EDGE('',*,*,#3075,.T.);
#4086=ORIENTED_EDGE('',*,*,#3076,.T.);
#4087=ORIENTED_EDGE('',*,*,#3077,.F.);
#4088=ORIENTED_EDGE('',*,*,#3074,.T.);
#4089=ORIENTED_EDGE('',*,*,#2817,.T.);
#4090=ORIENTED_EDGE('',*,*,#3076,.F.);
#4091=ORIENTED_EDGE('',*,*,#2816,.F.);
#4092=ORIENTED_EDGE('',*,*,#3078,.F.);
#4093=ORIENTED_EDGE('',*,*,#3079,.T.);
#4094=ORIENTED_EDGE('',*,*,#3080,.T.);
#4095=ORIENTED_EDGE('',*,*,#3081,.F.);
#4096=ORIENTED_EDGE('',*,*,#3078,.T.);
#4097=ORIENTED_EDGE('',*,*,#2815,.T.);
#4098=ORIENTED_EDGE('',*,*,#3069,.F.);
#4099=ORIENTED_EDGE('',*,*,#3082,.T.);
#4100=ORIENTED_EDGE('',*,*,#3080,.F.);
#4101=ORIENTED_EDGE('',*,*,#2814,.F.);
#4102=ORIENTED_EDGE('',*,*,#3083,.T.);
#4103=ORIENTED_EDGE('',*,*,#3084,.F.);
#4104=ORIENTED_EDGE('',*,*,#3085,.T.);
#4105=ORIENTED_EDGE('',*,*,#2805,.T.);
#4106=ORIENTED_EDGE('',*,*,#3083,.F.);
#4107=ORIENTED_EDGE('',*,*,#2804,.F.);
#4108=ORIENTED_EDGE('',*,*,#3086,.F.);
#4109=ORIENTED_EDGE('',*,*,#3087,.T.);
#4110=ORIENTED_EDGE('',*,*,#3088,.T.);
#4111=ORIENTED_EDGE('',*,*,#3089,.F.);
#4112=ORIENTED_EDGE('',*,*,#3086,.T.);
#4113=ORIENTED_EDGE('',*,*,#2811,.T.);
#4114=ORIENTED_EDGE('',*,*,#3088,.F.);
#4115=ORIENTED_EDGE('',*,*,#2810,.F.);
#4116=ORIENTED_EDGE('',*,*,#3090,.F.);
#4117=ORIENTED_EDGE('',*,*,#3091,.T.);
#4118=ORIENTED_EDGE('',*,*,#3092,.T.);
#4119=ORIENTED_EDGE('',*,*,#3093,.F.);
#4120=ORIENTED_EDGE('',*,*,#3090,.T.);
#4121=ORIENTED_EDGE('',*,*,#2809,.T.);
#4122=ORIENTED_EDGE('',*,*,#3092,.F.);
#4123=ORIENTED_EDGE('',*,*,#2808,.F.);
#4124=ORIENTED_EDGE('',*,*,#3094,.F.);
#4125=ORIENTED_EDGE('',*,*,#3095,.T.);
#4126=ORIENTED_EDGE('',*,*,#3096,.T.);
#4127=ORIENTED_EDGE('',*,*,#3097,.F.);
#4128=ORIENTED_EDGE('',*,*,#3094,.T.);
#4129=ORIENTED_EDGE('',*,*,#2807,.T.);
#4130=ORIENTED_EDGE('',*,*,#3085,.F.);
#4131=ORIENTED_EDGE('',*,*,#3098,.T.);
#4132=ORIENTED_EDGE('',*,*,#3096,.F.);
#4133=ORIENTED_EDGE('',*,*,#2806,.F.);
#4134=ORIENTED_EDGE('',*,*,#3099,.F.);
#4135=ORIENTED_EDGE('',*,*,#3100,.T.);
#4136=ORIENTED_EDGE('',*,*,#2898,.F.);
#4137=ORIENTED_EDGE('',*,*,#3100,.F.);
#4138=ORIENTED_EDGE('',*,*,#3099,.T.);
#4139=ORIENTED_EDGE('',*,*,#3101,.F.);
#4140=ORIENTED_EDGE('',*,*,#3102,.F.);
#4141=ORIENTED_EDGE('',*,*,#3103,.T.);
#4142=ORIENTED_EDGE('',*,*,#2897,.F.);
#4143=ORIENTED_EDGE('',*,*,#3103,.F.);
#4144=ORIENTED_EDGE('',*,*,#3102,.T.);
#4145=ORIENTED_EDGE('',*,*,#3104,.F.);
#4146=ORIENTED_EDGE('',*,*,#3105,.F.);
#4147=ORIENTED_EDGE('',*,*,#3106,.T.);
#4148=ORIENTED_EDGE('',*,*,#2896,.F.);
#4149=ORIENTED_EDGE('',*,*,#3106,.F.);
#4150=ORIENTED_EDGE('',*,*,#3105,.T.);
#4151=ORIENTED_EDGE('',*,*,#3107,.F.);
#4152=ORIENTED_EDGE('',*,*,#3108,.F.);
#4153=ORIENTED_EDGE('',*,*,#3109,.T.);
#4154=ORIENTED_EDGE('',*,*,#2895,.F.);
#4155=ORIENTED_EDGE('',*,*,#3109,.F.);
#4156=ORIENTED_EDGE('',*,*,#3108,.T.);
#4157=ORIENTED_EDGE('',*,*,#3110,.F.);
#4158=ORIENTED_EDGE('',*,*,#3111,.F.);
#4159=ORIENTED_EDGE('',*,*,#3112,.T.);
#4160=ORIENTED_EDGE('',*,*,#2894,.F.);
#4161=ORIENTED_EDGE('',*,*,#3112,.F.);
#4162=ORIENTED_EDGE('',*,*,#3111,.T.);
#4163=ORIENTED_EDGE('',*,*,#3113,.F.);
#4164=ORIENTED_EDGE('',*,*,#2907,.F.);
#4165=ORIENTED_EDGE('',*,*,#2890,.F.);
#4166=ORIENTED_EDGE('',*,*,#3002,.F.);
#4167=ORIENTED_EDGE('',*,*,#2915,.F.);
#4168=ORIENTED_EDGE('',*,*,#2935,.F.);
#4169=ORIENTED_EDGE('',*,*,#2878,.F.);
#4170=ORIENTED_EDGE('',*,*,#2942,.F.);
#4171=ORIENTED_EDGE('',*,*,#2943,.F.);
#4172=ORIENTED_EDGE('',*,*,#2997,.F.);
#4173=ORIENTED_EDGE('',*,*,#2882,.F.);
#4174=ORIENTED_EDGE('',*,*,#2998,.F.);
#4175=ORIENTED_EDGE('',*,*,#2946,.F.);
#4176=ORIENTED_EDGE('',*,*,#2963,.F.);
#4177=ORIENTED_EDGE('',*,*,#2870,.F.);
#4178=ORIENTED_EDGE('',*,*,#2970,.F.);
#4179=ORIENTED_EDGE('',*,*,#2971,.F.);
#4180=ORIENTED_EDGE('',*,*,#2993,.F.);
#4181=ORIENTED_EDGE('',*,*,#2874,.F.);
#4182=ORIENTED_EDGE('',*,*,#2994,.F.);
#4183=ORIENTED_EDGE('',*,*,#2974,.F.);
#4184=ORIENTED_EDGE('',*,*,#2977,.F.);
#4185=ORIENTED_EDGE('',*,*,#2862,.F.);
#4186=ORIENTED_EDGE('',*,*,#2984,.F.);
#4187=ORIENTED_EDGE('',*,*,#2985,.F.);
#4188=ORIENTED_EDGE('',*,*,#2991,.F.);
#4189=ORIENTED_EDGE('',*,*,#2866,.F.);
#4190=ORIENTED_EDGE('',*,*,#2992,.F.);
#4191=ORIENTED_EDGE('',*,*,#2988,.F.);
#4192=ORIENTED_EDGE('',*,*,#2949,.F.);
#4193=ORIENTED_EDGE('',*,*,#2854,.F.);
#4194=ORIENTED_EDGE('',*,*,#2956,.F.);
#4195=ORIENTED_EDGE('',*,*,#2957,.F.);
#4196=ORIENTED_EDGE('',*,*,#2995,.F.);
#4197=ORIENTED_EDGE('',*,*,#2858,.F.);
#4198=ORIENTED_EDGE('',*,*,#2996,.F.);
#4199=ORIENTED_EDGE('',*,*,#2960,.F.);
#4200=ORIENTED_EDGE('',*,*,#2921,.F.);
#4201=ORIENTED_EDGE('',*,*,#2846,.F.);
#4202=ORIENTED_EDGE('',*,*,#2928,.F.);
#4203=ORIENTED_EDGE('',*,*,#2929,.F.);
#4204=ORIENTED_EDGE('',*,*,#2999,.F.);
#4205=ORIENTED_EDGE('',*,*,#2850,.F.);
#4206=ORIENTED_EDGE('',*,*,#3000,.F.);
#4207=ORIENTED_EDGE('',*,*,#2932,.F.);
#4208=ORIENTED_EDGE('',*,*,#3020,.T.);
#4209=ORIENTED_EDGE('',*,*,#3023,.F.);
#4210=ORIENTED_EDGE('',*,*,#3029,.T.);
#4211=ORIENTED_EDGE('',*,*,#3031,.F.);
#4212=ORIENTED_EDGE('',*,*,#3033,.T.);
#4213=ORIENTED_EDGE('',*,*,#3034,.F.);
#4214=ORIENTED_EDGE('',*,*,#3025,.T.);
#4215=ORIENTED_EDGE('',*,*,#3027,.F.);
#4216=ORIENTED_EDGE('',*,*,#3052,.T.);
#4217=ORIENTED_EDGE('',*,*,#3055,.F.);
#4218=ORIENTED_EDGE('',*,*,#3057,.T.);
#4219=ORIENTED_EDGE('',*,*,#3059,.F.);
#4220=ORIENTED_EDGE('',*,*,#3061,.T.);
#4221=ORIENTED_EDGE('',*,*,#3063,.F.);
#4222=ORIENTED_EDGE('',*,*,#3065,.T.);
#4223=ORIENTED_EDGE('',*,*,#3066,.F.);
#4224=ORIENTED_EDGE('',*,*,#3084,.T.);
#4225=ORIENTED_EDGE('',*,*,#3087,.F.);
#4226=ORIENTED_EDGE('',*,*,#3089,.T.);
#4227=ORIENTED_EDGE('',*,*,#3091,.F.);
#4228=ORIENTED_EDGE('',*,*,#3093,.T.);
#4229=ORIENTED_EDGE('',*,*,#3095,.F.);
#4230=ORIENTED_EDGE('',*,*,#3097,.T.);
#4231=ORIENTED_EDGE('',*,*,#3098,.F.);
#4232=ORIENTED_EDGE('',*,*,#3068,.T.);
#4233=ORIENTED_EDGE('',*,*,#3071,.F.);
#4234=ORIENTED_EDGE('',*,*,#3073,.T.);
#4235=ORIENTED_EDGE('',*,*,#3075,.F.);
#4236=ORIENTED_EDGE('',*,*,#3077,.T.);
#4237=ORIENTED_EDGE('',*,*,#3079,.F.);
#4238=ORIENTED_EDGE('',*,*,#3081,.T.);
#4239=ORIENTED_EDGE('',*,*,#3082,.F.);
#4240=ORIENTED_EDGE('',*,*,#3036,.T.);
#4241=ORIENTED_EDGE('',*,*,#3039,.F.);
#4242=ORIENTED_EDGE('',*,*,#3041,.T.);
#4243=ORIENTED_EDGE('',*,*,#3043,.F.);
#4244=ORIENTED_EDGE('',*,*,#3045,.T.);
#4245=ORIENTED_EDGE('',*,*,#3047,.F.);
#4246=ORIENTED_EDGE('',*,*,#3049,.T.);
#4247=ORIENTED_EDGE('',*,*,#3050,.F.);
#4248=ORIENTED_EDGE('',*,*,#3004,.T.);
#4249=ORIENTED_EDGE('',*,*,#3007,.F.);
#4250=ORIENTED_EDGE('',*,*,#3009,.T.);
#4251=ORIENTED_EDGE('',*,*,#3011,.F.);
#4252=ORIENTED_EDGE('',*,*,#3013,.T.);
#4253=ORIENTED_EDGE('',*,*,#3015,.F.);
#4254=ORIENTED_EDGE('',*,*,#3017,.T.);
#4255=ORIENTED_EDGE('',*,*,#3018,.F.);
#4256=ORIENTED_EDGE('',*,*,#2836,.F.);
#4257=ORIENTED_EDGE('',*,*,#3114,.T.);
#4258=ORIENTED_EDGE('',*,*,#3115,.T.);
#4259=ORIENTED_EDGE('',*,*,#3114,.F.);
#4260=ORIENTED_EDGE('',*,*,#3115,.F.);
#4261=ORIENTED_EDGE('',*,*,#3116,.F.);
#4262=ORIENTED_EDGE('',*,*,#2837,.F.);
#4263=ORIENTED_EDGE('',*,*,#3117,.T.);
#4264=ORIENTED_EDGE('',*,*,#3118,.T.);
#4265=ORIENTED_EDGE('',*,*,#3117,.F.);
#4266=ORIENTED_EDGE('',*,*,#3118,.F.);
#4267=ORIENTED_EDGE('',*,*,#3119,.F.);
#4268=ORIENTED_EDGE('',*,*,#2838,.F.);
#4269=ORIENTED_EDGE('',*,*,#3120,.T.);
#4270=ORIENTED_EDGE('',*,*,#3121,.T.);
#4271=ORIENTED_EDGE('',*,*,#3120,.F.);
#4272=ORIENTED_EDGE('',*,*,#3121,.F.);
#4273=ORIENTED_EDGE('',*,*,#3122,.F.);
#4274=ORIENTED_EDGE('',*,*,#2839,.F.);
#4275=ORIENTED_EDGE('',*,*,#3123,.T.);
#4276=ORIENTED_EDGE('',*,*,#3124,.T.);
#4277=ORIENTED_EDGE('',*,*,#3123,.F.);
#4278=ORIENTED_EDGE('',*,*,#3124,.F.);
#4279=ORIENTED_EDGE('',*,*,#3125,.F.);
#4280=ORIENTED_EDGE('',*,*,#2840,.F.);
#4281=ORIENTED_EDGE('',*,*,#3126,.T.);
#4282=ORIENTED_EDGE('',*,*,#3127,.T.);
#4283=ORIENTED_EDGE('',*,*,#3126,.F.);
#4284=ORIENTED_EDGE('',*,*,#3127,.F.);
#4285=ORIENTED_EDGE('',*,*,#3128,.F.);
#4286=ORIENTED_EDGE('',*,*,#3113,.T.);
#4287=ORIENTED_EDGE('',*,*,#3129,.T.);
#4288=ORIENTED_EDGE('',*,*,#3116,.T.);
#4289=ORIENTED_EDGE('',*,*,#3129,.F.);
#4290=ORIENTED_EDGE('',*,*,#3101,.T.);
#4291=ORIENTED_EDGE('',*,*,#3130,.T.);
#4292=ORIENTED_EDGE('',*,*,#3128,.T.);
#4293=ORIENTED_EDGE('',*,*,#3130,.F.);
#4294=ORIENTED_EDGE('',*,*,#3110,.T.);
#4295=ORIENTED_EDGE('',*,*,#3131,.T.);
#4296=ORIENTED_EDGE('',*,*,#3119,.T.);
#4297=ORIENTED_EDGE('',*,*,#3131,.F.);
#4298=ORIENTED_EDGE('',*,*,#3104,.T.);
#4299=ORIENTED_EDGE('',*,*,#3132,.T.);
#4300=ORIENTED_EDGE('',*,*,#3125,.T.);
#4301=ORIENTED_EDGE('',*,*,#3132,.F.);
#4302=ORIENTED_EDGE('',*,*,#3107,.T.);
#4303=ORIENTED_EDGE('',*,*,#3133,.T.);
#4304=ORIENTED_EDGE('',*,*,#3122,.T.);
#4305=ORIENTED_EDGE('',*,*,#3133,.F.);
#4306=ORIENTED_EDGE('',*,*,#3134,.T.);
#4307=ORIENTED_EDGE('',*,*,#3135,.T.);
#4308=ORIENTED_EDGE('',*,*,#3136,.T.);
#4309=ORIENTED_EDGE('',*,*,#3135,.F.);
#4310=ORIENTED_EDGE('',*,*,#3137,.F.);
#4311=ORIENTED_EDGE('',*,*,#3136,.F.);
#4312=ORIENTED_EDGE('',*,*,#3138,.T.);
#4313=ORIENTED_EDGE('',*,*,#3134,.F.);
#4314=ORIENTED_EDGE('',*,*,#3138,.F.);
#4315=ORIENTED_EDGE('',*,*,#3139,.T.);
#4316=ORIENTED_EDGE('',*,*,#2845,.F.);
#4317=ORIENTED_EDGE('',*,*,#3139,.F.);
#4318=ORIENTED_EDGE('',*,*,#2841,.F.);
#4319=ORIENTED_EDGE('',*,*,#3140,.T.);
#4320=ORIENTED_EDGE('',*,*,#3137,.T.);
#4321=ORIENTED_EDGE('',*,*,#3140,.F.);
#4322=ORIENTED_EDGE('',*,*,#2900,.F.);
#4323=ORIENTED_EDGE('',*,*,#2843,.T.);
#4324=ORIENTED_EDGE('',*,*,#2777,.T.);
#4325=ORIENTED_EDGE('',*,*,#3141,.T.);
#4326=ORIENTED_EDGE('',*,*,#2903,.F.);
#4327=ORIENTED_EDGE('',*,*,#3141,.F.);
#4328=ORIENTED_EDGE('',*,*,#2781,.T.);
#4329=ORIENTED_EDGE('',*,*,#3142,.F.);
#4330=ORIENTED_EDGE('',*,*,#2906,.F.);
#4331=ORIENTED_EDGE('',*,*,#3142,.T.);
#4332=ORIENTED_EDGE('',*,*,#2784,.F.);
#4333=ORIENTED_EDGE('',*,*,#2787,.T.);
#4334=ORIENTED_EDGE('',*,*,#3143,.F.);
#4335=ORIENTED_EDGE('',*,*,#3144,.T.);
#4336=ORIENTED_EDGE('',*,*,#3145,.F.);
#4337=ORIENTED_EDGE('',*,*,#3146,.T.);
#4338=ORIENTED_EDGE('',*,*,#3147,.F.);
#4339=ORIENTED_EDGE('',*,*,#3148,.F.);
#4340=ORIENTED_EDGE('',*,*,#3149,.F.);
#4341=ORIENTED_EDGE('',*,*,#3144,.F.);
#4342=ORIENTED_EDGE('',*,*,#3150,.F.);
#4343=ORIENTED_EDGE('',*,*,#3151,.T.);
#4344=ORIENTED_EDGE('',*,*,#3152,.T.);
#4345=ORIENTED_EDGE('',*,*,#3148,.T.);
#4346=ORIENTED_EDGE('',*,*,#3153,.F.);
#4347=ORIENTED_EDGE('',*,*,#3154,.F.);
#4348=ORIENTED_EDGE('',*,*,#3155,.F.);
#4349=ORIENTED_EDGE('',*,*,#3151,.F.);
#4350=ORIENTED_EDGE('',*,*,#3156,.T.);
#4351=ORIENTED_EDGE('',*,*,#3157,.F.);
#4352=ORIENTED_EDGE('',*,*,#3158,.T.);
#4353=ORIENTED_EDGE('',*,*,#3159,.F.);
#4354=ORIENTED_EDGE('',*,*,#3160,.T.);
#4355=ORIENTED_EDGE('',*,*,#3161,.F.);
#4356=ORIENTED_EDGE('',*,*,#3162,.T.);
#4357=ORIENTED_EDGE('',*,*,#3163,.F.);
#4358=ORIENTED_EDGE('',*,*,#3164,.T.);
#4359=ORIENTED_EDGE('',*,*,#3165,.F.);
#4360=ORIENTED_EDGE('',*,*,#3166,.T.);
#4361=ORIENTED_EDGE('',*,*,#3167,.F.);
#4362=ORIENTED_EDGE('',*,*,#3168,.T.);
#4363=ORIENTED_EDGE('',*,*,#3169,.F.);
#4364=ORIENTED_EDGE('',*,*,#3170,.T.);
#4365=ORIENTED_EDGE('',*,*,#3171,.F.);
#4366=ORIENTED_EDGE('',*,*,#3172,.T.);
#4367=ORIENTED_EDGE('',*,*,#3173,.F.);
#4368=ORIENTED_EDGE('',*,*,#3174,.T.);
#4369=ORIENTED_EDGE('',*,*,#3175,.F.);
#4370=ORIENTED_EDGE('',*,*,#3176,.T.);
#4371=ORIENTED_EDGE('',*,*,#3177,.F.);
#4372=ORIENTED_EDGE('',*,*,#3178,.T.);
#4373=ORIENTED_EDGE('',*,*,#3179,.F.);
#4374=ORIENTED_EDGE('',*,*,#3180,.T.);
#4375=ORIENTED_EDGE('',*,*,#3181,.F.);
#4376=ORIENTED_EDGE('',*,*,#3182,.T.);
#4377=ORIENTED_EDGE('',*,*,#3183,.F.);
#4378=ORIENTED_EDGE('',*,*,#3184,.T.);
#4379=ORIENTED_EDGE('',*,*,#3185,.F.);
#4380=ORIENTED_EDGE('',*,*,#3186,.T.);
#4381=ORIENTED_EDGE('',*,*,#3187,.F.);
#4382=ORIENTED_EDGE('',*,*,#3188,.T.);
#4383=ORIENTED_EDGE('',*,*,#3189,.F.);
#4384=ORIENTED_EDGE('',*,*,#3190,.T.);
#4385=ORIENTED_EDGE('',*,*,#3191,.F.);
#4386=ORIENTED_EDGE('',*,*,#3192,.T.);
#4387=ORIENTED_EDGE('',*,*,#3193,.F.);
#4388=ORIENTED_EDGE('',*,*,#3194,.T.);
#4389=ORIENTED_EDGE('',*,*,#3195,.F.);
#4390=ORIENTED_EDGE('',*,*,#3196,.T.);
#4391=ORIENTED_EDGE('',*,*,#3197,.F.);
#4392=ORIENTED_EDGE('',*,*,#3198,.T.);
#4393=ORIENTED_EDGE('',*,*,#3199,.F.);
#4394=ORIENTED_EDGE('',*,*,#3200,.T.);
#4395=ORIENTED_EDGE('',*,*,#3201,.F.);
#4396=ORIENTED_EDGE('',*,*,#3202,.T.);
#4397=ORIENTED_EDGE('',*,*,#3203,.F.);
#4398=ORIENTED_EDGE('',*,*,#3204,.T.);
#4399=ORIENTED_EDGE('',*,*,#3205,.T.);
#4400=ORIENTED_EDGE('',*,*,#3206,.T.);
#4401=ORIENTED_EDGE('',*,*,#3207,.T.);
#4402=ORIENTED_EDGE('',*,*,#3208,.T.);
#4403=ORIENTED_EDGE('',*,*,#3209,.T.);
#4404=ORIENTED_EDGE('',*,*,#3210,.F.);
#4405=ORIENTED_EDGE('',*,*,#3146,.F.);
#4406=ORIENTED_EDGE('',*,*,#3211,.F.);
#4407=ORIENTED_EDGE('',*,*,#3212,.F.);
#4408=ORIENTED_EDGE('',*,*,#3213,.T.);
#4409=ORIENTED_EDGE('',*,*,#3214,.T.);
#4410=ORIENTED_EDGE('',*,*,#3215,.F.);
#4411=ORIENTED_EDGE('',*,*,#3216,.T.);
#4412=ORIENTED_EDGE('',*,*,#3217,.F.);
#4413=ORIENTED_EDGE('',*,*,#3218,.T.);
#4414=ORIENTED_EDGE('',*,*,#3219,.F.);
#4415=ORIENTED_EDGE('',*,*,#3220,.T.);
#4416=ORIENTED_EDGE('',*,*,#3221,.F.);
#4417=ORIENTED_EDGE('',*,*,#3222,.T.);
#4418=ORIENTED_EDGE('',*,*,#3223,.F.);
#4419=ORIENTED_EDGE('',*,*,#3224,.T.);
#4420=ORIENTED_EDGE('',*,*,#3225,.F.);
#4421=ORIENTED_EDGE('',*,*,#3226,.T.);
#4422=ORIENTED_EDGE('',*,*,#3227,.F.);
#4423=ORIENTED_EDGE('',*,*,#3228,.T.);
#4424=ORIENTED_EDGE('',*,*,#3229,.F.);
#4425=ORIENTED_EDGE('',*,*,#3230,.T.);
#4426=ORIENTED_EDGE('',*,*,#3231,.F.);
#4427=ORIENTED_EDGE('',*,*,#3232,.T.);
#4428=ORIENTED_EDGE('',*,*,#3233,.F.);
#4429=ORIENTED_EDGE('',*,*,#3234,.T.);
#4430=ORIENTED_EDGE('',*,*,#3235,.F.);
#4431=ORIENTED_EDGE('',*,*,#3236,.T.);
#4432=ORIENTED_EDGE('',*,*,#3237,.F.);
#4433=ORIENTED_EDGE('',*,*,#3238,.T.);
#4434=ORIENTED_EDGE('',*,*,#3239,.F.);
#4435=ORIENTED_EDGE('',*,*,#3240,.T.);
#4436=ORIENTED_EDGE('',*,*,#3241,.F.);
#4437=ORIENTED_EDGE('',*,*,#3242,.T.);
#4438=ORIENTED_EDGE('',*,*,#3243,.F.);
#4439=ORIENTED_EDGE('',*,*,#3244,.T.);
#4440=ORIENTED_EDGE('',*,*,#3245,.F.);
#4441=ORIENTED_EDGE('',*,*,#3246,.T.);
#4442=ORIENTED_EDGE('',*,*,#3247,.F.);
#4443=ORIENTED_EDGE('',*,*,#3248,.T.);
#4444=ORIENTED_EDGE('',*,*,#3249,.F.);
#4445=ORIENTED_EDGE('',*,*,#3250,.T.);
#4446=ORIENTED_EDGE('',*,*,#3251,.F.);
#4447=ORIENTED_EDGE('',*,*,#3252,.T.);
#4448=ORIENTED_EDGE('',*,*,#3253,.F.);
#4449=ORIENTED_EDGE('',*,*,#3254,.T.);
#4450=ORIENTED_EDGE('',*,*,#3255,.F.);
#4451=ORIENTED_EDGE('',*,*,#3256,.T.);
#4452=ORIENTED_EDGE('',*,*,#3257,.F.);
#4453=ORIENTED_EDGE('',*,*,#3258,.T.);
#4454=ORIENTED_EDGE('',*,*,#3259,.F.);
#4455=ORIENTED_EDGE('',*,*,#3260,.T.);
#4456=ORIENTED_EDGE('',*,*,#3261,.F.);
#4457=ORIENTED_EDGE('',*,*,#3262,.T.);
#4458=ORIENTED_EDGE('',*,*,#3263,.T.);
#4459=ORIENTED_EDGE('',*,*,#3264,.T.);
#4460=ORIENTED_EDGE('',*,*,#3265,.T.);
#4461=ORIENTED_EDGE('',*,*,#3266,.T.);
#4462=ORIENTED_EDGE('',*,*,#3267,.F.);
#4463=ORIENTED_EDGE('',*,*,#3212,.T.);
#4464=ORIENTED_EDGE('',*,*,#3268,.T.);
#4465=ORIENTED_EDGE('',*,*,#3269,.T.);
#4466=ORIENTED_EDGE('',*,*,#3270,.F.);
#4467=ORIENTED_EDGE('',*,*,#3269,.F.);
#4468=ORIENTED_EDGE('',*,*,#3271,.T.);
#4469=ORIENTED_EDGE('',*,*,#3272,.F.);
#4470=ORIENTED_EDGE('',*,*,#3273,.F.);
#4471=ORIENTED_EDGE('',*,*,#3272,.T.);
#4472=ORIENTED_EDGE('',*,*,#3274,.T.);
#4473=ORIENTED_EDGE('',*,*,#3154,.T.);
#4474=ORIENTED_EDGE('',*,*,#3275,.T.);
#4475=ORIENTED_EDGE('',*,*,#3276,.F.);
#4476=ORIENTED_EDGE('',*,*,#3277,.T.);
#4477=ORIENTED_EDGE('',*,*,#3259,.T.);
#4478=ORIENTED_EDGE('',*,*,#3277,.F.);
#4479=ORIENTED_EDGE('',*,*,#3278,.F.);
#4480=ORIENTED_EDGE('',*,*,#3279,.F.);
#4481=ORIENTED_EDGE('',*,*,#3260,.F.);
#4482=ORIENTED_EDGE('',*,*,#3280,.T.);
#4483=ORIENTED_EDGE('',*,*,#3281,.F.);
#4484=ORIENTED_EDGE('',*,*,#3282,.T.);
#4485=ORIENTED_EDGE('',*,*,#3255,.T.);
#4486=ORIENTED_EDGE('',*,*,#3276,.T.);
#4487=ORIENTED_EDGE('',*,*,#3283,.T.);
#4488=ORIENTED_EDGE('',*,*,#3284,.T.);
#4489=ORIENTED_EDGE('',*,*,#3285,.T.);
#4490=ORIENTED_EDGE('',*,*,#3281,.T.);
#4491=ORIENTED_EDGE('',*,*,#3286,.T.);
#4492=ORIENTED_EDGE('',*,*,#3287,.T.);
#4493=ORIENTED_EDGE('',*,*,#3278,.T.);
#4494=ORIENTED_EDGE('',*,*,#3280,.F.);
#4495=ORIENTED_EDGE('',*,*,#3254,.F.);
#4496=ORIENTED_EDGE('',*,*,#3288,.F.);
#4497=ORIENTED_EDGE('',*,*,#3286,.F.);
#4498=ORIENTED_EDGE('',*,*,#3279,.T.);
#4499=ORIENTED_EDGE('',*,*,#3287,.F.);
#4500=ORIENTED_EDGE('',*,*,#3288,.T.);
#4501=ORIENTED_EDGE('',*,*,#3261,.T.);
#4502=ORIENTED_EDGE('',*,*,#3289,.T.);
#4503=ORIENTED_EDGE('',*,*,#3290,.F.);
#4504=ORIENTED_EDGE('',*,*,#3291,.T.);
#4505=ORIENTED_EDGE('',*,*,#3215,.T.);
#4506=ORIENTED_EDGE('',*,*,#3291,.F.);
#4507=ORIENTED_EDGE('',*,*,#3292,.F.);
#4508=ORIENTED_EDGE('',*,*,#3293,.F.);
#4509=ORIENTED_EDGE('',*,*,#3216,.F.);
#4510=ORIENTED_EDGE('',*,*,#3294,.T.);
#4511=ORIENTED_EDGE('',*,*,#3295,.F.);
#4512=ORIENTED_EDGE('',*,*,#3296,.T.);
#4513=ORIENTED_EDGE('',*,*,#3221,.T.);
#4514=ORIENTED_EDGE('',*,*,#3290,.T.);
#4515=ORIENTED_EDGE('',*,*,#3297,.T.);
#4516=ORIENTED_EDGE('',*,*,#3295,.T.);
#4517=ORIENTED_EDGE('',*,*,#3298,.T.);
#4518=ORIENTED_EDGE('',*,*,#3299,.T.);
#4519=ORIENTED_EDGE('',*,*,#3300,.T.);
#4520=ORIENTED_EDGE('',*,*,#3301,.T.);
#4521=ORIENTED_EDGE('',*,*,#3292,.T.);
#4522=ORIENTED_EDGE('',*,*,#3294,.F.);
#4523=ORIENTED_EDGE('',*,*,#3220,.F.);
#4524=ORIENTED_EDGE('',*,*,#3302,.F.);
#4525=ORIENTED_EDGE('',*,*,#3298,.F.);
#4526=ORIENTED_EDGE('',*,*,#3303,.T.);
#4527=ORIENTED_EDGE('',*,*,#3304,.F.);
#4528=ORIENTED_EDGE('',*,*,#3305,.T.);
#4529=ORIENTED_EDGE('',*,*,#3247,.T.);
#4530=ORIENTED_EDGE('',*,*,#3305,.F.);
#4531=ORIENTED_EDGE('',*,*,#3306,.F.);
#4532=ORIENTED_EDGE('',*,*,#3307,.F.);
#4533=ORIENTED_EDGE('',*,*,#3248,.F.);
#4534=ORIENTED_EDGE('',*,*,#3308,.T.);
#4535=ORIENTED_EDGE('',*,*,#3309,.F.);
#4536=ORIENTED_EDGE('',*,*,#3310,.T.);
#4537=ORIENTED_EDGE('',*,*,#3253,.T.);
#4538=ORIENTED_EDGE('',*,*,#3304,.T.);
#4539=ORIENTED_EDGE('',*,*,#3311,.T.);
#4540=ORIENTED_EDGE('',*,*,#3309,.T.);
#4541=ORIENTED_EDGE('',*,*,#3312,.T.);
#4542=ORIENTED_EDGE('',*,*,#3313,.T.);
#4543=ORIENTED_EDGE('',*,*,#3314,.T.);
#4544=ORIENTED_EDGE('',*,*,#3315,.T.);
#4545=ORIENTED_EDGE('',*,*,#3306,.T.);
#4546=ORIENTED_EDGE('',*,*,#3308,.F.);
#4547=ORIENTED_EDGE('',*,*,#3252,.F.);
#4548=ORIENTED_EDGE('',*,*,#3316,.F.);
#4549=ORIENTED_EDGE('',*,*,#3312,.F.);
#4550=ORIENTED_EDGE('',*,*,#3317,.T.);
#4551=ORIENTED_EDGE('',*,*,#3318,.F.);
#4552=ORIENTED_EDGE('',*,*,#3319,.T.);
#4553=ORIENTED_EDGE('',*,*,#3223,.T.);
#4554=ORIENTED_EDGE('',*,*,#3319,.F.);
#4555=ORIENTED_EDGE('',*,*,#3320,.F.);
#4556=ORIENTED_EDGE('',*,*,#3321,.F.);
#4557=ORIENTED_EDGE('',*,*,#3224,.F.);
#4558=ORIENTED_EDGE('',*,*,#3322,.T.);
#4559=ORIENTED_EDGE('',*,*,#3323,.F.);
#4560=ORIENTED_EDGE('',*,*,#3324,.T.);
#4561=ORIENTED_EDGE('',*,*,#3229,.T.);
#4562=ORIENTED_EDGE('',*,*,#3318,.T.);
#4563=ORIENTED_EDGE('',*,*,#3325,.T.);
#4564=ORIENTED_EDGE('',*,*,#3323,.T.);
#4565=ORIENTED_EDGE('',*,*,#3326,.T.);
#4566=ORIENTED_EDGE('',*,*,#3327,.T.);
#4567=ORIENTED_EDGE('',*,*,#3328,.T.);
#4568=ORIENTED_EDGE('',*,*,#3329,.T.);
#4569=ORIENTED_EDGE('',*,*,#3320,.T.);
#4570=ORIENTED_EDGE('',*,*,#3322,.F.);
#4571=ORIENTED_EDGE('',*,*,#3228,.F.);
#4572=ORIENTED_EDGE('',*,*,#3330,.F.);
#4573=ORIENTED_EDGE('',*,*,#3326,.F.);
#4574=ORIENTED_EDGE('',*,*,#3331,.T.);
#4575=ORIENTED_EDGE('',*,*,#3332,.F.);
#4576=ORIENTED_EDGE('',*,*,#3333,.T.);
#4577=ORIENTED_EDGE('',*,*,#3239,.T.);
#4578=ORIENTED_EDGE('',*,*,#3333,.F.);
#4579=ORIENTED_EDGE('',*,*,#3334,.F.);
#4580=ORIENTED_EDGE('',*,*,#3335,.F.);
#4581=ORIENTED_EDGE('',*,*,#3240,.F.);
#4582=ORIENTED_EDGE('',*,*,#3336,.T.);
#4583=ORIENTED_EDGE('',*,*,#3337,.F.);
#4584=ORIENTED_EDGE('',*,*,#3338,.T.);
#4585=ORIENTED_EDGE('',*,*,#3245,.T.);
#4586=ORIENTED_EDGE('',*,*,#3332,.T.);
#4587=ORIENTED_EDGE('',*,*,#3339,.T.);
#4588=ORIENTED_EDGE('',*,*,#3337,.T.);
#4589=ORIENTED_EDGE('',*,*,#3340,.T.);
#4590=ORIENTED_EDGE('',*,*,#3341,.T.);
#4591=ORIENTED_EDGE('',*,*,#3342,.T.);
#4592=ORIENTED_EDGE('',*,*,#3343,.T.);
#4593=ORIENTED_EDGE('',*,*,#3334,.T.);
#4594=ORIENTED_EDGE('',*,*,#3336,.F.);
#4595=ORIENTED_EDGE('',*,*,#3244,.F.);
#4596=ORIENTED_EDGE('',*,*,#3344,.F.);
#4597=ORIENTED_EDGE('',*,*,#3340,.F.);
#4598=ORIENTED_EDGE('',*,*,#3345,.T.);
#4599=ORIENTED_EDGE('',*,*,#3346,.F.);
#4600=ORIENTED_EDGE('',*,*,#3347,.T.);
#4601=ORIENTED_EDGE('',*,*,#3231,.T.);
#4602=ORIENTED_EDGE('',*,*,#3347,.F.);
#4603=ORIENTED_EDGE('',*,*,#3348,.F.);
#4604=ORIENTED_EDGE('',*,*,#3349,.F.);
#4605=ORIENTED_EDGE('',*,*,#3232,.F.);
#4606=ORIENTED_EDGE('',*,*,#3350,.T.);
#4607=ORIENTED_EDGE('',*,*,#3351,.F.);
#4608=ORIENTED_EDGE('',*,*,#3352,.T.);
#4609=ORIENTED_EDGE('',*,*,#3237,.T.);
#4610=ORIENTED_EDGE('',*,*,#3346,.T.);
#4611=ORIENTED_EDGE('',*,*,#3353,.T.);
#4612=ORIENTED_EDGE('',*,*,#3351,.T.);
#4613=ORIENTED_EDGE('',*,*,#3354,.T.);
#4614=ORIENTED_EDGE('',*,*,#3355,.T.);
#4615=ORIENTED_EDGE('',*,*,#3356,.T.);
#4616=ORIENTED_EDGE('',*,*,#3357,.T.);
#4617=ORIENTED_EDGE('',*,*,#3348,.T.);
#4618=ORIENTED_EDGE('',*,*,#3350,.F.);
#4619=ORIENTED_EDGE('',*,*,#3236,.F.);
#4620=ORIENTED_EDGE('',*,*,#3358,.F.);
#4621=ORIENTED_EDGE('',*,*,#3354,.F.);
#4622=ORIENTED_EDGE('',*,*,#3359,.T.);
#4623=ORIENTED_EDGE('',*,*,#3355,.F.);
#4624=ORIENTED_EDGE('',*,*,#3358,.T.);
#4625=ORIENTED_EDGE('',*,*,#3235,.T.);
#4626=ORIENTED_EDGE('',*,*,#3349,.T.);
#4627=ORIENTED_EDGE('',*,*,#3357,.F.);
#4628=ORIENTED_EDGE('',*,*,#3360,.T.);
#4629=ORIENTED_EDGE('',*,*,#3233,.T.);
#4630=ORIENTED_EDGE('',*,*,#3361,.T.);
#4631=ORIENTED_EDGE('',*,*,#3341,.F.);
#4632=ORIENTED_EDGE('',*,*,#3344,.T.);
#4633=ORIENTED_EDGE('',*,*,#3243,.T.);
#4634=ORIENTED_EDGE('',*,*,#3335,.T.);
#4635=ORIENTED_EDGE('',*,*,#3343,.F.);
#4636=ORIENTED_EDGE('',*,*,#3362,.T.);
#4637=ORIENTED_EDGE('',*,*,#3241,.T.);
#4638=ORIENTED_EDGE('',*,*,#3363,.T.);
#4639=ORIENTED_EDGE('',*,*,#3327,.F.);
#4640=ORIENTED_EDGE('',*,*,#3330,.T.);
#4641=ORIENTED_EDGE('',*,*,#3227,.T.);
#4642=ORIENTED_EDGE('',*,*,#3321,.T.);
#4643=ORIENTED_EDGE('',*,*,#3329,.F.);
#4644=ORIENTED_EDGE('',*,*,#3364,.T.);
#4645=ORIENTED_EDGE('',*,*,#3225,.T.);
#4646=ORIENTED_EDGE('',*,*,#3365,.T.);
#4647=ORIENTED_EDGE('',*,*,#3313,.F.);
#4648=ORIENTED_EDGE('',*,*,#3316,.T.);
#4649=ORIENTED_EDGE('',*,*,#3251,.T.);
#4650=ORIENTED_EDGE('',*,*,#3307,.T.);
#4651=ORIENTED_EDGE('',*,*,#3315,.F.);
#4652=ORIENTED_EDGE('',*,*,#3366,.T.);
#4653=ORIENTED_EDGE('',*,*,#3249,.T.);
#4654=ORIENTED_EDGE('',*,*,#3367,.T.);
#4655=ORIENTED_EDGE('',*,*,#3299,.F.);
#4656=ORIENTED_EDGE('',*,*,#3302,.T.);
#4657=ORIENTED_EDGE('',*,*,#3219,.T.);
#4658=ORIENTED_EDGE('',*,*,#3293,.T.);
#4659=ORIENTED_EDGE('',*,*,#3301,.F.);
#4660=ORIENTED_EDGE('',*,*,#3368,.T.);
#4661=ORIENTED_EDGE('',*,*,#3217,.T.);
#4662=ORIENTED_EDGE('',*,*,#3369,.T.);
#4663=ORIENTED_EDGE('',*,*,#3284,.F.);
#4664=ORIENTED_EDGE('',*,*,#3370,.T.);
#4665=ORIENTED_EDGE('',*,*,#3257,.T.);
#4666=ORIENTED_EDGE('',*,*,#3282,.F.);
#4667=ORIENTED_EDGE('',*,*,#3285,.F.);
#4668=ORIENTED_EDGE('',*,*,#3369,.F.);
#4669=ORIENTED_EDGE('',*,*,#3256,.F.);
#4670=ORIENTED_EDGE('',*,*,#3371,.T.);
#4671=ORIENTED_EDGE('',*,*,#3372,.F.);
#4672=ORIENTED_EDGE('',*,*,#3373,.T.);
#4673=ORIENTED_EDGE('',*,*,#3197,.T.);
#4674=ORIENTED_EDGE('',*,*,#3371,.F.);
#4675=ORIENTED_EDGE('',*,*,#3196,.F.);
#4676=ORIENTED_EDGE('',*,*,#3374,.F.);
#4677=ORIENTED_EDGE('',*,*,#3375,.T.);
#4678=ORIENTED_EDGE('',*,*,#3376,.T.);
#4679=ORIENTED_EDGE('',*,*,#3377,.F.);
#4680=ORIENTED_EDGE('',*,*,#3374,.T.);
#4681=ORIENTED_EDGE('',*,*,#3203,.T.);
#4682=ORIENTED_EDGE('',*,*,#3376,.F.);
#4683=ORIENTED_EDGE('',*,*,#3202,.F.);
#4684=ORIENTED_EDGE('',*,*,#3378,.F.);
#4685=ORIENTED_EDGE('',*,*,#3379,.T.);
#4686=ORIENTED_EDGE('',*,*,#3380,.T.);
#4687=ORIENTED_EDGE('',*,*,#3381,.F.);
#4688=ORIENTED_EDGE('',*,*,#3378,.T.);
#4689=ORIENTED_EDGE('',*,*,#3201,.T.);
#4690=ORIENTED_EDGE('',*,*,#3380,.F.);
#4691=ORIENTED_EDGE('',*,*,#3200,.F.);
#4692=ORIENTED_EDGE('',*,*,#3382,.F.);
#4693=ORIENTED_EDGE('',*,*,#3383,.T.);
#4694=ORIENTED_EDGE('',*,*,#3384,.T.);
#4695=ORIENTED_EDGE('',*,*,#3385,.F.);
#4696=ORIENTED_EDGE('',*,*,#3382,.T.);
#4697=ORIENTED_EDGE('',*,*,#3199,.T.);
#4698=ORIENTED_EDGE('',*,*,#3373,.F.);
#4699=ORIENTED_EDGE('',*,*,#3386,.T.);
#4700=ORIENTED_EDGE('',*,*,#3384,.F.);
#4701=ORIENTED_EDGE('',*,*,#3198,.F.);
#4702=ORIENTED_EDGE('',*,*,#3387,.T.);
#4703=ORIENTED_EDGE('',*,*,#3388,.F.);
#4704=ORIENTED_EDGE('',*,*,#3389,.T.);
#4705=ORIENTED_EDGE('',*,*,#3163,.T.);
#4706=ORIENTED_EDGE('',*,*,#3387,.F.);
#4707=ORIENTED_EDGE('',*,*,#3162,.F.);
#4708=ORIENTED_EDGE('',*,*,#3390,.F.);
#4709=ORIENTED_EDGE('',*,*,#3391,.T.);
#4710=ORIENTED_EDGE('',*,*,#3392,.T.);
#4711=ORIENTED_EDGE('',*,*,#3393,.F.);
#4712=ORIENTED_EDGE('',*,*,#3394,.T.);
#4713=ORIENTED_EDGE('',*,*,#3157,.T.);
#4714=ORIENTED_EDGE('',*,*,#3389,.F.);
#4715=ORIENTED_EDGE('',*,*,#3395,.T.);
#4716=ORIENTED_EDGE('',*,*,#3392,.F.);
#4717=ORIENTED_EDGE('',*,*,#3156,.F.);
#4718=ORIENTED_EDGE('',*,*,#3396,.T.);
#4719=ORIENTED_EDGE('',*,*,#3397,.F.);
#4720=ORIENTED_EDGE('',*,*,#3390,.T.);
#4721=ORIENTED_EDGE('',*,*,#3161,.T.);
#4722=ORIENTED_EDGE('',*,*,#3396,.F.);
#4723=ORIENTED_EDGE('',*,*,#3160,.F.);
#4724=ORIENTED_EDGE('',*,*,#3398,.F.);
#4725=ORIENTED_EDGE('',*,*,#3399,.T.);
#4726=ORIENTED_EDGE('',*,*,#3400,.T.);
#4727=ORIENTED_EDGE('',*,*,#3401,.F.);
#4728=ORIENTED_EDGE('',*,*,#3398,.T.);
#4729=ORIENTED_EDGE('',*,*,#3159,.T.);
#4730=ORIENTED_EDGE('',*,*,#3394,.F.);
#4731=ORIENTED_EDGE('',*,*,#3402,.T.);
#4732=ORIENTED_EDGE('',*,*,#3400,.F.);
#4733=ORIENTED_EDGE('',*,*,#3158,.F.);
#4734=ORIENTED_EDGE('',*,*,#3403,.T.);
#4735=ORIENTED_EDGE('',*,*,#3404,.F.);
#4736=ORIENTED_EDGE('',*,*,#3405,.T.);
#4737=ORIENTED_EDGE('',*,*,#3189,.T.);
#4738=ORIENTED_EDGE('',*,*,#3403,.F.);
#4739=ORIENTED_EDGE('',*,*,#3188,.F.);
#4740=ORIENTED_EDGE('',*,*,#3406,.F.);
#4741=ORIENTED_EDGE('',*,*,#3407,.T.);
#4742=ORIENTED_EDGE('',*,*,#3408,.T.);
#4743=ORIENTED_EDGE('',*,*,#3409,.F.);
#4744=ORIENTED_EDGE('',*,*,#3406,.T.);
#4745=ORIENTED_EDGE('',*,*,#3195,.T.);
#4746=ORIENTED_EDGE('',*,*,#3408,.F.);
#4747=ORIENTED_EDGE('',*,*,#3194,.F.);
#4748=ORIENTED_EDGE('',*,*,#3410,.F.);
#4749=ORIENTED_EDGE('',*,*,#3411,.T.);
#4750=ORIENTED_EDGE('',*,*,#3412,.T.);
#4751=ORIENTED_EDGE('',*,*,#3413,.F.);
#4752=ORIENTED_EDGE('',*,*,#3410,.T.);
#4753=ORIENTED_EDGE('',*,*,#3193,.T.);
#4754=ORIENTED_EDGE('',*,*,#3412,.F.);
#4755=ORIENTED_EDGE('',*,*,#3192,.F.);
#4756=ORIENTED_EDGE('',*,*,#3414,.F.);
#4757=ORIENTED_EDGE('',*,*,#3415,.T.);
#4758=ORIENTED_EDGE('',*,*,#3416,.T.);
#4759=ORIENTED_EDGE('',*,*,#3417,.F.);
#4760=ORIENTED_EDGE('',*,*,#3414,.T.);
#4761=ORIENTED_EDGE('',*,*,#3191,.T.);
#4762=ORIENTED_EDGE('',*,*,#3405,.F.);
#4763=ORIENTED_EDGE('',*,*,#3418,.T.);
#4764=ORIENTED_EDGE('',*,*,#3416,.F.);
#4765=ORIENTED_EDGE('',*,*,#3190,.F.);
#4766=ORIENTED_EDGE('',*,*,#3419,.T.);
#4767=ORIENTED_EDGE('',*,*,#3420,.F.);
#4768=ORIENTED_EDGE('',*,*,#3421,.T.);
#4769=ORIENTED_EDGE('',*,*,#3165,.T.);
#4770=ORIENTED_EDGE('',*,*,#3419,.F.);
#4771=ORIENTED_EDGE('',*,*,#3164,.F.);
#4772=ORIENTED_EDGE('',*,*,#3422,.F.);
#4773=ORIENTED_EDGE('',*,*,#3423,.T.);
#4774=ORIENTED_EDGE('',*,*,#3424,.T.);
#4775=ORIENTED_EDGE('',*,*,#3425,.F.);
#4776=ORIENTED_EDGE('',*,*,#3422,.T.);
#4777=ORIENTED_EDGE('',*,*,#3171,.T.);
#4778=ORIENTED_EDGE('',*,*,#3424,.F.);
#4779=ORIENTED_EDGE('',*,*,#3170,.F.);
#4780=ORIENTED_EDGE('',*,*,#3426,.F.);
#4781=ORIENTED_EDGE('',*,*,#3427,.T.);
#4782=ORIENTED_EDGE('',*,*,#3428,.T.);
#4783=ORIENTED_EDGE('',*,*,#3429,.F.);
#4784=ORIENTED_EDGE('',*,*,#3426,.T.);
#4785=ORIENTED_EDGE('',*,*,#3169,.T.);
#4786=ORIENTED_EDGE('',*,*,#3428,.F.);
#4787=ORIENTED_EDGE('',*,*,#3168,.F.);
#4788=ORIENTED_EDGE('',*,*,#3430,.F.);
#4789=ORIENTED_EDGE('',*,*,#3431,.T.);
#4790=ORIENTED_EDGE('',*,*,#3432,.T.);
#4791=ORIENTED_EDGE('',*,*,#3433,.F.);
#4792=ORIENTED_EDGE('',*,*,#3430,.T.);
#4793=ORIENTED_EDGE('',*,*,#3167,.T.);
#4794=ORIENTED_EDGE('',*,*,#3421,.F.);
#4795=ORIENTED_EDGE('',*,*,#3434,.T.);
#4796=ORIENTED_EDGE('',*,*,#3432,.F.);
#4797=ORIENTED_EDGE('',*,*,#3166,.F.);
#4798=ORIENTED_EDGE('',*,*,#3435,.T.);
#4799=ORIENTED_EDGE('',*,*,#3436,.F.);
#4800=ORIENTED_EDGE('',*,*,#3437,.T.);
#4801=ORIENTED_EDGE('',*,*,#3181,.T.);
#4802=ORIENTED_EDGE('',*,*,#3435,.F.);
#4803=ORIENTED_EDGE('',*,*,#3180,.F.);
#4804=ORIENTED_EDGE('',*,*,#3438,.F.);
#4805=ORIENTED_EDGE('',*,*,#3439,.T.);
#4806=ORIENTED_EDGE('',*,*,#3440,.T.);
#4807=ORIENTED_EDGE('',*,*,#3441,.F.);
#4808=ORIENTED_EDGE('',*,*,#3438,.T.);
#4809=ORIENTED_EDGE('',*,*,#3187,.T.);
#4810=ORIENTED_EDGE('',*,*,#3440,.F.);
#4811=ORIENTED_EDGE('',*,*,#3186,.F.);
#4812=ORIENTED_EDGE('',*,*,#3442,.F.);
#4813=ORIENTED_EDGE('',*,*,#3443,.T.);
#4814=ORIENTED_EDGE('',*,*,#3444,.T.);
#4815=ORIENTED_EDGE('',*,*,#3445,.F.);
#4816=ORIENTED_EDGE('',*,*,#3442,.T.);
#4817=ORIENTED_EDGE('',*,*,#3185,.T.);
#4818=ORIENTED_EDGE('',*,*,#3444,.F.);
#4819=ORIENTED_EDGE('',*,*,#3184,.F.);
#4820=ORIENTED_EDGE('',*,*,#3446,.F.);
#4821=ORIENTED_EDGE('',*,*,#3447,.T.);
#4822=ORIENTED_EDGE('',*,*,#3448,.T.);
#4823=ORIENTED_EDGE('',*,*,#3449,.F.);
#4824=ORIENTED_EDGE('',*,*,#3446,.T.);
#4825=ORIENTED_EDGE('',*,*,#3183,.T.);
#4826=ORIENTED_EDGE('',*,*,#3437,.F.);
#4827=ORIENTED_EDGE('',*,*,#3450,.T.);
#4828=ORIENTED_EDGE('',*,*,#3448,.F.);
#4829=ORIENTED_EDGE('',*,*,#3182,.F.);
#4830=ORIENTED_EDGE('',*,*,#3451,.T.);
#4831=ORIENTED_EDGE('',*,*,#3452,.F.);
#4832=ORIENTED_EDGE('',*,*,#3453,.T.);
#4833=ORIENTED_EDGE('',*,*,#3173,.T.);
#4834=ORIENTED_EDGE('',*,*,#3451,.F.);
#4835=ORIENTED_EDGE('',*,*,#3172,.F.);
#4836=ORIENTED_EDGE('',*,*,#3454,.F.);
#4837=ORIENTED_EDGE('',*,*,#3455,.T.);
#4838=ORIENTED_EDGE('',*,*,#3456,.T.);
#4839=ORIENTED_EDGE('',*,*,#3457,.F.);
#4840=ORIENTED_EDGE('',*,*,#3454,.T.);
#4841=ORIENTED_EDGE('',*,*,#3179,.T.);
#4842=ORIENTED_EDGE('',*,*,#3456,.F.);
#4843=ORIENTED_EDGE('',*,*,#3178,.F.);
#4844=ORIENTED_EDGE('',*,*,#3458,.F.);
#4845=ORIENTED_EDGE('',*,*,#3459,.T.);
#4846=ORIENTED_EDGE('',*,*,#3460,.T.);
#4847=ORIENTED_EDGE('',*,*,#3461,.F.);
#4848=ORIENTED_EDGE('',*,*,#3458,.T.);
#4849=ORIENTED_EDGE('',*,*,#3177,.T.);
#4850=ORIENTED_EDGE('',*,*,#3460,.F.);
#4851=ORIENTED_EDGE('',*,*,#3176,.F.);
#4852=ORIENTED_EDGE('',*,*,#3462,.F.);
#4853=ORIENTED_EDGE('',*,*,#3463,.T.);
#4854=ORIENTED_EDGE('',*,*,#3464,.T.);
#4855=ORIENTED_EDGE('',*,*,#3465,.F.);
#4856=ORIENTED_EDGE('',*,*,#3462,.T.);
#4857=ORIENTED_EDGE('',*,*,#3175,.T.);
#4858=ORIENTED_EDGE('',*,*,#3453,.F.);
#4859=ORIENTED_EDGE('',*,*,#3466,.T.);
#4860=ORIENTED_EDGE('',*,*,#3464,.F.);
#4861=ORIENTED_EDGE('',*,*,#3174,.F.);
#4862=ORIENTED_EDGE('',*,*,#3467,.F.);
#4863=ORIENTED_EDGE('',*,*,#3468,.T.);
#4864=ORIENTED_EDGE('',*,*,#3266,.F.);
#4865=ORIENTED_EDGE('',*,*,#3468,.F.);
#4866=ORIENTED_EDGE('',*,*,#3467,.T.);
#4867=ORIENTED_EDGE('',*,*,#3469,.F.);
#4868=ORIENTED_EDGE('',*,*,#3470,.F.);
#4869=ORIENTED_EDGE('',*,*,#3471,.T.);
#4870=ORIENTED_EDGE('',*,*,#3265,.F.);
#4871=ORIENTED_EDGE('',*,*,#3471,.F.);
#4872=ORIENTED_EDGE('',*,*,#3470,.T.);
#4873=ORIENTED_EDGE('',*,*,#3472,.F.);
#4874=ORIENTED_EDGE('',*,*,#3473,.F.);
#4875=ORIENTED_EDGE('',*,*,#3474,.T.);
#4876=ORIENTED_EDGE('',*,*,#3264,.F.);
#4877=ORIENTED_EDGE('',*,*,#3474,.F.);
#4878=ORIENTED_EDGE('',*,*,#3473,.T.);
#4879=ORIENTED_EDGE('',*,*,#3475,.F.);
#4880=ORIENTED_EDGE('',*,*,#3476,.F.);
#4881=ORIENTED_EDGE('',*,*,#3477,.T.);
#4882=ORIENTED_EDGE('',*,*,#3263,.F.);
#4883=ORIENTED_EDGE('',*,*,#3477,.F.);
#4884=ORIENTED_EDGE('',*,*,#3476,.T.);
#4885=ORIENTED_EDGE('',*,*,#3478,.F.);
#4886=ORIENTED_EDGE('',*,*,#3479,.F.);
#4887=ORIENTED_EDGE('',*,*,#3480,.T.);
#4888=ORIENTED_EDGE('',*,*,#3262,.F.);
#4889=ORIENTED_EDGE('',*,*,#3480,.F.);
#4890=ORIENTED_EDGE('',*,*,#3479,.T.);
#4891=ORIENTED_EDGE('',*,*,#3481,.F.);
#4892=ORIENTED_EDGE('',*,*,#3275,.F.);
#4893=ORIENTED_EDGE('',*,*,#3258,.F.);
#4894=ORIENTED_EDGE('',*,*,#3370,.F.);
#4895=ORIENTED_EDGE('',*,*,#3283,.F.);
#4896=ORIENTED_EDGE('',*,*,#3303,.F.);
#4897=ORIENTED_EDGE('',*,*,#3246,.F.);
#4898=ORIENTED_EDGE('',*,*,#3310,.F.);
#4899=ORIENTED_EDGE('',*,*,#3311,.F.);
#4900=ORIENTED_EDGE('',*,*,#3365,.F.);
#4901=ORIENTED_EDGE('',*,*,#3250,.F.);
#4902=ORIENTED_EDGE('',*,*,#3366,.F.);
#4903=ORIENTED_EDGE('',*,*,#3314,.F.);
#4904=ORIENTED_EDGE('',*,*,#3331,.F.);
#4905=ORIENTED_EDGE('',*,*,#3238,.F.);
#4906=ORIENTED_EDGE('',*,*,#3338,.F.);
#4907=ORIENTED_EDGE('',*,*,#3339,.F.);
#4908=ORIENTED_EDGE('',*,*,#3361,.F.);
#4909=ORIENTED_EDGE('',*,*,#3242,.F.);
#4910=ORIENTED_EDGE('',*,*,#3362,.F.);
#4911=ORIENTED_EDGE('',*,*,#3342,.F.);
#4912=ORIENTED_EDGE('',*,*,#3345,.F.);
#4913=ORIENTED_EDGE('',*,*,#3230,.F.);
#4914=ORIENTED_EDGE('',*,*,#3352,.F.);
#4915=ORIENTED_EDGE('',*,*,#3353,.F.);
#4916=ORIENTED_EDGE('',*,*,#3359,.F.);
#4917=ORIENTED_EDGE('',*,*,#3234,.F.);
#4918=ORIENTED_EDGE('',*,*,#3360,.F.);
#4919=ORIENTED_EDGE('',*,*,#3356,.F.);
#4920=ORIENTED_EDGE('',*,*,#3317,.F.);
#4921=ORIENTED_EDGE('',*,*,#3222,.F.);
#4922=ORIENTED_EDGE('',*,*,#3324,.F.);
#4923=ORIENTED_EDGE('',*,*,#3325,.F.);
#4924=ORIENTED_EDGE('',*,*,#3363,.F.);
#4925=ORIENTED_EDGE('',*,*,#3226,.F.);
#4926=ORIENTED_EDGE('',*,*,#3364,.F.);
#4927=ORIENTED_EDGE('',*,*,#3328,.F.);
#4928=ORIENTED_EDGE('',*,*,#3289,.F.);
#4929=ORIENTED_EDGE('',*,*,#3214,.F.);
#4930=ORIENTED_EDGE('',*,*,#3296,.F.);
#4931=ORIENTED_EDGE('',*,*,#3297,.F.);
#4932=ORIENTED_EDGE('',*,*,#3367,.F.);
#4933=ORIENTED_EDGE('',*,*,#3218,.F.);
#4934=ORIENTED_EDGE('',*,*,#3368,.F.);
#4935=ORIENTED_EDGE('',*,*,#3300,.F.);
#4936=ORIENTED_EDGE('',*,*,#3388,.T.);
#4937=ORIENTED_EDGE('',*,*,#3391,.F.);
#4938=ORIENTED_EDGE('',*,*,#3397,.T.);
#4939=ORIENTED_EDGE('',*,*,#3399,.F.);
#4940=ORIENTED_EDGE('',*,*,#3401,.T.);
#4941=ORIENTED_EDGE('',*,*,#3402,.F.);
#4942=ORIENTED_EDGE('',*,*,#3393,.T.);
#4943=ORIENTED_EDGE('',*,*,#3395,.F.);
#4944=ORIENTED_EDGE('',*,*,#3420,.T.);
#4945=ORIENTED_EDGE('',*,*,#3423,.F.);
#4946=ORIENTED_EDGE('',*,*,#3425,.T.);
#4947=ORIENTED_EDGE('',*,*,#3427,.F.);
#4948=ORIENTED_EDGE('',*,*,#3429,.T.);
#4949=ORIENTED_EDGE('',*,*,#3431,.F.);
#4950=ORIENTED_EDGE('',*,*,#3433,.T.);
#4951=ORIENTED_EDGE('',*,*,#3434,.F.);
#4952=ORIENTED_EDGE('',*,*,#3452,.T.);
#4953=ORIENTED_EDGE('',*,*,#3455,.F.);
#4954=ORIENTED_EDGE('',*,*,#3457,.T.);
#4955=ORIENTED_EDGE('',*,*,#3459,.F.);
#4956=ORIENTED_EDGE('',*,*,#3461,.T.);
#4957=ORIENTED_EDGE('',*,*,#3463,.F.);
#4958=ORIENTED_EDGE('',*,*,#3465,.T.);
#4959=ORIENTED_EDGE('',*,*,#3466,.F.);
#4960=ORIENTED_EDGE('',*,*,#3436,.T.);
#4961=ORIENTED_EDGE('',*,*,#3439,.F.);
#4962=ORIENTED_EDGE('',*,*,#3441,.T.);
#4963=ORIENTED_EDGE('',*,*,#3443,.F.);
#4964=ORIENTED_EDGE('',*,*,#3445,.T.);
#4965=ORIENTED_EDGE('',*,*,#3447,.F.);
#4966=ORIENTED_EDGE('',*,*,#3449,.T.);
#4967=ORIENTED_EDGE('',*,*,#3450,.F.);
#4968=ORIENTED_EDGE('',*,*,#3404,.T.);
#4969=ORIENTED_EDGE('',*,*,#3407,.F.);
#4970=ORIENTED_EDGE('',*,*,#3409,.T.);
#4971=ORIENTED_EDGE('',*,*,#3411,.F.);
#4972=ORIENTED_EDGE('',*,*,#3413,.T.);
#4973=ORIENTED_EDGE('',*,*,#3415,.F.);
#4974=ORIENTED_EDGE('',*,*,#3417,.T.);
#4975=ORIENTED_EDGE('',*,*,#3418,.F.);
#4976=ORIENTED_EDGE('',*,*,#3372,.T.);
#4977=ORIENTED_EDGE('',*,*,#3375,.F.);
#4978=ORIENTED_EDGE('',*,*,#3377,.T.);
#4979=ORIENTED_EDGE('',*,*,#3379,.F.);
#4980=ORIENTED_EDGE('',*,*,#3381,.T.);
#4981=ORIENTED_EDGE('',*,*,#3383,.F.);
#4982=ORIENTED_EDGE('',*,*,#3385,.T.);
#4983=ORIENTED_EDGE('',*,*,#3386,.F.);
#4984=ORIENTED_EDGE('',*,*,#3204,.F.);
#4985=ORIENTED_EDGE('',*,*,#3482,.T.);
#4986=ORIENTED_EDGE('',*,*,#3483,.T.);
#4987=ORIENTED_EDGE('',*,*,#3482,.F.);
#4988=ORIENTED_EDGE('',*,*,#3483,.F.);
#4989=ORIENTED_EDGE('',*,*,#3484,.F.);
#4990=ORIENTED_EDGE('',*,*,#3205,.F.);
#4991=ORIENTED_EDGE('',*,*,#3485,.T.);
#4992=ORIENTED_EDGE('',*,*,#3486,.T.);
#4993=ORIENTED_EDGE('',*,*,#3485,.F.);
#4994=ORIENTED_EDGE('',*,*,#3486,.F.);
#4995=ORIENTED_EDGE('',*,*,#3487,.F.);
#4996=ORIENTED_EDGE('',*,*,#3206,.F.);
#4997=ORIENTED_EDGE('',*,*,#3488,.T.);
#4998=ORIENTED_EDGE('',*,*,#3489,.T.);
#4999=ORIENTED_EDGE('',*,*,#3488,.F.);
#5000=ORIENTED_EDGE('',*,*,#3489,.F.);
#5001=ORIENTED_EDGE('',*,*,#3490,.F.);
#5002=ORIENTED_EDGE('',*,*,#3207,.F.);
#5003=ORIENTED_EDGE('',*,*,#3491,.T.);
#5004=ORIENTED_EDGE('',*,*,#3492,.T.);
#5005=ORIENTED_EDGE('',*,*,#3491,.F.);
#5006=ORIENTED_EDGE('',*,*,#3492,.F.);
#5007=ORIENTED_EDGE('',*,*,#3493,.F.);
#5008=ORIENTED_EDGE('',*,*,#3208,.F.);
#5009=ORIENTED_EDGE('',*,*,#3494,.T.);
#5010=ORIENTED_EDGE('',*,*,#3495,.T.);
#5011=ORIENTED_EDGE('',*,*,#3494,.F.);
#5012=ORIENTED_EDGE('',*,*,#3495,.F.);
#5013=ORIENTED_EDGE('',*,*,#3496,.F.);
#5014=ORIENTED_EDGE('',*,*,#3481,.T.);
#5015=ORIENTED_EDGE('',*,*,#3497,.T.);
#5016=ORIENTED_EDGE('',*,*,#3484,.T.);
#5017=ORIENTED_EDGE('',*,*,#3497,.F.);
#5018=ORIENTED_EDGE('',*,*,#3469,.T.);
#5019=ORIENTED_EDGE('',*,*,#3498,.T.);
#5020=ORIENTED_EDGE('',*,*,#3496,.T.);
#5021=ORIENTED_EDGE('',*,*,#3498,.F.);
#5022=ORIENTED_EDGE('',*,*,#3478,.T.);
#5023=ORIENTED_EDGE('',*,*,#3499,.T.);
#5024=ORIENTED_EDGE('',*,*,#3487,.T.);
#5025=ORIENTED_EDGE('',*,*,#3499,.F.);
#5026=ORIENTED_EDGE('',*,*,#3472,.T.);
#5027=ORIENTED_EDGE('',*,*,#3500,.T.);
#5028=ORIENTED_EDGE('',*,*,#3493,.T.);
#5029=ORIENTED_EDGE('',*,*,#3500,.F.);
#5030=ORIENTED_EDGE('',*,*,#3475,.T.);
#5031=ORIENTED_EDGE('',*,*,#3501,.T.);
#5032=ORIENTED_EDGE('',*,*,#3490,.T.);
#5033=ORIENTED_EDGE('',*,*,#3501,.F.);
#5034=ORIENTED_EDGE('',*,*,#3502,.T.);
#5035=ORIENTED_EDGE('',*,*,#3503,.T.);
#5036=ORIENTED_EDGE('',*,*,#3504,.T.);
#5037=ORIENTED_EDGE('',*,*,#3503,.F.);
#5038=ORIENTED_EDGE('',*,*,#3505,.F.);
#5039=ORIENTED_EDGE('',*,*,#3504,.F.);
#5040=ORIENTED_EDGE('',*,*,#3506,.T.);
#5041=ORIENTED_EDGE('',*,*,#3502,.F.);
#5042=ORIENTED_EDGE('',*,*,#3506,.F.);
#5043=ORIENTED_EDGE('',*,*,#3507,.T.);
#5044=ORIENTED_EDGE('',*,*,#3213,.F.);
#5045=ORIENTED_EDGE('',*,*,#3507,.F.);
#5046=ORIENTED_EDGE('',*,*,#3209,.F.);
#5047=ORIENTED_EDGE('',*,*,#3508,.T.);
#5048=ORIENTED_EDGE('',*,*,#3505,.T.);
#5049=ORIENTED_EDGE('',*,*,#3508,.F.);
#5050=ORIENTED_EDGE('',*,*,#3268,.F.);
#5051=ORIENTED_EDGE('',*,*,#3211,.T.);
#5052=ORIENTED_EDGE('',*,*,#3145,.T.);
#5053=ORIENTED_EDGE('',*,*,#3509,.T.);
#5054=ORIENTED_EDGE('',*,*,#3271,.F.);
#5055=ORIENTED_EDGE('',*,*,#3509,.F.);
#5056=ORIENTED_EDGE('',*,*,#3149,.T.);
#5057=ORIENTED_EDGE('',*,*,#3510,.F.);
#5058=ORIENTED_EDGE('',*,*,#3274,.F.);
#5059=ORIENTED_EDGE('',*,*,#3510,.T.);
#5060=ORIENTED_EDGE('',*,*,#3152,.F.);
#5061=ORIENTED_EDGE('',*,*,#3155,.T.);
#5062=ORIENTED_EDGE('',*,*,#3511,.F.);
#5063=ORIENTED_EDGE('',*,*,#3512,.T.);
#5064=ORIENTED_EDGE('',*,*,#3513,.F.);
#5065=ORIENTED_EDGE('',*,*,#3512,.F.);
#5066=ORIENTED_EDGE('',*,*,#3514,.F.);
#5067=ORIENTED_EDGE('',*,*,#3515,.F.);
#5068=ORIENTED_EDGE('',*,*,#3516,.F.);
#5069=ORIENTED_EDGE('',*,*,#3517,.T.);
#5070=ORIENTED_EDGE('',*,*,#3518,.T.);
#5071=ORIENTED_EDGE('',*,*,#3519,.T.);
#5072=ORIENTED_EDGE('',*,*,#3520,.T.);
#5073=ORIENTED_EDGE('',*,*,#3516,.T.);
#5074=ORIENTED_EDGE('',*,*,#3521,.F.);
#5075=ORIENTED_EDGE('',*,*,#3522,.F.);
#5076=ORIENTED_EDGE('',*,*,#3523,.F.);
#5077=ORIENTED_EDGE('',*,*,#3515,.T.);
#5078=ORIENTED_EDGE('',*,*,#3524,.T.);
#5079=ORIENTED_EDGE('',*,*,#3525,.F.);
#5080=ORIENTED_EDGE('',*,*,#3521,.T.);
#5081=ORIENTED_EDGE('',*,*,#2769,.T.);
#5082=ORIENTED_EDGE('',*,*,#3526,.F.);
#5083=ORIENTED_EDGE('',*,*,#3527,.F.);
#5084=ORIENTED_EDGE('',*,*,#3528,.T.);
#5085=ORIENTED_EDGE('',*,*,#3529,.F.);
#5086=ORIENTED_EDGE('',*,*,#2759,.F.);
#5087=ORIENTED_EDGE('',*,*,#3530,.F.);
#5088=ORIENTED_EDGE('',*,*,#3531,.T.);
#5089=ORIENTED_EDGE('',*,*,#3532,.F.);
#5090=ORIENTED_EDGE('',*,*,#3533,.T.);
#5091=ORIENTED_EDGE('',*,*,#3534,.T.);
#5092=ORIENTED_EDGE('',*,*,#3535,.F.);
#5093=ORIENTED_EDGE('',*,*,#3536,.T.);
#5094=ORIENTED_EDGE('',*,*,#3537,.T.);
#5095=ORIENTED_EDGE('',*,*,#3538,.T.);
#5096=ORIENTED_EDGE('',*,*,#3526,.T.);
#5097=ORIENTED_EDGE('',*,*,#2768,.T.);
#5098=ORIENTED_EDGE('',*,*,#2785,.T.);
#5099=ORIENTED_EDGE('',*,*,#2782,.T.);
#5100=ORIENTED_EDGE('',*,*,#2779,.T.);
#5101=ORIENTED_EDGE('',*,*,#2775,.T.);
#5102=ORIENTED_EDGE('',*,*,#2842,.T.);
#5103=ORIENTED_EDGE('',*,*,#2899,.T.);
#5104=ORIENTED_EDGE('',*,*,#2902,.T.);
#5105=ORIENTED_EDGE('',*,*,#2905,.T.);
#5106=ORIENTED_EDGE('',*,*,#3153,.T.);
#5107=ORIENTED_EDGE('',*,*,#3150,.T.);
#5108=ORIENTED_EDGE('',*,*,#3147,.T.);
#5109=ORIENTED_EDGE('',*,*,#3143,.T.);
#5110=ORIENTED_EDGE('',*,*,#3210,.T.);
#5111=ORIENTED_EDGE('',*,*,#3267,.T.);
#5112=ORIENTED_EDGE('',*,*,#3270,.T.);
#5113=ORIENTED_EDGE('',*,*,#3273,.T.);
#5114=ORIENTED_EDGE('',*,*,#3539,.F.);
#5115=ORIENTED_EDGE('',*,*,#3540,.F.);
#5116=ORIENTED_EDGE('',*,*,#3541,.T.);
#5117=ORIENTED_EDGE('',*,*,#3542,.F.);
#5118=ORIENTED_EDGE('',*,*,#3543,.F.);
#5119=ORIENTED_EDGE('',*,*,#3544,.F.);
#5120=ORIENTED_EDGE('',*,*,#3541,.F.);
#5121=ORIENTED_EDGE('',*,*,#3545,.F.);
#5122=ORIENTED_EDGE('',*,*,#3528,.F.);
#5123=ORIENTED_EDGE('',*,*,#3546,.F.);
#5124=ORIENTED_EDGE('',*,*,#3547,.F.);
#5125=ORIENTED_EDGE('',*,*,#3548,.T.);
#5126=ORIENTED_EDGE('',*,*,#3549,.T.);
#5127=ORIENTED_EDGE('',*,*,#3550,.F.);
#5128=ORIENTED_EDGE('',*,*,#3539,.T.);
#5129=ORIENTED_EDGE('',*,*,#3551,.F.);
#5130=ORIENTED_EDGE('',*,*,#3552,.F.);
#5131=ORIENTED_EDGE('',*,*,#3553,.T.);
#5132=ORIENTED_EDGE('',*,*,#3554,.F.);
#5133=ORIENTED_EDGE('',*,*,#3553,.F.);
#5134=ORIENTED_EDGE('',*,*,#3555,.F.);
#5135=ORIENTED_EDGE('',*,*,#2766,.T.);
#5136=ORIENTED_EDGE('',*,*,#3556,.F.);
#5137=ORIENTED_EDGE('',*,*,#3557,.F.);
#5138=ORIENTED_EDGE('',*,*,#3531,.F.);
#5139=ORIENTED_EDGE('',*,*,#2773,.T.);
#5140=ORIENTED_EDGE('',*,*,#3558,.F.);
#5141=ORIENTED_EDGE('',*,*,#3517,.F.);
#5142=ORIENTED_EDGE('',*,*,#3523,.T.);
#5143=ORIENTED_EDGE('',*,*,#3559,.F.);
#5144=ORIENTED_EDGE('',*,*,#2764,.T.);
#5145=ORIENTED_EDGE('',*,*,#2772,.T.);
#5146=ORIENTED_EDGE('',*,*,#3560,.F.);
#5147=ORIENTED_EDGE('',*,*,#3518,.F.);
#5148=ORIENTED_EDGE('',*,*,#3558,.T.);
#5149=ORIENTED_EDGE('',*,*,#3520,.F.);
#5150=ORIENTED_EDGE('',*,*,#3561,.T.);
#5151=ORIENTED_EDGE('',*,*,#2774,.T.);
#5152=ORIENTED_EDGE('',*,*,#3561,.F.);
#5153=ORIENTED_EDGE('',*,*,#3514,.T.);
#5154=ORIENTED_EDGE('',*,*,#3562,.F.);
#5155=ORIENTED_EDGE('',*,*,#3547,.T.);
#5156=ORIENTED_EDGE('',*,*,#3563,.F.);
#5157=ORIENTED_EDGE('',*,*,#3549,.F.);
#5158=ORIENTED_EDGE('',*,*,#3564,.F.);
#5159=ORIENTED_EDGE('',*,*,#3524,.F.);
#5160=ORIENTED_EDGE('',*,*,#3565,.T.);
#5161=ORIENTED_EDGE('',*,*,#3532,.T.);
#5162=ORIENTED_EDGE('',*,*,#3557,.T.);
#5163=ORIENTED_EDGE('',*,*,#3566,.F.);
#5164=ORIENTED_EDGE('',*,*,#3567,.T.);
#5165=ORIENTED_EDGE('',*,*,#3568,.F.);
#5166=ORIENTED_EDGE('',*,*,#3556,.T.);
#5167=ORIENTED_EDGE('',*,*,#2765,.T.);
#5168=ORIENTED_EDGE('',*,*,#3559,.T.);
#5169=ORIENTED_EDGE('',*,*,#3522,.T.);
#5170=ORIENTED_EDGE('',*,*,#3525,.T.);
#5171=ORIENTED_EDGE('',*,*,#3564,.T.);
#5172=ORIENTED_EDGE('',*,*,#3551,.T.);
#5173=ORIENTED_EDGE('',*,*,#3542,.T.);
#5174=ORIENTED_EDGE('',*,*,#3544,.T.);
#5175=ORIENTED_EDGE('',*,*,#3513,.T.);
#5176=ORIENTED_EDGE('',*,*,#3569,.T.);
#5177=ORIENTED_EDGE('',*,*,#3552,.T.);
#5178=ORIENTED_EDGE('',*,*,#3570,.T.);
#5179=ORIENTED_EDGE('',*,*,#3568,.T.);
#5180=ORIENTED_EDGE('',*,*,#3543,.T.);
#5181=ORIENTED_EDGE('',*,*,#3571,.T.);
#5182=ORIENTED_EDGE('',*,*,#3572,.T.);
#5183=ORIENTED_EDGE('',*,*,#3566,.T.);
#5184=ORIENTED_EDGE('',*,*,#3530,.T.);
#5185=ORIENTED_EDGE('',*,*,#2762,.T.);
#5186=ORIENTED_EDGE('',*,*,#2767,.T.);
#5187=ORIENTED_EDGE('',*,*,#3555,.T.);
#5188=ORIENTED_EDGE('',*,*,#2770,.T.);
#5189=ORIENTED_EDGE('',*,*,#3529,.T.);
#5190=ORIENTED_EDGE('',*,*,#3548,.F.);
#5191=ORIENTED_EDGE('',*,*,#3562,.T.);
#5192=ORIENTED_EDGE('',*,*,#3519,.F.);
#5193=ORIENTED_EDGE('',*,*,#3560,.T.);
#5194=ORIENTED_EDGE('',*,*,#2771,.T.);
#5195=ORIENTED_EDGE('',*,*,#3570,.F.);
#5196=ORIENTED_EDGE('',*,*,#3573,.T.);
#5197=ORIENTED_EDGE('',*,*,#3574,.F.);
#5198=ORIENTED_EDGE('',*,*,#3575,.F.);
#5199=ORIENTED_EDGE('',*,*,#3573,.F.);
#5200=ORIENTED_EDGE('',*,*,#3576,.T.);
#5201=ORIENTED_EDGE('',*,*,#3577,.T.);
#5202=ORIENTED_EDGE('',*,*,#3574,.T.);
#5203=ORIENTED_EDGE('',*,*,#3575,.T.);
#5204=ORIENTED_EDGE('',*,*,#3577,.F.);
#5205=ORIENTED_EDGE('',*,*,#3569,.F.);
#5206=ORIENTED_EDGE('',*,*,#3578,.T.);
#5207=ORIENTED_EDGE('',*,*,#3579,.F.);
#5208=ORIENTED_EDGE('',*,*,#3580,.F.);
#5209=ORIENTED_EDGE('',*,*,#3578,.F.);
#5210=ORIENTED_EDGE('',*,*,#3581,.T.);
#5211=ORIENTED_EDGE('',*,*,#3582,.T.);
#5212=ORIENTED_EDGE('',*,*,#3579,.T.);
#5213=ORIENTED_EDGE('',*,*,#3580,.T.);
#5214=ORIENTED_EDGE('',*,*,#3582,.F.);
#5215=ORIENTED_EDGE('',*,*,#3533,.F.);
#5216=ORIENTED_EDGE('',*,*,#3565,.F.);
#5217=ORIENTED_EDGE('',*,*,#3583,.F.);
#5218=ORIENTED_EDGE('',*,*,#3584,.T.);
#5219=ORIENTED_EDGE('',*,*,#3534,.F.);
#5220=ORIENTED_EDGE('',*,*,#3584,.F.);
#5221=ORIENTED_EDGE('',*,*,#3585,.F.);
#5222=ORIENTED_EDGE('',*,*,#3537,.F.);
#5223=ORIENTED_EDGE('',*,*,#3536,.F.);
#5224=ORIENTED_EDGE('',*,*,#3535,.T.);
#5225=ORIENTED_EDGE('',*,*,#3585,.T.);
#5226=ORIENTED_EDGE('',*,*,#3583,.T.);
#5227=ORIENTED_EDGE('',*,*,#3567,.F.);
#5228=ORIENTED_EDGE('',*,*,#3572,.F.);
#5229=ORIENTED_EDGE('',*,*,#3586,.T.);
#5230=ORIENTED_EDGE('',*,*,#3538,.F.);
#5231=ORIENTED_EDGE('',*,*,#3586,.F.);
#5232=ORIENTED_EDGE('',*,*,#3571,.F.);
#5233=ORIENTED_EDGE('',*,*,#3545,.T.);
#5234=ORIENTED_EDGE('',*,*,#3540,.T.);
#5235=ORIENTED_EDGE('',*,*,#3550,.T.);
#5236=ORIENTED_EDGE('',*,*,#3563,.T.);
#5237=ORIENTED_EDGE('',*,*,#3546,.T.);
#5238=ORIENTED_EDGE('',*,*,#3527,.T.);
#5239=ORIENTED_EDGE('',*,*,#3511,.T.);
#5240=ORIENTED_EDGE('',*,*,#3581,.F.);
#5241=ORIENTED_EDGE('',*,*,#3554,.T.);
#5242=ORIENTED_EDGE('',*,*,#3576,.F.);
#5243=CYLINDRICAL_SURFACE('',#5817,0.149999999999999);
#5244=CYLINDRICAL_SURFACE('',#5819,1.24999999999999);
#5245=CYLINDRICAL_SURFACE('',#5825,0.01);
#5246=CYLINDRICAL_SURFACE('',#5829,0.01);
#5247=CYLINDRICAL_SURFACE('',#5920,0.01);
#5248=CYLINDRICAL_SURFACE('',#5924,0.01);
#5249=CYLINDRICAL_SURFACE('',#5927,0.02);
#5250=CYLINDRICAL_SURFACE('',#5929,0.36);
#5251=CYLINDRICAL_SURFACE('',#5931,0.02);
#5252=CYLINDRICAL_SURFACE('',#5938,0.02);
#5253=CYLINDRICAL_SURFACE('',#5939,0.02);
#5254=CYLINDRICAL_SURFACE('',#5941,0.36);
#5255=CYLINDRICAL_SURFACE('',#5943,0.02);
#5256=CYLINDRICAL_SURFACE('',#5949,0.36);
#5257=CYLINDRICAL_SURFACE('',#5950,0.02);
#5258=CYLINDRICAL_SURFACE('',#5952,0.36);
#5259=CYLINDRICAL_SURFACE('',#5954,0.02);
#5260=CYLINDRICAL_SURFACE('',#5960,0.36);
#5261=CYLINDRICAL_SURFACE('',#5961,0.02);
#5262=CYLINDRICAL_SURFACE('',#5963,0.36);
#5263=CYLINDRICAL_SURFACE('',#5965,0.02);
#5264=CYLINDRICAL_SURFACE('',#5971,0.36);
#5265=CYLINDRICAL_SURFACE('',#5972,0.02);
#5266=CYLINDRICAL_SURFACE('',#5974,0.36);
#5267=CYLINDRICAL_SURFACE('',#5976,0.02);
#5268=CYLINDRICAL_SURFACE('',#5982,0.36);
#5269=CYLINDRICAL_SURFACE('',#5983,0.02);
#5270=CYLINDRICAL_SURFACE('',#5985,0.36);
#5271=CYLINDRICAL_SURFACE('',#5987,0.02);
#5272=CYLINDRICAL_SURFACE('',#5993,0.36);
#5273=CYLINDRICAL_SURFACE('',#5994,0.02);
#5274=CYLINDRICAL_SURFACE('',#5995,0.02);
#5275=CYLINDRICAL_SURFACE('',#5996,0.02);
#5276=CYLINDRICAL_SURFACE('',#5997,0.02);
#5277=CYLINDRICAL_SURFACE('',#5998,0.02);
#5278=CYLINDRICAL_SURFACE('',#5999,0.02);
#5279=CYLINDRICAL_SURFACE('',#6000,0.02);
#5280=CYLINDRICAL_SURFACE('',#6001,0.02);
#5281=CYLINDRICAL_SURFACE('',#6002,0.02);
#5282=CYLINDRICAL_SURFACE('',#6003,0.02);
#5283=CYLINDRICAL_SURFACE('',#6004,0.02);
#5284=CYLINDRICAL_SURFACE('',#6005,0.36);
#5285=CYLINDRICAL_SURFACE('',#6006,0.02);
#5286=CYLINDRICAL_SURFACE('',#6009,0.02);
#5287=CYLINDRICAL_SURFACE('',#6011,0.36);
#5288=CYLINDRICAL_SURFACE('',#6013,0.02);
#5289=CYLINDRICAL_SURFACE('',#6016,0.02);
#5290=CYLINDRICAL_SURFACE('',#6018,0.36);
#5291=CYLINDRICAL_SURFACE('',#6020,0.02);
#5292=CYLINDRICAL_SURFACE('',#6022,0.36);
#5293=CYLINDRICAL_SURFACE('',#6024,0.02);
#5294=CYLINDRICAL_SURFACE('',#6027,0.02);
#5295=CYLINDRICAL_SURFACE('',#6030,0.02);
#5296=CYLINDRICAL_SURFACE('',#6032,0.36);
#5297=CYLINDRICAL_SURFACE('',#6034,0.02);
#5298=CYLINDRICAL_SURFACE('',#6037,0.02);
#5299=CYLINDRICAL_SURFACE('',#6039,0.36);
#5300=CYLINDRICAL_SURFACE('',#6041,0.02);
#5301=CYLINDRICAL_SURFACE('',#6044,0.02);
#5302=CYLINDRICAL_SURFACE('',#6046,0.36);
#5303=CYLINDRICAL_SURFACE('',#6048,0.02);
#5304=CYLINDRICAL_SURFACE('',#6051,0.02);
#5305=CYLINDRICAL_SURFACE('',#6053,0.36);
#5306=CYLINDRICAL_SURFACE('',#6055,0.02);
#5307=CYLINDRICAL_SURFACE('',#6058,0.02);
#5308=CYLINDRICAL_SURFACE('',#6060,0.36);
#5309=CYLINDRICAL_SURFACE('',#6062,0.02);
#5310=CYLINDRICAL_SURFACE('',#6065,0.02);
#5311=CYLINDRICAL_SURFACE('',#6067,0.36);
#5312=CYLINDRICAL_SURFACE('',#6069,0.02);
#5313=CYLINDRICAL_SURFACE('',#6072,0.02);
#5314=CYLINDRICAL_SURFACE('',#6074,0.36);
#5315=CYLINDRICAL_SURFACE('',#6076,0.02);
#5316=CYLINDRICAL_SURFACE('',#6079,0.02);
#5317=CYLINDRICAL_SURFACE('',#6081,0.36);
#5318=CYLINDRICAL_SURFACE('',#6083,0.02);
#5319=CYLINDRICAL_SURFACE('',#6086,0.02);
#5320=CYLINDRICAL_SURFACE('',#6088,0.36);
#5321=CYLINDRICAL_SURFACE('',#6090,0.31);
#5322=CYLINDRICAL_SURFACE('',#6094,0.31);
#5323=CYLINDRICAL_SURFACE('',#6098,0.31);
#5324=CYLINDRICAL_SURFACE('',#6102,0.31);
#5325=CYLINDRICAL_SURFACE('',#6106,0.31);
#5326=CYLINDRICAL_SURFACE('',#6127,0.31);
#5327=CYLINDRICAL_SURFACE('',#6131,0.31);
#5328=CYLINDRICAL_SURFACE('',#6135,0.31);
#5329=CYLINDRICAL_SURFACE('',#6139,0.31);
#5330=CYLINDRICAL_SURFACE('',#6143,0.31);
#5331=CYLINDRICAL_SURFACE('',#6147,0.24);
#5332=CYLINDRICAL_SURFACE('',#6148,0.24);
#5333=CYLINDRICAL_SURFACE('',#6149,0.24);
#5334=CYLINDRICAL_SURFACE('',#6150,0.24);
#5335=CYLINDRICAL_SURFACE('',#6151,0.24);
#5336=CYLINDRICAL_SURFACE('',#6152,0.24);
#5337=CYLINDRICAL_SURFACE('',#6159,0.31);
#5338=CYLINDRICAL_SURFACE('',#6160,0.31);
#5339=CYLINDRICAL_SURFACE('',#6163,0.36);
#5340=CYLINDRICAL_SURFACE('',#6166,0.01);
#5341=CYLINDRICAL_SURFACE('',#6170,0.01);
#5342=CYLINDRICAL_SURFACE('',#6261,0.01);
#5343=CYLINDRICAL_SURFACE('',#6265,0.01);
#5344=CYLINDRICAL_SURFACE('',#6268,0.02);
#5345=CYLINDRICAL_SURFACE('',#6270,0.36);
#5346=CYLINDRICAL_SURFACE('',#6272,0.02);
#5347=CYLINDRICAL_SURFACE('',#6279,0.02);
#5348=CYLINDRICAL_SURFACE('',#6280,0.02);
#5349=CYLINDRICAL_SURFACE('',#6282,0.36);
#5350=CYLINDRICAL_SURFACE('',#6284,0.02);
#5351=CYLINDRICAL_SURFACE('',#6290,0.36);
#5352=CYLINDRICAL_SURFACE('',#6291,0.02);
#5353=CYLINDRICAL_SURFACE('',#6293,0.36);
#5354=CYLINDRICAL_SURFACE('',#6295,0.02);
#5355=CYLINDRICAL_SURFACE('',#6301,0.36);
#5356=CYLINDRICAL_SURFACE('',#6302,0.02);
#5357=CYLINDRICAL_SURFACE('',#6304,0.36);
#5358=CYLINDRICAL_SURFACE('',#6306,0.02);
#5359=CYLINDRICAL_SURFACE('',#6312,0.36);
#5360=CYLINDRICAL_SURFACE('',#6313,0.02);
#5361=CYLINDRICAL_SURFACE('',#6315,0.36);
#5362=CYLINDRICAL_SURFACE('',#6317,0.02);
#5363=CYLINDRICAL_SURFACE('',#6323,0.36);
#5364=CYLINDRICAL_SURFACE('',#6324,0.02);
#5365=CYLINDRICAL_SURFACE('',#6326,0.36);
#5366=CYLINDRICAL_SURFACE('',#6328,0.02);
#5367=CYLINDRICAL_SURFACE('',#6334,0.36);
#5368=CYLINDRICAL_SURFACE('',#6335,0.02);
#5369=CYLINDRICAL_SURFACE('',#6336,0.02);
#5370=CYLINDRICAL_SURFACE('',#6337,0.02);
#5371=CYLINDRICAL_SURFACE('',#6338,0.02);
#5372=CYLINDRICAL_SURFACE('',#6339,0.02);
#5373=CYLINDRICAL_SURFACE('',#6340,0.02);
#5374=CYLINDRICAL_SURFACE('',#6341,0.02);
#5375=CYLINDRICAL_SURFACE('',#6342,0.02);
#5376=CYLINDRICAL_SURFACE('',#6343,0.02);
#5377=CYLINDRICAL_SURFACE('',#6344,0.02);
#5378=CYLINDRICAL_SURFACE('',#6345,0.02);
#5379=CYLINDRICAL_SURFACE('',#6346,0.36);
#5380=CYLINDRICAL_SURFACE('',#6347,0.02);
#5381=CYLINDRICAL_SURFACE('',#6350,0.02);
#5382=CYLINDRICAL_SURFACE('',#6352,0.36);
#5383=CYLINDRICAL_SURFACE('',#6354,0.02);
#5384=CYLINDRICAL_SURFACE('',#6357,0.02);
#5385=CYLINDRICAL_SURFACE('',#6359,0.36);
#5386=CYLINDRICAL_SURFACE('',#6361,0.02);
#5387=CYLINDRICAL_SURFACE('',#6363,0.36);
#5388=CYLINDRICAL_SURFACE('',#6365,0.02);
#5389=CYLINDRICAL_SURFACE('',#6368,0.02);
#5390=CYLINDRICAL_SURFACE('',#6371,0.02);
#5391=CYLINDRICAL_SURFACE('',#6373,0.36);
#5392=CYLINDRICAL_SURFACE('',#6375,0.02);
#5393=CYLINDRICAL_SURFACE('',#6378,0.02);
#5394=CYLINDRICAL_SURFACE('',#6380,0.36);
#5395=CYLINDRICAL_SURFACE('',#6382,0.02);
#5396=CYLINDRICAL_SURFACE('',#6385,0.02);
#5397=CYLINDRICAL_SURFACE('',#6387,0.36);
#5398=CYLINDRICAL_SURFACE('',#6389,0.02);
#5399=CYLINDRICAL_SURFACE('',#6392,0.02);
#5400=CYLINDRICAL_SURFACE('',#6394,0.36);
#5401=CYLINDRICAL_SURFACE('',#6396,0.02);
#5402=CYLINDRICAL_SURFACE('',#6399,0.02);
#5403=CYLINDRICAL_SURFACE('',#6401,0.36);
#5404=CYLINDRICAL_SURFACE('',#6403,0.02);
#5405=CYLINDRICAL_SURFACE('',#6406,0.02);
#5406=CYLINDRICAL_SURFACE('',#6408,0.36);
#5407=CYLINDRICAL_SURFACE('',#6410,0.02);
#5408=CYLINDRICAL_SURFACE('',#6413,0.02);
#5409=CYLINDRICAL_SURFACE('',#6415,0.36);
#5410=CYLINDRICAL_SURFACE('',#6417,0.02);
#5411=CYLINDRICAL_SURFACE('',#6420,0.02);
#5412=CYLINDRICAL_SURFACE('',#6422,0.36);
#5413=CYLINDRICAL_SURFACE('',#6424,0.02);
#5414=CYLINDRICAL_SURFACE('',#6427,0.02);
#5415=CYLINDRICAL_SURFACE('',#6429,0.36);
#5416=CYLINDRICAL_SURFACE('',#6431,0.31);
#5417=CYLINDRICAL_SURFACE('',#6435,0.31);
#5418=CYLINDRICAL_SURFACE('',#6439,0.31);
#5419=CYLINDRICAL_SURFACE('',#6443,0.31);
#5420=CYLINDRICAL_SURFACE('',#6447,0.31);
#5421=CYLINDRICAL_SURFACE('',#6468,0.31);
#5422=CYLINDRICAL_SURFACE('',#6472,0.31);
#5423=CYLINDRICAL_SURFACE('',#6476,0.31);
#5424=CYLINDRICAL_SURFACE('',#6480,0.31);
#5425=CYLINDRICAL_SURFACE('',#6484,0.31);
#5426=CYLINDRICAL_SURFACE('',#6488,0.24);
#5427=CYLINDRICAL_SURFACE('',#6489,0.24);
#5428=CYLINDRICAL_SURFACE('',#6490,0.24);
#5429=CYLINDRICAL_SURFACE('',#6491,0.24);
#5430=CYLINDRICAL_SURFACE('',#6492,0.24);
#5431=CYLINDRICAL_SURFACE('',#6493,0.24);
#5432=CYLINDRICAL_SURFACE('',#6500,0.31);
#5433=CYLINDRICAL_SURFACE('',#6501,0.31);
#5434=CYLINDRICAL_SURFACE('',#6504,0.36);
#5435=CYLINDRICAL_SURFACE('',#6507,0.414499999999999);
#5436=CYLINDRICAL_SURFACE('',#6514,1.50200000010238);
#5437=CYLINDRICAL_SURFACE('',#6520,0.650000000000002);
#5438=CYLINDRICAL_SURFACE('',#6525,3.15000000000001);
#5439=CYLINDRICAL_SURFACE('',#6528,0.4000000052052);
#5440=CYLINDRICAL_SURFACE('',#6533,0.9);
#5441=CYLINDRICAL_SURFACE('',#6534,0.41);
#5442=CYLINDRICAL_SURFACE('',#6542,0.85);
#5443=CYLINDRICAL_SURFACE('',#6544,0.4);
#5444=CYLINDRICAL_SURFACE('',#6546,0.175000007032136);
#5445=CYLINDRICAL_SURFACE('',#6552,0.175000003680729);
#5446=ADVANCED_FACE('',(#226),#5243,.T.);
#5447=ADVANCED_FACE('',(#227),#5244,.F.);
#5448=ADVANCED_FACE('',(#228,#21),#105,.T.);
#5449=ADVANCED_FACE('',(#229),#5245,.T.);
#5450=ADVANCED_FACE('',(#230),#106,.T.);
#5451=ADVANCED_FACE('',(#231),#5246,.T.);
#5452=ADVANCED_FACE('',(#232,#22,#23,#24,#25,#26,#27,#28,#29,#30,#31,#32,
#33),#107,.T.);
#5453=ADVANCED_FACE('',(#233,#34,#35,#36,#37,#38,#39,#40,#41,#42,#43,#44,
#45),#108,.F.);
#5454=ADVANCED_FACE('',(#234),#5247,.T.);
#5455=ADVANCED_FACE('',(#235),#109,.T.);
#5456=ADVANCED_FACE('',(#236),#5248,.T.);
#5457=ADVANCED_FACE('',(#237),#5249,.F.);
#5458=ADVANCED_FACE('',(#238),#5250,.T.);
#5459=ADVANCED_FACE('',(#239),#5251,.F.);
#5460=ADVANCED_FACE('',(#240),#110,.F.);
#5461=ADVANCED_FACE('',(#241),#111,.T.);
#5462=ADVANCED_FACE('',(#242),#5252,.F.);
#5463=ADVANCED_FACE('',(#243),#5253,.F.);
#5464=ADVANCED_FACE('',(#244),#5254,.T.);
#5465=ADVANCED_FACE('',(#245),#5255,.F.);
#5466=ADVANCED_FACE('',(#246),#112,.F.);
#5467=ADVANCED_FACE('',(#247),#5256,.T.);
#5468=ADVANCED_FACE('',(#248),#5257,.F.);
#5469=ADVANCED_FACE('',(#249),#5258,.T.);
#5470=ADVANCED_FACE('',(#250),#5259,.F.);
#5471=ADVANCED_FACE('',(#251),#113,.F.);
#5472=ADVANCED_FACE('',(#252),#5260,.T.);
#5473=ADVANCED_FACE('',(#253),#5261,.F.);
#5474=ADVANCED_FACE('',(#254),#5262,.T.);
#5475=ADVANCED_FACE('',(#255),#5263,.F.);
#5476=ADVANCED_FACE('',(#256),#114,.F.);
#5477=ADVANCED_FACE('',(#257),#5264,.T.);
#5478=ADVANCED_FACE('',(#258),#5265,.F.);
#5479=ADVANCED_FACE('',(#259),#5266,.T.);
#5480=ADVANCED_FACE('',(#260),#5267,.F.);
#5481=ADVANCED_FACE('',(#261),#115,.F.);
#5482=ADVANCED_FACE('',(#262),#5268,.T.);
#5483=ADVANCED_FACE('',(#263),#5269,.F.);
#5484=ADVANCED_FACE('',(#264),#5270,.T.);
#5485=ADVANCED_FACE('',(#265),#5271,.F.);
#5486=ADVANCED_FACE('',(#266),#116,.F.);
#5487=ADVANCED_FACE('',(#267),#5272,.T.);
#5488=ADVANCED_FACE('',(#268),#5273,.F.);
#5489=ADVANCED_FACE('',(#269),#5274,.F.);
#5490=ADVANCED_FACE('',(#270),#5275,.F.);
#5491=ADVANCED_FACE('',(#271),#5276,.F.);
#5492=ADVANCED_FACE('',(#272),#5277,.F.);
#5493=ADVANCED_FACE('',(#273),#5278,.F.);
#5494=ADVANCED_FACE('',(#274),#5279,.F.);
#5495=ADVANCED_FACE('',(#275),#5280,.F.);
#5496=ADVANCED_FACE('',(#276),#5281,.F.);
#5497=ADVANCED_FACE('',(#277),#5282,.F.);
#5498=ADVANCED_FACE('',(#278),#5283,.F.);
#5499=ADVANCED_FACE('',(#279),#5284,.T.);
#5500=ADVANCED_FACE('',(#280),#5285,.F.);
#5501=ADVANCED_FACE('',(#281),#117,.F.);
#5502=ADVANCED_FACE('',(#282),#5286,.F.);
#5503=ADVANCED_FACE('',(#283),#5287,.T.);
#5504=ADVANCED_FACE('',(#284),#5288,.F.);
#5505=ADVANCED_FACE('',(#285),#118,.F.);
#5506=ADVANCED_FACE('',(#286),#5289,.F.);
#5507=ADVANCED_FACE('',(#287),#5290,.T.);
#5508=ADVANCED_FACE('',(#288),#5291,.F.);
#5509=ADVANCED_FACE('',(#289),#5292,.T.);
#5510=ADVANCED_FACE('',(#290),#5293,.F.);
#5511=ADVANCED_FACE('',(#291),#119,.F.);
#5512=ADVANCED_FACE('',(#292),#5294,.F.);
#5513=ADVANCED_FACE('',(#293),#120,.F.);
#5514=ADVANCED_FACE('',(#294),#5295,.F.);
#5515=ADVANCED_FACE('',(#295),#5296,.T.);
#5516=ADVANCED_FACE('',(#296),#5297,.F.);
#5517=ADVANCED_FACE('',(#297),#121,.F.);
#5518=ADVANCED_FACE('',(#298),#5298,.F.);
#5519=ADVANCED_FACE('',(#299),#5299,.T.);
#5520=ADVANCED_FACE('',(#300),#5300,.F.);
#5521=ADVANCED_FACE('',(#301),#122,.F.);
#5522=ADVANCED_FACE('',(#302),#5301,.F.);
#5523=ADVANCED_FACE('',(#303),#5302,.T.);
#5524=ADVANCED_FACE('',(#304),#5303,.F.);
#5525=ADVANCED_FACE('',(#305),#123,.F.);
#5526=ADVANCED_FACE('',(#306),#5304,.F.);
#5527=ADVANCED_FACE('',(#307),#5305,.T.);
#5528=ADVANCED_FACE('',(#308),#5306,.F.);
#5529=ADVANCED_FACE('',(#309),#124,.F.);
#5530=ADVANCED_FACE('',(#310),#5307,.F.);
#5531=ADVANCED_FACE('',(#311),#5308,.T.);
#5532=ADVANCED_FACE('',(#312),#5309,.F.);
#5533=ADVANCED_FACE('',(#313),#125,.F.);
#5534=ADVANCED_FACE('',(#314),#5310,.F.);
#5535=ADVANCED_FACE('',(#315),#5311,.T.);
#5536=ADVANCED_FACE('',(#316),#5312,.F.);
#5537=ADVANCED_FACE('',(#317),#126,.F.);
#5538=ADVANCED_FACE('',(#318),#5313,.F.);
#5539=ADVANCED_FACE('',(#319),#5314,.T.);
#5540=ADVANCED_FACE('',(#320),#5315,.F.);
#5541=ADVANCED_FACE('',(#321),#127,.F.);
#5542=ADVANCED_FACE('',(#322),#5316,.F.);
#5543=ADVANCED_FACE('',(#323),#5317,.T.);
#5544=ADVANCED_FACE('',(#324),#5318,.F.);
#5545=ADVANCED_FACE('',(#325),#128,.F.);
#5546=ADVANCED_FACE('',(#326),#5319,.F.);
#5547=ADVANCED_FACE('',(#327),#5320,.T.);
#5548=ADVANCED_FACE('',(#328),#5321,.F.);
#5549=ADVANCED_FACE('',(#329,#46),#129,.F.);
#5550=ADVANCED_FACE('',(#330),#5322,.F.);
#5551=ADVANCED_FACE('',(#331,#47),#130,.F.);
#5552=ADVANCED_FACE('',(#332),#5323,.F.);
#5553=ADVANCED_FACE('',(#333,#48),#131,.F.);
#5554=ADVANCED_FACE('',(#334),#5324,.F.);
#5555=ADVANCED_FACE('',(#335,#49),#132,.F.);
#5556=ADVANCED_FACE('',(#336),#5325,.F.);
#5557=ADVANCED_FACE('',(#337,#50),#133,.F.);
#5558=ADVANCED_FACE('',(#338),#134,.T.);
#5559=ADVANCED_FACE('',(#339),#135,.T.);
#5560=ADVANCED_FACE('',(#340),#136,.T.);
#5561=ADVANCED_FACE('',(#341),#137,.T.);
#5562=ADVANCED_FACE('',(#342),#138,.T.);
#5563=ADVANCED_FACE('',(#343),#139,.T.);
#5564=ADVANCED_FACE('',(#344),#140,.T.);
#5565=ADVANCED_FACE('',(#345),#141,.T.);
#5566=ADVANCED_FACE('',(#346),#142,.T.);
#5567=ADVANCED_FACE('',(#347),#143,.T.);
#5568=ADVANCED_FACE('',(#348),#144,.T.);
#5569=ADVANCED_FACE('',(#349),#145,.T.);
#5570=ADVANCED_FACE('',(#350),#146,.T.);
#5571=ADVANCED_FACE('',(#351),#147,.T.);
#5572=ADVANCED_FACE('',(#352),#148,.T.);
#5573=ADVANCED_FACE('',(#353),#149,.T.);
#5574=ADVANCED_FACE('',(#354),#150,.T.);
#5575=ADVANCED_FACE('',(#355),#5326,.F.);
#5576=ADVANCED_FACE('',(#356,#51),#151,.T.);
#5577=ADVANCED_FACE('',(#357),#5327,.F.);
#5578=ADVANCED_FACE('',(#358,#52),#152,.T.);
#5579=ADVANCED_FACE('',(#359),#5328,.F.);
#5580=ADVANCED_FACE('',(#360,#53),#153,.T.);
#5581=ADVANCED_FACE('',(#361),#5329,.F.);
#5582=ADVANCED_FACE('',(#362,#54),#154,.T.);
#5583=ADVANCED_FACE('',(#363),#5330,.F.);
#5584=ADVANCED_FACE('',(#364,#55),#155,.T.);
#5585=ADVANCED_FACE('',(#365),#5331,.F.);
#5586=ADVANCED_FACE('',(#366),#5332,.F.);
#5587=ADVANCED_FACE('',(#367),#5333,.F.);
#5588=ADVANCED_FACE('',(#368),#5334,.F.);
#5589=ADVANCED_FACE('',(#369),#5335,.F.);
#5590=ADVANCED_FACE('',(#370),#5336,.F.);
#5591=ADVANCED_FACE('',(#371,#56),#156,.T.);
#5592=ADVANCED_FACE('',(#372,#57),#157,.F.);
#5593=ADVANCED_FACE('',(#373),#5337,.F.);
#5594=ADVANCED_FACE('',(#374),#5338,.F.);
#5595=ADVANCED_FACE('',(#375),#15,.T.);
#5596=ADVANCED_FACE('',(#376),#5339,.T.);
#5597=ADVANCED_FACE('',(#377),#16,.T.);
#5598=ADVANCED_FACE('',(#378),#5340,.T.);
#5599=ADVANCED_FACE('',(#379),#158,.T.);
#5600=ADVANCED_FACE('',(#380),#5341,.T.);
#5601=ADVANCED_FACE('',(#381,#58,#59,#60,#61,#62,#63,#64,#65,#66,#67,#68,
#69),#159,.T.);
#5602=ADVANCED_FACE('',(#382,#70,#71,#72,#73,#74,#75,#76,#77,#78,#79,#80,
#81),#160,.F.);
#5603=ADVANCED_FACE('',(#383),#5342,.T.);
#5604=ADVANCED_FACE('',(#384),#161,.T.);
#5605=ADVANCED_FACE('',(#385),#5343,.T.);
#5606=ADVANCED_FACE('',(#386),#5344,.F.);
#5607=ADVANCED_FACE('',(#387),#5345,.T.);
#5608=ADVANCED_FACE('',(#388),#5346,.F.);
#5609=ADVANCED_FACE('',(#389),#162,.F.);
#5610=ADVANCED_FACE('',(#390),#163,.T.);
#5611=ADVANCED_FACE('',(#391),#5347,.F.);
#5612=ADVANCED_FACE('',(#392),#5348,.F.);
#5613=ADVANCED_FACE('',(#393),#5349,.T.);
#5614=ADVANCED_FACE('',(#394),#5350,.F.);
#5615=ADVANCED_FACE('',(#395),#164,.F.);
#5616=ADVANCED_FACE('',(#396),#5351,.T.);
#5617=ADVANCED_FACE('',(#397),#5352,.F.);
#5618=ADVANCED_FACE('',(#398),#5353,.T.);
#5619=ADVANCED_FACE('',(#399),#5354,.F.);
#5620=ADVANCED_FACE('',(#400),#165,.F.);
#5621=ADVANCED_FACE('',(#401),#5355,.T.);
#5622=ADVANCED_FACE('',(#402),#5356,.F.);
#5623=ADVANCED_FACE('',(#403),#5357,.T.);
#5624=ADVANCED_FACE('',(#404),#5358,.F.);
#5625=ADVANCED_FACE('',(#405),#166,.F.);
#5626=ADVANCED_FACE('',(#406),#5359,.T.);
#5627=ADVANCED_FACE('',(#407),#5360,.F.);
#5628=ADVANCED_FACE('',(#408),#5361,.T.);
#5629=ADVANCED_FACE('',(#409),#5362,.F.);
#5630=ADVANCED_FACE('',(#410),#167,.F.);
#5631=ADVANCED_FACE('',(#411),#5363,.T.);
#5632=ADVANCED_FACE('',(#412),#5364,.F.);
#5633=ADVANCED_FACE('',(#413),#5365,.T.);
#5634=ADVANCED_FACE('',(#414),#5366,.F.);
#5635=ADVANCED_FACE('',(#415),#168,.F.);
#5636=ADVANCED_FACE('',(#416),#5367,.T.);
#5637=ADVANCED_FACE('',(#417),#5368,.F.);
#5638=ADVANCED_FACE('',(#418),#5369,.F.);
#5639=ADVANCED_FACE('',(#419),#5370,.F.);
#5640=ADVANCED_FACE('',(#420),#5371,.F.);
#5641=ADVANCED_FACE('',(#421),#5372,.F.);
#5642=ADVANCED_FACE('',(#422),#5373,.F.);
#5643=ADVANCED_FACE('',(#423),#5374,.F.);
#5644=ADVANCED_FACE('',(#424),#5375,.F.);
#5645=ADVANCED_FACE('',(#425),#5376,.F.);
#5646=ADVANCED_FACE('',(#426),#5377,.F.);
#5647=ADVANCED_FACE('',(#427),#5378,.F.);
#5648=ADVANCED_FACE('',(#428),#5379,.T.);
#5649=ADVANCED_FACE('',(#429),#5380,.F.);
#5650=ADVANCED_FACE('',(#430),#169,.F.);
#5651=ADVANCED_FACE('',(#431),#5381,.F.);
#5652=ADVANCED_FACE('',(#432),#5382,.T.);
#5653=ADVANCED_FACE('',(#433),#5383,.F.);
#5654=ADVANCED_FACE('',(#434),#170,.F.);
#5655=ADVANCED_FACE('',(#435),#5384,.F.);
#5656=ADVANCED_FACE('',(#436),#5385,.T.);
#5657=ADVANCED_FACE('',(#437),#5386,.F.);
#5658=ADVANCED_FACE('',(#438),#5387,.T.);
#5659=ADVANCED_FACE('',(#439),#5388,.F.);
#5660=ADVANCED_FACE('',(#440),#171,.F.);
#5661=ADVANCED_FACE('',(#441),#5389,.F.);
#5662=ADVANCED_FACE('',(#442),#172,.F.);
#5663=ADVANCED_FACE('',(#443),#5390,.F.);
#5664=ADVANCED_FACE('',(#444),#5391,.T.);
#5665=ADVANCED_FACE('',(#445),#5392,.F.);
#5666=ADVANCED_FACE('',(#446),#173,.F.);
#5667=ADVANCED_FACE('',(#447),#5393,.F.);
#5668=ADVANCED_FACE('',(#448),#5394,.T.);
#5669=ADVANCED_FACE('',(#449),#5395,.F.);
#5670=ADVANCED_FACE('',(#450),#174,.F.);
#5671=ADVANCED_FACE('',(#451),#5396,.F.);
#5672=ADVANCED_FACE('',(#452),#5397,.T.);
#5673=ADVANCED_FACE('',(#453),#5398,.F.);
#5674=ADVANCED_FACE('',(#454),#175,.F.);
#5675=ADVANCED_FACE('',(#455),#5399,.F.);
#5676=ADVANCED_FACE('',(#456),#5400,.T.);
#5677=ADVANCED_FACE('',(#457),#5401,.F.);
#5678=ADVANCED_FACE('',(#458),#176,.F.);
#5679=ADVANCED_FACE('',(#459),#5402,.F.);
#5680=ADVANCED_FACE('',(#460),#5403,.T.);
#5681=ADVANCED_FACE('',(#461),#5404,.F.);
#5682=ADVANCED_FACE('',(#462),#177,.F.);
#5683=ADVANCED_FACE('',(#463),#5405,.F.);
#5684=ADVANCED_FACE('',(#464),#5406,.T.);
#5685=ADVANCED_FACE('',(#465),#5407,.F.);
#5686=ADVANCED_FACE('',(#466),#178,.F.);
#5687=ADVANCED_FACE('',(#467),#5408,.F.);
#5688=ADVANCED_FACE('',(#468),#5409,.T.);
#5689=ADVANCED_FACE('',(#469),#5410,.F.);
#5690=ADVANCED_FACE('',(#470),#179,.F.);
#5691=ADVANCED_FACE('',(#471),#5411,.F.);
#5692=ADVANCED_FACE('',(#472),#5412,.T.);
#5693=ADVANCED_FACE('',(#473),#5413,.F.);
#5694=ADVANCED_FACE('',(#474),#180,.F.);
#5695=ADVANCED_FACE('',(#475),#5414,.F.);
#5696=ADVANCED_FACE('',(#476),#5415,.T.);
#5697=ADVANCED_FACE('',(#477),#5416,.F.);
#5698=ADVANCED_FACE('',(#478,#82),#181,.F.);
#5699=ADVANCED_FACE('',(#479),#5417,.F.);
#5700=ADVANCED_FACE('',(#480,#83),#182,.F.);
#5701=ADVANCED_FACE('',(#481),#5418,.F.);
#5702=ADVANCED_FACE('',(#482,#84),#183,.F.);
#5703=ADVANCED_FACE('',(#483),#5419,.F.);
#5704=ADVANCED_FACE('',(#484,#85),#184,.F.);
#5705=ADVANCED_FACE('',(#485),#5420,.F.);
#5706=ADVANCED_FACE('',(#486,#86),#185,.F.);
#5707=ADVANCED_FACE('',(#487),#186,.T.);
#5708=ADVANCED_FACE('',(#488),#187,.T.);
#5709=ADVANCED_FACE('',(#489),#188,.T.);
#5710=ADVANCED_FACE('',(#490),#189,.T.);
#5711=ADVANCED_FACE('',(#491),#190,.T.);
#5712=ADVANCED_FACE('',(#492),#191,.T.);
#5713=ADVANCED_FACE('',(#493),#192,.T.);
#5714=ADVANCED_FACE('',(#494),#193,.T.);
#5715=ADVANCED_FACE('',(#495),#194,.T.);
#5716=ADVANCED_FACE('',(#496),#195,.T.);
#5717=ADVANCED_FACE('',(#497),#196,.T.);
#5718=ADVANCED_FACE('',(#498),#197,.T.);
#5719=ADVANCED_FACE('',(#499),#198,.T.);
#5720=ADVANCED_FACE('',(#500),#199,.T.);
#5721=ADVANCED_FACE('',(#501),#200,.T.);
#5722=ADVANCED_FACE('',(#502),#201,.T.);
#5723=ADVANCED_FACE('',(#503),#202,.T.);
#5724=ADVANCED_FACE('',(#504),#5421,.F.);
#5725=ADVANCED_FACE('',(#505,#87),#203,.T.);
#5726=ADVANCED_FACE('',(#506),#5422,.F.);
#5727=ADVANCED_FACE('',(#507,#88),#204,.T.);
#5728=ADVANCED_FACE('',(#508),#5423,.F.);
#5729=ADVANCED_FACE('',(#509,#89),#205,.T.);
#5730=ADVANCED_FACE('',(#510),#5424,.F.);
#5731=ADVANCED_FACE('',(#511,#90),#206,.T.);
#5732=ADVANCED_FACE('',(#512),#5425,.F.);
#5733=ADVANCED_FACE('',(#513,#91),#207,.T.);
#5734=ADVANCED_FACE('',(#514),#5426,.F.);
#5735=ADVANCED_FACE('',(#515),#5427,.F.);
#5736=ADVANCED_FACE('',(#516),#5428,.F.);
#5737=ADVANCED_FACE('',(#517),#5429,.F.);
#5738=ADVANCED_FACE('',(#518),#5430,.F.);
#5739=ADVANCED_FACE('',(#519),#5431,.F.);
#5740=ADVANCED_FACE('',(#520,#92),#208,.T.);
#5741=ADVANCED_FACE('',(#521,#93),#209,.F.);
#5742=ADVANCED_FACE('',(#522),#5432,.F.);
#5743=ADVANCED_FACE('',(#523),#5433,.F.);
#5744=ADVANCED_FACE('',(#524),#17,.T.);
#5745=ADVANCED_FACE('',(#525),#5434,.T.);
#5746=ADVANCED_FACE('',(#526),#18,.T.);
#5747=ADVANCED_FACE('',(#527),#5435,.F.);
#5748=ADVANCED_FACE('',(#528,#94),#210,.F.);
#5749=ADVANCED_FACE('',(#529),#5436,.T.);
#5750=ADVANCED_FACE('',(#530),#211,.T.);
#5751=ADVANCED_FACE('',(#531),#212,.T.);
#5752=ADVANCED_FACE('',(#532,#95,#96),#213,.T.);
#5753=ADVANCED_FACE('',(#533),#5437,.T.);
#5754=ADVANCED_FACE('',(#534),#214,.T.);
#5755=ADVANCED_FACE('',(#535),#215,.T.);
#5756=ADVANCED_FACE('',(#536),#5438,.T.);
#5757=ADVANCED_FACE('',(#537),#5439,.F.);
#5758=ADVANCED_FACE('',(#538),#216,.T.);
#5759=ADVANCED_FACE('',(#539),#217,.T.);
#5760=ADVANCED_FACE('',(#540),#5440,.T.);
#5761=ADVANCED_FACE('',(#541),#5441,.F.);
#5762=ADVANCED_FACE('',(#542),#218,.T.);
#5763=ADVANCED_FACE('',(#543),#219,.F.);
#5764=ADVANCED_FACE('',(#544,#97,#98,#99,#100),#220,.F.);
#5765=ADVANCED_FACE('',(#545),#5442,.T.);
#5766=ADVANCED_FACE('',(#546),#5443,.T.);
#5767=ADVANCED_FACE('',(#547),#221,.T.);
#5768=ADVANCED_FACE('',(#548),#5444,.F.);
#5769=ADVANCED_FACE('',(#549),#19,.T.);
#5770=ADVANCED_FACE('',(#550),#5445,.F.);
#5771=ADVANCED_FACE('',(#551),#20,.T.);
#5772=ADVANCED_FACE('',(#552),#222,.T.);
#5773=ADVANCED_FACE('',(#553),#223,.F.);
#5774=ADVANCED_FACE('',(#554),#224,.T.);
#5775=ADVANCED_FACE('',(#555,#101,#102,#103,#104),#225,.T.);
#5776=CLOSED_SHELL('',(#5446,#5447,#5448,#5449,#5450,#5451,#5452,#5453,
#5454,#5455,#5456,#5457,#5458,#5459,#5460,#5461,#5462,#5463,#5464,#5465,
#5466,#5467,#5468,#5469,#5470,#5471,#5472,#5473,#5474,#5475,#5476,#5477,
#5478,#5479,#5480,#5481,#5482,#5483,#5484,#5485,#5486,#5487,#5488,#5489,
#5490,#5491,#5492,#5493,#5494,#5495,#5496,#5497,#5498,#5499,#5500,#5501,
#5502,#5503,#5504,#5505,#5506,#5507,#5508,#5509,#5510,#5511,#5512,#5513,
#5514,#5515,#5516,#5517,#5518,#5519,#5520,#5521,#5522,#5523,#5524,#5525,
#5526,#5527,#5528,#5529,#5530,#5531,#5532,#5533,#5534,#5535,#5536,#5537,
#5538,#5539,#5540,#5541,#5542,#5543,#5544,#5545,#5546,#5547,#5548,#5549,
#5550,#5551,#5552,#5553,#5554,#5555,#5556,#5557,#5558,#5559,#5560,#5561,
#5562,#5563,#5564,#5565,#5566,#5567,#5568,#5569,#5570,#5571,#5572,#5573,
#5574,#5575,#5576,#5577,#5578,#5579,#5580,#5581,#5582,#5583,#5584,#5585,
#5586,#5587,#5588,#5589,#5590,#5591,#5592,#5593,#5594,#5595,#5596,#5597,
#5598,#5599,#5600,#5601,#5602,#5603,#5604,#5605,#5606,#5607,#5608,#5609,
#5610,#5611,#5612,#5613,#5614,#5615,#5616,#5617,#5618,#5619,#5620,#5621,
#5622,#5623,#5624,#5625,#5626,#5627,#5628,#5629,#5630,#5631,#5632,#5633,
#5634,#5635,#5636,#5637,#5638,#5639,#5640,#5641,#5642,#5643,#5644,#5645,
#5646,#5647,#5648,#5649,#5650,#5651,#5652,#5653,#5654,#5655,#5656,#5657,
#5658,#5659,#5660,#5661,#5662,#5663,#5664,#5665,#5666,#5667,#5668,#5669,
#5670,#5671,#5672,#5673,#5674,#5675,#5676,#5677,#5678,#5679,#5680,#5681,
#5682,#5683,#5684,#5685,#5686,#5687,#5688,#5689,#5690,#5691,#5692,#5693,
#5694,#5695,#5696,#5697,#5698,#5699,#5700,#5701,#5702,#5703,#5704,#5705,
#5706,#5707,#5708,#5709,#5710,#5711,#5712,#5713,#5714,#5715,#5716,#5717,
#5718,#5719,#5720,#5721,#5722,#5723,#5724,#5725,#5726,#5727,#5728,#5729,
#5730,#5731,#5732,#5733,#5734,#5735,#5736,#5737,#5738,#5739,#5740,#5741,
#5742,#5743,#5744,#5745,#5746,#5747,#5748,#5749,#5750,#5751,#5752,#5753,
#5754,#5755,#5756,#5757,#5758,#5759,#5760,#5761,#5762,#5763,#5764,#5765,
#5766,#5767,#5768,#5769,#5770,#5771,#5772,#5773,#5774,#5775));
#5777=ITEM_DEFINED_TRANSFORMATION($,$,#5815,#5816);
#5778=ITEM_DEFINED_TRANSFORMATION($,$,#5813,#6562);
#5779=ITEM_DEFINED_TRANSFORMATION($,$,#5814,#6563);
#5780=(
REPRESENTATION_RELATIONSHIP($,$,#10238,#10237)
REPRESENTATION_RELATIONSHIP_WITH_TRANSFORMATION(#5777)
SHAPE_REPRESENTATION_RELATIONSHIP()
);
#5781=(
REPRESENTATION_RELATIONSHIP($,$,#10236,#10235)
REPRESENTATION_RELATIONSHIP_WITH_TRANSFORMATION(#5778)
SHAPE_REPRESENTATION_RELATIONSHIP()
);
#5782=(
REPRESENTATION_RELATIONSHIP($,$,#10237,#10235)
REPRESENTATION_RELATIONSHIP_WITH_TRANSFORMATION(#5779)
SHAPE_REPRESENTATION_RELATIONSHIP()
);
#5783=CONTEXT_DEPENDENT_SHAPE_REPRESENTATION(#5780,#10232);
#5784=CONTEXT_DEPENDENT_SHAPE_REPRESENTATION(#5781,#10233);
#5785=CONTEXT_DEPENDENT_SHAPE_REPRESENTATION(#5782,#10234);
#5786=NEXT_ASSEMBLY_USAGE_OCCURRENCE('7M Beam 4495931/32524:1',
'7M Beam 4495931/32524:1','7M Beam 4495931/32524:1',#10242,#10243,
'7M Beam 4495931/32524:1');
#5787=NEXT_ASSEMBLY_USAGE_OCCURRENCE('AngleBeam v2:1','AngleBeam v2:1',
'AngleBeam v2:1',#10240,#10241,'AngleBeam v2:1');
#5788=NEXT_ASSEMBLY_USAGE_OCCURRENCE(
'LEGO Technic beam- 199 Dark Stone Grey v2 v1:1',
'LEGO Technic beam- 199 Dark Stone Grey v2 v1:1',
'LEGO Technic beam- 199 Dark Stone Grey v2 v1:1',#10240,#10242,
'LEGO Technic beam- 199 Dark Stone Grey v2 v1:1');
#5789=DERIVED_UNIT_ELEMENT(#5793,1.);
#5790=DERIVED_UNIT_ELEMENT(#10221,-3.);
#5791=DERIVED_UNIT_ELEMENT(#5793,1.);
#5792=DERIVED_UNIT_ELEMENT(#10221,-3.);
#5793=(
MASS_UNIT()
NAMED_UNIT(*)
SI_UNIT(.KILO.,.GRAM.)
);
#5794=DERIVED_UNIT((#5789,#5790));
#5795=DERIVED_UNIT((#5791,#5792));
#5796=MEASURE_REPRESENTATION_ITEM('density measure',
POSITIVE_RATIO_MEASURE(7850.),#5794);
#5797=MEASURE_REPRESENTATION_ITEM('density measure',
POSITIVE_RATIO_MEASURE(7850.),#5795);
#5798=PROPERTY_DEFINITION_REPRESENTATION(#5808,#5802);
#5799=PROPERTY_DEFINITION_REPRESENTATION(#5809,#5803);
#5800=PROPERTY_DEFINITION_REPRESENTATION(#5810,#5804);
#5801=PROPERTY_DEFINITION_REPRESENTATION(#5811,#5805);
#5802=REPRESENTATION('material name',(#5806),#10216);
#5803=REPRESENTATION('density',(#5796),#10216);
#5804=REPRESENTATION('material name',(#5807),#10218);
#5805=REPRESENTATION('density',(#5797),#10218);
#5806=DESCRIPTIVE_REPRESENTATION_ITEM('Steel','Steel');
#5807=DESCRIPTIVE_REPRESENTATION_ITEM('Steel','Steel');
#5808=PROPERTY_DEFINITION('material property','material name',#10241);
#5809=PROPERTY_DEFINITION('material property','density of part',#10241);
#5810=PROPERTY_DEFINITION('material property','material name',#10243);
#5811=PROPERTY_DEFINITION('material property','density of part',#10243);
#5812=AXIS2_PLACEMENT_3D('',#8479,#6564,#6565);
#5813=AXIS2_PLACEMENT_3D('',#8480,#6566,#6567);
#5814=AXIS2_PLACEMENT_3D('',#8481,#6568,#6569);
#5815=AXIS2_PLACEMENT_3D('',#8482,#6570,#6571);
#5816=AXIS2_PLACEMENT_3D('',#8483,#6572,#6573);
#5817=AXIS2_PLACEMENT_3D('',#8484,#6574,#6575);
#5818=AXIS2_PLACEMENT_3D('',#8487,#6576,#6577);
#5819=AXIS2_PLACEMENT_3D('',#8500,#6580,#6581);
#5820=AXIS2_PLACEMENT_3D('',#8502,#6582,#6583);
#5821=AXIS2_PLACEMENT_3D('',#8506,#6585,#6586);
#5822=AXIS2_PLACEMENT_3D('',#8519,#6588,#6589);
#5823=AXIS2_PLACEMENT_3D('',#8529,#6594,#6595);
#5824=AXIS2_PLACEMENT_3D('',#8532,#6597,#6598);
#5825=AXIS2_PLACEMENT_3D('',#8533,#6599,#6600);
#5826=AXIS2_PLACEMENT_3D('',#8536,#6601,#6602);
#5827=AXIS2_PLACEMENT_3D('',#8540,#6604,#6605);
#5828=AXIS2_PLACEMENT_3D('',#8542,#6607,#6608);
#5829=AXIS2_PLACEMENT_3D('',#8548,#6612,#6613);
#5830=AXIS2_PLACEMENT_3D('',#8550,#6614,#6615);
#5831=AXIS2_PLACEMENT_3D('',#8553,#6617,#6618);
#5832=AXIS2_PLACEMENT_3D('',#8554,#6619,#6620);
#5833=AXIS2_PLACEMENT_3D('',#8559,#6623,#6624);
#5834=AXIS2_PLACEMENT_3D('',#8564,#6626,#6627);
#5835=AXIS2_PLACEMENT_3D('',#8566,#6628,#6629);
#5836=AXIS2_PLACEMENT_3D('',#8568,#6630,#6631);
#5837=AXIS2_PLACEMENT_3D('',#8572,#6633,#6634);
#5838=AXIS2_PLACEMENT_3D('',#8574,#6635,#6636);
#5839=AXIS2_PLACEMENT_3D('',#8575,#6637,#6638);
#5840=AXIS2_PLACEMENT_3D('',#8580,#6640,#6641);
#5841=AXIS2_PLACEMENT_3D('',#8582,#6642,#6643);
#5842=AXIS2_PLACEMENT_3D('',#8584,#6644,#6645);
#5843=AXIS2_PLACEMENT_3D('',#8588,#6647,#6648);
#5844=AXIS2_PLACEMENT_3D('',#8590,#6649,#6650);
#5845=AXIS2_PLACEMENT_3D('',#8591,#6651,#6652);
#5846=AXIS2_PLACEMENT_3D('',#8596,#6654,#6655);
#5847=AXIS2_PLACEMENT_3D('',#8598,#6656,#6657);
#5848=AXIS2_PLACEMENT_3D('',#8600,#6658,#6659);
#5849=AXIS2_PLACEMENT_3D('',#8604,#6661,#6662);
#5850=AXIS2_PLACEMENT_3D('',#8606,#6663,#6664);
#5851=AXIS2_PLACEMENT_3D('',#8607,#6665,#6666);
#5852=AXIS2_PLACEMENT_3D('',#8612,#6668,#6669);
#5853=AXIS2_PLACEMENT_3D('',#8614,#6670,#6671);
#5854=AXIS2_PLACEMENT_3D('',#8616,#6672,#6673);
#5855=AXIS2_PLACEMENT_3D('',#8620,#6675,#6676);
#5856=AXIS2_PLACEMENT_3D('',#8622,#6677,#6678);
#5857=AXIS2_PLACEMENT_3D('',#8623,#6679,#6680);
#5858=AXIS2_PLACEMENT_3D('',#8628,#6682,#6683);
#5859=AXIS2_PLACEMENT_3D('',#8630,#6684,#6685);
#5860=AXIS2_PLACEMENT_3D('',#8632,#6686,#6687);
#5861=AXIS2_PLACEMENT_3D('',#8636,#6689,#6690);
#5862=AXIS2_PLACEMENT_3D('',#8638,#6691,#6692);
#5863=AXIS2_PLACEMENT_3D('',#8639,#6693,#6694);
#5864=AXIS2_PLACEMENT_3D('',#8644,#6696,#6697);
#5865=AXIS2_PLACEMENT_3D('',#8646,#6698,#6699);
#5866=AXIS2_PLACEMENT_3D('',#8648,#6700,#6701);
#5867=AXIS2_PLACEMENT_3D('',#8652,#6703,#6704);
#5868=AXIS2_PLACEMENT_3D('',#8654,#6705,#6706);
#5869=AXIS2_PLACEMENT_3D('',#8655,#6707,#6708);
#5870=AXIS2_PLACEMENT_3D('',#8657,#6709,#6710);
#5871=AXIS2_PLACEMENT_3D('',#8659,#6711,#6712);
#5872=AXIS2_PLACEMENT_3D('',#8661,#6713,#6714);
#5873=AXIS2_PLACEMENT_3D('',#8663,#6715,#6716);
#5874=AXIS2_PLACEMENT_3D('',#8665,#6717,#6718);
#5875=AXIS2_PLACEMENT_3D('',#8667,#6719,#6720);
#5876=AXIS2_PLACEMENT_3D('',#8668,#6721,#6722);
#5877=AXIS2_PLACEMENT_3D('',#8672,#6724,#6725);
#5878=AXIS2_PLACEMENT_3D('',#8675,#6727,#6728);
#5879=AXIS2_PLACEMENT_3D('',#8680,#6730,#6731);
#5880=AXIS2_PLACEMENT_3D('',#8682,#6732,#6733);
#5881=AXIS2_PLACEMENT_3D('',#8684,#6734,#6735);
#5882=AXIS2_PLACEMENT_3D('',#8688,#6737,#6738);
#5883=AXIS2_PLACEMENT_3D('',#8690,#6739,#6740);
#5884=AXIS2_PLACEMENT_3D('',#8691,#6741,#6742);
#5885=AXIS2_PLACEMENT_3D('',#8696,#6744,#6745);
#5886=AXIS2_PLACEMENT_3D('',#8698,#6746,#6747);
#5887=AXIS2_PLACEMENT_3D('',#8700,#6748,#6749);
#5888=AXIS2_PLACEMENT_3D('',#8704,#6751,#6752);
#5889=AXIS2_PLACEMENT_3D('',#8706,#6753,#6754);
#5890=AXIS2_PLACEMENT_3D('',#8707,#6755,#6756);
#5891=AXIS2_PLACEMENT_3D('',#8712,#6758,#6759);
#5892=AXIS2_PLACEMENT_3D('',#8714,#6760,#6761);
#5893=AXIS2_PLACEMENT_3D('',#8716,#6762,#6763);
#5894=AXIS2_PLACEMENT_3D('',#8720,#6765,#6766);
#5895=AXIS2_PLACEMENT_3D('',#8722,#6767,#6768);
#5896=AXIS2_PLACEMENT_3D('',#8723,#6769,#6770);
#5897=AXIS2_PLACEMENT_3D('',#8728,#6772,#6773);
#5898=AXIS2_PLACEMENT_3D('',#8730,#6774,#6775);
#5899=AXIS2_PLACEMENT_3D('',#8732,#6776,#6777);
#5900=AXIS2_PLACEMENT_3D('',#8736,#6779,#6780);
#5901=AXIS2_PLACEMENT_3D('',#8738,#6781,#6782);
#5902=AXIS2_PLACEMENT_3D('',#8739,#6783,#6784);
#5903=AXIS2_PLACEMENT_3D('',#8744,#6786,#6787);
#5904=AXIS2_PLACEMENT_3D('',#8746,#6788,#6789);
#5905=AXIS2_PLACEMENT_3D('',#8748,#6790,#6791);
#5906=AXIS2_PLACEMENT_3D('',#8752,#6793,#6794);
#5907=AXIS2_PLACEMENT_3D('',#8754,#6795,#6796);
#5908=AXIS2_PLACEMENT_3D('',#8755,#6797,#6798);
#5909=AXIS2_PLACEMENT_3D('',#8760,#6800,#6801);
#5910=AXIS2_PLACEMENT_3D('',#8762,#6802,#6803);
#5911=AXIS2_PLACEMENT_3D('',#8764,#6804,#6805);
#5912=AXIS2_PLACEMENT_3D('',#8768,#6807,#6808);
#5913=AXIS2_PLACEMENT_3D('',#8770,#6809,#6810);
#5914=AXIS2_PLACEMENT_3D('',#8771,#6811,#6812);
#5915=AXIS2_PLACEMENT_3D('',#8773,#6813,#6814);
#5916=AXIS2_PLACEMENT_3D('',#8775,#6815,#6816);
#5917=AXIS2_PLACEMENT_3D('',#8777,#6817,#6818);
#5918=AXIS2_PLACEMENT_3D('',#8779,#6819,#6820);
#5919=AXIS2_PLACEMENT_3D('',#8781,#6821,#6822);
#5920=AXIS2_PLACEMENT_3D('',#8782,#6823,#6824);
#5921=AXIS2_PLACEMENT_3D('',#8784,#6825,#6826);
#5922=AXIS2_PLACEMENT_3D('',#8786,#6827,#6828);
#5923=AXIS2_PLACEMENT_3D('',#8788,#6830,#6831);
#5924=AXIS2_PLACEMENT_3D('',#8794,#6835,#6836);
#5925=AXIS2_PLACEMENT_3D('',#8795,#6837,#6838);
#5926=AXIS2_PLACEMENT_3D('',#8796,#6839,#6840);
#5927=AXIS2_PLACEMENT_3D('',#8797,#6841,#6842);
#5928=AXIS2_PLACEMENT_3D('',#8801,#6844,#6845);
#5929=AXIS2_PLACEMENT_3D('',#8803,#6847,#6848);
#5930=AXIS2_PLACEMENT_3D('',#8805,#6849,#6850);
#5931=AXIS2_PLACEMENT_3D('',#8807,#6852,#6853);
#5932=AXIS2_PLACEMENT_3D('',#8811,#6855,#6856);
#5933=AXIS2_PLACEMENT_3D('',#8813,#6858,#6859);
#5934=AXIS2_PLACEMENT_3D('',#8817,#6861,#6862);
#5935=AXIS2_PLACEMENT_3D('',#8818,#6863,#6864);
#5936=AXIS2_PLACEMENT_3D('',#8821,#6866,#6867);
#5937=AXIS2_PLACEMENT_3D('',#8822,#6868,#6869);
#5938=AXIS2_PLACEMENT_3D('',#8824,#6871,#6872);
#5939=AXIS2_PLACEMENT_3D('',#8825,#6873,#6874);
#5940=AXIS2_PLACEMENT_3D('',#8829,#6876,#6877);
#5941=AXIS2_PLACEMENT_3D('',#8831,#6879,#6880);
#5942=AXIS2_PLACEMENT_3D('',#8833,#6881,#6882);
#5943=AXIS2_PLACEMENT_3D('',#8835,#6884,#6885);
#5944=AXIS2_PLACEMENT_3D('',#8839,#6887,#6888);
#5945=AXIS2_PLACEMENT_3D('',#8841,#6890,#6891);
#5946=AXIS2_PLACEMENT_3D('',#8844,#6893,#6894);
#5947=AXIS2_PLACEMENT_3D('',#8846,#6895,#6896);
#5948=AXIS2_PLACEMENT_3D('',#8849,#6898,#6899);
#5949=AXIS2_PLACEMENT_3D('',#8850,#6900,#6901);
#5950=AXIS2_PLACEMENT_3D('',#8852,#6903,#6904);
#5951=AXIS2_PLACEMENT_3D('',#8856,#6906,#6907);
#5952=AXIS2_PLACEMENT_3D('',#8858,#6909,#6910);
#5953=AXIS2_PLACEMENT_3D('',#8860,#6911,#6912);
#5954=AXIS2_PLACEMENT_3D('',#8862,#6914,#6915);
#5955=AXIS2_PLACEMENT_3D('',#8866,#6917,#6918);
#5956=AXIS2_PLACEMENT_3D('',#8868,#6920,#6921);
#5957=AXIS2_PLACEMENT_3D('',#8871,#6923,#6924);
#5958=AXIS2_PLACEMENT_3D('',#8873,#6925,#6926);
#5959=AXIS2_PLACEMENT_3D('',#8876,#6928,#6929);
#5960=AXIS2_PLACEMENT_3D('',#8877,#6930,#6931);
#5961=AXIS2_PLACEMENT_3D('',#8879,#6933,#6934);
#5962=AXIS2_PLACEMENT_3D('',#8883,#6936,#6937);
#5963=AXIS2_PLACEMENT_3D('',#8885,#6939,#6940);
#5964=AXIS2_PLACEMENT_3D('',#8887,#6941,#6942);
#5965=AXIS2_PLACEMENT_3D('',#8889,#6944,#6945);
#5966=AXIS2_PLACEMENT_3D('',#8893,#6947,#6948);
#5967=AXIS2_PLACEMENT_3D('',#8895,#6950,#6951);
#5968=AXIS2_PLACEMENT_3D('',#8898,#6953,#6954);
#5969=AXIS2_PLACEMENT_3D('',#8900,#6955,#6956);
#5970=AXIS2_PLACEMENT_3D('',#8903,#6958,#6959);
#5971=AXIS2_PLACEMENT_3D('',#8904,#6960,#6961);
#5972=AXIS2_PLACEMENT_3D('',#8906,#6963,#6964);
#5973=AXIS2_PLACEMENT_3D('',#8910,#6966,#6967);
#5974=AXIS2_PLACEMENT_3D('',#8912,#6969,#6970);
#5975=AXIS2_PLACEMENT_3D('',#8914,#6971,#6972);
#5976=AXIS2_PLACEMENT_3D('',#8916,#6974,#6975);
#5977=AXIS2_PLACEMENT_3D('',#8920,#6977,#6978);
#5978=AXIS2_PLACEMENT_3D('',#8922,#6980,#6981);
#5979=AXIS2_PLACEMENT_3D('',#8925,#6983,#6984);
#5980=AXIS2_PLACEMENT_3D('',#8927,#6985,#6986);
#5981=AXIS2_PLACEMENT_3D('',#8930,#6988,#6989);
#5982=AXIS2_PLACEMENT_3D('',#8931,#6990,#6991);
#5983=AXIS2_PLACEMENT_3D('',#8933,#6993,#6994);
#5984=AXIS2_PLACEMENT_3D('',#8937,#6996,#6997);
#5985=AXIS2_PLACEMENT_3D('',#8939,#6999,#7000);
#5986=AXIS2_PLACEMENT_3D('',#8941,#7001,#7002);
#5987=AXIS2_PLACEMENT_3D('',#8943,#7004,#7005);
#5988=AXIS2_PLACEMENT_3D('',#8947,#7007,#7008);
#5989=AXIS2_PLACEMENT_3D('',#8949,#7010,#7011);
#5990=AXIS2_PLACEMENT_3D('',#8952,#7013,#7014);
#5991=AXIS2_PLACEMENT_3D('',#8954,#7015,#7016);
#5992=AXIS2_PLACEMENT_3D('',#8957,#7018,#7019);
#5993=AXIS2_PLACEMENT_3D('',#8958,#7020,#7021);
#5994=AXIS2_PLACEMENT_3D('',#8960,#7023,#7024);
#5995=AXIS2_PLACEMENT_3D('',#8962,#7026,#7027);
#5996=AXIS2_PLACEMENT_3D('',#8964,#7029,#7030);
#5997=AXIS2_PLACEMENT_3D('',#8966,#7032,#7033);
#5998=AXIS2_PLACEMENT_3D('',#8968,#7035,#7036);
#5999=AXIS2_PLACEMENT_3D('',#8970,#7038,#7039);
#6000=AXIS2_PLACEMENT_3D('',#8972,#7041,#7042);
#6001=AXIS2_PLACEMENT_3D('',#8974,#7044,#7045);
#6002=AXIS2_PLACEMENT_3D('',#8976,#7047,#7048);
#6003=AXIS2_PLACEMENT_3D('',#8978,#7050,#7051);
#6004=AXIS2_PLACEMENT_3D('',#8980,#7053,#7054);
#6005=AXIS2_PLACEMENT_3D('',#8983,#7057,#7058);
#6006=AXIS2_PLACEMENT_3D('',#8984,#7059,#7060);
#6007=AXIS2_PLACEMENT_3D('',#8988,#7062,#7063);
#6008=AXIS2_PLACEMENT_3D('',#8990,#7065,#7066);
#6009=AXIS2_PLACEMENT_3D('',#8994,#7069,#7070);
#6010=AXIS2_PLACEMENT_3D('',#8997,#7072,#7073);
#6011=AXIS2_PLACEMENT_3D('',#8998,#7074,#7075);
#6012=AXIS2_PLACEMENT_3D('',#9001,#7077,#7078);
#6013=AXIS2_PLACEMENT_3D('',#9002,#7079,#7080);
#6014=AXIS2_PLACEMENT_3D('',#9005,#7082,#7083);
#6015=AXIS2_PLACEMENT_3D('',#9006,#7084,#7085);
#6016=AXIS2_PLACEMENT_3D('',#9010,#7088,#7089);
#6017=AXIS2_PLACEMENT_3D('',#9013,#7091,#7092);
#6018=AXIS2_PLACEMENT_3D('',#9014,#7093,#7094);
#6019=AXIS2_PLACEMENT_3D('',#9015,#7095,#7096);
#6020=AXIS2_PLACEMENT_3D('',#9016,#7097,#7098);
#6021=AXIS2_PLACEMENT_3D('',#9020,#7100,#7101);
#6022=AXIS2_PLACEMENT_3D('',#9022,#7103,#7104);
#6023=AXIS2_PLACEMENT_3D('',#9025,#7106,#7107);
#6024=AXIS2_PLACEMENT_3D('',#9026,#7108,#7109);
#6025=AXIS2_PLACEMENT_3D('',#9030,#7111,#7112);
#6026=AXIS2_PLACEMENT_3D('',#9032,#7114,#7115);
#6027=AXIS2_PLACEMENT_3D('',#9034,#7117,#7118);
#6028=AXIS2_PLACEMENT_3D('',#9037,#7120,#7121);
#6029=AXIS2_PLACEMENT_3D('',#9038,#7122,#7123);
#6030=AXIS2_PLACEMENT_3D('',#9042,#7126,#7127);
#6031=AXIS2_PLACEMENT_3D('',#9045,#7129,#7130);
#6032=AXIS2_PLACEMENT_3D('',#9046,#7131,#7132);
#6033=AXIS2_PLACEMENT_3D('',#9047,#7133,#7134);
#6034=AXIS2_PLACEMENT_3D('',#9048,#7135,#7136);
#6035=AXIS2_PLACEMENT_3D('',#9052,#7138,#7139);
#6036=AXIS2_PLACEMENT_3D('',#9054,#7141,#7142);
#6037=AXIS2_PLACEMENT_3D('',#9058,#7145,#7146);
#6038=AXIS2_PLACEMENT_3D('',#9061,#7148,#7149);
#6039=AXIS2_PLACEMENT_3D('',#9062,#7150,#7151);
#6040=AXIS2_PLACEMENT_3D('',#9065,#7153,#7154);
#6041=AXIS2_PLACEMENT_3D('',#9066,#7155,#7156);
#6042=AXIS2_PLACEMENT_3D('',#9069,#7158,#7159);
#6043=AXIS2_PLACEMENT_3D('',#9070,#7160,#7161);
#6044=AXIS2_PLACEMENT_3D('',#9074,#7164,#7165);
#6045=AXIS2_PLACEMENT_3D('',#9077,#7167,#7168);
#6046=AXIS2_PLACEMENT_3D('',#9078,#7169,#7170);
#6047=AXIS2_PLACEMENT_3D('',#9079,#7171,#7172);
#6048=AXIS2_PLACEMENT_3D('',#9080,#7173,#7174);
#6049=AXIS2_PLACEMENT_3D('',#9084,#7176,#7177);
#6050=AXIS2_PLACEMENT_3D('',#9086,#7179,#7180);
#6051=AXIS2_PLACEMENT_3D('',#9090,#7183,#7184);
#6052=AXIS2_PLACEMENT_3D('',#9093,#7186,#7187);
#6053=AXIS2_PLACEMENT_3D('',#9094,#7188,#7189);
#6054=AXIS2_PLACEMENT_3D('',#9097,#7191,#7192);
#6055=AXIS2_PLACEMENT_3D('',#9098,#7193,#7194);
#6056=AXIS2_PLACEMENT_3D('',#9101,#7196,#7197);
#6057=AXIS2_PLACEMENT_3D('',#9102,#7198,#7199);
#6058=AXIS2_PLACEMENT_3D('',#9106,#7202,#7203);
#6059=AXIS2_PLACEMENT_3D('',#9109,#7205,#7206);
#6060=AXIS2_PLACEMENT_3D('',#9110,#7207,#7208);
#6061=AXIS2_PLACEMENT_3D('',#9111,#7209,#7210);
#6062=AXIS2_PLACEMENT_3D('',#9112,#7211,#7212);
#6063=AXIS2_PLACEMENT_3D('',#9116,#7214,#7215);
#6064=AXIS2_PLACEMENT_3D('',#9118,#7217,#7218);
#6065=AXIS2_PLACEMENT_3D('',#9122,#7221,#7222);
#6066=AXIS2_PLACEMENT_3D('',#9125,#7224,#7225);
#6067=AXIS2_PLACEMENT_3D('',#9126,#7226,#7227);
#6068=AXIS2_PLACEMENT_3D('',#9129,#7229,#7230);
#6069=AXIS2_PLACEMENT_3D('',#9130,#7231,#7232);
#6070=AXIS2_PLACEMENT_3D('',#9133,#7234,#7235);
#6071=AXIS2_PLACEMENT_3D('',#9134,#7236,#7237);
#6072=AXIS2_PLACEMENT_3D('',#9138,#7240,#7241);
#6073=AXIS2_PLACEMENT_3D('',#9141,#7243,#7244);
#6074=AXIS2_PLACEMENT_3D('',#9142,#7245,#7246);
#6075=AXIS2_PLACEMENT_3D('',#9143,#7247,#7248);
#6076=AXIS2_PLACEMENT_3D('',#9144,#7249,#7250);
#6077=AXIS2_PLACEMENT_3D('',#9148,#7252,#7253);
#6078=AXIS2_PLACEMENT_3D('',#9150,#7255,#7256);
#6079=AXIS2_PLACEMENT_3D('',#9154,#7259,#7260);
#6080=AXIS2_PLACEMENT_3D('',#9157,#7262,#7263);
#6081=AXIS2_PLACEMENT_3D('',#9158,#7264,#7265);
#6082=AXIS2_PLACEMENT_3D('',#9161,#7267,#7268);
#6083=AXIS2_PLACEMENT_3D('',#9162,#7269,#7270);
#6084=AXIS2_PLACEMENT_3D('',#9165,#7272,#7273);
#6085=AXIS2_PLACEMENT_3D('',#9166,#7274,#7275);
#6086=AXIS2_PLACEMENT_3D('',#9170,#7278,#7279);
#6087=AXIS2_PLACEMENT_3D('',#9173,#7281,#7282);
#6088=AXIS2_PLACEMENT_3D('',#9174,#7283,#7284);
#6089=AXIS2_PLACEMENT_3D('',#9175,#7285,#7286);
#6090=AXIS2_PLACEMENT_3D('',#9176,#7287,#7288);
#6091=AXIS2_PLACEMENT_3D('',#9178,#7289,#7290);
#6092=AXIS2_PLACEMENT_3D('',#9180,#7292,#7293);
#6093=AXIS2_PLACEMENT_3D('',#9182,#7294,#7295);
#6094=AXIS2_PLACEMENT_3D('',#9183,#7296,#7297);
#6095=AXIS2_PLACEMENT_3D('',#9185,#7298,#7299);
#6096=AXIS2_PLACEMENT_3D('',#9187,#7301,#7302);
#6097=AXIS2_PLACEMENT_3D('',#9189,#7303,#7304);
#6098=AXIS2_PLACEMENT_3D('',#9190,#7305,#7306);
#6099=AXIS2_PLACEMENT_3D('',#9192,#7307,#7308);
#6100=AXIS2_PLACEMENT_3D('',#9194,#7310,#7311);
#6101=AXIS2_PLACEMENT_3D('',#9196,#7312,#7313);
#6102=AXIS2_PLACEMENT_3D('',#9197,#7314,#7315);
#6103=AXIS2_PLACEMENT_3D('',#9199,#7316,#7317);
#6104=AXIS2_PLACEMENT_3D('',#9201,#7319,#7320);
#6105=AXIS2_PLACEMENT_3D('',#9203,#7321,#7322);
#6106=AXIS2_PLACEMENT_3D('',#9204,#7323,#7324);
#6107=AXIS2_PLACEMENT_3D('',#9206,#7325,#7326);
#6108=AXIS2_PLACEMENT_3D('',#9208,#7328,#7329);
#6109=AXIS2_PLACEMENT_3D('',#9210,#7330,#7331);
#6110=AXIS2_PLACEMENT_3D('',#9211,#7332,#7333);
#6111=AXIS2_PLACEMENT_3D('',#9212,#7334,#7335);
#6112=AXIS2_PLACEMENT_3D('',#9213,#7336,#7337);
#6113=AXIS2_PLACEMENT_3D('',#9214,#7338,#7339);
#6114=AXIS2_PLACEMENT_3D('',#9215,#7340,#7341);
#6115=AXIS2_PLACEMENT_3D('',#9216,#7342,#7343);
#6116=AXIS2_PLACEMENT_3D('',#9217,#7344,#7345);
#6117=AXIS2_PLACEMENT_3D('',#9218,#7346,#7347);
#6118=AXIS2_PLACEMENT_3D('',#9219,#7348,#7349);
#6119=AXIS2_PLACEMENT_3D('',#9220,#7350,#7351);
#6120=AXIS2_PLACEMENT_3D('',#9221,#7352,#7353);
#6121=AXIS2_PLACEMENT_3D('',#9222,#7354,#7355);
#6122=AXIS2_PLACEMENT_3D('',#9223,#7356,#7357);
#6123=AXIS2_PLACEMENT_3D('',#9224,#7358,#7359);
#6124=AXIS2_PLACEMENT_3D('',#9225,#7360,#7361);
#6125=AXIS2_PLACEMENT_3D('',#9226,#7362,#7363);
#6126=AXIS2_PLACEMENT_3D('',#9227,#7364,#7365);
#6127=AXIS2_PLACEMENT_3D('',#9228,#7366,#7367);
#6128=AXIS2_PLACEMENT_3D('',#9231,#7369,#7370);
#6129=AXIS2_PLACEMENT_3D('',#9232,#7371,#7372);
#6130=AXIS2_PLACEMENT_3D('',#9234,#7373,#7374);
#6131=AXIS2_PLACEMENT_3D('',#9235,#7375,#7376);
#6132=AXIS2_PLACEMENT_3D('',#9238,#7378,#7379);
#6133=AXIS2_PLACEMENT_3D('',#9239,#7380,#7381);
#6134=AXIS2_PLACEMENT_3D('',#9241,#7382,#7383);
#6135=AXIS2_PLACEMENT_3D('',#9242,#7384,#7385);
#6136=AXIS2_PLACEMENT_3D('',#9245,#7387,#7388);
#6137=AXIS2_PLACEMENT_3D('',#9246,#7389,#7390);
#6138=AXIS2_PLACEMENT_3D('',#9248,#7391,#7392);
#6139=AXIS2_PLACEMENT_3D('',#9249,#7393,#7394);
#6140=AXIS2_PLACEMENT_3D('',#9252,#7396,#7397);
#6141=AXIS2_PLACEMENT_3D('',#9253,#7398,#7399);
#6142=AXIS2_PLACEMENT_3D('',#9255,#7400,#7401);
#6143=AXIS2_PLACEMENT_3D('',#9256,#7402,#7403);
#6144=AXIS2_PLACEMENT_3D('',#9259,#7405,#7406);
#6145=AXIS2_PLACEMENT_3D('',#9260,#7407,#7408);
#6146=AXIS2_PLACEMENT_3D('',#9262,#7409,#7410);
#6147=AXIS2_PLACEMENT_3D('',#9263,#7411,#7412);
#6148=AXIS2_PLACEMENT_3D('',#9265,#7414,#7415);
#6149=AXIS2_PLACEMENT_3D('',#9267,#7417,#7418);
#6150=AXIS2_PLACEMENT_3D('',#9269,#7420,#7421);
#6151=AXIS2_PLACEMENT_3D('',#9271,#7423,#7424);
#6152=AXIS2_PLACEMENT_3D('',#9273,#7426,#7427);
#6153=AXIS2_PLACEMENT_3D('',#9275,#7428,#7429);
#6154=AXIS2_PLACEMENT_3D('',#9278,#7431,#7432);
#6155=AXIS2_PLACEMENT_3D('',#9279,#7433,#7434);
#6156=AXIS2_PLACEMENT_3D('',#9281,#7435,#7436);
#6157=AXIS2_PLACEMENT_3D('',#9282,#7437,#7438);
#6158=AXIS2_PLACEMENT_3D('',#9284,#7439,#7440);
#6159=AXIS2_PLACEMENT_3D('',#9285,#7441,#7442);
#6160=AXIS2_PLACEMENT_3D('',#9287,#7444,#7445);
#6161=AXIS2_PLACEMENT_3D('',#9289,#7447,#7448);
#6162=AXIS2_PLACEMENT_3D('',#9290,#7449,#7450);
#6163=AXIS2_PLACEMENT_3D('',#9291,#7451,#7452);
#6164=AXIS2_PLACEMENT_3D('',#9292,#7453,#7454);
#6165=AXIS2_PLACEMENT_3D('',#9293,#7455,#7456);
#6166=AXIS2_PLACEMENT_3D('',#9294,#7457,#7458);
#6167=AXIS2_PLACEMENT_3D('',#9297,#7459,#7460);
#6168=AXIS2_PLACEMENT_3D('',#9301,#7462,#7463);
#6169=AXIS2_PLACEMENT_3D('',#9303,#7465,#7466);
#6170=AXIS2_PLACEMENT_3D('',#9309,#7470,#7471);
#6171=AXIS2_PLACEMENT_3D('',#9311,#7472,#7473);
#6172=AXIS2_PLACEMENT_3D('',#9314,#7475,#7476);
#6173=AXIS2_PLACEMENT_3D('',#9315,#7477,#7478);
#6174=AXIS2_PLACEMENT_3D('',#9320,#7481,#7482);
#6175=AXIS2_PLACEMENT_3D('',#9325,#7484,#7485);
#6176=AXIS2_PLACEMENT_3D('',#9327,#7486,#7487);
#6177=AXIS2_PLACEMENT_3D('',#9329,#7488,#7489);
#6178=AXIS2_PLACEMENT_3D('',#9333,#7491,#7492);
#6179=AXIS2_PLACEMENT_3D('',#9335,#7493,#7494);
#6180=AXIS2_PLACEMENT_3D('',#9336,#7495,#7496);
#6181=AXIS2_PLACEMENT_3D('',#9341,#7498,#7499);
#6182=AXIS2_PLACEMENT_3D('',#9343,#7500,#7501);
#6183=AXIS2_PLACEMENT_3D('',#9345,#7502,#7503);
#6184=AXIS2_PLACEMENT_3D('',#9349,#7505,#7506);
#6185=AXIS2_PLACEMENT_3D('',#9351,#7507,#7508);
#6186=AXIS2_PLACEMENT_3D('',#9352,#7509,#7510);
#6187=AXIS2_PLACEMENT_3D('',#9357,#7512,#7513);
#6188=AXIS2_PLACEMENT_3D('',#9359,#7514,#7515);
#6189=AXIS2_PLACEMENT_3D('',#9361,#7516,#7517);
#6190=AXIS2_PLACEMENT_3D('',#9365,#7519,#7520);
#6191=AXIS2_PLACEMENT_3D('',#9367,#7521,#7522);
#6192=AXIS2_PLACEMENT_3D('',#9368,#7523,#7524);
#6193=AXIS2_PLACEMENT_3D('',#9373,#7526,#7527);
#6194=AXIS2_PLACEMENT_3D('',#9375,#7528,#7529);
#6195=AXIS2_PLACEMENT_3D('',#9377,#7530,#7531);
#6196=AXIS2_PLACEMENT_3D('',#9381,#7533,#7534);
#6197=AXIS2_PLACEMENT_3D('',#9383,#7535,#7536);
#6198=AXIS2_PLACEMENT_3D('',#9384,#7537,#7538);
#6199=AXIS2_PLACEMENT_3D('',#9389,#7540,#7541);
#6200=AXIS2_PLACEMENT_3D('',#9391,#7542,#7543);
#6201=AXIS2_PLACEMENT_3D('',#9393,#7544,#7545);
#6202=AXIS2_PLACEMENT_3D('',#9397,#7547,#7548);
#6203=AXIS2_PLACEMENT_3D('',#9399,#7549,#7550);
#6204=AXIS2_PLACEMENT_3D('',#9400,#7551,#7552);
#6205=AXIS2_PLACEMENT_3D('',#9405,#7554,#7555);
#6206=AXIS2_PLACEMENT_3D('',#9407,#7556,#7557);
#6207=AXIS2_PLACEMENT_3D('',#9409,#7558,#7559);
#6208=AXIS2_PLACEMENT_3D('',#9413,#7561,#7562);
#6209=AXIS2_PLACEMENT_3D('',#9415,#7563,#7564);
#6210=AXIS2_PLACEMENT_3D('',#9416,#7565,#7566);
#6211=AXIS2_PLACEMENT_3D('',#9418,#7567,#7568);
#6212=AXIS2_PLACEMENT_3D('',#9420,#7569,#7570);
#6213=AXIS2_PLACEMENT_3D('',#9422,#7571,#7572);
#6214=AXIS2_PLACEMENT_3D('',#9424,#7573,#7574);
#6215=AXIS2_PLACEMENT_3D('',#9426,#7575,#7576);
#6216=AXIS2_PLACEMENT_3D('',#9428,#7577,#7578);
#6217=AXIS2_PLACEMENT_3D('',#9429,#7579,#7580);
#6218=AXIS2_PLACEMENT_3D('',#9433,#7582,#7583);
#6219=AXIS2_PLACEMENT_3D('',#9436,#7585,#7586);
#6220=AXIS2_PLACEMENT_3D('',#9441,#7588,#7589);
#6221=AXIS2_PLACEMENT_3D('',#9443,#7590,#7591);
#6222=AXIS2_PLACEMENT_3D('',#9445,#7592,#7593);
#6223=AXIS2_PLACEMENT_3D('',#9449,#7595,#7596);
#6224=AXIS2_PLACEMENT_3D('',#9451,#7597,#7598);
#6225=AXIS2_PLACEMENT_3D('',#9452,#7599,#7600);
#6226=AXIS2_PLACEMENT_3D('',#9457,#7602,#7603);
#6227=AXIS2_PLACEMENT_3D('',#9459,#7604,#7605);
#6228=AXIS2_PLACEMENT_3D('',#9461,#7606,#7607);
#6229=AXIS2_PLACEMENT_3D('',#9465,#7609,#7610);
#6230=AXIS2_PLACEMENT_3D('',#9467,#7611,#7612);
#6231=AXIS2_PLACEMENT_3D('',#9468,#7613,#7614);
#6232=AXIS2_PLACEMENT_3D('',#9473,#7616,#7617);
#6233=AXIS2_PLACEMENT_3D('',#9475,#7618,#7619);
#6234=AXIS2_PLACEMENT_3D('',#9477,#7620,#7621);
#6235=AXIS2_PLACEMENT_3D('',#9481,#7623,#7624);
#6236=AXIS2_PLACEMENT_3D('',#9483,#7625,#7626);
#6237=AXIS2_PLACEMENT_3D('',#9484,#7627,#7628);
#6238=AXIS2_PLACEMENT_3D('',#9489,#7630,#7631);
#6239=AXIS2_PLACEMENT_3D('',#9491,#7632,#7633);
#6240=AXIS2_PLACEMENT_3D('',#9493,#7634,#7635);
#6241=AXIS2_PLACEMENT_3D('',#9497,#7637,#7638);
#6242=AXIS2_PLACEMENT_3D('',#9499,#7639,#7640);
#6243=AXIS2_PLACEMENT_3D('',#9500,#7641,#7642);
#6244=AXIS2_PLACEMENT_3D('',#9505,#7644,#7645);
#6245=AXIS2_PLACEMENT_3D('',#9507,#7646,#7647);
#6246=AXIS2_PLACEMENT_3D('',#9509,#7648,#7649);
#6247=AXIS2_PLACEMENT_3D('',#9513,#7651,#7652);
#6248=AXIS2_PLACEMENT_3D('',#9515,#7653,#7654);
#6249=AXIS2_PLACEMENT_3D('',#9516,#7655,#7656);
#6250=AXIS2_PLACEMENT_3D('',#9521,#7658,#7659);
#6251=AXIS2_PLACEMENT_3D('',#9523,#7660,#7661);
#6252=AXIS2_PLACEMENT_3D('',#9525,#7662,#7663);
#6253=AXIS2_PLACEMENT_3D('',#9529,#7665,#7666);
#6254=AXIS2_PLACEMENT_3D('',#9531,#7667,#7668);
#6255=AXIS2_PLACEMENT_3D('',#9532,#7669,#7670);
#6256=AXIS2_PLACEMENT_3D('',#9534,#7671,#7672);
#6257=AXIS2_PLACEMENT_3D('',#9536,#7673,#7674);
#6258=AXIS2_PLACEMENT_3D('',#9538,#7675,#7676);
#6259=AXIS2_PLACEMENT_3D('',#9540,#7677,#7678);
#6260=AXIS2_PLACEMENT_3D('',#9542,#7679,#7680);
#6261=AXIS2_PLACEMENT_3D('',#9543,#7681,#7682);
#6262=AXIS2_PLACEMENT_3D('',#9545,#7683,#7684);
#6263=AXIS2_PLACEMENT_3D('',#9547,#7685,#7686);
#6264=AXIS2_PLACEMENT_3D('',#9549,#7688,#7689);
#6265=AXIS2_PLACEMENT_3D('',#9555,#7693,#7694);
#6266=AXIS2_PLACEMENT_3D('',#9556,#7695,#7696);
#6267=AXIS2_PLACEMENT_3D('',#9557,#7697,#7698);
#6268=AXIS2_PLACEMENT_3D('',#9558,#7699,#7700);
#6269=AXIS2_PLACEMENT_3D('',#9562,#7702,#7703);
#6270=AXIS2_PLACEMENT_3D('',#9564,#7705,#7706);
#6271=AXIS2_PLACEMENT_3D('',#9566,#7707,#7708);
#6272=AXIS2_PLACEMENT_3D('',#9568,#7710,#7711);
#6273=AXIS2_PLACEMENT_3D('',#9572,#7713,#7714);
#6274=AXIS2_PLACEMENT_3D('',#9574,#7716,#7717);
#6275=AXIS2_PLACEMENT_3D('',#9578,#7719,#7720);
#6276=AXIS2_PLACEMENT_3D('',#9579,#7721,#7722);
#6277=AXIS2_PLACEMENT_3D('',#9582,#7724,#7725);
#6278=AXIS2_PLACEMENT_3D('',#9583,#7726,#7727);
#6279=AXIS2_PLACEMENT_3D('',#9585,#7729,#7730);
#6280=AXIS2_PLACEMENT_3D('',#9586,#7731,#7732);
#6281=AXIS2_PLACEMENT_3D('',#9590,#7734,#7735);
#6282=AXIS2_PLACEMENT_3D('',#9592,#7737,#7738);
#6283=AXIS2_PLACEMENT_3D('',#9594,#7739,#7740);
#6284=AXIS2_PLACEMENT_3D('',#9596,#7742,#7743);
#6285=AXIS2_PLACEMENT_3D('',#9600,#7745,#7746);
#6286=AXIS2_PLACEMENT_3D('',#9602,#7748,#7749);
#6287=AXIS2_PLACEMENT_3D('',#9605,#7751,#7752);
#6288=AXIS2_PLACEMENT_3D('',#9607,#7753,#7754);
#6289=AXIS2_PLACEMENT_3D('',#9610,#7756,#7757);
#6290=AXIS2_PLACEMENT_3D('',#9611,#7758,#7759);
#6291=AXIS2_PLACEMENT_3D('',#9613,#7761,#7762);
#6292=AXIS2_PLACEMENT_3D('',#9617,#7764,#7765);
#6293=AXIS2_PLACEMENT_3D('',#9619,#7767,#7768);
#6294=AXIS2_PLACEMENT_3D('',#9621,#7769,#7770);
#6295=AXIS2_PLACEMENT_3D('',#9623,#7772,#7773);
#6296=AXIS2_PLACEMENT_3D('',#9627,#7775,#7776);
#6297=AXIS2_PLACEMENT_3D('',#9629,#7778,#7779);
#6298=AXIS2_PLACEMENT_3D('',#9632,#7781,#7782);
#6299=AXIS2_PLACEMENT_3D('',#9634,#7783,#7784);
#6300=AXIS2_PLACEMENT_3D('',#9637,#7786,#7787);
#6301=AXIS2_PLACEMENT_3D('',#9638,#7788,#7789);
#6302=AXIS2_PLACEMENT_3D('',#9640,#7791,#7792);
#6303=AXIS2_PLACEMENT_3D('',#9644,#7794,#7795);
#6304=AXIS2_PLACEMENT_3D('',#9646,#7797,#7798);
#6305=AXIS2_PLACEMENT_3D('',#9648,#7799,#7800);
#6306=AXIS2_PLACEMENT_3D('',#9650,#7802,#7803);
#6307=AXIS2_PLACEMENT_3D('',#9654,#7805,#7806);
#6308=AXIS2_PLACEMENT_3D('',#9656,#7808,#7809);
#6309=AXIS2_PLACEMENT_3D('',#9659,#7811,#7812);
#6310=AXIS2_PLACEMENT_3D('',#9661,#7813,#7814);
#6311=AXIS2_PLACEMENT_3D('',#9664,#7816,#7817);
#6312=AXIS2_PLACEMENT_3D('',#9665,#7818,#7819);
#6313=AXIS2_PLACEMENT_3D('',#9667,#7821,#7822);
#6314=AXIS2_PLACEMENT_3D('',#9671,#7824,#7825);
#6315=AXIS2_PLACEMENT_3D('',#9673,#7827,#7828);
#6316=AXIS2_PLACEMENT_3D('',#9675,#7829,#7830);
#6317=AXIS2_PLACEMENT_3D('',#9677,#7832,#7833);
#6318=AXIS2_PLACEMENT_3D('',#9681,#7835,#7836);
#6319=AXIS2_PLACEMENT_3D('',#9683,#7838,#7839);
#6320=AXIS2_PLACEMENT_3D('',#9686,#7841,#7842);
#6321=AXIS2_PLACEMENT_3D('',#9688,#7843,#7844);
#6322=AXIS2_PLACEMENT_3D('',#9691,#7846,#7847);
#6323=AXIS2_PLACEMENT_3D('',#9692,#7848,#7849);
#6324=AXIS2_PLACEMENT_3D('',#9694,#7851,#7852);
#6325=AXIS2_PLACEMENT_3D('',#9698,#7854,#7855);
#6326=AXIS2_PLACEMENT_3D('',#9700,#7857,#7858);
#6327=AXIS2_PLACEMENT_3D('',#9702,#7859,#7860);
#6328=AXIS2_PLACEMENT_3D('',#9704,#7862,#7863);
#6329=AXIS2_PLACEMENT_3D('',#9708,#7865,#7866);
#6330=AXIS2_PLACEMENT_3D('',#9710,#7868,#7869);
#6331=AXIS2_PLACEMENT_3D('',#9713,#7871,#7872);
#6332=AXIS2_PLACEMENT_3D('',#9715,#7873,#7874);
#6333=AXIS2_PLACEMENT_3D('',#9718,#7876,#7877);
#6334=AXIS2_PLACEMENT_3D('',#9719,#7878,#7879);
#6335=AXIS2_PLACEMENT_3D('',#9721,#7881,#7882);
#6336=AXIS2_PLACEMENT_3D('',#9723,#7884,#7885);
#6337=AXIS2_PLACEMENT_3D('',#9725,#7887,#7888);
#6338=AXIS2_PLACEMENT_3D('',#9727,#7890,#7891);
#6339=AXIS2_PLACEMENT_3D('',#9729,#7893,#7894);
#6340=AXIS2_PLACEMENT_3D('',#9731,#7896,#7897);
#6341=AXIS2_PLACEMENT_3D('',#9733,#7899,#7900);
#6342=AXIS2_PLACEMENT_3D('',#9735,#7902,#7903);
#6343=AXIS2_PLACEMENT_3D('',#9737,#7905,#7906);
#6344=AXIS2_PLACEMENT_3D('',#9739,#7908,#7909);
#6345=AXIS2_PLACEMENT_3D('',#9741,#7911,#7912);
#6346=AXIS2_PLACEMENT_3D('',#9744,#7915,#7916);
#6347=AXIS2_PLACEMENT_3D('',#9745,#7917,#7918);
#6348=AXIS2_PLACEMENT_3D('',#9749,#7920,#7921);
#6349=AXIS2_PLACEMENT_3D('',#9751,#7923,#7924);
#6350=AXIS2_PLACEMENT_3D('',#9755,#7927,#7928);
#6351=AXIS2_PLACEMENT_3D('',#9758,#7930,#7931);
#6352=AXIS2_PLACEMENT_3D('',#9759,#7932,#7933);
#6353=AXIS2_PLACEMENT_3D('',#9762,#7935,#7936);
#6354=AXIS2_PLACEMENT_3D('',#9763,#7937,#7938);
#6355=AXIS2_PLACEMENT_3D('',#9766,#7940,#7941);
#6356=AXIS2_PLACEMENT_3D('',#9767,#7942,#7943);
#6357=AXIS2_PLACEMENT_3D('',#9771,#7946,#7947);
#6358=AXIS2_PLACEMENT_3D('',#9774,#7949,#7950);
#6359=AXIS2_PLACEMENT_3D('',#9775,#7951,#7952);
#6360=AXIS2_PLACEMENT_3D('',#9776,#7953,#7954);
#6361=AXIS2_PLACEMENT_3D('',#9777,#7955,#7956);
#6362=AXIS2_PLACEMENT_3D('',#9781,#7958,#7959);
#6363=AXIS2_PLACEMENT_3D('',#9783,#7961,#7962);
#6364=AXIS2_PLACEMENT_3D('',#9786,#7964,#7965);
#6365=AXIS2_PLACEMENT_3D('',#9787,#7966,#7967);
#6366=AXIS2_PLACEMENT_3D('',#9791,#7969,#7970);
#6367=AXIS2_PLACEMENT_3D('',#9793,#7972,#7973);
#6368=AXIS2_PLACEMENT_3D('',#9795,#7975,#7976);
#6369=AXIS2_PLACEMENT_3D('',#9798,#7978,#7979);
#6370=AXIS2_PLACEMENT_3D('',#9799,#7980,#7981);
#6371=AXIS2_PLACEMENT_3D('',#9803,#7984,#7985);
#6372=AXIS2_PLACEMENT_3D('',#9806,#7987,#7988);
#6373=AXIS2_PLACEMENT_3D('',#9807,#7989,#7990);
#6374=AXIS2_PLACEMENT_3D('',#9808,#7991,#7992);
#6375=AXIS2_PLACEMENT_3D('',#9809,#7993,#7994);
#6376=AXIS2_PLACEMENT_3D('',#9813,#7996,#7997);
#6377=AXIS2_PLACEMENT_3D('',#9815,#7999,#8000);
#6378=AXIS2_PLACEMENT_3D('',#9819,#8003,#8004);
#6379=AXIS2_PLACEMENT_3D('',#9822,#8006,#8007);
#6380=AXIS2_PLACEMENT_3D('',#9823,#8008,#8009);
#6381=AXIS2_PLACEMENT_3D('',#9826,#8011,#8012);
#6382=AXIS2_PLACEMENT_3D('',#9827,#8013,#8014);
#6383=AXIS2_PLACEMENT_3D('',#9830,#8016,#8017);
#6384=AXIS2_PLACEMENT_3D('',#9831,#8018,#8019);
#6385=AXIS2_PLACEMENT_3D('',#9835,#8022,#8023);
#6386=AXIS2_PLACEMENT_3D('',#9838,#8025,#8026);
#6387=AXIS2_PLACEMENT_3D('',#9839,#8027,#8028);
#6388=AXIS2_PLACEMENT_3D('',#9840,#8029,#8030);
#6389=AXIS2_PLACEMENT_3D('',#9841,#8031,#8032);
#6390=AXIS2_PLACEMENT_3D('',#9845,#8034,#8035);
#6391=AXIS2_PLACEMENT_3D('',#9847,#8037,#8038);
#6392=AXIS2_PLACEMENT_3D('',#9851,#8041,#8042);
#6393=AXIS2_PLACEMENT_3D('',#9854,#8044,#8045);
#6394=AXIS2_PLACEMENT_3D('',#9855,#8046,#8047);
#6395=AXIS2_PLACEMENT_3D('',#9858,#8049,#8050);
#6396=AXIS2_PLACEMENT_3D('',#9859,#8051,#8052);
#6397=AXIS2_PLACEMENT_3D('',#9862,#8054,#8055);
#6398=AXIS2_PLACEMENT_3D('',#9863,#8056,#8057);
#6399=AXIS2_PLACEMENT_3D('',#9867,#8060,#8061);
#6400=AXIS2_PLACEMENT_3D('',#9870,#8063,#8064);
#6401=AXIS2_PLACEMENT_3D('',#9871,#8065,#8066);
#6402=AXIS2_PLACEMENT_3D('',#9872,#8067,#8068);
#6403=AXIS2_PLACEMENT_3D('',#9873,#8069,#8070);
#6404=AXIS2_PLACEMENT_3D('',#9877,#8072,#8073);
#6405=AXIS2_PLACEMENT_3D('',#9879,#8075,#8076);
#6406=AXIS2_PLACEMENT_3D('',#9883,#8079,#8080);
#6407=AXIS2_PLACEMENT_3D('',#9886,#8082,#8083);
#6408=AXIS2_PLACEMENT_3D('',#9887,#8084,#8085);
#6409=AXIS2_PLACEMENT_3D('',#9890,#8087,#8088);
#6410=AXIS2_PLACEMENT_3D('',#9891,#8089,#8090);
#6411=AXIS2_PLACEMENT_3D('',#9894,#8092,#8093);
#6412=AXIS2_PLACEMENT_3D('',#9895,#8094,#8095);
#6413=AXIS2_PLACEMENT_3D('',#9899,#8098,#8099);
#6414=AXIS2_PLACEMENT_3D('',#9902,#8101,#8102);
#6415=AXIS2_PLACEMENT_3D('',#9903,#8103,#8104);
#6416=AXIS2_PLACEMENT_3D('',#9904,#8105,#8106);
#6417=AXIS2_PLACEMENT_3D('',#9905,#8107,#8108);
#6418=AXIS2_PLACEMENT_3D('',#9909,#8110,#8111);
#6419=AXIS2_PLACEMENT_3D('',#9911,#8113,#8114);
#6420=AXIS2_PLACEMENT_3D('',#9915,#8117,#8118);
#6421=AXIS2_PLACEMENT_3D('',#9918,#8120,#8121);
#6422=AXIS2_PLACEMENT_3D('',#9919,#8122,#8123);
#6423=AXIS2_PLACEMENT_3D('',#9922,#8125,#8126);
#6424=AXIS2_PLACEMENT_3D('',#9923,#8127,#8128);
#6425=AXIS2_PLACEMENT_3D('',#9926,#8130,#8131);
#6426=AXIS2_PLACEMENT_3D('',#9927,#8132,#8133);
#6427=AXIS2_PLACEMENT_3D('',#9931,#8136,#8137);
#6428=AXIS2_PLACEMENT_3D('',#9934,#8139,#8140);
#6429=AXIS2_PLACEMENT_3D('',#9935,#8141,#8142);
#6430=AXIS2_PLACEMENT_3D('',#9936,#8143,#8144);
#6431=AXIS2_PLACEMENT_3D('',#9937,#8145,#8146);
#6432=AXIS2_PLACEMENT_3D('',#9939,#8147,#8148);
#6433=AXIS2_PLACEMENT_3D('',#9941,#8150,#8151);
#6434=AXIS2_PLACEMENT_3D('',#9943,#8152,#8153);
#6435=AXIS2_PLACEMENT_3D('',#9944,#8154,#8155);
#6436=AXIS2_PLACEMENT_3D('',#9946,#8156,#8157);
#6437=AXIS2_PLACEMENT_3D('',#9948,#8159,#8160);
#6438=AXIS2_PLACEMENT_3D('',#9950,#8161,#8162);
#6439=AXIS2_PLACEMENT_3D('',#9951,#8163,#8164);
#6440=AXIS2_PLACEMENT_3D('',#9953,#8165,#8166);
#6441=AXIS2_PLACEMENT_3D('',#9955,#8168,#8169);
#6442=AXIS2_PLACEMENT_3D('',#9957,#8170,#8171);
#6443=AXIS2_PLACEMENT_3D('',#9958,#8172,#8173);
#6444=AXIS2_PLACEMENT_3D('',#9960,#8174,#8175);
#6445=AXIS2_PLACEMENT_3D('',#9962,#8177,#8178);
#6446=AXIS2_PLACEMENT_3D('',#9964,#8179,#8180);
#6447=AXIS2_PLACEMENT_3D('',#9965,#8181,#8182);
#6448=AXIS2_PLACEMENT_3D('',#9967,#8183,#8184);
#6449=AXIS2_PLACEMENT_3D('',#9969,#8186,#8187);
#6450=AXIS2_PLACEMENT_3D('',#9971,#8188,#8189);
#6451=AXIS2_PLACEMENT_3D('',#9972,#8190,#8191);
#6452=AXIS2_PLACEMENT_3D('',#9973,#8192,#8193);
#6453=AXIS2_PLACEMENT_3D('',#9974,#8194,#8195);
#6454=AXIS2_PLACEMENT_3D('',#9975,#8196,#8197);
#6455=AXIS2_PLACEMENT_3D('',#9976,#8198,#8199);
#6456=AXIS2_PLACEMENT_3D('',#9977,#8200,#8201);
#6457=AXIS2_PLACEMENT_3D('',#9978,#8202,#8203);
#6458=AXIS2_PLACEMENT_3D('',#9979,#8204,#8205);
#6459=AXIS2_PLACEMENT_3D('',#9980,#8206,#8207);
#6460=AXIS2_PLACEMENT_3D('',#9981,#8208,#8209);
#6461=AXIS2_PLACEMENT_3D('',#9982,#8210,#8211);
#6462=AXIS2_PLACEMENT_3D('',#9983,#8212,#8213);
#6463=AXIS2_PLACEMENT_3D('',#9984,#8214,#8215);
#6464=AXIS2_PLACEMENT_3D('',#9985,#8216,#8217);
#6465=AXIS2_PLACEMENT_3D('',#9986,#8218,#8219);
#6466=AXIS2_PLACEMENT_3D('',#9987,#8220,#8221);
#6467=AXIS2_PLACEMENT_3D('',#9988,#8222,#8223);
#6468=AXIS2_PLACEMENT_3D('',#9989,#8224,#8225);
#6469=AXIS2_PLACEMENT_3D('',#9992,#8227,#8228);
#6470=AXIS2_PLACEMENT_3D('',#9993,#8229,#8230);
#6471=AXIS2_PLACEMENT_3D('',#9995,#8231,#8232);
#6472=AXIS2_PLACEMENT_3D('',#9996,#8233,#8234);
#6473=AXIS2_PLACEMENT_3D('',#9999,#8236,#8237);
#6474=AXIS2_PLACEMENT_3D('',#10000,#8238,#8239);
#6475=AXIS2_PLACEMENT_3D('',#10002,#8240,#8241);
#6476=AXIS2_PLACEMENT_3D('',#10003,#8242,#8243);
#6477=AXIS2_PLACEMENT_3D('',#10006,#8245,#8246);
#6478=AXIS2_PLACEMENT_3D('',#10007,#8247,#8248);
#6479=AXIS2_PLACEMENT_3D('',#10009,#8249,#8250);
#6480=AXIS2_PLACEMENT_3D('',#10010,#8251,#8252);
#6481=AXIS2_PLACEMENT_3D('',#10013,#8254,#8255);
#6482=AXIS2_PLACEMENT_3D('',#10014,#8256,#8257);
#6483=AXIS2_PLACEMENT_3D('',#10016,#8258,#8259);
#6484=AXIS2_PLACEMENT_3D('',#10017,#8260,#8261);
#6485=AXIS2_PLACEMENT_3D('',#10020,#8263,#8264);
#6486=AXIS2_PLACEMENT_3D('',#10021,#8265,#8266);
#6487=AXIS2_PLACEMENT_3D('',#10023,#8267,#8268);
#6488=AXIS2_PLACEMENT_3D('',#10024,#8269,#8270);
#6489=AXIS2_PLACEMENT_3D('',#10026,#8272,#8273);
#6490=AXIS2_PLACEMENT_3D('',#10028,#8275,#8276);
#6491=AXIS2_PLACEMENT_3D('',#10030,#8278,#8279);
#6492=AXIS2_PLACEMENT_3D('',#10032,#8281,#8282);
#6493=AXIS2_PLACEMENT_3D('',#10034,#8284,#8285);
#6494=AXIS2_PLACEMENT_3D('',#10036,#8286,#8287);
#6495=AXIS2_PLACEMENT_3D('',#10039,#8289,#8290);
#6496=AXIS2_PLACEMENT_3D('',#10040,#8291,#8292);
#6497=AXIS2_PLACEMENT_3D('',#10042,#8293,#8294);
#6498=AXIS2_PLACEMENT_3D('',#10043,#8295,#8296);
#6499=AXIS2_PLACEMENT_3D('',#10045,#8297,#8298);
#6500=AXIS2_PLACEMENT_3D('',#10046,#8299,#8300);
#6501=AXIS2_PLACEMENT_3D('',#10048,#8302,#8303);
#6502=AXIS2_PLACEMENT_3D('',#10050,#8305,#8306);
#6503=AXIS2_PLACEMENT_3D('',#10051,#8307,#8308);
#6504=AXIS2_PLACEMENT_3D('',#10052,#8309,#8310);
#6505=AXIS2_PLACEMENT_3D('',#10053,#8311,#8312);
#6506=AXIS2_PLACEMENT_3D('',#10054,#8313,#8314);
#6507=AXIS2_PLACEMENT_3D('',#10055,#8315,#8316);
#6508=AXIS2_PLACEMENT_3D('',#10057,#8317,#8318);
#6509=AXIS2_PLACEMENT_3D('',#10060,#8320,#8321);
#6510=AXIS2_PLACEMENT_3D('',#10061,#8322,#8323);
#6511=AXIS2_PLACEMENT_3D('',#10068,#8326,#8327);
#6512=AXIS2_PLACEMENT_3D('',#10072,#8329,#8330);
#6513=AXIS2_PLACEMENT_3D('',#10075,#8332,#8333);
#6514=AXIS2_PLACEMENT_3D('',#10076,#8334,#8335);
#6515=AXIS2_PLACEMENT_3D('',#10080,#8337,#8338);
#6516=AXIS2_PLACEMENT_3D('',#10082,#8340,#8341);
#6517=AXIS2_PLACEMENT_3D('',#10086,#8344,#8345);
#6518=AXIS2_PLACEMENT_3D('',#10094,#8350,#8351);
#6519=AXIS2_PLACEMENT_3D('',#10096,#8352,#8353);
#6520=AXIS2_PLACEMENT_3D('',#10112,#8362,#8363);
#6521=AXIS2_PLACEMENT_3D('',#10117,#8365,#8366);
#6522=AXIS2_PLACEMENT_3D('',#10120,#8368,#8369);
#6523=AXIS2_PLACEMENT_3D('',#10121,#8370,#8371);
#6524=AXIS2_PLACEMENT_3D('',#10127,#8375,#8376);
#6525=AXIS2_PLACEMENT_3D('',#10133,#8380,#8381);
#6526=AXIS2_PLACEMENT_3D('',#10137,#8383,#8384);
#6527=AXIS2_PLACEMENT_3D('',#10138,#8385,#8386);
#6528=AXIS2_PLACEMENT_3D('',#10139,#8387,#8388);
#6529=AXIS2_PLACEMENT_3D('',#10141,#8389,#8390);
#6530=AXIS2_PLACEMENT_3D('',#10144,#8392,#8393);
#6531=AXIS2_PLACEMENT_3D('',#10145,#8394,#8395);
#6532=AXIS2_PLACEMENT_3D('',#10150,#8399,#8400);
#6533=AXIS2_PLACEMENT_3D('',#10153,#8403,#8404);
#6534=AXIS2_PLACEMENT_3D('',#10155,#8406,#8407);
#6535=AXIS2_PLACEMENT_3D('',#10157,#8409,#8410);
#6536=AXIS2_PLACEMENT_3D('',#10161,#8414,#8415);
#6537=AXIS2_PLACEMENT_3D('',#10165,#8417,#8418);
#6538=AXIS2_PLACEMENT_3D('',#10167,#8420,#8421);
#6539=AXIS2_PLACEMENT_3D('',#10168,#8422,#8423);
#6540=AXIS2_PLACEMENT_3D('',#10170,#8424,#8425);
#6541=AXIS2_PLACEMENT_3D('',#10172,#8426,#8427);
#6542=AXIS2_PLACEMENT_3D('',#10173,#8428,#8429);
#6543=AXIS2_PLACEMENT_3D('',#10175,#8430,#8431);
#6544=AXIS2_PLACEMENT_3D('',#10177,#8433,#8434);
#6545=AXIS2_PLACEMENT_3D('',#10178,#8435,#8436);
#6546=AXIS2_PLACEMENT_3D('',#10179,#8437,#8438);
#6547=AXIS2_PLACEMENT_3D('',#10183,#8440,#8441);
#6548=AXIS2_PLACEMENT_3D('',#10184,#8442,#8443);
#6549=AXIS2_PLACEMENT_3D('',#10185,#8444,#8445);
#6550=AXIS2_PLACEMENT_3D('',#10187,#8446,#8447);
#6551=AXIS2_PLACEMENT_3D('',#10188,#8448,#8449);
#6552=AXIS2_PLACEMENT_3D('',#10189,#8450,#8451);
#6553=AXIS2_PLACEMENT_3D('',#10193,#8453,#8454);
#6554=AXIS2_PLACEMENT_3D('',#10194,#8455,#8456);
#6555=AXIS2_PLACEMENT_3D('',#10195,#8457,#8458);
#6556=AXIS2_PLACEMENT_3D('',#10197,#8459,#8460);
#6557=AXIS2_PLACEMENT_3D('',#10198,#8461,#8462);
#6558=AXIS2_PLACEMENT_3D('',#10199,#8463,#8464);
#6559=AXIS2_PLACEMENT_3D('',#10203,#8467,#8468);
#6560=AXIS2_PLACEMENT_3D('',#10205,#8470,#8471);
#6561=AXIS2_PLACEMENT_3D('',#10207,#8473,#8474);
#6562=AXIS2_PLACEMENT_3D('',#10208,#8475,#8476);
#6563=AXIS2_PLACEMENT_3D('',#10209,#8477,#8478);
#6564=DIRECTION('axis',(0.,0.,1.));
#6565=DIRECTION('refdir',(1.,0.,0.));
#6566=DIRECTION('axis',(0.,0.,1.));
#6567=DIRECTION('refdir',(1.,0.,0.));
#6568=DIRECTION('axis',(0.,0.,1.));
#6569=DIRECTION('refdir',(1.,0.,0.));
#6570=DIRECTION('axis',(0.,0.,1.));
#6571=DIRECTION('refdir',(1.,0.,0.));
#6572=DIRECTION('',(-2.22044604925093E-16,0.999999999999998,3.43648720591005E-14));
#6573=DIRECTION('',(-2.40363284831347E-14,-3.4337116483485E-14,1.));
#6574=DIRECTION('center_axis',(1.,-1.4496318805794E-28,-1.1842378929335E-14));
#6575=DIRECTION('ref_axis',(8.88178419700129E-15,-0.633333333333328,0.773879117749597));
#6576=DIRECTION('center_axis',(1.,-5.07176325767709E-28,-4.28272333450987E-14));
#6577=DIRECTION('ref_axis',(8.88178419700129E-15,-0.633333333333328,0.773879117749597));
#6578=DIRECTION('',(1.,-1.4496318805794E-28,-1.1842378929335E-14));
#6579=DIRECTION('',(1.,-1.4496318805794E-28,-1.1842378929335E-14));
#6580=DIRECTION('center_axis',(0.,1.,-1.1842378929335E-14));
#6581=DIRECTION('ref_axis',(-1.,-3.45417577936039E-24,-2.91679214114994E-10));
#6582=DIRECTION('center_axis',(8.24176851650331E-30,-1.,1.29370084751246E-14));
#6583=DIRECTION('ref_axis',(-1.,-3.45417577936039E-24,-2.91679214114994E-10));
#6584=DIRECTION('',(0.,-1.,1.3664283380002E-14));
#6585=DIRECTION('center_axis',(6.57384087557296E-28,-1.,8.72147549728093E-28));
#6586=DIRECTION('ref_axis',(-1.,0.,-2.91679214114994E-10));
#6587=DIRECTION('',(0.,1.,-1.1842378929335E-14));
#6588=DIRECTION('center_axis',(8.24176851650331E-30,-1.,1.29370084751246E-14));
#6589=DIRECTION('ref_axis',(1.,8.24176851650331E-30,0.));
#6590=DIRECTION('',(4.28272333450987E-14,1.29370084751246E-14,1.));
#6591=DIRECTION('',(-1.,-2.43572973962881E-29,-1.24569207098935E-15));
#6592=DIRECTION('',(1.95702740132331E-6,-1.29370084750998E-14,-0.999999999998085));
#6593=DIRECTION('',(1.95702740132331E-6,-1.29370084750998E-14,-0.999999999998085));
#6594=DIRECTION('center_axis',(-8.24176851650331E-30,1.,-1.29370084751246E-14));
#6595=DIRECTION('ref_axis',(1.,-2.36658271566303E-29,-1.97372982155579E-15));
#6596=DIRECTION('',(1.,8.24176851650331E-30,4.97427267440896E-43));
#6597=DIRECTION('center_axis',(8.24176851650331E-30,-1.,1.29370084751246E-14));
#6598=DIRECTION('ref_axis',(1.,0.,-4.37966445029601E-58));
#6599=DIRECTION('center_axis',(0.999999999634786,-2.83812757313594E-6,2.68769915134805E-5));
#6600=DIRECTION('ref_axis',(-2.10118148340399E-5,-0.707104592022091,0.707108970032042));
#6601=DIRECTION('center_axis',(1.,-5.07176325767709E-28,-4.28272333450987E-14));
#6602=DIRECTION('ref_axis',(3.02835216172227E-14,-0.707104591925633,0.707108970440684));
#6603=DIRECTION('',(-0.999999999634786,2.83812757313594E-6,-2.68769915134805E-5));
#6604=DIRECTION('center_axis',(-0.999999999634786,2.83812757313594E-6,-2.68769915134805E-5));
#6605=DIRECTION('ref_axis',(-2.83821078159154E-6,-0.99999999999118,3.09586153054638E-6));
#6606=DIRECTION('',(0.999999999634786,-2.83812757313594E-6,2.68769915134805E-5));
#6607=DIRECTION('center_axis',(-2.68769827267969E-5,3.09593781198294E-6,
0.999999999634022));
#6608=DIRECTION('ref_axis',(2.83821078159321E-6,0.99999999999118,-3.0958615305465E-6));
#6609=DIRECTION('',(1.32590450636421E-19,-0.999999999995208,3.09593781310115E-6));
#6610=DIRECTION('',(0.999999999634786,-2.83812757313594E-6,2.68769915134805E-5));
#6611=DIRECTION('',(2.83821078159321E-6,0.99999999999118,-3.09586153054638E-6));
#6612=DIRECTION('center_axis',(-0.999999999634786,2.83812757313594E-6,-2.68769915134805E-5));
#6613=DIRECTION('ref_axis',(-1.69979786538478E-5,0.707108970338982,0.70710459182303));
#6614=DIRECTION('center_axis',(1.,-5.07176325767709E-28,-4.28272333450987E-14));
#6615=DIRECTION('ref_axis',(-3.02835216172227E-14,0.707104591925182,-0.707108970441135));
#6616=DIRECTION('',(-0.999999999634786,2.83812757313594E-6,-2.68769915134805E-5));
#6617=DIRECTION('center_axis',(0.999999999634786,-2.83812757313594E-6,2.68769915134805E-5));
#6618=DIRECTION('ref_axis',(2.83821078159154E-6,0.99999999999118,-3.09586153054638E-6));
#6619=DIRECTION('center_axis',(2.83821078159321E-6,0.99999999999118,-3.09586153054638E-6));
#6620=DIRECTION('ref_axis',(2.68769827267969E-5,-3.09593781198281E-6,-0.999999999634022));
#6621=DIRECTION('',(4.28272333448935E-14,3.09586153055872E-6,0.999999999995208));
#6622=DIRECTION('',(0.999999999634786,-2.83812757313594E-6,2.68769915134805E-5));
#6623=DIRECTION('center_axis',(-2.83821078159321E-6,-0.99999999999118,3.09586153054638E-6));
#6624=DIRECTION('ref_axis',(-0.999999999634786,2.8381275731376E-6,-2.68769915135404E-5));
#6625=DIRECTION('',(-0.999999999634786,2.83812757313594E-6,-2.68769915134805E-5));
#6626=DIRECTION('center_axis',(2.83821078159321E-6,0.99999999999118,-3.09586153054638E-6));
#6627=DIRECTION('ref_axis',(-0.917673614977142,3.83464542226804E-6,0.397335042955035));
#6628=DIRECTION('center_axis',(2.83821078159321E-6,0.99999999999118,-3.09586153054638E-6));
#6629=DIRECTION('ref_axis',(0.628518456505182,6.24076740130941E-7,0.777794670740263));
#6630=DIRECTION('center_axis',(2.83821078159321E-6,0.99999999999118,-3.09586153054638E-6));
#6631=DIRECTION('ref_axis',(-0.917652255317097,1.37424353780862E-6,-0.397384370993068));
#6632=DIRECTION('',(0.999999999634786,-2.83812757313594E-6,2.68769915134805E-5));
#6633=DIRECTION('center_axis',(2.83821078159321E-6,0.99999999999118,-3.09586153054638E-6));
#6634=DIRECTION('ref_axis',(0.917673614977142,-3.83464542226804E-6,-0.397335042955035));
#6635=DIRECTION('center_axis',(2.83821078159321E-6,0.99999999999118,-3.09586153054638E-6));
#6636=DIRECTION('ref_axis',(-0.628518456505182,-6.24076740130941E-7,-0.777794670740263));
#6637=DIRECTION('center_axis',(2.83821078159321E-6,0.99999999999118,-3.09586153054638E-6));
#6638=DIRECTION('ref_axis',(0.917652255317097,-1.37424353780862E-6,0.397384370993068));
#6639=DIRECTION('',(-0.999999999634786,2.83812757313594E-6,-2.68769915134805E-5));
#6640=DIRECTION('center_axis',(2.83821078159321E-6,0.99999999999118,-3.09586153054638E-6));
#6641=DIRECTION('ref_axis',(-0.917673614977142,3.83464542226804E-6,0.397335042955035));
#6642=DIRECTION('center_axis',(2.83821078159321E-6,0.99999999999118,-3.09586153054638E-6));
#6643=DIRECTION('ref_axis',(0.628518456505182,6.24076740130941E-7,0.777794670740263));
#6644=DIRECTION('center_axis',(2.83821078159321E-6,0.99999999999118,-3.09586153054638E-6));
#6645=DIRECTION('ref_axis',(-0.917652255317097,1.37424353780862E-6,-0.397384370993068));
#6646=DIRECTION('',(0.999999999634786,-2.83812757313594E-6,2.68769915134805E-5));
#6647=DIRECTION('center_axis',(2.83821078159321E-6,0.99999999999118,-3.09586153054638E-6));
#6648=DIRECTION('ref_axis',(0.917673614977142,-3.83464542226804E-6,-0.397335042955035));
#6649=DIRECTION('center_axis',(2.83821078159321E-6,0.99999999999118,-3.09586153054638E-6));
#6650=DIRECTION('ref_axis',(-0.628518456505182,-6.24076740130941E-7,-0.777794670740263));
#6651=DIRECTION('center_axis',(2.83821078159321E-6,0.99999999999118,-3.09586153054638E-6));
#6652=DIRECTION('ref_axis',(0.917652255317097,-1.37424353780862E-6,0.397384370993068));
#6653=DIRECTION('',(-0.999999999634786,2.83812757313594E-6,-2.68769915134805E-5));
#6654=DIRECTION('center_axis',(2.83821078159321E-6,0.99999999999118,-3.09586153054638E-6));
#6655=DIRECTION('ref_axis',(-0.917673614977142,3.83464542226804E-6,0.397335042955035));
#6656=DIRECTION('center_axis',(2.83821078159321E-6,0.99999999999118,-3.09586153054638E-6));
#6657=DIRECTION('ref_axis',(0.628518456505182,6.24076740130941E-7,0.777794670740263));
#6658=DIRECTION('center_axis',(2.83821078159321E-6,0.99999999999118,-3.09586153054638E-6));
#6659=DIRECTION('ref_axis',(-0.917652255317097,1.37424353780862E-6,-0.397384370993068));
#6660=DIRECTION('',(0.999999999634786,-2.83812757313594E-6,2.68769915134805E-5));
#6661=DIRECTION('center_axis',(2.83821078159321E-6,0.99999999999118,-3.09586153054638E-6));
#6662=DIRECTION('ref_axis',(0.917673614977142,-3.83464542226804E-6,-0.397335042955035));
#6663=DIRECTION('center_axis',(2.83821078159321E-6,0.99999999999118,-3.09586153054638E-6));
#6664=DIRECTION('ref_axis',(-0.628518456505182,-6.24076740130941E-7,-0.777794670740263));
#6665=DIRECTION('center_axis',(2.83821078159321E-6,0.99999999999118,-3.09586153054638E-6));
#6666=DIRECTION('ref_axis',(0.917652255317097,-1.37424353780862E-6,0.397384370993068));
#6667=DIRECTION('',(-0.999999999634786,2.83812757313594E-6,-2.68769915134805E-5));
#6668=DIRECTION('center_axis',(2.83821078159321E-6,0.99999999999118,-3.09586153054638E-6));
#6669=DIRECTION('ref_axis',(-0.917673614977142,3.83464542226804E-6,0.397335042955035));
#6670=DIRECTION('center_axis',(2.83821078159321E-6,0.99999999999118,-3.09586153054638E-6));
#6671=DIRECTION('ref_axis',(0.628518456505182,6.24076740130941E-7,0.777794670740263));
#6672=DIRECTION('center_axis',(2.83821078159321E-6,0.99999999999118,-3.09586153054638E-6));
#6673=DIRECTION('ref_axis',(-0.917652255317097,1.37424353780862E-6,-0.397384370993068));
#6674=DIRECTION('',(0.999999999634786,-2.83812757313594E-6,2.68769915134805E-5));
#6675=DIRECTION('center_axis',(2.83821078159321E-6,0.99999999999118,-3.09586153054638E-6));
#6676=DIRECTION('ref_axis',(0.917673614977142,-3.83464542226804E-6,-0.397335042955035));
#6677=DIRECTION('center_axis',(2.83821078159321E-6,0.99999999999118,-3.09586153054638E-6));
#6678=DIRECTION('ref_axis',(-0.628518456505182,-6.24076740130941E-7,-0.777794670740263));
#6679=DIRECTION('center_axis',(2.83821078159321E-6,0.99999999999118,-3.09586153054638E-6));
#6680=DIRECTION('ref_axis',(0.917652255317097,-1.37424353780862E-6,0.397384370993068));
#6681=DIRECTION('',(-0.999999999634786,2.83812757313594E-6,-2.68769915134805E-5));
#6682=DIRECTION('center_axis',(2.83821078159321E-6,0.99999999999118,-3.09586153054638E-6));
#6683=DIRECTION('ref_axis',(-0.917673614977142,3.83464542226804E-6,0.397335042955035));
#6684=DIRECTION('center_axis',(2.83821078159321E-6,0.99999999999118,-3.09586153054638E-6));
#6685=DIRECTION('ref_axis',(0.628518456505182,6.24076740130941E-7,0.777794670740263));
#6686=DIRECTION('center_axis',(2.83821078159321E-6,0.99999999999118,-3.09586153054638E-6));
#6687=DIRECTION('ref_axis',(-0.917652255317097,1.37424353780862E-6,-0.397384370993068));
#6688=DIRECTION('',(0.999999999634786,-2.83812757313594E-6,2.68769915134805E-5));
#6689=DIRECTION('center_axis',(2.83821078159321E-6,0.99999999999118,-3.09586153054638E-6));
#6690=DIRECTION('ref_axis',(0.917673614977142,-3.83464542226804E-6,-0.397335042955035));
#6691=DIRECTION('center_axis',(2.83821078159321E-6,0.99999999999118,-3.09586153054638E-6));
#6692=DIRECTION('ref_axis',(-0.628518456505182,-6.24076740130941E-7,-0.777794670740263));
#6693=DIRECTION('center_axis',(2.83821078159321E-6,0.99999999999118,-3.09586153054638E-6));
#6694=DIRECTION('ref_axis',(0.917652255317097,-1.37424353780862E-6,0.397384370993068));
#6695=DIRECTION('',(-0.999999999634786,2.83812757313594E-6,-2.68769915134805E-5));
#6696=DIRECTION('center_axis',(2.83821078159321E-6,0.99999999999118,-3.09586153054638E-6));
#6697=DIRECTION('ref_axis',(-0.917673614977142,3.83464542226804E-6,0.397335042955035));
#6698=DIRECTION('center_axis',(2.83821078159321E-6,0.99999999999118,-3.09586153054638E-6));
#6699=DIRECTION('ref_axis',(0.628518456505182,6.24076740130941E-7,0.777794670740263));
#6700=DIRECTION('center_axis',(2.83821078159321E-6,0.99999999999118,-3.09586153054638E-6));
#6701=DIRECTION('ref_axis',(-0.917652255317097,1.37424353780862E-6,-0.397384370993068));
#6702=DIRECTION('',(0.999999999634786,-2.83812757313594E-6,2.68769915134805E-5));
#6703=DIRECTION('center_axis',(2.83821078159321E-6,0.99999999999118,-3.09586153054638E-6));
#6704=DIRECTION('ref_axis',(0.917673614977142,-3.83464542226804E-6,-0.397335042955035));
#6705=DIRECTION('center_axis',(2.83821078159321E-6,0.99999999999118,-3.09586153054638E-6));
#6706=DIRECTION('ref_axis',(-0.628518456505182,-6.24076740130941E-7,-0.777794670740263));
#6707=DIRECTION('center_axis',(2.83821078159321E-6,0.99999999999118,-3.09586153054638E-6));
#6708=DIRECTION('ref_axis',(0.917652255317097,-1.37424353780862E-6,0.397384370993068));
#6709=DIRECTION('center_axis',(-2.83821078159321E-6,-0.99999999999118,3.09586153054638E-6));
#6710=DIRECTION('ref_axis',(-2.68769827267969E-5,3.09593781198281E-6,0.999999999634021));
#6711=DIRECTION('center_axis',(-2.83821078159321E-6,-0.99999999999118,3.09586153054638E-6));
#6712=DIRECTION('ref_axis',(-2.68769827267969E-5,3.09593781198281E-6,0.999999999634021));
#6713=DIRECTION('center_axis',(-2.83821078159321E-6,-0.99999999999118,3.09586153054638E-6));
#6714=DIRECTION('ref_axis',(-2.68769827267969E-5,3.09593781198281E-6,0.999999999634021));
#6715=DIRECTION('center_axis',(-2.83821078159321E-6,-0.99999999999118,3.09586153054638E-6));
#6716=DIRECTION('ref_axis',(-2.68769827267969E-5,3.09593781198281E-6,0.999999999634021));
#6717=DIRECTION('center_axis',(-2.83821078159321E-6,-0.99999999999118,3.09586153054638E-6));
#6718=DIRECTION('ref_axis',(-2.68769827267969E-5,3.09593781198281E-6,0.999999999634021));
#6719=DIRECTION('center_axis',(-2.83821078159321E-6,-0.99999999999118,3.09586153054638E-6));
#6720=DIRECTION('ref_axis',(-2.68769827267969E-5,3.09593781198281E-6,0.999999999634021));
#6721=DIRECTION('center_axis',(2.83821078159321E-6,0.99999999999118,-3.09586153054638E-6));
#6722=DIRECTION('ref_axis',(2.68769827267969E-5,-3.09593781198281E-6,-0.999999999634022));
#6723=DIRECTION('',(-4.28272333448935E-14,-3.09586153055872E-6,-0.999999999995208));
#6724=DIRECTION('center_axis',(2.83821078159321E-6,0.99999999999118,-3.09586153054638E-6));
#6725=DIRECTION('ref_axis',(-0.999999999634786,2.8381275731376E-6,-2.68769915135404E-5));
#6726=DIRECTION('',(-0.999999999634786,2.83812757313594E-6,-2.68769915134805E-5));
#6727=DIRECTION('center_axis',(2.83821078159321E-6,0.99999999999118,-3.09586153054638E-6));
#6728=DIRECTION('ref_axis',(-2.68769827267969E-5,3.09593781198281E-6,0.999999999634021));
#6729=DIRECTION('',(0.999999999634786,-2.83812757313594E-6,2.68769915134805E-5));
#6730=DIRECTION('center_axis',(-2.83821078159321E-6,-0.99999999999118,3.09586153054638E-6));
#6731=DIRECTION('ref_axis',(0.917652255317097,-1.37424353780862E-6,0.397384370993068));
#6732=DIRECTION('center_axis',(-2.83821078159321E-6,-0.99999999999118,3.09586153054638E-6));
#6733=DIRECTION('ref_axis',(-0.628518456505182,-6.24076740130941E-7,-0.777794670740263));
#6734=DIRECTION('center_axis',(-2.83821078159321E-6,-0.99999999999118,3.09586153054638E-6));
#6735=DIRECTION('ref_axis',(0.917673614977142,-3.83464542226804E-6,-0.397335042955035));
#6736=DIRECTION('',(-0.999999999634786,2.83812757313594E-6,-2.68769915134805E-5));
#6737=DIRECTION('center_axis',(-2.83821078159321E-6,-0.99999999999118,3.09586153054638E-6));
#6738=DIRECTION('ref_axis',(-0.917652255317097,1.37424353780862E-6,-0.397384370993068));
#6739=DIRECTION('center_axis',(-2.83821078159321E-6,-0.99999999999118,3.09586153054638E-6));
#6740=DIRECTION('ref_axis',(0.628518456505182,6.24076740130941E-7,0.777794670740263));
#6741=DIRECTION('center_axis',(-2.83821078159321E-6,-0.99999999999118,3.09586153054638E-6));
#6742=DIRECTION('ref_axis',(-0.917673614977142,3.83464542226804E-6,0.397335042955035));
#6743=DIRECTION('',(0.999999999634786,-2.83812757313594E-6,2.68769915134805E-5));
#6744=DIRECTION('center_axis',(-2.83821078159321E-6,-0.99999999999118,3.09586153054638E-6));
#6745=DIRECTION('ref_axis',(0.917652255317097,-1.37424353780862E-6,0.397384370993068));
#6746=DIRECTION('center_axis',(-2.83821078159321E-6,-0.99999999999118,3.09586153054638E-6));
#6747=DIRECTION('ref_axis',(-0.628518456505182,-6.24076740130941E-7,-0.777794670740263));
#6748=DIRECTION('center_axis',(-2.83821078159321E-6,-0.99999999999118,3.09586153054638E-6));
#6749=DIRECTION('ref_axis',(0.917673614977142,-3.83464542226804E-6,-0.397335042955035));
#6750=DIRECTION('',(-0.999999999634786,2.83812757313594E-6,-2.68769915134805E-5));
#6751=DIRECTION('center_axis',(-2.83821078159321E-6,-0.99999999999118,3.09586153054638E-6));
#6752=DIRECTION('ref_axis',(-0.917652255317097,1.37424353780862E-6,-0.397384370993068));
#6753=DIRECTION('center_axis',(-2.83821078159321E-6,-0.99999999999118,3.09586153054638E-6));
#6754=DIRECTION('ref_axis',(0.628518456505182,6.24076740130941E-7,0.777794670740263));
#6755=DIRECTION('center_axis',(-2.83821078159321E-6,-0.99999999999118,3.09586153054638E-6));
#6756=DIRECTION('ref_axis',(-0.917673614977142,3.83464542226804E-6,0.397335042955035));
#6757=DIRECTION('',(0.999999999634786,-2.83812757313594E-6,2.68769915134805E-5));
#6758=DIRECTION('center_axis',(-2.83821078159321E-6,-0.99999999999118,3.09586153054638E-6));
#6759=DIRECTION('ref_axis',(0.917652255317097,-1.37424353780862E-6,0.397384370993068));
#6760=DIRECTION('center_axis',(-2.83821078159321E-6,-0.99999999999118,3.09586153054638E-6));
#6761=DIRECTION('ref_axis',(-0.628518456505182,-6.24076740130941E-7,-0.777794670740263));
#6762=DIRECTION('center_axis',(-2.83821078159321E-6,-0.99999999999118,3.09586153054638E-6));
#6763=DIRECTION('ref_axis',(0.917673614977142,-3.83464542226804E-6,-0.397335042955035));
#6764=DIRECTION('',(-0.999999999634786,2.83812757313594E-6,-2.68769915134805E-5));
#6765=DIRECTION('center_axis',(-2.83821078159321E-6,-0.99999999999118,3.09586153054638E-6));
#6766=DIRECTION('ref_axis',(-0.917652255317097,1.37424353780862E-6,-0.397384370993068));
#6767=DIRECTION('center_axis',(-2.83821078159321E-6,-0.99999999999118,3.09586153054638E-6));
#6768=DIRECTION('ref_axis',(0.628518456505182,6.24076740130941E-7,0.777794670740263));
#6769=DIRECTION('center_axis',(-2.83821078159321E-6,-0.99999999999118,3.09586153054638E-6));
#6770=DIRECTION('ref_axis',(-0.917673614977142,3.83464542226804E-6,0.397335042955035));
#6771=DIRECTION('',(0.999999999634786,-2.83812757313594E-6,2.68769915134805E-5));
#6772=DIRECTION('center_axis',(-2.83821078159321E-6,-0.99999999999118,3.09586153054638E-6));
#6773=DIRECTION('ref_axis',(0.917652255317097,-1.37424353780862E-6,0.397384370993068));
#6774=DIRECTION('center_axis',(-2.83821078159321E-6,-0.99999999999118,3.09586153054638E-6));
#6775=DIRECTION('ref_axis',(-0.628518456505182,-6.24076740130941E-7,-0.777794670740263));
#6776=DIRECTION('center_axis',(-2.83821078159321E-6,-0.99999999999118,3.09586153054638E-6));
#6777=DIRECTION('ref_axis',(0.917673614977142,-3.83464542226804E-6,-0.397335042955035));
#6778=DIRECTION('',(-0.999999999634786,2.83812757313594E-6,-2.68769915134805E-5));
#6779=DIRECTION('center_axis',(-2.83821078159321E-6,-0.99999999999118,3.09586153054638E-6));
#6780=DIRECTION('ref_axis',(-0.917652255317097,1.37424353780862E-6,-0.397384370993068));
#6781=DIRECTION('center_axis',(-2.83821078159321E-6,-0.99999999999118,3.09586153054638E-6));
#6782=DIRECTION('ref_axis',(0.628518456505182,6.24076740130941E-7,0.777794670740263));
#6783=DIRECTION('center_axis',(-2.83821078159321E-6,-0.99999999999118,3.09586153054638E-6));
#6784=DIRECTION('ref_axis',(-0.917673614977142,3.83464542226804E-6,0.397335042955035));
#6785=DIRECTION('',(0.999999999634786,-2.83812757313594E-6,2.68769915134805E-5));
#6786=DIRECTION('center_axis',(-2.83821078159321E-6,-0.99999999999118,3.09586153054638E-6));
#6787=DIRECTION('ref_axis',(0.917652255317097,-1.37424353780862E-6,0.397384370993068));
#6788=DIRECTION('center_axis',(-2.83821078159321E-6,-0.99999999999118,3.09586153054638E-6));
#6789=DIRECTION('ref_axis',(-0.628518456505182,-6.24076740130941E-7,-0.777794670740263));
#6790=DIRECTION('center_axis',(-2.83821078159321E-6,-0.99999999999118,3.09586153054638E-6));
#6791=DIRECTION('ref_axis',(0.917673614977142,-3.83464542226804E-6,-0.397335042955035));
#6792=DIRECTION('',(-0.999999999634786,2.83812757313594E-6,-2.68769915134805E-5));
#6793=DIRECTION('center_axis',(-2.83821078159321E-6,-0.99999999999118,3.09586153054638E-6));
#6794=DIRECTION('ref_axis',(-0.917652255317097,1.37424353780862E-6,-0.397384370993068));
#6795=DIRECTION('center_axis',(-2.83821078159321E-6,-0.99999999999118,3.09586153054638E-6));
#6796=DIRECTION('ref_axis',(0.628518456505182,6.24076740130941E-7,0.777794670740263));
#6797=DIRECTION('center_axis',(-2.83821078159321E-6,-0.99999999999118,3.09586153054638E-6));
#6798=DIRECTION('ref_axis',(-0.917673614977142,3.83464542226804E-6,0.397335042955035));
#6799=DIRECTION('',(0.999999999634786,-2.83812757313594E-6,2.68769915134805E-5));
#6800=DIRECTION('center_axis',(-2.83821078159321E-6,-0.99999999999118,3.09586153054638E-6));
#6801=DIRECTION('ref_axis',(0.917652255317097,-1.37424353780862E-6,0.397384370993068));
#6802=DIRECTION('center_axis',(-2.83821078159321E-6,-0.99999999999118,3.09586153054638E-6));
#6803=DIRECTION('ref_axis',(-0.628518456505182,-6.24076740130941E-7,-0.777794670740263));
#6804=DIRECTION('center_axis',(-2.83821078159321E-6,-0.99999999999118,3.09586153054638E-6));
#6805=DIRECTION('ref_axis',(0.917673614977142,-3.83464542226804E-6,-0.397335042955035));
#6806=DIRECTION('',(-0.999999999634786,2.83812757313594E-6,-2.68769915134805E-5));
#6807=DIRECTION('center_axis',(-2.83821078159321E-6,-0.99999999999118,3.09586153054638E-6));
#6808=DIRECTION('ref_axis',(-0.917652255317097,1.37424353780862E-6,-0.397384370993068));
#6809=DIRECTION('center_axis',(-2.83821078159321E-6,-0.99999999999118,3.09586153054638E-6));
#6810=DIRECTION('ref_axis',(0.628518456505182,6.24076740130941E-7,0.777794670740263));
#6811=DIRECTION('center_axis',(-2.83821078159321E-6,-0.99999999999118,3.09586153054638E-6));
#6812=DIRECTION('ref_axis',(-0.917673614977142,3.83464542226804E-6,0.397335042955035));
#6813=DIRECTION('center_axis',(2.83821078159321E-6,0.99999999999118,-3.09586153054638E-6));
#6814=DIRECTION('ref_axis',(-2.68769827267969E-5,3.09593781198281E-6,0.999999999634021));
#6815=DIRECTION('center_axis',(2.83821078159321E-6,0.99999999999118,-3.09586153054638E-6));
#6816=DIRECTION('ref_axis',(-2.68769827267969E-5,3.09593781198281E-6,0.999999999634021));
#6817=DIRECTION('center_axis',(2.83821078159321E-6,0.99999999999118,-3.09586153054638E-6));
#6818=DIRECTION('ref_axis',(-2.68769827267969E-5,3.09593781198281E-6,0.999999999634021));
#6819=DIRECTION('center_axis',(2.83821078159321E-6,0.99999999999118,-3.09586153054638E-6));
#6820=DIRECTION('ref_axis',(-2.68769827267969E-5,3.09593781198281E-6,0.999999999634021));
#6821=DIRECTION('center_axis',(2.83821078159321E-6,0.99999999999118,-3.09586153054638E-6));
#6822=DIRECTION('ref_axis',(-2.68769827267969E-5,3.09593781198281E-6,0.999999999634021));
#6823=DIRECTION('center_axis',(-0.999999999634786,2.83812757313594E-6,-2.68769915134805E-5));
#6824=DIRECTION('ref_axis',(1.69979786538478E-5,-0.707108970338982,-0.70710459182303));
#6825=DIRECTION('center_axis',(1.,-5.07176325767709E-28,-4.28272333450987E-14));
#6826=DIRECTION('ref_axis',(3.02835216172227E-14,-0.707104591925182,0.707108970441135));
#6827=DIRECTION('center_axis',(1.,6.38378615668063E-16,2.40363217068712E-14));
#6828=DIRECTION('ref_axis',(2.40363236830878E-14,-3.09586153055891E-6,-0.999999999995208));
#6829=DIRECTION('',(0.999999999634786,-2.83812757313594E-6,2.68769915134805E-5));
#6830=DIRECTION('center_axis',(2.68769827267969E-5,-3.09593781198294E-6,
-0.999999999634022));
#6831=DIRECTION('ref_axis',(-2.83821078159321E-6,-0.99999999999118,3.0958615305465E-6));
#6832=DIRECTION('',(-1.32590450636421E-19,0.999999999995208,-3.09593781310115E-6));
#6833=DIRECTION('',(-6.38304202713406E-16,0.999999999995208,-3.0958543701379E-6));
#6834=DIRECTION('',(-0.999999999634786,2.83812757313594E-6,-2.68769915134805E-5));
#6835=DIRECTION('center_axis',(0.999999999634786,-2.83812757313594E-6,2.68769915134805E-5));
#6836=DIRECTION('ref_axis',(2.10118148340399E-5,0.707104592022091,-0.707108970032042));
#6837=DIRECTION('center_axis',(1.,-5.07176325767709E-28,-4.28272333450987E-14));
#6838=DIRECTION('ref_axis',(-3.02835216172227E-14,0.707104591925633,-0.707108970440684));
#6839=DIRECTION('center_axis',(1.,3.96607062630874E-14,3.84695271809039E-13));
#6840=DIRECTION('ref_axis',(-3.96595878746826E-14,0.999999999995266,-3.07693297143006E-6));
#6841=DIRECTION('center_axis',(2.83821078159321E-6,0.99999999999118,-3.09586153054638E-6));
#6842=DIRECTION('ref_axis',(-0.917652255317097,1.37424353780862E-6,-0.397384370993068));
#6843=DIRECTION('',(2.83821078159321E-6,0.99999999999118,-3.09586153054638E-6));
#6844=DIRECTION('center_axis',(-2.83821078159321E-6,-0.99999999999118,3.09586153054638E-6));
#6845=DIRECTION('ref_axis',(-0.917652255317097,1.37424353780862E-6,-0.397384370993068));
#6846=DIRECTION('',(-2.83821078159321E-6,-0.99999999999118,3.09586153054638E-6));
#6847=DIRECTION('center_axis',(-2.83821078159321E-6,-0.99999999999118,3.09586153054638E-6));
#6848=DIRECTION('ref_axis',(0.628518456505182,6.24076740130941E-7,0.777794670740263));
#6849=DIRECTION('center_axis',(2.83821078159321E-6,0.99999999999118,-3.09586153054638E-6));
#6850=DIRECTION('ref_axis',(0.628518456505182,6.24076740130941E-7,0.777794670740263));
#6851=DIRECTION('',(2.83821078159321E-6,0.99999999999118,-3.09586153054638E-6));
#6852=DIRECTION('center_axis',(2.83821078159321E-6,0.99999999999118,-3.09586153054638E-6));
#6853=DIRECTION('ref_axis',(0.917652255317097,-1.37424353780862E-6,0.397384370993068));
#6854=DIRECTION('',(2.83821078159321E-6,0.99999999999118,-3.09586153054638E-6));
#6855=DIRECTION('center_axis',(-2.83821078159321E-6,-0.99999999999118,3.09586153054638E-6));
#6856=DIRECTION('ref_axis',(0.917652255317097,-1.37424353780862E-6,0.397384370993068));
#6857=DIRECTION('',(-2.83821078159321E-6,-0.99999999999118,3.09586153054638E-6));
#6858=DIRECTION('center_axis',(2.83821078159321E-6,0.99999999999118,-3.09586153054638E-6));
#6859=DIRECTION('ref_axis',(2.68769827267969E-5,-3.09593781198281E-6,-0.999999999634022));
#6860=DIRECTION('',(0.999999999634786,-2.83812757313594E-6,2.68769915134805E-5));
#6861=DIRECTION('center_axis',(-2.83821078159321E-6,-0.99999999999118,3.09586153054638E-6));
#6862=DIRECTION('ref_axis',(0.917673614977142,-3.83464542226804E-6,-0.397335042955035));
#6863=DIRECTION('center_axis',(2.83821078159321E-6,0.99999999999118,-3.09586153054638E-6));
#6864=DIRECTION('ref_axis',(-0.628518456505182,-6.24076740130941E-7,-0.777794670740263));
#6865=DIRECTION('',(-0.999999999634786,2.83812757313594E-6,-2.68769915134805E-5));
#6866=DIRECTION('center_axis',(-2.83821078159321E-6,-0.99999999999118,3.09586153054638E-6));
#6867=DIRECTION('ref_axis',(-0.917673614977142,3.83464542226804E-6,0.397335042955035));
#6868=DIRECTION('center_axis',(2.68769827267969E-5,-3.09593781198294E-6,
-0.999999999634022));
#6869=DIRECTION('ref_axis',(-0.999999999634786,2.83812757313594E-6,-2.68769915134839E-5));
#6870=DIRECTION('',(-2.83821078159321E-6,-0.99999999999118,3.09586153054638E-6));
#6871=DIRECTION('center_axis',(2.83821078159321E-6,0.99999999999118,-3.09586153054638E-6));
#6872=DIRECTION('ref_axis',(-0.917673614977142,3.83464542226804E-6,0.397335042955035));
#6873=DIRECTION('center_axis',(2.83821078159321E-6,0.99999999999118,-3.09586153054638E-6));
#6874=DIRECTION('ref_axis',(0.917652255317097,-1.37424353780862E-6,0.397384370993068));
#6875=DIRECTION('',(2.83821078159321E-6,0.99999999999118,-3.09586153054638E-6));
#6876=DIRECTION('center_axis',(-2.83821078159321E-6,-0.99999999999118,3.09586153054638E-6));
#6877=DIRECTION('ref_axis',(0.917652255317097,-1.37424353780862E-6,0.397384370993068));
#6878=DIRECTION('',(-2.83821078159321E-6,-0.99999999999118,3.09586153054638E-6));
#6879=DIRECTION('center_axis',(-2.83821078159321E-6,-0.99999999999118,3.09586153054638E-6));
#6880=DIRECTION('ref_axis',(-0.628518456505182,-6.24076740130941E-7,-0.777794670740263));
#6881=DIRECTION('center_axis',(2.83821078159321E-6,0.99999999999118,-3.09586153054638E-6));
#6882=DIRECTION('ref_axis',(-0.628518456505182,-6.24076740130941E-7,-0.777794670740263));
#6883=DIRECTION('',(2.83821078159321E-6,0.99999999999118,-3.09586153054638E-6));
#6884=DIRECTION('center_axis',(2.83821078159321E-6,0.99999999999118,-3.09586153054638E-6));
#6885=DIRECTION('ref_axis',(-0.917673614977142,3.83464542226804E-6,0.397335042955035));
#6886=DIRECTION('',(2.83821078159321E-6,0.99999999999118,-3.09586153054638E-6));
#6887=DIRECTION('center_axis',(-2.83821078159321E-6,-0.99999999999118,3.09586153054638E-6));
#6888=DIRECTION('ref_axis',(-0.917673614977142,3.83464542226804E-6,0.397335042955035));
#6889=DIRECTION('',(-2.83821078159321E-6,-0.99999999999118,3.09586153054638E-6));
#6890=DIRECTION('center_axis',(2.83821078159321E-6,0.99999999999118,-3.09586153054638E-6));
#6891=DIRECTION('ref_axis',(2.68769827267969E-5,-3.09593781198281E-6,-0.999999999634022));
#6892=DIRECTION('',(-0.999999999634786,2.83812757313594E-6,-2.68769915134805E-5));
#6893=DIRECTION('center_axis',(2.83821078159321E-6,0.99999999999118,-3.09586153054638E-6));
#6894=DIRECTION('ref_axis',(0.628518456505182,6.24076740130941E-7,0.777794670740263));
#6895=DIRECTION('center_axis',(-2.83821078159321E-6,-0.99999999999118,3.09586153054638E-6));
#6896=DIRECTION('ref_axis',(-0.917652255317097,1.37424353780862E-6,-0.397384370993068));
#6897=DIRECTION('',(0.999999999634786,-2.83812757313594E-6,2.68769915134805E-5));
#6898=DIRECTION('center_axis',(-2.83821078159321E-6,-0.99999999999118,3.09586153054638E-6));
#6899=DIRECTION('ref_axis',(0.917673614977142,-3.83464542226804E-6,-0.397335042955035));
#6900=DIRECTION('center_axis',(-2.83821078159321E-6,-0.99999999999118,3.09586153054638E-6));
#6901=DIRECTION('ref_axis',(0.628518456505182,6.24076740130941E-7,0.777794670740263));
#6902=DIRECTION('',(-2.83821078159321E-6,-0.99999999999118,3.09586153054638E-6));
#6903=DIRECTION('center_axis',(2.83821078159321E-6,0.99999999999118,-3.09586153054638E-6));
#6904=DIRECTION('ref_axis',(0.917652255317097,-1.37424353780862E-6,0.397384370993068));
#6905=DIRECTION('',(2.83821078159321E-6,0.99999999999118,-3.09586153054638E-6));
#6906=DIRECTION('center_axis',(-2.83821078159321E-6,-0.99999999999118,3.09586153054638E-6));
#6907=DIRECTION('ref_axis',(0.917652255317097,-1.37424353780862E-6,0.397384370993068));
#6908=DIRECTION('',(-2.83821078159321E-6,-0.99999999999118,3.09586153054638E-6));
#6909=DIRECTION('center_axis',(-2.83821078159321E-6,-0.99999999999118,3.09586153054638E-6));
#6910=DIRECTION('ref_axis',(-0.628518456505182,-6.24076740130941E-7,-0.777794670740263));
#6911=DIRECTION('center_axis',(2.83821078159321E-6,0.99999999999118,-3.09586153054638E-6));
#6912=DIRECTION('ref_axis',(-0.628518456505182,-6.24076740130941E-7,-0.777794670740263));
#6913=DIRECTION('',(2.83821078159321E-6,0.99999999999118,-3.09586153054638E-6));
#6914=DIRECTION('center_axis',(2.83821078159321E-6,0.99999999999118,-3.09586153054638E-6));
#6915=DIRECTION('ref_axis',(-0.917673614977142,3.83464542226804E-6,0.397335042955035));
#6916=DIRECTION('',(2.83821078159321E-6,0.99999999999118,-3.09586153054638E-6));
#6917=DIRECTION('center_axis',(-2.83821078159321E-6,-0.99999999999118,3.09586153054638E-6));
#6918=DIRECTION('ref_axis',(-0.917673614977142,3.83464542226804E-6,0.397335042955035));
#6919=DIRECTION('',(-2.83821078159321E-6,-0.99999999999118,3.09586153054638E-6));
#6920=DIRECTION('center_axis',(2.83821078159321E-6,0.99999999999118,-3.09586153054638E-6));
#6921=DIRECTION('ref_axis',(2.68769827267969E-5,-3.09593781198281E-6,-0.999999999634022));
#6922=DIRECTION('',(-0.999999999634786,2.83812757313594E-6,-2.68769915134805E-5));
#6923=DIRECTION('center_axis',(2.83821078159321E-6,0.99999999999118,-3.09586153054638E-6));
#6924=DIRECTION('ref_axis',(0.628518456505182,6.24076740130941E-7,0.777794670740263));
#6925=DIRECTION('center_axis',(-2.83821078159321E-6,-0.99999999999118,3.09586153054638E-6));
#6926=DIRECTION('ref_axis',(-0.917652255317097,1.37424353780862E-6,-0.397384370993068));
#6927=DIRECTION('',(0.999999999634786,-2.83812757313594E-6,2.68769915134805E-5));
#6928=DIRECTION('center_axis',(-2.83821078159321E-6,-0.99999999999118,3.09586153054638E-6));
#6929=DIRECTION('ref_axis',(0.917673614977142,-3.83464542226804E-6,-0.397335042955035));
#6930=DIRECTION('center_axis',(-2.83821078159321E-6,-0.99999999999118,3.09586153054638E-6));
#6931=DIRECTION('ref_axis',(0.628518456505182,6.24076740130941E-7,0.777794670740263));
#6932=DIRECTION('',(-2.83821078159321E-6,-0.99999999999118,3.09586153054638E-6));
#6933=DIRECTION('center_axis',(2.83821078159321E-6,0.99999999999118,-3.09586153054638E-6));
#6934=DIRECTION('ref_axis',(0.917652255317097,-1.37424353780862E-6,0.397384370993068));
#6935=DIRECTION('',(2.83821078159321E-6,0.99999999999118,-3.09586153054638E-6));
#6936=DIRECTION('center_axis',(-2.83821078159321E-6,-0.99999999999118,3.09586153054638E-6));
#6937=DIRECTION('ref_axis',(0.917652255317097,-1.37424353780862E-6,0.397384370993068));
#6938=DIRECTION('',(-2.83821078159321E-6,-0.99999999999118,3.09586153054638E-6));
#6939=DIRECTION('center_axis',(-2.83821078159321E-6,-0.99999999999118,3.09586153054638E-6));
#6940=DIRECTION('ref_axis',(-0.628518456505182,-6.24076740130941E-7,-0.777794670740263));
#6941=DIRECTION('center_axis',(2.83821078159321E-6,0.99999999999118,-3.09586153054638E-6));
#6942=DIRECTION('ref_axis',(-0.628518456505182,-6.24076740130941E-7,-0.777794670740263));
#6943=DIRECTION('',(2.83821078159321E-6,0.99999999999118,-3.09586153054638E-6));
#6944=DIRECTION('center_axis',(2.83821078159321E-6,0.99999999999118,-3.09586153054638E-6));
#6945=DIRECTION('ref_axis',(-0.917673614977142,3.83464542226804E-6,0.397335042955035));
#6946=DIRECTION('',(2.83821078159321E-6,0.99999999999118,-3.09586153054638E-6));
#6947=DIRECTION('center_axis',(-2.83821078159321E-6,-0.99999999999118,3.09586153054638E-6));
#6948=DIRECTION('ref_axis',(-0.917673614977142,3.83464542226804E-6,0.397335042955035));
#6949=DIRECTION('',(-2.83821078159321E-6,-0.99999999999118,3.09586153054638E-6));
#6950=DIRECTION('center_axis',(2.83821078159321E-6,0.99999999999118,-3.09586153054638E-6));
#6951=DIRECTION('ref_axis',(2.68769827267969E-5,-3.09593781198281E-6,-0.999999999634022));
#6952=DIRECTION('',(-0.999999999634786,2.83812757313594E-6,-2.68769915134805E-5));
#6953=DIRECTION('center_axis',(2.83821078159321E-6,0.99999999999118,-3.09586153054638E-6));
#6954=DIRECTION('ref_axis',(0.628518456505182,6.24076740130941E-7,0.777794670740263));
#6955=DIRECTION('center_axis',(-2.83821078159321E-6,-0.99999999999118,3.09586153054638E-6));
#6956=DIRECTION('ref_axis',(-0.917652255317097,1.37424353780862E-6,-0.397384370993068));
#6957=DIRECTION('',(0.999999999634786,-2.83812757313594E-6,2.68769915134805E-5));
#6958=DIRECTION('center_axis',(-2.83821078159321E-6,-0.99999999999118,3.09586153054638E-6));
#6959=DIRECTION('ref_axis',(0.917673614977142,-3.83464542226804E-6,-0.397335042955035));
#6960=DIRECTION('center_axis',(-2.83821078159321E-6,-0.99999999999118,3.09586153054638E-6));
#6961=DIRECTION('ref_axis',(0.628518456505182,6.24076740130941E-7,0.777794670740263));
#6962=DIRECTION('',(-2.83821078159321E-6,-0.99999999999118,3.09586153054638E-6));
#6963=DIRECTION('center_axis',(2.83821078159321E-6,0.99999999999118,-3.09586153054638E-6));
#6964=DIRECTION('ref_axis',(0.917652255317097,-1.37424353780862E-6,0.397384370993068));
#6965=DIRECTION('',(2.83821078159321E-6,0.99999999999118,-3.09586153054638E-6));
#6966=DIRECTION('center_axis',(-2.83821078159321E-6,-0.99999999999118,3.09586153054638E-6));
#6967=DIRECTION('ref_axis',(0.917652255317097,-1.37424353780862E-6,0.397384370993068));
#6968=DIRECTION('',(-2.83821078159321E-6,-0.99999999999118,3.09586153054638E-6));
#6969=DIRECTION('center_axis',(-2.83821078159321E-6,-0.99999999999118,3.09586153054638E-6));
#6970=DIRECTION('ref_axis',(-0.628518456505182,-6.24076740130941E-7,-0.777794670740263));
#6971=DIRECTION('center_axis',(2.83821078159321E-6,0.99999999999118,-3.09586153054638E-6));
#6972=DIRECTION('ref_axis',(-0.628518456505182,-6.24076740130941E-7,-0.777794670740263));
#6973=DIRECTION('',(2.83821078159321E-6,0.99999999999118,-3.09586153054638E-6));
#6974=DIRECTION('center_axis',(2.83821078159321E-6,0.99999999999118,-3.09586153054638E-6));
#6975=DIRECTION('ref_axis',(-0.917673614977142,3.83464542226804E-6,0.397335042955035));
#6976=DIRECTION('',(2.83821078159321E-6,0.99999999999118,-3.09586153054638E-6));
#6977=DIRECTION('center_axis',(-2.83821078159321E-6,-0.99999999999118,3.09586153054638E-6));
#6978=DIRECTION('ref_axis',(-0.917673614977142,3.83464542226804E-6,0.397335042955035));
#6979=DIRECTION('',(-2.83821078159321E-6,-0.99999999999118,3.09586153054638E-6));
#6980=DIRECTION('center_axis',(2.83821078159321E-6,0.99999999999118,-3.09586153054638E-6));
#6981=DIRECTION('ref_axis',(2.68769827267969E-5,-3.09593781198281E-6,-0.999999999634022));
#6982=DIRECTION('',(-0.999999999634786,2.83812757313594E-6,-2.68769915134805E-5));
#6983=DIRECTION('center_axis',(2.83821078159321E-6,0.99999999999118,-3.09586153054638E-6));
#6984=DIRECTION('ref_axis',(0.628518456505182,6.24076740130941E-7,0.777794670740263));
#6985=DIRECTION('center_axis',(-2.83821078159321E-6,-0.99999999999118,3.09586153054638E-6));
#6986=DIRECTION('ref_axis',(-0.917652255317097,1.37424353780862E-6,-0.397384370993068));
#6987=DIRECTION('',(0.999999999634786,-2.83812757313594E-6,2.68769915134805E-5));
#6988=DIRECTION('center_axis',(-2.83821078159321E-6,-0.99999999999118,3.09586153054638E-6));
#6989=DIRECTION('ref_axis',(0.917673614977142,-3.83464542226804E-6,-0.397335042955035));
#6990=DIRECTION('center_axis',(-2.83821078159321E-6,-0.99999999999118,3.09586153054638E-6));
#6991=DIRECTION('ref_axis',(0.628518456505182,6.24076740130941E-7,0.777794670740263));
#6992=DIRECTION('',(-2.83821078159321E-6,-0.99999999999118,3.09586153054638E-6));
#6993=DIRECTION('center_axis',(2.83821078159321E-6,0.99999999999118,-3.09586153054638E-6));
#6994=DIRECTION('ref_axis',(0.917652255317097,-1.37424353780862E-6,0.397384370993068));
#6995=DIRECTION('',(2.83821078159321E-6,0.99999999999118,-3.09586153054638E-6));
#6996=DIRECTION('center_axis',(-2.83821078159321E-6,-0.99999999999118,3.09586153054638E-6));
#6997=DIRECTION('ref_axis',(0.917652255317097,-1.37424353780862E-6,0.397384370993068));
#6998=DIRECTION('',(-2.83821078159321E-6,-0.99999999999118,3.09586153054638E-6));
#6999=DIRECTION('center_axis',(-2.83821078159321E-6,-0.99999999999118,3.09586153054638E-6));
#7000=DIRECTION('ref_axis',(-0.628518456505182,-6.24076740130941E-7,-0.777794670740263));
#7001=DIRECTION('center_axis',(2.83821078159321E-6,0.99999999999118,-3.09586153054638E-6));
#7002=DIRECTION('ref_axis',(-0.628518456505182,-6.24076740130941E-7,-0.777794670740263));
#7003=DIRECTION('',(2.83821078159321E-6,0.99999999999118,-3.09586153054638E-6));
#7004=DIRECTION('center_axis',(2.83821078159321E-6,0.99999999999118,-3.09586153054638E-6));
#7005=DIRECTION('ref_axis',(-0.917673614977142,3.83464542226804E-6,0.397335042955035));
#7006=DIRECTION('',(2.83821078159321E-6,0.99999999999118,-3.09586153054638E-6));
#7007=DIRECTION('center_axis',(-2.83821078159321E-6,-0.99999999999118,3.09586153054638E-6));
#7008=DIRECTION('ref_axis',(-0.917673614977142,3.83464542226804E-6,0.397335042955035));
#7009=DIRECTION('',(-2.83821078159321E-6,-0.99999999999118,3.09586153054638E-6));
#7010=DIRECTION('center_axis',(2.83821078159321E-6,0.99999999999118,-3.09586153054638E-6));
#7011=DIRECTION('ref_axis',(2.68769827267969E-5,-3.09593781198281E-6,-0.999999999634022));
#7012=DIRECTION('',(-0.999999999634786,2.83812757313594E-6,-2.68769915134805E-5));
#7013=DIRECTION('center_axis',(2.83821078159321E-6,0.99999999999118,-3.09586153054638E-6));
#7014=DIRECTION('ref_axis',(0.628518456505182,6.24076740130941E-7,0.777794670740263));
#7015=DIRECTION('center_axis',(-2.83821078159321E-6,-0.99999999999118,3.09586153054638E-6));
#7016=DIRECTION('ref_axis',(-0.917652255317097,1.37424353780862E-6,-0.397384370993068));
#7017=DIRECTION('',(0.999999999634786,-2.83812757313594E-6,2.68769915134805E-5));
#7018=DIRECTION('center_axis',(-2.83821078159321E-6,-0.99999999999118,3.09586153054638E-6));
#7019=DIRECTION('ref_axis',(0.917673614977142,-3.83464542226804E-6,-0.397335042955035));
#7020=DIRECTION('center_axis',(-2.83821078159321E-6,-0.99999999999118,3.09586153054638E-6));
#7021=DIRECTION('ref_axis',(0.628518456505182,6.24076740130941E-7,0.777794670740263));
#7022=DIRECTION('',(-2.83821078159321E-6,-0.99999999999118,3.09586153054638E-6));
#7023=DIRECTION('center_axis',(2.83821078159321E-6,0.99999999999118,-3.09586153054638E-6));
#7024=DIRECTION('ref_axis',(-0.917652255317097,1.37424353780862E-6,-0.397384370993068));
#7025=DIRECTION('',(2.83821078159321E-6,0.99999999999118,-3.09586153054638E-6));
#7026=DIRECTION('center_axis',(2.83821078159321E-6,0.99999999999118,-3.09586153054638E-6));
#7027=DIRECTION('ref_axis',(0.917673614977142,-3.83464542226804E-6,-0.397335042955035));
#7028=DIRECTION('',(-2.83821078159321E-6,-0.99999999999118,3.09586153054638E-6));
#7029=DIRECTION('center_axis',(2.83821078159321E-6,0.99999999999118,-3.09586153054638E-6));
#7030=DIRECTION('ref_axis',(-0.917652255317097,1.37424353780862E-6,-0.397384370993068));
#7031=DIRECTION('',(2.83821078159321E-6,0.99999999999118,-3.09586153054638E-6));
#7032=DIRECTION('center_axis',(2.83821078159321E-6,0.99999999999118,-3.09586153054638E-6));
#7033=DIRECTION('ref_axis',(0.917673614977142,-3.83464542226804E-6,-0.397335042955035));
#7034=DIRECTION('',(-2.83821078159321E-6,-0.99999999999118,3.09586153054638E-6));
#7035=DIRECTION('center_axis',(2.83821078159321E-6,0.99999999999118,-3.09586153054638E-6));
#7036=DIRECTION('ref_axis',(-0.917652255317097,1.37424353780862E-6,-0.397384370993068));
#7037=DIRECTION('',(2.83821078159321E-6,0.99999999999118,-3.09586153054638E-6));
#7038=DIRECTION('center_axis',(2.83821078159321E-6,0.99999999999118,-3.09586153054638E-6));
#7039=DIRECTION('ref_axis',(0.917673614977142,-3.83464542226804E-6,-0.397335042955035));
#7040=DIRECTION('',(-2.83821078159321E-6,-0.99999999999118,3.09586153054638E-6));
#7041=DIRECTION('center_axis',(2.83821078159321E-6,0.99999999999118,-3.09586153054638E-6));
#7042=DIRECTION('ref_axis',(-0.917652255317097,1.37424353780862E-6,-0.397384370993068));
#7043=DIRECTION('',(2.83821078159321E-6,0.99999999999118,-3.09586153054638E-6));
#7044=DIRECTION('center_axis',(2.83821078159321E-6,0.99999999999118,-3.09586153054638E-6));
#7045=DIRECTION('ref_axis',(0.917673614977142,-3.83464542226804E-6,-0.397335042955035));
#7046=DIRECTION('',(-2.83821078159321E-6,-0.99999999999118,3.09586153054638E-6));
#7047=DIRECTION('center_axis',(2.83821078159321E-6,0.99999999999118,-3.09586153054638E-6));
#7048=DIRECTION('ref_axis',(-0.917652255317097,1.37424353780862E-6,-0.397384370993068));
#7049=DIRECTION('',(2.83821078159321E-6,0.99999999999118,-3.09586153054638E-6));
#7050=DIRECTION('center_axis',(2.83821078159321E-6,0.99999999999118,-3.09586153054638E-6));
#7051=DIRECTION('ref_axis',(0.917673614977142,-3.83464542226804E-6,-0.397335042955035));
#7052=DIRECTION('',(-2.83821078159321E-6,-0.99999999999118,3.09586153054638E-6));
#7053=DIRECTION('center_axis',(2.83821078159321E-6,0.99999999999118,-3.09586153054638E-6));
#7054=DIRECTION('ref_axis',(0.917673614977142,-3.83464542226804E-6,-0.397335042955035));
#7055=DIRECTION('',(2.83821078159321E-6,0.99999999999118,-3.09586153054638E-6));
#7056=DIRECTION('',(-2.83821078159321E-6,-0.99999999999118,3.09586153054638E-6));
#7057=DIRECTION('center_axis',(-2.83821078159321E-6,-0.99999999999118,3.09586153054638E-6));
#7058=DIRECTION('ref_axis',(-0.628518456505182,-6.24076740130941E-7,-0.777794670740263));
#7059=DIRECTION('center_axis',(-2.83821078159321E-6,-0.99999999999118,3.09586153054638E-6));
#7060=DIRECTION('ref_axis',(-0.917673614977142,3.83464542226804E-6,0.397335042955035));
#7061=DIRECTION('',(-2.83821078159321E-6,-0.99999999999118,3.09586153054638E-6));
#7062=DIRECTION('center_axis',(2.83821078159321E-6,0.99999999999118,-3.09586153054638E-6));
#7063=DIRECTION('ref_axis',(-0.917673614977142,3.83464542226804E-6,0.397335042955035));
#7064=DIRECTION('',(2.83821078159321E-6,0.99999999999118,-3.09586153054638E-6));
#7065=DIRECTION('center_axis',(-2.68769827267969E-5,3.09593781198294E-6,
0.999999999634022));
#7066=DIRECTION('ref_axis',(-0.999999999634786,2.83812757313594E-6,-2.68769915134839E-5));
#7067=DIRECTION('',(2.83821078159321E-6,0.99999999999118,-3.09586153054638E-6));
#7068=DIRECTION('',(-0.999999999634786,2.83812757313594E-6,-2.68769915134805E-5));
#7069=DIRECTION('center_axis',(-2.83821078159321E-6,-0.99999999999118,3.09586153054638E-6));
#7070=DIRECTION('ref_axis',(0.917652255317097,-1.37424353780862E-6,0.397384370993068));
#7071=DIRECTION('',(-2.83821078159321E-6,-0.99999999999118,3.09586153054638E-6));
#7072=DIRECTION('center_axis',(2.83821078159321E-6,0.99999999999118,-3.09586153054638E-6));
#7073=DIRECTION('ref_axis',(0.917652255317097,-1.37424353780862E-6,0.397384370993068));
#7074=DIRECTION('center_axis',(-2.83821078159321E-6,-0.99999999999118,3.09586153054638E-6));
#7075=DIRECTION('ref_axis',(-0.628518456505182,-6.24076740130941E-7,-0.777794670740263));
#7076=DIRECTION('',(2.83821078159321E-6,0.99999999999118,-3.09586153054638E-6));
#7077=DIRECTION('center_axis',(2.83821078159321E-6,0.99999999999118,-3.09586153054638E-6));
#7078=DIRECTION('ref_axis',(-0.628518456505182,-6.24076740130941E-7,-0.777794670740263));
#7079=DIRECTION('center_axis',(-2.83821078159321E-6,-0.99999999999118,3.09586153054638E-6));
#7080=DIRECTION('ref_axis',(0.917673614977142,-3.83464542226804E-6,-0.397335042955035));
#7081=DIRECTION('',(-2.83821078159321E-6,-0.99999999999118,3.09586153054638E-6));
#7082=DIRECTION('center_axis',(2.83821078159321E-6,0.99999999999118,-3.09586153054638E-6));
#7083=DIRECTION('ref_axis',(0.917673614977142,-3.83464542226804E-6,-0.397335042955035));
#7084=DIRECTION('center_axis',(2.68769827267969E-5,-3.09593781198294E-6,
-0.999999999634022));
#7085=DIRECTION('ref_axis',(0.999999999634786,-2.83812757313594E-6,2.68769915134839E-5));
#7086=DIRECTION('',(2.83821078159321E-6,0.99999999999118,-3.09586153054638E-6));
#7087=DIRECTION('',(0.999999999634786,-2.83812757313594E-6,2.68769915134805E-5));
#7088=DIRECTION('center_axis',(-2.83821078159321E-6,-0.99999999999118,3.09586153054638E-6));
#7089=DIRECTION('ref_axis',(-0.917652255317097,1.37424353780862E-6,-0.397384370993068));
#7090=DIRECTION('',(-2.83821078159321E-6,-0.99999999999118,3.09586153054638E-6));
#7091=DIRECTION('center_axis',(2.83821078159321E-6,0.99999999999118,-3.09586153054638E-6));
#7092=DIRECTION('ref_axis',(-0.917652255317097,1.37424353780862E-6,-0.397384370993068));
#7093=DIRECTION('center_axis',(-2.83821078159321E-6,-0.99999999999118,3.09586153054638E-6));
#7094=DIRECTION('ref_axis',(0.628518456505182,6.24076740130941E-7,0.777794670740263));
#7095=DIRECTION('center_axis',(2.83821078159321E-6,0.99999999999118,-3.09586153054638E-6));
#7096=DIRECTION('ref_axis',(0.628518456505182,6.24076740130941E-7,0.777794670740263));
#7097=DIRECTION('center_axis',(-2.83821078159321E-6,-0.99999999999118,3.09586153054638E-6));
#7098=DIRECTION('ref_axis',(0.917652255317097,-1.37424353780862E-6,0.397384370993068));
#7099=DIRECTION('',(-2.83821078159321E-6,-0.99999999999118,3.09586153054638E-6));
#7100=DIRECTION('center_axis',(2.83821078159321E-6,0.99999999999118,-3.09586153054638E-6));
#7101=DIRECTION('ref_axis',(0.917652255317097,-1.37424353780862E-6,0.397384370993068));
#7102=DIRECTION('',(2.83821078159321E-6,0.99999999999118,-3.09586153054638E-6));
#7103=DIRECTION('center_axis',(-2.83821078159321E-6,-0.99999999999118,3.09586153054638E-6));
#7104=DIRECTION('ref_axis',(-0.628518456505182,-6.24076740130941E-7,-0.777794670740263));
#7105=DIRECTION('',(2.83821078159321E-6,0.99999999999118,-3.09586153054638E-6));
#7106=DIRECTION('center_axis',(2.83821078159321E-6,0.99999999999118,-3.09586153054638E-6));
#7107=DIRECTION('ref_axis',(-0.628518456505182,-6.24076740130941E-7,-0.777794670740263));
#7108=DIRECTION('center_axis',(-2.83821078159321E-6,-0.99999999999118,3.09586153054638E-6));
#7109=DIRECTION('ref_axis',(-0.917673614977142,3.83464542226804E-6,0.397335042955035));
#7110=DIRECTION('',(-2.83821078159321E-6,-0.99999999999118,3.09586153054638E-6));
#7111=DIRECTION('center_axis',(2.83821078159321E-6,0.99999999999118,-3.09586153054638E-6));
#7112=DIRECTION('ref_axis',(-0.917673614977142,3.83464542226804E-6,0.397335042955035));
#7113=DIRECTION('',(2.83821078159321E-6,0.99999999999118,-3.09586153054638E-6));
#7114=DIRECTION('center_axis',(-2.68769827267969E-5,3.09593781198294E-6,
0.999999999634022));
#7115=DIRECTION('ref_axis',(-0.999999999634786,2.83812757313594E-6,-2.68769915134839E-5));
#7116=DIRECTION('',(-0.999999999634786,2.83812757313594E-6,-2.68769915134805E-5));
#7117=DIRECTION('center_axis',(-2.83821078159321E-6,-0.99999999999118,3.09586153054638E-6));
#7118=DIRECTION('ref_axis',(0.917673614977142,-3.83464542226804E-6,-0.397335042955035));
#7119=DIRECTION('',(-2.83821078159321E-6,-0.99999999999118,3.09586153054638E-6));
#7120=DIRECTION('center_axis',(2.83821078159321E-6,0.99999999999118,-3.09586153054638E-6));
#7121=DIRECTION('ref_axis',(0.917673614977142,-3.83464542226804E-6,-0.397335042955035));
#7122=DIRECTION('center_axis',(2.68769827267969E-5,-3.09593781198294E-6,
-0.999999999634022));
#7123=DIRECTION('ref_axis',(0.999999999634786,-2.83812757313594E-6,2.68769915134839E-5));
#7124=DIRECTION('',(2.83821078159321E-6,0.99999999999118,-3.09586153054638E-6));
#7125=DIRECTION('',(0.999999999634786,-2.83812757313594E-6,2.68769915134805E-5));
#7126=DIRECTION('center_axis',(-2.83821078159321E-6,-0.99999999999118,3.09586153054638E-6));
#7127=DIRECTION('ref_axis',(-0.917652255317097,1.37424353780862E-6,-0.397384370993068));
#7128=DIRECTION('',(-2.83821078159321E-6,-0.99999999999118,3.09586153054638E-6));
#7129=DIRECTION('center_axis',(2.83821078159321E-6,0.99999999999118,-3.09586153054638E-6));
#7130=DIRECTION('ref_axis',(-0.917652255317097,1.37424353780862E-6,-0.397384370993068));
#7131=DIRECTION('center_axis',(-2.83821078159321E-6,-0.99999999999118,3.09586153054638E-6));
#7132=DIRECTION('ref_axis',(0.628518456505182,6.24076740130941E-7,0.777794670740263));
#7133=DIRECTION('center_axis',(2.83821078159321E-6,0.99999999999118,-3.09586153054638E-6));
#7134=DIRECTION('ref_axis',(0.628518456505182,6.24076740130941E-7,0.777794670740263));
#7135=DIRECTION('center_axis',(-2.83821078159321E-6,-0.99999999999118,3.09586153054638E-6));
#7136=DIRECTION('ref_axis',(-0.917673614977142,3.83464542226804E-6,0.397335042955035));
#7137=DIRECTION('',(-2.83821078159321E-6,-0.99999999999118,3.09586153054638E-6));
#7138=DIRECTION('center_axis',(2.83821078159321E-6,0.99999999999118,-3.09586153054638E-6));
#7139=DIRECTION('ref_axis',(-0.917673614977142,3.83464542226804E-6,0.397335042955035));
#7140=DIRECTION('',(2.83821078159321E-6,0.99999999999118,-3.09586153054638E-6));
#7141=DIRECTION('center_axis',(-2.68769827267969E-5,3.09593781198294E-6,
0.999999999634022));
#7142=DIRECTION('ref_axis',(-0.999999999634786,2.83812757313594E-6,-2.68769915134839E-5));
#7143=DIRECTION('',(2.83821078159321E-6,0.99999999999118,-3.09586153054638E-6));
#7144=DIRECTION('',(-0.999999999634786,2.83812757313594E-6,-2.68769915134805E-5));
#7145=DIRECTION('center_axis',(-2.83821078159321E-6,-0.99999999999118,3.09586153054638E-6));
#7146=DIRECTION('ref_axis',(0.917652255317097,-1.37424353780862E-6,0.397384370993068));
#7147=DIRECTION('',(-2.83821078159321E-6,-0.99999999999118,3.09586153054638E-6));
#7148=DIRECTION('center_axis',(2.83821078159321E-6,0.99999999999118,-3.09586153054638E-6));
#7149=DIRECTION('ref_axis',(0.917652255317097,-1.37424353780862E-6,0.397384370993068));
#7150=DIRECTION('center_axis',(-2.83821078159321E-6,-0.99999999999118,3.09586153054638E-6));
#7151=DIRECTION('ref_axis',(-0.628518456505182,-6.24076740130941E-7,-0.777794670740263));
#7152=DIRECTION('',(2.83821078159321E-6,0.99999999999118,-3.09586153054638E-6));
#7153=DIRECTION('center_axis',(2.83821078159321E-6,0.99999999999118,-3.09586153054638E-6));
#7154=DIRECTION('ref_axis',(-0.628518456505182,-6.24076740130941E-7,-0.777794670740263));
#7155=DIRECTION('center_axis',(-2.83821078159321E-6,-0.99999999999118,3.09586153054638E-6));
#7156=DIRECTION('ref_axis',(0.917673614977142,-3.83464542226804E-6,-0.397335042955035));
#7157=DIRECTION('',(-2.83821078159321E-6,-0.99999999999118,3.09586153054638E-6));
#7158=DIRECTION('center_axis',(2.83821078159321E-6,0.99999999999118,-3.09586153054638E-6));
#7159=DIRECTION('ref_axis',(0.917673614977142,-3.83464542226804E-6,-0.397335042955035));
#7160=DIRECTION('center_axis',(2.68769827267969E-5,-3.09593781198294E-6,
-0.999999999634022));
#7161=DIRECTION('ref_axis',(0.999999999634786,-2.83812757313594E-6,2.68769915134839E-5));
#7162=DIRECTION('',(2.83821078159321E-6,0.99999999999118,-3.09586153054638E-6));
#7163=DIRECTION('',(0.999999999634786,-2.83812757313594E-6,2.68769915134805E-5));
#7164=DIRECTION('center_axis',(-2.83821078159321E-6,-0.99999999999118,3.09586153054638E-6));
#7165=DIRECTION('ref_axis',(-0.917652255317097,1.37424353780862E-6,-0.397384370993068));
#7166=DIRECTION('',(-2.83821078159321E-6,-0.99999999999118,3.09586153054638E-6));
#7167=DIRECTION('center_axis',(2.83821078159321E-6,0.99999999999118,-3.09586153054638E-6));
#7168=DIRECTION('ref_axis',(-0.917652255317097,1.37424353780862E-6,-0.397384370993068));
#7169=DIRECTION('center_axis',(-2.83821078159321E-6,-0.99999999999118,3.09586153054638E-6));
#7170=DIRECTION('ref_axis',(0.628518456505182,6.24076740130941E-7,0.777794670740263));
#7171=DIRECTION('center_axis',(2.83821078159321E-6,0.99999999999118,-3.09586153054638E-6));
#7172=DIRECTION('ref_axis',(0.628518456505182,6.24076740130941E-7,0.777794670740263));
#7173=DIRECTION('center_axis',(-2.83821078159321E-6,-0.99999999999118,3.09586153054638E-6));
#7174=DIRECTION('ref_axis',(-0.917673614977142,3.83464542226804E-6,0.397335042955035));
#7175=DIRECTION('',(-2.83821078159321E-6,-0.99999999999118,3.09586153054638E-6));
#7176=DIRECTION('center_axis',(2.83821078159321E-6,0.99999999999118,-3.09586153054638E-6));
#7177=DIRECTION('ref_axis',(-0.917673614977142,3.83464542226804E-6,0.397335042955035));
#7178=DIRECTION('',(2.83821078159321E-6,0.99999999999118,-3.09586153054638E-6));
#7179=DIRECTION('center_axis',(-2.68769827267969E-5,3.09593781198294E-6,
0.999999999634022));
#7180=DIRECTION('ref_axis',(-0.999999999634786,2.83812757313594E-6,-2.68769915134839E-5));
#7181=DIRECTION('',(2.83821078159321E-6,0.99999999999118,-3.09586153054638E-6));
#7182=DIRECTION('',(-0.999999999634786,2.83812757313594E-6,-2.68769915134805E-5));
#7183=DIRECTION('center_axis',(-2.83821078159321E-6,-0.99999999999118,3.09586153054638E-6));
#7184=DIRECTION('ref_axis',(0.917652255317097,-1.37424353780862E-6,0.397384370993068));
#7185=DIRECTION('',(-2.83821078159321E-6,-0.99999999999118,3.09586153054638E-6));
#7186=DIRECTION('center_axis',(2.83821078159321E-6,0.99999999999118,-3.09586153054638E-6));
#7187=DIRECTION('ref_axis',(0.917652255317097,-1.37424353780862E-6,0.397384370993068));
#7188=DIRECTION('center_axis',(-2.83821078159321E-6,-0.99999999999118,3.09586153054638E-6));
#7189=DIRECTION('ref_axis',(-0.628518456505182,-6.24076740130941E-7,-0.777794670740263));
#7190=DIRECTION('',(2.83821078159321E-6,0.99999999999118,-3.09586153054638E-6));
#7191=DIRECTION('center_axis',(2.83821078159321E-6,0.99999999999118,-3.09586153054638E-6));
#7192=DIRECTION('ref_axis',(-0.628518456505182,-6.24076740130941E-7,-0.777794670740263));
#7193=DIRECTION('center_axis',(-2.83821078159321E-6,-0.99999999999118,3.09586153054638E-6));
#7194=DIRECTION('ref_axis',(0.917673614977142,-3.83464542226804E-6,-0.397335042955035));
#7195=DIRECTION('',(-2.83821078159321E-6,-0.99999999999118,3.09586153054638E-6));
#7196=DIRECTION('center_axis',(2.83821078159321E-6,0.99999999999118,-3.09586153054638E-6));
#7197=DIRECTION('ref_axis',(0.917673614977142,-3.83464542226804E-6,-0.397335042955035));
#7198=DIRECTION('center_axis',(2.68769827267969E-5,-3.09593781198294E-6,
-0.999999999634022));
#7199=DIRECTION('ref_axis',(0.999999999634786,-2.83812757313594E-6,2.68769915134839E-5));
#7200=DIRECTION('',(2.83821078159321E-6,0.99999999999118,-3.09586153054638E-6));
#7201=DIRECTION('',(0.999999999634786,-2.83812757313594E-6,2.68769915134805E-5));
#7202=DIRECTION('center_axis',(-2.83821078159321E-6,-0.99999999999118,3.09586153054638E-6));
#7203=DIRECTION('ref_axis',(-0.917652255317097,1.37424353780862E-6,-0.397384370993068));
#7204=DIRECTION('',(-2.83821078159321E-6,-0.99999999999118,3.09586153054638E-6));
#7205=DIRECTION('center_axis',(2.83821078159321E-6,0.99999999999118,-3.09586153054638E-6));
#7206=DIRECTION('ref_axis',(-0.917652255317097,1.37424353780862E-6,-0.397384370993068));
#7207=DIRECTION('center_axis',(-2.83821078159321E-6,-0.99999999999118,3.09586153054638E-6));
#7208=DIRECTION('ref_axis',(0.628518456505182,6.24076740130941E-7,0.777794670740263));
#7209=DIRECTION('center_axis',(2.83821078159321E-6,0.99999999999118,-3.09586153054638E-6));
#7210=DIRECTION('ref_axis',(0.628518456505182,6.24076740130941E-7,0.777794670740263));
#7211=DIRECTION('center_axis',(-2.83821078159321E-6,-0.99999999999118,3.09586153054638E-6));
#7212=DIRECTION('ref_axis',(-0.917673614977142,3.83464542226804E-6,0.397335042955035));
#7213=DIRECTION('',(-2.83821078159321E-6,-0.99999999999118,3.09586153054638E-6));
#7214=DIRECTION('center_axis',(2.83821078159321E-6,0.99999999999118,-3.09586153054638E-6));
#7215=DIRECTION('ref_axis',(-0.917673614977142,3.83464542226804E-6,0.397335042955035));
#7216=DIRECTION('',(2.83821078159321E-6,0.99999999999118,-3.09586153054638E-6));
#7217=DIRECTION('center_axis',(-2.68769827267969E-5,3.09593781198294E-6,
0.999999999634022));
#7218=DIRECTION('ref_axis',(-0.999999999634786,2.83812757313594E-6,-2.68769915134839E-5));
#7219=DIRECTION('',(2.83821078159321E-6,0.99999999999118,-3.09586153054638E-6));
#7220=DIRECTION('',(-0.999999999634786,2.83812757313594E-6,-2.68769915134805E-5));
#7221=DIRECTION('center_axis',(-2.83821078159321E-6,-0.99999999999118,3.09586153054638E-6));
#7222=DIRECTION('ref_axis',(0.917652255317097,-1.37424353780862E-6,0.397384370993068));
#7223=DIRECTION('',(-2.83821078159321E-6,-0.99999999999118,3.09586153054638E-6));
#7224=DIRECTION('center_axis',(2.83821078159321E-6,0.99999999999118,-3.09586153054638E-6));
#7225=DIRECTION('ref_axis',(0.917652255317097,-1.37424353780862E-6,0.397384370993068));
#7226=DIRECTION('center_axis',(-2.83821078159321E-6,-0.99999999999118,3.09586153054638E-6));
#7227=DIRECTION('ref_axis',(-0.628518456505182,-6.24076740130941E-7,-0.777794670740263));
#7228=DIRECTION('',(2.83821078159321E-6,0.99999999999118,-3.09586153054638E-6));
#7229=DIRECTION('center_axis',(2.83821078159321E-6,0.99999999999118,-3.09586153054638E-6));
#7230=DIRECTION('ref_axis',(-0.628518456505182,-6.24076740130941E-7,-0.777794670740263));
#7231=DIRECTION('center_axis',(-2.83821078159321E-6,-0.99999999999118,3.09586153054638E-6));
#7232=DIRECTION('ref_axis',(0.917673614977142,-3.83464542226804E-6,-0.397335042955035));
#7233=DIRECTION('',(-2.83821078159321E-6,-0.99999999999118,3.09586153054638E-6));
#7234=DIRECTION('center_axis',(2.83821078159321E-6,0.99999999999118,-3.09586153054638E-6));
#7235=DIRECTION('ref_axis',(0.917673614977142,-3.83464542226804E-6,-0.397335042955035));
#7236=DIRECTION('center_axis',(2.68769827267969E-5,-3.09593781198294E-6,
-0.999999999634022));
#7237=DIRECTION('ref_axis',(0.999999999634786,-2.83812757313594E-6,2.68769915134839E-5));
#7238=DIRECTION('',(2.83821078159321E-6,0.99999999999118,-3.09586153054638E-6));
#7239=DIRECTION('',(0.999999999634786,-2.83812757313594E-6,2.68769915134805E-5));
#7240=DIRECTION('center_axis',(-2.83821078159321E-6,-0.99999999999118,3.09586153054638E-6));
#7241=DIRECTION('ref_axis',(-0.917652255317097,1.37424353780862E-6,-0.397384370993068));
#7242=DIRECTION('',(-2.83821078159321E-6,-0.99999999999118,3.09586153054638E-6));
#7243=DIRECTION('center_axis',(2.83821078159321E-6,0.99999999999118,-3.09586153054638E-6));
#7244=DIRECTION('ref_axis',(-0.917652255317097,1.37424353780862E-6,-0.397384370993068));
#7245=DIRECTION('center_axis',(-2.83821078159321E-6,-0.99999999999118,3.09586153054638E-6));
#7246=DIRECTION('ref_axis',(0.628518456505182,6.24076740130941E-7,0.777794670740263));
#7247=DIRECTION('center_axis',(2.83821078159321E-6,0.99999999999118,-3.09586153054638E-6));
#7248=DIRECTION('ref_axis',(0.628518456505182,6.24076740130941E-7,0.777794670740263));
#7249=DIRECTION('center_axis',(-2.83821078159321E-6,-0.99999999999118,3.09586153054638E-6));
#7250=DIRECTION('ref_axis',(-0.917673614977142,3.83464542226804E-6,0.397335042955035));
#7251=DIRECTION('',(-2.83821078159321E-6,-0.99999999999118,3.09586153054638E-6));
#7252=DIRECTION('center_axis',(2.83821078159321E-6,0.99999999999118,-3.09586153054638E-6));
#7253=DIRECTION('ref_axis',(-0.917673614977142,3.83464542226804E-6,0.397335042955035));
#7254=DIRECTION('',(2.83821078159321E-6,0.99999999999118,-3.09586153054638E-6));
#7255=DIRECTION('center_axis',(-2.68769827267969E-5,3.09593781198294E-6,
0.999999999634022));
#7256=DIRECTION('ref_axis',(-0.999999999634786,2.83812757313594E-6,-2.68769915134839E-5));
#7257=DIRECTION('',(2.83821078159321E-6,0.99999999999118,-3.09586153054638E-6));
#7258=DIRECTION('',(-0.999999999634786,2.83812757313594E-6,-2.68769915134805E-5));
#7259=DIRECTION('center_axis',(-2.83821078159321E-6,-0.99999999999118,3.09586153054638E-6));
#7260=DIRECTION('ref_axis',(0.917652255317097,-1.37424353780862E-6,0.397384370993068));
#7261=DIRECTION('',(-2.83821078159321E-6,-0.99999999999118,3.09586153054638E-6));
#7262=DIRECTION('center_axis',(2.83821078159321E-6,0.99999999999118,-3.09586153054638E-6));
#7263=DIRECTION('ref_axis',(0.917652255317097,-1.37424353780862E-6,0.397384370993068));
#7264=DIRECTION('center_axis',(-2.83821078159321E-6,-0.99999999999118,3.09586153054638E-6));
#7265=DIRECTION('ref_axis',(-0.628518456505182,-6.24076740130941E-7,-0.777794670740263));
#7266=DIRECTION('',(2.83821078159321E-6,0.99999999999118,-3.09586153054638E-6));
#7267=DIRECTION('center_axis',(2.83821078159321E-6,0.99999999999118,-3.09586153054638E-6));
#7268=DIRECTION('ref_axis',(-0.628518456505182,-6.24076740130941E-7,-0.777794670740263));
#7269=DIRECTION('center_axis',(-2.83821078159321E-6,-0.99999999999118,3.09586153054638E-6));
#7270=DIRECTION('ref_axis',(0.917673614977142,-3.83464542226804E-6,-0.397335042955035));
#7271=DIRECTION('',(-2.83821078159321E-6,-0.99999999999118,3.09586153054638E-6));
#7272=DIRECTION('center_axis',(2.83821078159321E-6,0.99999999999118,-3.09586153054638E-6));
#7273=DIRECTION('ref_axis',(0.917673614977142,-3.83464542226804E-6,-0.397335042955035));
#7274=DIRECTION('center_axis',(2.68769827267969E-5,-3.09593781198294E-6,
-0.999999999634022));
#7275=DIRECTION('ref_axis',(0.999999999634786,-2.83812757313594E-6,2.68769915134839E-5));
#7276=DIRECTION('',(2.83821078159321E-6,0.99999999999118,-3.09586153054638E-6));
#7277=DIRECTION('',(0.999999999634786,-2.83812757313594E-6,2.68769915134805E-5));
#7278=DIRECTION('center_axis',(-2.83821078159321E-6,-0.99999999999118,3.09586153054638E-6));
#7279=DIRECTION('ref_axis',(-0.917652255317097,1.37424353780862E-6,-0.397384370993068));
#7280=DIRECTION('',(-2.83821078159321E-6,-0.99999999999118,3.09586153054638E-6));
#7281=DIRECTION('center_axis',(2.83821078159321E-6,0.99999999999118,-3.09586153054638E-6));
#7282=DIRECTION('ref_axis',(-0.917652255317097,1.37424353780862E-6,-0.397384370993068));
#7283=DIRECTION('center_axis',(-2.83821078159321E-6,-0.99999999999118,3.09586153054638E-6));
#7284=DIRECTION('ref_axis',(0.628518456505182,6.24076740130941E-7,0.777794670740263));
#7285=DIRECTION('center_axis',(2.83821078159321E-6,0.99999999999118,-3.09586153054638E-6));
#7286=DIRECTION('ref_axis',(0.628518456505182,6.24076740130941E-7,0.777794670740263));
#7287=DIRECTION('center_axis',(-2.83821078159321E-6,-0.99999999999118,3.09586153054638E-6));
#7288=DIRECTION('ref_axis',(-2.68769827267969E-5,3.09593781198281E-6,0.999999999634021));
#7289=DIRECTION('center_axis',(-2.83821078159321E-6,-0.99999999999118,3.09586153054638E-6));
#7290=DIRECTION('ref_axis',(-2.68769827267969E-5,3.09593781198281E-6,0.999999999634021));
#7291=DIRECTION('',(-2.83821078159321E-6,-0.99999999999118,3.09586153054638E-6));
#7292=DIRECTION('center_axis',(2.83821078159321E-6,0.99999999999118,-3.09586153054638E-6));
#7293=DIRECTION('ref_axis',(2.68769827267969E-5,-3.09593781198281E-6,-0.999999999634022));
#7294=DIRECTION('center_axis',(-2.83821078159321E-6,-0.99999999999118,3.09586153054638E-6));
#7295=DIRECTION('ref_axis',(-2.68769827267969E-5,3.09593781198281E-6,0.999999999634021));
#7296=DIRECTION('center_axis',(-2.83821078159321E-6,-0.99999999999118,3.09586153054638E-6));
#7297=DIRECTION('ref_axis',(-2.68769827267969E-5,3.09593781198281E-6,0.999999999634021));
#7298=DIRECTION('center_axis',(-2.83821078159321E-6,-0.99999999999118,3.09586153054638E-6));
#7299=DIRECTION('ref_axis',(-2.68769827267969E-5,3.09593781198281E-6,0.999999999634021));
#7300=DIRECTION('',(-2.83821078159321E-6,-0.99999999999118,3.09586153054638E-6));
#7301=DIRECTION('center_axis',(2.83821078159321E-6,0.99999999999118,-3.09586153054638E-6));
#7302=DIRECTION('ref_axis',(2.68769827267969E-5,-3.09593781198281E-6,-0.999999999634022));
#7303=DIRECTION('center_axis',(-2.83821078159321E-6,-0.99999999999118,3.09586153054638E-6));
#7304=DIRECTION('ref_axis',(-2.68769827267969E-5,3.09593781198281E-6,0.999999999634021));
#7305=DIRECTION('center_axis',(-2.83821078159321E-6,-0.99999999999118,3.09586153054638E-6));
#7306=DIRECTION('ref_axis',(-2.68769827267969E-5,3.09593781198281E-6,0.999999999634021));
#7307=DIRECTION('center_axis',(-2.83821078159321E-6,-0.99999999999118,3.09586153054638E-6));
#7308=DIRECTION('ref_axis',(-2.68769827267969E-5,3.09593781198281E-6,0.999999999634021));
#7309=DIRECTION('',(-2.83821078159321E-6,-0.99999999999118,3.09586153054638E-6));
#7310=DIRECTION('center_axis',(2.83821078159321E-6,0.99999999999118,-3.09586153054638E-6));
#7311=DIRECTION('ref_axis',(2.68769827267969E-5,-3.09593781198281E-6,-0.999999999634022));
#7312=DIRECTION('center_axis',(-2.83821078159321E-6,-0.99999999999118,3.09586153054638E-6));
#7313=DIRECTION('ref_axis',(-2.68769827267969E-5,3.09593781198281E-6,0.999999999634021));
#7314=DIRECTION('center_axis',(-2.83821078159321E-6,-0.99999999999118,3.09586153054638E-6));
#7315=DIRECTION('ref_axis',(-2.68769827267969E-5,3.09593781198281E-6,0.999999999634021));
#7316=DIRECTION('center_axis',(-2.83821078159321E-6,-0.99999999999118,3.09586153054638E-6));
#7317=DIRECTION('ref_axis',(-2.68769827267969E-5,3.09593781198281E-6,0.999999999634021));
#7318=DIRECTION('',(-2.83821078159321E-6,-0.99999999999118,3.09586153054638E-6));
#7319=DIRECTION('center_axis',(2.83821078159321E-6,0.99999999999118,-3.09586153054638E-6));
#7320=DIRECTION('ref_axis',(2.68769827267969E-5,-3.09593781198281E-6,-0.999999999634022));
#7321=DIRECTION('center_axis',(-2.83821078159321E-6,-0.99999999999118,3.09586153054638E-6));
#7322=DIRECTION('ref_axis',(-2.68769827267969E-5,3.09593781198281E-6,0.999999999634021));
#7323=DIRECTION('center_axis',(-2.83821078159321E-6,-0.99999999999118,3.09586153054638E-6));
#7324=DIRECTION('ref_axis',(-2.68769827267969E-5,3.09593781198281E-6,0.999999999634021));
#7325=DIRECTION('center_axis',(-2.83821078159321E-6,-0.99999999999118,3.09586153054638E-6));
#7326=DIRECTION('ref_axis',(-2.68769827267969E-5,3.09593781198281E-6,0.999999999634021));
#7327=DIRECTION('',(-2.83821078159321E-6,-0.99999999999118,3.09586153054638E-6));
#7328=DIRECTION('center_axis',(2.83821078159321E-6,0.99999999999118,-3.09586153054638E-6));
#7329=DIRECTION('ref_axis',(2.68769827267969E-5,-3.09593781198281E-6,-0.999999999634022));
#7330=DIRECTION('center_axis',(-2.83821078159321E-6,-0.99999999999118,3.09586153054638E-6));
#7331=DIRECTION('ref_axis',(-2.68769827267969E-5,3.09593781198281E-6,0.999999999634021));
#7332=DIRECTION('center_axis',(-2.68769827267969E-5,3.09593781198294E-6,
0.999999999634022));
#7333=DIRECTION('ref_axis',(0.999999999634786,-2.83812757313594E-6,2.68769915134839E-5));
#7334=DIRECTION('center_axis',(2.68769827267969E-5,-3.09593781198294E-6,
-0.999999999634022));
#7335=DIRECTION('ref_axis',(-0.999999999634786,2.83812757313594E-6,-2.68769915134839E-5));
#7336=DIRECTION('center_axis',(-2.68769827267969E-5,3.09593781198294E-6,
0.999999999634022));
#7337=DIRECTION('ref_axis',(0.999999999634786,-2.83812757313594E-6,2.68769915134839E-5));
#7338=DIRECTION('center_axis',(2.68769827267969E-5,-3.09593781198294E-6,
-0.999999999634022));
#7339=DIRECTION('ref_axis',(-0.999999999634786,2.83812757313594E-6,-2.68769915134839E-5));
#7340=DIRECTION('center_axis',(-2.68769827267969E-5,3.09593781198294E-6,
0.999999999634022));
#7341=DIRECTION('ref_axis',(0.999999999634786,-2.83812757313594E-6,2.68769915134839E-5));
#7342=DIRECTION('center_axis',(2.68769827267969E-5,-3.09593781198294E-6,
-0.999999999634022));
#7343=DIRECTION('ref_axis',(-0.999999999634786,2.83812757313594E-6,-2.68769915134839E-5));
#7344=DIRECTION('center_axis',(-2.68769827267969E-5,3.09593781198294E-6,
0.999999999634022));
#7345=DIRECTION('ref_axis',(0.999999999634786,-2.83812757313594E-6,2.68769915134839E-5));
#7346=DIRECTION('center_axis',(2.68769827267969E-5,-3.09593781198294E-6,
-0.999999999634022));
#7347=DIRECTION('ref_axis',(-0.999999999634786,2.83812757313594E-6,-2.68769915134839E-5));
#7348=DIRECTION('center_axis',(-2.68769827267969E-5,3.09593781198294E-6,
0.999999999634022));
#7349=DIRECTION('ref_axis',(0.999999999634786,-2.83812757313594E-6,2.68769915134839E-5));
#7350=DIRECTION('center_axis',(2.68769827267969E-5,-3.09593781198294E-6,
-0.999999999634022));
#7351=DIRECTION('ref_axis',(-0.999999999634786,2.83812757313594E-6,-2.68769915134839E-5));
#7352=DIRECTION('center_axis',(-2.68769827267969E-5,3.09593781198294E-6,
0.999999999634022));
#7353=DIRECTION('ref_axis',(0.999999999634786,-2.83812757313594E-6,2.68769915134839E-5));
#7354=DIRECTION('center_axis',(2.83821078159321E-6,0.99999999999118,-3.09586153054638E-6));
#7355=DIRECTION('ref_axis',(2.68769827267969E-5,-3.09593781198281E-6,-0.999999999634022));
#7356=DIRECTION('center_axis',(2.83821078159321E-6,0.99999999999118,-3.09586153054638E-6));
#7357=DIRECTION('ref_axis',(2.68769827267969E-5,-3.09593781198281E-6,-0.999999999634022));
#7358=DIRECTION('center_axis',(2.83821078159321E-6,0.99999999999118,-3.09586153054638E-6));
#7359=DIRECTION('ref_axis',(2.68769827267969E-5,-3.09593781198281E-6,-0.999999999634022));
#7360=DIRECTION('center_axis',(2.83821078159321E-6,0.99999999999118,-3.09586153054638E-6));
#7361=DIRECTION('ref_axis',(2.68769827267969E-5,-3.09593781198281E-6,-0.999999999634022));
#7362=DIRECTION('center_axis',(2.83821078159321E-6,0.99999999999118,-3.09586153054638E-6));
#7363=DIRECTION('ref_axis',(2.68769827267969E-5,-3.09593781198281E-6,-0.999999999634022));
#7364=DIRECTION('center_axis',(2.83821078159321E-6,0.99999999999118,-3.09586153054638E-6));
#7365=DIRECTION('ref_axis',(2.68769827267969E-5,-3.09593781198281E-6,-0.999999999634022));
#7366=DIRECTION('center_axis',(-2.83821078159321E-6,-0.99999999999118,3.09586153054638E-6));
#7367=DIRECTION('ref_axis',(-2.68769827267969E-5,3.09593781198281E-6,0.999999999634021));
#7368=DIRECTION('',(-2.83821078159321E-6,-0.99999999999118,3.09586153054638E-6));
#7369=DIRECTION('center_axis',(-2.83821078159321E-6,-0.99999999999118,3.09586153054638E-6));
#7370=DIRECTION('ref_axis',(-2.68769827267969E-5,3.09593781198281E-6,0.999999999634021));
#7371=DIRECTION('center_axis',(2.83821078159321E-6,0.99999999999118,-3.09586153054638E-6));
#7372=DIRECTION('ref_axis',(2.68769827267969E-5,-3.09593781198281E-6,-0.999999999634022));
#7373=DIRECTION('center_axis',(2.83821078159321E-6,0.99999999999118,-3.09586153054638E-6));
#7374=DIRECTION('ref_axis',(-2.68769827267969E-5,3.09593781198281E-6,0.999999999634021));
#7375=DIRECTION('center_axis',(-2.83821078159321E-6,-0.99999999999118,3.09586153054638E-6));
#7376=DIRECTION('ref_axis',(-2.68769827267969E-5,3.09593781198281E-6,0.999999999634021));
#7377=DIRECTION('',(-2.83821078159321E-6,-0.99999999999118,3.09586153054638E-6));
#7378=DIRECTION('center_axis',(-2.83821078159321E-6,-0.99999999999118,3.09586153054638E-6));
#7379=DIRECTION('ref_axis',(-2.68769827267969E-5,3.09593781198281E-6,0.999999999634021));
#7380=DIRECTION('center_axis',(2.83821078159321E-6,0.99999999999118,-3.09586153054638E-6));
#7381=DIRECTION('ref_axis',(2.68769827267969E-5,-3.09593781198281E-6,-0.999999999634022));
#7382=DIRECTION('center_axis',(2.83821078159321E-6,0.99999999999118,-3.09586153054638E-6));
#7383=DIRECTION('ref_axis',(-2.68769827267969E-5,3.09593781198281E-6,0.999999999634021));
#7384=DIRECTION('center_axis',(-2.83821078159321E-6,-0.99999999999118,3.09586153054638E-6));
#7385=DIRECTION('ref_axis',(-2.68769827267969E-5,3.09593781198281E-6,0.999999999634021));
#7386=DIRECTION('',(-2.83821078159321E-6,-0.99999999999118,3.09586153054638E-6));
#7387=DIRECTION('center_axis',(-2.83821078159321E-6,-0.99999999999118,3.09586153054638E-6));
#7388=DIRECTION('ref_axis',(-2.68769827267969E-5,3.09593781198281E-6,0.999999999634021));
#7389=DIRECTION('center_axis',(2.83821078159321E-6,0.99999999999118,-3.09586153054638E-6));
#7390=DIRECTION('ref_axis',(2.68769827267969E-5,-3.09593781198281E-6,-0.999999999634022));
#7391=DIRECTION('center_axis',(2.83821078159321E-6,0.99999999999118,-3.09586153054638E-6));
#7392=DIRECTION('ref_axis',(-2.68769827267969E-5,3.09593781198281E-6,0.999999999634021));
#7393=DIRECTION('center_axis',(-2.83821078159321E-6,-0.99999999999118,3.09586153054638E-6));
#7394=DIRECTION('ref_axis',(-2.68769827267969E-5,3.09593781198281E-6,0.999999999634021));
#7395=DIRECTION('',(-2.83821078159321E-6,-0.99999999999118,3.09586153054638E-6));
#7396=DIRECTION('center_axis',(-2.83821078159321E-6,-0.99999999999118,3.09586153054638E-6));
#7397=DIRECTION('ref_axis',(-2.68769827267969E-5,3.09593781198281E-6,0.999999999634021));
#7398=DIRECTION('center_axis',(2.83821078159321E-6,0.99999999999118,-3.09586153054638E-6));
#7399=DIRECTION('ref_axis',(2.68769827267969E-5,-3.09593781198281E-6,-0.999999999634022));
#7400=DIRECTION('center_axis',(2.83821078159321E-6,0.99999999999118,-3.09586153054638E-6));
#7401=DIRECTION('ref_axis',(-2.68769827267969E-5,3.09593781198281E-6,0.999999999634021));
#7402=DIRECTION('center_axis',(-2.83821078159321E-6,-0.99999999999118,3.09586153054638E-6));
#7403=DIRECTION('ref_axis',(-2.68769827267969E-5,3.09593781198281E-6,0.999999999634021));
#7404=DIRECTION('',(-2.83821078159321E-6,-0.99999999999118,3.09586153054638E-6));
#7405=DIRECTION('center_axis',(-2.83821078159321E-6,-0.99999999999118,3.09586153054638E-6));
#7406=DIRECTION('ref_axis',(-2.68769827267969E-5,3.09593781198281E-6,0.999999999634021));
#7407=DIRECTION('center_axis',(2.83821078159321E-6,0.99999999999118,-3.09586153054638E-6));
#7408=DIRECTION('ref_axis',(2.68769827267969E-5,-3.09593781198281E-6,-0.999999999634022));
#7409=DIRECTION('center_axis',(2.83821078159321E-6,0.99999999999118,-3.09586153054638E-6));
#7410=DIRECTION('ref_axis',(-2.68769827267969E-5,3.09593781198281E-6,0.999999999634021));
#7411=DIRECTION('center_axis',(2.83821078159321E-6,0.99999999999118,-3.09586153054638E-6));
#7412=DIRECTION('ref_axis',(-2.68769827267969E-5,3.09593781198281E-6,0.999999999634021));
#7413=DIRECTION('',(2.83821078159321E-6,0.99999999999118,-3.09586153054638E-6));
#7414=DIRECTION('center_axis',(2.83821078159321E-6,0.99999999999118,-3.09586153054638E-6));
#7415=DIRECTION('ref_axis',(-2.68769827267969E-5,3.09593781198281E-6,0.999999999634021));
#7416=DIRECTION('',(2.83821078159321E-6,0.99999999999118,-3.09586153054638E-6));
#7417=DIRECTION('center_axis',(2.83821078159321E-6,0.99999999999118,-3.09586153054638E-6));
#7418=DIRECTION('ref_axis',(-2.68769827267969E-5,3.09593781198281E-6,0.999999999634021));
#7419=DIRECTION('',(2.83821078159321E-6,0.99999999999118,-3.09586153054638E-6));
#7420=DIRECTION('center_axis',(2.83821078159321E-6,0.99999999999118,-3.09586153054638E-6));
#7421=DIRECTION('ref_axis',(-2.68769827267969E-5,3.09593781198281E-6,0.999999999634021));
#7422=DIRECTION('',(2.83821078159321E-6,0.99999999999118,-3.09586153054638E-6));
#7423=DIRECTION('center_axis',(2.83821078159321E-6,0.99999999999118,-3.09586153054638E-6));
#7424=DIRECTION('ref_axis',(-2.68769827267969E-5,3.09593781198281E-6,0.999999999634021));
#7425=DIRECTION('',(2.83821078159321E-6,0.99999999999118,-3.09586153054638E-6));
#7426=DIRECTION('center_axis',(2.83821078159321E-6,0.99999999999118,-3.09586153054638E-6));
#7427=DIRECTION('ref_axis',(-2.68769827267969E-5,3.09593781198281E-6,0.999999999634021));
#7428=DIRECTION('center_axis',(-2.83821078159321E-6,-0.99999999999118,3.09586153054638E-6));
#7429=DIRECTION('ref_axis',(-2.68769827267969E-5,3.09593781198281E-6,0.999999999634021));
#7430=DIRECTION('',(2.83821078159321E-6,0.99999999999118,-3.09586153054638E-6));
#7431=DIRECTION('center_axis',(2.83821078159321E-6,0.99999999999118,-3.09586153054638E-6));
#7432=DIRECTION('ref_axis',(-2.68769827267969E-5,3.09593781198281E-6,0.999999999634021));
#7433=DIRECTION('center_axis',(2.83821078159321E-6,0.99999999999118,-3.09586153054638E-6));
#7434=DIRECTION('ref_axis',(2.68769827267969E-5,-3.09593781198281E-6,-0.999999999634022));
#7435=DIRECTION('center_axis',(-2.83821078159321E-6,-0.99999999999118,3.09586153054638E-6));
#7436=DIRECTION('ref_axis',(-2.68769827267969E-5,3.09593781198281E-6,0.999999999634021));
#7437=DIRECTION('center_axis',(2.83821078159321E-6,0.99999999999118,-3.09586153054638E-6));
#7438=DIRECTION('ref_axis',(2.68769827267969E-5,-3.09593781198281E-6,-0.999999999634022));
#7439=DIRECTION('center_axis',(-2.83821078159321E-6,-0.99999999999118,3.09586153054638E-6));
#7440=DIRECTION('ref_axis',(-2.68769827267969E-5,3.09593781198281E-6,0.999999999634021));
#7441=DIRECTION('center_axis',(-2.83821078159321E-6,-0.99999999999118,3.09586153054638E-6));
#7442=DIRECTION('ref_axis',(-2.68769827267969E-5,3.09593781198281E-6,0.999999999634021));
#7443=DIRECTION('',(-2.83821078159321E-6,-0.99999999999118,3.09586153054638E-6));
#7444=DIRECTION('center_axis',(-2.83821078159321E-6,-0.99999999999118,3.09586153054638E-6));
#7445=DIRECTION('ref_axis',(-2.68769827267969E-5,3.09593781198281E-6,0.999999999634021));
#7446=DIRECTION('',(-2.83821078159321E-6,-0.99999999999118,3.09586153054638E-6));
#7447=DIRECTION('center_axis',(2.83821078159321E-6,0.99999999999118,-3.09586153054638E-6));
#7448=DIRECTION('ref_axis',(2.6876982727063E-5,-3.09593781228696E-6,-0.999999999634022));
#7449=DIRECTION('center_axis',(-2.83821078159321E-6,-0.99999999999118,3.09586153054638E-6));
#7450=DIRECTION('ref_axis',(-0.999999999634786,2.8381275731376E-6,-2.68769915135405E-5));
#7451=DIRECTION('center_axis',(2.83821078159321E-6,0.99999999999118,-3.09586153054638E-6));
#7452=DIRECTION('ref_axis',(2.68769827267969E-5,-3.09593781198282E-6,-0.999999999634021));
#7453=DIRECTION('center_axis',(2.83821078159321E-6,0.99999999999118,-3.09586153054638E-6));
#7454=DIRECTION('ref_axis',(-0.999999999634786,2.8381275731376E-6,-2.68769915135405E-5));
#7455=DIRECTION('center_axis',(-2.83821078159321E-6,-0.99999999999118,3.09586153054638E-6));
#7456=DIRECTION('ref_axis',(-2.6876982727063E-5,3.09593781228696E-6,0.999999999634022));
#7457=DIRECTION('center_axis',(0.999999999634786,-2.83812757313594E-6,2.68769915134805E-5));
#7458=DIRECTION('ref_axis',(-2.10118148340399E-5,-0.707104592022091,0.707108970032042));
#7459=DIRECTION('center_axis',(1.,-5.07176325767709E-28,-4.28272333450987E-14));
#7460=DIRECTION('ref_axis',(3.02835216172227E-14,-0.707104591925633,0.707108970440684));
#7461=DIRECTION('',(-0.999999999634786,2.83812757313594E-6,-2.68769915134805E-5));
#7462=DIRECTION('center_axis',(-0.999999999634786,2.83812757313594E-6,-2.68769915134805E-5));
#7463=DIRECTION('ref_axis',(-2.83821078159154E-6,-0.99999999999118,3.09586153054638E-6));
#7464=DIRECTION('',(0.999999999634786,-2.83812757313594E-6,2.68769915134805E-5));
#7465=DIRECTION('center_axis',(-2.68769827267969E-5,3.09593781198294E-6,
0.999999999634022));
#7466=DIRECTION('ref_axis',(2.83821078159321E-6,0.99999999999118,-3.0958615305465E-6));
#7467=DIRECTION('',(1.32590450636421E-19,-0.999999999995208,3.09593781310115E-6));
#7468=DIRECTION('',(0.999999999634786,-2.83812757313594E-6,2.68769915134805E-5));
#7469=DIRECTION('',(2.83821078159321E-6,0.99999999999118,-3.09586153054638E-6));
#7470=DIRECTION('center_axis',(-0.999999999634786,2.83812757313594E-6,-2.68769915134805E-5));
#7471=DIRECTION('ref_axis',(-1.69979786538478E-5,0.707108970338982,0.70710459182303));
#7472=DIRECTION('center_axis',(1.,-5.07176325767709E-28,-4.28272333450987E-14));
#7473=DIRECTION('ref_axis',(-3.02835216172227E-14,0.707104591925182,-0.707108970441135));
#7474=DIRECTION('',(-0.999999999634786,2.83812757313594E-6,-2.68769915134805E-5));
#7475=DIRECTION('center_axis',(0.999999999634786,-2.83812757313594E-6,2.68769915134805E-5));
#7476=DIRECTION('ref_axis',(2.83821078159154E-6,0.99999999999118,-3.09586153054638E-6));
#7477=DIRECTION('center_axis',(2.83821078159321E-6,0.99999999999118,-3.09586153054638E-6));
#7478=DIRECTION('ref_axis',(2.68769827267969E-5,-3.09593781198281E-6,-0.999999999634022));
#7479=DIRECTION('',(4.28272333448935E-14,3.09586153055872E-6,0.999999999995208));
#7480=DIRECTION('',(0.999999999634786,-2.83812757313594E-6,2.68769915134805E-5));
#7481=DIRECTION('center_axis',(-2.83821078159321E-6,-0.99999999999118,3.09586153054638E-6));
#7482=DIRECTION('ref_axis',(-0.999999999634786,2.8381275731376E-6,-2.68769915135404E-5));
#7483=DIRECTION('',(-0.999999999634786,2.83812757313594E-6,-2.68769915134805E-5));
#7484=DIRECTION('center_axis',(2.83821078159321E-6,0.99999999999118,-3.09586153054638E-6));
#7485=DIRECTION('ref_axis',(-0.917673614977142,3.83464542226804E-6,0.397335042955035));
#7486=DIRECTION('center_axis',(2.83821078159321E-6,0.99999999999118,-3.09586153054638E-6));
#7487=DIRECTION('ref_axis',(0.628518456505182,6.2407674013094E-7,0.777794670740263));
#7488=DIRECTION('center_axis',(2.83821078159321E-6,0.99999999999118,-3.09586153054638E-6));
#7489=DIRECTION('ref_axis',(-0.917652255317097,1.37424353780862E-6,-0.397384370993068));
#7490=DIRECTION('',(0.999999999634786,-2.83812757313594E-6,2.68769915134805E-5));
#7491=DIRECTION('center_axis',(2.83821078159321E-6,0.99999999999118,-3.09586153054638E-6));
#7492=DIRECTION('ref_axis',(0.917673614977142,-3.83464542226804E-6,-0.397335042955035));
#7493=DIRECTION('center_axis',(2.83821078159321E-6,0.99999999999118,-3.09586153054638E-6));
#7494=DIRECTION('ref_axis',(-0.628518456505182,-6.2407674013094E-7,-0.777794670740263));
#7495=DIRECTION('center_axis',(2.83821078159321E-6,0.99999999999118,-3.09586153054638E-6));
#7496=DIRECTION('ref_axis',(0.917652255317097,-1.37424353780862E-6,0.397384370993068));
#7497=DIRECTION('',(-0.999999999634786,2.83812757313594E-6,-2.68769915134805E-5));
#7498=DIRECTION('center_axis',(2.83821078159321E-6,0.99999999999118,-3.09586153054638E-6));
#7499=DIRECTION('ref_axis',(-0.917673614977142,3.83464542226804E-6,0.397335042955035));
#7500=DIRECTION('center_axis',(2.83821078159321E-6,0.99999999999118,-3.09586153054638E-6));
#7501=DIRECTION('ref_axis',(0.628518456505182,6.2407674013094E-7,0.777794670740263));
#7502=DIRECTION('center_axis',(2.83821078159321E-6,0.99999999999118,-3.09586153054638E-6));
#7503=DIRECTION('ref_axis',(-0.917652255317097,1.37424353780862E-6,-0.397384370993068));
#7504=DIRECTION('',(0.999999999634786,-2.83812757313594E-6,2.68769915134805E-5));
#7505=DIRECTION('center_axis',(2.83821078159321E-6,0.99999999999118,-3.09586153054638E-6));
#7506=DIRECTION('ref_axis',(0.917673614977142,-3.83464542226804E-6,-0.397335042955035));
#7507=DIRECTION('center_axis',(2.83821078159321E-6,0.99999999999118,-3.09586153054638E-6));
#7508=DIRECTION('ref_axis',(-0.628518456505182,-6.2407674013094E-7,-0.777794670740263));
#7509=DIRECTION('center_axis',(2.83821078159321E-6,0.99999999999118,-3.09586153054638E-6));
#7510=DIRECTION('ref_axis',(0.917652255317097,-1.37424353780862E-6,0.397384370993068));
#7511=DIRECTION('',(-0.999999999634786,2.83812757313594E-6,-2.68769915134805E-5));
#7512=DIRECTION('center_axis',(2.83821078159321E-6,0.99999999999118,-3.09586153054638E-6));
#7513=DIRECTION('ref_axis',(-0.917673614977142,3.83464542226804E-6,0.397335042955035));
#7514=DIRECTION('center_axis',(2.83821078159321E-6,0.99999999999118,-3.09586153054638E-6));
#7515=DIRECTION('ref_axis',(0.628518456505182,6.2407674013094E-7,0.777794670740263));
#7516=DIRECTION('center_axis',(2.83821078159321E-6,0.99999999999118,-3.09586153054638E-6));
#7517=DIRECTION('ref_axis',(-0.917652255317097,1.37424353780862E-6,-0.397384370993068));
#7518=DIRECTION('',(0.999999999634786,-2.83812757313594E-6,2.68769915134805E-5));
#7519=DIRECTION('center_axis',(2.83821078159321E-6,0.99999999999118,-3.09586153054638E-6));
#7520=DIRECTION('ref_axis',(0.917673614977142,-3.83464542226804E-6,-0.397335042955035));
#7521=DIRECTION('center_axis',(2.83821078159321E-6,0.99999999999118,-3.09586153054638E-6));
#7522=DIRECTION('ref_axis',(-0.628518456505182,-6.2407674013094E-7,-0.777794670740263));
#7523=DIRECTION('center_axis',(2.83821078159321E-6,0.99999999999118,-3.09586153054638E-6));
#7524=DIRECTION('ref_axis',(0.917652255317097,-1.37424353780862E-6,0.397384370993068));
#7525=DIRECTION('',(-0.999999999634786,2.83812757313594E-6,-2.68769915134805E-5));
#7526=DIRECTION('center_axis',(2.83821078159321E-6,0.99999999999118,-3.09586153054638E-6));
#7527=DIRECTION('ref_axis',(-0.917673614977142,3.83464542226804E-6,0.397335042955035));
#7528=DIRECTION('center_axis',(2.83821078159321E-6,0.99999999999118,-3.09586153054638E-6));
#7529=DIRECTION('ref_axis',(0.628518456505182,6.2407674013094E-7,0.777794670740263));
#7530=DIRECTION('center_axis',(2.83821078159321E-6,0.99999999999118,-3.09586153054638E-6));
#7531=DIRECTION('ref_axis',(-0.917652255317097,1.37424353780862E-6,-0.397384370993068));
#7532=DIRECTION('',(0.999999999634786,-2.83812757313594E-6,2.68769915134805E-5));
#7533=DIRECTION('center_axis',(2.83821078159321E-6,0.99999999999118,-3.09586153054638E-6));
#7534=DIRECTION('ref_axis',(0.917673614977142,-3.83464542226804E-6,-0.397335042955035));
#7535=DIRECTION('center_axis',(2.83821078159321E-6,0.99999999999118,-3.09586153054638E-6));
#7536=DIRECTION('ref_axis',(-0.628518456505182,-6.2407674013094E-7,-0.777794670740263));
#7537=DIRECTION('center_axis',(2.83821078159321E-6,0.99999999999118,-3.09586153054638E-6));
#7538=DIRECTION('ref_axis',(0.917652255317097,-1.37424353780862E-6,0.397384370993068));
#7539=DIRECTION('',(-0.999999999634786,2.83812757313594E-6,-2.68769915134805E-5));
#7540=DIRECTION('center_axis',(2.83821078159321E-6,0.99999999999118,-3.09586153054638E-6));
#7541=DIRECTION('ref_axis',(-0.917673614977142,3.83464542226804E-6,0.397335042955035));
#7542=DIRECTION('center_axis',(2.83821078159321E-6,0.99999999999118,-3.09586153054638E-6));
#7543=DIRECTION('ref_axis',(0.628518456505182,6.2407674013094E-7,0.777794670740263));
#7544=DIRECTION('center_axis',(2.83821078159321E-6,0.99999999999118,-3.09586153054638E-6));
#7545=DIRECTION('ref_axis',(-0.917652255317097,1.37424353780862E-6,-0.397384370993068));
#7546=DIRECTION('',(0.999999999634786,-2.83812757313594E-6,2.68769915134805E-5));
#7547=DIRECTION('center_axis',(2.83821078159321E-6,0.99999999999118,-3.09586153054638E-6));
#7548=DIRECTION('ref_axis',(0.917673614977142,-3.83464542226804E-6,-0.397335042955035));
#7549=DIRECTION('center_axis',(2.83821078159321E-6,0.99999999999118,-3.09586153054638E-6));
#7550=DIRECTION('ref_axis',(-0.628518456505182,-6.2407674013094E-7,-0.777794670740263));
#7551=DIRECTION('center_axis',(2.83821078159321E-6,0.99999999999118,-3.09586153054638E-6));
#7552=DIRECTION('ref_axis',(0.917652255317097,-1.37424353780862E-6,0.397384370993068));
#7553=DIRECTION('',(-0.999999999634786,2.83812757313594E-6,-2.68769915134805E-5));
#7554=DIRECTION('center_axis',(2.83821078159321E-6,0.99999999999118,-3.09586153054638E-6));
#7555=DIRECTION('ref_axis',(-0.917673614977142,3.83464542226804E-6,0.397335042955035));
#7556=DIRECTION('center_axis',(2.83821078159321E-6,0.99999999999118,-3.09586153054638E-6));
#7557=DIRECTION('ref_axis',(0.628518456505182,6.2407674013094E-7,0.777794670740263));
#7558=DIRECTION('center_axis',(2.83821078159321E-6,0.99999999999118,-3.09586153054638E-6));
#7559=DIRECTION('ref_axis',(-0.917652255317097,1.37424353780862E-6,-0.397384370993068));
#7560=DIRECTION('',(0.999999999634786,-2.83812757313594E-6,2.68769915134805E-5));
#7561=DIRECTION('center_axis',(2.83821078159321E-6,0.99999999999118,-3.09586153054638E-6));
#7562=DIRECTION('ref_axis',(0.917673614977142,-3.83464542226804E-6,-0.397335042955035));
#7563=DIRECTION('center_axis',(2.83821078159321E-6,0.99999999999118,-3.09586153054638E-6));
#7564=DIRECTION('ref_axis',(-0.628518456505182,-6.2407674013094E-7,-0.777794670740263));
#7565=DIRECTION('center_axis',(2.83821078159321E-6,0.99999999999118,-3.09586153054638E-6));
#7566=DIRECTION('ref_axis',(0.917652255317097,-1.37424353780862E-6,0.397384370993068));
#7567=DIRECTION('center_axis',(-2.83821078159321E-6,-0.99999999999118,3.09586153054638E-6));
#7568=DIRECTION('ref_axis',(-2.68769827267969E-5,3.09593781198281E-6,0.999999999634021));
#7569=DIRECTION('center_axis',(-2.83821078159321E-6,-0.99999999999118,3.09586153054638E-6));
#7570=DIRECTION('ref_axis',(-2.68769827267969E-5,3.09593781198281E-6,0.999999999634021));
#7571=DIRECTION('center_axis',(-2.83821078159321E-6,-0.99999999999118,3.09586153054638E-6));
#7572=DIRECTION('ref_axis',(-2.68769827267969E-5,3.09593781198281E-6,0.999999999634021));
#7573=DIRECTION('center_axis',(-2.83821078159321E-6,-0.99999999999118,3.09586153054638E-6));
#7574=DIRECTION('ref_axis',(-2.68769827267969E-5,3.09593781198281E-6,0.999999999634021));
#7575=DIRECTION('center_axis',(-2.83821078159321E-6,-0.99999999999118,3.09586153054638E-6));
#7576=DIRECTION('ref_axis',(-2.68769827267969E-5,3.09593781198281E-6,0.999999999634021));
#7577=DIRECTION('center_axis',(-2.83821078159321E-6,-0.99999999999118,3.09586153054638E-6));
#7578=DIRECTION('ref_axis',(-2.68769827267969E-5,3.09593781198281E-6,0.999999999634021));
#7579=DIRECTION('center_axis',(2.83821078159321E-6,0.99999999999118,-3.09586153054638E-6));
#7580=DIRECTION('ref_axis',(2.68769827267969E-5,-3.09593781198281E-6,-0.999999999634022));
#7581=DIRECTION('',(-4.28272333448935E-14,-3.09586153055872E-6,-0.999999999995208));
#7582=DIRECTION('center_axis',(2.83821078159321E-6,0.99999999999118,-3.09586153054638E-6));
#7583=DIRECTION('ref_axis',(-0.999999999634786,2.8381275731376E-6,-2.68769915135404E-5));
#7584=DIRECTION('',(-0.999999999634786,2.83812757313594E-6,-2.68769915134805E-5));
#7585=DIRECTION('center_axis',(2.83821078159321E-6,0.99999999999118,-3.09586153054638E-6));
#7586=DIRECTION('ref_axis',(-2.68769827267969E-5,3.09593781198281E-6,0.999999999634021));
#7587=DIRECTION('',(0.999999999634786,-2.83812757313594E-6,2.68769915134805E-5));
#7588=DIRECTION('center_axis',(-2.83821078159321E-6,-0.99999999999118,3.09586153054638E-6));
#7589=DIRECTION('ref_axis',(0.917652255317097,-1.37424353780862E-6,0.397384370993068));
#7590=DIRECTION('center_axis',(-2.83821078159321E-6,-0.99999999999118,3.09586153054638E-6));
#7591=DIRECTION('ref_axis',(-0.628518456505182,-6.2407674013094E-7,-0.777794670740263));
#7592=DIRECTION('center_axis',(-2.83821078159321E-6,-0.99999999999118,3.09586153054638E-6));
#7593=DIRECTION('ref_axis',(0.917673614977142,-3.83464542226804E-6,-0.397335042955035));
#7594=DIRECTION('',(-0.999999999634786,2.83812757313594E-6,-2.68769915134805E-5));
#7595=DIRECTION('center_axis',(-2.83821078159321E-6,-0.99999999999118,3.09586153054638E-6));
#7596=DIRECTION('ref_axis',(-0.917652255317097,1.37424353780862E-6,-0.397384370993068));
#7597=DIRECTION('center_axis',(-2.83821078159321E-6,-0.99999999999118,3.09586153054638E-6));
#7598=DIRECTION('ref_axis',(0.628518456505182,6.2407674013094E-7,0.777794670740263));
#7599=DIRECTION('center_axis',(-2.83821078159321E-6,-0.99999999999118,3.09586153054638E-6));
#7600=DIRECTION('ref_axis',(-0.917673614977142,3.83464542226804E-6,0.397335042955035));
#7601=DIRECTION('',(0.999999999634786,-2.83812757313594E-6,2.68769915134805E-5));
#7602=DIRECTION('center_axis',(-2.83821078159321E-6,-0.99999999999118,3.09586153054638E-6));
#7603=DIRECTION('ref_axis',(0.917652255317097,-1.37424353780862E-6,0.397384370993068));
#7604=DIRECTION('center_axis',(-2.83821078159321E-6,-0.99999999999118,3.09586153054638E-6));
#7605=DIRECTION('ref_axis',(-0.628518456505182,-6.2407674013094E-7,-0.777794670740263));
#7606=DIRECTION('center_axis',(-2.83821078159321E-6,-0.99999999999118,3.09586153054638E-6));
#7607=DIRECTION('ref_axis',(0.917673614977142,-3.83464542226804E-6,-0.397335042955035));
#7608=DIRECTION('',(-0.999999999634786,2.83812757313594E-6,-2.68769915134805E-5));
#7609=DIRECTION('center_axis',(-2.83821078159321E-6,-0.99999999999118,3.09586153054638E-6));
#7610=DIRECTION('ref_axis',(-0.917652255317097,1.37424353780862E-6,-0.397384370993068));
#7611=DIRECTION('center_axis',(-2.83821078159321E-6,-0.99999999999118,3.09586153054638E-6));
#7612=DIRECTION('ref_axis',(0.628518456505182,6.2407674013094E-7,0.777794670740263));
#7613=DIRECTION('center_axis',(-2.83821078159321E-6,-0.99999999999118,3.09586153054638E-6));
#7614=DIRECTION('ref_axis',(-0.917673614977142,3.83464542226804E-6,0.397335042955035));
#7615=DIRECTION('',(0.999999999634786,-2.83812757313594E-6,2.68769915134805E-5));
#7616=DIRECTION('center_axis',(-2.83821078159321E-6,-0.99999999999118,3.09586153054638E-6));
#7617=DIRECTION('ref_axis',(0.917652255317097,-1.37424353780862E-6,0.397384370993068));
#7618=DIRECTION('center_axis',(-2.83821078159321E-6,-0.99999999999118,3.09586153054638E-6));
#7619=DIRECTION('ref_axis',(-0.628518456505182,-6.2407674013094E-7,-0.777794670740263));
#7620=DIRECTION('center_axis',(-2.83821078159321E-6,-0.99999999999118,3.09586153054638E-6));
#7621=DIRECTION('ref_axis',(0.917673614977142,-3.83464542226804E-6,-0.397335042955035));
#7622=DIRECTION('',(-0.999999999634786,2.83812757313594E-6,-2.68769915134805E-5));
#7623=DIRECTION('center_axis',(-2.83821078159321E-6,-0.99999999999118,3.09586153054638E-6));
#7624=DIRECTION('ref_axis',(-0.917652255317097,1.37424353780862E-6,-0.397384370993068));
#7625=DIRECTION('center_axis',(-2.83821078159321E-6,-0.99999999999118,3.09586153054638E-6));
#7626=DIRECTION('ref_axis',(0.628518456505182,6.2407674013094E-7,0.777794670740263));
#7627=DIRECTION('center_axis',(-2.83821078159321E-6,-0.99999999999118,3.09586153054638E-6));
#7628=DIRECTION('ref_axis',(-0.917673614977142,3.83464542226804E-6,0.397335042955035));
#7629=DIRECTION('',(0.999999999634786,-2.83812757313594E-6,2.68769915134805E-5));
#7630=DIRECTION('center_axis',(-2.83821078159321E-6,-0.99999999999118,3.09586153054638E-6));
#7631=DIRECTION('ref_axis',(0.917652255317097,-1.37424353780862E-6,0.397384370993068));
#7632=DIRECTION('center_axis',(-2.83821078159321E-6,-0.99999999999118,3.09586153054638E-6));
#7633=DIRECTION('ref_axis',(-0.628518456505182,-6.2407674013094E-7,-0.777794670740263));
#7634=DIRECTION('center_axis',(-2.83821078159321E-6,-0.99999999999118,3.09586153054638E-6));
#7635=DIRECTION('ref_axis',(0.917673614977142,-3.83464542226804E-6,-0.397335042955035));
#7636=DIRECTION('',(-0.999999999634786,2.83812757313594E-6,-2.68769915134805E-5));
#7637=DIRECTION('center_axis',(-2.83821078159321E-6,-0.99999999999118,3.09586153054638E-6));
#7638=DIRECTION('ref_axis',(-0.917652255317097,1.37424353780862E-6,-0.397384370993068));
#7639=DIRECTION('center_axis',(-2.83821078159321E-6,-0.99999999999118,3.09586153054638E-6));
#7640=DIRECTION('ref_axis',(0.628518456505182,6.2407674013094E-7,0.777794670740263));
#7641=DIRECTION('center_axis',(-2.83821078159321E-6,-0.99999999999118,3.09586153054638E-6));
#7642=DIRECTION('ref_axis',(-0.917673614977142,3.83464542226804E-6,0.397335042955035));
#7643=DIRECTION('',(0.999999999634786,-2.83812757313594E-6,2.68769915134805E-5));
#7644=DIRECTION('center_axis',(-2.83821078159321E-6,-0.99999999999118,3.09586153054638E-6));
#7645=DIRECTION('ref_axis',(0.917652255317097,-1.37424353780862E-6,0.397384370993068));
#7646=DIRECTION('center_axis',(-2.83821078159321E-6,-0.99999999999118,3.09586153054638E-6));
#7647=DIRECTION('ref_axis',(-0.628518456505182,-6.2407674013094E-7,-0.777794670740263));
#7648=DIRECTION('center_axis',(-2.83821078159321E-6,-0.99999999999118,3.09586153054638E-6));
#7649=DIRECTION('ref_axis',(0.917673614977142,-3.83464542226804E-6,-0.397335042955035));
#7650=DIRECTION('',(-0.999999999634786,2.83812757313594E-6,-2.68769915134805E-5));
#7651=DIRECTION('center_axis',(-2.83821078159321E-6,-0.99999999999118,3.09586153054638E-6));
#7652=DIRECTION('ref_axis',(-0.917652255317097,1.37424353780862E-6,-0.397384370993068));
#7653=DIRECTION('center_axis',(-2.83821078159321E-6,-0.99999999999118,3.09586153054638E-6));
#7654=DIRECTION('ref_axis',(0.628518456505182,6.2407674013094E-7,0.777794670740263));
#7655=DIRECTION('center_axis',(-2.83821078159321E-6,-0.99999999999118,3.09586153054638E-6));
#7656=DIRECTION('ref_axis',(-0.917673614977142,3.83464542226804E-6,0.397335042955035));
#7657=DIRECTION('',(0.999999999634786,-2.83812757313594E-6,2.68769915134805E-5));
#7658=DIRECTION('center_axis',(-2.83821078159321E-6,-0.99999999999118,3.09586153054638E-6));
#7659=DIRECTION('ref_axis',(0.917652255317097,-1.37424353780862E-6,0.397384370993068));
#7660=DIRECTION('center_axis',(-2.83821078159321E-6,-0.99999999999118,3.09586153054638E-6));
#7661=DIRECTION('ref_axis',(-0.628518456505182,-6.2407674013094E-7,-0.777794670740263));
#7662=DIRECTION('center_axis',(-2.83821078159321E-6,-0.99999999999118,3.09586153054638E-6));
#7663=DIRECTION('ref_axis',(0.917673614977142,-3.83464542226804E-6,-0.397335042955035));
#7664=DIRECTION('',(-0.999999999634786,2.83812757313594E-6,-2.68769915134805E-5));
#7665=DIRECTION('center_axis',(-2.83821078159321E-6,-0.99999999999118,3.09586153054638E-6));
#7666=DIRECTION('ref_axis',(-0.917652255317097,1.37424353780862E-6,-0.397384370993068));
#7667=DIRECTION('center_axis',(-2.83821078159321E-6,-0.99999999999118,3.09586153054638E-6));
#7668=DIRECTION('ref_axis',(0.628518456505182,6.2407674013094E-7,0.777794670740263));
#7669=DIRECTION('center_axis',(-2.83821078159321E-6,-0.99999999999118,3.09586153054638E-6));
#7670=DIRECTION('ref_axis',(-0.917673614977142,3.83464542226804E-6,0.397335042955035));
#7671=DIRECTION('center_axis',(2.83821078159321E-6,0.99999999999118,-3.09586153054638E-6));
#7672=DIRECTION('ref_axis',(-2.68769827267969E-5,3.09593781198281E-6,0.999999999634021));
#7673=DIRECTION('center_axis',(2.83821078159321E-6,0.99999999999118,-3.09586153054638E-6));
#7674=DIRECTION('ref_axis',(-2.68769827267969E-5,3.09593781198281E-6,0.999999999634021));
#7675=DIRECTION('center_axis',(2.83821078159321E-6,0.99999999999118,-3.09586153054638E-6));
#7676=DIRECTION('ref_axis',(-2.68769827267969E-5,3.09593781198281E-6,0.999999999634021));
#7677=DIRECTION('center_axis',(2.83821078159321E-6,0.99999999999118,-3.09586153054638E-6));
#7678=DIRECTION('ref_axis',(-2.68769827267969E-5,3.09593781198281E-6,0.999999999634021));
#7679=DIRECTION('center_axis',(2.83821078159321E-6,0.99999999999118,-3.09586153054638E-6));
#7680=DIRECTION('ref_axis',(-2.68769827267969E-5,3.09593781198281E-6,0.999999999634021));
#7681=DIRECTION('center_axis',(-0.999999999634786,2.83812757313594E-6,-2.68769915134805E-5));
#7682=DIRECTION('ref_axis',(1.69979786538478E-5,-0.707108970338982,-0.70710459182303));
#7683=DIRECTION('center_axis',(1.,-5.07176325767709E-28,-4.28272333450987E-14));
#7684=DIRECTION('ref_axis',(3.02835216172227E-14,-0.707104591925182,0.707108970441135));
#7685=DIRECTION('center_axis',(1.,6.38378239158712E-16,2.40363284831347E-14));
#7686=DIRECTION('ref_axis',(2.40363304593502E-14,-3.09586153055891E-6,-0.999999999995208));
#7687=DIRECTION('',(0.999999999634786,-2.83812757313593E-6,2.68769915134805E-5));
#7688=DIRECTION('center_axis',(2.68769827267969E-5,-3.09593781198294E-6,
-0.999999999634022));
#7689=DIRECTION('ref_axis',(-2.83821078159321E-6,-0.99999999999118,3.0958615305465E-6));
#7690=DIRECTION('',(-1.32590450636421E-19,0.999999999995208,-3.09593781310115E-6));
#7691=DIRECTION('',(-6.38303826183077E-16,0.999999999995208,-3.0958543701379E-6));
#7692=DIRECTION('',(-0.999999999634786,2.83812757313594E-6,-2.68769915134805E-5));
#7693=DIRECTION('center_axis',(0.999999999634786,-2.83812757313594E-6,2.68769915134805E-5));
#7694=DIRECTION('ref_axis',(2.10118148340399E-5,0.707104592022091,-0.707108970032042));
#7695=DIRECTION('center_axis',(1.,-5.07176325767709E-28,-4.28272333450987E-14));
#7696=DIRECTION('ref_axis',(-3.02835216172227E-14,0.707104591925633,-0.707108970440684));
#7697=DIRECTION('center_axis',(1.,3.9660705886578E-14,3.84695278585303E-13));
#7698=DIRECTION('ref_axis',(-3.96595874981524E-14,0.999999999995266,-3.07693297143006E-6));
#7699=DIRECTION('center_axis',(2.83821078159321E-6,0.99999999999118,-3.09586153054638E-6));
#7700=DIRECTION('ref_axis',(-0.917652255317097,1.37424353780862E-6,-0.397384370993068));
#7701=DIRECTION('',(2.83821078159321E-6,0.99999999999118,-3.09586153054638E-6));
#7702=DIRECTION('center_axis',(-2.83821078159321E-6,-0.99999999999118,3.09586153054638E-6));
#7703=DIRECTION('ref_axis',(-0.917652255317097,1.37424353780862E-6,-0.397384370993068));
#7704=DIRECTION('',(-2.83821078159321E-6,-0.99999999999118,3.09586153054638E-6));
#7705=DIRECTION('center_axis',(-2.83821078159321E-6,-0.99999999999118,3.09586153054638E-6));
#7706=DIRECTION('ref_axis',(0.628518456505182,6.2407674013094E-7,0.777794670740263));
#7707=DIRECTION('center_axis',(2.83821078159321E-6,0.99999999999118,-3.09586153054638E-6));
#7708=DIRECTION('ref_axis',(0.628518456505182,6.2407674013094E-7,0.777794670740263));
#7709=DIRECTION('',(2.83821078159321E-6,0.99999999999118,-3.09586153054638E-6));
#7710=DIRECTION('center_axis',(2.83821078159321E-6,0.99999999999118,-3.09586153054638E-6));
#7711=DIRECTION('ref_axis',(0.917652255317097,-1.37424353780862E-6,0.397384370993068));
#7712=DIRECTION('',(2.83821078159321E-6,0.99999999999118,-3.09586153054638E-6));
#7713=DIRECTION('center_axis',(-2.83821078159321E-6,-0.99999999999118,3.09586153054638E-6));
#7714=DIRECTION('ref_axis',(0.917652255317097,-1.37424353780862E-6,0.397384370993068));
#7715=DIRECTION('',(-2.83821078159321E-6,-0.99999999999118,3.09586153054638E-6));
#7716=DIRECTION('center_axis',(2.83821078159321E-6,0.99999999999118,-3.09586153054638E-6));
#7717=DIRECTION('ref_axis',(2.68769827267969E-5,-3.09593781198281E-6,-0.999999999634022));
#7718=DIRECTION('',(0.999999999634786,-2.83812757313594E-6,2.68769915134805E-5));
#7719=DIRECTION('center_axis',(-2.83821078159321E-6,-0.99999999999118,3.09586153054638E-6));
#7720=DIRECTION('ref_axis',(0.917673614977142,-3.83464542226804E-6,-0.397335042955035));
#7721=DIRECTION('center_axis',(2.83821078159321E-6,0.99999999999118,-3.09586153054638E-6));
#7722=DIRECTION('ref_axis',(-0.628518456505182,-6.2407674013094E-7,-0.777794670740263));
#7723=DIRECTION('',(-0.999999999634786,2.83812757313594E-6,-2.68769915134805E-5));
#7724=DIRECTION('center_axis',(-2.83821078159321E-6,-0.99999999999118,3.09586153054638E-6));
#7725=DIRECTION('ref_axis',(-0.917673614977142,3.83464542226804E-6,0.397335042955035));
#7726=DIRECTION('center_axis',(2.68769827267969E-5,-3.09593781198294E-6,
-0.999999999634022));
#7727=DIRECTION('ref_axis',(-0.999999999634786,2.83812757313594E-6,-2.68769915134839E-5));
#7728=DIRECTION('',(-2.83821078159321E-6,-0.99999999999118,3.09586153054638E-6));
#7729=DIRECTION('center_axis',(2.83821078159321E-6,0.99999999999118,-3.09586153054638E-6));
#7730=DIRECTION('ref_axis',(-0.917673614977142,3.83464542226804E-6,0.397335042955035));
#7731=DIRECTION('center_axis',(2.83821078159321E-6,0.99999999999118,-3.09586153054638E-6));
#7732=DIRECTION('ref_axis',(0.917652255317097,-1.37424353780862E-6,0.397384370993068));
#7733=DIRECTION('',(2.83821078159321E-6,0.99999999999118,-3.09586153054638E-6));
#7734=DIRECTION('center_axis',(-2.83821078159321E-6,-0.99999999999118,3.09586153054638E-6));
#7735=DIRECTION('ref_axis',(0.917652255317097,-1.37424353780862E-6,0.397384370993068));
#7736=DIRECTION('',(-2.83821078159321E-6,-0.99999999999118,3.09586153054638E-6));
#7737=DIRECTION('center_axis',(-2.83821078159321E-6,-0.99999999999118,3.09586153054638E-6));
#7738=DIRECTION('ref_axis',(-0.628518456505182,-6.2407674013094E-7,-0.777794670740263));
#7739=DIRECTION('center_axis',(2.83821078159321E-6,0.99999999999118,-3.09586153054638E-6));
#7740=DIRECTION('ref_axis',(-0.628518456505182,-6.2407674013094E-7,-0.777794670740263));
#7741=DIRECTION('',(2.83821078159321E-6,0.99999999999118,-3.09586153054638E-6));
#7742=DIRECTION('center_axis',(2.83821078159321E-6,0.99999999999118,-3.09586153054638E-6));
#7743=DIRECTION('ref_axis',(-0.917673614977142,3.83464542226804E-6,0.397335042955035));
#7744=DIRECTION('',(2.83821078159321E-6,0.99999999999118,-3.09586153054638E-6));
#7745=DIRECTION('center_axis',(-2.83821078159321E-6,-0.99999999999118,3.09586153054638E-6));
#7746=DIRECTION('ref_axis',(-0.917673614977142,3.83464542226804E-6,0.397335042955035));
#7747=DIRECTION('',(-2.83821078159321E-6,-0.99999999999118,3.09586153054638E-6));
#7748=DIRECTION('center_axis',(2.83821078159321E-6,0.99999999999118,-3.09586153054638E-6));
#7749=DIRECTION('ref_axis',(2.68769827267969E-5,-3.09593781198281E-6,-0.999999999634022));
#7750=DIRECTION('',(-0.999999999634786,2.83812757313594E-6,-2.68769915134805E-5));
#7751=DIRECTION('center_axis',(2.83821078159321E-6,0.99999999999118,-3.09586153054638E-6));
#7752=DIRECTION('ref_axis',(0.628518456505182,6.2407674013094E-7,0.777794670740263));
#7753=DIRECTION('center_axis',(-2.83821078159321E-6,-0.99999999999118,3.09586153054638E-6));
#7754=DIRECTION('ref_axis',(-0.917652255317097,1.37424353780862E-6,-0.397384370993068));
#7755=DIRECTION('',(0.999999999634786,-2.83812757313594E-6,2.68769915134805E-5));
#7756=DIRECTION('center_axis',(-2.83821078159321E-6,-0.99999999999118,3.09586153054638E-6));
#7757=DIRECTION('ref_axis',(0.917673614977142,-3.83464542226804E-6,-0.397335042955035));
#7758=DIRECTION('center_axis',(-2.83821078159321E-6,-0.99999999999118,3.09586153054638E-6));
#7759=DIRECTION('ref_axis',(0.628518456505182,6.2407674013094E-7,0.777794670740263));
#7760=DIRECTION('',(-2.83821078159321E-6,-0.99999999999118,3.09586153054638E-6));
#7761=DIRECTION('center_axis',(2.83821078159321E-6,0.99999999999118,-3.09586153054638E-6));
#7762=DIRECTION('ref_axis',(0.917652255317097,-1.37424353780862E-6,0.397384370993068));
#7763=DIRECTION('',(2.83821078159321E-6,0.99999999999118,-3.09586153054638E-6));
#7764=DIRECTION('center_axis',(-2.83821078159321E-6,-0.99999999999118,3.09586153054638E-6));
#7765=DIRECTION('ref_axis',(0.917652255317097,-1.37424353780862E-6,0.397384370993068));
#7766=DIRECTION('',(-2.83821078159321E-6,-0.99999999999118,3.09586153054638E-6));
#7767=DIRECTION('center_axis',(-2.83821078159321E-6,-0.99999999999118,3.09586153054638E-6));
#7768=DIRECTION('ref_axis',(-0.628518456505182,-6.2407674013094E-7,-0.777794670740263));
#7769=DIRECTION('center_axis',(2.83821078159321E-6,0.99999999999118,-3.09586153054638E-6));
#7770=DIRECTION('ref_axis',(-0.628518456505182,-6.2407674013094E-7,-0.777794670740263));
#7771=DIRECTION('',(2.83821078159321E-6,0.99999999999118,-3.09586153054638E-6));
#7772=DIRECTION('center_axis',(2.83821078159321E-6,0.99999999999118,-3.09586153054638E-6));
#7773=DIRECTION('ref_axis',(-0.917673614977142,3.83464542226804E-6,0.397335042955035));
#7774=DIRECTION('',(2.83821078159321E-6,0.99999999999118,-3.09586153054638E-6));
#7775=DIRECTION('center_axis',(-2.83821078159321E-6,-0.99999999999118,3.09586153054638E-6));
#7776=DIRECTION('ref_axis',(-0.917673614977142,3.83464542226804E-6,0.397335042955035));
#7777=DIRECTION('',(-2.83821078159321E-6,-0.99999999999118,3.09586153054638E-6));
#7778=DIRECTION('center_axis',(2.83821078159321E-6,0.99999999999118,-3.09586153054638E-6));
#7779=DIRECTION('ref_axis',(2.68769827267969E-5,-3.09593781198281E-6,-0.999999999634022));
#7780=DIRECTION('',(-0.999999999634786,2.83812757313594E-6,-2.68769915134805E-5));
#7781=DIRECTION('center_axis',(2.83821078159321E-6,0.99999999999118,-3.09586153054638E-6));
#7782=DIRECTION('ref_axis',(0.628518456505182,6.2407674013094E-7,0.777794670740263));
#7783=DIRECTION('center_axis',(-2.83821078159321E-6,-0.99999999999118,3.09586153054638E-6));
#7784=DIRECTION('ref_axis',(-0.917652255317097,1.37424353780862E-6,-0.397384370993068));
#7785=DIRECTION('',(0.999999999634786,-2.83812757313594E-6,2.68769915134805E-5));
#7786=DIRECTION('center_axis',(-2.83821078159321E-6,-0.99999999999118,3.09586153054638E-6));
#7787=DIRECTION('ref_axis',(0.917673614977142,-3.83464542226804E-6,-0.397335042955035));
#7788=DIRECTION('center_axis',(-2.83821078159321E-6,-0.99999999999118,3.09586153054638E-6));
#7789=DIRECTION('ref_axis',(0.628518456505182,6.2407674013094E-7,0.777794670740263));
#7790=DIRECTION('',(-2.83821078159321E-6,-0.99999999999118,3.09586153054638E-6));
#7791=DIRECTION('center_axis',(2.83821078159321E-6,0.99999999999118,-3.09586153054638E-6));
#7792=DIRECTION('ref_axis',(0.917652255317097,-1.37424353780862E-6,0.397384370993068));
#7793=DIRECTION('',(2.83821078159321E-6,0.99999999999118,-3.09586153054638E-6));
#7794=DIRECTION('center_axis',(-2.83821078159321E-6,-0.99999999999118,3.09586153054638E-6));
#7795=DIRECTION('ref_axis',(0.917652255317097,-1.37424353780862E-6,0.397384370993068));
#7796=DIRECTION('',(-2.83821078159321E-6,-0.99999999999118,3.09586153054638E-6));
#7797=DIRECTION('center_axis',(-2.83821078159321E-6,-0.99999999999118,3.09586153054638E-6));
#7798=DIRECTION('ref_axis',(-0.628518456505182,-6.2407674013094E-7,-0.777794670740263));
#7799=DIRECTION('center_axis',(2.83821078159321E-6,0.99999999999118,-3.09586153054638E-6));
#7800=DIRECTION('ref_axis',(-0.628518456505182,-6.2407674013094E-7,-0.777794670740263));
#7801=DIRECTION('',(2.83821078159321E-6,0.99999999999118,-3.09586153054638E-6));
#7802=DIRECTION('center_axis',(2.83821078159321E-6,0.99999999999118,-3.09586153054638E-6));
#7803=DIRECTION('ref_axis',(-0.917673614977142,3.83464542226804E-6,0.397335042955035));
#7804=DIRECTION('',(2.83821078159321E-6,0.99999999999118,-3.09586153054638E-6));
#7805=DIRECTION('center_axis',(-2.83821078159321E-6,-0.99999999999118,3.09586153054638E-6));
#7806=DIRECTION('ref_axis',(-0.917673614977142,3.83464542226804E-6,0.397335042955035));
#7807=DIRECTION('',(-2.83821078159321E-6,-0.99999999999118,3.09586153054638E-6));
#7808=DIRECTION('center_axis',(2.83821078159321E-6,0.99999999999118,-3.09586153054638E-6));
#7809=DIRECTION('ref_axis',(2.68769827267969E-5,-3.09593781198281E-6,-0.999999999634022));
#7810=DIRECTION('',(-0.999999999634786,2.83812757313594E-6,-2.68769915134805E-5));
#7811=DIRECTION('center_axis',(2.83821078159321E-6,0.99999999999118,-3.09586153054638E-6));
#7812=DIRECTION('ref_axis',(0.628518456505182,6.2407674013094E-7,0.777794670740263));
#7813=DIRECTION('center_axis',(-2.83821078159321E-6,-0.99999999999118,3.09586153054638E-6));
#7814=DIRECTION('ref_axis',(-0.917652255317097,1.37424353780862E-6,-0.397384370993068));
#7815=DIRECTION('',(0.999999999634786,-2.83812757313594E-6,2.68769915134805E-5));
#7816=DIRECTION('center_axis',(-2.83821078159321E-6,-0.99999999999118,3.09586153054638E-6));
#7817=DIRECTION('ref_axis',(0.917673614977142,-3.83464542226804E-6,-0.397335042955035));
#7818=DIRECTION('center_axis',(-2.83821078159321E-6,-0.99999999999118,3.09586153054638E-6));
#7819=DIRECTION('ref_axis',(0.628518456505182,6.2407674013094E-7,0.777794670740263));
#7820=DIRECTION('',(-2.83821078159321E-6,-0.99999999999118,3.09586153054638E-6));
#7821=DIRECTION('center_axis',(2.83821078159321E-6,0.99999999999118,-3.09586153054638E-6));
#7822=DIRECTION('ref_axis',(0.917652255317097,-1.37424353780862E-6,0.397384370993068));
#7823=DIRECTION('',(2.83821078159321E-6,0.99999999999118,-3.09586153054638E-6));
#7824=DIRECTION('center_axis',(-2.83821078159321E-6,-0.99999999999118,3.09586153054638E-6));
#7825=DIRECTION('ref_axis',(0.917652255317097,-1.37424353780862E-6,0.397384370993068));
#7826=DIRECTION('',(-2.83821078159321E-6,-0.99999999999118,3.09586153054638E-6));
#7827=DIRECTION('center_axis',(-2.83821078159321E-6,-0.99999999999118,3.09586153054638E-6));
#7828=DIRECTION('ref_axis',(-0.628518456505182,-6.2407674013094E-7,-0.777794670740263));
#7829=DIRECTION('center_axis',(2.83821078159321E-6,0.99999999999118,-3.09586153054638E-6));
#7830=DIRECTION('ref_axis',(-0.628518456505182,-6.2407674013094E-7,-0.777794670740263));
#7831=DIRECTION('',(2.83821078159321E-6,0.99999999999118,-3.09586153054638E-6));
#7832=DIRECTION('center_axis',(2.83821078159321E-6,0.99999999999118,-3.09586153054638E-6));
#7833=DIRECTION('ref_axis',(-0.917673614977142,3.83464542226804E-6,0.397335042955035));
#7834=DIRECTION('',(2.83821078159321E-6,0.99999999999118,-3.09586153054638E-6));
#7835=DIRECTION('center_axis',(-2.83821078159321E-6,-0.99999999999118,3.09586153054638E-6));
#7836=DIRECTION('ref_axis',(-0.917673614977142,3.83464542226804E-6,0.397335042955035));
#7837=DIRECTION('',(-2.83821078159321E-6,-0.99999999999118,3.09586153054638E-6));
#7838=DIRECTION('center_axis',(2.83821078159321E-6,0.99999999999118,-3.09586153054638E-6));
#7839=DIRECTION('ref_axis',(2.68769827267969E-5,-3.09593781198281E-6,-0.999999999634022));
#7840=DIRECTION('',(-0.999999999634786,2.83812757313594E-6,-2.68769915134805E-5));
#7841=DIRECTION('center_axis',(2.83821078159321E-6,0.99999999999118,-3.09586153054638E-6));
#7842=DIRECTION('ref_axis',(0.628518456505182,6.2407674013094E-7,0.777794670740263));
#7843=DIRECTION('center_axis',(-2.83821078159321E-6,-0.99999999999118,3.09586153054638E-6));
#7844=DIRECTION('ref_axis',(-0.917652255317097,1.37424353780862E-6,-0.397384370993068));
#7845=DIRECTION('',(0.999999999634786,-2.83812757313594E-6,2.68769915134805E-5));
#7846=DIRECTION('center_axis',(-2.83821078159321E-6,-0.99999999999118,3.09586153054638E-6));
#7847=DIRECTION('ref_axis',(0.917673614977142,-3.83464542226804E-6,-0.397335042955035));
#7848=DIRECTION('center_axis',(-2.83821078159321E-6,-0.99999999999118,3.09586153054638E-6));
#7849=DIRECTION('ref_axis',(0.628518456505182,6.2407674013094E-7,0.777794670740263));
#7850=DIRECTION('',(-2.83821078159321E-6,-0.99999999999118,3.09586153054638E-6));
#7851=DIRECTION('center_axis',(2.83821078159321E-6,0.99999999999118,-3.09586153054638E-6));
#7852=DIRECTION('ref_axis',(0.917652255317097,-1.37424353780862E-6,0.397384370993068));
#7853=DIRECTION('',(2.83821078159321E-6,0.99999999999118,-3.09586153054638E-6));
#7854=DIRECTION('center_axis',(-2.83821078159321E-6,-0.99999999999118,3.09586153054638E-6));
#7855=DIRECTION('ref_axis',(0.917652255317097,-1.37424353780862E-6,0.397384370993068));
#7856=DIRECTION('',(-2.83821078159321E-6,-0.99999999999118,3.09586153054638E-6));
#7857=DIRECTION('center_axis',(-2.83821078159321E-6,-0.99999999999118,3.09586153054638E-6));
#7858=DIRECTION('ref_axis',(-0.628518456505182,-6.2407674013094E-7,-0.777794670740263));
#7859=DIRECTION('center_axis',(2.83821078159321E-6,0.99999999999118,-3.09586153054638E-6));
#7860=DIRECTION('ref_axis',(-0.628518456505182,-6.2407674013094E-7,-0.777794670740263));
#7861=DIRECTION('',(2.83821078159321E-6,0.99999999999118,-3.09586153054638E-6));
#7862=DIRECTION('center_axis',(2.83821078159321E-6,0.99999999999118,-3.09586153054638E-6));
#7863=DIRECTION('ref_axis',(-0.917673614977142,3.83464542226804E-6,0.397335042955035));
#7864=DIRECTION('',(2.83821078159321E-6,0.99999999999118,-3.09586153054638E-6));
#7865=DIRECTION('center_axis',(-2.83821078159321E-6,-0.99999999999118,3.09586153054638E-6));
#7866=DIRECTION('ref_axis',(-0.917673614977142,3.83464542226804E-6,0.397335042955035));
#7867=DIRECTION('',(-2.83821078159321E-6,-0.99999999999118,3.09586153054638E-6));
#7868=DIRECTION('center_axis',(2.83821078159321E-6,0.99999999999118,-3.09586153054638E-6));
#7869=DIRECTION('ref_axis',(2.68769827267969E-5,-3.09593781198281E-6,-0.999999999634022));
#7870=DIRECTION('',(-0.999999999634786,2.83812757313594E-6,-2.68769915134805E-5));
#7871=DIRECTION('center_axis',(2.83821078159321E-6,0.99999999999118,-3.09586153054638E-6));
#7872=DIRECTION('ref_axis',(0.628518456505182,6.2407674013094E-7,0.777794670740263));
#7873=DIRECTION('center_axis',(-2.83821078159321E-6,-0.99999999999118,3.09586153054638E-6));
#7874=DIRECTION('ref_axis',(-0.917652255317097,1.37424353780862E-6,-0.397384370993068));
#7875=DIRECTION('',(0.999999999634786,-2.83812757313594E-6,2.68769915134805E-5));
#7876=DIRECTION('center_axis',(-2.83821078159321E-6,-0.99999999999118,3.09586153054638E-6));
#7877=DIRECTION('ref_axis',(0.917673614977142,-3.83464542226804E-6,-0.397335042955035));
#7878=DIRECTION('center_axis',(-2.83821078159321E-6,-0.99999999999118,3.09586153054638E-6));
#7879=DIRECTION('ref_axis',(0.628518456505182,6.2407674013094E-7,0.777794670740263));
#7880=DIRECTION('',(-2.83821078159321E-6,-0.99999999999118,3.09586153054638E-6));
#7881=DIRECTION('center_axis',(2.83821078159321E-6,0.99999999999118,-3.09586153054638E-6));
#7882=DIRECTION('ref_axis',(-0.917652255317097,1.37424353780862E-6,-0.397384370993068));
#7883=DIRECTION('',(2.83821078159321E-6,0.99999999999118,-3.09586153054638E-6));
#7884=DIRECTION('center_axis',(2.83821078159321E-6,0.99999999999118,-3.09586153054638E-6));
#7885=DIRECTION('ref_axis',(0.917673614977142,-3.83464542226804E-6,-0.397335042955035));
#7886=DIRECTION('',(-2.83821078159321E-6,-0.99999999999118,3.09586153054638E-6));
#7887=DIRECTION('center_axis',(2.83821078159321E-6,0.99999999999118,-3.09586153054638E-6));
#7888=DIRECTION('ref_axis',(-0.917652255317097,1.37424353780862E-6,-0.397384370993068));
#7889=DIRECTION('',(2.83821078159321E-6,0.99999999999118,-3.09586153054638E-6));
#7890=DIRECTION('center_axis',(2.83821078159321E-6,0.99999999999118,-3.09586153054638E-6));
#7891=DIRECTION('ref_axis',(0.917673614977142,-3.83464542226804E-6,-0.397335042955035));
#7892=DIRECTION('',(-2.83821078159321E-6,-0.99999999999118,3.09586153054638E-6));
#7893=DIRECTION('center_axis',(2.83821078159321E-6,0.99999999999118,-3.09586153054638E-6));
#7894=DIRECTION('ref_axis',(-0.917652255317097,1.37424353780862E-6,-0.397384370993068));
#7895=DIRECTION('',(2.83821078159321E-6,0.99999999999118,-3.09586153054638E-6));
#7896=DIRECTION('center_axis',(2.83821078159321E-6,0.99999999999118,-3.09586153054638E-6));
#7897=DIRECTION('ref_axis',(0.917673614977142,-3.83464542226804E-6,-0.397335042955035));
#7898=DIRECTION('',(-2.83821078159321E-6,-0.99999999999118,3.09586153054638E-6));
#7899=DIRECTION('center_axis',(2.83821078159321E-6,0.99999999999118,-3.09586153054638E-6));
#7900=DIRECTION('ref_axis',(-0.917652255317097,1.37424353780862E-6,-0.397384370993068));
#7901=DIRECTION('',(2.83821078159321E-6,0.99999999999118,-3.09586153054638E-6));
#7902=DIRECTION('center_axis',(2.83821078159321E-6,0.99999999999118,-3.09586153054638E-6));
#7903=DIRECTION('ref_axis',(0.917673614977142,-3.83464542226804E-6,-0.397335042955035));
#7904=DIRECTION('',(-2.83821078159321E-6,-0.99999999999118,3.09586153054638E-6));
#7905=DIRECTION('center_axis',(2.83821078159321E-6,0.99999999999118,-3.09586153054638E-6));
#7906=DIRECTION('ref_axis',(-0.917652255317097,1.37424353780862E-6,-0.397384370993068));
#7907=DIRECTION('',(2.83821078159321E-6,0.99999999999118,-3.09586153054638E-6));
#7908=DIRECTION('center_axis',(2.83821078159321E-6,0.99999999999118,-3.09586153054638E-6));
#7909=DIRECTION('ref_axis',(0.917673614977142,-3.83464542226804E-6,-0.397335042955035));
#7910=DIRECTION('',(-2.83821078159321E-6,-0.99999999999118,3.09586153054638E-6));
#7911=DIRECTION('center_axis',(2.83821078159321E-6,0.99999999999118,-3.09586153054638E-6));
#7912=DIRECTION('ref_axis',(0.917673614977142,-3.83464542226804E-6,-0.397335042955035));
#7913=DIRECTION('',(2.83821078159321E-6,0.99999999999118,-3.09586153054638E-6));
#7914=DIRECTION('',(-2.83821078159321E-6,-0.99999999999118,3.09586153054638E-6));
#7915=DIRECTION('center_axis',(-2.83821078159321E-6,-0.99999999999118,3.09586153054638E-6));
#7916=DIRECTION('ref_axis',(-0.628518456505182,-6.2407674013094E-7,-0.777794670740263));
#7917=DIRECTION('center_axis',(-2.83821078159321E-6,-0.99999999999118,3.09586153054638E-6));
#7918=DIRECTION('ref_axis',(-0.917673614977142,3.83464542226804E-6,0.397335042955035));
#7919=DIRECTION('',(-2.83821078159321E-6,-0.99999999999118,3.09586153054638E-6));
#7920=DIRECTION('center_axis',(2.83821078159321E-6,0.99999999999118,-3.09586153054638E-6));
#7921=DIRECTION('ref_axis',(-0.917673614977142,3.83464542226804E-6,0.397335042955035));
#7922=DIRECTION('',(2.83821078159321E-6,0.99999999999118,-3.09586153054638E-6));
#7923=DIRECTION('center_axis',(-2.68769827267969E-5,3.09593781198294E-6,
0.999999999634022));
#7924=DIRECTION('ref_axis',(-0.999999999634786,2.83812757313594E-6,-2.68769915134839E-5));
#7925=DIRECTION('',(2.83821078159321E-6,0.99999999999118,-3.09586153054638E-6));
#7926=DIRECTION('',(-0.999999999634786,2.83812757313594E-6,-2.68769915134805E-5));
#7927=DIRECTION('center_axis',(-2.83821078159321E-6,-0.99999999999118,3.09586153054638E-6));
#7928=DIRECTION('ref_axis',(0.917652255317097,-1.37424353780862E-6,0.397384370993068));
#7929=DIRECTION('',(-2.83821078159321E-6,-0.99999999999118,3.09586153054638E-6));
#7930=DIRECTION('center_axis',(2.83821078159321E-6,0.99999999999118,-3.09586153054638E-6));
#7931=DIRECTION('ref_axis',(0.917652255317097,-1.37424353780862E-6,0.397384370993068));
#7932=DIRECTION('center_axis',(-2.83821078159321E-6,-0.99999999999118,3.09586153054638E-6));
#7933=DIRECTION('ref_axis',(-0.628518456505182,-6.2407674013094E-7,-0.777794670740263));
#7934=DIRECTION('',(2.83821078159321E-6,0.99999999999118,-3.09586153054638E-6));
#7935=DIRECTION('center_axis',(2.83821078159321E-6,0.99999999999118,-3.09586153054638E-6));
#7936=DIRECTION('ref_axis',(-0.628518456505182,-6.2407674013094E-7,-0.777794670740263));
#7937=DIRECTION('center_axis',(-2.83821078159321E-6,-0.99999999999118,3.09586153054638E-6));
#7938=DIRECTION('ref_axis',(0.917673614977142,-3.83464542226804E-6,-0.397335042955035));
#7939=DIRECTION('',(-2.83821078159321E-6,-0.99999999999118,3.09586153054638E-6));
#7940=DIRECTION('center_axis',(2.83821078159321E-6,0.99999999999118,-3.09586153054638E-6));
#7941=DIRECTION('ref_axis',(0.917673614977142,-3.83464542226804E-6,-0.397335042955035));
#7942=DIRECTION('center_axis',(2.68769827267969E-5,-3.09593781198294E-6,
-0.999999999634022));
#7943=DIRECTION('ref_axis',(0.999999999634786,-2.83812757313594E-6,2.68769915134839E-5));
#7944=DIRECTION('',(2.83821078159321E-6,0.99999999999118,-3.09586153054638E-6));
#7945=DIRECTION('',(0.999999999634786,-2.83812757313594E-6,2.68769915134805E-5));
#7946=DIRECTION('center_axis',(-2.83821078159321E-6,-0.99999999999118,3.09586153054638E-6));
#7947=DIRECTION('ref_axis',(-0.917652255317097,1.37424353780862E-6,-0.397384370993068));
#7948=DIRECTION('',(-2.83821078159321E-6,-0.99999999999118,3.09586153054638E-6));
#7949=DIRECTION('center_axis',(2.83821078159321E-6,0.99999999999118,-3.09586153054638E-6));
#7950=DIRECTION('ref_axis',(-0.917652255317097,1.37424353780862E-6,-0.397384370993068));
#7951=DIRECTION('center_axis',(-2.83821078159321E-6,-0.99999999999118,3.09586153054638E-6));
#7952=DIRECTION('ref_axis',(0.628518456505182,6.2407674013094E-7,0.777794670740263));
#7953=DIRECTION('center_axis',(2.83821078159321E-6,0.99999999999118,-3.09586153054638E-6));
#7954=DIRECTION('ref_axis',(0.628518456505182,6.2407674013094E-7,0.777794670740263));
#7955=DIRECTION('center_axis',(-2.83821078159321E-6,-0.99999999999118,3.09586153054638E-6));
#7956=DIRECTION('ref_axis',(0.917652255317097,-1.37424353780862E-6,0.397384370993068));
#7957=DIRECTION('',(-2.83821078159321E-6,-0.99999999999118,3.09586153054638E-6));
#7958=DIRECTION('center_axis',(2.83821078159321E-6,0.99999999999118,-3.09586153054638E-6));
#7959=DIRECTION('ref_axis',(0.917652255317097,-1.37424353780862E-6,0.397384370993068));
#7960=DIRECTION('',(2.83821078159321E-6,0.99999999999118,-3.09586153054638E-6));
#7961=DIRECTION('center_axis',(-2.83821078159321E-6,-0.99999999999118,3.09586153054638E-6));
#7962=DIRECTION('ref_axis',(-0.628518456505182,-6.2407674013094E-7,-0.777794670740263));
#7963=DIRECTION('',(2.83821078159321E-6,0.99999999999118,-3.09586153054638E-6));
#7964=DIRECTION('center_axis',(2.83821078159321E-6,0.99999999999118,-3.09586153054638E-6));
#7965=DIRECTION('ref_axis',(-0.628518456505182,-6.2407674013094E-7,-0.777794670740263));
#7966=DIRECTION('center_axis',(-2.83821078159321E-6,-0.99999999999118,3.09586153054638E-6));
#7967=DIRECTION('ref_axis',(-0.917673614977142,3.83464542226804E-6,0.397335042955035));
#7968=DIRECTION('',(-2.83821078159321E-6,-0.99999999999118,3.09586153054638E-6));
#7969=DIRECTION('center_axis',(2.83821078159321E-6,0.99999999999118,-3.09586153054638E-6));
#7970=DIRECTION('ref_axis',(-0.917673614977142,3.83464542226804E-6,0.397335042955035));
#7971=DIRECTION('',(2.83821078159321E-6,0.99999999999118,-3.09586153054638E-6));
#7972=DIRECTION('center_axis',(-2.68769827267969E-5,3.09593781198294E-6,
0.999999999634022));
#7973=DIRECTION('ref_axis',(-0.999999999634786,2.83812757313594E-6,-2.68769915134839E-5));
#7974=DIRECTION('',(-0.999999999634786,2.83812757313594E-6,-2.68769915134805E-5));
#7975=DIRECTION('center_axis',(-2.83821078159321E-6,-0.99999999999118,3.09586153054638E-6));
#7976=DIRECTION('ref_axis',(0.917673614977142,-3.83464542226804E-6,-0.397335042955035));
#7977=DIRECTION('',(-2.83821078159321E-6,-0.99999999999118,3.09586153054638E-6));
#7978=DIRECTION('center_axis',(2.83821078159321E-6,0.99999999999118,-3.09586153054638E-6));
#7979=DIRECTION('ref_axis',(0.917673614977142,-3.83464542226804E-6,-0.397335042955035));
#7980=DIRECTION('center_axis',(2.68769827267969E-5,-3.09593781198294E-6,
-0.999999999634022));
#7981=DIRECTION('ref_axis',(0.999999999634786,-2.83812757313594E-6,2.68769915134839E-5));
#7982=DIRECTION('',(2.83821078159321E-6,0.99999999999118,-3.09586153054638E-6));
#7983=DIRECTION('',(0.999999999634786,-2.83812757313594E-6,2.68769915134805E-5));
#7984=DIRECTION('center_axis',(-2.83821078159321E-6,-0.99999999999118,3.09586153054638E-6));
#7985=DIRECTION('ref_axis',(-0.917652255317097,1.37424353780862E-6,-0.397384370993068));
#7986=DIRECTION('',(-2.83821078159321E-6,-0.99999999999118,3.09586153054638E-6));
#7987=DIRECTION('center_axis',(2.83821078159321E-6,0.99999999999118,-3.09586153054638E-6));
#7988=DIRECTION('ref_axis',(-0.917652255317097,1.37424353780862E-6,-0.397384370993068));
#7989=DIRECTION('center_axis',(-2.83821078159321E-6,-0.99999999999118,3.09586153054638E-6));
#7990=DIRECTION('ref_axis',(0.628518456505182,6.2407674013094E-7,0.777794670740263));
#7991=DIRECTION('center_axis',(2.83821078159321E-6,0.99999999999118,-3.09586153054638E-6));
#7992=DIRECTION('ref_axis',(0.628518456505182,6.2407674013094E-7,0.777794670740263));
#7993=DIRECTION('center_axis',(-2.83821078159321E-6,-0.99999999999118,3.09586153054638E-6));
#7994=DIRECTION('ref_axis',(-0.917673614977142,3.83464542226804E-6,0.397335042955035));
#7995=DIRECTION('',(-2.83821078159321E-6,-0.99999999999118,3.09586153054638E-6));
#7996=DIRECTION('center_axis',(2.83821078159321E-6,0.99999999999118,-3.09586153054638E-6));
#7997=DIRECTION('ref_axis',(-0.917673614977142,3.83464542226804E-6,0.397335042955035));
#7998=DIRECTION('',(2.83821078159321E-6,0.99999999999118,-3.09586153054638E-6));
#7999=DIRECTION('center_axis',(-2.68769827267969E-5,3.09593781198294E-6,
0.999999999634022));
#8000=DIRECTION('ref_axis',(-0.999999999634786,2.83812757313594E-6,-2.68769915134839E-5));
#8001=DIRECTION('',(2.83821078159321E-6,0.99999999999118,-3.09586153054638E-6));
#8002=DIRECTION('',(-0.999999999634786,2.83812757313594E-6,-2.68769915134805E-5));
#8003=DIRECTION('center_axis',(-2.83821078159321E-6,-0.99999999999118,3.09586153054638E-6));
#8004=DIRECTION('ref_axis',(0.917652255317097,-1.37424353780862E-6,0.397384370993068));
#8005=DIRECTION('',(-2.83821078159321E-6,-0.99999999999118,3.09586153054638E-6));
#8006=DIRECTION('center_axis',(2.83821078159321E-6,0.99999999999118,-3.09586153054638E-6));
#8007=DIRECTION('ref_axis',(0.917652255317097,-1.37424353780862E-6,0.397384370993068));
#8008=DIRECTION('center_axis',(-2.83821078159321E-6,-0.99999999999118,3.09586153054638E-6));
#8009=DIRECTION('ref_axis',(-0.628518456505182,-6.2407674013094E-7,-0.777794670740263));
#8010=DIRECTION('',(2.83821078159321E-6,0.99999999999118,-3.09586153054638E-6));
#8011=DIRECTION('center_axis',(2.83821078159321E-6,0.99999999999118,-3.09586153054638E-6));
#8012=DIRECTION('ref_axis',(-0.628518456505182,-6.2407674013094E-7,-0.777794670740263));
#8013=DIRECTION('center_axis',(-2.83821078159321E-6,-0.99999999999118,3.09586153054638E-6));
#8014=DIRECTION('ref_axis',(0.917673614977142,-3.83464542226804E-6,-0.397335042955035));
#8015=DIRECTION('',(-2.83821078159321E-6,-0.99999999999118,3.09586153054638E-6));
#8016=DIRECTION('center_axis',(2.83821078159321E-6,0.99999999999118,-3.09586153054638E-6));
#8017=DIRECTION('ref_axis',(0.917673614977142,-3.83464542226804E-6,-0.397335042955035));
#8018=DIRECTION('center_axis',(2.68769827267969E-5,-3.09593781198294E-6,
-0.999999999634022));
#8019=DIRECTION('ref_axis',(0.999999999634786,-2.83812757313594E-6,2.68769915134839E-5));
#8020=DIRECTION('',(2.83821078159321E-6,0.99999999999118,-3.09586153054638E-6));
#8021=DIRECTION('',(0.999999999634786,-2.83812757313594E-6,2.68769915134805E-5));
#8022=DIRECTION('center_axis',(-2.83821078159321E-6,-0.99999999999118,3.09586153054638E-6));
#8023=DIRECTION('ref_axis',(-0.917652255317097,1.37424353780862E-6,-0.397384370993068));
#8024=DIRECTION('',(-2.83821078159321E-6,-0.99999999999118,3.09586153054638E-6));
#8025=DIRECTION('center_axis',(2.83821078159321E-6,0.99999999999118,-3.09586153054638E-6));
#8026=DIRECTION('ref_axis',(-0.917652255317097,1.37424353780862E-6,-0.397384370993068));
#8027=DIRECTION('center_axis',(-2.83821078159321E-6,-0.99999999999118,3.09586153054638E-6));
#8028=DIRECTION('ref_axis',(0.628518456505182,6.2407674013094E-7,0.777794670740263));
#8029=DIRECTION('center_axis',(2.83821078159321E-6,0.99999999999118,-3.09586153054638E-6));
#8030=DIRECTION('ref_axis',(0.628518456505182,6.2407674013094E-7,0.777794670740263));
#8031=DIRECTION('center_axis',(-2.83821078159321E-6,-0.99999999999118,3.09586153054638E-6));
#8032=DIRECTION('ref_axis',(-0.917673614977142,3.83464542226804E-6,0.397335042955035));
#8033=DIRECTION('',(-2.83821078159321E-6,-0.99999999999118,3.09586153054638E-6));
#8034=DIRECTION('center_axis',(2.83821078159321E-6,0.99999999999118,-3.09586153054638E-6));
#8035=DIRECTION('ref_axis',(-0.917673614977142,3.83464542226804E-6,0.397335042955035));
#8036=DIRECTION('',(2.83821078159321E-6,0.99999999999118,-3.09586153054638E-6));
#8037=DIRECTION('center_axis',(-2.68769827267969E-5,3.09593781198294E-6,
0.999999999634022));
#8038=DIRECTION('ref_axis',(-0.999999999634786,2.83812757313594E-6,-2.68769915134839E-5));
#8039=DIRECTION('',(2.83821078159321E-6,0.99999999999118,-3.09586153054638E-6));
#8040=DIRECTION('',(-0.999999999634786,2.83812757313594E-6,-2.68769915134805E-5));
#8041=DIRECTION('center_axis',(-2.83821078159321E-6,-0.99999999999118,3.09586153054638E-6));
#8042=DIRECTION('ref_axis',(0.917652255317097,-1.37424353780862E-6,0.397384370993068));
#8043=DIRECTION('',(-2.83821078159321E-6,-0.99999999999118,3.09586153054638E-6));
#8044=DIRECTION('center_axis',(2.83821078159321E-6,0.99999999999118,-3.09586153054638E-6));
#8045=DIRECTION('ref_axis',(0.917652255317097,-1.37424353780862E-6,0.397384370993068));
#8046=DIRECTION('center_axis',(-2.83821078159321E-6,-0.99999999999118,3.09586153054638E-6));
#8047=DIRECTION('ref_axis',(-0.628518456505182,-6.2407674013094E-7,-0.777794670740263));
#8048=DIRECTION('',(2.83821078159321E-6,0.99999999999118,-3.09586153054638E-6));
#8049=DIRECTION('center_axis',(2.83821078159321E-6,0.99999999999118,-3.09586153054638E-6));
#8050=DIRECTION('ref_axis',(-0.628518456505182,-6.2407674013094E-7,-0.777794670740263));
#8051=DIRECTION('center_axis',(-2.83821078159321E-6,-0.99999999999118,3.09586153054638E-6));
#8052=DIRECTION('ref_axis',(0.917673614977142,-3.83464542226804E-6,-0.397335042955035));
#8053=DIRECTION('',(-2.83821078159321E-6,-0.99999999999118,3.09586153054638E-6));
#8054=DIRECTION('center_axis',(2.83821078159321E-6,0.99999999999118,-3.09586153054638E-6));
#8055=DIRECTION('ref_axis',(0.917673614977142,-3.83464542226804E-6,-0.397335042955035));
#8056=DIRECTION('center_axis',(2.68769827267969E-5,-3.09593781198294E-6,
-0.999999999634022));
#8057=DIRECTION('ref_axis',(0.999999999634786,-2.83812757313594E-6,2.68769915134839E-5));
#8058=DIRECTION('',(2.83821078159321E-6,0.99999999999118,-3.09586153054638E-6));
#8059=DIRECTION('',(0.999999999634786,-2.83812757313594E-6,2.68769915134805E-5));
#8060=DIRECTION('center_axis',(-2.83821078159321E-6,-0.99999999999118,3.09586153054638E-6));
#8061=DIRECTION('ref_axis',(-0.917652255317097,1.37424353780862E-6,-0.397384370993068));
#8062=DIRECTION('',(-2.83821078159321E-6,-0.99999999999118,3.09586153054638E-6));
#8063=DIRECTION('center_axis',(2.83821078159321E-6,0.99999999999118,-3.09586153054638E-6));
#8064=DIRECTION('ref_axis',(-0.917652255317097,1.37424353780862E-6,-0.397384370993068));
#8065=DIRECTION('center_axis',(-2.83821078159321E-6,-0.99999999999118,3.09586153054638E-6));
#8066=DIRECTION('ref_axis',(0.628518456505182,6.2407674013094E-7,0.777794670740263));
#8067=DIRECTION('center_axis',(2.83821078159321E-6,0.99999999999118,-3.09586153054638E-6));
#8068=DIRECTION('ref_axis',(0.628518456505182,6.2407674013094E-7,0.777794670740263));
#8069=DIRECTION('center_axis',(-2.83821078159321E-6,-0.99999999999118,3.09586153054638E-6));
#8070=DIRECTION('ref_axis',(-0.917673614977142,3.83464542226804E-6,0.397335042955035));
#8071=DIRECTION('',(-2.83821078159321E-6,-0.99999999999118,3.09586153054638E-6));
#8072=DIRECTION('center_axis',(2.83821078159321E-6,0.99999999999118,-3.09586153054638E-6));
#8073=DIRECTION('ref_axis',(-0.917673614977142,3.83464542226804E-6,0.397335042955035));
#8074=DIRECTION('',(2.83821078159321E-6,0.99999999999118,-3.09586153054638E-6));
#8075=DIRECTION('center_axis',(-2.68769827267969E-5,3.09593781198294E-6,
0.999999999634022));
#8076=DIRECTION('ref_axis',(-0.999999999634786,2.83812757313594E-6,-2.68769915134839E-5));
#8077=DIRECTION('',(2.83821078159321E-6,0.99999999999118,-3.09586153054638E-6));
#8078=DIRECTION('',(-0.999999999634786,2.83812757313594E-6,-2.68769915134805E-5));
#8079=DIRECTION('center_axis',(-2.83821078159321E-6,-0.99999999999118,3.09586153054638E-6));
#8080=DIRECTION('ref_axis',(0.917652255317097,-1.37424353780862E-6,0.397384370993068));
#8081=DIRECTION('',(-2.83821078159321E-6,-0.99999999999118,3.09586153054638E-6));
#8082=DIRECTION('center_axis',(2.83821078159321E-6,0.99999999999118,-3.09586153054638E-6));
#8083=DIRECTION('ref_axis',(0.917652255317097,-1.37424353780862E-6,0.397384370993068));
#8084=DIRECTION('center_axis',(-2.83821078159321E-6,-0.99999999999118,3.09586153054638E-6));
#8085=DIRECTION('ref_axis',(-0.628518456505182,-6.2407674013094E-7,-0.777794670740263));
#8086=DIRECTION('',(2.83821078159321E-6,0.99999999999118,-3.09586153054638E-6));
#8087=DIRECTION('center_axis',(2.83821078159321E-6,0.99999999999118,-3.09586153054638E-6));
#8088=DIRECTION('ref_axis',(-0.628518456505182,-6.2407674013094E-7,-0.777794670740263));
#8089=DIRECTION('center_axis',(-2.83821078159321E-6,-0.99999999999118,3.09586153054638E-6));
#8090=DIRECTION('ref_axis',(0.917673614977142,-3.83464542226804E-6,-0.397335042955035));
#8091=DIRECTION('',(-2.83821078159321E-6,-0.99999999999118,3.09586153054638E-6));
#8092=DIRECTION('center_axis',(2.83821078159321E-6,0.99999999999118,-3.09586153054638E-6));
#8093=DIRECTION('ref_axis',(0.917673614977142,-3.83464542226804E-6,-0.397335042955035));
#8094=DIRECTION('center_axis',(2.68769827267969E-5,-3.09593781198294E-6,
-0.999999999634022));
#8095=DIRECTION('ref_axis',(0.999999999634786,-2.83812757313594E-6,2.68769915134839E-5));
#8096=DIRECTION('',(2.83821078159321E-6,0.99999999999118,-3.09586153054638E-6));
#8097=DIRECTION('',(0.999999999634786,-2.83812757313594E-6,2.68769915134805E-5));
#8098=DIRECTION('center_axis',(-2.83821078159321E-6,-0.99999999999118,3.09586153054638E-6));
#8099=DIRECTION('ref_axis',(-0.917652255317097,1.37424353780862E-6,-0.397384370993068));
#8100=DIRECTION('',(-2.83821078159321E-6,-0.99999999999118,3.09586153054638E-6));
#8101=DIRECTION('center_axis',(2.83821078159321E-6,0.99999999999118,-3.09586153054638E-6));
#8102=DIRECTION('ref_axis',(-0.917652255317097,1.37424353780862E-6,-0.397384370993068));
#8103=DIRECTION('center_axis',(-2.83821078159321E-6,-0.99999999999118,3.09586153054638E-6));
#8104=DIRECTION('ref_axis',(0.628518456505182,6.2407674013094E-7,0.777794670740263));
#8105=DIRECTION('center_axis',(2.83821078159321E-6,0.99999999999118,-3.09586153054638E-6));
#8106=DIRECTION('ref_axis',(0.628518456505182,6.2407674013094E-7,0.777794670740263));
#8107=DIRECTION('center_axis',(-2.83821078159321E-6,-0.99999999999118,3.09586153054638E-6));
#8108=DIRECTION('ref_axis',(-0.917673614977142,3.83464542226804E-6,0.397335042955035));
#8109=DIRECTION('',(-2.83821078159321E-6,-0.99999999999118,3.09586153054638E-6));
#8110=DIRECTION('center_axis',(2.83821078159321E-6,0.99999999999118,-3.09586153054638E-6));
#8111=DIRECTION('ref_axis',(-0.917673614977142,3.83464542226804E-6,0.397335042955035));
#8112=DIRECTION('',(2.83821078159321E-6,0.99999999999118,-3.09586153054638E-6));
#8113=DIRECTION('center_axis',(-2.68769827267969E-5,3.09593781198294E-6,
0.999999999634022));
#8114=DIRECTION('ref_axis',(-0.999999999634786,2.83812757313594E-6,-2.68769915134839E-5));
#8115=DIRECTION('',(2.83821078159321E-6,0.99999999999118,-3.09586153054638E-6));
#8116=DIRECTION('',(-0.999999999634786,2.83812757313594E-6,-2.68769915134805E-5));
#8117=DIRECTION('center_axis',(-2.83821078159321E-6,-0.99999999999118,3.09586153054638E-6));
#8118=DIRECTION('ref_axis',(0.917652255317097,-1.37424353780862E-6,0.397384370993068));
#8119=DIRECTION('',(-2.83821078159321E-6,-0.99999999999118,3.09586153054638E-6));
#8120=DIRECTION('center_axis',(2.83821078159321E-6,0.99999999999118,-3.09586153054638E-6));
#8121=DIRECTION('ref_axis',(0.917652255317097,-1.37424353780862E-6,0.397384370993068));
#8122=DIRECTION('center_axis',(-2.83821078159321E-6,-0.99999999999118,3.09586153054638E-6));
#8123=DIRECTION('ref_axis',(-0.628518456505182,-6.2407674013094E-7,-0.777794670740263));
#8124=DIRECTION('',(2.83821078159321E-6,0.99999999999118,-3.09586153054638E-6));
#8125=DIRECTION('center_axis',(2.83821078159321E-6,0.99999999999118,-3.09586153054638E-6));
#8126=DIRECTION('ref_axis',(-0.628518456505182,-6.2407674013094E-7,-0.777794670740263));
#8127=DIRECTION('center_axis',(-2.83821078159321E-6,-0.99999999999118,3.09586153054638E-6));
#8128=DIRECTION('ref_axis',(0.917673614977142,-3.83464542226804E-6,-0.397335042955035));
#8129=DIRECTION('',(-2.83821078159321E-6,-0.99999999999118,3.09586153054638E-6));
#8130=DIRECTION('center_axis',(2.83821078159321E-6,0.99999999999118,-3.09586153054638E-6));
#8131=DIRECTION('ref_axis',(0.917673614977142,-3.83464542226804E-6,-0.397335042955035));
#8132=DIRECTION('center_axis',(2.68769827267969E-5,-3.09593781198294E-6,
-0.999999999634022));
#8133=DIRECTION('ref_axis',(0.999999999634786,-2.83812757313594E-6,2.68769915134839E-5));
#8134=DIRECTION('',(2.83821078159321E-6,0.99999999999118,-3.09586153054638E-6));
#8135=DIRECTION('',(0.999999999634786,-2.83812757313594E-6,2.68769915134805E-5));
#8136=DIRECTION('center_axis',(-2.83821078159321E-6,-0.99999999999118,3.09586153054638E-6));
#8137=DIRECTION('ref_axis',(-0.917652255317097,1.37424353780862E-6,-0.397384370993068));
#8138=DIRECTION('',(-2.83821078159321E-6,-0.99999999999118,3.09586153054638E-6));
#8139=DIRECTION('center_axis',(2.83821078159321E-6,0.99999999999118,-3.09586153054638E-6));
#8140=DIRECTION('ref_axis',(-0.917652255317097,1.37424353780862E-6,-0.397384370993068));
#8141=DIRECTION('center_axis',(-2.83821078159321E-6,-0.99999999999118,3.09586153054638E-6));
#8142=DIRECTION('ref_axis',(0.628518456505182,6.2407674013094E-7,0.777794670740263));
#8143=DIRECTION('center_axis',(2.83821078159321E-6,0.99999999999118,-3.09586153054638E-6));
#8144=DIRECTION('ref_axis',(0.628518456505182,6.2407674013094E-7,0.777794670740263));
#8145=DIRECTION('center_axis',(-2.83821078159321E-6,-0.99999999999118,3.09586153054638E-6));
#8146=DIRECTION('ref_axis',(-2.68769827267969E-5,3.09593781198281E-6,0.999999999634021));
#8147=DIRECTION('center_axis',(-2.83821078159321E-6,-0.99999999999118,3.09586153054638E-6));
#8148=DIRECTION('ref_axis',(-2.68769827267969E-5,3.09593781198281E-6,0.999999999634021));
#8149=DIRECTION('',(-2.83821078159321E-6,-0.99999999999118,3.09586153054638E-6));
#8150=DIRECTION('center_axis',(2.83821078159321E-6,0.99999999999118,-3.09586153054638E-6));
#8151=DIRECTION('ref_axis',(2.68769827267969E-5,-3.09593781198281E-6,-0.999999999634022));
#8152=DIRECTION('center_axis',(-2.83821078159321E-6,-0.99999999999118,3.09586153054638E-6));
#8153=DIRECTION('ref_axis',(-2.6876982726797E-5,3.09593781198281E-6,0.999999999634021));
#8154=DIRECTION('center_axis',(-2.83821078159321E-6,-0.99999999999118,3.09586153054638E-6));
#8155=DIRECTION('ref_axis',(-2.68769827267969E-5,3.09593781198281E-6,0.999999999634021));
#8156=DIRECTION('center_axis',(-2.83821078159321E-6,-0.99999999999118,3.09586153054638E-6));
#8157=DIRECTION('ref_axis',(-2.68769827267969E-5,3.09593781198281E-6,0.999999999634021));
#8158=DIRECTION('',(-2.83821078159321E-6,-0.99999999999118,3.09586153054638E-6));
#8159=DIRECTION('center_axis',(2.83821078159321E-6,0.99999999999118,-3.09586153054638E-6));
#8160=DIRECTION('ref_axis',(2.68769827267969E-5,-3.09593781198281E-6,-0.999999999634022));
#8161=DIRECTION('center_axis',(-2.83821078159321E-6,-0.99999999999118,3.09586153054638E-6));
#8162=DIRECTION('ref_axis',(-2.6876982726797E-5,3.09593781198281E-6,0.999999999634021));
#8163=DIRECTION('center_axis',(-2.83821078159321E-6,-0.99999999999118,3.09586153054638E-6));
#8164=DIRECTION('ref_axis',(-2.68769827267969E-5,3.09593781198281E-6,0.999999999634021));
#8165=DIRECTION('center_axis',(-2.83821078159321E-6,-0.99999999999118,3.09586153054638E-6));
#8166=DIRECTION('ref_axis',(-2.68769827267969E-5,3.09593781198281E-6,0.999999999634021));
#8167=DIRECTION('',(-2.83821078159321E-6,-0.99999999999118,3.09586153054638E-6));
#8168=DIRECTION('center_axis',(2.83821078159321E-6,0.99999999999118,-3.09586153054638E-6));
#8169=DIRECTION('ref_axis',(2.68769827267969E-5,-3.09593781198281E-6,-0.999999999634022));
#8170=DIRECTION('center_axis',(-2.83821078159321E-6,-0.99999999999118,3.09586153054638E-6));
#8171=DIRECTION('ref_axis',(-2.6876982726797E-5,3.09593781198281E-6,0.999999999634021));
#8172=DIRECTION('center_axis',(-2.83821078159321E-6,-0.99999999999118,3.09586153054638E-6));
#8173=DIRECTION('ref_axis',(-2.68769827267969E-5,3.09593781198281E-6,0.999999999634021));
#8174=DIRECTION('center_axis',(-2.83821078159321E-6,-0.99999999999118,3.09586153054638E-6));
#8175=DIRECTION('ref_axis',(-2.68769827267969E-5,3.09593781198281E-6,0.999999999634021));
#8176=DIRECTION('',(-2.83821078159321E-6,-0.99999999999118,3.09586153054638E-6));
#8177=DIRECTION('center_axis',(2.83821078159321E-6,0.99999999999118,-3.09586153054638E-6));
#8178=DIRECTION('ref_axis',(2.68769827267969E-5,-3.09593781198281E-6,-0.999999999634022));
#8179=DIRECTION('center_axis',(-2.83821078159321E-6,-0.99999999999118,3.09586153054638E-6));
#8180=DIRECTION('ref_axis',(-2.6876982726797E-5,3.09593781198281E-6,0.999999999634021));
#8181=DIRECTION('center_axis',(-2.83821078159321E-6,-0.99999999999118,3.09586153054638E-6));
#8182=DIRECTION('ref_axis',(-2.68769827267969E-5,3.09593781198281E-6,0.999999999634021));
#8183=DIRECTION('center_axis',(-2.83821078159321E-6,-0.99999999999118,3.09586153054638E-6));
#8184=DIRECTION('ref_axis',(-2.68769827267969E-5,3.09593781198281E-6,0.999999999634021));
#8185=DIRECTION('',(-2.83821078159321E-6,-0.99999999999118,3.09586153054638E-6));
#8186=DIRECTION('center_axis',(2.83821078159321E-6,0.99999999999118,-3.09586153054638E-6));
#8187=DIRECTION('ref_axis',(2.68769827267969E-5,-3.09593781198281E-6,-0.999999999634022));
#8188=DIRECTION('center_axis',(-2.83821078159321E-6,-0.99999999999118,3.09586153054638E-6));
#8189=DIRECTION('ref_axis',(-2.6876982726797E-5,3.09593781198281E-6,0.999999999634021));
#8190=DIRECTION('center_axis',(-2.68769827267969E-5,3.09593781198294E-6,
0.999999999634022));
#8191=DIRECTION('ref_axis',(0.999999999634786,-2.83812757313594E-6,2.68769915134839E-5));
#8192=DIRECTION('center_axis',(2.68769827267969E-5,-3.09593781198294E-6,
-0.999999999634022));
#8193=DIRECTION('ref_axis',(-0.999999999634786,2.83812757313594E-6,-2.68769915134839E-5));
#8194=DIRECTION('center_axis',(-2.68769827267969E-5,3.09593781198294E-6,
0.999999999634022));
#8195=DIRECTION('ref_axis',(0.999999999634786,-2.83812757313594E-6,2.68769915134839E-5));
#8196=DIRECTION('center_axis',(2.68769827267969E-5,-3.09593781198294E-6,
-0.999999999634022));
#8197=DIRECTION('ref_axis',(-0.999999999634786,2.83812757313594E-6,-2.68769915134839E-5));
#8198=DIRECTION('center_axis',(-2.68769827267969E-5,3.09593781198294E-6,
0.999999999634022));
#8199=DIRECTION('ref_axis',(0.999999999634786,-2.83812757313594E-6,2.68769915134839E-5));
#8200=DIRECTION('center_axis',(2.68769827267969E-5,-3.09593781198294E-6,
-0.999999999634022));
#8201=DIRECTION('ref_axis',(-0.999999999634786,2.83812757313594E-6,-2.68769915134839E-5));
#8202=DIRECTION('center_axis',(-2.68769827267969E-5,3.09593781198294E-6,
0.999999999634022));
#8203=DIRECTION('ref_axis',(0.999999999634786,-2.83812757313594E-6,2.68769915134839E-5));
#8204=DIRECTION('center_axis',(2.68769827267969E-5,-3.09593781198294E-6,
-0.999999999634022));
#8205=DIRECTION('ref_axis',(-0.999999999634786,2.83812757313594E-6,-2.68769915134839E-5));
#8206=DIRECTION('center_axis',(-2.68769827267969E-5,3.09593781198294E-6,
0.999999999634022));
#8207=DIRECTION('ref_axis',(0.999999999634786,-2.83812757313594E-6,2.68769915134839E-5));
#8208=DIRECTION('center_axis',(2.68769827267969E-5,-3.09593781198294E-6,
-0.999999999634022));
#8209=DIRECTION('ref_axis',(-0.999999999634786,2.83812757313594E-6,-2.68769915134839E-5));
#8210=DIRECTION('center_axis',(-2.68769827267969E-5,3.09593781198294E-6,
0.999999999634022));
#8211=DIRECTION('ref_axis',(0.999999999634786,-2.83812757313594E-6,2.68769915134839E-5));
#8212=DIRECTION('center_axis',(2.83821078159321E-6,0.99999999999118,-3.09586153054638E-6));
#8213=DIRECTION('ref_axis',(2.68769827267969E-5,-3.09593781198281E-6,-0.999999999634022));
#8214=DIRECTION('center_axis',(2.83821078159321E-6,0.99999999999118,-3.09586153054638E-6));
#8215=DIRECTION('ref_axis',(2.68769827267969E-5,-3.09593781198281E-6,-0.999999999634022));
#8216=DIRECTION('center_axis',(2.83821078159321E-6,0.99999999999118,-3.09586153054638E-6));
#8217=DIRECTION('ref_axis',(2.68769827267969E-5,-3.09593781198281E-6,-0.999999999634022));
#8218=DIRECTION('center_axis',(2.83821078159321E-6,0.99999999999118,-3.09586153054638E-6));
#8219=DIRECTION('ref_axis',(2.68769827267969E-5,-3.09593781198281E-6,-0.999999999634022));
#8220=DIRECTION('center_axis',(2.83821078159321E-6,0.99999999999118,-3.09586153054638E-6));
#8221=DIRECTION('ref_axis',(2.68769827267969E-5,-3.09593781198281E-6,-0.999999999634022));
#8222=DIRECTION('center_axis',(2.83821078159321E-6,0.99999999999118,-3.09586153054638E-6));
#8223=DIRECTION('ref_axis',(2.68769827267969E-5,-3.09593781198281E-6,-0.999999999634022));
#8224=DIRECTION('center_axis',(-2.83821078159321E-6,-0.99999999999118,3.09586153054638E-6));
#8225=DIRECTION('ref_axis',(-2.68769827267969E-5,3.09593781198281E-6,0.999999999634021));
#8226=DIRECTION('',(-2.83821078159321E-6,-0.99999999999118,3.09586153054638E-6));
#8227=DIRECTION('center_axis',(-2.83821078159321E-6,-0.99999999999118,3.09586153054638E-6));
#8228=DIRECTION('ref_axis',(-2.68769827267969E-5,3.09593781198281E-6,0.999999999634021));
#8229=DIRECTION('center_axis',(2.83821078159321E-6,0.99999999999118,-3.09586153054638E-6));
#8230=DIRECTION('ref_axis',(2.68769827267969E-5,-3.09593781198281E-6,-0.999999999634022));
#8231=DIRECTION('center_axis',(2.83821078159321E-6,0.99999999999118,-3.09586153054638E-6));
#8232=DIRECTION('ref_axis',(-2.6876982726797E-5,3.09593781198281E-6,0.999999999634021));
#8233=DIRECTION('center_axis',(-2.83821078159321E-6,-0.99999999999118,3.09586153054638E-6));
#8234=DIRECTION('ref_axis',(-2.68769827267969E-5,3.09593781198281E-6,0.999999999634021));
#8235=DIRECTION('',(-2.83821078159321E-6,-0.99999999999118,3.09586153054638E-6));
#8236=DIRECTION('center_axis',(-2.83821078159321E-6,-0.99999999999118,3.09586153054638E-6));
#8237=DIRECTION('ref_axis',(-2.68769827267969E-5,3.09593781198281E-6,0.999999999634021));
#8238=DIRECTION('center_axis',(2.83821078159321E-6,0.99999999999118,-3.09586153054638E-6));
#8239=DIRECTION('ref_axis',(2.68769827267969E-5,-3.09593781198281E-6,-0.999999999634022));
#8240=DIRECTION('center_axis',(2.83821078159321E-6,0.99999999999118,-3.09586153054638E-6));
#8241=DIRECTION('ref_axis',(-2.6876982726797E-5,3.09593781198281E-6,0.999999999634021));
#8242=DIRECTION('center_axis',(-2.83821078159321E-6,-0.99999999999118,3.09586153054638E-6));
#8243=DIRECTION('ref_axis',(-2.68769827267969E-5,3.09593781198281E-6,0.999999999634021));
#8244=DIRECTION('',(-2.83821078159321E-6,-0.99999999999118,3.09586153054638E-6));
#8245=DIRECTION('center_axis',(-2.83821078159321E-6,-0.99999999999118,3.09586153054638E-6));
#8246=DIRECTION('ref_axis',(-2.68769827267969E-5,3.09593781198281E-6,0.999999999634021));
#8247=DIRECTION('center_axis',(2.83821078159321E-6,0.99999999999118,-3.09586153054638E-6));
#8248=DIRECTION('ref_axis',(2.68769827267969E-5,-3.09593781198281E-6,-0.999999999634022));
#8249=DIRECTION('center_axis',(2.83821078159321E-6,0.99999999999118,-3.09586153054638E-6));
#8250=DIRECTION('ref_axis',(-2.6876982726797E-5,3.09593781198281E-6,0.999999999634021));
#8251=DIRECTION('center_axis',(-2.83821078159321E-6,-0.99999999999118,3.09586153054638E-6));
#8252=DIRECTION('ref_axis',(-2.68769827267969E-5,3.09593781198281E-6,0.999999999634021));
#8253=DIRECTION('',(-2.83821078159321E-6,-0.99999999999118,3.09586153054638E-6));
#8254=DIRECTION('center_axis',(-2.83821078159321E-6,-0.99999999999118,3.09586153054638E-6));
#8255=DIRECTION('ref_axis',(-2.68769827267969E-5,3.09593781198281E-6,0.999999999634021));
#8256=DIRECTION('center_axis',(2.83821078159321E-6,0.99999999999118,-3.09586153054638E-6));
#8257=DIRECTION('ref_axis',(2.68769827267969E-5,-3.09593781198281E-6,-0.999999999634022));
#8258=DIRECTION('center_axis',(2.83821078159321E-6,0.99999999999118,-3.09586153054638E-6));
#8259=DIRECTION('ref_axis',(-2.6876982726797E-5,3.09593781198281E-6,0.999999999634021));
#8260=DIRECTION('center_axis',(-2.83821078159321E-6,-0.99999999999118,3.09586153054638E-6));
#8261=DIRECTION('ref_axis',(-2.68769827267969E-5,3.09593781198281E-6,0.999999999634021));
#8262=DIRECTION('',(-2.83821078159321E-6,-0.99999999999118,3.09586153054638E-6));
#8263=DIRECTION('center_axis',(-2.83821078159321E-6,-0.99999999999118,3.09586153054638E-6));
#8264=DIRECTION('ref_axis',(-2.68769827267969E-5,3.09593781198281E-6,0.999999999634021));
#8265=DIRECTION('center_axis',(2.83821078159321E-6,0.99999999999118,-3.09586153054638E-6));
#8266=DIRECTION('ref_axis',(2.68769827267969E-5,-3.09593781198281E-6,-0.999999999634022));
#8267=DIRECTION('center_axis',(2.83821078159321E-6,0.99999999999118,-3.09586153054638E-6));
#8268=DIRECTION('ref_axis',(-2.6876982726797E-5,3.09593781198281E-6,0.999999999634021));
#8269=DIRECTION('center_axis',(2.83821078159321E-6,0.99999999999118,-3.09586153054638E-6));
#8270=DIRECTION('ref_axis',(-2.6876982726797E-5,3.09593781198281E-6,0.999999999634021));
#8271=DIRECTION('',(2.83821078159321E-6,0.99999999999118,-3.09586153054638E-6));
#8272=DIRECTION('center_axis',(2.83821078159321E-6,0.99999999999118,-3.09586153054638E-6));
#8273=DIRECTION('ref_axis',(-2.6876982726797E-5,3.09593781198281E-6,0.999999999634021));
#8274=DIRECTION('',(2.83821078159321E-6,0.99999999999118,-3.09586153054638E-6));
#8275=DIRECTION('center_axis',(2.83821078159321E-6,0.99999999999118,-3.09586153054638E-6));
#8276=DIRECTION('ref_axis',(-2.6876982726797E-5,3.09593781198281E-6,0.999999999634021));
#8277=DIRECTION('',(2.83821078159321E-6,0.99999999999118,-3.09586153054638E-6));
#8278=DIRECTION('center_axis',(2.83821078159321E-6,0.99999999999118,-3.09586153054638E-6));
#8279=DIRECTION('ref_axis',(-2.6876982726797E-5,3.09593781198281E-6,0.999999999634021));
#8280=DIRECTION('',(2.83821078159321E-6,0.99999999999118,-3.09586153054638E-6));
#8281=DIRECTION('center_axis',(2.83821078159321E-6,0.99999999999118,-3.09586153054638E-6));
#8282=DIRECTION('ref_axis',(-2.6876982726797E-5,3.09593781198281E-6,0.999999999634021));
#8283=DIRECTION('',(2.83821078159321E-6,0.99999999999118,-3.09586153054638E-6));
#8284=DIRECTION('center_axis',(2.83821078159321E-6,0.99999999999118,-3.09586153054638E-6));
#8285=DIRECTION('ref_axis',(-2.6876982726797E-5,3.09593781198281E-6,0.999999999634021));
#8286=DIRECTION('center_axis',(-2.83821078159321E-6,-0.99999999999118,3.09586153054638E-6));
#8287=DIRECTION('ref_axis',(-2.6876982726797E-5,3.09593781198281E-6,0.999999999634021));
#8288=DIRECTION('',(2.83821078159321E-6,0.99999999999118,-3.09586153054638E-6));
#8289=DIRECTION('center_axis',(2.83821078159321E-6,0.99999999999118,-3.09586153054638E-6));
#8290=DIRECTION('ref_axis',(-2.6876982726797E-5,3.09593781198281E-6,0.999999999634021));
#8291=DIRECTION('center_axis',(2.83821078159321E-6,0.99999999999118,-3.09586153054638E-6));
#8292=DIRECTION('ref_axis',(2.68769827267969E-5,-3.09593781198281E-6,-0.999999999634022));
#8293=DIRECTION('center_axis',(-2.83821078159321E-6,-0.99999999999118,3.09586153054638E-6));
#8294=DIRECTION('ref_axis',(-2.68769827267969E-5,3.09593781198281E-6,0.999999999634021));
#8295=DIRECTION('center_axis',(2.83821078159321E-6,0.99999999999118,-3.09586153054638E-6));
#8296=DIRECTION('ref_axis',(2.68769827267969E-5,-3.09593781198281E-6,-0.999999999634022));
#8297=DIRECTION('center_axis',(-2.83821078159321E-6,-0.99999999999118,3.09586153054638E-6));
#8298=DIRECTION('ref_axis',(-2.68769827267969E-5,3.09593781198281E-6,0.999999999634021));
#8299=DIRECTION('center_axis',(-2.83821078159321E-6,-0.99999999999118,3.09586153054638E-6));
#8300=DIRECTION('ref_axis',(-2.68769827267969E-5,3.09593781198281E-6,0.999999999634021));
#8301=DIRECTION('',(-2.83821078159321E-6,-0.99999999999118,3.09586153054638E-6));
#8302=DIRECTION('center_axis',(-2.83821078159321E-6,-0.99999999999118,3.09586153054638E-6));
#8303=DIRECTION('ref_axis',(-2.68769827267969E-5,3.09593781198281E-6,0.999999999634021));
#8304=DIRECTION('',(-2.83821078159321E-6,-0.99999999999118,3.09586153054638E-6));
#8305=DIRECTION('center_axis',(2.83821078159321E-6,0.99999999999118,-3.09586153054638E-6));
#8306=DIRECTION('ref_axis',(2.6876982727063E-5,-3.09593781228696E-6,-0.999999999634022));
#8307=DIRECTION('center_axis',(-2.83821078159321E-6,-0.99999999999118,3.09586153054638E-6));
#8308=DIRECTION('ref_axis',(-0.999999999634786,2.8381275731376E-6,-2.68769915135405E-5));
#8309=DIRECTION('center_axis',(2.83821078159321E-6,0.99999999999118,-3.09586153054638E-6));
#8310=DIRECTION('ref_axis',(2.68769827267969E-5,-3.09593781198282E-6,-0.999999999634021));
#8311=DIRECTION('center_axis',(2.83821078159321E-6,0.99999999999118,-3.09586153054638E-6));
#8312=DIRECTION('ref_axis',(-0.999999999634786,2.8381275731376E-6,-2.68769915135405E-5));
#8313=DIRECTION('center_axis',(-2.83821078159321E-6,-0.99999999999118,3.09586153054638E-6));
#8314=DIRECTION('ref_axis',(-2.6876982727063E-5,3.09593781228695E-6,0.999999999634022));
#8315=DIRECTION('center_axis',(0.,-1.,0.));
#8316=DIRECTION('ref_axis',(-1.,0.,0.));
#8317=DIRECTION('center_axis',(6.57384087557296E-28,-1.,8.72147549728093E-28));
#8318=DIRECTION('ref_axis',(-1.,0.,0.));
#8319=DIRECTION('',(0.,-1.,0.));
#8320=DIRECTION('center_axis',(-6.57384087557296E-28,1.,-8.72147549728093E-28));
#8321=DIRECTION('ref_axis',(-1.,0.,0.));
#8322=DIRECTION('center_axis',(8.24176851650331E-30,-1.,1.29370084751246E-14));
#8323=DIRECTION('ref_axis',(1.,8.24176851650331E-30,0.));
#8324=DIRECTION('',(1.,8.24176851650331E-30,-1.0628356624643E-43));
#8325=DIRECTION('',(0.,-1.29370084751246E-14,-1.));
#8326=DIRECTION('center_axis',(-8.24176851650331E-30,1.,-1.29370084751246E-14));
#8327=DIRECTION('ref_axis',(0.565163761315232,0.,-0.824978740875193));
#8328=DIRECTION('',(1.,8.24176851650331E-30,4.97427267440896E-43));
#8329=DIRECTION('center_axis',(-8.24176851650331E-30,1.,-1.29370084751246E-14));
#8330=DIRECTION('ref_axis',(1.,-2.36658271566303E-29,-1.97372982155579E-15));
#8331=DIRECTION('',(1.95702740132331E-6,-1.29370084750998E-14,-0.999999999998085));
#8332=DIRECTION('center_axis',(8.24176851650331E-30,-1.,1.29370084751246E-14));
#8333=DIRECTION('ref_axis',(1.,0.,-4.37966445029601E-58));
#8334=DIRECTION('center_axis',(0.,1.,0.));
#8335=DIRECTION('ref_axis',(0.565163761315232,0.,-0.824978740875193));
#8336=DIRECTION('',(0.,-1.,1.3664283380002E-14));
#8337=DIRECTION('center_axis',(-6.57384087557296E-28,1.,-8.72147549728093E-28));
#8338=DIRECTION('ref_axis',(0.565163761315232,0.,-0.824978740875193));
#8339=DIRECTION('',(0.,1.,-1.3664283380002E-14));
#8340=DIRECTION('center_axis',(1.,0.,0.));
#8341=DIRECTION('ref_axis',(0.,-6.06387307189004E-15,-1.));
#8342=DIRECTION('',(0.,1.,-1.28957232945342E-14));
#8343=DIRECTION('',(0.,-8.72147549728093E-28,-1.));
#8344=DIRECTION('center_axis',(1.24569207098935E-15,0.,-1.));
#8345=DIRECTION('ref_axis',(1.,0.,1.24569207098935E-15));
#8346=DIRECTION('',(0.,-1.,0.));
#8347=DIRECTION('',(-1.,0.,-1.24569207098935E-15));
#8348=DIRECTION('',(0.,-1.,0.));
#8349=DIRECTION('',(0.,1.,-1.1842378929335E-14));
#8350=DIRECTION('center_axis',(-1.,5.07176325767709E-28,4.28272333450987E-14));
#8351=DIRECTION('ref_axis',(4.28272333450987E-14,3.89338484955443E-15,1.));
#8352=DIRECTION('center_axis',(1.,-5.07176325767709E-28,-4.28272333450987E-14));
#8353=DIRECTION('ref_axis',(1.25607396694702E-14,-0.707106781186535,0.70710678118656));
#8354=DIRECTION('',(0.,1.,-1.1842378929335E-14));
#8355=DIRECTION('',(4.28272333450987E-14,3.89338484955443E-15,1.));
#8356=DIRECTION('',(0.,1.,0.));
#8357=DIRECTION('',(-4.23832508502593E-14,-2.22044604925032E-16,-1.));
#8358=DIRECTION('',(-2.18427760050267E-10,0.999999999998634,-1.65266766566601E-6));
#8359=DIRECTION('',(-0.000132166776588134,-8.72234426446564E-28,-0.999999991265972));
#8360=DIRECTION('',(0.,1.,0.));
#8361=DIRECTION('',(-4.23832508502593E-14,-8.72147549728121E-28,-1.));
#8362=DIRECTION('center_axis',(0.,-1.,0.));
#8363=DIRECTION('ref_axis',(-1.,0.,0.));
#8364=DIRECTION('',(0.,-1.,0.));
#8365=DIRECTION('center_axis',(-6.06816080939237E-31,1.,-2.070256608164E-31));
#8366=DIRECTION('ref_axis',(-1.,-6.06816080939237E-31,0.));
#8367=DIRECTION('',(0.,-1.,0.));
#8368=DIRECTION('center_axis',(6.57384087557296E-28,-1.,8.72147549728093E-28));
#8369=DIRECTION('ref_axis',(-1.,0.,0.));
#8370=DIRECTION('center_axis',(-1.81641448549058E-15,0.,1.));
#8371=DIRECTION('ref_axis',(-1.,4.0332503681086E-31,-1.81641448549058E-15));
#8372=DIRECTION('',(0.,1.,0.));
#8373=DIRECTION('',(-1.,-6.57384087557297E-28,-1.81641448549058E-15));
#8374=DIRECTION('',(1.,-4.0332503681086E-31,1.81641448549058E-15));
#8375=DIRECTION('center_axis',(1.,0.,-1.59545862369305E-14));
#8376=DIRECTION('ref_axis',(1.59545862369305E-14,2.65697234829115E-30,1.));
#8377=DIRECTION('',(-1.59545862369305E-14,-2.65697234829115E-30,-1.));
#8378=DIRECTION('',(0.,1.,-1.28957232945342E-14));
#8379=DIRECTION('',(1.95702740132331E-6,-7.68153286882047E-15,-0.999999999998085));
#8380=DIRECTION('center_axis',(0.,-1.,0.));
#8381=DIRECTION('ref_axis',(0.200000051856036,0.,0.979795886528201));
#8382=DIRECTION('',(0.,1.,0.));
#8383=DIRECTION('center_axis',(-1.56669488570261E-31,1.,-1.9937929129296E-32));
#8384=DIRECTION('ref_axis',(0.200000051856036,5.08690067850859E-32,0.979795886528201));
#8385=DIRECTION('center_axis',(6.57384087557296E-28,-1.,8.72147549728093E-28));
#8386=DIRECTION('ref_axis',(0.200000051856036,0.,0.979795886528201));
#8387=DIRECTION('center_axis',(0.,-1.,0.));
#8388=DIRECTION('ref_axis',(-1.,0.,0.));
#8389=DIRECTION('center_axis',(-6.57384087557296E-28,1.,-8.72147549728093E-28));
#8390=DIRECTION('ref_axis',(-1.,0.,0.));
#8391=DIRECTION('',(0.,1.,0.));
#8392=DIRECTION('center_axis',(1.17096540618748E-31,-1.,-2.46519032881566E-31));
#8393=DIRECTION('ref_axis',(-1.,-1.17096540618748E-31,0.));
#8394=DIRECTION('center_axis',(1.1842378929335E-14,1.1842378929335E-14,
1.));
#8395=DIRECTION('ref_axis',(1.,-5.2590727014734E-30,-1.1842378929335E-14));
#8396=DIRECTION('',(-1.,1.4496318805794E-28,1.1842378929335E-14));
#8397=DIRECTION('',(1.,6.57384087557285E-28,-1.1842378929335E-14));
#8398=DIRECTION('',(1.,6.57384087557285E-28,-1.1842378929335E-14));
#8399=DIRECTION('center_axis',(-5.95029413261191E-43,1.1842378929335E-14,
1.));
#8400=DIRECTION('ref_axis',(1.,5.02457670719548E-29,0.));
#8401=DIRECTION('',(0.,-1.,1.3664283380002E-14));
#8402=DIRECTION('',(1.,6.57384087557296E-28,0.));
#8403=DIRECTION('center_axis',(0.,1.,-1.1842378929335E-14));
#8404=DIRECTION('ref_axis',(1.,-2.36658271566303E-29,-1.97372982155579E-15));
#8405=DIRECTION('',(0.,-1.,1.3664283380002E-14));
#8406=DIRECTION('center_axis',(0.,1.,-1.1842378929335E-14));
#8407=DIRECTION('ref_axis',(1.,0.,-4.37966445029601E-58));
#8408=DIRECTION('',(0.,-1.,1.1842378929335E-14));
#8409=DIRECTION('center_axis',(0.,1.28957232945342E-14,1.));
#8410=DIRECTION('ref_axis',(1.,0.,0.));
#8411=DIRECTION('',(-3.56551693255514E-21,-1.,1.3664283380002E-14));
#8412=DIRECTION('',(1.,0.,0.));
#8413=DIRECTION('',(1.,6.57384087557296E-28,-8.47744329136872E-42));
#8414=DIRECTION('center_axis',(1.18329135783152E-30,-1.,3.45141913710899E-40));
#8415=DIRECTION('ref_axis',(1.,1.18329135783152E-30,0.));
#8416=DIRECTION('',(-4.74123296906066E-5,-5.61022548356402E-35,0.999999998876036));
#8417=DIRECTION('center_axis',(1.18329135783152E-30,-1.,3.45141913710899E-40));
#8418=DIRECTION('ref_axis',(-0.707060051630487,0.,0.707153507654662));
#8419=DIRECTION('',(-0.000132166776588134,-8.72234426446564E-28,-0.999999991265972));
#8420=DIRECTION('center_axis',(-6.57384087557296E-28,1.,-8.72147549728093E-28));
#8421=DIRECTION('ref_axis',(-1.,-6.57384087557296E-28,0.));
#8422=DIRECTION('center_axis',(-6.57384087557296E-28,1.,-8.72147549728093E-28));
#8423=DIRECTION('ref_axis',(-0.707060051630487,0.,0.707153507654662));
#8424=DIRECTION('center_axis',(-6.57384087557296E-28,1.,-8.72147549728093E-28));
#8425=DIRECTION('ref_axis',(-1.,0.,0.));
#8426=DIRECTION('center_axis',(-6.57384087557296E-28,1.,-8.72147549728093E-28));
#8427=DIRECTION('ref_axis',(-1.,0.,0.));
#8428=DIRECTION('center_axis',(0.,-1.,0.));
#8429=DIRECTION('ref_axis',(-0.707060051630487,0.,0.707153507654662));
#8430=DIRECTION('center_axis',(6.57384087557296E-28,-1.,8.72147549728093E-28));
#8431=DIRECTION('ref_axis',(-0.707060051630487,0.,0.707153507654662));
#8432=DIRECTION('',(0.,-1.,0.));
#8433=DIRECTION('center_axis',(1.,-1.4496318805794E-28,-1.1842378929335E-14));
#8434=DIRECTION('ref_axis',(1.25607396694702E-14,-0.707106781186535,0.70710678118656));
#8435=DIRECTION('center_axis',(0.999999999998085,2.31758600615623E-20,1.95702740132331E-6));
#8436=DIRECTION('ref_axis',(1.95702740132331E-6,-7.68153286882047E-15,-0.999999999998085));
#8437=DIRECTION('center_axis',(0.,-1.,0.));
#8438=DIRECTION('ref_axis',(-1.,0.,0.));
#8439=DIRECTION('',(0.,1.,0.));
#8440=DIRECTION('center_axis',(6.57384087557296E-28,-1.,8.72147549728093E-28));
#8441=DIRECTION('ref_axis',(-1.,0.,9.96740016779469E-28));
#8442=DIRECTION('center_axis',(6.57384087557296E-28,-1.,8.72147549728093E-28));
#8443=DIRECTION('ref_axis',(-1.,0.,9.96740016779469E-28));
#8444=DIRECTION('center_axis',(6.57384087557296E-28,-1.,8.72147549728093E-28));
#8445=DIRECTION('ref_axis',(0.,0.,-1.));
#8446=DIRECTION('center_axis',(-6.57384087557296E-28,1.,-8.72147549728093E-28));
#8447=DIRECTION('ref_axis',(-1.,-6.57384087557296E-28,9.96740016779469E-28));
#8448=DIRECTION('center_axis',(-1.,-6.57384087557296E-28,0.));
#8449=DIRECTION('ref_axis',(0.,0.,1.));
#8450=DIRECTION('center_axis',(0.,-1.,0.));
#8451=DIRECTION('ref_axis',(-1.,0.,0.));
#8452=DIRECTION('',(0.,1.,0.));
#8453=DIRECTION('center_axis',(6.57384087557296E-28,-1.,8.72147549728093E-28));
#8454=DIRECTION('ref_axis',(-1.,0.,9.9674003586793E-28));
#8455=DIRECTION('center_axis',(6.57384087557296E-28,-1.,8.72147549728093E-28));
#8456=DIRECTION('ref_axis',(-1.,0.,9.9674003586793E-28));
#8457=DIRECTION('center_axis',(6.57384087557296E-28,-1.,8.72147549728093E-28));
#8458=DIRECTION('ref_axis',(0.,0.,-1.));
#8459=DIRECTION('center_axis',(-6.57384087557296E-28,1.,-8.72147549728093E-28));
#8460=DIRECTION('ref_axis',(-1.,-6.57384087557296E-28,9.9674003586793E-28));
#8461=DIRECTION('center_axis',(-1.,-6.57384087557296E-28,0.));
#8462=DIRECTION('ref_axis',(0.,0.,1.));
#8463=DIRECTION('center_axis',(0.999999998876036,0.,4.74123296906066E-5));
#8464=DIRECTION('ref_axis',(4.74123296906066E-5,0.,-0.999999998876036));
#8465=DIRECTION('',(0.,-1.,0.));
#8466=DIRECTION('',(-4.74123296906066E-5,2.22044604675462E-16,0.999999998876036));
#8467=DIRECTION('center_axis',(-8.6501819375316E-30,-1.,2.22044604925032E-16));
#8468=DIRECTION('ref_axis',(2.22044604925031E-16,2.22044604925032E-16,1.));
#8469=DIRECTION('',(0.000132166776588134,2.22044602985688E-16,0.999999991265972));
#8470=DIRECTION('center_axis',(-0.999999991265972,0.,0.000132166776588134));
#8471=DIRECTION('ref_axis',(-0.000132166776588134,0.,-0.999999991265972));
#8472=DIRECTION('',(-0.000132166776588134,0.,-0.999999991265972));
#8473=DIRECTION('center_axis',(-6.57384087557296E-28,1.,-8.72147549728093E-28));
#8474=DIRECTION('ref_axis',(-1.,-6.57384087557296E-28,0.));
#8475=DIRECTION('',(0.,0.,1.));
#8476=DIRECTION('',(1.,0.,0.));
#8477=DIRECTION('',(0.,0.,1.));
#8478=DIRECTION('',(1.,0.,0.));
#8479=CARTESIAN_POINT('',(0.,0.,0.));
#8480=CARTESIAN_POINT('',(0.,0.,0.));
#8481=CARTESIAN_POINT('',(0.,0.,0.));
#8482=CARTESIAN_POINT('',(0.,0.,0.));
#8483=CARTESIAN_POINT('',(-12.4146894813861,-13.9661335069405,7.74441040984827));
#8484=CARTESIAN_POINT('Origin',(3.79134630153281,-4.57250000000023,8.0604857463344));
#8485=CARTESIAN_POINT('',(2.72179502549704,-4.66750000000024,8.17656761399685));
#8486=CARTESIAN_POINT('',(2.72179502549703,-4.72250000000023,8.06048574633441));
#8487=CARTESIAN_POINT('Origin',(2.72179502549699,-4.57250000000023,8.06048574633441));
#8488=CARTESIAN_POINT('',(3.13330501434469,-4.72250000000023,8.0604857463344));
#8489=CARTESIAN_POINT('',(3.79134630153281,-4.72250000000023,8.0604857463344));
#8490=CARTESIAN_POINT('',(3.0875230973875,-4.66750000000024,8.17656761399684));
#8491=CARTESIAN_POINT('Ctrl Pts',(3.13330501434469,-4.72250000000023,8.0604857463344));
#8492=CARTESIAN_POINT('Ctrl Pts',(3.12490469882847,-4.72250000000023,8.07901706064372));
#8493=CARTESIAN_POINT('Ctrl Pts',(3.11638911581989,-4.71885316777443,8.09913245270922));
#8494=CARTESIAN_POINT('Ctrl Pts',(3.10158126017619,-4.70329852830462,8.13667343097882));
#8495=CARTESIAN_POINT('Ctrl Pts',(3.09526627034096,-4.69137293585507,8.15408268009397));
#8496=CARTESIAN_POINT('Ctrl Pts',(3.08945919706785,-4.67415580877264,8.17086830853508));
#8497=CARTESIAN_POINT('Ctrl Pts',(3.08846667480967,-4.67091357748554,8.17377398336671));
#8498=CARTESIAN_POINT('Ctrl Pts',(3.08752309738751,-4.66750000000024,8.17656761399684));
#8499=CARTESIAN_POINT('',(3.79134630153281,-4.66750000000023,8.17656761399683));
#8500=CARTESIAN_POINT('Origin',(4.27179502549705,-4.66750000000024,8.57656761436144));
#8501=CARTESIAN_POINT('',(5.52179502549704,-4.72250000000024,8.57656761444192));
#8502=CARTESIAN_POINT('Origin',(4.27179502549705,-4.72250000000022,8.57656761436144));
#8503=CARTESIAN_POINT('',(5.52179502549704,2.73249999999976,8.57656761472604));
#8504=CARTESIAN_POINT('',(5.52179502549704,-4.66750000000024,8.57656761444192));
#8505=CARTESIAN_POINT('',(3.02179502549706,2.73249999999976,8.57656761399684));
#8506=CARTESIAN_POINT('Origin',(4.27179502549705,2.73250000000001,8.57656761436144));
#8507=CARTESIAN_POINT('',(3.02179502549706,-4.26750000000023,8.57656761399684));
#8508=CARTESIAN_POINT('',(3.02179502549706,-4.66750000000024,8.57656761399684));
#8509=CARTESIAN_POINT('Ctrl Pts',(3.0875230973875,-4.66750000000023,8.17656761399684));
#8510=CARTESIAN_POINT('Ctrl Pts',(3.07108691654175,-4.66750000000023,8.22522988290488));
#8511=CARTESIAN_POINT('Ctrl Pts',(3.05684440209366,-4.65801693482471,8.27832928347675));
#8512=CARTESIAN_POINT('Ctrl Pts',(3.03674280470968,-4.61757841667837,8.37732623364264));
#8513=CARTESIAN_POINT('Ctrl Pts',(3.03070901325804,-4.58658168194604,8.42317135700095));
#8514=CARTESIAN_POINT('Ctrl Pts',(3.0239592237349,-4.5148823730524,8.49487066589324));
#8515=CARTESIAN_POINT('Ctrl Pts',(3.0226647475264,-4.46992488149121,8.5256663825911));
#8516=CARTESIAN_POINT('Ctrl Pts',(3.02166850556628,-4.37136229357738,8.56651428811148));
#8517=CARTESIAN_POINT('Ctrl Pts',(3.02179502549706,-4.31775947890915,8.57656761399684));
#8518=CARTESIAN_POINT('Ctrl Pts',(3.02179502549706,-4.26750000000023,8.57656761399684));
#8519=CARTESIAN_POINT('Origin',(4.86089757756856,-4.72250000000023,7.6640676134414));
#8520=CARTESIAN_POINT('',(2.72179502549698,-4.72250000000024,6.75156761215676));
#8521=CARTESIAN_POINT('',(2.721795025497,-4.72250000000024,7.20781761279912));
#8522=CARTESIAN_POINT('',(7.00000012964015,-4.72250000000024,6.75156761215676));
#8523=CARTESIAN_POINT('',(3.79129885360433,-4.72250000000025,6.75156761215676));
#8524=CARTESIAN_POINT('',(7.00000012964015,-4.72250000000024,7.02656761215675));
#8525=CARTESIAN_POINT('',(6.99999833161712,-4.72250000000023,7.67031970703371));
#8526=CARTESIAN_POINT('',(6.99999831938823,-4.72250000000024,7.67656761434721));
#8527=CARTESIAN_POINT('',(6.99999833161712,-4.72250000000023,7.67031970703371));
#8528=CARTESIAN_POINT('',(6.09999831938823,-4.72250000000024,8.57656761434722));
#8529=CARTESIAN_POINT('Origin',(6.09999831938823,-4.72250000000023,7.67656761434721));
#8530=CARTESIAN_POINT('',(5.1913463015328,-4.72250000000022,8.57656761434721));
#8531=CARTESIAN_POINT('',(5.77379502559943,-4.72250000000024,7.8115676121568));
#8532=CARTESIAN_POINT('Origin',(6.18379502559943,-4.72250000000023,7.8115676121568));
#8533=CARTESIAN_POINT('Origin',(5.12498834895768,1.20998622598738,8.35014314665307));
#8534=CARTESIAN_POINT('',(2.72179502549705,1.20999307751525,8.36007855605011));
#8535=CARTESIAN_POINT('',(2.72179502549705,1.19999304655663,8.35007858700585));
#8536=CARTESIAN_POINT('Origin',(2.72179502549705,1.20999304655661,8.35007855604649));
#8537=CARTESIAN_POINT('',(-2.07501191718222,1.21000669146527,8.35994963231049));
#8538=CARTESIAN_POINT('',(5.12498808018778,1.20998625694678,8.36014314664947));
#8539=CARTESIAN_POINT('',(-2.07501167679422,1.20000666050597,8.34994966327279));
#8540=CARTESIAN_POINT('Origin',(-2.07501164841222,1.21000666050587,8.34994963231419));
#8541=CARTESIAN_POINT('',(5.12498832057548,1.19998622598748,8.35014317761167));
#8542=CARTESIAN_POINT('Origin',(7.52498918621348,1.59997944543708,8.36020644404304));
#8543=CARTESIAN_POINT('',(2.72179502549705,1.98999307751468,8.36007614121853));
#8544=CARTESIAN_POINT('',(2.72179502549705,-1.53375778752832,8.3600870505321));
#8545=CARTESIAN_POINT('',(-2.07500970337822,1.99000669145837,8.35994721753852));
#8546=CARTESIAN_POINT('',(0.324990295745182,1.98999987995227,8.36001172231813));
#8547=CARTESIAN_POINT('',(-2.07501081028022,1.60000669146177,8.35994842492451));
#8548=CARTESIAN_POINT('Origin',(5.12499056276208,1.98998622598048,8.3501407318811));
#8549=CARTESIAN_POINT('',(2.72179502549705,1.99999304655598,8.35007611025565));
#8550=CARTESIAN_POINT('Origin',(2.72179502549705,1.989993046556,8.35007614121501));
#8551=CARTESIAN_POINT('',(-2.07500940622622,2.00000666049887,8.34994718658362));
#8552=CARTESIAN_POINT('',(5.12499059114418,1.99998622598038,8.3501407009225));
#8553=CARTESIAN_POINT('Origin',(-2.07500943460822,1.99000666049897,8.34994721754222));
#8554=CARTESIAN_POINT('Origin',(2.72499999896479,1.99999195390829,8.00007619627094));
#8555=CARTESIAN_POINT('',(2.72179502549702,1.99999087945299,7.65007611000614));
#8556=CARTESIAN_POINT('',(2.72179502549701,1.99999003036788,7.37581158340388));
#8557=CARTESIAN_POINT('',(-2.0750020427932,2.000004493375,7.64994718665688));
#8558=CARTESIAN_POINT('',(-4.4749905914612,2.00001130484869,7.64988268206011));
#8559=CARTESIAN_POINT('Origin',(-2.07499999928221,2.00000557692069,7.99994718671168));
#8560=CARTESIAN_POINT('',(1.64786434459178,1.99999587779798,8.28004724620486));
#8561=CARTESIAN_POINT('',(1.40212060310358,1.99999657525008,8.28004064135246));
#8562=CARTESIAN_POINT('',(-0.188144610516516,2.00000108862568,8.27999789980772));
#8563=CARTESIAN_POINT('',(1.38753581742778,1.99999651236188,8.24635603881896));
#8564=CARTESIAN_POINT('Origin',(1.40212114064328,1.99999651333138,8.26004064135976));
#8565=CARTESIAN_POINT('',(1.3875490578782,1.9999949872052,7.75372446005186));
#8566=CARTESIAN_POINT('Origin',(1.12499999954899,1.99999649491249,8.00003319308452));
#8567=CARTESIAN_POINT('',(1.4021356542139,1.9999948415249,7.72004064155736));
#8568=CARTESIAN_POINT('Origin',(1.4021351166743,1.9999949034437,7.74004064155006));
#8569=CARTESIAN_POINT('',(1.6478793957021,1.9999941440728,7.72004724640986));
#8570=CARTESIAN_POINT('',(-0.361855389363004,1.9999998479565,7.71999323078501));
#8571=CARTESIAN_POINT('',(1.662464181378,1.999994206961,7.75373184894326));
#8572=CARTESIAN_POINT('Origin',(1.6478788581625,1.9999942059916,7.74004724640246));
#8573=CARTESIAN_POINT('',(1.66245094092748,1.99999573211778,8.24636342771036));
#8574=CARTESIAN_POINT('Origin',(1.92499999925679,1.99999422441039,8.00005469467773));
#8575=CARTESIAN_POINT('Origin',(1.64786488213148,1.99999581587928,8.26004724621216));
#8576=CARTESIAN_POINT('',(0.0478643451760838,2.00000041880208,8.28000424301842));
#8577=CARTESIAN_POINT('',(-0.197879396312116,2.00000111625418,8.27999763816602));
#8578=CARTESIAN_POINT('',(-0.988144610224316,2.00000335912768,8.2799763982145));
#8579=CARTESIAN_POINT('',(-0.212464181987917,2.00000105336608,8.24631303563252));
#8580=CARTESIAN_POINT('Origin',(-0.197878858772416,2.00000105433548,8.25999763817332));
#8581=CARTESIAN_POINT('',(-0.212450941537504,1.99999952820929,7.75368145686542));
#8582=CARTESIAN_POINT('Origin',(-0.47499999986672,2.00000103591659,7.9999901898981));
#8583=CARTESIAN_POINT('',(-0.197864345201702,1.999999382529,7.71999763837092));
#8584=CARTESIAN_POINT('Origin',(-0.197864882741404,1.9999994444478,7.73999763836362));
#8585=CARTESIAN_POINT('',(0.0478793962864978,1.999998685077,7.72000424322342));
#8586=CARTESIAN_POINT('',(-1.1618553890709,2.00000211845859,7.7199717291918));
#8587=CARTESIAN_POINT('',(0.0624641819622962,1.99999874796509,7.75368884575692));
#8588=CARTESIAN_POINT('Origin',(0.0478788587467971,1.9999987469957,7.74000424321612));
#8589=CARTESIAN_POINT('',(0.0624509415118846,2.00000027312188,8.24632042452392));
#8590=CARTESIAN_POINT('Origin',(0.324999999841091,1.99999876541459,8.00001169149131));
#8591=CARTESIAN_POINT('Origin',(0.0478648827157837,2.00000035688338,8.26000424302582));
#8592=CARTESIAN_POINT('',(-1.55213565423922,2.00000495980627,8.27996123983208));
#8593=CARTESIAN_POINT('',(-1.79787939572722,2.00000565725838,8.27995463497958));
#8594=CARTESIAN_POINT('',(-1.78814460993122,2.00000562962978,8.27995489662138));
#8595=CARTESIAN_POINT('',(-1.81246418140322,2.00000559437018,8.24627003244608));
#8596=CARTESIAN_POINT('Origin',(-1.79787885818722,2.00000559533958,8.25995463498688));
#8597=CARTESIAN_POINT('',(-1.8124509409522,2.00000406921339,7.75363845367898));
#8598=CARTESIAN_POINT('Origin',(-2.07499999928221,2.00000557692069,7.99994718671168));
#8599=CARTESIAN_POINT('',(-1.7978643446172,2.00000392353319,7.71995463518448));
#8600=CARTESIAN_POINT('Origin',(-1.7978648821562,2.00000398545189,7.73995463517718));
#8601=CARTESIAN_POINT('',(-1.5521206031292,2.0000032260811,7.71996124003699));
#8602=CARTESIAN_POINT('',(-1.9618553887782,2.00000438896069,7.71995022759858));
#8603=CARTESIAN_POINT('',(-1.5375358174532,2.00000328896919,7.75364584257049));
#8604=CARTESIAN_POINT('Origin',(-1.55212114066821,2.00000328799979,7.73996124002969));
#8605=CARTESIAN_POINT('',(-1.53754905790321,2.00000481412598,8.24627742133759));
#8606=CARTESIAN_POINT('Origin',(-1.27499999957451,2.00000330641869,7.99996868830489));
#8607=CARTESIAN_POINT('Origin',(-1.55213511669922,2.00000489788748,8.25996123983939));
#8608=CARTESIAN_POINT('',(-0.752135654531717,2.00000268930418,8.27998274142521));
#8609=CARTESIAN_POINT('',(-0.997879396019917,2.00000338675627,8.2799761365728));
#8610=CARTESIAN_POINT('',(-1.38814461007822,2.00000449437878,8.27996564741799));
#8611=CARTESIAN_POINT('',(-1.01246418169572,2.00000332386808,8.2462915340393));
#8612=CARTESIAN_POINT('Origin',(-0.997878858480217,2.00000332483748,8.2599761365801));
#8613=CARTESIAN_POINT('',(-1.01245094124531,2.0000017987114,7.7536599552722));
#8614=CARTESIAN_POINT('Origin',(-1.27499999957451,2.00000330641869,7.99996868830489));
#8615=CARTESIAN_POINT('',(-0.997864344909605,2.0000016530311,7.7199761367777));
#8616=CARTESIAN_POINT('Origin',(-0.997864882449203,2.00000171494989,7.7399761367704));
#8617=CARTESIAN_POINT('',(-0.752120603421403,2.00000095557899,7.7199827416302));
#8618=CARTESIAN_POINT('',(-1.5618553889242,2.0000032537096,7.71996097839518));
#8619=CARTESIAN_POINT('',(-0.737535817745504,2.0000010184672,7.7536673441637));
#8620=CARTESIAN_POINT('Origin',(-0.752121140961005,2.00000101749779,7.7399827416229));
#8621=CARTESIAN_POINT('',(-0.737549058196016,2.00000254362388,8.2462989229307));
#8622=CARTESIAN_POINT('Origin',(-0.47499999986672,2.00000103591659,7.9999901898981));
#8623=CARTESIAN_POINT('Origin',(-0.752135116992017,2.00000262738538,8.2599827414326));
#8624=CARTESIAN_POINT('',(0.847864344883984,1.99999814830008,8.28002574461164));
#8625=CARTESIAN_POINT('',(0.602120603395784,1.99999884575218,8.28001913975924));
#8626=CARTESIAN_POINT('',(-0.588144610370415,2.00000222387668,8.27998714901111));
#8627=CARTESIAN_POINT('',(0.587535817719884,1.99999878286398,8.24633453722574));
#8628=CARTESIAN_POINT('Origin',(0.602121140935385,1.99999878383338,8.26001913976654));
#8629=CARTESIAN_POINT('',(0.587549058170397,1.99999725770729,7.75370295845864));
#8630=CARTESIAN_POINT('Origin',(0.324999999841091,1.99999876541459,8.00001169149131));
#8631=CARTESIAN_POINT('',(0.602135654506098,1.999997112027,7.72001913996414));
#8632=CARTESIAN_POINT('Origin',(0.602135116966396,1.99999717394569,7.74001913995684));
#8633=CARTESIAN_POINT('',(0.847879395994298,1.9999964145749,7.72002574481664));
#8634=CARTESIAN_POINT('',(-0.761855389216905,2.0000009832076,7.7199824799884));
#8635=CARTESIAN_POINT('',(0.862464181670097,1.99999647746309,7.75371034735014));
#8636=CARTESIAN_POINT('Origin',(0.847878858454597,1.9999964764937,7.74002574480934));
#8637=CARTESIAN_POINT('',(0.862450941219684,1.99999800261978,8.24634192611714));
#8638=CARTESIAN_POINT('Origin',(1.12499999954899,1.99999649491249,8.00003319308452));
#8639=CARTESIAN_POINT('Origin',(0.847864882423584,1.99999808638128,8.26002574461894));
#8640=CARTESIAN_POINT('',(2.44786434429958,1.99999360729598,8.28006874779808));
#8641=CARTESIAN_POINT('',(2.20212060281138,1.99999430474808,8.28006214294568));
#8642=CARTESIAN_POINT('',(0.211855389337384,1.99999995337458,8.28000865060433));
#8643=CARTESIAN_POINT('',(2.18753581713558,1.99999424185988,8.24637754041217));
#8644=CARTESIAN_POINT('Origin',(2.20212114035108,1.99999424282928,8.26006214295298));
#8645=CARTESIAN_POINT('',(2.187549057586,1.9999927167031,7.75374596164508));
#8646=CARTESIAN_POINT('Origin',(1.92499999925679,1.99999422441039,8.00005469467773));
#8647=CARTESIAN_POINT('',(2.2021356539217,1.9999925710229,7.72006214315058));
#8648=CARTESIAN_POINT('Origin',(2.2021351163821,1.9999926329416,7.74006214314328));
#8649=CARTESIAN_POINT('',(2.4478793954099,1.9999918735708,7.72006874800308));
#8650=CARTESIAN_POINT('',(0.0381446104908978,1.9999987127055,7.72000398158162));
#8651=CARTESIAN_POINT('',(2.4624641810858,1.9999919364589,7.75375335053648));
#8652=CARTESIAN_POINT('Origin',(2.4478788578703,1.9999919354895,7.74006874799568));
#8653=CARTESIAN_POINT('',(2.46245094063538,1.99999346161568,8.24638492930358));
#8654=CARTESIAN_POINT('Origin',(2.72499999896459,1.99999195390839,8.00007619627094));
#8655=CARTESIAN_POINT('Origin',(2.44786488183928,1.99999354537718,8.26006874780538));
#8656=CARTESIAN_POINT('',(1.9250083311214,1.9999932646697,7.69005469479117));
#8657=CARTESIAN_POINT('Origin',(1.92499999925679,1.99999422441039,8.00005469467773));
#8658=CARTESIAN_POINT('',(0.325008331705798,1.9999978056738,7.69001169160473));
#8659=CARTESIAN_POINT('Origin',(0.324999999841091,1.99999876541459,8.00001169149131));
#8660=CARTESIAN_POINT('',(-1.2749916677099,2.000002346678,7.68996868841829));
#8661=CARTESIAN_POINT('Origin',(-1.27499999957451,2.00000330641869,7.99996868830489));
#8662=CARTESIAN_POINT('',(-0.474991668002072,2.0000000761759,7.68999019001151));
#8663=CARTESIAN_POINT('Origin',(-0.47499999986672,2.00000103591659,7.9999901898981));
#8664=CARTESIAN_POINT('',(1.1250083314136,1.9999955351718,7.69003319319795));
#8665=CARTESIAN_POINT('Origin',(1.12499999954899,1.99999649491249,8.00003319308452));
#8666=CARTESIAN_POINT('',(-2.07499166741757,2.00000461717997,7.68994718682513));
#8667=CARTESIAN_POINT('Origin',(-2.07499999928221,2.00000557692069,7.99994718671168));
#8668=CARTESIAN_POINT('Origin',(2.72499772839679,1.19999195391539,8.00007867296017));
#8669=CARTESIAN_POINT('',(2.72179502549702,1.19999087945355,7.65007858675644));
#8670=CARTESIAN_POINT('',(2.72179502549701,1.19999003036853,7.37581406009311));
#8671=CARTESIAN_POINT('',(-2.0750022414682,1.20000449337617,7.64994966333977));
#8672=CARTESIAN_POINT('Origin',(-2.07500226985021,1.20000557692779,7.9999496634009));
#8673=CARTESIAN_POINT('',(-4.4749928620302,1.20001130485569,7.64988515874939));
#8674=CARTESIAN_POINT('',(-2.07499393798556,1.20000461718706,7.68994966351435));
#8675=CARTESIAN_POINT('Origin',(-2.07500226985021,1.20000557692779,7.9999496634009));
#8676=CARTESIAN_POINT('',(1.40211833253498,1.19999657525718,8.28004311804163));
#8677=CARTESIAN_POINT('',(1.64786207402318,1.19999587780508,8.28004972289414));
#8678=CARTESIAN_POINT('',(-0.188146881085116,1.20000108863268,8.28000037649699));
#8679=CARTESIAN_POINT('',(1.66244867035888,1.19999573212478,8.24636590439964));
#8680=CARTESIAN_POINT('Origin',(1.64786261156278,1.19999581588628,8.26004972290143));
#8681=CARTESIAN_POINT('',(1.6624619108093,1.1999942069681,7.75373432563253));
#8682=CARTESIAN_POINT('Origin',(1.92499772868809,1.19999422441749,8.00005717136696));
#8683=CARTESIAN_POINT('',(1.6478771251335,1.1999941440799,7.72004972309904));
#8684=CARTESIAN_POINT('Origin',(1.6478765875938,1.1999942059986,7.74004972309173));
#8685=CARTESIAN_POINT('',(1.4021333836453,1.199994841532,7.72004311824663));
#8686=CARTESIAN_POINT('',(-0.361857659931603,1.1999998479636,7.71999570747429));
#8687=CARTESIAN_POINT('',(1.3875467873096,1.1999949872123,7.75372693674113));
#8688=CARTESIAN_POINT('Origin',(1.4021328461056,1.1999949034507,7.74004311823923));
#8689=CARTESIAN_POINT('',(1.38753354685908,1.19999651236898,8.24635851550813));
#8690=CARTESIAN_POINT('Origin',(1.12499772898029,1.19999649491959,8.00003566977374));
#8691=CARTESIAN_POINT('Origin',(1.40211887007458,1.19999651333838,8.26004311804893));
#8692=CARTESIAN_POINT('',(-0.197881666880716,1.20000111626128,8.28000011485519));
#8693=CARTESIAN_POINT('',(0.0478620746074849,1.20000041880918,8.2800067197077));
#8694=CARTESIAN_POINT('',(-0.988146880792915,1.20000335913478,8.27997887490377));
#8695=CARTESIAN_POINT('',(0.0624486709431844,1.20000027312888,8.2463229012132));
#8696=CARTESIAN_POINT('Origin',(0.0478626121471848,1.20000035689038,8.260006719715));
#8697=CARTESIAN_POINT('',(0.0624619113936973,1.1999987479722,7.7536913224461));
#8698=CARTESIAN_POINT('Origin',(0.32499772927249,1.19999876542159,8.00001416818053));
#8699=CARTESIAN_POINT('',(0.0478771257177977,1.199998685084,7.7200067199126));
#8700=CARTESIAN_POINT('Origin',(0.0478765881781964,1.1999987470028,7.7400067199053));
#8701=CARTESIAN_POINT('',(-0.197866615770402,1.1999993825361,7.72000011506019));
#8702=CARTESIAN_POINT('',(-1.1618576596395,1.20000211846569,7.71997420588107));
#8703=CARTESIAN_POINT('',(-0.212453212106103,1.1999995282164,7.75368393355469));
#8704=CARTESIAN_POINT('Origin',(-0.197867153310003,1.19999944445489,7.74000011505289));
#8705=CARTESIAN_POINT('',(-0.212466452556516,1.20000105337308,8.24631551232179));
#8706=CARTESIAN_POINT('Origin',(-0.475002270435336,1.20000103592369,7.99999266658732));
#8707=CARTESIAN_POINT('Origin',(-0.197881129341016,1.20000105434248,8.26000011486259));
#8708=CARTESIAN_POINT('',(-1.79788166629621,1.20000565726538,8.27995711166885));
#8709=CARTESIAN_POINT('',(-1.55213792480722,1.20000495981327,8.27996371652126));
#8710=CARTESIAN_POINT('',(-1.78814688050021,1.20000562963678,8.27995737331055));
#8711=CARTESIAN_POINT('',(-1.53755132847222,1.20000481413298,8.24627989802676));
#8712=CARTESIAN_POINT('Origin',(-1.55213738726821,1.20000489789458,8.25996371652856));
#8713=CARTESIAN_POINT('',(-1.5375380880212,1.20000328897629,7.75364831925966));
#8714=CARTESIAN_POINT('Origin',(-1.27500227014321,1.20000330642569,7.99997116499411));
#8715=CARTESIAN_POINT('',(-1.5521228736972,1.2000032260881,7.71996371672626));
#8716=CARTESIAN_POINT('Origin',(-1.5521234112372,1.20000328800689,7.73996371671886));
#8717=CARTESIAN_POINT('',(-1.7978666151852,1.20000392354019,7.71995711187375));
#8718=CARTESIAN_POINT('',(-1.9618576593472,1.20000438896769,7.71995270428785));
#8719=CARTESIAN_POINT('',(-1.8124532115212,1.20000406922049,7.75364093036825));
#8720=CARTESIAN_POINT('Origin',(-1.7978671527252,1.200003985459,7.73995711186645));
#8721=CARTESIAN_POINT('',(-1.81246645197221,1.20000559437718,8.24627250913535));
#8722=CARTESIAN_POINT('Origin',(-2.07500226985021,1.20000557692779,7.9999496634009));
#8723=CARTESIAN_POINT('Origin',(-1.79788112875622,1.20000559534668,8.25995711167615));
#8724=CARTESIAN_POINT('',(-0.997881666588516,1.20000338676337,8.27997861326197));
#8725=CARTESIAN_POINT('',(-0.752137925100314,1.20000268931128,8.27998521811448));
#8726=CARTESIAN_POINT('',(-1.38814688064681,1.20000449438578,8.27996812410716));
#8727=CARTESIAN_POINT('',(-0.737551328764614,1.20000254363098,8.24630139961998));
#8728=CARTESIAN_POINT('Origin',(-0.752137387560616,1.20000262739248,8.25998521812178));
#8729=CARTESIAN_POINT('',(-0.737538088314201,1.2000010184742,7.75366982085288));
#8730=CARTESIAN_POINT('Origin',(-0.475002270435336,1.20000103592369,7.99999266658732));
#8731=CARTESIAN_POINT('',(-0.752122873990002,1.2000009555861,7.71998521831938));
#8732=CARTESIAN_POINT('Origin',(-0.752123411529602,1.20000101750479,7.73998521831208));
#8733=CARTESIAN_POINT('',(-0.997866615478204,1.20000165303819,7.71997861346697));
#8734=CARTESIAN_POINT('',(-1.5618576594932,1.20000325371669,7.71996345508446));
#8735=CARTESIAN_POINT('',(-1.0124532118139,1.2000017987184,7.75366243196147));
#8736=CARTESIAN_POINT('Origin',(-0.997867153017902,1.20000171495689,7.73997861345967));
#8737=CARTESIAN_POINT('',(-1.01246645226442,1.20000332387518,8.24629401072857));
#8738=CARTESIAN_POINT('Origin',(-1.27500227014321,1.20000330642569,7.99997116499411));
#8739=CARTESIAN_POINT('Origin',(-0.997881129048915,1.20000332484458,8.25997861326937));
#8740=CARTESIAN_POINT('',(0.602118332827084,1.19999884575918,8.28002161644841));
#8741=CARTESIAN_POINT('',(0.847862074315284,1.19999814830708,8.28002822130092));
#8742=CARTESIAN_POINT('',(-0.588146880939014,1.20000222388378,8.27998962570038));
#8743=CARTESIAN_POINT('',(0.862448670651085,1.19999800262688,8.24634440280642));
#8744=CARTESIAN_POINT('Origin',(0.847862611854985,1.19999808638838,8.26002822130822));
#8745=CARTESIAN_POINT('',(0.862461911101496,1.19999647747009,7.75371282403932));
#8746=CARTESIAN_POINT('Origin',(1.12499772898029,1.19999649491959,8.00003566977374));
#8747=CARTESIAN_POINT('',(0.847877125425698,1.1999964145819,7.72002822150582));
#8748=CARTESIAN_POINT('Origin',(0.847876587885997,1.1999964765007,7.74002822149852));
#8749=CARTESIAN_POINT('',(0.602133383937498,1.199997112034,7.72002161665341));
#8750=CARTESIAN_POINT('',(-0.761857659785603,1.20000098321459,7.71998495667768));
#8751=CARTESIAN_POINT('',(0.587546787601697,1.19999725771429,7.75370543514791));
#8752=CARTESIAN_POINT('Origin',(0.602132846397797,1.1999971739528,7.74002161664611));
#8753=CARTESIAN_POINT('',(0.587533547151285,1.19999878287108,8.24633701391491));
#8754=CARTESIAN_POINT('Origin',(0.32499772927249,1.19999876542159,8.00001416818053));
#8755=CARTESIAN_POINT('Origin',(0.602118870366784,1.19999878384048,8.26002161645571));
#8756=CARTESIAN_POINT('',(2.20211833224278,1.19999430475508,8.28006461963485));
#8757=CARTESIAN_POINT('',(2.44786207373098,1.19999360730298,8.28007122448735));
#8758=CARTESIAN_POINT('',(0.211853118768785,1.19999995338168,8.2800111272936));
#8759=CARTESIAN_POINT('',(2.46244867006668,1.19999346162278,8.24638740599285));
#8760=CARTESIAN_POINT('Origin',(2.44786261127068,1.19999354538428,8.26007122449465));
#8761=CARTESIAN_POINT('',(2.4624619105172,1.199991936466,7.75375582722575));
#8762=CARTESIAN_POINT('Origin',(2.72499772839599,1.19999195391539,8.00007867296017));
#8763=CARTESIAN_POINT('',(2.4478771248413,1.1999918735778,7.72007122469225));
#8764=CARTESIAN_POINT('Origin',(2.4478765873017,1.1999919354966,7.74007122468495));
#8765=CARTESIAN_POINT('',(2.2021333833531,1.1999925710299,7.72006461983985));
#8766=CARTESIAN_POINT('',(0.038142339922298,1.1999987127126,7.7200064582709));
#8767=CARTESIAN_POINT('',(2.1875467870174,1.1999927167102,7.75374843833435));
#8768=CARTESIAN_POINT('Origin',(2.2021328458135,1.1999926329487,7.74006461983245));
#8769=CARTESIAN_POINT('',(2.18753354656698,1.19999424186688,8.24638001710135));
#8770=CARTESIAN_POINT('Origin',(1.92499772868819,1.19999422441749,8.00005717136695));
#8771=CARTESIAN_POINT('Origin',(2.20211886978248,1.19999424283638,8.26006461964215));
#8772=CARTESIAN_POINT('',(1.9250060605528,1.1999932646768,7.69005717148044));
#8773=CARTESIAN_POINT('Origin',(1.92499772868809,1.19999422441749,8.00005717136696));
#8774=CARTESIAN_POINT('',(0.325006061137098,1.1999978056809,7.690014168294));
#8775=CARTESIAN_POINT('Origin',(0.32499772927249,1.19999876542159,8.00001416818053));
#8776=CARTESIAN_POINT('',(-1.2749939382785,1.200002346685,7.68997116510756));
#8777=CARTESIAN_POINT('Origin',(-1.27500227014321,1.20000330642569,7.99997116499411));
#8778=CARTESIAN_POINT('',(-0.474993938570702,1.2000000761829,7.68999266670078));
#8779=CARTESIAN_POINT('Origin',(-0.475002270435336,1.20000103592369,7.99999266658732));
#8780=CARTESIAN_POINT('',(1.125006060845,1.1999955351788,7.69003566988722));
#8781=CARTESIAN_POINT('Origin',(1.12499772898029,1.19999649491959,8.00003566977374));
#8782=CARTESIAN_POINT('Origin',(-4.4749928336482,1.2100113048556,7.64988512779079));
#8783=CARTESIAN_POINT('',(2.72179502549702,1.20999084849499,7.64007855579345));
#8784=CARTESIAN_POINT('Origin',(2.72179502549702,1.20999087945353,7.65007855579707));
#8785=CARTESIAN_POINT('',(-2.07500214203369,1.21000446241727,7.63994963241219));
#8786=CARTESIAN_POINT('Origin',(-2.0750022414682,1.21000449337615,7.64994963244396));
#8787=CARTESIAN_POINT('',(-4.4749925648782,1.2100112738963,7.63988512779439));
#8788=CARTESIAN_POINT('Origin',(-6.8749914570992,1.600018085399,7.63981941562874));
#8789=CARTESIAN_POINT('',(2.72179502549702,1.98999084849437,7.64007614096198));
#8790=CARTESIAN_POINT('',(2.72179502549702,-1.53373958148587,7.64008705021222));
#8791=CARTESIAN_POINT('',(-2.0750020427932,1.99000446241635,7.63994721758273));
#8792=CARTESIAN_POINT('',(-2.0750020427932,1.60000466114093,7.63994842506025));
#8793=CARTESIAN_POINT('',(-4.4749903510742,1.9900112738894,7.63988271302241));
#8794=CARTESIAN_POINT('Origin',(-4.4749906198432,1.99001130484879,7.64988271301872));
#8795=CARTESIAN_POINT('Origin',(2.72179502549702,1.98999087945301,7.6500761409655));
#8796=CARTESIAN_POINT('Origin',(-2.0750020427932,1.99000449337417,7.64994721748865));
#8797=CARTESIAN_POINT('Origin',(2.2021328458135,1.1999926329487,7.74006461983245));
#8798=CARTESIAN_POINT('',(2.2021342631985,1.5099925710272,7.72006366012276));
#8799=CARTESIAN_POINT('',(2.2021333833531,1.1999925710299,7.72006461983985));
#8800=CARTESIAN_POINT('',(2.1875476668627,1.5099927167075,7.75374747861726));
#8801=CARTESIAN_POINT('Origin',(2.2021337256588,1.5099926329459,7.74006366011546));
#8802=CARTESIAN_POINT('',(2.1875467870174,1.1999927167102,7.75374843833435));
#8803=CARTESIAN_POINT('Origin',(1.92499772868819,1.19999422441749,8.00005717136695));
#8804=CARTESIAN_POINT('',(2.18753442641228,1.50999424186418,8.24637905738426));
#8805=CARTESIAN_POINT('Origin',(1.92499860853349,1.50999422441479,8.00005621164988));
#8806=CARTESIAN_POINT('',(2.18753354656698,1.19999424186688,8.24638001710135));
#8807=CARTESIAN_POINT('Origin',(2.44786261127068,1.19999354538428,8.26007122449465));
#8808=CARTESIAN_POINT('',(2.44786295357628,1.50999360730028,8.28007026477026));
#8809=CARTESIAN_POINT('',(2.44786207373098,1.19999360730298,8.28007122448735));
#8810=CARTESIAN_POINT('',(2.46244954991208,1.50999346161998,8.24638644627577));
#8811=CARTESIAN_POINT('Origin',(2.44786349111598,1.50999354538148,8.26007026477757));
#8812=CARTESIAN_POINT('',(2.46244867006668,1.19999346162278,8.24638740599285));
#8813=CARTESIAN_POINT('Origin',(2.32499860838739,1.50999308916369,8.00006696244649));
#8814=CARTESIAN_POINT('',(2.4478780046867,1.5099918735751,7.72007026497517));
#8815=CARTESIAN_POINT('',(2.1512803039857,1.5099927153572,7.72006229332126));
#8816=CARTESIAN_POINT('',(2.4624627903625,1.5099919364633,7.75375486750866));
#8817=CARTESIAN_POINT('Origin',(2.447877467147,1.5099919354939,7.74007026496786));
#8818=CARTESIAN_POINT('Origin',(2.72499860824129,1.50999195391269,8.00007771324309));
#8819=CARTESIAN_POINT('',(2.20211921208808,1.50999430475238,8.28006365991776));
#8820=CARTESIAN_POINT('',(2.49871691278908,1.50999346297028,8.28007163157167));
#8821=CARTESIAN_POINT('Origin',(2.20211974962778,1.50999424283358,8.26006365992506));
#8822=CARTESIAN_POINT('Origin',(2.49871603294378,1.19999346297298,8.28007259128876));
#8823=CARTESIAN_POINT('',(2.20211833224278,1.19999430475508,8.28006461963485));
#8824=CARTESIAN_POINT('Origin',(2.20211886978248,1.19999424283638,8.26006461964215));
#8825=CARTESIAN_POINT('Origin',(1.64786261156278,1.19999581588628,8.26004972290143));
#8826=CARTESIAN_POINT('',(1.64786295386848,1.50999587780238,8.28004876317704));
#8827=CARTESIAN_POINT('',(1.64786207402318,1.19999587780508,8.28004972289414));
#8828=CARTESIAN_POINT('',(1.66244955020418,1.50999573212208,8.24636494468255));
#8829=CARTESIAN_POINT('Origin',(1.64786349140818,1.50999581588358,8.26004876318435));
#8830=CARTESIAN_POINT('',(1.66244867035888,1.19999573212478,8.24636590439964));
#8831=CARTESIAN_POINT('Origin',(1.92499772868809,1.19999422441749,8.00005717136696));
#8832=CARTESIAN_POINT('',(1.6624627906547,1.5099942069653,7.75373336591545));
#8833=CARTESIAN_POINT('Origin',(1.92499860853349,1.50999422441479,8.00005621164988));
#8834=CARTESIAN_POINT('',(1.6624619108093,1.1999942069681,7.75373432563253));
#8835=CARTESIAN_POINT('Origin',(1.40211887007458,1.19999651333838,8.26004311804893));
#8836=CARTESIAN_POINT('',(1.38753442670448,1.50999651236628,8.24635755579114));
#8837=CARTESIAN_POINT('',(1.38753354685908,1.19999651236898,8.24635851550813));
#8838=CARTESIAN_POINT('',(1.40211921238028,1.50999657525438,8.28004215832454));
#8839=CARTESIAN_POINT('Origin',(1.40211974991998,1.50999651333568,8.26004215833194));
#8840=CARTESIAN_POINT('',(1.40211833253498,1.19999657525718,8.28004311804163));
#8841=CARTESIAN_POINT('Origin',(1.52499860867959,1.50999535966579,8.00004546085328));
#8842=CARTESIAN_POINT('',(1.69871691308128,1.50999573347228,8.28005012997845));
#8843=CARTESIAN_POINT('',(1.3875476671549,1.5099949872095,7.75372597702404));
#8844=CARTESIAN_POINT('Origin',(1.12499860882569,1.50999649491679,8.00003471005667));
#8845=CARTESIAN_POINT('',(1.4021342634906,1.5099948415292,7.72004215852954));
#8846=CARTESIAN_POINT('Origin',(1.402133725951,1.509994903448,7.74004215852224));
#8847=CARTESIAN_POINT('',(1.6478780049788,1.5099941440772,7.72004876338195));
#8848=CARTESIAN_POINT('',(1.3512803042779,1.5099949858593,7.72004079172814));
#8849=CARTESIAN_POINT('Origin',(1.6478774674392,1.5099942059959,7.74004876337465));
#8850=CARTESIAN_POINT('Origin',(1.12499772898029,1.19999649491959,8.00003566977374));
#8851=CARTESIAN_POINT('',(1.3875467873096,1.1999949872123,7.75372693674113));
#8852=CARTESIAN_POINT('Origin',(0.847862611854985,1.19999808638838,8.26002822130822));
#8853=CARTESIAN_POINT('',(0.847862954160684,1.50999814830438,8.28002726158383));
#8854=CARTESIAN_POINT('',(0.847862074315284,1.19999814830708,8.28002822130092));
#8855=CARTESIAN_POINT('',(0.862449550496384,1.50999800262408,8.24634344308933));
#8856=CARTESIAN_POINT('Origin',(0.847863491700284,1.50999808638568,8.26002726159112));
#8857=CARTESIAN_POINT('',(0.862448670651085,1.19999800262688,8.24634440280642));
#8858=CARTESIAN_POINT('Origin',(1.12499772898029,1.19999649491959,8.00003566977374));
#8859=CARTESIAN_POINT('',(0.862462790946797,1.5099964774674,7.75371186432223));
#8860=CARTESIAN_POINT('Origin',(1.12499860882569,1.50999649491679,8.00003471005667));
#8861=CARTESIAN_POINT('',(0.862461911101496,1.19999647747009,7.75371282403932));
#8862=CARTESIAN_POINT('Origin',(0.602118870366784,1.19999878384048,8.26002161645571));
#8863=CARTESIAN_POINT('',(0.587534426996685,1.50999878286828,8.24633605419792));
#8864=CARTESIAN_POINT('',(0.587533547151285,1.19999878287108,8.24633701391491));
#8865=CARTESIAN_POINT('',(0.602119212672484,1.50999884575648,8.28002065673132));
#8866=CARTESIAN_POINT('Origin',(0.602119750212085,1.50999878383768,8.26002065673872));
#8867=CARTESIAN_POINT('',(0.602118332827084,1.19999884575918,8.28002161644841));
#8868=CARTESIAN_POINT('Origin',(0.724998608971791,1.50999763016789,8.00002395926007));
#8869=CARTESIAN_POINT('',(0.898716913373384,1.50999800397438,8.28002862838523));
#8870=CARTESIAN_POINT('',(0.587547667447097,1.50999725771159,7.75370447543082));
#8871=CARTESIAN_POINT('Origin',(0.324998609117791,1.50999876541889,8.00001320846346));
#8872=CARTESIAN_POINT('',(0.602134263782798,1.5099971120313,7.72002065693632));
#8873=CARTESIAN_POINT('Origin',(0.602133726243197,1.50999717395009,7.74002065692902));
#8874=CARTESIAN_POINT('',(0.847878005270998,1.5099964145792,7.72002726178873));
#8875=CARTESIAN_POINT('',(0.551280304569998,1.5099972563613,7.72001929013492));
#8876=CARTESIAN_POINT('Origin',(0.847877467731397,1.509996476498,7.74002726178143));
#8877=CARTESIAN_POINT('Origin',(0.32499772927249,1.19999876542159,8.00001416818053));
#8878=CARTESIAN_POINT('',(0.587546787601697,1.19999725771429,7.75370543514791));
#8879=CARTESIAN_POINT('Origin',(0.0478626121471848,1.20000035689038,8.260006719715));
#8880=CARTESIAN_POINT('',(0.047862954452885,1.51000041880648,8.28000575999061));
#8881=CARTESIAN_POINT('',(0.0478620746074849,1.20000041880918,8.2800067197077));
#8882=CARTESIAN_POINT('',(0.0624495507885845,1.51000027312618,8.24632194149611));
#8883=CARTESIAN_POINT('Origin',(0.0478634919924845,1.51000035688768,8.26000575999791));
#8884=CARTESIAN_POINT('',(0.0624486709431844,1.20000027312888,8.2463229012132));
#8885=CARTESIAN_POINT('Origin',(0.32499772927249,1.19999876542159,8.00001416818053));
#8886=CARTESIAN_POINT('',(0.062462791238997,1.50999874796939,7.75369036272901));
#8887=CARTESIAN_POINT('Origin',(0.324998609117791,1.50999876541889,8.00001320846346));
#8888=CARTESIAN_POINT('',(0.0624619113936973,1.1999987479722,7.7536913224461));
#8889=CARTESIAN_POINT('Origin',(-0.197881129341016,1.20000105434248,8.26000011486259));
#8890=CARTESIAN_POINT('',(-0.212465572711213,1.51000105337038,8.2463145526047));
#8891=CARTESIAN_POINT('',(-0.212466452556516,1.20000105337308,8.24631551232179));
#8892=CARTESIAN_POINT('',(-0.197880787035316,1.51000111625858,8.2799991551381));
#8893=CARTESIAN_POINT('Origin',(-0.197880249495716,1.51000105433978,8.2599991551455));
#8894=CARTESIAN_POINT('',(-0.197881666880716,1.20000111626128,8.28000011485519));
#8895=CARTESIAN_POINT('Origin',(-0.0750013907361096,1.50999990066989,8.00000245766685));
#8896=CARTESIAN_POINT('',(0.0987169136655845,1.51000027447638,8.28000712679201));
#8897=CARTESIAN_POINT('',(-0.212452332260803,1.50999952821359,7.7536829738376));
#8898=CARTESIAN_POINT('Origin',(-0.475001390589998,1.51000103592089,7.99999170687025));
#8899=CARTESIAN_POINT('',(-0.197865735925002,1.5099993825334,7.7199991553431));
#8900=CARTESIAN_POINT('Origin',(-0.197866273464704,1.5099994444521,7.7399991553358));
#8901=CARTESIAN_POINT('',(0.0478780055631978,1.5099986850813,7.72000576019551));
#8902=CARTESIAN_POINT('',(-0.248719695137803,1.5099995268634,7.7199977885417));
#8903=CARTESIAN_POINT('Origin',(0.047877468023497,1.50999874699999,7.74000576018821));
#8904=CARTESIAN_POINT('Origin',(-0.475002270435336,1.20000103592369,7.99999266658732));
#8905=CARTESIAN_POINT('',(-0.212453212106103,1.1999995282164,7.75368393355469));
#8906=CARTESIAN_POINT('Origin',(-0.752137387560616,1.20000262739248,8.25998521812178));
#8907=CARTESIAN_POINT('',(-0.752137045255015,1.51000268930848,8.27998425839739));
#8908=CARTESIAN_POINT('',(-0.752137925100314,1.20000268931128,8.27998521811448));
#8909=CARTESIAN_POINT('',(-0.737550448919215,1.51000254362828,8.24630043990289));
#8910=CARTESIAN_POINT('Origin',(-0.752136507715313,1.51000262738978,8.25998425840469));
#8911=CARTESIAN_POINT('',(-0.737551328764614,1.20000254363098,8.24630139961998));
#8912=CARTESIAN_POINT('Origin',(-0.475002270435336,1.20000103592369,7.99999266658732));
#8913=CARTESIAN_POINT('',(-0.737537208468803,1.5100010184715,7.75366886113579));
#8914=CARTESIAN_POINT('Origin',(-0.475001390589998,1.51000103592089,7.99999170687025));
#8915=CARTESIAN_POINT('',(-0.737538088314201,1.2000010184742,7.75366982085288));
#8916=CARTESIAN_POINT('Origin',(-0.997881129048915,1.20000332484458,8.25997861326937));
#8917=CARTESIAN_POINT('',(-1.01246557241901,1.51000332387238,8.24629305101148));
#8918=CARTESIAN_POINT('',(-1.01246645226442,1.20000332387518,8.24629401072857));
#8919=CARTESIAN_POINT('',(-0.997880786743215,1.51000338676058,8.27997765354498));
#8920=CARTESIAN_POINT('Origin',(-0.997880249203515,1.51000332484188,8.25997765355228));
#8921=CARTESIAN_POINT('',(-0.997881666588516,1.20000338676337,8.27997861326197));
#8922=CARTESIAN_POINT('Origin',(-0.875001390443908,1.51000217117199,7.99998095607364));
#8923=CARTESIAN_POINT('',(-0.701283086042213,1.51000254497848,8.27998562519879));
#8924=CARTESIAN_POINT('',(-1.0124523319686,1.5100017987157,7.75366147224438));
#8925=CARTESIAN_POINT('Origin',(-1.27500139029781,1.51000330642299,7.99997020527704));
#8926=CARTESIAN_POINT('',(-0.997865735632901,1.51000165303539,7.71997765374988));
#8927=CARTESIAN_POINT('Origin',(-0.997866273172503,1.51000171495419,7.73997765374258));
#8928=CARTESIAN_POINT('',(-0.752121994144602,1.51000095558329,7.71998425860239));
#8929=CARTESIAN_POINT('',(-1.0487196948456,1.51000179736539,7.71997628694848));
#8930=CARTESIAN_POINT('Origin',(-0.752122531684302,1.5100010175021,7.73998425859499));
#8931=CARTESIAN_POINT('Origin',(-1.27500227014321,1.20000330642569,7.99997116499411));
#8932=CARTESIAN_POINT('',(-1.0124532118139,1.2000017987184,7.75366243196147));
#8933=CARTESIAN_POINT('Origin',(-1.55213738726821,1.20000489789458,8.25996371652856));
#8934=CARTESIAN_POINT('',(-1.55213704496222,1.51000495981057,8.27996275680417));
#8935=CARTESIAN_POINT('',(-1.55213792480722,1.20000495981327,8.27996371652126));
#8936=CARTESIAN_POINT('',(-1.53755044862622,1.51000481413028,8.24627893830967));
#8937=CARTESIAN_POINT('Origin',(-1.55213650742222,1.51000489789178,8.25996275681147));
#8938=CARTESIAN_POINT('',(-1.53755132847222,1.20000481413298,8.24627989802676));
#8939=CARTESIAN_POINT('Origin',(-1.27500227014321,1.20000330642569,7.99997116499411));
#8940=CARTESIAN_POINT('',(-1.5375372081762,1.51000328897359,7.75364735954257));
#8941=CARTESIAN_POINT('Origin',(-1.27500139029781,1.51000330642299,7.99997020527704));
#8942=CARTESIAN_POINT('',(-1.5375380880212,1.20000328897629,7.75364831925966));
#8943=CARTESIAN_POINT('Origin',(-1.79788112875622,1.20000559534668,8.25995711167615));
#8944=CARTESIAN_POINT('',(-1.81246557212621,1.51000559437448,8.24627154941826));
#8945=CARTESIAN_POINT('',(-1.81246645197221,1.20000559437718,8.24627250913535));
#8946=CARTESIAN_POINT('',(-1.79788078645021,1.51000565726267,8.27995615195176));
#8947=CARTESIAN_POINT('Origin',(-1.79788024891122,1.51000559534388,8.25995615195906));
#8948=CARTESIAN_POINT('',(-1.79788166629621,1.20000565726538,8.27995711166885));
#8949=CARTESIAN_POINT('Origin',(-1.67500139015121,1.51000444167399,7.99995945448043));
#8950=CARTESIAN_POINT('',(-1.50128308574921,1.51000481548057,8.27996412360557));
#8951=CARTESIAN_POINT('',(-1.8124523316762,1.51000406921779,7.75363997065116));
#8952=CARTESIAN_POINT('Origin',(-2.07500139000521,1.51000557692509,7.99994870368383));
#8953=CARTESIAN_POINT('',(-1.7978657353402,1.5100039235375,7.71995615215666));
#8954=CARTESIAN_POINT('Origin',(-1.7978662728802,1.51000398545619,7.73995615214936));
#8955=CARTESIAN_POINT('',(-1.5521219938522,1.5100032260854,7.71996275700917));
#8956=CARTESIAN_POINT('',(-1.8487196945532,1.5100040678675,7.71995478535526));
#8957=CARTESIAN_POINT('Origin',(-1.5521225313912,1.51000328800419,7.73996275700177));
#8958=CARTESIAN_POINT('Origin',(-2.07500226985021,1.20000557692779,7.9999496634009));
#8959=CARTESIAN_POINT('',(-1.8124532115212,1.20000406922049,7.75364093036825));
#8960=CARTESIAN_POINT('Origin',(-1.7978671527252,1.200003985459,7.73995711186645));
#8961=CARTESIAN_POINT('',(-1.7978666151852,1.20000392354019,7.71995711187375));
#8962=CARTESIAN_POINT('Origin',(-1.5521234112372,1.20000328800689,7.73996371671886));
#8963=CARTESIAN_POINT('',(-1.5521228736972,1.2000032260881,7.71996371672626));
#8964=CARTESIAN_POINT('Origin',(-0.997867153017902,1.20000171495689,7.73997861345967));
#8965=CARTESIAN_POINT('',(-0.997866615478204,1.20000165303819,7.71997861346697));
#8966=CARTESIAN_POINT('Origin',(-0.752123411529602,1.20000101750479,7.73998521831208));
#8967=CARTESIAN_POINT('',(-0.752122873990002,1.2000009555861,7.71998521831938));
#8968=CARTESIAN_POINT('Origin',(-0.197867153310003,1.19999944445489,7.74000011505289));
#8969=CARTESIAN_POINT('',(-0.197866615770402,1.1999993825361,7.72000011506019));
#8970=CARTESIAN_POINT('Origin',(0.0478765881781964,1.1999987470028,7.7400067199053));
#8971=CARTESIAN_POINT('',(0.0478771257177977,1.199998685084,7.7200067199126));
#8972=CARTESIAN_POINT('Origin',(0.602132846397797,1.1999971739528,7.74002161664611));
#8973=CARTESIAN_POINT('',(0.602133383937498,1.199997112034,7.72002161665341));
#8974=CARTESIAN_POINT('Origin',(0.847876587885997,1.1999964765007,7.74002822149852));
#8975=CARTESIAN_POINT('',(0.847877125425698,1.199996414582,7.72002822150582));
#8976=CARTESIAN_POINT('Origin',(1.4021328461056,1.1999949034507,7.74004311823923));
#8977=CARTESIAN_POINT('',(1.4021333836453,1.199994841532,7.72004311824663));
#8978=CARTESIAN_POINT('Origin',(1.6478765875938,1.1999942059986,7.74004972309173));
#8979=CARTESIAN_POINT('',(1.6478771251335,1.1999941440799,7.72004972309904));
#8980=CARTESIAN_POINT('Origin',(2.4478765873017,1.1999919354966,7.74007122468495));
#8981=CARTESIAN_POINT('',(2.4624619105172,1.199991936466,7.75375582722575));
#8982=CARTESIAN_POINT('',(2.4478771248413,1.1999918735778,7.72007122469225));
#8983=CARTESIAN_POINT('Origin',(2.72499772839599,1.19999195391539,8.00007867296017));
#8984=CARTESIAN_POINT('Origin',(2.20212114035108,1.99999424282928,8.26006214295298));
#8985=CARTESIAN_POINT('',(2.20211972296608,1.68999430475078,8.28006310266266));
#8986=CARTESIAN_POINT('',(2.20212060281138,1.99999430474808,8.28006214294568));
#8987=CARTESIAN_POINT('',(2.18753493729018,1.68999424186258,8.24637850012927));
#8988=CARTESIAN_POINT('Origin',(2.20212026050568,1.68999424283198,8.26006310267007));
#8989=CARTESIAN_POINT('',(2.18753581713558,1.99999424185988,8.24637754041217));
#8990=CARTESIAN_POINT('Origin',(2.49871830351238,1.99999346296588,8.28007011459948));
#8991=CARTESIAN_POINT('',(2.44786346445428,1.68999360729868,8.28006970751517));
#8992=CARTESIAN_POINT('',(2.44786434429958,1.99999360729598,8.28006874779808));
#8993=CARTESIAN_POINT('',(2.49871742366698,1.68999346296868,8.28007107431657));
#8994=CARTESIAN_POINT('Origin',(2.44786488183928,1.99999354537718,8.26006874780538));
#8995=CARTESIAN_POINT('',(2.46245006078998,1.68999346161838,8.24638588902067));
#8996=CARTESIAN_POINT('',(2.46245094063538,1.99999346161568,8.24638492930358));
#8997=CARTESIAN_POINT('Origin',(2.44786400199388,1.68999354537988,8.26006970752247));
#8998=CARTESIAN_POINT('Origin',(2.72499999896459,1.99999195390839,8.00007619627094));
#8999=CARTESIAN_POINT('',(2.4624633012404,1.6899919364617,7.75375431025357));
#9000=CARTESIAN_POINT('',(2.4624641810858,1.9999919364589,7.75375335053648));
#9001=CARTESIAN_POINT('Origin',(2.72499911911929,1.68999195391109,8.00007715598801));
#9002=CARTESIAN_POINT('Origin',(2.4478788578703,1.9999919354895,7.74006874799568));
#9003=CARTESIAN_POINT('',(2.4478785155646,1.6899918735735,7.72006970772007));
#9004=CARTESIAN_POINT('',(2.4478793954099,1.9999918735708,7.72006874800308));
#9005=CARTESIAN_POINT('Origin',(2.4478779780249,1.6899919354923,7.74006970771277));
#9006=CARTESIAN_POINT('Origin',(2.151281694709,1.9999927153529,7.72006077634917));
#9007=CARTESIAN_POINT('',(2.2021347740764,1.6899925710256,7.72006310286767));
#9008=CARTESIAN_POINT('',(2.2021356539217,1.9999925710229,7.72006214315058));
#9009=CARTESIAN_POINT('',(2.1512808148636,1.6899927153556,7.72006173606626));
#9010=CARTESIAN_POINT('Origin',(2.2021351163821,1.9999926329416,7.74006214314328));
#9011=CARTESIAN_POINT('',(2.1875481777407,1.6899927167059,7.75374692136216));
#9012=CARTESIAN_POINT('',(2.187549057586,1.9999927167031,7.75374596164508));
#9013=CARTESIAN_POINT('Origin',(2.2021342365367,1.6899926329444,7.74006310286036));
#9014=CARTESIAN_POINT('Origin',(1.92499999925679,1.99999422441039,8.00005469467773));
#9015=CARTESIAN_POINT('Origin',(1.92499911941139,1.68999422441319,8.0000556543948));
#9016=CARTESIAN_POINT('Origin',(1.64786488213148,1.99999581587928,8.26004724621216));
#9017=CARTESIAN_POINT('',(1.66245006108218,1.68999573212048,8.24636438742745));
#9018=CARTESIAN_POINT('',(1.66245094092748,1.99999573211778,8.24636342771036));
#9019=CARTESIAN_POINT('',(1.64786346474648,1.68999587780078,8.28004820592195));
#9020=CARTESIAN_POINT('Origin',(1.64786400228608,1.68999581588198,8.26004820592925));
#9021=CARTESIAN_POINT('',(1.64786434459178,1.99999587779798,8.28004724620486));
#9022=CARTESIAN_POINT('Origin',(1.92499999925679,1.99999422441039,8.00005469467773));
#9023=CARTESIAN_POINT('',(1.6624633015326,1.6899942069637,7.75373280866035));
#9024=CARTESIAN_POINT('',(1.662464181378,1.999994206961,7.75373184894326));
#9025=CARTESIAN_POINT('Origin',(1.92499911941139,1.68999422441319,8.0000556543948));
#9026=CARTESIAN_POINT('Origin',(1.40212114064328,1.99999651333138,8.26004064135976));
#9027=CARTESIAN_POINT('',(1.40211972325828,1.68999657525288,8.28004160106955));
#9028=CARTESIAN_POINT('',(1.40212060310358,1.99999657525008,8.28004064135246));
#9029=CARTESIAN_POINT('',(1.38753493758238,1.68999651236468,8.24635699853605));
#9030=CARTESIAN_POINT('Origin',(1.40212026079788,1.68999651333408,8.26004160107684));
#9031=CARTESIAN_POINT('',(1.38753581742778,1.99999651236188,8.24635603881896));
#9032=CARTESIAN_POINT('Origin',(1.69871830380458,1.99999573346798,8.28004861300626));
#9033=CARTESIAN_POINT('',(1.69871742395918,1.68999573347068,8.28004957272335));
#9034=CARTESIAN_POINT('Origin',(1.6478788581625,1.9999942059916,7.74004724640246));
#9035=CARTESIAN_POINT('',(1.6478785158568,1.6899941440756,7.72004820612695));
#9036=CARTESIAN_POINT('',(1.6478793957021,1.9999941440728,7.72004724640986));
#9037=CARTESIAN_POINT('Origin',(1.6478779783171,1.6899942059943,7.74004820611955));
#9038=CARTESIAN_POINT('Origin',(1.3512816950012,1.9999949858549,7.72003927475596));
#9039=CARTESIAN_POINT('',(1.4021347743686,1.6899948415277,7.72004160127445));
#9040=CARTESIAN_POINT('',(1.4021356542139,1.9999948415249,7.72004064155736));
#9041=CARTESIAN_POINT('',(1.3512808151558,1.6899949858577,7.72004023447304));
#9042=CARTESIAN_POINT('Origin',(1.4021351166743,1.9999949034437,7.74004064155006));
#9043=CARTESIAN_POINT('',(1.3875481780328,1.6899949872079,7.75372541976895));
#9044=CARTESIAN_POINT('',(1.3875490578782,1.9999949872052,7.75372446005186));
#9045=CARTESIAN_POINT('Origin',(1.4021342368289,1.6899949034464,7.74004160126715));
#9046=CARTESIAN_POINT('Origin',(1.12499999954899,1.99999649491249,8.00003319308452));
#9047=CARTESIAN_POINT('Origin',(1.12499911970359,1.68999649491519,8.00003415280159));
#9048=CARTESIAN_POINT('Origin',(0.602121140935385,1.99999878383338,8.26001913976654));
#9049=CARTESIAN_POINT('',(0.602119723550384,1.68999884575488,8.28002009947633));
#9050=CARTESIAN_POINT('',(0.602120603395784,1.99999884575218,8.28001913975924));
#9051=CARTESIAN_POINT('',(0.587534937874585,1.68999878286668,8.24633549694282));
#9052=CARTESIAN_POINT('Origin',(0.602120261090084,1.68999878383618,8.26002009948363));
#9053=CARTESIAN_POINT('',(0.587535817719884,1.99999878286398,8.24633453722574));
#9054=CARTESIAN_POINT('Origin',(0.898718304096684,1.99999800397008,8.28002711141315));
#9055=CARTESIAN_POINT('',(0.847863465038584,1.68999814830278,8.28002670432873));
#9056=CARTESIAN_POINT('',(0.847864344883984,1.99999814830008,8.28002574461164));
#9057=CARTESIAN_POINT('',(0.898717424251384,1.68999800397278,8.28002807113013));
#9058=CARTESIAN_POINT('Origin',(0.847864882423584,1.99999808638128,8.26002574461894));
#9059=CARTESIAN_POINT('',(0.862450061374384,1.68999800262248,8.24634288583423));
#9060=CARTESIAN_POINT('',(0.862450941219684,1.99999800261978,8.24634192611714));
#9061=CARTESIAN_POINT('Origin',(0.847864002578284,1.68999808638408,8.26002670433603));
#9062=CARTESIAN_POINT('Origin',(1.12499999954899,1.99999649491249,8.00003319308452));
#9063=CARTESIAN_POINT('',(0.862463301824796,1.68999647746579,7.75371130706713));
#9064=CARTESIAN_POINT('',(0.862464181670097,1.99999647746309,7.75371034735014));
#9065=CARTESIAN_POINT('Origin',(1.12499911970359,1.68999649491519,8.00003415280159));
#9066=CARTESIAN_POINT('Origin',(0.847878858454597,1.9999964764937,7.74002574480934));
#9067=CARTESIAN_POINT('',(0.847878516148998,1.6899964145776,7.72002670453373));
#9068=CARTESIAN_POINT('',(0.847879395994298,1.9999964145749,7.72002574481664));
#9069=CARTESIAN_POINT('Origin',(0.847877978609297,1.6899964764964,7.74002670452633));
#9070=CARTESIAN_POINT('Origin',(0.551281695293297,1.999997256357,7.72001777316274));
#9071=CARTESIAN_POINT('',(0.602134774660698,1.6899971120297,7.72002009968123));
#9072=CARTESIAN_POINT('',(0.602135654506098,1.999997112027,7.72001913996414));
#9073=CARTESIAN_POINT('',(0.551280815447998,1.6899972563597,7.72001873287983));
#9074=CARTESIAN_POINT('Origin',(0.602135116966396,1.99999717394569,7.74001913995684));
#9075=CARTESIAN_POINT('',(0.587548178324997,1.68999725770999,7.75370391817573));
#9076=CARTESIAN_POINT('',(0.587549058170397,1.99999725770729,7.75370295845864));
#9077=CARTESIAN_POINT('Origin',(0.602134237121097,1.6899971739485,7.74002009967393));
#9078=CARTESIAN_POINT('Origin',(0.324999999841091,1.99999876541459,8.00001169149131));
#9079=CARTESIAN_POINT('Origin',(0.32499911999579,1.68999876541729,8.00001265120838));
#9080=CARTESIAN_POINT('Origin',(-0.197878858772416,2.00000105433548,8.25999763817332));
#9081=CARTESIAN_POINT('',(-0.197880276157416,1.69000111625698,8.27999859788311));
#9082=CARTESIAN_POINT('',(-0.197879396312116,2.00000111625418,8.27999763816602));
#9083=CARTESIAN_POINT('',(-0.212465061833214,1.69000105336878,8.24631399534961));
#9084=CARTESIAN_POINT('Origin',(-0.197879738617716,1.69000105433818,8.25999859789041));
#9085=CARTESIAN_POINT('',(-0.212464181987917,2.00000105336608,8.24631303563252));
#9086=CARTESIAN_POINT('Origin',(0.0987183043888837,2.00000027447208,8.28000560981993));
#9087=CARTESIAN_POINT('',(0.047863465330785,1.69000041880488,8.28000520273551));
#9088=CARTESIAN_POINT('',(0.0478643451760838,2.00000041880208,8.28000424301842));
#9089=CARTESIAN_POINT('',(0.0987174245435849,1.69000027447488,8.28000656953691));
#9090=CARTESIAN_POINT('Origin',(0.0478648827157837,2.00000035688338,8.26000424302582));
#9091=CARTESIAN_POINT('',(0.0624500616664845,1.69000027312458,8.24632138424101));
#9092=CARTESIAN_POINT('',(0.0624509415118846,2.00000027312188,8.24632042452392));
#9093=CARTESIAN_POINT('Origin',(0.0478640028704849,1.69000035688608,8.26000520274281));
#9094=CARTESIAN_POINT('Origin',(0.324999999841091,1.99999876541459,8.00001169149131));
#9095=CARTESIAN_POINT('',(0.0624633021169974,1.6899987479679,7.75368980547391));
#9096=CARTESIAN_POINT('',(0.0624641819622962,1.99999874796509,7.75368884575692));
#9097=CARTESIAN_POINT('Origin',(0.32499911999579,1.68999876541729,8.00001265120838));
#9098=CARTESIAN_POINT('Origin',(0.0478788587467971,1.9999987469957,7.74000424321612));
#9099=CARTESIAN_POINT('',(0.0478785164410978,1.6899986850797,7.72000520294051));
#9100=CARTESIAN_POINT('',(0.0478793962864978,1.999998685077,7.72000424322342));
#9101=CARTESIAN_POINT('Origin',(0.0478779789014965,1.6899987469984,7.74000520293311));
#9102=CARTESIAN_POINT('Origin',(-0.248718304414504,1.9999995268591,7.71999627156952));
#9103=CARTESIAN_POINT('',(-0.197865225047102,1.6899993825318,7.71999859808801));
#9104=CARTESIAN_POINT('',(-0.197864345201702,1.999999382529,7.71999763837092));
#9105=CARTESIAN_POINT('',(-0.248719184259803,1.6899995268618,7.71999723128661));
#9106=CARTESIAN_POINT('Origin',(-0.197864882741404,1.9999994444478,7.73999763836362));
#9107=CARTESIAN_POINT('',(-0.212451821382801,1.689999528212,7.75368241658251));
#9108=CARTESIAN_POINT('',(-0.212450941537504,1.99999952820929,7.75368145686542));
#9109=CARTESIAN_POINT('Origin',(-0.197865762586703,1.68999944445049,7.73999859808071));
#9110=CARTESIAN_POINT('Origin',(-0.47499999986672,2.00000103591659,7.9999901898981));
#9111=CARTESIAN_POINT('Origin',(-0.475000879712058,1.69000103591939,7.99999114961517));
#9112=CARTESIAN_POINT('Origin',(-0.997878858480217,2.00000332483748,8.2599761365801));
#9113=CARTESIAN_POINT('',(-0.997880275865214,1.69000338675897,8.27997709628989));
#9114=CARTESIAN_POINT('',(-0.997879396019917,2.00000338675627,8.2799761365728));
#9115=CARTESIAN_POINT('',(-1.01246506154111,1.69000332387088,8.24629249375639));
#9116=CARTESIAN_POINT('Origin',(-0.997879738325615,1.69000332484028,8.25997709629719));
#9117=CARTESIAN_POINT('',(-1.01246418169572,2.00000332386808,8.2462915340393));
#9118=CARTESIAN_POINT('Origin',(-0.701281695318917,2.00000254497418,8.2799841082267));
#9119=CARTESIAN_POINT('',(-0.752136534377016,1.69000268930688,8.27998370114229));
#9120=CARTESIAN_POINT('',(-0.752135654531717,2.00000268930418,8.27998274142521));
#9121=CARTESIAN_POINT('',(-0.701282575164313,1.69000254497688,8.2799850679438));
#9122=CARTESIAN_POINT('Origin',(-0.752135116992017,2.00000262738538,8.2599827414326));
#9123=CARTESIAN_POINT('',(-0.737549938041315,1.69000254362668,8.2462998826478));
#9124=CARTESIAN_POINT('',(-0.737549058196016,2.00000254362388,8.2462989229307));
#9125=CARTESIAN_POINT('Origin',(-0.752135996837414,1.69000262738818,8.2599837011496));
#9126=CARTESIAN_POINT('Origin',(-0.47499999986672,2.00000103591659,7.9999901898981));
#9127=CARTESIAN_POINT('',(-0.737536697590903,1.6900010184699,7.75366830388079));
#9128=CARTESIAN_POINT('',(-0.737535817745504,2.0000010184672,7.7536673441637));
#9129=CARTESIAN_POINT('Origin',(-0.475000879712058,1.69000103591939,7.99999114961517));
#9130=CARTESIAN_POINT('Origin',(-0.752121140961005,2.00000101749779,7.7399827416229));
#9131=CARTESIAN_POINT('',(-0.752121483266702,1.6900009555817,7.71998370134729));
#9132=CARTESIAN_POINT('',(-0.752120603421403,2.00000095557899,7.7199827416302));
#9133=CARTESIAN_POINT('Origin',(-0.752122020806402,1.69000101750049,7.73998370133999));
#9134=CARTESIAN_POINT('Origin',(-1.0487183041223,2.00000179736109,7.7199747699763));
#9135=CARTESIAN_POINT('',(-0.997865224754902,1.6900016530338,7.71997709649479));
#9136=CARTESIAN_POINT('',(-0.997864344909605,2.0000016530311,7.7199761367777));
#9137=CARTESIAN_POINT('',(-1.0487191839677,1.69000179736389,7.71997572969339));
#9138=CARTESIAN_POINT('Origin',(-0.997864882449203,2.00000171494989,7.7399761367704));
#9139=CARTESIAN_POINT('',(-1.0124518210906,1.6900017987141,7.75366091498929));
#9140=CARTESIAN_POINT('',(-1.01245094124531,2.0000017987114,7.7536599552722));
#9141=CARTESIAN_POINT('Origin',(-0.997865762294603,1.69000171495259,7.73997709648749));
#9142=CARTESIAN_POINT('Origin',(-1.27499999957451,2.00000330641869,7.99996868830489));
#9143=CARTESIAN_POINT('Origin',(-1.27500087941991,1.69000330642139,7.99996964802196));
#9144=CARTESIAN_POINT('Origin',(-1.79787885818722,2.00000559533958,8.25995463498688));
#9145=CARTESIAN_POINT('',(-1.79788027557221,1.69000565726108,8.27995559469667));
#9146=CARTESIAN_POINT('',(-1.79787939572722,2.00000565725838,8.27995463497958));
#9147=CARTESIAN_POINT('',(-1.81246506124821,1.69000559437288,8.24627099216317));
#9148=CARTESIAN_POINT('Origin',(-1.79787973803321,1.69000559534228,8.25995559470397));
#9149=CARTESIAN_POINT('',(-1.81246418140322,2.00000559437018,8.24627003244608));
#9150=CARTESIAN_POINT('Origin',(-1.50128169502622,2.00000481547617,8.27996260663349));
#9151=CARTESIAN_POINT('',(-1.55213653408422,1.69000495980898,8.27996219954907));
#9152=CARTESIAN_POINT('',(-1.55213565423922,2.00000495980627,8.27996123983208));
#9153=CARTESIAN_POINT('',(-1.50128257487122,1.69000481547898,8.27996356635058));
#9154=CARTESIAN_POINT('Origin',(-1.55213511669922,2.00000489788748,8.25996123983939));
#9155=CARTESIAN_POINT('',(-1.53754993774821,1.69000481412868,8.24627838105457));
#9156=CARTESIAN_POINT('',(-1.53754905790321,2.00000481412598,8.24627742133759));
#9157=CARTESIAN_POINT('Origin',(-1.55213599654521,1.69000489789018,8.25996219955647));
#9158=CARTESIAN_POINT('Origin',(-1.27499999957451,2.00000330641869,7.99996868830489));
#9159=CARTESIAN_POINT('',(-1.5375366972982,1.69000328897199,7.75364680228757));
#9160=CARTESIAN_POINT('',(-1.5375358174532,2.00000328896919,7.75364584257049));
#9161=CARTESIAN_POINT('Origin',(-1.27500087941991,1.69000330642139,7.99996964802196));
#9162=CARTESIAN_POINT('Origin',(-1.55212114066821,2.00000328799979,7.73996124002969));
#9163=CARTESIAN_POINT('',(-1.5521214829742,1.69000322608379,7.71996219975407));
#9164=CARTESIAN_POINT('',(-1.5521206031292,2.0000032260811,7.71996124003699));
#9165=CARTESIAN_POINT('Origin',(-1.5521220205142,1.6900032880026,7.73996219974677));
#9166=CARTESIAN_POINT('Origin',(-1.8487183038302,2.0000040678632,7.71995326838308));
#9167=CARTESIAN_POINT('',(-1.7978652244622,1.69000392353589,7.71995559490157));
#9168=CARTESIAN_POINT('',(-1.7978643446172,2.00000392353319,7.71995463518448));
#9169=CARTESIAN_POINT('',(-1.8487191836752,1.69000406786589,7.71995422810017));
#9170=CARTESIAN_POINT('Origin',(-1.7978648821562,2.00000398545189,7.73995463517718));
#9171=CARTESIAN_POINT('',(-1.8124518207982,1.69000406921619,7.75363941339607));
#9172=CARTESIAN_POINT('',(-1.8124509409522,2.00000406921339,7.75363845367898));
#9173=CARTESIAN_POINT('Origin',(-1.7978657620022,1.6900039854547,7.73995559489427));
#9174=CARTESIAN_POINT('Origin',(-2.07499999928221,2.00000557692069,7.99994718671168));
#9175=CARTESIAN_POINT('Origin',(-2.07500087912721,1.69000557692349,7.99994814642875));
#9176=CARTESIAN_POINT('Origin',(1.12499772898029,1.19999649491959,8.00003566977374));
#9177=CARTESIAN_POINT('',(1.1250062879018,1.2799955351781,7.69003542221833));
#9178=CARTESIAN_POINT('Origin',(1.12499795603719,1.27999649491889,8.00003542210482));
#9179=CARTESIAN_POINT('',(1.12500606084494,1.19999553517887,7.6900356698872));
#9180=CARTESIAN_POINT('Origin',(1.12499795603719,1.27999649491889,8.00003542210482));
#9181=CARTESIAN_POINT('',(1.125004406513,1.2799957518938,7.76003542219263));
#9182=CARTESIAN_POINT('Origin',(1.12499795603719,1.27999649491889,8.00003542210482));
#9183=CARTESIAN_POINT('Origin',(-0.475002270435336,1.20000103592369,7.99999266658732));
#9184=CARTESIAN_POINT('',(-0.474993711513831,1.2800000761822,7.68999241903189));
#9185=CARTESIAN_POINT('Origin',(-0.475002043378478,1.28000103592299,7.9999924189184));
#9186=CARTESIAN_POINT('',(-0.474993938570691,1.20000007618296,7.68999266670078));
#9187=CARTESIAN_POINT('Origin',(-0.475002043378478,1.28000103592299,7.9999924189184));
#9188=CARTESIAN_POINT('',(-0.474995592902621,1.28000029289789,7.75999241900619));
#9189=CARTESIAN_POINT('Origin',(-0.475002043378478,1.28000103592299,7.9999924189184));
#9190=CARTESIAN_POINT('Origin',(-1.27500227014321,1.20000330642569,7.99997116499411));
#9191=CARTESIAN_POINT('',(-1.2749937112217,1.2800023466843,7.68997091743867));
#9192=CARTESIAN_POINT('Origin',(-1.27500204308631,1.28000330642499,7.99997091732519));
#9193=CARTESIAN_POINT('',(-1.27499393827856,1.20000234668496,7.68997116510757));
#9194=CARTESIAN_POINT('Origin',(-1.27500204308631,1.28000330642499,7.99997091732519));
#9195=CARTESIAN_POINT('',(-1.2749955926105,1.28000256339999,7.75997091741307));
#9196=CARTESIAN_POINT('Origin',(-1.27500204308631,1.28000330642499,7.99997091732519));
#9197=CARTESIAN_POINT('Origin',(0.32499772927249,1.19999876542159,8.00001416818053));
#9198=CARTESIAN_POINT('',(0.325006288193998,1.2799978056802,7.69001392062511));
#9199=CARTESIAN_POINT('Origin',(0.324997956329391,1.27999876542089,8.00001392051161));
#9200=CARTESIAN_POINT('',(0.325006061137135,1.19999780568087,7.69001416829399));
#9201=CARTESIAN_POINT('Origin',(0.324997956329391,1.27999876542089,8.00001392051161));
#9202=CARTESIAN_POINT('',(0.325004406805197,1.27999802239579,7.76001392059941));
#9203=CARTESIAN_POINT('Origin',(0.324997956329391,1.27999876542089,8.00001392051161));
#9204=CARTESIAN_POINT('Origin',(1.92499772868809,1.19999422441749,8.00005717136696));
#9205=CARTESIAN_POINT('',(1.9250062876096,1.2799932646761,7.69005692381144));
#9206=CARTESIAN_POINT('Origin',(1.92499795574499,1.27999422441679,8.00005692369803));
#9207=CARTESIAN_POINT('',(1.92500606055274,1.19999326467677,7.69005717148041));
#9208=CARTESIAN_POINT('Origin',(1.92499795574499,1.27999422441679,8.00005692369803));
#9209=CARTESIAN_POINT('',(1.9250044062209,1.2799934813917,7.76005692378584));
#9210=CARTESIAN_POINT('Origin',(1.92499795574499,1.27999422441679,8.00005692369803));
#9211=CARTESIAN_POINT('Origin',(2.1512794241404,1.1999927153599,7.72006325303835));
#9212=CARTESIAN_POINT('Origin',(0.898716033528084,1.19999800397708,8.28002958810232));
#9213=CARTESIAN_POINT('Origin',(0.551279424724698,1.1999972563641,7.72002024985191));
#9214=CARTESIAN_POINT('Origin',(-0.701283965887615,1.20000254498118,8.27998658491588));
#9215=CARTESIAN_POINT('Origin',(-1.048720574691,1.2000017973682,7.71997724666557));
#9216=CARTESIAN_POINT('Origin',(-1.50128396559521,1.20000481548328,8.27996508332266));
#9217=CARTESIAN_POINT('Origin',(-1.8487205743982,1.2000040678702,7.71995574507235));
#9218=CARTESIAN_POINT('Origin',(0.0987160338202848,1.20000027447918,8.2800080865091));
#9219=CARTESIAN_POINT('Origin',(-0.248720574983102,1.1999995268661,7.71999874825879));
#9220=CARTESIAN_POINT('Origin',(1.69871603323588,1.19999573347508,8.28005108969553));
#9221=CARTESIAN_POINT('Origin',(1.3512794244325,1.199994985862,7.72004175144513));
#9222=CARTESIAN_POINT('Origin',(1.52499911955749,1.68999535966419,8.0000449035982));
#9223=CARTESIAN_POINT('Origin',(-0.0750008798581092,1.68999990066829,8.00000190041178));
#9224=CARTESIAN_POINT('Origin',(-1.67500087927321,1.69000444167239,7.99995889722536));
#9225=CARTESIAN_POINT('Origin',(-0.875000879566008,1.69000217117039,7.99998039881857));
#9226=CARTESIAN_POINT('Origin',(0.724999119849691,1.68999763016629,8.00002340200499));
#9227=CARTESIAN_POINT('Origin',(2.32499911926539,1.68999308916219,8.00006640519141));
#9228=CARTESIAN_POINT('Origin',(1.92499999925679,1.99999422441039,8.00005469467773));
#9229=CARTESIAN_POINT('',(1.9250081040645,1.9199932646704,7.69005494246007));
#9230=CARTESIAN_POINT('',(1.92500833112144,1.99999326466967,7.69005469479118));
#9231=CARTESIAN_POINT('Origin',(1.92499977219989,1.91999422441119,8.00005494234665));
#9232=CARTESIAN_POINT('Origin',(1.92499977219989,1.91999422441119,8.00005494234665));
#9233=CARTESIAN_POINT('',(1.9250062226758,1.9199934813861,7.76005494243447));
#9234=CARTESIAN_POINT('Origin',(1.92499977219989,1.91999422441119,8.00005494234665));
#9235=CARTESIAN_POINT('Origin',(0.324999999841091,1.99999876541459,8.00001169149131));
#9236=CARTESIAN_POINT('',(0.325008104648897,1.9199978056745,7.69001193927373));
#9237=CARTESIAN_POINT('',(0.325008331705736,1.99999780567387,7.69001169160476));
#9238=CARTESIAN_POINT('Origin',(0.324999772784291,1.91999876541529,8.00001193916023));
#9239=CARTESIAN_POINT('Origin',(0.324999772784291,1.91999876541529,8.00001193916023));
#9240=CARTESIAN_POINT('',(0.325006223260097,1.91999802239019,7.76001193924803));
#9241=CARTESIAN_POINT('Origin',(0.324999772784291,1.91999876541529,8.00001193916023));
#9242=CARTESIAN_POINT('Origin',(-1.27499999957451,2.00000330641869,7.99996868830489));
#9243=CARTESIAN_POINT('',(-1.2749918947668,1.9200023466787,7.68996893608729));
#9244=CARTESIAN_POINT('',(-1.27499166770986,2.00000234667796,7.68996868841834));
#9245=CARTESIAN_POINT('Origin',(-1.27500022663141,1.92000330641939,7.99996893597381));
#9246=CARTESIAN_POINT('Origin',(-1.27500022663141,1.92000330641939,7.99996893597381));
#9247=CARTESIAN_POINT('',(-1.2749937761556,1.92000256339429,7.75996893606169));
#9248=CARTESIAN_POINT('Origin',(-1.27500022663141,1.92000330641939,7.99996893597381));
#9249=CARTESIAN_POINT('Origin',(-0.47499999986672,2.00000103591659,7.9999901898981));
#9250=CARTESIAN_POINT('',(-0.474991895058933,1.9200000761766,7.68999043768051));
#9251=CARTESIAN_POINT('',(-0.474991668002074,2.00000007617587,7.68999019001155));
#9252=CARTESIAN_POINT('Origin',(-0.475000226923578,1.92000103591729,7.99999043756702));
#9253=CARTESIAN_POINT('Origin',(-0.475000226923578,1.92000103591729,7.99999043756702));
#9254=CARTESIAN_POINT('',(-0.474993776447725,1.92000029289219,7.75999043765481));
#9255=CARTESIAN_POINT('Origin',(-0.475000226923578,1.92000103591729,7.99999043756702));
#9256=CARTESIAN_POINT('Origin',(1.12499999954899,1.99999649491249,8.00003319308452));
#9257=CARTESIAN_POINT('',(1.1250081043567,1.9199955351725,7.69003344086685));
#9258=CARTESIAN_POINT('',(1.12500833141364,1.99999553517177,7.69003319319797));
#9259=CARTESIAN_POINT('Origin',(1.12499977249209,1.91999649491319,8.00003344075344));
#9260=CARTESIAN_POINT('Origin',(1.12499977249209,1.91999649491319,8.00003344075344));
#9261=CARTESIAN_POINT('',(1.1250062229679,1.9199957518881,7.76003344084125));
#9262=CARTESIAN_POINT('Origin',(1.12499977249209,1.91999649491319,8.00003344075344));
#9263=CARTESIAN_POINT('Origin',(1.92499886397249,1.59999422441399,8.00005593302234));
#9264=CARTESIAN_POINT('',(1.92500531444835,1.59999348138891,7.76005593311018));
#9265=CARTESIAN_POINT('Origin',(1.12499886426459,1.59999649491599,8.00003443142913));
#9266=CARTESIAN_POINT('',(1.12500531474045,1.59999575189091,7.76003443151697));
#9267=CARTESIAN_POINT('Origin',(0.324998864556791,1.59999876541809,8.00001292983592));
#9268=CARTESIAN_POINT('',(0.325005315032645,1.59999802239301,7.76001292992376));
#9269=CARTESIAN_POINT('Origin',(-0.475001135151029,1.60000103592019,7.99999142824271));
#9270=CARTESIAN_POINT('',(-0.474994684675174,1.60000029289511,7.75999142833055));
#9271=CARTESIAN_POINT('Origin',(-1.27500113485891,1.60000330642219,7.9999699266495));
#9272=CARTESIAN_POINT('',(-1.27499468438305,1.60000256339711,7.75996992673733));
#9273=CARTESIAN_POINT('Origin',(-2.07500113456621,1.60000557692419,7.99994842505629));
#9274=CARTESIAN_POINT('',(-2.0749955923178,1.28000483390201,7.75994941581981));
#9275=CARTESIAN_POINT('Origin',(-2.07500204279321,1.28000557692709,7.99994941573198));
#9276=CARTESIAN_POINT('',(-2.0749937758629,1.92000483389631,7.75994743446843));
#9277=CARTESIAN_POINT('',(-2.07499468409035,1.60000483389911,7.75994842514412));
#9278=CARTESIAN_POINT('Origin',(-2.07500022633921,1.92000557692139,7.9999474343806));
#9279=CARTESIAN_POINT('Origin',(-2.07500022633921,1.92000557692139,7.9999474343806));
#9280=CARTESIAN_POINT('',(-2.07499189447443,1.92000461718066,7.68994743449405));
#9281=CARTESIAN_POINT('Origin',(-2.07500022633921,1.92000557692139,7.9999474343806));
#9282=CARTESIAN_POINT('Origin',(-2.07500204279321,1.28000557692699,7.99994941573198));
#9283=CARTESIAN_POINT('',(-2.0749937109287,1.28000461718627,7.68994941584543));
#9284=CARTESIAN_POINT('Origin',(-2.07500204279321,1.28000557692699,7.99994941573198));
#9285=CARTESIAN_POINT('Origin',(-2.07500226985021,1.20000557692779,7.9999496634009));
#9286=CARTESIAN_POINT('',(-2.07499393798556,1.20000461718707,7.68994966351435));
#9287=CARTESIAN_POINT('Origin',(-2.07499999928221,2.00000557692069,7.99994718671168));
#9288=CARTESIAN_POINT('',(-2.07499166741757,2.00000461717996,7.68994718682513));
#9289=CARTESIAN_POINT('Origin',(-2.07500224146821,1.21000557692769,7.99994963244229));
#9290=CARTESIAN_POINT('Origin',(-2.07500224146821,1.21000557692769,7.99994963244229));
#9291=CARTESIAN_POINT('Origin',(-2.07500113456621,1.60000557692419,7.99994842505629));
#9292=CARTESIAN_POINT('Origin',(-2.07500002766421,1.99000557692079,7.99994721767029));
#9293=CARTESIAN_POINT('Origin',(-2.07500002766421,1.99000557692079,7.99994721767029));
#9294=CARTESIAN_POINT('Origin',(5.12499061946063,-1.99001428491482,8.35014550782245));
#9295=CARTESIAN_POINT('',(2.72179502549705,-1.99000743338051,8.36008091715847));
#9296=CARTESIAN_POINT('',(2.72179502549705,-2.00000746433912,8.3500809481142));
#9297=CARTESIAN_POINT('Origin',(2.72179502549705,-1.99000746433914,8.35008091715484));
#9298=CARTESIAN_POINT('',(-2.07500964667927,-1.98999381943693,8.35995199347988));
#9299=CARTESIAN_POINT('',(5.12499035069074,-1.99001425395543,8.36014550781885));
#9300=CARTESIAN_POINT('',(-2.07500940629127,-1.99999385039623,8.34995202444218));
#9301=CARTESIAN_POINT('Origin',(-2.07500937790926,-1.98999385039633,8.34995199348358));
#9302=CARTESIAN_POINT('',(5.12499059107843,-2.00001428491472,8.35014553878105));
#9303=CARTESIAN_POINT('Origin',(7.52499145671644,-1.60002106546512,8.36020880521242));
#9304=CARTESIAN_POINT('',(2.72179502549705,-1.21000743338108,8.36007850232689));
#9305=CARTESIAN_POINT('',(2.72179502549705,-3.13375804299111,8.36008445813916));
#9306=CARTESIAN_POINT('',(-2.07500743287526,-1.20999381944383,8.35994957870791));
#9307=CARTESIAN_POINT('',(0.324992566248134,-1.21000063094993,8.36001408348751));
#9308=CARTESIAN_POINT('',(-2.07500853977727,-1.59999381944043,8.35995078609389));
#9309=CARTESIAN_POINT('Origin',(5.12499283326503,-1.21001428492172,8.35014309305048));
#9310=CARTESIAN_POINT('',(2.72179502549705,-1.20000746433978,8.35007847136401));
#9311=CARTESIAN_POINT('Origin',(2.72179502549705,-1.21000746433976,8.35007850232337));
#9312=CARTESIAN_POINT('',(-2.07500713572326,-1.19999385040333,8.349949547753));
#9313=CARTESIAN_POINT('',(5.12499286164713,-1.20001428492182,8.35014306209188));
#9314=CARTESIAN_POINT('Origin',(-2.07500716410526,-1.20999385040323,8.3499495787116));
#9315=CARTESIAN_POINT('Origin',(2.72500226946774,-1.20000855699391,8.00007855744032));
#9316=CARTESIAN_POINT('',(2.72179502549702,-1.20000963144277,7.65007847111449));
#9317=CARTESIAN_POINT('',(2.72179502549701,-1.2000104805162,7.37581771736781));
#9318=CARTESIAN_POINT('',(-2.07499977229025,-1.1999960175272,7.64994954782626));
#9319=CARTESIAN_POINT('',(-4.47498832095825,-1.19998920605351,7.6498850432295));
#9320=CARTESIAN_POINT('Origin',(-2.07499772877926,-1.19999493398152,7.99994954788106));
#9321=CARTESIAN_POINT('',(1.64786661509474,-1.20000463310422,8.28004960737424));
#9322=CARTESIAN_POINT('',(1.40212287360654,-1.20000393565213,8.28004300252184));
#9323=CARTESIAN_POINT('',(-0.188142340013563,-1.19999942227652,8.2800002609771));
#9324=CARTESIAN_POINT('',(1.38753808793074,-1.20000399854032,8.24635839998834));
#9325=CARTESIAN_POINT('Origin',(1.40212341114624,-1.20000399757082,8.26004300252914));
#9326=CARTESIAN_POINT('',(1.38755132838115,-1.20000552369701,7.75372682122124));
#9327=CARTESIAN_POINT('Origin',(1.12500227005194,-1.20000401598972,8.0000355542539));
#9328=CARTESIAN_POINT('',(1.40213792471685,-1.2000056693773,7.72004300272674));
#9329=CARTESIAN_POINT('Origin',(1.40213738717725,-1.20000560745851,7.74004300271944));
#9330=CARTESIAN_POINT('',(1.64788166620505,-1.20000636682941,7.72004960757924));
#9331=CARTESIAN_POINT('',(-0.36185311886005,-1.20000066294571,7.7199955919544));
#9332=CARTESIAN_POINT('',(1.66246645188095,-1.20000630394121,7.75373421011264));
#9333=CARTESIAN_POINT('Origin',(1.64788112866545,-1.20000630491061,7.74004960757184));
#9334=CARTESIAN_POINT('',(1.66245321143044,-1.20000477878442,8.24636578887974));
#9335=CARTESIAN_POINT('Origin',(1.92500226975974,-1.20000628649181,8.00005705584711));
#9336=CARTESIAN_POINT('Origin',(1.64786715263444,-1.20000469502292,8.26004960738154));
#9337=CARTESIAN_POINT('',(0.0478666156790357,-1.20000009210012,8.28000660418781));
#9338=CARTESIAN_POINT('',(-0.197877125809164,-1.19999939464802,8.2799999993354));
#9339=CARTESIAN_POINT('',(-0.988142339721362,-1.19999715177453,8.27997875938388));
#9340=CARTESIAN_POINT('',(-0.212461911484963,-1.19999945753612,8.2463153968019));
#9341=CARTESIAN_POINT('Origin',(-0.197876588269464,-1.19999945656672,8.2599999993427));
#9342=CARTESIAN_POINT('',(-0.212448671034551,-1.20000098269291,7.7536838180348));
#9343=CARTESIAN_POINT('Origin',(-0.474997729363767,-1.19999947498562,7.99999255106748));
#9344=CARTESIAN_POINT('',(-0.19786207469875,-1.20000112837321,7.7199999995403));
#9345=CARTESIAN_POINT('Origin',(-0.197862612238451,-1.20000106645441,7.739999999533));
#9346=CARTESIAN_POINT('',(0.0478816667894497,-1.20000182582521,7.72000660439281));
#9347=CARTESIAN_POINT('',(-1.16185311856795,-1.19999839244361,7.71997409036118));
#9348=CARTESIAN_POINT('',(0.0624664524652481,-1.20000176293711,7.75369120692631));
#9349=CARTESIAN_POINT('Origin',(0.047881129249749,-1.20000176390651,7.74000660438551));
#9350=CARTESIAN_POINT('',(0.0624532120148373,-1.20000023778032,8.24632278569331));
#9351=CARTESIAN_POINT('Origin',(0.325002270344043,-1.20000174548762,8.00001405266069));
#9352=CARTESIAN_POINT('Origin',(0.0478671532187356,-1.20000015401883,8.2600066041952));
#9353=CARTESIAN_POINT('',(-1.55213338373626,-1.19999555109593,8.27996360100147));
#9354=CARTESIAN_POINT('',(-1.79787712522426,-1.19999485364383,8.27995699614896));
#9355=CARTESIAN_POINT('',(-1.78814233942826,-1.19999488127243,8.27995725779076));
#9356=CARTESIAN_POINT('',(-1.81246191090026,-1.19999491653203,8.24627239361546));
#9357=CARTESIAN_POINT('Origin',(-1.79787658768426,-1.19999491556263,8.25995699615626));
#9358=CARTESIAN_POINT('',(-1.81244867044925,-1.19999644168881,7.75364081484836));
#9359=CARTESIAN_POINT('Origin',(-2.07499772877926,-1.19999493398152,7.99994954788106));
#9360=CARTESIAN_POINT('',(-1.79786207411425,-1.19999658736901,7.71995699635386));
#9361=CARTESIAN_POINT('Origin',(-1.79786261165325,-1.19999652545031,7.73995699634656));
#9362=CARTESIAN_POINT('',(-1.55211833262625,-1.19999728482111,7.71996360120637));
#9363=CARTESIAN_POINT('',(-1.96185311827525,-1.19999612194151,7.71995258876796));
#9364=CARTESIAN_POINT('',(-1.53753354695025,-1.19999722193301,7.75364820373987));
#9365=CARTESIAN_POINT('Origin',(-1.55211887016525,-1.19999722290241,7.73996360119907));
#9366=CARTESIAN_POINT('',(-1.53754678740026,-1.19999569677623,8.24627978250697));
#9367=CARTESIAN_POINT('Origin',(-1.27499772907156,-1.19999720448352,7.99997104947427));
#9368=CARTESIAN_POINT('Origin',(-1.55213284619626,-1.19999561301473,8.25996360100877));
#9369=CARTESIAN_POINT('',(-0.752133384028763,-1.19999782159803,8.27998510259459));
#9370=CARTESIAN_POINT('',(-0.997877125516963,-1.19999712414593,8.27997849774218));
#9371=CARTESIAN_POINT('',(-1.38814233957526,-1.19999601652343,8.27996800858737));
#9372=CARTESIAN_POINT('',(-1.01246191119276,-1.19999718703412,8.24629389520868));
#9373=CARTESIAN_POINT('Origin',(-0.997876587977263,-1.19999718606472,8.25997849774948));
#9374=CARTESIAN_POINT('',(-1.01244867074235,-1.19999871219081,7.75366231644158));
#9375=CARTESIAN_POINT('Origin',(-1.27499772907156,-1.19999720448352,7.99997104947427));
#9376=CARTESIAN_POINT('',(-0.99786207440665,-1.19999885787111,7.71997849794708));
#9377=CARTESIAN_POINT('Origin',(-0.99786261194625,-1.19999879595231,7.73997849793978));
#9378=CARTESIAN_POINT('',(-0.752118332918449,-1.19999955532321,7.71998510279959));
#9379=CARTESIAN_POINT('',(-1.56185311842125,-1.19999725719261,7.71996333956457));
#9380=CARTESIAN_POINT('',(-0.737533547242551,-1.19999949243501,7.75366970533309));
#9381=CARTESIAN_POINT('Origin',(-0.752118870458052,-1.19999949340441,7.73998510279229));
#9382=CARTESIAN_POINT('',(-0.737546787693063,-1.19999796727832,8.24630128410009));
#9383=CARTESIAN_POINT('Origin',(-0.474997729363767,-1.19999947498562,7.99999255106748));
#9384=CARTESIAN_POINT('Origin',(-0.752132846489063,-1.19999788351683,8.25998510260199));
#9385=CARTESIAN_POINT('',(0.847866615386936,-1.20000236260213,8.28002810578102));
#9386=CARTESIAN_POINT('',(0.602122873898736,-1.20000166515002,8.28002150092862));
#9387=CARTESIAN_POINT('',(-0.588142339867462,-1.19999828702553,8.27998951018049));
#9388=CARTESIAN_POINT('',(0.587538088222836,-1.20000172803822,8.24633689839512));
#9389=CARTESIAN_POINT('Origin',(0.602123411438336,-1.20000172706883,8.26002150093592));
#9390=CARTESIAN_POINT('',(0.587551328673349,-1.20000325319491,7.75370531962802));
#9391=CARTESIAN_POINT('Origin',(0.325002270344043,-1.20000174548762,8.00001405266069));
#9392=CARTESIAN_POINT('',(0.602137925009051,-1.20000339887521,7.72002150113352));
#9393=CARTESIAN_POINT('Origin',(0.602137387469348,-1.20000333695651,7.74002150112622));
#9394=CARTESIAN_POINT('',(0.84788166649725,-1.20000409632731,7.72002810598602));
#9395=CARTESIAN_POINT('',(-0.76185311871395,-1.19999952769461,7.71998484115779));
#9396=CARTESIAN_POINT('',(0.862466452173049,-1.20000403343911,7.75371270851952));
#9397=CARTESIAN_POINT('Origin',(0.84788112895755,-1.20000403440851,7.74002810597873));
#9398=CARTESIAN_POINT('',(0.862453211722636,-1.20000250828242,8.24634428728653));
#9399=CARTESIAN_POINT('Origin',(1.12500227005194,-1.20000401598972,8.0000355542539));
#9400=CARTESIAN_POINT('Origin',(0.847867152926536,-1.20000242452092,8.26002810578832));
#9401=CARTESIAN_POINT('',(2.44786661480254,-1.20000690360622,8.28007110896746));
#9402=CARTESIAN_POINT('',(2.20212287331434,-1.20000620615413,8.28006450411506));
#9403=CARTESIAN_POINT('',(0.211857659840337,-1.20000055752763,8.28001101177371));
#9404=CARTESIAN_POINT('',(2.18753808763854,-1.20000626904232,8.24637990158156));
#9405=CARTESIAN_POINT('Origin',(2.20212341085404,-1.20000626807292,8.26006450412236));
#9406=CARTESIAN_POINT('',(2.18755132808895,-1.20000779419911,7.75374832281446));
#9407=CARTESIAN_POINT('Origin',(1.92500226975974,-1.20000628649181,8.00005705584711));
#9408=CARTESIAN_POINT('',(2.20213792442465,-1.20000793987931,7.72006450431996));
#9409=CARTESIAN_POINT('Origin',(2.20213738688505,-1.2000078779606,7.74006450431266));
#9410=CARTESIAN_POINT('',(2.44788166591285,-1.20000863733141,7.72007110917246));
#9411=CARTESIAN_POINT('',(0.0381468809938506,-1.20000179819671,7.72000634275101));
#9412=CARTESIAN_POINT('',(2.46246645158875,-1.20000857444331,7.75375571170586));
#9413=CARTESIAN_POINT('Origin',(2.44788112837325,-1.2000085754127,7.74007110916506));
#9414=CARTESIAN_POINT('',(2.46245321113834,-1.20000704928652,8.24638729047296));
#9415=CARTESIAN_POINT('Origin',(2.72500226946754,-1.20000855699381,8.00007855744032));
#9416=CARTESIAN_POINT('Origin',(2.44786715234224,-1.20000696552502,8.26007110897476));
#9417=CARTESIAN_POINT('',(1.92501060162435,-1.2000072462325,7.69005705596055));
#9418=CARTESIAN_POINT('Origin',(1.92500226975974,-1.20000628649181,8.00005705584711));
#9419=CARTESIAN_POINT('',(0.32501060220875,-1.20000270522841,7.69001405277411));
#9420=CARTESIAN_POINT('Origin',(0.325002270344043,-1.20000174548762,8.00001405266069));
#9421=CARTESIAN_POINT('',(-1.27498939720695,-1.1999981642242,7.68997104958767));
#9422=CARTESIAN_POINT('Origin',(-1.27499772907156,-1.19999720448352,7.99997104947427));
#9423=CARTESIAN_POINT('',(-0.47498939749912,-1.20000043472631,7.68999255118089));
#9424=CARTESIAN_POINT('Origin',(-0.474997729363767,-1.19999947498562,7.99999255106748));
#9425=CARTESIAN_POINT('',(1.12501060191655,-1.2000049757304,7.69003555436733));
#9426=CARTESIAN_POINT('Origin',(1.12500227005194,-1.20000401598972,8.0000355542539));
#9427=CARTESIAN_POINT('',(-2.07498939691461,-1.19999589372224,7.68994954799451));
#9428=CARTESIAN_POINT('Origin',(-2.07499772877926,-1.19999493398152,7.99994954788106));
#9429=CARTESIAN_POINT('Origin',(2.72499999889974,-2.00000855698682,8.00008103412955));
#9430=CARTESIAN_POINT('',(2.72179502549702,-2.00000963144221,7.65008094786479));
#9431=CARTESIAN_POINT('',(2.72179502549701,-2.00001048051555,7.37582019405704));
#9432=CARTESIAN_POINT('',(-2.07499997096525,-1.99999601752604,7.64995202450915));
#9433=CARTESIAN_POINT('Origin',(-2.07499999934725,-1.99999493397442,7.99995202457028));
#9434=CARTESIAN_POINT('',(-4.47499059152725,-1.99998920604651,7.64988751991877));
#9435=CARTESIAN_POINT('',(-2.07499166748261,-1.99999589371514,7.68995202468374));
#9436=CARTESIAN_POINT('Origin',(-2.07499999934725,-1.99999493397442,7.99995202457028));
#9437=CARTESIAN_POINT('',(1.40212060303794,-2.00000393564503,8.28004547921101));
#9438=CARTESIAN_POINT('',(1.64786434452614,-2.00000463309713,8.28005208406352));
#9439=CARTESIAN_POINT('',(-0.188144610582164,-1.99999942226952,8.28000273766637));
#9440=CARTESIAN_POINT('',(1.66245094086184,-2.00000477877742,8.24636826556902));
#9441=CARTESIAN_POINT('Origin',(1.64786488206574,-2.00000469501592,8.26005208407082));
#9442=CARTESIAN_POINT('',(1.66246418131225,-2.00000630393411,7.75373668680192));
#9443=CARTESIAN_POINT('Origin',(1.92499999919104,-2.00000628648471,8.00005953253634));
#9444=CARTESIAN_POINT('',(1.64787939563645,-2.0000063668223,7.72005208426842));
#9445=CARTESIAN_POINT('Origin',(1.64787885809675,-2.00000630490361,7.74005208426112));
#9446=CARTESIAN_POINT('',(1.40213565414825,-2.00000566937021,7.72004547941601));
#9447=CARTESIAN_POINT('',(-0.36185538942865,-2.00000066293861,7.71999806864367));
#9448=CARTESIAN_POINT('',(1.38754905781255,-2.00000552368991,7.75372929791051));
#9449=CARTESIAN_POINT('Origin',(1.40213511660855,-2.00000560745151,7.74004547940861));
#9450=CARTESIAN_POINT('',(1.38753581736204,-2.00000399853322,8.24636087667751));
#9451=CARTESIAN_POINT('Origin',(1.12499999948324,-2.00000401598262,8.00003803094313));
#9452=CARTESIAN_POINT('Origin',(1.40212114057754,-2.00000399756382,8.26004547921831));
#9453=CARTESIAN_POINT('',(-0.197879396377763,-1.99999939464093,8.28000247602457));
#9454=CARTESIAN_POINT('',(0.0478643451104368,-2.00000009209302,8.28000908087708));
#9455=CARTESIAN_POINT('',(-0.988144610289963,-1.99999715176743,8.27998123607315));
#9456=CARTESIAN_POINT('',(0.0624509414461372,-2.00000023777332,8.24632526238258));
#9457=CARTESIAN_POINT('Origin',(0.0478648826501367,-2.00000015401183,8.26000908088438));
#9458=CARTESIAN_POINT('',(0.0624641818966492,-2.00000176293001,7.75369368361548));
#9459=CARTESIAN_POINT('Origin',(0.324999999775442,-2.00000174548062,8.00001652934992));
#9460=CARTESIAN_POINT('',(0.0478793962207495,-2.00000182581821,7.72000908108198));
#9461=CARTESIAN_POINT('Origin',(0.0478788586811483,-2.00000176389941,7.74000908107468));
#9462=CARTESIAN_POINT('',(-0.19786434526745,-2.00000112836611,7.72000247622957));
#9463=CARTESIAN_POINT('',(-1.16185538913655,-1.99999839243651,7.71997656705045));
#9464=CARTESIAN_POINT('',(-0.212450941603151,-2.00000098268581,7.75368629472407));
#9465=CARTESIAN_POINT('Origin',(-0.197864882807052,-2.00000106644731,7.74000247622227));
#9466=CARTESIAN_POINT('',(-0.212464182053564,-1.99999945752912,8.24631787349117));
#9467=CARTESIAN_POINT('Origin',(-0.474999999932385,-1.99999947497852,7.9999950277567));
#9468=CARTESIAN_POINT('Origin',(-0.197878858838063,-1.99999945655973,8.26000247603197));
#9469=CARTESIAN_POINT('',(-1.79787939579326,-1.99999485363683,8.27995947283823));
#9470=CARTESIAN_POINT('',(-1.55213565430426,-1.99999555108893,8.27996607769064));
#9471=CARTESIAN_POINT('',(-1.78814460999726,-1.99999488126543,8.27995973447993));
#9472=CARTESIAN_POINT('',(-1.53754905796926,-1.99999569676923,8.24628225919614));
#9473=CARTESIAN_POINT('Origin',(-1.55213511676526,-1.99999561300763,8.25996607769794));
#9474=CARTESIAN_POINT('',(-1.53753581751825,-1.99999722192591,7.75365068042904));
#9475=CARTESIAN_POINT('Origin',(-1.27499999964026,-1.99999720447652,7.99997352616349));
#9476=CARTESIAN_POINT('',(-1.55212060319425,-1.99999728481411,7.71996607789564));
#9477=CARTESIAN_POINT('Origin',(-1.55212114073425,-1.99999722289531,7.73996607788824));
#9478=CARTESIAN_POINT('',(-1.79786434468225,-1.99999658736201,7.71995947304313));
#9479=CARTESIAN_POINT('',(-1.96185538884425,-1.99999612193451,7.71995506545723));
#9480=CARTESIAN_POINT('',(-1.81245094101825,-1.99999644168171,7.75364329153763));
#9481=CARTESIAN_POINT('Origin',(-1.79786488222225,-1.99999652544321,7.73995947303583));
#9482=CARTESIAN_POINT('',(-1.81246418146926,-1.99999491652503,8.24627487030473));
#9483=CARTESIAN_POINT('Origin',(-2.07499999934725,-1.99999493397442,7.99995202457028));
#9484=CARTESIAN_POINT('Origin',(-1.79787885825326,-1.99999491555553,8.25995947284553));
#9485=CARTESIAN_POINT('',(-0.997879396085564,-1.99999712413883,8.27998097443135));
#9486=CARTESIAN_POINT('',(-0.752135654597362,-1.99999782159093,8.27998757928386));
#9487=CARTESIAN_POINT('',(-1.38814461014386,-1.99999601651643,8.27997048527654));
#9488=CARTESIAN_POINT('',(-0.737549058261662,-1.99999796727123,8.24630376078936));
#9489=CARTESIAN_POINT('Origin',(-0.752135117057664,-1.99999788350972,8.25998757929116));
#9490=CARTESIAN_POINT('',(-0.737535817811249,-1.99999949242801,7.75367218202226));
#9491=CARTESIAN_POINT('Origin',(-0.474999999932385,-1.99999947497852,7.9999950277567));
#9492=CARTESIAN_POINT('',(-0.752120603487049,-1.99999955531611,7.71998757948876));
#9493=CARTESIAN_POINT('Origin',(-0.752121141026651,-1.99999949339741,7.73998757948146));
#9494=CARTESIAN_POINT('',(-0.997864344975251,-1.99999885786401,7.71998097463635));
#9495=CARTESIAN_POINT('',(-1.56185538899025,-1.99999725718551,7.71996581625384));
#9496=CARTESIAN_POINT('',(-1.01245094131095,-1.99999871218381,7.75366479313085));
#9497=CARTESIAN_POINT('Origin',(-0.99786488251495,-1.99999879594531,7.73998097462905));
#9498=CARTESIAN_POINT('',(-1.01246418176146,-1.99999718702703,8.24629637189795));
#9499=CARTESIAN_POINT('Origin',(-1.27499999964026,-1.99999720447652,7.99997352616349));
#9500=CARTESIAN_POINT('Origin',(-0.997878858545963,-1.99999718605762,8.25998097443875));
#9501=CARTESIAN_POINT('',(0.602120603330036,-2.00000166514302,8.28002397761779));
#9502=CARTESIAN_POINT('',(0.847864344818236,-2.00000236259513,8.2800305824703));
#9503=CARTESIAN_POINT('',(-0.588144610436062,-1.99999828701843,8.27999198686976));
#9504=CARTESIAN_POINT('',(0.862450941154037,-2.00000250827532,8.2463467639758));
#9505=CARTESIAN_POINT('Origin',(0.847864882357937,-2.00000242451383,8.2600305824776));
#9506=CARTESIAN_POINT('',(0.862464181604448,-2.00000403343211,7.7537151852087));
#9507=CARTESIAN_POINT('Origin',(1.12499999948324,-2.00000401598262,8.00003803094313));
#9508=CARTESIAN_POINT('',(0.84787939592865,-2.00000409632031,7.7200305826752));
#9509=CARTESIAN_POINT('Origin',(0.847878858388949,-2.00000403440151,7.7400305826679));
#9510=CARTESIAN_POINT('',(0.60213565444045,-2.00000339886821,7.72002397782279));
#9511=CARTESIAN_POINT('',(-0.76185538928265,-1.99999952768761,7.71998731784706));
#9512=CARTESIAN_POINT('',(0.587549058104649,-2.00000325318791,7.75370779631729));
#9513=CARTESIAN_POINT('Origin',(0.602135116900749,-2.00000333694941,7.74002397781549));
#9514=CARTESIAN_POINT('',(0.587535817654237,-2.00000172803112,8.24633937508429));
#9515=CARTESIAN_POINT('Origin',(0.324999999775442,-2.00000174548062,8.00001652934992));
#9516=CARTESIAN_POINT('Origin',(0.602121140869736,-2.00000172706173,8.26002397762509));
#9517=CARTESIAN_POINT('',(2.20212060274574,-2.00000620614713,8.28006698080423));
#9518=CARTESIAN_POINT('',(2.44786434423394,-2.00000690359922,8.28007358565674));
#9519=CARTESIAN_POINT('',(0.211855389271737,-2.00000055752053,8.28001348846298));
#9520=CARTESIAN_POINT('',(2.46245094056964,-2.00000704927942,8.24638976716224));
#9521=CARTESIAN_POINT('Origin',(2.44786488177364,-2.00000696551792,8.26007358566404));
#9522=CARTESIAN_POINT('',(2.46246418102015,-2.0000085744362,7.75375818839514));
#9523=CARTESIAN_POINT('Origin',(2.72499999889894,-2.00000855698682,8.00008103412955));
#9524=CARTESIAN_POINT('',(2.44787939534425,-2.00000863732441,7.72007358586164));
#9525=CARTESIAN_POINT('Origin',(2.44787885780465,-2.00000857540561,7.74007358585434));
#9526=CARTESIAN_POINT('',(2.20213565385605,-2.00000793987231,7.72006698100923));
#9527=CARTESIAN_POINT('',(0.0381446104252499,-2.00000179818961,7.72000881944028));
#9528=CARTESIAN_POINT('',(2.18754905752035,-2.000007794192,7.75375079950373));
#9529=CARTESIAN_POINT('Origin',(2.20213511631645,-2.00000787795351,7.74006698100183));
#9530=CARTESIAN_POINT('',(2.18753581706994,-2.00000626903532,8.24638237827073));
#9531=CARTESIAN_POINT('Origin',(1.92499999919114,-2.00000628648471,8.00005953253634));
#9532=CARTESIAN_POINT('Origin',(2.20212114028544,-2.00000626806582,8.26006698081153));
#9533=CARTESIAN_POINT('',(1.92500833105575,-2.0000072462254,7.69005953264982));
#9534=CARTESIAN_POINT('Origin',(1.92499999919104,-2.00000628648471,8.00005953253634));
#9535=CARTESIAN_POINT('',(0.32500833164005,-2.00000270522131,7.69001652946339));
#9536=CARTESIAN_POINT('Origin',(0.324999999775442,-2.00000174548062,8.00001652934992));
#9537=CARTESIAN_POINT('',(-1.27499166777555,-1.9999981642172,7.68997352627695));
#9538=CARTESIAN_POINT('Origin',(-1.27499999964026,-1.99999720447652,7.99997352616349));
#9539=CARTESIAN_POINT('',(-0.474991668067751,-2.00000043471931,7.68999502787017));
#9540=CARTESIAN_POINT('Origin',(-0.474999999932385,-1.99999947497852,7.9999950277567));
#9541=CARTESIAN_POINT('',(1.12500833134795,-2.0000049757234,7.6900380310566));
#9542=CARTESIAN_POINT('Origin',(1.12499999948324,-2.00000401598262,8.00003803094313));
#9543=CARTESIAN_POINT('Origin',(-4.47499056314525,-1.98998920604661,7.64988748896017));
#9544=CARTESIAN_POINT('',(2.72179502549702,-1.99000966240077,7.64008091690181));
#9545=CARTESIAN_POINT('Origin',(2.72179502549702,-1.99000963144223,7.65008091690543));
#9546=CARTESIAN_POINT('',(-2.07499987153074,-1.98999604848493,7.63995199358157));
#9547=CARTESIAN_POINT('Origin',(-2.07499997096525,-1.98999601752605,7.64995199361335));
#9548=CARTESIAN_POINT('',(-4.47499029437525,-1.98998923700591,7.63988748896377));
#9549=CARTESIAN_POINT('Origin',(-6.87498918659625,-1.59998242550321,7.63982177679813));
#9550=CARTESIAN_POINT('',(2.72179502549702,-1.21000966240139,7.64007850207033));
#9551=CARTESIAN_POINT('',(2.72179502549702,-3.13373983694865,7.64008445781929));
#9552=CARTESIAN_POINT('',(-2.07499977229025,-1.20999604848585,7.63994957875211));
#9553=CARTESIAN_POINT('',(-2.07499977229025,-1.59999584976127,7.63995078622963));
#9554=CARTESIAN_POINT('',(-4.47498808057125,-1.20998923701281,7.6398850741918));
#9555=CARTESIAN_POINT('Origin',(-4.47498834934025,-1.20998920605341,7.6498850741881));
#9556=CARTESIAN_POINT('Origin',(2.72179502549702,-1.21000963144275,7.65007850207386));
#9557=CARTESIAN_POINT('Origin',(-2.07499977229025,-1.20999601752803,7.64994957865803));
#9558=CARTESIAN_POINT('Origin',(2.20213511631645,-2.00000787795351,7.74006698100183));
#9559=CARTESIAN_POINT('',(2.20213653370145,-1.69000793987501,7.72006602129214));
#9560=CARTESIAN_POINT('',(2.20213565385605,-2.00000793987231,7.72006698100923));
#9561=CARTESIAN_POINT('',(2.18754993736565,-1.69000779419471,7.75374983978664));
#9562=CARTESIAN_POINT('Origin',(2.20213599616175,-1.6900078779563,7.74006602128484));
#9563=CARTESIAN_POINT('',(2.18754905752035,-2.000007794192,7.75375079950373));
#9564=CARTESIAN_POINT('Origin',(1.92499999919114,-2.00000628648471,8.00005953253634));
#9565=CARTESIAN_POINT('',(2.18753669691524,-1.69000626903802,8.24638141855364));
#9566=CARTESIAN_POINT('Origin',(1.92500087903644,-1.69000628648741,8.00005857281926));
#9567=CARTESIAN_POINT('',(2.18753581706994,-2.00000626903532,8.24638237827073));
#9568=CARTESIAN_POINT('Origin',(2.44786488177364,-2.00000696551792,8.26007358566404));
#9569=CARTESIAN_POINT('',(2.44786522407924,-1.69000690360192,8.28007262593965));
#9570=CARTESIAN_POINT('',(2.44786434423394,-2.00000690359922,8.28007358565674));
#9571=CARTESIAN_POINT('',(2.46245182041504,-1.69000704928222,8.24638880744515));
#9572=CARTESIAN_POINT('Origin',(2.44786576161894,-1.69000696552072,8.26007262594695));
#9573=CARTESIAN_POINT('',(2.46245094056964,-2.00000704927942,8.24638976716224));
#9574=CARTESIAN_POINT('Origin',(2.32500087889034,-1.69000742173851,8.00006932361587));
#9575=CARTESIAN_POINT('',(2.44788027518965,-1.69000863732711,7.72007262614455));
#9576=CARTESIAN_POINT('',(2.15128257448865,-1.69000779554501,7.72006465449064));
#9577=CARTESIAN_POINT('',(2.46246506086545,-1.69000857443891,7.75375722867805));
#9578=CARTESIAN_POINT('Origin',(2.44787973764995,-1.6900085754083,7.74007262613725));
#9579=CARTESIAN_POINT('Origin',(2.72500087874424,-1.69000855698951,8.00008007441247));
#9580=CARTESIAN_POINT('',(2.20212148259104,-1.69000620614982,8.28006602108714));
#9581=CARTESIAN_POINT('',(2.49871918329204,-1.69000704793192,8.28007399274105));
#9582=CARTESIAN_POINT('Origin',(2.20212202013074,-1.69000626806862,8.26006602109444));
#9583=CARTESIAN_POINT('Origin',(2.49871830344674,-2.00000704792922,8.28007495245814));
#9584=CARTESIAN_POINT('',(2.20212060274574,-2.00000620614713,8.28006698080423));
#9585=CARTESIAN_POINT('Origin',(2.20212114028544,-2.00000626806582,8.26006698081153));
#9586=CARTESIAN_POINT('Origin',(1.64786488206574,-2.00000469501592,8.26005208407082));
#9587=CARTESIAN_POINT('',(1.64786522437144,-1.69000463309983,8.28005112434643));
#9588=CARTESIAN_POINT('',(1.64786434452614,-2.00000463309713,8.28005208406352));
#9589=CARTESIAN_POINT('',(1.66245182070714,-1.69000477878012,8.24636730585193));
#9590=CARTESIAN_POINT('Origin',(1.64786576191114,-1.69000469501862,8.26005112435373));
#9591=CARTESIAN_POINT('',(1.66245094086184,-2.00000477877742,8.24636826556902));
#9592=CARTESIAN_POINT('Origin',(1.92499999919104,-2.00000628648471,8.00005953253634));
#9593=CARTESIAN_POINT('',(1.66246506115765,-1.69000630393691,7.75373572708483));
#9594=CARTESIAN_POINT('Origin',(1.92500087903644,-1.69000628648741,8.00005857281926));
#9595=CARTESIAN_POINT('',(1.66246418131225,-2.00000630393411,7.75373668680192));
#9596=CARTESIAN_POINT('Origin',(1.40212114057754,-2.00000399756382,8.26004547921831));
#9597=CARTESIAN_POINT('',(1.38753669720744,-1.69000399853592,8.24635991696052));
#9598=CARTESIAN_POINT('',(1.38753581736204,-2.00000399853322,8.24636087667751));
#9599=CARTESIAN_POINT('',(1.40212148288324,-1.69000393564782,8.28004451949392));
#9600=CARTESIAN_POINT('Origin',(1.40212202042294,-1.69000399756652,8.26004451950132));
#9601=CARTESIAN_POINT('',(1.40212060303794,-2.00000393564503,8.28004547921101));
#9602=CARTESIAN_POINT('Origin',(1.52500087918254,-1.69000515123641,8.00004782202266));
#9603=CARTESIAN_POINT('',(1.69871918358424,-1.69000477742992,8.28005249114783));
#9604=CARTESIAN_POINT('',(1.38754993765785,-1.69000552369271,7.75372833819342));
#9605=CARTESIAN_POINT('Origin',(1.12500087932864,-1.69000401598542,8.00003707122605));
#9606=CARTESIAN_POINT('',(1.40213653399355,-1.69000566937301,7.72004451969892));
#9607=CARTESIAN_POINT('Origin',(1.40213599645395,-1.69000560745421,7.74004451969162));
#9608=CARTESIAN_POINT('',(1.64788027548175,-1.69000636682501,7.72005112455133));
#9609=CARTESIAN_POINT('',(1.35128257478085,-1.69000552504291,7.72004315289752));
#9610=CARTESIAN_POINT('Origin',(1.64787973794215,-1.6900063049063,7.74005112454403));
#9611=CARTESIAN_POINT('Origin',(1.12499999948324,-2.00000401598262,8.00003803094313));
#9612=CARTESIAN_POINT('',(1.38754905781255,-2.00000552368991,7.75372929791051));
#9613=CARTESIAN_POINT('Origin',(0.847864882357937,-2.00000242451383,8.2600305824776));
#9614=CARTESIAN_POINT('',(0.847865224663636,-1.69000236259783,8.28002962275321));
#9615=CARTESIAN_POINT('',(0.847864344818236,-2.00000236259513,8.2800305824703));
#9616=CARTESIAN_POINT('',(0.862451820999336,-1.69000250827812,8.24634580425871));
#9617=CARTESIAN_POINT('Origin',(0.847865762203236,-1.69000242451652,8.26002962276051));
#9618=CARTESIAN_POINT('',(0.862450941154037,-2.00000250827532,8.2463467639758));
#9619=CARTESIAN_POINT('Origin',(1.12499999948324,-2.00000401598262,8.00003803094313));
#9620=CARTESIAN_POINT('',(0.862465061449749,-1.69000403343481,7.75371422549161));
#9621=CARTESIAN_POINT('Origin',(1.12500087932864,-1.69000401598542,8.00003707122605));
#9622=CARTESIAN_POINT('',(0.862464181604448,-2.00000403343211,7.7537151852087));
#9623=CARTESIAN_POINT('Origin',(0.602121140869736,-2.00000172706173,8.26002397762509));
#9624=CARTESIAN_POINT('',(0.587536697499637,-1.69000172803392,8.2463384153673));
#9625=CARTESIAN_POINT('',(0.587535817654237,-2.00000172803112,8.24633937508429));
#9626=CARTESIAN_POINT('',(0.602121483175436,-1.69000166514573,8.2800230179007));
#9627=CARTESIAN_POINT('Origin',(0.602122020715036,-1.69000172706452,8.2600230179081));
#9628=CARTESIAN_POINT('',(0.602120603330036,-2.00000166514302,8.28002397761779));
#9629=CARTESIAN_POINT('Origin',(0.725000879474742,-1.69000288073432,8.00002632042945));
#9630=CARTESIAN_POINT('',(0.898719183876336,-1.69000250692783,8.28003098955461));
#9631=CARTESIAN_POINT('',(0.587549937950049,-1.69000325319061,7.7537068366002));
#9632=CARTESIAN_POINT('Origin',(0.325000879620743,-1.69000174548332,8.00001556963284));
#9633=CARTESIAN_POINT('',(0.602136534285751,-1.69000339887091,7.7200230181057));
#9634=CARTESIAN_POINT('Origin',(0.602135996746149,-1.69000333695211,7.7400230180984));
#9635=CARTESIAN_POINT('',(0.84788027577395,-1.690004096323,7.72002962295811));
#9636=CARTESIAN_POINT('',(0.551282575072951,-1.6900032545409,7.7200216513043));
#9637=CARTESIAN_POINT('Origin',(0.847879738234349,-1.69000403440421,7.74002962295081));
#9638=CARTESIAN_POINT('Origin',(0.324999999775442,-2.00000174548062,8.00001652934992));
#9639=CARTESIAN_POINT('',(0.587549058104649,-2.00000325318791,7.75370779631729));
#9640=CARTESIAN_POINT('Origin',(0.0478648826501367,-2.00000015401183,8.26000908088438));
#9641=CARTESIAN_POINT('',(0.0478652249558369,-1.69000009209572,8.28000812115999));
#9642=CARTESIAN_POINT('',(0.0478643451104368,-2.00000009209302,8.28000908087708));
#9643=CARTESIAN_POINT('',(0.0624518212915373,-1.69000023777602,8.24632430266549));
#9644=CARTESIAN_POINT('Origin',(0.0478657624954373,-1.69000015401453,8.26000812116729));
#9645=CARTESIAN_POINT('',(0.0624509414461372,-2.00000023777332,8.24632526238258));
#9646=CARTESIAN_POINT('Origin',(0.324999999775442,-2.00000174548062,8.00001652934992));
#9647=CARTESIAN_POINT('',(0.0624650617419498,-1.69000176293281,7.75369272389839));
#9648=CARTESIAN_POINT('Origin',(0.325000879620743,-1.69000174548332,8.00001556963284));
#9649=CARTESIAN_POINT('',(0.0624641818966492,-2.00000176293001,7.75369368361548));
#9650=CARTESIAN_POINT('Origin',(-0.197878858838063,-1.99999945655973,8.26000247603197));
#9651=CARTESIAN_POINT('',(-0.212463302208262,-1.68999945753182,8.24631691377408));
#9652=CARTESIAN_POINT('',(-0.212464182053564,-1.99999945752912,8.24631787349117));
#9653=CARTESIAN_POINT('',(-0.197878516532363,-1.68999939464362,8.28000151630748));
#9654=CARTESIAN_POINT('Origin',(-0.197877978992764,-1.68999945656243,8.26000151631488));
#9655=CARTESIAN_POINT('',(-0.197879396377763,-1.99999939464093,8.28000247602457));
#9656=CARTESIAN_POINT('Origin',(-0.0749991202331577,-1.69000061023232,8.00000481883623));
#9657=CARTESIAN_POINT('',(0.0987191841685373,-1.69000023642582,8.28000948796139));
#9658=CARTESIAN_POINT('',(-0.212450061757851,-1.69000098268861,7.75368533500698));
#9659=CARTESIAN_POINT('Origin',(-0.474999120087047,-1.68999947498132,7.99999406803963));
#9660=CARTESIAN_POINT('',(-0.19786346542205,-1.69000112836881,7.72000151651248));
#9661=CARTESIAN_POINT('Origin',(-0.197864002961751,-1.69000106645011,7.74000151650518));
#9662=CARTESIAN_POINT('',(0.0478802760661496,-1.69000182582091,7.72000812136489));
#9663=CARTESIAN_POINT('',(-0.24871742463485,-1.69000098403881,7.72000014971108));
#9664=CARTESIAN_POINT('Origin',(0.0478797385264489,-1.69000176390221,7.74000812135759));
#9665=CARTESIAN_POINT('Origin',(-0.474999999932385,-1.99999947497852,7.9999950277567));
#9666=CARTESIAN_POINT('',(-0.212450941603151,-2.00000098268581,7.75368629472407));
#9667=CARTESIAN_POINT('Origin',(-0.752135117057664,-1.99999788350972,8.25998757929116));
#9668=CARTESIAN_POINT('',(-0.752134774752063,-1.68999782159373,8.27998661956677));
#9669=CARTESIAN_POINT('',(-0.752135654597362,-1.99999782159093,8.27998757928386));
#9670=CARTESIAN_POINT('',(-0.737548178416263,-1.68999796727392,8.24630280107227));
#9671=CARTESIAN_POINT('Origin',(-0.752134237212362,-1.68999788351242,8.25998661957407));
#9672=CARTESIAN_POINT('',(-0.737549058261662,-1.99999796727123,8.24630376078936));
#9673=CARTESIAN_POINT('Origin',(-0.474999999932385,-1.99999947497852,7.9999950277567));
#9674=CARTESIAN_POINT('',(-0.737534937965851,-1.68999949243071,7.75367122230517));
#9675=CARTESIAN_POINT('Origin',(-0.474999120087047,-1.68999947498132,7.99999406803963));
#9676=CARTESIAN_POINT('',(-0.737535817811249,-1.99999949242801,7.75367218202226));
#9677=CARTESIAN_POINT('Origin',(-0.997878858545963,-1.99999718605762,8.25998097443875));
#9678=CARTESIAN_POINT('',(-1.01246330191606,-1.68999718702982,8.24629541218086));
#9679=CARTESIAN_POINT('',(-1.01246418176146,-1.99999718702703,8.24629637189795));
#9680=CARTESIAN_POINT('',(-0.997878516240263,-1.68999712414163,8.27998001471436));
#9681=CARTESIAN_POINT('Origin',(-0.997877978700563,-1.68999718606032,8.25998001472166));
#9682=CARTESIAN_POINT('',(-0.997879396085564,-1.99999712413883,8.27998097443135));
#9683=CARTESIAN_POINT('Origin',(-0.874999119940957,-1.68999833973022,7.99998331724303));
#9684=CARTESIAN_POINT('',(-0.701280815539262,-1.68999796592373,8.27998798636817));
#9685=CARTESIAN_POINT('',(-1.01245006146565,-1.68999871218651,7.75366383341376));
#9686=CARTESIAN_POINT('Origin',(-1.27499911979486,-1.68999720447922,7.99997256644642));
#9687=CARTESIAN_POINT('',(-0.997863465129949,-1.68999885786681,7.71998001491926));
#9688=CARTESIAN_POINT('Origin',(-0.997864002669552,-1.68999879594801,7.73998001491196));
#9689=CARTESIAN_POINT('',(-0.752119723641649,-1.68999955531891,7.71998661977177));
#9690=CARTESIAN_POINT('',(-1.04871742434265,-1.68999871353681,7.71997864811786));
#9691=CARTESIAN_POINT('Origin',(-0.75212026118135,-1.68999949340011,7.73998661976437));
#9692=CARTESIAN_POINT('Origin',(-1.27499999964026,-1.99999720447652,7.99997352616349));
#9693=CARTESIAN_POINT('',(-1.01245094131095,-1.99999871218381,7.75366479313085));
#9694=CARTESIAN_POINT('Origin',(-1.55213511676526,-1.99999561300763,8.25996607769794));
#9695=CARTESIAN_POINT('',(-1.55213477445926,-1.68999555109163,8.27996511797355));
#9696=CARTESIAN_POINT('',(-1.55213565430426,-1.99999555108893,8.27996607769064));
#9697=CARTESIAN_POINT('',(-1.53754817812326,-1.68999569677193,8.24628129947905));
#9698=CARTESIAN_POINT('Origin',(-1.55213423691926,-1.68999561301043,8.25996511798085));
#9699=CARTESIAN_POINT('',(-1.53754905796926,-1.99999569676923,8.24628225919614));
#9700=CARTESIAN_POINT('Origin',(-1.27499999964026,-1.99999720447652,7.99997352616349));
#9701=CARTESIAN_POINT('',(-1.53753493767325,-1.68999722192861,7.75364972071195));
#9702=CARTESIAN_POINT('Origin',(-1.27499911979486,-1.68999720447922,7.99997256644642));
#9703=CARTESIAN_POINT('',(-1.53753581751825,-1.99999722192591,7.75365068042904));
#9704=CARTESIAN_POINT('Origin',(-1.79787885825326,-1.99999491555553,8.25995947284553));
#9705=CARTESIAN_POINT('',(-1.81246330162326,-1.68999491652773,8.24627391058764));
#9706=CARTESIAN_POINT('',(-1.81246418146926,-1.99999491652503,8.24627487030473));
#9707=CARTESIAN_POINT('',(-1.79787851594726,-1.68999485363953,8.27995851312114));
#9708=CARTESIAN_POINT('Origin',(-1.79787797840826,-1.68999491555833,8.25995851312844));
#9709=CARTESIAN_POINT('',(-1.79787939579326,-1.99999485363683,8.27995947283823));
#9710=CARTESIAN_POINT('Origin',(-1.67499911964826,-1.68999606922822,7.99996181564981));
#9711=CARTESIAN_POINT('',(-1.50128081524626,-1.68999569542163,8.27996648477495));
#9712=CARTESIAN_POINT('',(-1.81245006117325,-1.68999644168441,7.75364233182054));
#9713=CARTESIAN_POINT('Origin',(-2.07499911950226,-1.68999493397712,7.99995106485321));
#9714=CARTESIAN_POINT('',(-1.79786346483725,-1.68999658736471,7.71995851332604));
#9715=CARTESIAN_POINT('Origin',(-1.79786400237725,-1.68999652544601,7.73995851331874));
#9716=CARTESIAN_POINT('',(-1.55211972334925,-1.68999728481681,7.71996511817855));
#9717=CARTESIAN_POINT('',(-1.84871742405025,-1.68999644303471,7.71995714652464));
#9718=CARTESIAN_POINT('Origin',(-1.55212026088825,-1.68999722289801,7.73996511817115));
#9719=CARTESIAN_POINT('Origin',(-2.07499999934725,-1.99999493397442,7.99995202457028));
#9720=CARTESIAN_POINT('',(-1.81245094101825,-1.99999644168171,7.75364329153763));
#9721=CARTESIAN_POINT('Origin',(-1.79786488222225,-1.99999652544321,7.73995947303583));
#9722=CARTESIAN_POINT('',(-1.79786434468225,-1.99999658736201,7.71995947304313));
#9723=CARTESIAN_POINT('Origin',(-1.55212114073425,-1.99999722289531,7.73996607788824));
#9724=CARTESIAN_POINT('',(-1.55212060319425,-1.99999728481411,7.71996607789564));
#9725=CARTESIAN_POINT('Origin',(-0.99786488251495,-1.99999879594531,7.73998097462905));
#9726=CARTESIAN_POINT('',(-0.997864344975251,-1.99999885786401,7.71998097463635));
#9727=CARTESIAN_POINT('Origin',(-0.752121141026651,-1.99999949339741,7.73998757948146));
#9728=CARTESIAN_POINT('',(-0.752120603487049,-1.99999955531611,7.71998757948876));
#9729=CARTESIAN_POINT('Origin',(-0.197864882807052,-2.00000106644731,7.74000247622227));
#9730=CARTESIAN_POINT('',(-0.19786434526745,-2.00000112836611,7.72000247622957));
#9731=CARTESIAN_POINT('Origin',(0.0478788586811483,-2.00000176389941,7.74000908107468));
#9732=CARTESIAN_POINT('',(0.0478793962207495,-2.00000182581821,7.72000908108198));
#9733=CARTESIAN_POINT('Origin',(0.602135116900749,-2.00000333694941,7.74002397781549));
#9734=CARTESIAN_POINT('',(0.60213565444045,-2.00000339886821,7.72002397782279));
#9735=CARTESIAN_POINT('Origin',(0.847878858388949,-2.00000403440151,7.7400305826679));
#9736=CARTESIAN_POINT('',(0.84787939592865,-2.00000409632021,7.7200305826752));
#9737=CARTESIAN_POINT('Origin',(1.40213511660855,-2.00000560745151,7.74004547940861));
#9738=CARTESIAN_POINT('',(1.40213565414825,-2.00000566937021,7.72004547941601));
#9739=CARTESIAN_POINT('Origin',(1.64787885809675,-2.00000630490361,7.74005208426112));
#9740=CARTESIAN_POINT('',(1.64787939563645,-2.0000063668223,7.72005208426842));
#9741=CARTESIAN_POINT('Origin',(2.44787885780465,-2.00000857540561,7.74007358585434));
#9742=CARTESIAN_POINT('',(2.46246418102015,-2.0000085744362,7.75375818839514));
#9743=CARTESIAN_POINT('',(2.44787939534425,-2.00000863732441,7.72007358586164));
#9744=CARTESIAN_POINT('Origin',(2.72499999889894,-2.00000855698682,8.00008103412955));
#9745=CARTESIAN_POINT('Origin',(2.20212341085404,-1.20000626807292,8.26006450412236));
#9746=CARTESIAN_POINT('',(2.20212199346904,-1.51000620615143,8.28006546383205));
#9747=CARTESIAN_POINT('',(2.20212287331434,-1.20000620615413,8.28006450411506));
#9748=CARTESIAN_POINT('',(2.18753720779314,-1.51000626903962,8.24638086129865));
#9749=CARTESIAN_POINT('Origin',(2.20212253100864,-1.51000626807022,8.26006546383945));
#9750=CARTESIAN_POINT('',(2.18753808763854,-1.20000626904232,8.24637990158156));
#9751=CARTESIAN_POINT('Origin',(2.49872057401534,-1.20000704793632,8.28007247576886));
#9752=CARTESIAN_POINT('',(2.44786573495724,-1.51000690360352,8.28007206868455));
#9753=CARTESIAN_POINT('',(2.44786661480254,-1.20000690360622,8.28007110896746));
#9754=CARTESIAN_POINT('',(2.49871969416994,-1.51000704793352,8.28007343548595));
#9755=CARTESIAN_POINT('Origin',(2.44786715234224,-1.20000696552502,8.26007110897476));
#9756=CARTESIAN_POINT('',(2.46245233129294,-1.51000704928382,8.24638825019005));
#9757=CARTESIAN_POINT('',(2.46245321113834,-1.20000704928652,8.24638729047296));
#9758=CARTESIAN_POINT('Origin',(2.44786627249684,-1.51000696552232,8.26007206869185));
#9759=CARTESIAN_POINT('Origin',(2.72500226946754,-1.20000855699381,8.00007855744032));
#9760=CARTESIAN_POINT('',(2.46246557174335,-1.5100085744405,7.75375667142295));
#9761=CARTESIAN_POINT('',(2.46246645158875,-1.20000857444331,7.75375571170586));
#9762=CARTESIAN_POINT('Origin',(2.72500138962224,-1.51000855699111,8.0000795171574));
#9763=CARTESIAN_POINT('Origin',(2.44788112837325,-1.2000085754127,7.74007110916506));
#9764=CARTESIAN_POINT('',(2.44788078606755,-1.51000863732871,7.72007206888945));
#9765=CARTESIAN_POINT('',(2.44788166591285,-1.20000863733141,7.72007110917246));
#9766=CARTESIAN_POINT('Origin',(2.44788024852785,-1.51000857540991,7.74007206888215));
#9767=CARTESIAN_POINT('Origin',(2.15128396521195,-1.20000779554931,7.72006313751856));
#9768=CARTESIAN_POINT('',(2.20213704457935,-1.5100079398766,7.72006546403705));
#9769=CARTESIAN_POINT('',(2.20213792442465,-1.20000793987931,7.72006450431996));
#9770=CARTESIAN_POINT('',(2.15128308536655,-1.51000779554661,7.72006409723565));
#9771=CARTESIAN_POINT('Origin',(2.20213738688505,-1.2000078779606,7.74006450431266));
#9772=CARTESIAN_POINT('',(2.18755044824365,-1.51000779419631,7.75374928253155));
#9773=CARTESIAN_POINT('',(2.18755132808895,-1.20000779419911,7.75374832281446));
#9774=CARTESIAN_POINT('Origin',(2.20213650703965,-1.51000787795781,7.74006546402975));
#9775=CARTESIAN_POINT('Origin',(1.92500226975974,-1.20000628649181,8.00005705584711));
#9776=CARTESIAN_POINT('Origin',(1.92500138991434,-1.51000628648901,8.00005801556419));
#9777=CARTESIAN_POINT('Origin',(1.64786715263444,-1.20000469502292,8.26004960738154));
#9778=CARTESIAN_POINT('',(1.66245233158514,-1.51000477878172,8.24636674859683));
#9779=CARTESIAN_POINT('',(1.66245321143044,-1.20000477878442,8.24636578887974));
#9780=CARTESIAN_POINT('',(1.64786573524944,-1.51000463310143,8.28005056709133));
#9781=CARTESIAN_POINT('Origin',(1.64786627278904,-1.51000469502022,8.26005056709863));
#9782=CARTESIAN_POINT('',(1.64786661509474,-1.20000463310422,8.28004960737424));
#9783=CARTESIAN_POINT('Origin',(1.92500226975974,-1.20000628649181,8.00005705584711));
#9784=CARTESIAN_POINT('',(1.66246557203555,-1.51000630393851,7.75373516982973));
#9785=CARTESIAN_POINT('',(1.66246645188095,-1.20000630394121,7.75373421011264));
#9786=CARTESIAN_POINT('Origin',(1.92500138991434,-1.51000628648901,8.00005801556419));
#9787=CARTESIAN_POINT('Origin',(1.40212341114624,-1.20000399757082,8.26004300252914));
#9788=CARTESIAN_POINT('',(1.40212199376124,-1.51000393564932,8.28004396223893));
#9789=CARTESIAN_POINT('',(1.40212287360654,-1.20000393565213,8.28004300252184));
#9790=CARTESIAN_POINT('',(1.38753720808534,-1.51000399853752,8.24635935970543));
#9791=CARTESIAN_POINT('Origin',(1.40212253130084,-1.51000399756812,8.26004396224623));
#9792=CARTESIAN_POINT('',(1.38753808793074,-1.20000399854032,8.24635839998834));
#9793=CARTESIAN_POINT('Origin',(1.69872057430754,-1.20000477743423,8.28005097417565));
#9794=CARTESIAN_POINT('',(1.69871969446214,-1.51000477743153,8.28005193389273));
#9795=CARTESIAN_POINT('Origin',(1.64788112866545,-1.20000630491061,7.74004960757184));
#9796=CARTESIAN_POINT('',(1.64788078635975,-1.51000636682661,7.72005056729633));
#9797=CARTESIAN_POINT('',(1.64788166620505,-1.20000636682941,7.72004960757924));
#9798=CARTESIAN_POINT('Origin',(1.64788024882005,-1.51000630490791,7.74005056728893));
#9799=CARTESIAN_POINT('Origin',(1.35128396550415,-1.20000552504731,7.72004163592534));
#9800=CARTESIAN_POINT('',(1.40213704487155,-1.51000566937451,7.72004396244383));
#9801=CARTESIAN_POINT('',(1.40213792471685,-1.2000056693773,7.72004300272674));
#9802=CARTESIAN_POINT('',(1.35128308565875,-1.51000552504451,7.72004259564243));
#9803=CARTESIAN_POINT('Origin',(1.40213738717725,-1.20000560745851,7.74004300271944));
#9804=CARTESIAN_POINT('',(1.38755044853575,-1.51000552369431,7.75372778093833));
#9805=CARTESIAN_POINT('',(1.38755132838115,-1.20000552369701,7.75372682122124));
#9806=CARTESIAN_POINT('Origin',(1.40213650733185,-1.51000560745581,7.74004396243653));
#9807=CARTESIAN_POINT('Origin',(1.12500227005194,-1.20000401598972,8.0000355542539));
#9808=CARTESIAN_POINT('Origin',(1.12500139020654,-1.51000401598702,8.00003651397098));
#9809=CARTESIAN_POINT('Origin',(0.602123411438336,-1.20000172706883,8.26002150093592));
#9810=CARTESIAN_POINT('',(0.602121994053336,-1.51000166514732,8.28002246064571));
#9811=CARTESIAN_POINT('',(0.602122873898736,-1.20000166515002,8.28002150092862));
#9812=CARTESIAN_POINT('',(0.587537208377537,-1.51000172803552,8.24633785811221));
#9813=CARTESIAN_POINT('Origin',(0.602122531593036,-1.51000172706602,8.26002246065301));
#9814=CARTESIAN_POINT('',(0.587538088222836,-1.20000172803822,8.24633689839512));
#9815=CARTESIAN_POINT('Origin',(0.898720574599636,-1.20000250693212,8.28002947258253));
#9816=CARTESIAN_POINT('',(0.847865735541536,-1.51000236259942,8.28002906549811));
#9817=CARTESIAN_POINT('',(0.847866615386936,-1.20000236260213,8.28002810578102));
#9818=CARTESIAN_POINT('',(0.898719694754336,-1.51000250692942,8.28003043229952));
#9819=CARTESIAN_POINT('Origin',(0.847867152926536,-1.20000242452092,8.26002810578832));
#9820=CARTESIAN_POINT('',(0.862452331877336,-1.51000250827972,8.24634524700361));
#9821=CARTESIAN_POINT('',(0.862453211722636,-1.20000250828242,8.24634428728653));
#9822=CARTESIAN_POINT('Origin',(0.847866273081236,-1.51000242451813,8.26002906550541));
#9823=CARTESIAN_POINT('Origin',(1.12500227005194,-1.20000401598972,8.0000355542539));
#9824=CARTESIAN_POINT('',(0.862465572327748,-1.51000403343641,7.75371366823651));
#9825=CARTESIAN_POINT('',(0.862466452173049,-1.20000403343911,7.75371270851952));
#9826=CARTESIAN_POINT('Origin',(1.12500139020654,-1.51000401598702,8.00003651397098));
#9827=CARTESIAN_POINT('Origin',(0.84788112895755,-1.20000403440851,7.74002810597873));
#9828=CARTESIAN_POINT('',(0.84788078665195,-1.51000409632461,7.72002906570311));
#9829=CARTESIAN_POINT('',(0.84788166649725,-1.20000409632731,7.72002810598602));
#9830=CARTESIAN_POINT('Origin',(0.847880249112249,-1.51000403440581,7.74002906569571));
#9831=CARTESIAN_POINT('Origin',(0.551283965796249,-1.20000325454521,7.72002013433212));
#9832=CARTESIAN_POINT('',(0.602137045163651,-1.51000339887251,7.72002246085061));
#9833=CARTESIAN_POINT('',(0.602137925009051,-1.20000339887521,7.72002150113352));
#9834=CARTESIAN_POINT('',(0.55128308595095,-1.51000325454251,7.72002109404921));
#9835=CARTESIAN_POINT('Origin',(0.602137387469348,-1.20000333695651,7.74002150112622));
#9836=CARTESIAN_POINT('',(0.587550448827949,-1.51000325319221,7.75370627934511));
#9837=CARTESIAN_POINT('',(0.587551328673349,-1.20000325319491,7.75370531962802));
#9838=CARTESIAN_POINT('Origin',(0.602136507624049,-1.51000333695371,7.74002246084331));
#9839=CARTESIAN_POINT('Origin',(0.325002270344043,-1.20000174548762,8.00001405266069));
#9840=CARTESIAN_POINT('Origin',(0.325001390498742,-1.51000174548492,8.00001501237776));
#9841=CARTESIAN_POINT('Origin',(-0.197876588269464,-1.19999945656672,8.2599999993427));
#9842=CARTESIAN_POINT('',(-0.197878005654463,-1.50999939464523,8.28000095905249));
#9843=CARTESIAN_POINT('',(-0.197877125809164,-1.19999939464802,8.2799999993354));
#9844=CARTESIAN_POINT('',(-0.212462791330262,-1.50999945753343,8.24631635651899));
#9845=CARTESIAN_POINT('Origin',(-0.197877468114763,-1.50999945656402,8.26000095905979));
#9846=CARTESIAN_POINT('',(-0.212461911484963,-1.19999945753612,8.2463153968019));
#9847=CARTESIAN_POINT('Origin',(0.0987205748918356,-1.20000023643012,8.28000797098931));
#9848=CARTESIAN_POINT('',(0.0478657358337369,-1.51000009209733,8.2800075639049));
#9849=CARTESIAN_POINT('',(0.0478666156790357,-1.20000009210012,8.28000660418781));
#9850=CARTESIAN_POINT('',(0.0987196950465368,-1.51000023642733,8.2800089307063));
#9851=CARTESIAN_POINT('Origin',(0.0478671532187356,-1.20000015401883,8.2600066041952));
#9852=CARTESIAN_POINT('',(0.0624523321694372,-1.51000023777762,8.2463237454104));
#9853=CARTESIAN_POINT('',(0.0624532120148373,-1.20000023778032,8.24632278569331));
#9854=CARTESIAN_POINT('Origin',(0.0478662733734367,-1.51000015401612,8.2600075639122));
#9855=CARTESIAN_POINT('Origin',(0.325002270344043,-1.20000174548762,8.00001405266069));
#9856=CARTESIAN_POINT('',(0.0624655726199492,-1.51000176293431,7.7536921666433));
#9857=CARTESIAN_POINT('',(0.0624664524652481,-1.20000176293711,7.75369120692631));
#9858=CARTESIAN_POINT('Origin',(0.325001390498742,-1.51000174548492,8.00001501237777));
#9859=CARTESIAN_POINT('Origin',(0.047881129249749,-1.20000176390651,7.74000660438551));
#9860=CARTESIAN_POINT('',(0.0478807869440496,-1.51000182582251,7.72000756410989));
#9861=CARTESIAN_POINT('',(0.0478816667894497,-1.20000182582521,7.72000660439281));
#9862=CARTESIAN_POINT('Origin',(0.0478802494044483,-1.51000176390381,7.74000756410249));
#9863=CARTESIAN_POINT('Origin',(-0.24871603391155,-1.20000098404311,7.7199986327389));
#9864=CARTESIAN_POINT('',(-0.19786295454415,-1.51000112837041,7.72000095925739));
#9865=CARTESIAN_POINT('',(-0.19786207469875,-1.20000112837321,7.7199999995403));
#9866=CARTESIAN_POINT('',(-0.248716913756851,-1.51000098404041,7.71999959245599));
#9867=CARTESIAN_POINT('Origin',(-0.197862612238451,-1.20000106645441,7.739999999533));
#9868=CARTESIAN_POINT('',(-0.21244955087985,-1.51000098269021,7.75368477775189));
#9869=CARTESIAN_POINT('',(-0.212448671034551,-1.20000098269291,7.7536838180348));
#9870=CARTESIAN_POINT('Origin',(-0.197863492083751,-1.51000106645171,7.74000095925009));
#9871=CARTESIAN_POINT('Origin',(-0.474997729363767,-1.19999947498562,7.99999255106748));
#9872=CARTESIAN_POINT('Origin',(-0.474998609209107,-1.50999947498282,7.99999351078455));
#9873=CARTESIAN_POINT('Origin',(-0.997876587977263,-1.19999718606472,8.25997849774948));
#9874=CARTESIAN_POINT('',(-0.997878005362262,-1.50999712414323,8.27997945745927));
#9875=CARTESIAN_POINT('',(-0.997877125516963,-1.19999712414593,8.27997849774218));
#9876=CARTESIAN_POINT('',(-1.01246279103816,-1.50999718703133,8.24629485492577));
#9877=CARTESIAN_POINT('Origin',(-0.997877467822663,-1.50999718606193,8.25997945746657));
#9878=CARTESIAN_POINT('',(-1.01246191119276,-1.19999718703412,8.24629389520868));
#9879=CARTESIAN_POINT('Origin',(-0.701279424815963,-1.19999796592803,8.27998646939609));
#9880=CARTESIAN_POINT('',(-0.752134263874064,-1.50999782159533,8.27998606231167));
#9881=CARTESIAN_POINT('',(-0.752133384028763,-1.19999782159803,8.27998510259459));
#9882=CARTESIAN_POINT('',(-0.701280304661362,-1.50999796592533,8.27998742911318));
#9883=CARTESIAN_POINT('Origin',(-0.752132846489063,-1.19999788351683,8.25998510260199));
#9884=CARTESIAN_POINT('',(-0.737547667538363,-1.50999796727553,8.24630224381718));
#9885=CARTESIAN_POINT('',(-0.737546787693063,-1.19999796727832,8.24630128410009));
#9886=CARTESIAN_POINT('Origin',(-0.752133726334462,-1.50999788351402,8.25998606231898));
#9887=CARTESIAN_POINT('Origin',(-0.474997729363767,-1.19999947498562,7.99999255106748));
#9888=CARTESIAN_POINT('',(-0.737534427087951,-1.50999949243231,7.75367066505018));
#9889=CARTESIAN_POINT('',(-0.737533547242551,-1.19999949243501,7.75366970533309));
#9890=CARTESIAN_POINT('Origin',(-0.474998609209107,-1.50999947498282,7.99999351078455));
#9891=CARTESIAN_POINT('Origin',(-0.752118870458052,-1.19999949340441,7.73998510279229));
#9892=CARTESIAN_POINT('',(-0.752119212763749,-1.50999955532051,7.71998606251668));
#9893=CARTESIAN_POINT('',(-0.752118332918449,-1.19999955532321,7.71998510279959));
#9894=CARTESIAN_POINT('Origin',(-0.75211975030345,-1.50999949340171,7.73998606250938));
#9895=CARTESIAN_POINT('Origin',(-1.04871603361935,-1.19999871354111,7.71997713114568));
#9896=CARTESIAN_POINT('',(-0.997862954251949,-1.50999885786841,7.71997945766417));
#9897=CARTESIAN_POINT('',(-0.99786207440665,-1.19999885787111,7.71997849794708));
#9898=CARTESIAN_POINT('',(-1.04871691346475,-1.50999871353831,7.71997809086277));
#9899=CARTESIAN_POINT('Origin',(-0.99786261194625,-1.19999879595231,7.73997849793978));
#9900=CARTESIAN_POINT('',(-1.01244955058765,-1.50999871218811,7.75366327615867));
#9901=CARTESIAN_POINT('',(-1.01244867074235,-1.19999871219081,7.75366231644158));
#9902=CARTESIAN_POINT('Origin',(-0.997863491791652,-1.50999879594961,7.73997945765687));
#9903=CARTESIAN_POINT('Origin',(-1.27499772907156,-1.19999720448352,7.99997104947427));
#9904=CARTESIAN_POINT('Origin',(-1.27499860891696,-1.50999720448082,7.99997200919134));
#9905=CARTESIAN_POINT('Origin',(-1.79787658768426,-1.19999491556263,8.25995699615626));
#9906=CARTESIAN_POINT('',(-1.79787800506926,-1.50999485364113,8.27995795586605));
#9907=CARTESIAN_POINT('',(-1.79787712522426,-1.19999485364383,8.27995699614896));
#9908=CARTESIAN_POINT('',(-1.81246279074526,-1.50999491652932,8.24627335333255));
#9909=CARTESIAN_POINT('Origin',(-1.79787746753026,-1.50999491555993,8.25995795587335));
#9910=CARTESIAN_POINT('',(-1.81246191090026,-1.19999491653203,8.24627239361546));
#9911=CARTESIAN_POINT('Origin',(-1.50127942452326,-1.19999569542603,8.27996496780287));
#9912=CARTESIAN_POINT('',(-1.55213426358126,-1.50999555109323,8.27996456071846));
#9913=CARTESIAN_POINT('',(-1.55213338373626,-1.19999555109593,8.27996360100147));
#9914=CARTESIAN_POINT('',(-1.50128030436826,-1.50999569542323,8.27996592751996));
#9915=CARTESIAN_POINT('Origin',(-1.55213284619626,-1.19999561301473,8.25996360100877));
#9916=CARTESIAN_POINT('',(-1.53754766724526,-1.50999569677352,8.24628074222396));
#9917=CARTESIAN_POINT('',(-1.53754678740026,-1.19999569677623,8.24627978250697));
#9918=CARTESIAN_POINT('Origin',(-1.55213372604226,-1.50999561301203,8.25996456072586));
#9919=CARTESIAN_POINT('Origin',(-1.27499772907156,-1.19999720448352,7.99997104947427));
#9920=CARTESIAN_POINT('',(-1.53753442679525,-1.50999722193021,7.75364916345696));
#9921=CARTESIAN_POINT('',(-1.53753354695025,-1.19999722193301,7.75364820373987));
#9922=CARTESIAN_POINT('Origin',(-1.27499860891696,-1.50999720448082,7.99997200919134));
#9923=CARTESIAN_POINT('Origin',(-1.55211887016525,-1.19999722290241,7.73996360119907));
#9924=CARTESIAN_POINT('',(-1.55211921247125,-1.50999728481841,7.71996456092346));
#9925=CARTESIAN_POINT('',(-1.55211833262625,-1.19999728482111,7.71996360120637));
#9926=CARTESIAN_POINT('Origin',(-1.55211975001125,-1.50999722289961,7.73996456091616));
#9927=CARTESIAN_POINT('Origin',(-1.84871603332725,-1.19999644303901,7.71995562955246));
#9928=CARTESIAN_POINT('',(-1.79786295395925,-1.50999658736631,7.71995795607095));
#9929=CARTESIAN_POINT('',(-1.79786207411425,-1.19999658736901,7.71995699635386));
#9930=CARTESIAN_POINT('',(-1.84871691317225,-1.50999644303631,7.71995658926955));
#9931=CARTESIAN_POINT('Origin',(-1.79786261165325,-1.19999652545031,7.73995699634656));
#9932=CARTESIAN_POINT('',(-1.81244955029525,-1.50999644168601,7.75364177456545));
#9933=CARTESIAN_POINT('',(-1.81244867044925,-1.19999644168881,7.75364081484836));
#9934=CARTESIAN_POINT('Origin',(-1.79786349149925,-1.50999652544751,7.73995795606365));
#9935=CARTESIAN_POINT('Origin',(-2.07499772877926,-1.19999493398152,7.99994954788106));
#9936=CARTESIAN_POINT('Origin',(-2.07499860862426,-1.50999493397872,7.99995050759813));
#9937=CARTESIAN_POINT('Origin',(1.12499999948324,-2.00000401598262,8.00003803094313));
#9938=CARTESIAN_POINT('',(1.12500855840475,-1.92000497572411,7.69003778338771));
#9939=CARTESIAN_POINT('Origin',(1.12500022654014,-1.92000401598332,8.0000377832742));
#9940=CARTESIAN_POINT('',(1.12500833134789,-2.00000497572334,7.69003803105658));
#9941=CARTESIAN_POINT('Origin',(1.12500022654014,-1.92000401598332,8.0000377832742));
#9942=CARTESIAN_POINT('',(1.12500667701595,-1.92000475900841,7.76003778336201));
#9943=CARTESIAN_POINT('Origin',(1.12500022654014,-1.92000401598332,8.0000377832742));
#9944=CARTESIAN_POINT('Origin',(-0.474999999932385,-1.99999947497852,7.9999950277567));
#9945=CARTESIAN_POINT('',(-0.47499144101088,-1.92000043472001,7.68999478020127));
#9946=CARTESIAN_POINT('Origin',(-0.474999772875527,-1.91999947497922,7.99999478008778));
#9947=CARTESIAN_POINT('',(-0.47499166806774,-2.00000043471924,7.68999502787016));
#9948=CARTESIAN_POINT('Origin',(-0.474999772875527,-1.91999947497922,7.99999478008778));
#9949=CARTESIAN_POINT('',(-0.474993322399669,-1.92000021800431,7.75999478017557));
#9950=CARTESIAN_POINT('Origin',(-0.474999772875527,-1.91999947497922,7.99999478008778));
#9951=CARTESIAN_POINT('Origin',(-1.27499999964026,-1.99999720447652,7.99997352616349));
#9952=CARTESIAN_POINT('',(-1.27499144071875,-1.9199981642179,7.68997327860805));
#9953=CARTESIAN_POINT('Origin',(-1.27499977258336,-1.91999720447722,7.99997327849457));
#9954=CARTESIAN_POINT('',(-1.27499166777561,-1.99999816421724,7.68997352627695));
#9955=CARTESIAN_POINT('Origin',(-1.27499977258336,-1.91999720447722,7.99997327849457));
#9956=CARTESIAN_POINT('',(-1.27499332210755,-1.91999794750221,7.75997327858245));
#9957=CARTESIAN_POINT('Origin',(-1.27499977258336,-1.91999720447722,7.99997327849457));
#9958=CARTESIAN_POINT('Origin',(0.324999999775442,-2.00000174548062,8.00001652934992));
#9959=CARTESIAN_POINT('',(0.32500855869695,-1.92000270522201,7.69001628179449));
#9960=CARTESIAN_POINT('Origin',(0.325000226832343,-1.92000174548132,8.00001628168099));
#9961=CARTESIAN_POINT('',(0.325008331640087,-2.00000270522134,7.69001652946337));
#9962=CARTESIAN_POINT('Origin',(0.325000226832343,-1.92000174548132,8.00001628168099));
#9963=CARTESIAN_POINT('',(0.325006677308149,-1.92000248850641,7.76001628176879));
#9964=CARTESIAN_POINT('Origin',(0.325000226832343,-1.92000174548132,8.00001628168099));
#9965=CARTESIAN_POINT('Origin',(1.92499999919104,-2.00000628648471,8.00005953253634));
#9966=CARTESIAN_POINT('',(1.92500855811255,-1.9200072462261,7.69005928498083));
#9967=CARTESIAN_POINT('Origin',(1.92500022624794,-1.92000628648541,8.00005928486742));
#9968=CARTESIAN_POINT('',(1.92500833105569,-2.00000724622544,7.69005953264979));
#9969=CARTESIAN_POINT('Origin',(1.92500022624794,-1.92000628648541,8.00005928486742));
#9970=CARTESIAN_POINT('',(1.92500667672385,-1.92000702951051,7.76005928495523));
#9971=CARTESIAN_POINT('Origin',(1.92500022624794,-1.92000628648541,8.00005928486742));
#9972=CARTESIAN_POINT('Origin',(2.15128169464335,-2.00000779554231,7.72006561420773));
#9973=CARTESIAN_POINT('Origin',(0.898718304031036,-2.00000250692512,8.2800319492717));
#9974=CARTESIAN_POINT('Origin',(0.55128169522765,-2.00000325453811,7.72002261102129));
#9975=CARTESIAN_POINT('Origin',(-0.701281695384663,-1.99999796592103,8.27998894608526));
#9976=CARTESIAN_POINT('Origin',(-1.04871830418805,-1.99999871353401,7.71997960783495));
#9977=CARTESIAN_POINT('Origin',(-1.50128169509226,-1.99999569541893,8.27996744449204));
#9978=CARTESIAN_POINT('Origin',(-1.84871830389525,-1.99999644303201,7.71995810624173));
#9979=CARTESIAN_POINT('Origin',(0.0987183043232367,-2.00000023642303,8.28001044767848));
#9980=CARTESIAN_POINT('Origin',(-0.248718304480149,-2.00000098403611,7.72000110942817));
#9981=CARTESIAN_POINT('Origin',(1.69871830373884,-2.00000477742713,8.28005345086492));
#9982=CARTESIAN_POINT('Origin',(1.35128169493545,-2.0000055250402,7.72004411261451));
#9983=CARTESIAN_POINT('Origin',(1.52500139006044,-1.51000515123801,8.00004726476758));
#9984=CARTESIAN_POINT('Origin',(-0.0749986093551565,-1.51000061023392,8.00000426158116));
#9985=CARTESIAN_POINT('Origin',(-1.67499860877026,-1.50999606922982,7.99996125839474));
#9986=CARTESIAN_POINT('Origin',(-0.874998609063057,-1.50999833973182,7.99998275998795));
#9987=CARTESIAN_POINT('Origin',(0.725001390352642,-1.51000288073592,8.00002576317437));
#9988=CARTESIAN_POINT('Origin',(2.32500138976834,-1.51000742174002,8.00006876636079));
#9989=CARTESIAN_POINT('Origin',(1.92500226975974,-1.20000628649181,8.00005705584711));
#9990=CARTESIAN_POINT('',(1.92501037456745,-1.2800072462318,7.69005730362945));
#9991=CARTESIAN_POINT('',(1.92501060162439,-1.20000724623254,7.69005705596057));
#9992=CARTESIAN_POINT('Origin',(1.92500204270284,-1.28000628649101,8.00005730351604));
#9993=CARTESIAN_POINT('Origin',(1.92500204270284,-1.28000628649101,8.00005730351604));
#9994=CARTESIAN_POINT('',(1.92500849317875,-1.28000702951611,7.76005730360385));
#9995=CARTESIAN_POINT('Origin',(1.92500204270284,-1.28000628649101,8.00005730351604));
#9996=CARTESIAN_POINT('Origin',(0.325002270344043,-1.20000174548762,8.00001405266069));
#9997=CARTESIAN_POINT('',(0.325010375151849,-1.28000270522771,7.69001430044311));
#9998=CARTESIAN_POINT('',(0.325010602208688,-1.20000270522834,7.69001405277415));
#9999=CARTESIAN_POINT('Origin',(0.325002043287243,-1.28000174548692,8.00001430032961));
#10000=CARTESIAN_POINT('Origin',(0.325002043287243,-1.28000174548692,8.00001430032961));
#10001=CARTESIAN_POINT('',(0.325008493763049,-1.28000248851201,7.76001430041741));
#10002=CARTESIAN_POINT('Origin',(0.325002043287243,-1.28000174548692,8.00001430032961));
#10003=CARTESIAN_POINT('Origin',(-1.27499772907156,-1.19999720448352,7.99997104947427));
#10004=CARTESIAN_POINT('',(-1.27498962426385,-1.2799981642235,7.68997129725667));
#10005=CARTESIAN_POINT('',(-1.27498939720691,-1.19999816422424,7.68997104958772));
#10006=CARTESIAN_POINT('Origin',(-1.27499795612846,-1.27999720448282,7.99997129714319));
#10007=CARTESIAN_POINT('Origin',(-1.27499795612846,-1.27999720448282,7.99997129714319));
#10008=CARTESIAN_POINT('',(-1.27499150565265,-1.27999794750791,7.75997129723107));
#10009=CARTESIAN_POINT('Origin',(-1.27499795612846,-1.27999720448282,7.99997129714319));
#10010=CARTESIAN_POINT('Origin',(-0.474997729363767,-1.19999947498562,7.99999255106748));
#10011=CARTESIAN_POINT('',(-0.47498962455598,-1.28000043472561,7.68999279884989));
#10012=CARTESIAN_POINT('',(-0.474989397499122,-1.20000043472634,7.68999255118093));
#10013=CARTESIAN_POINT('Origin',(-0.474997956420625,-1.27999947498492,7.9999927987364));
#10014=CARTESIAN_POINT('Origin',(-0.474997956420625,-1.27999947498492,7.9999927987364));
#10015=CARTESIAN_POINT('',(-0.474991505944772,-1.28000021801001,7.75999279882419));
#10016=CARTESIAN_POINT('Origin',(-0.474997956420625,-1.27999947498492,7.9999927987364));
#10017=CARTESIAN_POINT('Origin',(1.12500227005194,-1.20000401598972,8.0000355542539));
#10018=CARTESIAN_POINT('',(1.12501037485965,-1.2800049757297,7.69003580203623));
#10019=CARTESIAN_POINT('',(1.12501060191659,-1.20000497573044,7.69003555436736));
#10020=CARTESIAN_POINT('Origin',(1.12500204299504,-1.28000401598902,8.00003580192282));
#10021=CARTESIAN_POINT('Origin',(1.12500204299504,-1.28000401598902,8.00003580192282));
#10022=CARTESIAN_POINT('',(1.12500849347085,-1.28000475901411,7.76003580201063));
#10023=CARTESIAN_POINT('Origin',(1.12500204299504,-1.28000401598902,8.00003580192282));
#10024=CARTESIAN_POINT('Origin',(1.92500113447544,-1.60000628648821,8.00005829419172));
#10025=CARTESIAN_POINT('',(1.9250075849513,-1.60000702951329,7.76005829427956));
#10026=CARTESIAN_POINT('Origin',(1.12500113476754,-1.60000401598622,8.00003679259851));
#10027=CARTESIAN_POINT('',(1.1250075852434,-1.60000475901129,7.76003679268635));
#10028=CARTESIAN_POINT('Origin',(0.325001135059742,-1.60000174548412,8.0000152910053));
#10029=CARTESIAN_POINT('',(0.325007585535597,-1.60000248850919,7.76001529109314));
#10030=CARTESIAN_POINT('Origin',(-0.474998864648078,-1.59999947498202,7.99999378941209));
#10031=CARTESIAN_POINT('',(-0.474992414172223,-1.60000021800709,7.75999378949993));
#10032=CARTESIAN_POINT('Origin',(-1.27499886435596,-1.59999720448002,7.99997228781888));
#10033=CARTESIAN_POINT('',(-1.2749924138801,-1.59999794750509,7.75997228790672));
#10034=CARTESIAN_POINT('Origin',(-2.07499886406326,-1.59999493397802,7.99995078622567));
#10035=CARTESIAN_POINT('',(-2.07499332181485,-1.91999567700019,7.7599517769892));
#10036=CARTESIAN_POINT('Origin',(-2.07499977229026,-1.91999493397512,7.99995177690136));
#10037=CARTESIAN_POINT('',(-2.07499150535995,-1.27999567700589,7.75994979563782));
#10038=CARTESIAN_POINT('',(-2.0749924135874,-1.59999567700309,7.7599507863135));
#10039=CARTESIAN_POINT('Origin',(-2.07499795583626,-1.27999493398082,7.99994979554998));
#10040=CARTESIAN_POINT('Origin',(-2.07499795583626,-1.27999493398082,7.99994979554998));
#10041=CARTESIAN_POINT('',(-2.07498962397147,-1.27999589372154,7.68994979566343));
#10042=CARTESIAN_POINT('Origin',(-2.07499795583626,-1.27999493398082,7.99994979554998));
#10043=CARTESIAN_POINT('Origin',(-2.07499977229026,-1.91999493397522,7.99995177690136));
#10044=CARTESIAN_POINT('',(-2.07499144042575,-1.91999589371594,7.68995177701481));
#10045=CARTESIAN_POINT('Origin',(-2.07499977229026,-1.91999493397522,7.99995177690136));
#10046=CARTESIAN_POINT('Origin',(-2.07499999934725,-1.99999493397442,7.99995202457028));
#10047=CARTESIAN_POINT('',(-2.07499166748261,-1.99999589371514,7.68995202468374));
#10048=CARTESIAN_POINT('Origin',(-2.07499772877926,-1.19999493398152,7.99994954788106));
#10049=CARTESIAN_POINT('',(-2.07498939691461,-1.19999589372224,7.68994954799451));
#10050=CARTESIAN_POINT('Origin',(-2.07499997096526,-1.98999493397452,7.99995199361167));
#10051=CARTESIAN_POINT('Origin',(-2.07499997096526,-1.98999493397452,7.99995199361167));
#10052=CARTESIAN_POINT('Origin',(-2.07499886406326,-1.59999493397802,7.99995078622567));
#10053=CARTESIAN_POINT('Origin',(-2.07499775716126,-1.20999493398142,7.99994957883967));
#10054=CARTESIAN_POINT('Origin',(-2.07499775716126,-1.20999493398142,7.99994957883967));
#10055=CARTESIAN_POINT('Origin',(6.18379502559926,2.97750000000001,7.81156761215676));
#10056=CARTESIAN_POINT('',(6.59829502559926,2.97750000000001,7.81156761215676));
#10057=CARTESIAN_POINT('Origin',(6.18379502559926,2.97750000000001,7.81156761215676));
#10058=CARTESIAN_POINT('',(6.59829502559926,2.73250000000001,7.81156761215676));
#10059=CARTESIAN_POINT('',(6.59829502559926,2.97750000000001,7.81156761215676));
#10060=CARTESIAN_POINT('Origin',(6.18379502559926,2.73250000000001,7.81156761215676));
#10061=CARTESIAN_POINT('Origin',(4.86089757756856,-4.42250000000023,7.66406761344139));
#10062=CARTESIAN_POINT('',(5.12067099505039,-4.42250000000024,7.02656761215675));
#10063=CARTESIAN_POINT('',(6.99999959145761,-4.42250000000024,7.02656761215675));
#10064=CARTESIAN_POINT('',(4.99078428630948,-4.42250000000024,7.02656761215675));
#10065=CARTESIAN_POINT('',(5.12067099505039,-4.42250000000024,7.33744954548244));
#10066=CARTESIAN_POINT('',(5.12067099505039,-4.42250000000024,7.50075857946192));
#10067=CARTESIAN_POINT('',(5.77379502559943,-4.42250000000024,8.57656761434721));
#10068=CARTESIAN_POINT('Origin',(4.27179502549705,-4.42250000000023,8.57656761436144));
#10069=CARTESIAN_POINT('',(6.09999831938823,-4.42250000000024,8.57656761434721));
#10070=CARTESIAN_POINT('',(5.1913463015328,-4.42250000000022,8.57656761434721));
#10071=CARTESIAN_POINT('',(6.99999831938823,-4.42250000000024,7.67656761434721));
#10072=CARTESIAN_POINT('Origin',(6.09999831938823,-4.42250000000023,7.67656761434721));
#10073=CARTESIAN_POINT('',(6.99999833161712,-4.42250000000023,7.67031970703371));
#10074=CARTESIAN_POINT('',(5.77379502559943,-4.42250000000024,7.8115676121568));
#10075=CARTESIAN_POINT('Origin',(6.18379502559943,-4.42250000000023,7.8115676121568));
#10076=CARTESIAN_POINT('Origin',(4.27179502549705,-4.66750000000024,8.57656761436144));
#10077=CARTESIAN_POINT('',(5.12067099505039,2.73249999999976,7.33744954548244));
#10078=CARTESIAN_POINT('',(5.12067099505039,-4.36750000000024,7.33744954548244));
#10079=CARTESIAN_POINT('',(5.77379502559943,2.73249999999976,8.57656761434721));
#10080=CARTESIAN_POINT('Origin',(4.27179502549705,2.73250000000001,8.57656761436144));
#10081=CARTESIAN_POINT('',(5.77379502559943,-4.36750000000023,8.57656761434721));
#10082=CARTESIAN_POINT('Origin',(5.12067099505039,-4.66750000000024,7.33744954548244));
#10083=CARTESIAN_POINT('',(5.12067099505039,2.73250000000001,7.02656761215666));
#10084=CARTESIAN_POINT('',(5.12067099505039,-4.66750000000025,7.02656761215675));
#10085=CARTESIAN_POINT('',(5.12067099505039,2.73250000000001,7.87505016825966));
#10086=CARTESIAN_POINT('Origin',(2.72170012964009,2.97750000000001,6.75156761215676));
#10087=CARTESIAN_POINT('',(2.72179502549698,2.97750000000001,6.75156761215676));
#10088=CARTESIAN_POINT('',(2.72179502549698,1.03374961545431,6.75156761215676));
#10089=CARTESIAN_POINT('',(7.,2.97750000000001,6.75156761215676));
#10090=CARTESIAN_POINT('',(7.,2.97750000000001,6.75156761215676));
#10091=CARTESIAN_POINT('',(7.00000012964015,-4.36750000000024,6.75156761215675));
#10092=CARTESIAN_POINT('',(7.,2.83250000000001,6.75156761215676));
#10093=CARTESIAN_POINT('',(7.00000012964015,-4.66750000000025,6.75156761215676));
#10094=CARTESIAN_POINT('Origin',(2.72179502549698,-4.66750000000025,6.75156761215676));
#10095=CARTESIAN_POINT('',(2.72179502549706,-4.26750000000023,8.57656761399684));
#10096=CARTESIAN_POINT('Origin',(2.72179502549699,-4.26750000000023,8.17656761399684));
#10097=CARTESIAN_POINT('',(2.72179502549706,2.73249999999976,8.57656761399685));
#10098=CARTESIAN_POINT('',(2.72179502549706,-4.66750000000024,8.57656761399685));
#10099=CARTESIAN_POINT('',(2.72179502549705,2.73249999999976,8.32745813234152));
#10100=CARTESIAN_POINT('',(2.72179502549698,2.73249999999976,6.75156761215676));
#10101=CARTESIAN_POINT('',(2.72179502549705,2.75959993362469,8.32745813231714));
#10102=CARTESIAN_POINT('',(2.72179502549705,0.724849390606224,8.32745813231714));
#10103=CARTESIAN_POINT('',(2.72181325330393,2.75959993362469,7.60770974682127));
#10104=CARTESIAN_POINT('',(2.72179502549704,2.75959993362469,8.2726704349772));
#10105=CARTESIAN_POINT('',(2.7218132533069,2.73250000000001,7.60770979160845));
#10106=CARTESIAN_POINT('',(2.7218132533206,2.66975082612359,7.60770989531198));
#10107=CARTESIAN_POINT('',(2.72179502549701,2.73250000000001,7.46979457417292));
#10108=CARTESIAN_POINT('',(2.72198647424944,2.73250000000001,8.91833372824552));
#10109=CARTESIAN_POINT('',(2.72179502549701,2.97750000000001,7.46979457418294));
#10110=CARTESIAN_POINT('',(2.72179502549701,1.03374961545431,7.46979457418211));
#10111=CARTESIAN_POINT('',(2.72179502549705,2.97750000000001,8.4126507910369));
#10112=CARTESIAN_POINT('Origin',(4.35000012964009,2.97750000000001,9.42373396991701));
#10113=CARTESIAN_POINT('',(4.48000016334651,2.97750000000001,10.0606012961603));
#10114=CARTESIAN_POINT('',(4.48000016334651,2.73250000000001,10.0606012961603));
#10115=CARTESIAN_POINT('',(4.48000016334651,2.97750000000001,10.0606012961603));
#10116=CARTESIAN_POINT('',(3.70000012964009,2.97750000000001,9.42373396991701));
#10117=CARTESIAN_POINT('Origin',(4.35000012964009,2.97750000000001,9.42373396991701));
#10118=CARTESIAN_POINT('',(3.70000012964009,2.73250000000001,9.42373396991701));
#10119=CARTESIAN_POINT('',(3.70000012964009,2.97750000000001,9.42373396991701));
#10120=CARTESIAN_POINT('Origin',(4.35000012964009,2.73250000000001,9.42373396991701));
#10121=CARTESIAN_POINT('Origin',(3.70000012964009,2.97750000000001,9.42373396991701));
#10122=CARTESIAN_POINT('',(3.57194093703369,2.73250000000001,9.42373396991701));
#10123=CARTESIAN_POINT('',(3.57194093703369,2.97750000000001,9.42373396991701));
#10124=CARTESIAN_POINT('',(3.57194093703369,2.97750000000001,9.42373396991701));
#10125=CARTESIAN_POINT('',(4.28042509723007,2.73250000000001,9.42373396991701));
#10126=CARTESIAN_POINT('',(2.72205327137085,2.97750000000001,9.423733969917));
#10127=CARTESIAN_POINT('Origin',(7.,2.97750000000001,6.75156761215676));
#10128=CARTESIAN_POINT('',(7.00000012964015,2.97749999999975,7.02656761215666));
#10129=CARTESIAN_POINT('',(7.,2.97750000000001,6.97424425359651));
#10130=CARTESIAN_POINT('',(6.99999959145761,-4.36750000000024,7.02656761215675));
#10131=CARTESIAN_POINT('',(7.00000012964015,-4.66750000000025,7.02656761215675));
#10132=CARTESIAN_POINT('',(7.00000012964015,-4.36750000000024,6.75156761215675));
#10133=CARTESIAN_POINT('Origin',(3.85,2.97750000000001,6.9742442535965));
#10134=CARTESIAN_POINT('',(6.99956540909202,2.73250000000001,7.02656761215666));
#10135=CARTESIAN_POINT('',(6.99956540909202,2.97749999999975,7.02656761215666));
#10136=CARTESIAN_POINT('',(6.99956540909202,2.97750000000001,7.02656761215666));
#10137=CARTESIAN_POINT('Origin',(3.85,2.97750000000001,6.9742442535965));
#10138=CARTESIAN_POINT('Origin',(3.85,2.73250000000001,6.9742442535965));
#10139=CARTESIAN_POINT('Origin',(4.27179502549705,2.97750000000001,8.57656761436144));
#10140=CARTESIAN_POINT('',(4.67179503070225,2.73250000000001,8.57656761436144));
#10141=CARTESIAN_POINT('Origin',(4.27179502549705,2.73250000000001,8.57656761436144));
#10142=CARTESIAN_POINT('',(4.67179503070225,2.97750000000001,8.57656761436144));
#10143=CARTESIAN_POINT('',(4.67179503070225,2.97750000000001,8.57656761436144));
#10144=CARTESIAN_POINT('Origin',(4.27179502549705,2.97750000000001,8.57656761436144));
#10145=CARTESIAN_POINT('Origin',(2.72179502549706,-4.66750000000024,8.57656761399685));
#10146=CARTESIAN_POINT('',(3.79134630153282,-4.26750000000023,8.57656761399683));
#10147=CARTESIAN_POINT('',(2.72194566030491,2.73249999999976,8.57656761399676));
#10148=CARTESIAN_POINT('',(3.79132254515856,2.73250000000001,8.57656761399683));
#10149=CARTESIAN_POINT('',(3.79132254515856,2.73250000000001,8.57656761399683));
#10150=CARTESIAN_POINT('Origin',(5.52179502549704,-4.66750000000024,8.57656761434721));
#10151=CARTESIAN_POINT('',(6.09999831938823,-4.66750000000024,8.57656761434722));
#10152=CARTESIAN_POINT('',(5.19132254515855,2.73250000000001,8.57656761434721));
#10153=CARTESIAN_POINT('Origin',(6.09999831938823,-4.66750000000024,7.67656761434721));
#10154=CARTESIAN_POINT('',(6.99999831938823,-4.66750000000024,7.67656761434721));
#10155=CARTESIAN_POINT('Origin',(6.18379502559943,-4.66750000000024,7.8115676121568));
#10156=CARTESIAN_POINT('',(5.77379502559943,-4.66750000000024,7.8115676121568));
#10157=CARTESIAN_POINT('Origin',(5.12067099505039,-4.66750000000025,7.02656761215675));
#10158=CARTESIAN_POINT('',(6.99999959145762,-4.51750000000024,7.02656761215675));
#10159=CARTESIAN_POINT('',(7.00000012964015,2.97749999999975,7.02656761215666));
#10160=CARTESIAN_POINT('',(4.99076052993522,2.73250000000001,7.02656761215666));
#10161=CARTESIAN_POINT('Origin',(4.2477950255482,2.73249999999976,7.6640676134414));
#10162=CARTESIAN_POINT('',(2.72182495329386,2.73250000000001,7.69623420868902));
#10163=CARTESIAN_POINT('',(2.72180411858441,2.73249999999976,8.13567073424516));
#10164=CARTESIAN_POINT('',(2.72194094445762,2.73250000000001,8.57384631167711));
#10165=CARTESIAN_POINT('Origin',(3.57194093703369,2.73249999999976,8.573733969917));
#10166=CARTESIAN_POINT('',(2.72198647424944,2.73250000000001,8.91833372824552));
#10167=CARTESIAN_POINT('Origin',(4.86085006482005,2.73250000000001,8.41265079103688));
#10168=CARTESIAN_POINT('Origin',(3.57194093703369,2.73250000000001,8.573733969917));
#10169=CARTESIAN_POINT('',(4.44679502559926,2.73250000000001,7.72656761215676));
#10170=CARTESIAN_POINT('Origin',(4.27179502191853,2.73250000000001,7.72656761215676));
#10171=CARTESIAN_POINT('',(4.44679502895066,2.73250000000001,9.42656761645033));
#10172=CARTESIAN_POINT('Origin',(4.27179502191853,2.73250000000001,9.42656761645033));
#10173=CARTESIAN_POINT('Origin',(3.57194093703369,2.97750000000001,8.573733969917));
#10174=CARTESIAN_POINT('',(2.72194094445762,2.97750000000001,8.57384631167711));
#10175=CARTESIAN_POINT('Origin',(3.57194093703369,2.97750000000001,8.573733969917));
#10176=CARTESIAN_POINT('',(2.72194094445762,2.97750000000001,8.57384631167711));
#10177=CARTESIAN_POINT('Origin',(3.79134630153281,-4.26750000000023,8.17656761399683));
#10178=CARTESIAN_POINT('Origin',(6.9999983193898,-4.66750000000024,7.67656761434721));
#10179=CARTESIAN_POINT('Origin',(4.27179502191853,2.97750000000001,9.42656761645033));
#10180=CARTESIAN_POINT('',(4.44679502895066,2.77750000000001,9.42656761645033));
#10181=CARTESIAN_POINT('',(4.44679502895066,2.97750000000001,9.42656761645033));
#10182=CARTESIAN_POINT('',(4.27179502191853,2.77750000000001,9.60156762348247));
#10183=CARTESIAN_POINT('Origin',(4.27179502191853,2.77750000000001,9.42656761645033));
#10184=CARTESIAN_POINT('Origin',(4.27179502191853,2.77750000000001,9.42656761645033));
#10185=CARTESIAN_POINT('Origin',(4.27179502191853,2.77750000000001,9.42656761645033));
#10186=CARTESIAN_POINT('',(4.27179502191853,2.97750000000001,9.80156762348247));
#10187=CARTESIAN_POINT('Origin',(4.27179502191853,2.97750000000001,9.42656761645033));
#10188=CARTESIAN_POINT('Origin',(4.27179502191853,2.77750000000001,9.80156762348247));
#10189=CARTESIAN_POINT('Origin',(4.27179502191853,2.97750000000001,7.72656761215676));
#10190=CARTESIAN_POINT('',(4.44679502559926,2.77750000000001,7.72656761215676));
#10191=CARTESIAN_POINT('',(4.44679502559926,2.97750000000001,7.72656761215676));
#10192=CARTESIAN_POINT('',(4.27179502191853,2.77750000000001,7.90156761583749));
#10193=CARTESIAN_POINT('Origin',(4.27179502191853,2.77750000000001,7.72656761215676));
#10194=CARTESIAN_POINT('Origin',(4.27179502191853,2.77750000000001,7.72656761215676));
#10195=CARTESIAN_POINT('Origin',(4.27179502191853,2.77750000000001,7.72656761215676));
#10196=CARTESIAN_POINT('',(4.27179502191853,2.97750000000001,8.10156761583749));
#10197=CARTESIAN_POINT('Origin',(4.27179502191853,2.97750000000001,7.72656761215676));
#10198=CARTESIAN_POINT('Origin',(4.27179502191853,2.77750000000001,8.10156761583749));
#10199=CARTESIAN_POINT('Origin',(2.72178175535146,2.35969955030383,8.6073462047727));
#10200=CARTESIAN_POINT('',(2.72182495329386,2.75959993362469,7.6962342087099));
#10201=CARTESIAN_POINT('',(2.72182495329386,2.66859977515192,7.69623420869019));
#10202=CARTESIAN_POINT('',(2.72179300696872,2.75959993362469,8.37003204372525));
#10203=CARTESIAN_POINT('Origin',(2.13537958066651,2.75959993362469,8.1326900789176));
#10204=CARTESIAN_POINT('',(2.72196794969281,2.75959993362469,8.77817326630835));
#10205=CARTESIAN_POINT('Origin',(2.72205327137085,2.97750000000001,9.423733969917));
#10206=CARTESIAN_POINT('',(2.72205327137085,2.97750000000001,9.423733969917));
#10207=CARTESIAN_POINT('Origin',(4.86085006482005,2.97750000000001,8.41265079103688));
#10208=CARTESIAN_POINT('',(50.,-75.,0.));
#10209=CARTESIAN_POINT('',(18.,0.,0.));
#10210=UNCERTAINTY_MEASURE_WITH_UNIT(LENGTH_MEASURE(0.001),#10220,
'DISTANCE_ACCURACY_VALUE',
'Maximum model space distance between geometric entities at asserted c
onnectivities');
#10211=UNCERTAINTY_MEASURE_WITH_UNIT(LENGTH_MEASURE(0.001),#10220,
'DISTANCE_ACCURACY_VALUE',
'Maximum model space distance between geometric entities at asserted c
onnectivities');
#10212=UNCERTAINTY_MEASURE_WITH_UNIT(LENGTH_MEASURE(0.001),#10220,
'DISTANCE_ACCURACY_VALUE',
'Maximum model space distance between geometric entities at asserted c
onnectivities');
#10213=UNCERTAINTY_MEASURE_WITH_UNIT(LENGTH_MEASURE(0.001),#10220,
'DISTANCE_ACCURACY_VALUE',
'Maximum model space distance between geometric entities at asserted c
onnectivities');
#10214=UNCERTAINTY_MEASURE_WITH_UNIT(LENGTH_MEASURE(0.001),#10220,
'DISTANCE_ACCURACY_VALUE',
'Maximum model space distance between geometric entities at asserted c
onnectivities');
#10215=(
GEOMETRIC_REPRESENTATION_CONTEXT(3)
GLOBAL_UNCERTAINTY_ASSIGNED_CONTEXT((#10210))
GLOBAL_UNIT_ASSIGNED_CONTEXT((#10220,#10222,#10223))
REPRESENTATION_CONTEXT('','3D')
);
#10216=(
GEOMETRIC_REPRESENTATION_CONTEXT(3)
GLOBAL_UNCERTAINTY_ASSIGNED_CONTEXT((#10211))
GLOBAL_UNIT_ASSIGNED_CONTEXT((#10220,#10222,#10223))
REPRESENTATION_CONTEXT('','3D')
);
#10217=(
GEOMETRIC_REPRESENTATION_CONTEXT(3)
GLOBAL_UNCERTAINTY_ASSIGNED_CONTEXT((#10212))
GLOBAL_UNIT_ASSIGNED_CONTEXT((#10220,#10222,#10223))
REPRESENTATION_CONTEXT('','3D')
);
#10218=(
GEOMETRIC_REPRESENTATION_CONTEXT(3)
GLOBAL_UNCERTAINTY_ASSIGNED_CONTEXT((#10213))
GLOBAL_UNIT_ASSIGNED_CONTEXT((#10220,#10222,#10223))
REPRESENTATION_CONTEXT('','3D')
);
#10219=(
GEOMETRIC_REPRESENTATION_CONTEXT(3)
GLOBAL_UNCERTAINTY_ASSIGNED_CONTEXT((#10214))
GLOBAL_UNIT_ASSIGNED_CONTEXT((#10220,#10222,#10223))
REPRESENTATION_CONTEXT('','3D')
);
#10220=(
LENGTH_UNIT()
NAMED_UNIT(*)
SI_UNIT(.CENTI.,.METRE.)
);
#10221=(
LENGTH_UNIT()
NAMED_UNIT(*)
SI_UNIT($,.METRE.)
);
#10222=(
NAMED_UNIT(*)
PLANE_ANGLE_UNIT()
SI_UNIT($,.RADIAN.)
);
#10223=(
NAMED_UNIT(*)
SI_UNIT($,.STERADIAN.)
SOLID_ANGLE_UNIT()
);
#10224=SHAPE_DEFINITION_REPRESENTATION(#10228,#10235);
#10225=SHAPE_DEFINITION_REPRESENTATION(#10229,#10236);
#10226=SHAPE_DEFINITION_REPRESENTATION(#10230,#10237);
#10227=SHAPE_DEFINITION_REPRESENTATION(#10231,#10238);
#10228=PRODUCT_DEFINITION_SHAPE('',$,#10240);
#10229=PRODUCT_DEFINITION_SHAPE('',$,#10241);
#10230=PRODUCT_DEFINITION_SHAPE('',$,#10242);
#10231=PRODUCT_DEFINITION_SHAPE('',$,#10243);
#10232=PRODUCT_DEFINITION_SHAPE($,$,#5786);
#10233=PRODUCT_DEFINITION_SHAPE($,$,#5787);
#10234=PRODUCT_DEFINITION_SHAPE($,$,#5788);
#10235=SHAPE_REPRESENTATION('',(#5812,#6562,#6563),#10215);
#10236=SHAPE_REPRESENTATION('',(#5813),#10216);
#10237=SHAPE_REPRESENTATION('',(#5814,#5816),#10217);
#10238=SHAPE_REPRESENTATION('',(#5815),#10218);
#10239=PRODUCT_DEFINITION_CONTEXT('part definition',#10253,'design');
#10240=PRODUCT_DEFINITION('MotorMountV1 (v9~recovered)',
'MotorMountV1 (v9~recovered)',#10244,#10239);
#10241=PRODUCT_DEFINITION('AngleBeam v2','AngleBeam v2',#10245,#10239);
#10242=PRODUCT_DEFINITION('LEGO Technic beam- 199 Dark Stone Grey',
'LEGO Technic beam- 199 Dark Stone Grey v2 v1',#10246,#10239);
#10243=PRODUCT_DEFINITION('7M Beam 4495931/32524',
'7M Beam 4495931/32524',#10247,#10239);
#10244=PRODUCT_DEFINITION_FORMATION('',$,#10255);
#10245=PRODUCT_DEFINITION_FORMATION('',$,#10256);
#10246=PRODUCT_DEFINITION_FORMATION('',$,#10257);
#10247=PRODUCT_DEFINITION_FORMATION('',$,#10258);
#10248=PRODUCT_RELATED_PRODUCT_CATEGORY('MotorMountV1 (v9~recovered)',
'MotorMountV1 (v9~recovered)',(#10255));
#10249=PRODUCT_RELATED_PRODUCT_CATEGORY('AngleBeam v2','AngleBeam v2',(#10256));
#10250=PRODUCT_RELATED_PRODUCT_CATEGORY(
'LEGO Technic beam- 199 Dark Stone Grey v2 v1',
'LEGO Technic beam- 199 Dark Stone Grey v2 v1',(#10257));
#10251=PRODUCT_RELATED_PRODUCT_CATEGORY('7M Beam 4495931/32524',
'7M Beam 4495931/32524',(#10258));
#10252=APPLICATION_PROTOCOL_DEFINITION('international standard',
'automotive_design',2009,#10253);
#10253=APPLICATION_CONTEXT(
'Core Data for Automotive Mechanical Design Process');
#10254=PRODUCT_CONTEXT('part definition',#10253,'mechanical');
#10255=PRODUCT('MotorMountV1 (v9~recovered)',
'MotorMountV1 (v9~recovered)',$,(#10254));
#10256=PRODUCT('AngleBeam v2','AngleBeam v2',$,(#10254));
#10257=PRODUCT('LEGO Technic beam- 199 Dark Stone Grey',
'LEGO Technic beam- 199 Dark Stone Grey v2 v1',$,(#10254));
#10258=PRODUCT('7M Beam 4495931/32524','7M Beam 4495931/32524',$,(#10254));
#10259=PRESENTATION_STYLE_ASSIGNMENT((#10260));
#10260=SURFACE_STYLE_USAGE(.BOTH.,#10261);
#10261=SURFACE_SIDE_STYLE('',(#10262));
#10262=SURFACE_STYLE_FILL_AREA(#10263);
#10263=FILL_AREA_STYLE('Steel - Satin',(#10264));
#10264=FILL_AREA_STYLE_COLOUR('Steel - Satin',#10265);
#10265=COLOUR_RGB('Steel - Satin',0.627450980392157,0.627450980392157,0.627450980392157);
ENDSEC;
END-ISO-10303-21;
