ISO-10303-21;
HEADER;
/* Generated by software containing ST-Developer
 * from STEP Tools, Inc. (www.steptools.com) 
 */

FILE_DESCRIPTION(
/* description */ (''),
/* implementation_level */ '2;1');

FILE_NAME(
/* name */ 'MotorMountV4.step',
/* time_stamp */ '2026-08-28T13:32:06+07:00',
/* author */ (''),
/* organization */ (''),
/* preprocessor_version */ 'ST-DEVELOPER v20.1',
/* originating_system */ 'Autodesk Translation Framework v15.8.0.0',
/* authorisation */ '');

FILE_SCHEMA (('AUTOMOTIVE_DESIGN { 1 0 10303 214 3 1 1 }'));
ENDSEC;

DATA;
#10=MECHANICAL_DESIGN_GEOMETRIC_PRESENTATION_REPRESENTATION('',(#13),#7935);
#11=SHAPE_REPRESENTATION_RELATIONSHIP('SRR','None',#7941,#12);
#12=ADVANCED_BREP_SHAPE_REPRESENTATION('',(#14),#7934);
#13=STYLED_ITEM('',(#7950),#14);
#14=MANIFOLD_SOLID_BREP('Body1',#4550);
#15=TOROIDAL_SURFACE('',#4620,0.35,0.01);
#16=TOROIDAL_SURFACE('',#4627,0.35,0.01);
#17=TOROIDAL_SURFACE('',#4904,0.375000126212598,0.2);
#18=TOROIDAL_SURFACE('',#4914,0.375000051861051,0.2);
#19=TOROIDAL_SURFACE('',#4998,0.35,0.01);
#20=TOROIDAL_SURFACE('',#5005,0.35,0.01);
#21=FACE_BOUND('',#823,.T.);
#22=FACE_BOUND('',#824,.T.);
#23=FACE_BOUND('',#825,.T.);
#24=FACE_BOUND('',#826,.T.);
#25=FACE_BOUND('',#827,.T.);
#26=FACE_BOUND('',#828,.T.);
#27=FACE_BOUND('',#831,.T.);
#28=FACE_BOUND('',#832,.T.);
#29=FACE_BOUND('',#833,.T.);
#30=FACE_BOUND('',#834,.T.);
#31=FACE_BOUND('',#835,.T.);
#32=FACE_BOUND('',#836,.T.);
#33=FACE_BOUND('',#891,.T.);
#34=FACE_BOUND('',#894,.T.);
#35=FACE_BOUND('',#897,.T.);
#36=FACE_BOUND('',#909,.T.);
#37=FACE_BOUND('',#912,.T.);
#38=FACE_BOUND('',#915,.T.);
#39=FACE_BOUND('',#935,.T.);
#40=FACE_BOUND('',#938,.T.);
#41=FACE_BOUND('',#941,.T.);
#42=FACE_BOUND('',#944,.T.);
#43=FACE_BOUND('',#947,.T.);
#44=FACE_BOUND('',#950,.T.);
#45=FACE_BOUND('',#953,.T.);
#46=FACE_BOUND('',#964,.T.);
#47=FACE_BOUND('',#967,.T.);
#48=FACE_BOUND('',#970,.T.);
#49=FACE_BOUND('',#973,.T.);
#50=FACE_BOUND('',#984,.T.);
#51=FACE_BOUND('',#987,.T.);
#52=FACE_BOUND('',#990,.T.);
#53=FACE_BOUND('',#993,.T.);
#54=FACE_BOUND('',#996,.T.);
#55=FACE_BOUND('',#997,.T.);
#56=FACE_BOUND('',#1000,.T.);
#57=FACE_BOUND('',#1001,.T.);
#58=FACE_BOUND('',#1002,.T.);
#59=FACE_BOUND('',#1003,.T.);
#60=FACE_BOUND('',#1005,.T.);
#61=FACE_BOUND('',#1008,.T.);
#62=FACE_BOUND('',#1009,.T.);
#63=FACE_BOUND('',#1010,.T.);
#64=FACE_BOUND('',#1011,.T.);
#65=FACE_BOUND('',#1016,.T.);
#66=FACE_BOUND('',#1017,.T.);
#67=FACE_BOUND('',#1018,.T.);
#68=FACE_BOUND('',#1019,.T.);
#69=FACE_BOUND('',#1024,.T.);
#70=FACE_BOUND('',#1029,.T.);
#71=FACE_BOUND('',#1030,.T.);
#72=FACE_BOUND('',#1031,.T.);
#73=FACE_BOUND('',#1032,.T.);
#74=FACE_BOUND('',#1058,.T.);
#75=FACE_BOUND('',#1059,.T.);
#76=FACE_BOUND('',#1060,.T.);
#77=FACE_BOUND('',#1061,.T.);
#78=FACE_BOUND('',#1062,.T.);
#79=FACE_BOUND('',#1063,.T.);
#80=FACE_BOUND('',#1064,.T.);
#81=FACE_BOUND('',#1069,.T.);
#82=FACE_BOUND('',#1070,.T.);
#83=FACE_BOUND('',#1071,.T.);
#84=FACE_BOUND('',#1072,.T.);
#85=FACE_BOUND('',#1073,.T.);
#86=FACE_BOUND('',#1074,.T.);
#87=FACE_BOUND('',#1077,.T.);
#88=FACE_BOUND('',#1078,.T.);
#89=FACE_BOUND('',#1079,.T.);
#90=FACE_BOUND('',#1080,.T.);
#91=FACE_BOUND('',#1081,.T.);
#92=FACE_BOUND('',#1082,.T.);
#93=FACE_BOUND('',#1137,.T.);
#94=FACE_BOUND('',#1140,.T.);
#95=FACE_BOUND('',#1143,.T.);
#96=FACE_BOUND('',#1155,.T.);
#97=FACE_BOUND('',#1158,.T.);
#98=FACE_BOUND('',#1161,.T.);
#99=CYLINDRICAL_SURFACE('',#4565,0.01);
#100=CYLINDRICAL_SURFACE('',#4594,0.01);
#101=CYLINDRICAL_SURFACE('',#4623,0.36);
#102=CYLINDRICAL_SURFACE('',#4625,0.01);
#103=CYLINDRICAL_SURFACE('',#4629,0.01);
#104=CYLINDRICAL_SURFACE('',#4630,0.02);
#105=CYLINDRICAL_SURFACE('',#4632,0.36);
#106=CYLINDRICAL_SURFACE('',#4634,0.02);
#107=CYLINDRICAL_SURFACE('',#4640,0.36);
#108=CYLINDRICAL_SURFACE('',#4641,0.02);
#109=CYLINDRICAL_SURFACE('',#4643,0.36);
#110=CYLINDRICAL_SURFACE('',#4645,0.02);
#111=CYLINDRICAL_SURFACE('',#4651,0.36);
#112=CYLINDRICAL_SURFACE('',#4652,0.02);
#113=CYLINDRICAL_SURFACE('',#4654,0.36);
#114=CYLINDRICAL_SURFACE('',#4656,0.02);
#115=CYLINDRICAL_SURFACE('',#4662,0.36);
#116=CYLINDRICAL_SURFACE('',#4663,0.02);
#117=CYLINDRICAL_SURFACE('',#4664,0.02);
#118=CYLINDRICAL_SURFACE('',#4665,0.02);
#119=CYLINDRICAL_SURFACE('',#4666,0.02);
#120=CYLINDRICAL_SURFACE('',#4667,0.02);
#121=CYLINDRICAL_SURFACE('',#4668,0.02);
#122=CYLINDRICAL_SURFACE('',#4669,0.02);
#123=CYLINDRICAL_SURFACE('',#4672,0.02);
#124=CYLINDRICAL_SURFACE('',#4674,0.36);
#125=CYLINDRICAL_SURFACE('',#4676,0.02);
#126=CYLINDRICAL_SURFACE('',#4679,0.02);
#127=CYLINDRICAL_SURFACE('',#4681,0.36);
#128=CYLINDRICAL_SURFACE('',#4683,0.02);
#129=CYLINDRICAL_SURFACE('',#4686,0.02);
#130=CYLINDRICAL_SURFACE('',#4688,0.36);
#131=CYLINDRICAL_SURFACE('',#4690,0.02);
#132=CYLINDRICAL_SURFACE('',#4692,0.36);
#133=CYLINDRICAL_SURFACE('',#4694,0.02);
#134=CYLINDRICAL_SURFACE('',#4697,0.02);
#135=CYLINDRICAL_SURFACE('',#4699,0.36);
#136=CYLINDRICAL_SURFACE('',#4701,0.02);
#137=CYLINDRICAL_SURFACE('',#4704,0.02);
#138=CYLINDRICAL_SURFACE('',#4706,0.36);
#139=CYLINDRICAL_SURFACE('',#4708,0.02);
#140=CYLINDRICAL_SURFACE('',#4711,0.31);
#141=CYLINDRICAL_SURFACE('',#4715,0.31);
#142=CYLINDRICAL_SURFACE('',#4719,0.31);
#143=CYLINDRICAL_SURFACE('',#4732,0.31);
#144=CYLINDRICAL_SURFACE('',#4736,0.31);
#145=CYLINDRICAL_SURFACE('',#4740,0.31);
#146=CYLINDRICAL_SURFACE('',#4744,0.24);
#147=CYLINDRICAL_SURFACE('',#4745,0.24);
#148=CYLINDRICAL_SURFACE('',#4746,0.24);
#149=CYLINDRICAL_SURFACE('',#4747,0.239999999999033);
#150=CYLINDRICAL_SURFACE('',#4751,0.239999999999033);
#151=CYLINDRICAL_SURFACE('',#4755,0.239999999999033);
#152=CYLINDRICAL_SURFACE('',#4759,0.239999999999033);
#153=CYLINDRICAL_SURFACE('',#4763,0.239999999999033);
#154=CYLINDRICAL_SURFACE('',#4767,0.239999999999033);
#155=CYLINDRICAL_SURFACE('',#4771,0.239999999999033);
#156=CYLINDRICAL_SURFACE('',#4775,0.309999999998752);
#157=CYLINDRICAL_SURFACE('',#4779,0.309999999998752);
#158=CYLINDRICAL_SURFACE('',#4783,0.309999999998752);
#159=CYLINDRICAL_SURFACE('',#4787,0.309999999998752);
#160=CYLINDRICAL_SURFACE('',#4791,0.309999999998752);
#161=CYLINDRICAL_SURFACE('',#4795,0.309999999998752);
#162=CYLINDRICAL_SURFACE('',#4799,0.309999999998752);
#163=CYLINDRICAL_SURFACE('',#4803,0.239999999999034);
#164=CYLINDRICAL_SURFACE('',#4807,0.239999999999034);
#165=CYLINDRICAL_SURFACE('',#4811,0.239999999999034);
#166=CYLINDRICAL_SURFACE('',#4815,0.239999999999034);
#167=CYLINDRICAL_SURFACE('',#4819,0.309999999998752);
#168=CYLINDRICAL_SURFACE('',#4823,0.309999999998752);
#169=CYLINDRICAL_SURFACE('',#4827,0.309999999998752);
#170=CYLINDRICAL_SURFACE('',#4831,0.309999999998752);
#171=CYLINDRICAL_SURFACE('',#4835,0.239999999999034);
#172=CYLINDRICAL_SURFACE('',#4839,0.239999999999034);
#173=CYLINDRICAL_SURFACE('',#4843,0.239999999999034);
#174=CYLINDRICAL_SURFACE('',#4847,0.239999999999034);
#175=CYLINDRICAL_SURFACE('',#4851,0.309999999998752);
#176=CYLINDRICAL_SURFACE('',#4855,0.309999999998752);
#177=CYLINDRICAL_SURFACE('',#4859,0.309999999998752);
#178=CYLINDRICAL_SURFACE('',#4863,0.309999999998752);
#179=CYLINDRICAL_SURFACE('',#4890,0.449999999999998);
#180=CYLINDRICAL_SURFACE('',#4892,0.450000000000001);
#181=CYLINDRICAL_SURFACE('',#4894,0.450000000000002);
#182=CYLINDRICAL_SURFACE('',#4896,0.350000000000003);
#183=CYLINDRICAL_SURFACE('',#4913,0.175000126212598);
#184=CYLINDRICAL_SURFACE('',#4918,0.175000051861051);
#185=CYLINDRICAL_SURFACE('',#4920,0.414999999999999);
#186=CYLINDRICAL_SURFACE('',#4926,1.25000012959904);
#187=CYLINDRICAL_SURFACE('',#4935,1.25000012959904);
#188=CYLINDRICAL_SURFACE('',#4936,1.5020028898328);
#189=CYLINDRICAL_SURFACE('',#4938,0.399999975326264);
#190=CYLINDRICAL_SURFACE('',#4939,0.414999999999999);
#191=CYLINDRICAL_SURFACE('',#4943,0.01);
#192=CYLINDRICAL_SURFACE('',#4972,0.01);
#193=CYLINDRICAL_SURFACE('',#5001,0.36);
#194=CYLINDRICAL_SURFACE('',#5003,0.01);
#195=CYLINDRICAL_SURFACE('',#5007,0.01);
#196=CYLINDRICAL_SURFACE('',#5008,0.02);
#197=CYLINDRICAL_SURFACE('',#5010,0.36);
#198=CYLINDRICAL_SURFACE('',#5012,0.02);
#199=CYLINDRICAL_SURFACE('',#5018,0.36);
#200=CYLINDRICAL_SURFACE('',#5019,0.02);
#201=CYLINDRICAL_SURFACE('',#5021,0.36);
#202=CYLINDRICAL_SURFACE('',#5023,0.02);
#203=CYLINDRICAL_SURFACE('',#5029,0.36);
#204=CYLINDRICAL_SURFACE('',#5030,0.02);
#205=CYLINDRICAL_SURFACE('',#5032,0.36);
#206=CYLINDRICAL_SURFACE('',#5034,0.02);
#207=CYLINDRICAL_SURFACE('',#5040,0.36);
#208=CYLINDRICAL_SURFACE('',#5041,0.02);
#209=CYLINDRICAL_SURFACE('',#5042,0.02);
#210=CYLINDRICAL_SURFACE('',#5043,0.02);
#211=CYLINDRICAL_SURFACE('',#5044,0.02);
#212=CYLINDRICAL_SURFACE('',#5045,0.02);
#213=CYLINDRICAL_SURFACE('',#5046,0.02);
#214=CYLINDRICAL_SURFACE('',#5047,0.02);
#215=CYLINDRICAL_SURFACE('',#5050,0.02);
#216=CYLINDRICAL_SURFACE('',#5052,0.36);
#217=CYLINDRICAL_SURFACE('',#5054,0.02);
#218=CYLINDRICAL_SURFACE('',#5057,0.02);
#219=CYLINDRICAL_SURFACE('',#5059,0.36);
#220=CYLINDRICAL_SURFACE('',#5061,0.02);
#221=CYLINDRICAL_SURFACE('',#5064,0.02);
#222=CYLINDRICAL_SURFACE('',#5066,0.36);
#223=CYLINDRICAL_SURFACE('',#5068,0.02);
#224=CYLINDRICAL_SURFACE('',#5070,0.36);
#225=CYLINDRICAL_SURFACE('',#5072,0.02);
#226=CYLINDRICAL_SURFACE('',#5075,0.02);
#227=CYLINDRICAL_SURFACE('',#5077,0.36);
#228=CYLINDRICAL_SURFACE('',#5079,0.02);
#229=CYLINDRICAL_SURFACE('',#5082,0.02);
#230=CYLINDRICAL_SURFACE('',#5084,0.36);
#231=CYLINDRICAL_SURFACE('',#5086,0.02);
#232=CYLINDRICAL_SURFACE('',#5089,0.31);
#233=CYLINDRICAL_SURFACE('',#5093,0.31);
#234=CYLINDRICAL_SURFACE('',#5097,0.31);
#235=CYLINDRICAL_SURFACE('',#5110,0.31);
#236=CYLINDRICAL_SURFACE('',#5114,0.31);
#237=CYLINDRICAL_SURFACE('',#5118,0.31);
#238=CYLINDRICAL_SURFACE('',#5122,0.24);
#239=CYLINDRICAL_SURFACE('',#5123,0.24);
#240=CYLINDRICAL_SURFACE('',#5124,0.24);
#241=ELLIPSE('',#4560,0.0143602563199333,0.01);
#242=ELLIPSE('',#4561,0.0143602563199333,0.01);
#243=ELLIPSE('',#4562,0.0143602563199333,0.01);
#244=ELLIPSE('',#4563,0.0143602563199333,0.01);
#245=CIRCLE('',#4554,0.0100000000005017);
#246=CIRCLE('',#4555,0.0100000000005017);
#247=CIRCLE('',#4556,0.0100000000005017);
#248=CIRCLE('',#4557,0.0100000000005017);
#249=CIRCLE('',#4566,0.01);
#250=CIRCLE('',#4568,0.01);
#251=CIRCLE('',#4569,0.01);
#252=CIRCLE('',#4572,0.35);
#253=CIRCLE('',#4573,0.31);
#254=CIRCLE('',#4574,0.31);
#255=CIRCLE('',#4575,0.31);
#256=CIRCLE('',#4576,0.02);
#257=CIRCLE('',#4577,0.36);
#258=CIRCLE('',#4578,0.02);
#259=CIRCLE('',#4579,0.02);
#260=CIRCLE('',#4580,0.36);
#261=CIRCLE('',#4581,0.02);
#262=CIRCLE('',#4582,0.36);
#263=CIRCLE('',#4583,0.02);
#264=CIRCLE('',#4584,0.02);
#265=CIRCLE('',#4585,0.36);
#266=CIRCLE('',#4586,0.02);
#267=CIRCLE('',#4587,0.02);
#268=CIRCLE('',#4588,0.02);
#269=CIRCLE('',#4589,0.36);
#270=CIRCLE('',#4590,0.02);
#271=CIRCLE('',#4591,0.02);
#272=CIRCLE('',#4592,0.36);
#273=CIRCLE('',#4593,0.02);
#274=CIRCLE('',#4595,0.01);
#275=CIRCLE('',#4597,0.35);
#276=CIRCLE('',#4598,0.02);
#277=CIRCLE('',#4599,0.36);
#278=CIRCLE('',#4600,0.02);
#279=CIRCLE('',#4601,0.02);
#280=CIRCLE('',#4602,0.36);
#281=CIRCLE('',#4603,0.02);
#282=CIRCLE('',#4604,0.36);
#283=CIRCLE('',#4605,0.02);
#284=CIRCLE('',#4606,0.02);
#285=CIRCLE('',#4607,0.36);
#286=CIRCLE('',#4608,0.02);
#287=CIRCLE('',#4609,0.02);
#288=CIRCLE('',#4610,0.02);
#289=CIRCLE('',#4611,0.36);
#290=CIRCLE('',#4612,0.02);
#291=CIRCLE('',#4613,0.02);
#292=CIRCLE('',#4614,0.36);
#293=CIRCLE('',#4615,0.02);
#294=CIRCLE('',#4616,0.31);
#295=CIRCLE('',#4617,0.31);
#296=CIRCLE('',#4618,0.31);
#297=CIRCLE('',#4621,0.36);
#298=CIRCLE('',#4624,0.36);
#299=CIRCLE('',#4626,0.01);
#300=CIRCLE('',#4628,0.01);
#301=CIRCLE('',#4631,0.02);
#302=CIRCLE('',#4633,0.36);
#303=CIRCLE('',#4635,0.02);
#304=CIRCLE('',#4637,0.36);
#305=CIRCLE('',#4638,0.02);
#306=CIRCLE('',#4639,0.02);
#307=CIRCLE('',#4642,0.02);
#308=CIRCLE('',#4644,0.36);
#309=CIRCLE('',#4646,0.02);
#310=CIRCLE('',#4648,0.36);
#311=CIRCLE('',#4649,0.02);
#312=CIRCLE('',#4650,0.02);
#313=CIRCLE('',#4653,0.02);
#314=CIRCLE('',#4655,0.36);
#315=CIRCLE('',#4657,0.02);
#316=CIRCLE('',#4659,0.36);
#317=CIRCLE('',#4660,0.02);
#318=CIRCLE('',#4661,0.02);
#319=CIRCLE('',#4670,0.02);
#320=CIRCLE('',#4673,0.02);
#321=CIRCLE('',#4675,0.36);
#322=CIRCLE('',#4677,0.02);
#323=CIRCLE('',#4680,0.02);
#324=CIRCLE('',#4682,0.36);
#325=CIRCLE('',#4684,0.02);
#326=CIRCLE('',#4687,0.02);
#327=CIRCLE('',#4689,0.36);
#328=CIRCLE('',#4691,0.02);
#329=CIRCLE('',#4693,0.36);
#330=CIRCLE('',#4695,0.02);
#331=CIRCLE('',#4698,0.02);
#332=CIRCLE('',#4700,0.36);
#333=CIRCLE('',#4702,0.02);
#334=CIRCLE('',#4705,0.02);
#335=CIRCLE('',#4707,0.36);
#336=CIRCLE('',#4709,0.02);
#337=CIRCLE('',#4712,0.31);
#338=CIRCLE('',#4714,0.24);
#339=CIRCLE('',#4716,0.31);
#340=CIRCLE('',#4718,0.24);
#341=CIRCLE('',#4720,0.31);
#342=CIRCLE('',#4722,0.24);
#343=CIRCLE('',#4733,0.31);
#344=CIRCLE('',#4735,0.24);
#345=CIRCLE('',#4737,0.31);
#346=CIRCLE('',#4739,0.24);
#347=CIRCLE('',#4741,0.31);
#348=CIRCLE('',#4743,0.24);
#349=CIRCLE('',#4748,0.239999999999033);
#350=CIRCLE('',#4749,0.239999999999033);
#351=CIRCLE('',#4752,0.239999999999033);
#352=CIRCLE('',#4753,0.239999999999033);
#353=CIRCLE('',#4756,0.239999999999033);
#354=CIRCLE('',#4757,0.239999999999033);
#355=CIRCLE('',#4760,0.239999999999033);
#356=CIRCLE('',#4761,0.239999999999033);
#357=CIRCLE('',#4764,0.239999999999033);
#358=CIRCLE('',#4765,0.239999999999033);
#359=CIRCLE('',#4768,0.239999999999033);
#360=CIRCLE('',#4769,0.239999999999033);
#361=CIRCLE('',#4772,0.239999999999033);
#362=CIRCLE('',#4773,0.239999999999033);
#363=CIRCLE('',#4776,0.309999999998752);
#364=CIRCLE('',#4777,0.309999999998752);
#365=CIRCLE('',#4780,0.309999999998752);
#366=CIRCLE('',#4781,0.309999999998752);
#367=CIRCLE('',#4784,0.309999999998752);
#368=CIRCLE('',#4785,0.309999999998752);
#369=CIRCLE('',#4788,0.309999999998752);
#370=CIRCLE('',#4789,0.309999999998752);
#371=CIRCLE('',#4792,0.309999999998752);
#372=CIRCLE('',#4793,0.309999999998752);
#373=CIRCLE('',#4796,0.309999999998752);
#374=CIRCLE('',#4797,0.309999999998752);
#375=CIRCLE('',#4800,0.309999999998752);
#376=CIRCLE('',#4801,0.309999999998752);
#377=CIRCLE('',#4804,0.239999999999034);
#378=CIRCLE('',#4805,0.239999999999034);
#379=CIRCLE('',#4808,0.239999999999034);
#380=CIRCLE('',#4809,0.239999999999034);
#381=CIRCLE('',#4812,0.239999999999034);
#382=CIRCLE('',#4813,0.239999999999034);
#383=CIRCLE('',#4816,0.239999999999034);
#384=CIRCLE('',#4817,0.239999999999034);
#385=CIRCLE('',#4820,0.309999999998752);
#386=CIRCLE('',#4821,0.309999999998752);
#387=CIRCLE('',#4824,0.309999999998752);
#388=CIRCLE('',#4825,0.309999999998752);
#389=CIRCLE('',#4828,0.309999999998752);
#390=CIRCLE('',#4829,0.309999999998752);
#391=CIRCLE('',#4832,0.309999999998752);
#392=CIRCLE('',#4833,0.309999999998752);
#393=CIRCLE('',#4836,0.239999999999034);
#394=CIRCLE('',#4837,0.239999999999034);
#395=CIRCLE('',#4840,0.239999999999034);
#396=CIRCLE('',#4841,0.239999999999034);
#397=CIRCLE('',#4844,0.239999999999034);
#398=CIRCLE('',#4845,0.239999999999034);
#399=CIRCLE('',#4848,0.239999999999034);
#400=CIRCLE('',#4849,0.239999999999034);
#401=CIRCLE('',#4852,0.309999999998752);
#402=CIRCLE('',#4853,0.309999999998752);
#403=CIRCLE('',#4856,0.309999999998752);
#404=CIRCLE('',#4857,0.309999999998752);
#405=CIRCLE('',#4860,0.309999999998752);
#406=CIRCLE('',#4861,0.309999999998752);
#407=CIRCLE('',#4864,0.309999999998752);
#408=CIRCLE('',#4865,0.309999999998752);
#409=CIRCLE('',#4869,0.350000000000003);
#410=CIRCLE('',#4870,0.450000000000002);
#411=CIRCLE('',#4871,0.450000000000001);
#412=CIRCLE('',#4872,0.449999999999998);
#413=CIRCLE('',#4874,0.449999999999998);
#414=CIRCLE('',#4875,0.450000000000001);
#415=CIRCLE('',#4876,0.450000000000002);
#416=CIRCLE('',#4877,0.350000000000003);
#417=CIRCLE('',#4879,1.5020028898328);
#418=CIRCLE('',#4880,1.25000012959904);
#419=CIRCLE('',#4881,0.175000051861051);
#420=CIRCLE('',#4882,0.175000126212598);
#421=CIRCLE('',#4883,0.399999975326264);
#422=CIRCLE('',#4884,0.414999999999999);
#423=CIRCLE('',#4886,1.5020028898328);
#424=CIRCLE('',#4887,1.25000012959904);
#425=CIRCLE('',#4888,1.25000012959904);
#426=CIRCLE('',#4889,0.414999999999999);
#427=CIRCLE('',#4900,1.25000012959904);
#428=CIRCLE('',#4901,0.414999999999999);
#429=CIRCLE('',#4905,0.375000126212598);
#430=CIRCLE('',#4906,0.2);
#431=CIRCLE('',#4907,0.175000126212598);
#432=CIRCLE('',#4908,0.175000126212598);
#433=CIRCLE('',#4910,0.375000051861051);
#434=CIRCLE('',#4911,0.414999999999999);
#435=CIRCLE('',#4912,0.399999975326264);
#436=CIRCLE('',#4915,0.2);
#437=CIRCLE('',#4916,0.175000051861051);
#438=CIRCLE('',#4917,0.175000051861051);
#439=CIRCLE('',#4927,1.25000012959904);
#440=CIRCLE('',#4930,1.25000012959904);
#441=CIRCLE('',#4944,0.01);
#442=CIRCLE('',#4946,0.01);
#443=CIRCLE('',#4947,0.01);
#444=CIRCLE('',#4950,0.35);
#445=CIRCLE('',#4951,0.31);
#446=CIRCLE('',#4952,0.31);
#447=CIRCLE('',#4953,0.31);
#448=CIRCLE('',#4954,0.02);
#449=CIRCLE('',#4955,0.36);
#450=CIRCLE('',#4956,0.02);
#451=CIRCLE('',#4957,0.02);
#452=CIRCLE('',#4958,0.36);
#453=CIRCLE('',#4959,0.02);
#454=CIRCLE('',#4960,0.36);
#455=CIRCLE('',#4961,0.02);
#456=CIRCLE('',#4962,0.02);
#457=CIRCLE('',#4963,0.36);
#458=CIRCLE('',#4964,0.02);
#459=CIRCLE('',#4965,0.02);
#460=CIRCLE('',#4966,0.02);
#461=CIRCLE('',#4967,0.36);
#462=CIRCLE('',#4968,0.02);
#463=CIRCLE('',#4969,0.02);
#464=CIRCLE('',#4970,0.36);
#465=CIRCLE('',#4971,0.02);
#466=CIRCLE('',#4973,0.01);
#467=CIRCLE('',#4975,0.35);
#468=CIRCLE('',#4976,0.02);
#469=CIRCLE('',#4977,0.36);
#470=CIRCLE('',#4978,0.02);
#471=CIRCLE('',#4979,0.02);
#472=CIRCLE('',#4980,0.36);
#473=CIRCLE('',#4981,0.02);
#474=CIRCLE('',#4982,0.36);
#475=CIRCLE('',#4983,0.02);
#476=CIRCLE('',#4984,0.02);
#477=CIRCLE('',#4985,0.36);
#478=CIRCLE('',#4986,0.02);
#479=CIRCLE('',#4987,0.02);
#480=CIRCLE('',#4988,0.02);
#481=CIRCLE('',#4989,0.36);
#482=CIRCLE('',#4990,0.02);
#483=CIRCLE('',#4991,0.02);
#484=CIRCLE('',#4992,0.36);
#485=CIRCLE('',#4993,0.02);
#486=CIRCLE('',#4994,0.31);
#487=CIRCLE('',#4995,0.31);
#488=CIRCLE('',#4996,0.31);
#489=CIRCLE('',#4999,0.36);
#490=CIRCLE('',#5002,0.36);
#491=CIRCLE('',#5004,0.01);
#492=CIRCLE('',#5006,0.01);
#493=CIRCLE('',#5009,0.02);
#494=CIRCLE('',#5011,0.36);
#495=CIRCLE('',#5013,0.02);
#496=CIRCLE('',#5015,0.36);
#497=CIRCLE('',#5016,0.02);
#498=CIRCLE('',#5017,0.02);
#499=CIRCLE('',#5020,0.02);
#500=CIRCLE('',#5022,0.36);
#501=CIRCLE('',#5024,0.02);
#502=CIRCLE('',#5026,0.36);
#503=CIRCLE('',#5027,0.02);
#504=CIRCLE('',#5028,0.02);
#505=CIRCLE('',#5031,0.02);
#506=CIRCLE('',#5033,0.36);
#507=CIRCLE('',#5035,0.02);
#508=CIRCLE('',#5037,0.36);
#509=CIRCLE('',#5038,0.02);
#510=CIRCLE('',#5039,0.02);
#511=CIRCLE('',#5048,0.02);
#512=CIRCLE('',#5051,0.02);
#513=CIRCLE('',#5053,0.36);
#514=CIRCLE('',#5055,0.02);
#515=CIRCLE('',#5058,0.02);
#516=CIRCLE('',#5060,0.36);
#517=CIRCLE('',#5062,0.02);
#518=CIRCLE('',#5065,0.02);
#519=CIRCLE('',#5067,0.36);
#520=CIRCLE('',#5069,0.02);
#521=CIRCLE('',#5071,0.36);
#522=CIRCLE('',#5073,0.02);
#523=CIRCLE('',#5076,0.02);
#524=CIRCLE('',#5078,0.36);
#525=CIRCLE('',#5080,0.02);
#526=CIRCLE('',#5083,0.02);
#527=CIRCLE('',#5085,0.36);
#528=CIRCLE('',#5087,0.02);
#529=CIRCLE('',#5090,0.31);
#530=CIRCLE('',#5092,0.24);
#531=CIRCLE('',#5094,0.31);
#532=CIRCLE('',#5096,0.24);
#533=CIRCLE('',#5098,0.31);
#534=CIRCLE('',#5100,0.24);
#535=CIRCLE('',#5111,0.31);
#536=CIRCLE('',#5113,0.24);
#537=CIRCLE('',#5115,0.31);
#538=CIRCLE('',#5117,0.24);
#539=CIRCLE('',#5119,0.31);
#540=CIRCLE('',#5121,0.24);
#541=FACE_OUTER_BOUND('',#814,.T.);
#542=FACE_OUTER_BOUND('',#815,.T.);
#543=FACE_OUTER_BOUND('',#816,.T.);
#544=FACE_OUTER_BOUND('',#817,.T.);
#545=FACE_OUTER_BOUND('',#818,.T.);
#546=FACE_OUTER_BOUND('',#819,.T.);
#547=FACE_OUTER_BOUND('',#820,.T.);
#548=FACE_OUTER_BOUND('',#821,.T.);
#549=FACE_OUTER_BOUND('',#822,.T.);
#550=FACE_OUTER_BOUND('',#829,.T.);
#551=FACE_OUTER_BOUND('',#830,.T.);
#552=FACE_OUTER_BOUND('',#837,.T.);
#553=FACE_OUTER_BOUND('',#838,.T.);
#554=FACE_OUTER_BOUND('',#839,.T.);
#555=FACE_OUTER_BOUND('',#840,.T.);
#556=FACE_OUTER_BOUND('',#841,.T.);
#557=FACE_OUTER_BOUND('',#842,.T.);
#558=FACE_OUTER_BOUND('',#843,.T.);
#559=FACE_OUTER_BOUND('',#844,.T.);
#560=FACE_OUTER_BOUND('',#845,.T.);
#561=FACE_OUTER_BOUND('',#846,.T.);
#562=FACE_OUTER_BOUND('',#847,.T.);
#563=FACE_OUTER_BOUND('',#848,.T.);
#564=FACE_OUTER_BOUND('',#849,.T.);
#565=FACE_OUTER_BOUND('',#850,.T.);
#566=FACE_OUTER_BOUND('',#851,.T.);
#567=FACE_OUTER_BOUND('',#852,.T.);
#568=FACE_OUTER_BOUND('',#853,.T.);
#569=FACE_OUTER_BOUND('',#854,.T.);
#570=FACE_OUTER_BOUND('',#855,.T.);
#571=FACE_OUTER_BOUND('',#856,.T.);
#572=FACE_OUTER_BOUND('',#857,.T.);
#573=FACE_OUTER_BOUND('',#858,.T.);
#574=FACE_OUTER_BOUND('',#859,.T.);
#575=FACE_OUTER_BOUND('',#860,.T.);
#576=FACE_OUTER_BOUND('',#861,.T.);
#577=FACE_OUTER_BOUND('',#862,.T.);
#578=FACE_OUTER_BOUND('',#863,.T.);
#579=FACE_OUTER_BOUND('',#864,.T.);
#580=FACE_OUTER_BOUND('',#865,.T.);
#581=FACE_OUTER_BOUND('',#866,.T.);
#582=FACE_OUTER_BOUND('',#867,.T.);
#583=FACE_OUTER_BOUND('',#868,.T.);
#584=FACE_OUTER_BOUND('',#869,.T.);
#585=FACE_OUTER_BOUND('',#870,.T.);
#586=FACE_OUTER_BOUND('',#871,.T.);
#587=FACE_OUTER_BOUND('',#872,.T.);
#588=FACE_OUTER_BOUND('',#873,.T.);
#589=FACE_OUTER_BOUND('',#874,.T.);
#590=FACE_OUTER_BOUND('',#875,.T.);
#591=FACE_OUTER_BOUND('',#876,.T.);
#592=FACE_OUTER_BOUND('',#877,.T.);
#593=FACE_OUTER_BOUND('',#878,.T.);
#594=FACE_OUTER_BOUND('',#879,.T.);
#595=FACE_OUTER_BOUND('',#880,.T.);
#596=FACE_OUTER_BOUND('',#881,.T.);
#597=FACE_OUTER_BOUND('',#882,.T.);
#598=FACE_OUTER_BOUND('',#883,.T.);
#599=FACE_OUTER_BOUND('',#884,.T.);
#600=FACE_OUTER_BOUND('',#885,.T.);
#601=FACE_OUTER_BOUND('',#886,.T.);
#602=FACE_OUTER_BOUND('',#887,.T.);
#603=FACE_OUTER_BOUND('',#888,.T.);
#604=FACE_OUTER_BOUND('',#889,.T.);
#605=FACE_OUTER_BOUND('',#890,.T.);
#606=FACE_OUTER_BOUND('',#892,.T.);
#607=FACE_OUTER_BOUND('',#893,.T.);
#608=FACE_OUTER_BOUND('',#895,.T.);
#609=FACE_OUTER_BOUND('',#896,.T.);
#610=FACE_OUTER_BOUND('',#898,.T.);
#611=FACE_OUTER_BOUND('',#899,.T.);
#612=FACE_OUTER_BOUND('',#900,.T.);
#613=FACE_OUTER_BOUND('',#901,.T.);
#614=FACE_OUTER_BOUND('',#902,.T.);
#615=FACE_OUTER_BOUND('',#903,.T.);
#616=FACE_OUTER_BOUND('',#904,.T.);
#617=FACE_OUTER_BOUND('',#905,.T.);
#618=FACE_OUTER_BOUND('',#906,.T.);
#619=FACE_OUTER_BOUND('',#907,.T.);
#620=FACE_OUTER_BOUND('',#908,.T.);
#621=FACE_OUTER_BOUND('',#910,.T.);
#622=FACE_OUTER_BOUND('',#911,.T.);
#623=FACE_OUTER_BOUND('',#913,.T.);
#624=FACE_OUTER_BOUND('',#914,.T.);
#625=FACE_OUTER_BOUND('',#916,.T.);
#626=FACE_OUTER_BOUND('',#917,.T.);
#627=FACE_OUTER_BOUND('',#918,.T.);
#628=FACE_OUTER_BOUND('',#919,.T.);
#629=FACE_OUTER_BOUND('',#920,.T.);
#630=FACE_OUTER_BOUND('',#921,.T.);
#631=FACE_OUTER_BOUND('',#922,.T.);
#632=FACE_OUTER_BOUND('',#923,.T.);
#633=FACE_OUTER_BOUND('',#924,.T.);
#634=FACE_OUTER_BOUND('',#925,.T.);
#635=FACE_OUTER_BOUND('',#926,.T.);
#636=FACE_OUTER_BOUND('',#927,.T.);
#637=FACE_OUTER_BOUND('',#928,.T.);
#638=FACE_OUTER_BOUND('',#929,.T.);
#639=FACE_OUTER_BOUND('',#930,.T.);
#640=FACE_OUTER_BOUND('',#931,.T.);
#641=FACE_OUTER_BOUND('',#932,.T.);
#642=FACE_OUTER_BOUND('',#933,.T.);
#643=FACE_OUTER_BOUND('',#934,.T.);
#644=FACE_OUTER_BOUND('',#936,.T.);
#645=FACE_OUTER_BOUND('',#937,.T.);
#646=FACE_OUTER_BOUND('',#939,.T.);
#647=FACE_OUTER_BOUND('',#940,.T.);
#648=FACE_OUTER_BOUND('',#942,.T.);
#649=FACE_OUTER_BOUND('',#943,.T.);
#650=FACE_OUTER_BOUND('',#945,.T.);
#651=FACE_OUTER_BOUND('',#946,.T.);
#652=FACE_OUTER_BOUND('',#948,.T.);
#653=FACE_OUTER_BOUND('',#949,.T.);
#654=FACE_OUTER_BOUND('',#951,.T.);
#655=FACE_OUTER_BOUND('',#952,.T.);
#656=FACE_OUTER_BOUND('',#954,.T.);
#657=FACE_OUTER_BOUND('',#955,.T.);
#658=FACE_OUTER_BOUND('',#956,.T.);
#659=FACE_OUTER_BOUND('',#957,.T.);
#660=FACE_OUTER_BOUND('',#958,.T.);
#661=FACE_OUTER_BOUND('',#959,.T.);
#662=FACE_OUTER_BOUND('',#960,.T.);
#663=FACE_OUTER_BOUND('',#961,.T.);
#664=FACE_OUTER_BOUND('',#962,.T.);
#665=FACE_OUTER_BOUND('',#963,.T.);
#666=FACE_OUTER_BOUND('',#965,.T.);
#667=FACE_OUTER_BOUND('',#966,.T.);
#668=FACE_OUTER_BOUND('',#968,.T.);
#669=FACE_OUTER_BOUND('',#969,.T.);
#670=FACE_OUTER_BOUND('',#971,.T.);
#671=FACE_OUTER_BOUND('',#972,.T.);
#672=FACE_OUTER_BOUND('',#974,.T.);
#673=FACE_OUTER_BOUND('',#975,.T.);
#674=FACE_OUTER_BOUND('',#976,.T.);
#675=FACE_OUTER_BOUND('',#977,.T.);
#676=FACE_OUTER_BOUND('',#978,.T.);
#677=FACE_OUTER_BOUND('',#979,.T.);
#678=FACE_OUTER_BOUND('',#980,.T.);
#679=FACE_OUTER_BOUND('',#981,.T.);
#680=FACE_OUTER_BOUND('',#982,.T.);
#681=FACE_OUTER_BOUND('',#983,.T.);
#682=FACE_OUTER_BOUND('',#985,.T.);
#683=FACE_OUTER_BOUND('',#986,.T.);
#684=FACE_OUTER_BOUND('',#988,.T.);
#685=FACE_OUTER_BOUND('',#989,.T.);
#686=FACE_OUTER_BOUND('',#991,.T.);
#687=FACE_OUTER_BOUND('',#992,.T.);
#688=FACE_OUTER_BOUND('',#994,.T.);
#689=FACE_OUTER_BOUND('',#995,.T.);
#690=FACE_OUTER_BOUND('',#998,.T.);
#691=FACE_OUTER_BOUND('',#999,.T.);
#692=FACE_OUTER_BOUND('',#1004,.T.);
#693=FACE_OUTER_BOUND('',#1006,.T.);
#694=FACE_OUTER_BOUND('',#1007,.T.);
#695=FACE_OUTER_BOUND('',#1012,.T.);
#696=FACE_OUTER_BOUND('',#1013,.T.);
#697=FACE_OUTER_BOUND('',#1014,.T.);
#698=FACE_OUTER_BOUND('',#1015,.T.);
#699=FACE_OUTER_BOUND('',#1020,.T.);
#700=FACE_OUTER_BOUND('',#1021,.T.);
#701=FACE_OUTER_BOUND('',#1022,.T.);
#702=FACE_OUTER_BOUND('',#1023,.T.);
#703=FACE_OUTER_BOUND('',#1025,.T.);
#704=FACE_OUTER_BOUND('',#1026,.T.);
#705=FACE_OUTER_BOUND('',#1027,.T.);
#706=FACE_OUTER_BOUND('',#1028,.T.);
#707=FACE_OUTER_BOUND('',#1033,.T.);
#708=FACE_OUTER_BOUND('',#1034,.T.);
#709=FACE_OUTER_BOUND('',#1035,.T.);
#710=FACE_OUTER_BOUND('',#1036,.T.);
#711=FACE_OUTER_BOUND('',#1037,.T.);
#712=FACE_OUTER_BOUND('',#1038,.T.);
#713=FACE_OUTER_BOUND('',#1039,.T.);
#714=FACE_OUTER_BOUND('',#1040,.T.);
#715=FACE_OUTER_BOUND('',#1041,.T.);
#716=FACE_OUTER_BOUND('',#1042,.T.);
#717=FACE_OUTER_BOUND('',#1043,.T.);
#718=FACE_OUTER_BOUND('',#1044,.T.);
#719=FACE_OUTER_BOUND('',#1045,.T.);
#720=FACE_OUTER_BOUND('',#1046,.T.);
#721=FACE_OUTER_BOUND('',#1047,.T.);
#722=FACE_OUTER_BOUND('',#1048,.T.);
#723=FACE_OUTER_BOUND('',#1049,.T.);
#724=FACE_OUTER_BOUND('',#1050,.T.);
#725=FACE_OUTER_BOUND('',#1051,.T.);
#726=FACE_OUTER_BOUND('',#1052,.T.);
#727=FACE_OUTER_BOUND('',#1053,.T.);
#728=FACE_OUTER_BOUND('',#1054,.T.);
#729=FACE_OUTER_BOUND('',#1055,.T.);
#730=FACE_OUTER_BOUND('',#1056,.T.);
#731=FACE_OUTER_BOUND('',#1057,.T.);
#732=FACE_OUTER_BOUND('',#1065,.T.);
#733=FACE_OUTER_BOUND('',#1066,.T.);
#734=FACE_OUTER_BOUND('',#1067,.T.);
#735=FACE_OUTER_BOUND('',#1068,.T.);
#736=FACE_OUTER_BOUND('',#1075,.T.);
#737=FACE_OUTER_BOUND('',#1076,.T.);
#738=FACE_OUTER_BOUND('',#1083,.T.);
#739=FACE_OUTER_BOUND('',#1084,.T.);
#740=FACE_OUTER_BOUND('',#1085,.T.);
#741=FACE_OUTER_BOUND('',#1086,.T.);
#742=FACE_OUTER_BOUND('',#1087,.T.);
#743=FACE_OUTER_BOUND('',#1088,.T.);
#744=FACE_OUTER_BOUND('',#1089,.T.);
#745=FACE_OUTER_BOUND('',#1090,.T.);
#746=FACE_OUTER_BOUND('',#1091,.T.);
#747=FACE_OUTER_BOUND('',#1092,.T.);
#748=FACE_OUTER_BOUND('',#1093,.T.);
#749=FACE_OUTER_BOUND('',#1094,.T.);
#750=FACE_OUTER_BOUND('',#1095,.T.);
#751=FACE_OUTER_BOUND('',#1096,.T.);
#752=FACE_OUTER_BOUND('',#1097,.T.);
#753=FACE_OUTER_BOUND('',#1098,.T.);
#754=FACE_OUTER_BOUND('',#1099,.T.);
#755=FACE_OUTER_BOUND('',#1100,.T.);
#756=FACE_OUTER_BOUND('',#1101,.T.);
#757=FACE_OUTER_BOUND('',#1102,.T.);
#758=FACE_OUTER_BOUND('',#1103,.T.);
#759=FACE_OUTER_BOUND('',#1104,.T.);
#760=FACE_OUTER_BOUND('',#1105,.T.);
#761=FACE_OUTER_BOUND('',#1106,.T.);
#762=FACE_OUTER_BOUND('',#1107,.T.);
#763=FACE_OUTER_BOUND('',#1108,.T.);
#764=FACE_OUTER_BOUND('',#1109,.T.);
#765=FACE_OUTER_BOUND('',#1110,.T.);
#766=FACE_OUTER_BOUND('',#1111,.T.);
#767=FACE_OUTER_BOUND('',#1112,.T.);
#768=FACE_OUTER_BOUND('',#1113,.T.);
#769=FACE_OUTER_BOUND('',#1114,.T.);
#770=FACE_OUTER_BOUND('',#1115,.T.);
#771=FACE_OUTER_BOUND('',#1116,.T.);
#772=FACE_OUTER_BOUND('',#1117,.T.);
#773=FACE_OUTER_BOUND('',#1118,.T.);
#774=FACE_OUTER_BOUND('',#1119,.T.);
#775=FACE_OUTER_BOUND('',#1120,.T.);
#776=FACE_OUTER_BOUND('',#1121,.T.);
#777=FACE_OUTER_BOUND('',#1122,.T.);
#778=FACE_OUTER_BOUND('',#1123,.T.);
#779=FACE_OUTER_BOUND('',#1124,.T.);
#780=FACE_OUTER_BOUND('',#1125,.T.);
#781=FACE_OUTER_BOUND('',#1126,.T.);
#782=FACE_OUTER_BOUND('',#1127,.T.);
#783=FACE_OUTER_BOUND('',#1128,.T.);
#784=FACE_OUTER_BOUND('',#1129,.T.);
#785=FACE_OUTER_BOUND('',#1130,.T.);
#786=FACE_OUTER_BOUND('',#1131,.T.);
#787=FACE_OUTER_BOUND('',#1132,.T.);
#788=FACE_OUTER_BOUND('',#1133,.T.);
#789=FACE_OUTER_BOUND('',#1134,.T.);
#790=FACE_OUTER_BOUND('',#1135,.T.);
#791=FACE_OUTER_BOUND('',#1136,.T.);
#792=FACE_OUTER_BOUND('',#1138,.T.);
#793=FACE_OUTER_BOUND('',#1139,.T.);
#794=FACE_OUTER_BOUND('',#1141,.T.);
#795=FACE_OUTER_BOUND('',#1142,.T.);
#796=FACE_OUTER_BOUND('',#1144,.T.);
#797=FACE_OUTER_BOUND('',#1145,.T.);
#798=FACE_OUTER_BOUND('',#1146,.T.);
#799=FACE_OUTER_BOUND('',#1147,.T.);
#800=FACE_OUTER_BOUND('',#1148,.T.);
#801=FACE_OUTER_BOUND('',#1149,.T.);
#802=FACE_OUTER_BOUND('',#1150,.T.);
#803=FACE_OUTER_BOUND('',#1151,.T.);
#804=FACE_OUTER_BOUND('',#1152,.T.);
#805=FACE_OUTER_BOUND('',#1153,.T.);
#806=FACE_OUTER_BOUND('',#1154,.T.);
#807=FACE_OUTER_BOUND('',#1156,.T.);
#808=FACE_OUTER_BOUND('',#1157,.T.);
#809=FACE_OUTER_BOUND('',#1159,.T.);
#810=FACE_OUTER_BOUND('',#1160,.T.);
#811=FACE_OUTER_BOUND('',#1162,.T.);
#812=FACE_OUTER_BOUND('',#1163,.T.);
#813=FACE_OUTER_BOUND('',#1164,.T.);
#814=EDGE_LOOP('',(#2884,#2885,#2886,#2887));
#815=EDGE_LOOP('',(#2888,#2889,#2890,#2891,#2892,#2893,#2894,#2895,#2896,
#2897,#2898));
#816=EDGE_LOOP('',(#2899,#2900,#2901,#2902));
#817=EDGE_LOOP('',(#2903,#2904,#2905,#2906,#2907,#2908,#2909,#2910,#2911,
#2912,#2913));
#818=EDGE_LOOP('',(#2914,#2915,#2916,#2917));
#819=EDGE_LOOP('',(#2918,#2919,#2920,#2921));
#820=EDGE_LOOP('',(#2922,#2923,#2924,#2925,#2926,#2927));
#821=EDGE_LOOP('',(#2928,#2929,#2930,#2931,#2932,#2933));
#822=EDGE_LOOP('',(#2934,#2935,#2936,#2937,#2938));
#823=EDGE_LOOP('',(#2939));
#824=EDGE_LOOP('',(#2940));
#825=EDGE_LOOP('',(#2941));
#826=EDGE_LOOP('',(#2942,#2943,#2944,#2945,#2946,#2947,#2948,#2949));
#827=EDGE_LOOP('',(#2950,#2951,#2952,#2953,#2954,#2955,#2956,#2957));
#828=EDGE_LOOP('',(#2958,#2959,#2960,#2961,#2962,#2963,#2964,#2965));
#829=EDGE_LOOP('',(#2966,#2967,#2968,#2969));
#830=EDGE_LOOP('',(#2970,#2971,#2972,#2973,#2974));
#831=EDGE_LOOP('',(#2975,#2976,#2977,#2978,#2979,#2980,#2981,#2982));
#832=EDGE_LOOP('',(#2983,#2984,#2985,#2986,#2987,#2988,#2989,#2990));
#833=EDGE_LOOP('',(#2991,#2992,#2993,#2994,#2995,#2996,#2997,#2998));
#834=EDGE_LOOP('',(#2999));
#835=EDGE_LOOP('',(#3000));
#836=EDGE_LOOP('',(#3001));
#837=EDGE_LOOP('',(#3002,#3003,#3004,#3005));
#838=EDGE_LOOP('',(#3006,#3007,#3008,#3009));
#839=EDGE_LOOP('',(#3010,#3011,#3012,#3013));
#840=EDGE_LOOP('',(#3014,#3015,#3016,#3017));
#841=EDGE_LOOP('',(#3018,#3019,#3020,#3021));
#842=EDGE_LOOP('',(#3022,#3023,#3024,#3025));
#843=EDGE_LOOP('',(#3026,#3027,#3028,#3029));
#844=EDGE_LOOP('',(#3030,#3031,#3032,#3033));
#845=EDGE_LOOP('',(#3034,#3035,#3036,#3037));
#846=EDGE_LOOP('',(#3038,#3039,#3040,#3041));
#847=EDGE_LOOP('',(#3042,#3043,#3044,#3045,#3046,#3047,#3048,#3049));
#848=EDGE_LOOP('',(#3050,#3051,#3052,#3053));
#849=EDGE_LOOP('',(#3054,#3055,#3056,#3057));
#850=EDGE_LOOP('',(#3058,#3059,#3060,#3061));
#851=EDGE_LOOP('',(#3062,#3063,#3064,#3065));
#852=EDGE_LOOP('',(#3066,#3067,#3068,#3069,#3070,#3071,#3072,#3073));
#853=EDGE_LOOP('',(#3074,#3075,#3076,#3077));
#854=EDGE_LOOP('',(#3078,#3079,#3080,#3081));
#855=EDGE_LOOP('',(#3082,#3083,#3084,#3085));
#856=EDGE_LOOP('',(#3086,#3087,#3088,#3089));
#857=EDGE_LOOP('',(#3090,#3091,#3092,#3093,#3094,#3095,#3096,#3097));
#858=EDGE_LOOP('',(#3098,#3099,#3100,#3101));
#859=EDGE_LOOP('',(#3102,#3103,#3104,#3105));
#860=EDGE_LOOP('',(#3106,#3107,#3108,#3109));
#861=EDGE_LOOP('',(#3110,#3111,#3112,#3113));
#862=EDGE_LOOP('',(#3114,#3115,#3116,#3117));
#863=EDGE_LOOP('',(#3118,#3119,#3120,#3121));
#864=EDGE_LOOP('',(#3122,#3123,#3124,#3125));
#865=EDGE_LOOP('',(#3126,#3127,#3128,#3129));
#866=EDGE_LOOP('',(#3130,#3131,#3132,#3133));
#867=EDGE_LOOP('',(#3134,#3135,#3136,#3137));
#868=EDGE_LOOP('',(#3138,#3139,#3140,#3141));
#869=EDGE_LOOP('',(#3142,#3143,#3144,#3145));
#870=EDGE_LOOP('',(#3146,#3147,#3148,#3149));
#871=EDGE_LOOP('',(#3150,#3151,#3152,#3153));
#872=EDGE_LOOP('',(#3154,#3155,#3156,#3157));
#873=EDGE_LOOP('',(#3158,#3159,#3160,#3161));
#874=EDGE_LOOP('',(#3162,#3163,#3164,#3165));
#875=EDGE_LOOP('',(#3166,#3167,#3168,#3169));
#876=EDGE_LOOP('',(#3170,#3171,#3172,#3173));
#877=EDGE_LOOP('',(#3174,#3175,#3176,#3177));
#878=EDGE_LOOP('',(#3178,#3179,#3180,#3181));
#879=EDGE_LOOP('',(#3182,#3183,#3184,#3185));
#880=EDGE_LOOP('',(#3186,#3187,#3188,#3189));
#881=EDGE_LOOP('',(#3190,#3191,#3192,#3193));
#882=EDGE_LOOP('',(#3194,#3195,#3196,#3197));
#883=EDGE_LOOP('',(#3198,#3199,#3200,#3201));
#884=EDGE_LOOP('',(#3202,#3203,#3204,#3205));
#885=EDGE_LOOP('',(#3206,#3207,#3208,#3209));
#886=EDGE_LOOP('',(#3210,#3211,#3212,#3213));
#887=EDGE_LOOP('',(#3214,#3215,#3216,#3217));
#888=EDGE_LOOP('',(#3218,#3219,#3220,#3221));
#889=EDGE_LOOP('',(#3222,#3223,#3224,#3225));
#890=EDGE_LOOP('',(#3226));
#891=EDGE_LOOP('',(#3227));
#892=EDGE_LOOP('',(#3228,#3229,#3230,#3231));
#893=EDGE_LOOP('',(#3232));
#894=EDGE_LOOP('',(#3233));
#895=EDGE_LOOP('',(#3234,#3235,#3236,#3237));
#896=EDGE_LOOP('',(#3238));
#897=EDGE_LOOP('',(#3239));
#898=EDGE_LOOP('',(#3240,#3241,#3242,#3243));
#899=EDGE_LOOP('',(#3244,#3245,#3246,#3247));
#900=EDGE_LOOP('',(#3248,#3249,#3250,#3251));
#901=EDGE_LOOP('',(#3252,#3253,#3254,#3255));
#902=EDGE_LOOP('',(#3256,#3257,#3258,#3259));
#903=EDGE_LOOP('',(#3260,#3261,#3262,#3263));
#904=EDGE_LOOP('',(#3264,#3265,#3266,#3267,#3268,#3269,#3270,#3271));
#905=EDGE_LOOP('',(#3272,#3273,#3274,#3275,#3276,#3277,#3278,#3279));
#906=EDGE_LOOP('',(#3280,#3281,#3282,#3283,#3284,#3285,#3286,#3287));
#907=EDGE_LOOP('',(#3288,#3289,#3290,#3291));
#908=EDGE_LOOP('',(#3292));
#909=EDGE_LOOP('',(#3293));
#910=EDGE_LOOP('',(#3294,#3295,#3296,#3297));
#911=EDGE_LOOP('',(#3298));
#912=EDGE_LOOP('',(#3299));
#913=EDGE_LOOP('',(#3300,#3301,#3302,#3303));
#914=EDGE_LOOP('',(#3304));
#915=EDGE_LOOP('',(#3305));
#916=EDGE_LOOP('',(#3306,#3307,#3308,#3309));
#917=EDGE_LOOP('',(#3310,#3311,#3312,#3313));
#918=EDGE_LOOP('',(#3314,#3315,#3316,#3317));
#919=EDGE_LOOP('',(#3318,#3319,#3320,#3321));
#920=EDGE_LOOP('',(#3322));
#921=EDGE_LOOP('',(#3323,#3324,#3325,#3326));
#922=EDGE_LOOP('',(#3327));
#923=EDGE_LOOP('',(#3328,#3329,#3330,#3331));
#924=EDGE_LOOP('',(#3332));
#925=EDGE_LOOP('',(#3333,#3334,#3335,#3336));
#926=EDGE_LOOP('',(#3337));
#927=EDGE_LOOP('',(#3338,#3339,#3340,#3341));
#928=EDGE_LOOP('',(#3342));
#929=EDGE_LOOP('',(#3343,#3344,#3345,#3346));
#930=EDGE_LOOP('',(#3347));
#931=EDGE_LOOP('',(#3348,#3349,#3350,#3351));
#932=EDGE_LOOP('',(#3352));
#933=EDGE_LOOP('',(#3353,#3354,#3355,#3356));
#934=EDGE_LOOP('',(#3357));
#935=EDGE_LOOP('',(#3358));
#936=EDGE_LOOP('',(#3359,#3360,#3361,#3362));
#937=EDGE_LOOP('',(#3363));
#938=EDGE_LOOP('',(#3364));
#939=EDGE_LOOP('',(#3365,#3366,#3367,#3368));
#940=EDGE_LOOP('',(#3369));
#941=EDGE_LOOP('',(#3370));
#942=EDGE_LOOP('',(#3371,#3372,#3373,#3374));
#943=EDGE_LOOP('',(#3375));
#944=EDGE_LOOP('',(#3376));
#945=EDGE_LOOP('',(#3377,#3378,#3379,#3380));
#946=EDGE_LOOP('',(#3381));
#947=EDGE_LOOP('',(#3382));
#948=EDGE_LOOP('',(#3383,#3384,#3385,#3386));
#949=EDGE_LOOP('',(#3387));
#950=EDGE_LOOP('',(#3388));
#951=EDGE_LOOP('',(#3389,#3390,#3391,#3392));
#952=EDGE_LOOP('',(#3393));
#953=EDGE_LOOP('',(#3394));
#954=EDGE_LOOP('',(#3395,#3396,#3397,#3398));
#955=EDGE_LOOP('',(#3399));
#956=EDGE_LOOP('',(#3400,#3401,#3402,#3403));
#957=EDGE_LOOP('',(#3404));
#958=EDGE_LOOP('',(#3405,#3406,#3407,#3408));
#959=EDGE_LOOP('',(#3409));
#960=EDGE_LOOP('',(#3410,#3411,#3412,#3413));
#961=EDGE_LOOP('',(#3414));
#962=EDGE_LOOP('',(#3415,#3416,#3417,#3418));
#963=EDGE_LOOP('',(#3419));
#964=EDGE_LOOP('',(#3420));
#965=EDGE_LOOP('',(#3421,#3422,#3423,#3424));
#966=EDGE_LOOP('',(#3425));
#967=EDGE_LOOP('',(#3426));
#968=EDGE_LOOP('',(#3427,#3428,#3429,#3430));
#969=EDGE_LOOP('',(#3431));
#970=EDGE_LOOP('',(#3432));
#971=EDGE_LOOP('',(#3433,#3434,#3435,#3436));
#972=EDGE_LOOP('',(#3437));
#973=EDGE_LOOP('',(#3438));
#974=EDGE_LOOP('',(#3439,#3440,#3441,#3442));
#975=EDGE_LOOP('',(#3443));
#976=EDGE_LOOP('',(#3444,#3445,#3446,#3447));
#977=EDGE_LOOP('',(#3448));
#978=EDGE_LOOP('',(#3449,#3450,#3451,#3452));
#979=EDGE_LOOP('',(#3453));
#980=EDGE_LOOP('',(#3454,#3455,#3456,#3457));
#981=EDGE_LOOP('',(#3458));
#982=EDGE_LOOP('',(#3459,#3460,#3461,#3462));
#983=EDGE_LOOP('',(#3463));
#984=EDGE_LOOP('',(#3464));
#985=EDGE_LOOP('',(#3465,#3466,#3467,#3468));
#986=EDGE_LOOP('',(#3469));
#987=EDGE_LOOP('',(#3470));
#988=EDGE_LOOP('',(#3471,#3472,#3473,#3474));
#989=EDGE_LOOP('',(#3475));
#990=EDGE_LOOP('',(#3476));
#991=EDGE_LOOP('',(#3477,#3478,#3479,#3480));
#992=EDGE_LOOP('',(#3481));
#993=EDGE_LOOP('',(#3482));
#994=EDGE_LOOP('',(#3483,#3484,#3485,#3486));
#995=EDGE_LOOP('',(#3487,#3488,#3489,#3490,#3491,#3492,#3493,#3494,#3495,
#3496,#3497,#3498,#3499,#3500,#3501,#3502));
#996=EDGE_LOOP('',(#3503,#3504,#3505,#3506));
#997=EDGE_LOOP('',(#3507,#3508,#3509,#3510));
#998=EDGE_LOOP('',(#3511,#3512,#3513,#3514,#3515,#3516,#3517,#3518));
#999=EDGE_LOOP('',(#3519,#3520,#3521,#3522,#3523,#3524,#3525,#3526,#3527,
#3528));
#1000=EDGE_LOOP('',(#3529));
#1001=EDGE_LOOP('',(#3530));
#1002=EDGE_LOOP('',(#3531));
#1003=EDGE_LOOP('',(#3532));
#1004=EDGE_LOOP('',(#3533,#3534,#3535,#3536,#3537,#3538,#3539,#3540,#3541,
#3542));
#1005=EDGE_LOOP('',(#3543));
#1006=EDGE_LOOP('',(#3544,#3545,#3546,#3547));
#1007=EDGE_LOOP('',(#3548,#3549,#3550,#3551));
#1008=EDGE_LOOP('',(#3552));
#1009=EDGE_LOOP('',(#3553));
#1010=EDGE_LOOP('',(#3554));
#1011=EDGE_LOOP('',(#3555));
#1012=EDGE_LOOP('',(#3556,#3557,#3558,#3559));
#1013=EDGE_LOOP('',(#3560,#3561,#3562,#3563));
#1014=EDGE_LOOP('',(#3564,#3565,#3566,#3567));
#1015=EDGE_LOOP('',(#3568,#3569,#3570,#3571));
#1016=EDGE_LOOP('',(#3572));
#1017=EDGE_LOOP('',(#3573));
#1018=EDGE_LOOP('',(#3574));
#1019=EDGE_LOOP('',(#3575));
#1020=EDGE_LOOP('',(#3576,#3577,#3578,#3579));
#1021=EDGE_LOOP('',(#3580,#3581,#3582,#3583,#3584));
#1022=EDGE_LOOP('',(#3585,#3586,#3587,#3588));
#1023=EDGE_LOOP('',(#3589,#3590,#3591,#3592,#3593,#3594,#3595,#3596,#3597,
#3598,#3599,#3600));
#1024=EDGE_LOOP('',(#3601));
#1025=EDGE_LOOP('',(#3602,#3603,#3604,#3605));
#1026=EDGE_LOOP('',(#3606,#3607,#3608,#3609));
#1027=EDGE_LOOP('',(#3610,#3611,#3612,#3613,#3614));
#1028=EDGE_LOOP('',(#3615,#3616,#3617,#3618,#3619,#3620));
#1029=EDGE_LOOP('',(#3621));
#1030=EDGE_LOOP('',(#3622));
#1031=EDGE_LOOP('',(#3623));
#1032=EDGE_LOOP('',(#3624));
#1033=EDGE_LOOP('',(#3625,#3626,#3627,#3628,#3629));
#1034=EDGE_LOOP('',(#3630,#3631,#3632,#3633,#3634));
#1035=EDGE_LOOP('',(#3635,#3636,#3637,#3638,#3639));
#1036=EDGE_LOOP('',(#3640,#3641,#3642,#3643));
#1037=EDGE_LOOP('',(#3644,#3645,#3646,#3647));
#1038=EDGE_LOOP('',(#3648,#3649,#3650,#3651));
#1039=EDGE_LOOP('',(#3652,#3653,#3654,#3655));
#1040=EDGE_LOOP('',(#3656,#3657,#3658,#3659,#3660,#3661,#3662,#3663,#3664,
#3665));
#1041=EDGE_LOOP('',(#3666,#3667,#3668,#3669,#3670,#3671));
#1042=EDGE_LOOP('',(#3672,#3673,#3674,#3675,#3676));
#1043=EDGE_LOOP('',(#3677,#3678,#3679,#3680,#3681));
#1044=EDGE_LOOP('',(#3682,#3683,#3684,#3685));
#1045=EDGE_LOOP('',(#3686,#3687,#3688));
#1046=EDGE_LOOP('',(#3689,#3690,#3691,#3692));
#1047=EDGE_LOOP('',(#3693,#3694,#3695,#3696,#3697,#3698));
#1048=EDGE_LOOP('',(#3699,#3700,#3701,#3702));
#1049=EDGE_LOOP('',(#3703,#3704,#3705,#3706));
#1050=EDGE_LOOP('',(#3707,#3708,#3709,#3710,#3711));
#1051=EDGE_LOOP('',(#3712,#3713,#3714,#3715));
#1052=EDGE_LOOP('',(#3716,#3717,#3718,#3719));
#1053=EDGE_LOOP('',(#3720,#3721,#3722,#3723));
#1054=EDGE_LOOP('',(#3724,#3725,#3726,#3727));
#1055=EDGE_LOOP('',(#3728,#3729,#3730,#3731));
#1056=EDGE_LOOP('',(#3732,#3733,#3734,#3735));
#1057=EDGE_LOOP('',(#3736,#3737,#3738,#3739,#3740,#3741,#3742,#3743,#3744));
#1058=EDGE_LOOP('',(#3745));
#1059=EDGE_LOOP('',(#3746));
#1060=EDGE_LOOP('',(#3747));
#1061=EDGE_LOOP('',(#3748));
#1062=EDGE_LOOP('',(#3749));
#1063=EDGE_LOOP('',(#3750));
#1064=EDGE_LOOP('',(#3751));
#1065=EDGE_LOOP('',(#3752,#3753,#3754,#3755));
#1066=EDGE_LOOP('',(#3756,#3757,#3758,#3759,#3760,#3761));
#1067=EDGE_LOOP('',(#3762,#3763,#3764,#3765,#3766,#3767));
#1068=EDGE_LOOP('',(#3768,#3769,#3770,#3771,#3772));
#1069=EDGE_LOOP('',(#3773));
#1070=EDGE_LOOP('',(#3774));
#1071=EDGE_LOOP('',(#3775));
#1072=EDGE_LOOP('',(#3776,#3777,#3778,#3779,#3780,#3781,#3782,#3783));
#1073=EDGE_LOOP('',(#3784,#3785,#3786,#3787,#3788,#3789,#3790,#3791));
#1074=EDGE_LOOP('',(#3792,#3793,#3794,#3795,#3796,#3797,#3798,#3799));
#1075=EDGE_LOOP('',(#3800,#3801,#3802,#3803));
#1076=EDGE_LOOP('',(#3804,#3805,#3806,#3807,#3808));
#1077=EDGE_LOOP('',(#3809,#3810,#3811,#3812,#3813,#3814,#3815,#3816));
#1078=EDGE_LOOP('',(#3817,#3818,#3819,#3820,#3821,#3822,#3823,#3824));
#1079=EDGE_LOOP('',(#3825,#3826,#3827,#3828,#3829,#3830,#3831,#3832));
#1080=EDGE_LOOP('',(#3833));
#1081=EDGE_LOOP('',(#3834));
#1082=EDGE_LOOP('',(#3835));
#1083=EDGE_LOOP('',(#3836,#3837,#3838,#3839));
#1084=EDGE_LOOP('',(#3840,#3841,#3842,#3843));
#1085=EDGE_LOOP('',(#3844,#3845,#3846,#3847));
#1086=EDGE_LOOP('',(#3848,#3849,#3850,#3851));
#1087=EDGE_LOOP('',(#3852,#3853,#3854,#3855));
#1088=EDGE_LOOP('',(#3856,#3857,#3858,#3859));
#1089=EDGE_LOOP('',(#3860,#3861,#3862,#3863));
#1090=EDGE_LOOP('',(#3864,#3865,#3866,#3867));
#1091=EDGE_LOOP('',(#3868,#3869,#3870,#3871));
#1092=EDGE_LOOP('',(#3872,#3873,#3874,#3875));
#1093=EDGE_LOOP('',(#3876,#3877,#3878,#3879,#3880,#3881,#3882,#3883));
#1094=EDGE_LOOP('',(#3884,#3885,#3886,#3887));
#1095=EDGE_LOOP('',(#3888,#3889,#3890,#3891));
#1096=EDGE_LOOP('',(#3892,#3893,#3894,#3895));
#1097=EDGE_LOOP('',(#3896,#3897,#3898,#3899));
#1098=EDGE_LOOP('',(#3900,#3901,#3902,#3903,#3904,#3905,#3906,#3907));
#1099=EDGE_LOOP('',(#3908,#3909,#3910,#3911));
#1100=EDGE_LOOP('',(#3912,#3913,#3914,#3915));
#1101=EDGE_LOOP('',(#3916,#3917,#3918,#3919));
#1102=EDGE_LOOP('',(#3920,#3921,#3922,#3923));
#1103=EDGE_LOOP('',(#3924,#3925,#3926,#3927,#3928,#3929,#3930,#3931));
#1104=EDGE_LOOP('',(#3932,#3933,#3934,#3935));
#1105=EDGE_LOOP('',(#3936,#3937,#3938,#3939));
#1106=EDGE_LOOP('',(#3940,#3941,#3942,#3943));
#1107=EDGE_LOOP('',(#3944,#3945,#3946,#3947));
#1108=EDGE_LOOP('',(#3948,#3949,#3950,#3951));
#1109=EDGE_LOOP('',(#3952,#3953,#3954,#3955));
#1110=EDGE_LOOP('',(#3956,#3957,#3958,#3959));
#1111=EDGE_LOOP('',(#3960,#3961,#3962,#3963));
#1112=EDGE_LOOP('',(#3964,#3965,#3966,#3967));
#1113=EDGE_LOOP('',(#3968,#3969,#3970,#3971));
#1114=EDGE_LOOP('',(#3972,#3973,#3974,#3975));
#1115=EDGE_LOOP('',(#3976,#3977,#3978,#3979));
#1116=EDGE_LOOP('',(#3980,#3981,#3982,#3983));
#1117=EDGE_LOOP('',(#3984,#3985,#3986,#3987));
#1118=EDGE_LOOP('',(#3988,#3989,#3990,#3991));
#1119=EDGE_LOOP('',(#3992,#3993,#3994,#3995));
#1120=EDGE_LOOP('',(#3996,#3997,#3998,#3999));
#1121=EDGE_LOOP('',(#4000,#4001,#4002,#4003));
#1122=EDGE_LOOP('',(#4004,#4005,#4006,#4007));
#1123=EDGE_LOOP('',(#4008,#4009,#4010,#4011));
#1124=EDGE_LOOP('',(#4012,#4013,#4014,#4015));
#1125=EDGE_LOOP('',(#4016,#4017,#4018,#4019));
#1126=EDGE_LOOP('',(#4020,#4021,#4022,#4023));
#1127=EDGE_LOOP('',(#4024,#4025,#4026,#4027));
#1128=EDGE_LOOP('',(#4028,#4029,#4030,#4031));
#1129=EDGE_LOOP('',(#4032,#4033,#4034,#4035));
#1130=EDGE_LOOP('',(#4036,#4037,#4038,#4039));
#1131=EDGE_LOOP('',(#4040,#4041,#4042,#4043));
#1132=EDGE_LOOP('',(#4044,#4045,#4046,#4047));
#1133=EDGE_LOOP('',(#4048,#4049,#4050,#4051));
#1134=EDGE_LOOP('',(#4052,#4053,#4054,#4055));
#1135=EDGE_LOOP('',(#4056,#4057,#4058,#4059));
#1136=EDGE_LOOP('',(#4060));
#1137=EDGE_LOOP('',(#4061));
#1138=EDGE_LOOP('',(#4062,#4063,#4064,#4065));
#1139=EDGE_LOOP('',(#4066));
#1140=EDGE_LOOP('',(#4067));
#1141=EDGE_LOOP('',(#4068,#4069,#4070,#4071));
#1142=EDGE_LOOP('',(#4072));
#1143=EDGE_LOOP('',(#4073));
#1144=EDGE_LOOP('',(#4074,#4075,#4076,#4077));
#1145=EDGE_LOOP('',(#4078,#4079,#4080,#4081));
#1146=EDGE_LOOP('',(#4082,#4083,#4084,#4085));
#1147=EDGE_LOOP('',(#4086,#4087,#4088,#4089));
#1148=EDGE_LOOP('',(#4090,#4091,#4092,#4093));
#1149=EDGE_LOOP('',(#4094,#4095,#4096,#4097));
#1150=EDGE_LOOP('',(#4098,#4099,#4100,#4101,#4102,#4103,#4104,#4105));
#1151=EDGE_LOOP('',(#4106,#4107,#4108,#4109,#4110,#4111,#4112,#4113));
#1152=EDGE_LOOP('',(#4114,#4115,#4116,#4117,#4118,#4119,#4120,#4121));
#1153=EDGE_LOOP('',(#4122,#4123,#4124,#4125));
#1154=EDGE_LOOP('',(#4126));
#1155=EDGE_LOOP('',(#4127));
#1156=EDGE_LOOP('',(#4128,#4129,#4130,#4131));
#1157=EDGE_LOOP('',(#4132));
#1158=EDGE_LOOP('',(#4133));
#1159=EDGE_LOOP('',(#4134,#4135,#4136,#4137));
#1160=EDGE_LOOP('',(#4138));
#1161=EDGE_LOOP('',(#4139));
#1162=EDGE_LOOP('',(#4140,#4141,#4142,#4143));
#1163=EDGE_LOOP('',(#4144,#4145,#4146,#4147));
#1164=EDGE_LOOP('',(#4148,#4149,#4150,#4151));
#1165=LINE('',#6611,#1499);
#1166=LINE('',#6613,#1500);
#1167=LINE('',#6615,#1501);
#1168=LINE('',#6616,#1502);
#1169=LINE('',#6622,#1503);
#1170=LINE('',#6626,#1504);
#1171=LINE('',#6627,#1505);
#1172=LINE('',#6629,#1506);
#1173=LINE('',#6633,#1507);
#1174=LINE('',#6636,#1508);
#1175=LINE('',#6639,#1509);
#1176=LINE('',#6640,#1510);
#1177=LINE('',#6647,#1511);
#1178=LINE('',#6650,#1512);
#1179=LINE('',#6651,#1513);
#1180=LINE('',#6654,#1514);
#1181=LINE('',#6656,#1515);
#1182=LINE('',#6659,#1516);
#1183=LINE('',#6662,#1517);
#1184=LINE('',#6666,#1518);
#1185=LINE('',#6668,#1519);
#1186=LINE('',#6672,#1520);
#1187=LINE('',#6675,#1521);
#1188=LINE('',#6677,#1522);
#1189=LINE('',#6678,#1523);
#1190=LINE('',#6681,#1524);
#1191=LINE('',#6691,#1525);
#1192=LINE('',#6699,#1526);
#1193=LINE('',#6711,#1527);
#1194=LINE('',#6719,#1528);
#1195=LINE('',#6723,#1529);
#1196=LINE('',#6731,#1530);
#1197=LINE('',#6739,#1531);
#1198=LINE('',#6743,#1532);
#1199=LINE('',#6746,#1533);
#1200=LINE('',#6749,#1534);
#1201=LINE('',#6757,#1535);
#1202=LINE('',#6769,#1536);
#1203=LINE('',#6777,#1537);
#1204=LINE('',#6781,#1538);
#1205=LINE('',#6789,#1539);
#1206=LINE('',#6803,#1540);
#1207=LINE('',#6804,#1541);
#1208=LINE('',#6809,#1542);
#1209=LINE('',#6810,#1543);
#1210=LINE('',#6820,#1544);
#1211=LINE('',#6823,#1545);
#1212=LINE('',#6827,#1546);
#1213=LINE('',#6830,#1547);
#1214=LINE('',#6833,#1548);
#1215=LINE('',#6835,#1549);
#1216=LINE('',#6841,#1550);
#1217=LINE('',#6844,#1551);
#1218=LINE('',#6847,#1552);
#1219=LINE('',#6850,#1553);
#1220=LINE('',#6854,#1554);
#1221=LINE('',#6857,#1555);
#1222=LINE('',#6860,#1556);
#1223=LINE('',#6862,#1557);
#1224=LINE('',#6868,#1558);
#1225=LINE('',#6871,#1559);
#1226=LINE('',#6874,#1560);
#1227=LINE('',#6877,#1561);
#1228=LINE('',#6881,#1562);
#1229=LINE('',#6884,#1563);
#1230=LINE('',#6887,#1564);
#1231=LINE('',#6889,#1565);
#1232=LINE('',#6895,#1566);
#1233=LINE('',#6898,#1567);
#1234=LINE('',#6900,#1568);
#1235=LINE('',#6902,#1569);
#1236=LINE('',#6904,#1570);
#1237=LINE('',#6906,#1571);
#1238=LINE('',#6908,#1572);
#1239=LINE('',#6910,#1573);
#1240=LINE('',#6913,#1574);
#1241=LINE('',#6916,#1575);
#1242=LINE('',#6919,#1576);
#1243=LINE('',#6920,#1577);
#1244=LINE('',#6923,#1578);
#1245=LINE('',#6927,#1579);
#1246=LINE('',#6931,#1580);
#1247=LINE('',#6935,#1581);
#1248=LINE('',#6936,#1582);
#1249=LINE('',#6939,#1583);
#1250=LINE('',#6945,#1584);
#1251=LINE('',#6948,#1585);
#1252=LINE('',#6951,#1586);
#1253=LINE('',#6952,#1587);
#1254=LINE('',#6955,#1588);
#1255=LINE('',#6958,#1589);
#1256=LINE('',#6963,#1590);
#1257=LINE('',#6967,#1591);
#1258=LINE('',#6971,#1592);
#1259=LINE('',#6974,#1593);
#1260=LINE('',#6977,#1594);
#1261=LINE('',#6980,#1595);
#1262=LINE('',#6983,#1596);
#1263=LINE('',#6987,#1597);
#1264=LINE('',#6990,#1598);
#1265=LINE('',#6992,#1599);
#1266=LINE('',#6995,#1600);
#1267=LINE('',#6998,#1601);
#1268=LINE('',#7003,#1602);
#1269=LINE('',#7006,#1603);
#1270=LINE('',#7010,#1604);
#1271=LINE('',#7017,#1605);
#1272=LINE('',#7024,#1606);
#1273=LINE('',#7039,#1607);
#1274=LINE('',#7046,#1608);
#1275=LINE('',#7053,#1609);
#1276=LINE('',#7059,#1610);
#1277=LINE('',#7061,#1611);
#1278=LINE('',#7063,#1612);
#1279=LINE('',#7068,#1613);
#1280=LINE('',#7075,#1614);
#1281=LINE('',#7082,#1615);
#1282=LINE('',#7089,#1616);
#1283=LINE('',#7096,#1617);
#1284=LINE('',#7103,#1618);
#1285=LINE('',#7110,#1619);
#1286=LINE('',#7117,#1620);
#1287=LINE('',#7124,#1621);
#1288=LINE('',#7131,#1622);
#1289=LINE('',#7138,#1623);
#1290=LINE('',#7145,#1624);
#1291=LINE('',#7152,#1625);
#1292=LINE('',#7159,#1626);
#1293=LINE('',#7166,#1627);
#1294=LINE('',#7173,#1628);
#1295=LINE('',#7180,#1629);
#1296=LINE('',#7187,#1630);
#1297=LINE('',#7194,#1631);
#1298=LINE('',#7201,#1632);
#1299=LINE('',#7208,#1633);
#1300=LINE('',#7215,#1634);
#1301=LINE('',#7222,#1635);
#1302=LINE('',#7229,#1636);
#1303=LINE('',#7236,#1637);
#1304=LINE('',#7243,#1638);
#1305=LINE('',#7250,#1639);
#1306=LINE('',#7257,#1640);
#1307=LINE('',#7264,#1641);
#1308=LINE('',#7271,#1642);
#1309=LINE('',#7277,#1643);
#1310=LINE('',#7279,#1644);
#1311=LINE('',#7281,#1645);
#1312=LINE('',#7282,#1646);
#1313=LINE('',#7286,#1647);
#1314=LINE('',#7288,#1648);
#1315=LINE('',#7292,#1649);
#1316=LINE('',#7296,#1650);
#1317=LINE('',#7300,#1651);
#1318=LINE('',#7304,#1652);
#1319=LINE('',#7306,#1653);
#1320=LINE('',#7308,#1654);
#1321=LINE('',#7310,#1655);
#1322=LINE('',#7312,#1656);
#1323=LINE('',#7314,#1657);
#1324=LINE('',#7315,#1658);
#1325=LINE('',#7318,#1659);
#1326=LINE('',#7320,#1660);
#1327=LINE('',#7322,#1661);
#1328=LINE('',#7323,#1662);
#1329=LINE('',#7327,#1663);
#1330=LINE('',#7331,#1664);
#1331=LINE('',#7335,#1665);
#1332=LINE('',#7339,#1666);
#1333=LINE('',#7345,#1667);
#1334=LINE('',#7347,#1668);
#1335=LINE('',#7348,#1669);
#1336=LINE('',#7350,#1670);
#1337=LINE('',#7352,#1671);
#1338=LINE('',#7354,#1672);
#1339=LINE('',#7366,#1673);
#1340=LINE('',#7368,#1674);
#1341=LINE('',#7370,#1675);
#1342=LINE('',#7377,#1676);
#1343=LINE('',#7378,#1677);
#1344=LINE('',#7382,#1678);
#1345=LINE('',#7383,#1679);
#1346=LINE('',#7385,#1680);
#1347=LINE('',#7387,#1681);
#1348=LINE('',#7389,#1682);
#1349=LINE('',#7391,#1683);
#1350=LINE('',#7393,#1684);
#1351=LINE('',#7395,#1685);
#1352=LINE('',#7398,#1686);
#1353=LINE('',#7400,#1687);
#1354=LINE('',#7401,#1688);
#1355=LINE('',#7404,#1689);
#1356=LINE('',#7405,#1690);
#1357=LINE('',#7408,#1691);
#1358=LINE('',#7410,#1692);
#1359=LINE('',#7413,#1693);
#1360=LINE('',#7415,#1694);
#1361=LINE('',#7417,#1695);
#1362=LINE('',#7419,#1696);
#1363=LINE('',#7420,#1697);
#1364=LINE('',#7425,#1698);
#1365=LINE('',#7426,#1699);
#1366=LINE('',#7428,#1700);
#1367=LINE('',#7439,#1701);
#1368=LINE('',#7441,#1702);
#1369=LINE('',#7443,#1703);
#1370=LINE('',#7445,#1704);
#1371=LINE('',#7446,#1705);
#1372=LINE('',#7454,#1706);
#1373=LINE('',#7462,#1707);
#1374=LINE('',#7465,#1708);
#1375=LINE('',#7466,#1709);
#1376=LINE('',#7468,#1710);
#1377=LINE('',#7470,#1711);
#1378=LINE('',#7473,#1712);
#1379=LINE('',#7474,#1713);
#1380=LINE('',#7476,#1714);
#1381=LINE('',#7478,#1715);
#1382=LINE('',#7480,#1716);
#1383=LINE('',#7482,#1717);
#1384=LINE('',#7484,#1718);
#1385=LINE('',#7485,#1719);
#1386=LINE('',#7487,#1720);
#1387=LINE('',#7490,#1721);
#1388=LINE('',#7491,#1722);
#1389=LINE('',#7496,#1723);
#1390=LINE('',#7497,#1724);
#1391=LINE('',#7501,#1725);
#1392=LINE('',#7503,#1726);
#1393=LINE('',#7504,#1727);
#1394=LINE('',#7507,#1728);
#1395=LINE('',#7508,#1729);
#1396=LINE('',#7510,#1730);
#1397=LINE('',#7512,#1731);
#1398=LINE('',#7516,#1732);
#1399=LINE('',#7518,#1733);
#1400=LINE('',#7520,#1734);
#1401=LINE('',#7522,#1735);
#1402=LINE('',#7527,#1736);
#1403=LINE('',#7530,#1737);
#1404=LINE('',#7534,#1738);
#1405=LINE('',#7536,#1739);
#1406=LINE('',#7540,#1740);
#1407=LINE('',#7543,#1741);
#1408=LINE('',#7545,#1742);
#1409=LINE('',#7546,#1743);
#1410=LINE('',#7549,#1744);
#1411=LINE('',#7559,#1745);
#1412=LINE('',#7567,#1746);
#1413=LINE('',#7579,#1747);
#1414=LINE('',#7587,#1748);
#1415=LINE('',#7591,#1749);
#1416=LINE('',#7599,#1750);
#1417=LINE('',#7607,#1751);
#1418=LINE('',#7611,#1752);
#1419=LINE('',#7614,#1753);
#1420=LINE('',#7617,#1754);
#1421=LINE('',#7625,#1755);
#1422=LINE('',#7637,#1756);
#1423=LINE('',#7645,#1757);
#1424=LINE('',#7649,#1758);
#1425=LINE('',#7657,#1759);
#1426=LINE('',#7671,#1760);
#1427=LINE('',#7672,#1761);
#1428=LINE('',#7677,#1762);
#1429=LINE('',#7678,#1763);
#1430=LINE('',#7688,#1764);
#1431=LINE('',#7691,#1765);
#1432=LINE('',#7695,#1766);
#1433=LINE('',#7698,#1767);
#1434=LINE('',#7701,#1768);
#1435=LINE('',#7703,#1769);
#1436=LINE('',#7709,#1770);
#1437=LINE('',#7712,#1771);
#1438=LINE('',#7715,#1772);
#1439=LINE('',#7718,#1773);
#1440=LINE('',#7722,#1774);
#1441=LINE('',#7725,#1775);
#1442=LINE('',#7728,#1776);
#1443=LINE('',#7730,#1777);
#1444=LINE('',#7736,#1778);
#1445=LINE('',#7739,#1779);
#1446=LINE('',#7742,#1780);
#1447=LINE('',#7745,#1781);
#1448=LINE('',#7749,#1782);
#1449=LINE('',#7752,#1783);
#1450=LINE('',#7755,#1784);
#1451=LINE('',#7757,#1785);
#1452=LINE('',#7763,#1786);
#1453=LINE('',#7766,#1787);
#1454=LINE('',#7768,#1788);
#1455=LINE('',#7770,#1789);
#1456=LINE('',#7772,#1790);
#1457=LINE('',#7774,#1791);
#1458=LINE('',#7776,#1792);
#1459=LINE('',#7778,#1793);
#1460=LINE('',#7781,#1794);
#1461=LINE('',#7784,#1795);
#1462=LINE('',#7787,#1796);
#1463=LINE('',#7788,#1797);
#1464=LINE('',#7791,#1798);
#1465=LINE('',#7795,#1799);
#1466=LINE('',#7799,#1800);
#1467=LINE('',#7803,#1801);
#1468=LINE('',#7804,#1802);
#1469=LINE('',#7807,#1803);
#1470=LINE('',#7813,#1804);
#1471=LINE('',#7816,#1805);
#1472=LINE('',#7819,#1806);
#1473=LINE('',#7820,#1807);
#1474=LINE('',#7823,#1808);
#1475=LINE('',#7826,#1809);
#1476=LINE('',#7831,#1810);
#1477=LINE('',#7835,#1811);
#1478=LINE('',#7839,#1812);
#1479=LINE('',#7842,#1813);
#1480=LINE('',#7845,#1814);
#1481=LINE('',#7848,#1815);
#1482=LINE('',#7851,#1816);
#1483=LINE('',#7855,#1817);
#1484=LINE('',#7858,#1818);
#1485=LINE('',#7860,#1819);
#1486=LINE('',#7863,#1820);
#1487=LINE('',#7866,#1821);
#1488=LINE('',#7871,#1822);
#1489=LINE('',#7874,#1823);
#1490=LINE('',#7878,#1824);
#1491=LINE('',#7885,#1825);
#1492=LINE('',#7892,#1826);
#1493=LINE('',#7907,#1827);
#1494=LINE('',#7914,#1828);
#1495=LINE('',#7921,#1829);
#1496=LINE('',#7927,#1830);
#1497=LINE('',#7929,#1831);
#1498=LINE('',#7931,#1832);
#1499=VECTOR('',#5129,1.);
#1500=VECTOR('',#5130,1.);
#1501=VECTOR('',#5131,1.);
#1502=VECTOR('',#5132,1.);
#1503=VECTOR('',#5137,1.);
#1504=VECTOR('',#5140,1.);
#1505=VECTOR('',#5141,1.);
#1506=VECTOR('',#5142,1.);
#1507=VECTOR('',#5145,1.);
#1508=VECTOR('',#5148,1.);
#1509=VECTOR('',#5151,1.);
#1510=VECTOR('',#5152,1.);
#1511=VECTOR('',#5159,1.);
#1512=VECTOR('',#5162,1.);
#1513=VECTOR('',#5163,1.);
#1514=VECTOR('',#5166,1.);
#1515=VECTOR('',#5169,1.);
#1516=VECTOR('',#5172,0.100000000000021);
#1517=VECTOR('',#5175,0.100000000000021);
#1518=VECTOR('',#5178,1.);
#1519=VECTOR('',#5179,1.);
#1520=VECTOR('',#5182,1.);
#1521=VECTOR('',#5185,1.);
#1522=VECTOR('',#5188,1.);
#1523=VECTOR('',#5189,1.);
#1524=VECTOR('',#5192,0.100000000000021);
#1525=VECTOR('',#5201,0.100000000000021);
#1526=VECTOR('',#5208,0.100000000000021);
#1527=VECTOR('',#5219,0.100000000000021);
#1528=VECTOR('',#5226,0.100000000000021);
#1529=VECTOR('',#5229,0.100000000000021);
#1530=VECTOR('',#5236,0.100000000000021);
#1531=VECTOR('',#5245,0.100000000000021);
#1532=VECTOR('',#5250,0.100000000000021);
#1533=VECTOR('',#5253,0.100000000000021);
#1534=VECTOR('',#5254,0.100000000000021);
#1535=VECTOR('',#5261,0.100000000000021);
#1536=VECTOR('',#5272,0.100000000000021);
#1537=VECTOR('',#5279,0.100000000000021);
#1538=VECTOR('',#5282,0.100000000000021);
#1539=VECTOR('',#5289,0.100000000000021);
#1540=VECTOR('',#5304,0.100000000000021);
#1541=VECTOR('',#5305,0.099999999999982);
#1542=VECTOR('',#5312,0.099999999999982);
#1543=VECTOR('',#5313,0.100000000000021);
#1544=VECTOR('',#5330,0.099999999999982);
#1545=VECTOR('',#5333,0.099999999999982);
#1546=VECTOR('',#5338,0.099999999999982);
#1547=VECTOR('',#5341,0.099999999999982);
#1548=VECTOR('',#5344,0.099999999999982);
#1549=VECTOR('',#5347,0.100000000000021);
#1550=VECTOR('',#5352,0.100000000000021);
#1551=VECTOR('',#5357,0.099999999999982);
#1552=VECTOR('',#5360,0.099999999999982);
#1553=VECTOR('',#5363,0.099999999999982);
#1554=VECTOR('',#5368,0.099999999999982);
#1555=VECTOR('',#5371,0.099999999999982);
#1556=VECTOR('',#5374,0.099999999999982);
#1557=VECTOR('',#5377,0.100000000000021);
#1558=VECTOR('',#5382,0.100000000000021);
#1559=VECTOR('',#5387,0.099999999999982);
#1560=VECTOR('',#5390,0.099999999999982);
#1561=VECTOR('',#5393,0.099999999999982);
#1562=VECTOR('',#5398,0.099999999999982);
#1563=VECTOR('',#5401,0.099999999999982);
#1564=VECTOR('',#5404,0.099999999999982);
#1565=VECTOR('',#5407,0.100000000000021);
#1566=VECTOR('',#5412,0.100000000000021);
#1567=VECTOR('',#5417,0.099999999999982);
#1568=VECTOR('',#5420,0.099999999999982);
#1569=VECTOR('',#5423,0.099999999999982);
#1570=VECTOR('',#5426,0.099999999999982);
#1571=VECTOR('',#5429,0.099999999999982);
#1572=VECTOR('',#5432,0.099999999999982);
#1573=VECTOR('',#5435,0.099999999999982);
#1574=VECTOR('',#5438,0.099999999999982);
#1575=VECTOR('',#5441,0.099999999999982);
#1576=VECTOR('',#5444,0.099999999999982);
#1577=VECTOR('',#5445,0.100000000000021);
#1578=VECTOR('',#5448,0.099999999999982);
#1579=VECTOR('',#5453,0.099999999999982);
#1580=VECTOR('',#5458,0.099999999999982);
#1581=VECTOR('',#5463,0.099999999999982);
#1582=VECTOR('',#5464,0.100000000000021);
#1583=VECTOR('',#5467,0.099999999999982);
#1584=VECTOR('',#5476,0.099999999999982);
#1585=VECTOR('',#5479,0.099999999999982);
#1586=VECTOR('',#5482,0.099999999999982);
#1587=VECTOR('',#5483,0.100000000000021);
#1588=VECTOR('',#5486,0.099999999999982);
#1589=VECTOR('',#5489,0.099999999999982);
#1590=VECTOR('',#5496,0.099999999999982);
#1591=VECTOR('',#5501,0.099999999999982);
#1592=VECTOR('',#5506,0.099999999999982);
#1593=VECTOR('',#5511,0.100000000000021);
#1594=VECTOR('',#5514,0.099999999999982);
#1595=VECTOR('',#5517,0.099999999999982);
#1596=VECTOR('',#5520,0.099999999999982);
#1597=VECTOR('',#5525,0.099999999999982);
#1598=VECTOR('',#5528,0.099999999999982);
#1599=VECTOR('',#5531,0.100000000000021);
#1600=VECTOR('',#5534,0.099999999999982);
#1601=VECTOR('',#5537,0.099999999999982);
#1602=VECTOR('',#5544,0.099999999999982);
#1603=VECTOR('',#5549,0.100000000000021);
#1604=VECTOR('',#5554,0.31);
#1605=VECTOR('',#5563,0.31);
#1606=VECTOR('',#5572,0.31);
#1607=VECTOR('',#5597,0.31);
#1608=VECTOR('',#5606,0.31);
#1609=VECTOR('',#5615,0.31);
#1610=VECTOR('',#5624,0.24);
#1611=VECTOR('',#5627,0.24);
#1612=VECTOR('',#5630,0.24);
#1613=VECTOR('',#5635,0.239999999999033);
#1614=VECTOR('',#5644,0.239999999999033);
#1615=VECTOR('',#5653,0.239999999999033);
#1616=VECTOR('',#5662,0.239999999999033);
#1617=VECTOR('',#5671,0.239999999999033);
#1618=VECTOR('',#5680,0.239999999999033);
#1619=VECTOR('',#5689,0.239999999999033);
#1620=VECTOR('',#5698,0.309999999998752);
#1621=VECTOR('',#5707,0.309999999998752);
#1622=VECTOR('',#5716,0.309999999998752);
#1623=VECTOR('',#5725,0.309999999998752);
#1624=VECTOR('',#5734,0.309999999998752);
#1625=VECTOR('',#5743,0.309999999998752);
#1626=VECTOR('',#5752,0.309999999998752);
#1627=VECTOR('',#5761,0.239999999999034);
#1628=VECTOR('',#5770,0.239999999999034);
#1629=VECTOR('',#5779,0.239999999999034);
#1630=VECTOR('',#5788,0.239999999999034);
#1631=VECTOR('',#5797,0.309999999998752);
#1632=VECTOR('',#5806,0.309999999998752);
#1633=VECTOR('',#5815,0.309999999998752);
#1634=VECTOR('',#5824,0.309999999998752);
#1635=VECTOR('',#5833,0.239999999999034);
#1636=VECTOR('',#5842,0.239999999999034);
#1637=VECTOR('',#5851,0.239999999999034);
#1638=VECTOR('',#5860,0.239999999999034);
#1639=VECTOR('',#5869,0.309999999998752);
#1640=VECTOR('',#5878,0.309999999998752);
#1641=VECTOR('',#5887,0.309999999998752);
#1642=VECTOR('',#5896,0.309999999998752);
#1643=VECTOR('',#5903,1.);
#1644=VECTOR('',#5904,1.);
#1645=VECTOR('',#5905,1.);
#1646=VECTOR('',#5906,1.);
#1647=VECTOR('',#5909,1.);
#1648=VECTOR('',#5910,1.);
#1649=VECTOR('',#5913,1.);
#1650=VECTOR('',#5916,1.);
#1651=VECTOR('',#5919,1.);
#1652=VECTOR('',#5922,1.);
#1653=VECTOR('',#5923,1.);
#1654=VECTOR('',#5924,1.);
#1655=VECTOR('',#5925,1.);
#1656=VECTOR('',#5926,1.);
#1657=VECTOR('',#5927,1.);
#1658=VECTOR('',#5928,1.);
#1659=VECTOR('',#5929,1.);
#1660=VECTOR('',#5930,1.);
#1661=VECTOR('',#5931,1.);
#1662=VECTOR('',#5932,1.);
#1663=VECTOR('',#5935,1.);
#1664=VECTOR('',#5938,1.);
#1665=VECTOR('',#5941,1.);
#1666=VECTOR('',#5944,1.);
#1667=VECTOR('',#5951,1.);
#1668=VECTOR('',#5952,1.);
#1669=VECTOR('',#5953,1.);
#1670=VECTOR('',#5954,1.);
#1671=VECTOR('',#5955,1.);
#1672=VECTOR('',#5956,1.);
#1673=VECTOR('',#5969,1.);
#1674=VECTOR('',#5970,1.);
#1675=VECTOR('',#5971,1.);
#1676=VECTOR('',#5978,1.);
#1677=VECTOR('',#5979,1.);
#1678=VECTOR('',#5984,1.);
#1679=VECTOR('',#5985,1.);
#1680=VECTOR('',#5988,1.);
#1681=VECTOR('',#5991,1.);
#1682=VECTOR('',#5994,1.);
#1683=VECTOR('',#5997,1.);
#1684=VECTOR('',#6000,1.);
#1685=VECTOR('',#6003,1.);
#1686=VECTOR('',#6006,1.);
#1687=VECTOR('',#6007,1.);
#1688=VECTOR('',#6008,1.);
#1689=VECTOR('',#6011,1.);
#1690=VECTOR('',#6012,1.);
#1691=VECTOR('',#6015,1.);
#1692=VECTOR('',#6016,1.);
#1693=VECTOR('',#6019,1.);
#1694=VECTOR('',#6020,1.);
#1695=VECTOR('',#6021,1.);
#1696=VECTOR('',#6022,1.);
#1697=VECTOR('',#6023,1.);
#1698=VECTOR('',#6028,1.);
#1699=VECTOR('',#6029,1.);
#1700=VECTOR('',#6032,1.);
#1701=VECTOR('',#6045,1.);
#1702=VECTOR('',#6046,1.);
#1703=VECTOR('',#6047,1.);
#1704=VECTOR('',#6048,1.);
#1705=VECTOR('',#6049,1.);
#1706=VECTOR('',#6058,0.175000126212598);
#1707=VECTOR('',#6069,0.175000051861051);
#1708=VECTOR('',#6072,1.);
#1709=VECTOR('',#6073,1.);
#1710=VECTOR('',#6076,0.414999999999999);
#1711=VECTOR('',#6079,1.);
#1712=VECTOR('',#6082,1.);
#1713=VECTOR('',#6083,1.);
#1714=VECTOR('',#6086,1.);
#1715=VECTOR('',#6087,1.);
#1716=VECTOR('',#6088,1.);
#1717=VECTOR('',#6089,1.);
#1718=VECTOR('',#6090,1.);
#1719=VECTOR('',#6091,1.);
#1720=VECTOR('',#6094,1.);
#1721=VECTOR('',#6097,1.);
#1722=VECTOR('',#6098,1.);
#1723=VECTOR('',#6105,1.);
#1724=VECTOR('',#6106,1.);
#1725=VECTOR('',#6111,1.);
#1726=VECTOR('',#6114,1.);
#1727=VECTOR('',#6115,1.);
#1728=VECTOR('',#6118,1.);
#1729=VECTOR('',#6119,1.);
#1730=VECTOR('',#6122,1.);
#1731=VECTOR('',#6125,1.);
#1732=VECTOR('',#6132,1.);
#1733=VECTOR('',#6135,0.399999975326264);
#1734=VECTOR('',#6138,0.414999999999999);
#1735=VECTOR('',#6141,1.);
#1736=VECTOR('',#6148,0.100000000000021);
#1737=VECTOR('',#6151,0.100000000000021);
#1738=VECTOR('',#6154,1.);
#1739=VECTOR('',#6155,1.);
#1740=VECTOR('',#6158,1.);
#1741=VECTOR('',#6161,1.);
#1742=VECTOR('',#6164,1.);
#1743=VECTOR('',#6165,1.);
#1744=VECTOR('',#6168,0.100000000000021);
#1745=VECTOR('',#6177,0.100000000000021);
#1746=VECTOR('',#6184,0.100000000000021);
#1747=VECTOR('',#6195,0.100000000000021);
#1748=VECTOR('',#6202,0.100000000000021);
#1749=VECTOR('',#6205,0.100000000000021);
#1750=VECTOR('',#6212,0.100000000000021);
#1751=VECTOR('',#6221,0.100000000000021);
#1752=VECTOR('',#6226,0.100000000000021);
#1753=VECTOR('',#6229,0.100000000000021);
#1754=VECTOR('',#6230,0.100000000000021);
#1755=VECTOR('',#6237,0.100000000000021);
#1756=VECTOR('',#6248,0.100000000000021);
#1757=VECTOR('',#6255,0.100000000000021);
#1758=VECTOR('',#6258,0.100000000000021);
#1759=VECTOR('',#6265,0.100000000000021);
#1760=VECTOR('',#6280,0.100000000000021);
#1761=VECTOR('',#6281,0.099999999999982);
#1762=VECTOR('',#6288,0.099999999999982);
#1763=VECTOR('',#6289,0.100000000000021);
#1764=VECTOR('',#6306,0.099999999999982);
#1765=VECTOR('',#6309,0.099999999999982);
#1766=VECTOR('',#6314,0.099999999999982);
#1767=VECTOR('',#6317,0.099999999999982);
#1768=VECTOR('',#6320,0.099999999999982);
#1769=VECTOR('',#6323,0.100000000000021);
#1770=VECTOR('',#6328,0.100000000000021);
#1771=VECTOR('',#6333,0.099999999999982);
#1772=VECTOR('',#6336,0.099999999999982);
#1773=VECTOR('',#6339,0.099999999999982);
#1774=VECTOR('',#6344,0.099999999999982);
#1775=VECTOR('',#6347,0.099999999999982);
#1776=VECTOR('',#6350,0.099999999999982);
#1777=VECTOR('',#6353,0.100000000000021);
#1778=VECTOR('',#6358,0.100000000000021);
#1779=VECTOR('',#6363,0.099999999999982);
#1780=VECTOR('',#6366,0.099999999999982);
#1781=VECTOR('',#6369,0.099999999999982);
#1782=VECTOR('',#6374,0.099999999999982);
#1783=VECTOR('',#6377,0.099999999999982);
#1784=VECTOR('',#6380,0.099999999999982);
#1785=VECTOR('',#6383,0.100000000000021);
#1786=VECTOR('',#6388,0.100000000000021);
#1787=VECTOR('',#6393,0.099999999999982);
#1788=VECTOR('',#6396,0.099999999999982);
#1789=VECTOR('',#6399,0.099999999999982);
#1790=VECTOR('',#6402,0.099999999999982);
#1791=VECTOR('',#6405,0.099999999999982);
#1792=VECTOR('',#6408,0.099999999999982);
#1793=VECTOR('',#6411,0.099999999999982);
#1794=VECTOR('',#6414,0.099999999999982);
#1795=VECTOR('',#6417,0.099999999999982);
#1796=VECTOR('',#6420,0.099999999999982);
#1797=VECTOR('',#6421,0.100000000000021);
#1798=VECTOR('',#6424,0.099999999999982);
#1799=VECTOR('',#6429,0.099999999999982);
#1800=VECTOR('',#6434,0.099999999999982);
#1801=VECTOR('',#6439,0.099999999999982);
#1802=VECTOR('',#6440,0.100000000000021);
#1803=VECTOR('',#6443,0.099999999999982);
#1804=VECTOR('',#6452,0.099999999999982);
#1805=VECTOR('',#6455,0.099999999999982);
#1806=VECTOR('',#6458,0.099999999999982);
#1807=VECTOR('',#6459,0.100000000000021);
#1808=VECTOR('',#6462,0.099999999999982);
#1809=VECTOR('',#6465,0.099999999999982);
#1810=VECTOR('',#6472,0.099999999999982);
#1811=VECTOR('',#6477,0.099999999999982);
#1812=VECTOR('',#6482,0.099999999999982);
#1813=VECTOR('',#6487,0.100000000000021);
#1814=VECTOR('',#6490,0.099999999999982);
#1815=VECTOR('',#6493,0.099999999999982);
#1816=VECTOR('',#6496,0.099999999999982);
#1817=VECTOR('',#6501,0.099999999999982);
#1818=VECTOR('',#6504,0.099999999999982);
#1819=VECTOR('',#6507,0.100000000000021);
#1820=VECTOR('',#6510,0.099999999999982);
#1821=VECTOR('',#6513,0.099999999999982);
#1822=VECTOR('',#6520,0.099999999999982);
#1823=VECTOR('',#6525,0.100000000000021);
#1824=VECTOR('',#6530,0.31);
#1825=VECTOR('',#6539,0.31);
#1826=VECTOR('',#6548,0.31);
#1827=VECTOR('',#6573,0.31);
#1828=VECTOR('',#6582,0.31);
#1829=VECTOR('',#6591,0.31);
#1830=VECTOR('',#6600,0.24);
#1831=VECTOR('',#6603,0.24);
#1832=VECTOR('',#6606,0.24);
#1833=VERTEX_POINT('',#6609);
#1834=VERTEX_POINT('',#6610);
#1835=VERTEX_POINT('',#6612);
#1836=VERTEX_POINT('',#6614);
#1837=VERTEX_POINT('',#6618);
#1838=VERTEX_POINT('',#6619);
#1839=VERTEX_POINT('',#6621);
#1840=VERTEX_POINT('',#6623);
#1841=VERTEX_POINT('',#6625);
#1842=VERTEX_POINT('',#6628);
#1843=VERTEX_POINT('',#6630);
#1844=VERTEX_POINT('',#6632);
#1845=VERTEX_POINT('',#6634);
#1846=VERTEX_POINT('',#6638);
#1847=VERTEX_POINT('',#6642);
#1848=VERTEX_POINT('',#6644);
#1849=VERTEX_POINT('',#6646);
#1850=VERTEX_POINT('',#6649);
#1851=VERTEX_POINT('',#6652);
#1852=VERTEX_POINT('',#6658);
#1853=VERTEX_POINT('',#6660);
#1854=VERTEX_POINT('',#6664);
#1855=VERTEX_POINT('',#6665);
#1856=VERTEX_POINT('',#6667);
#1857=VERTEX_POINT('',#6669);
#1858=VERTEX_POINT('',#6671);
#1859=VERTEX_POINT('',#6673);
#1860=VERTEX_POINT('',#6680);
#1861=VERTEX_POINT('',#6683);
#1862=VERTEX_POINT('',#6685);
#1863=VERTEX_POINT('',#6687);
#1864=VERTEX_POINT('',#6689);
#1865=VERTEX_POINT('',#6690);
#1866=VERTEX_POINT('',#6692);
#1867=VERTEX_POINT('',#6694);
#1868=VERTEX_POINT('',#6696);
#1869=VERTEX_POINT('',#6698);
#1870=VERTEX_POINT('',#6700);
#1871=VERTEX_POINT('',#6702);
#1872=VERTEX_POINT('',#6705);
#1873=VERTEX_POINT('',#6706);
#1874=VERTEX_POINT('',#6708);
#1875=VERTEX_POINT('',#6710);
#1876=VERTEX_POINT('',#6712);
#1877=VERTEX_POINT('',#6714);
#1878=VERTEX_POINT('',#6716);
#1879=VERTEX_POINT('',#6718);
#1880=VERTEX_POINT('',#6721);
#1881=VERTEX_POINT('',#6722);
#1882=VERTEX_POINT('',#6724);
#1883=VERTEX_POINT('',#6726);
#1884=VERTEX_POINT('',#6728);
#1885=VERTEX_POINT('',#6730);
#1886=VERTEX_POINT('',#6732);
#1887=VERTEX_POINT('',#6734);
#1888=VERTEX_POINT('',#6738);
#1889=VERTEX_POINT('',#6742);
#1890=VERTEX_POINT('',#6744);
#1891=VERTEX_POINT('',#6747);
#1892=VERTEX_POINT('',#6748);
#1893=VERTEX_POINT('',#6750);
#1894=VERTEX_POINT('',#6752);
#1895=VERTEX_POINT('',#6754);
#1896=VERTEX_POINT('',#6756);
#1897=VERTEX_POINT('',#6758);
#1898=VERTEX_POINT('',#6760);
#1899=VERTEX_POINT('',#6763);
#1900=VERTEX_POINT('',#6764);
#1901=VERTEX_POINT('',#6766);
#1902=VERTEX_POINT('',#6768);
#1903=VERTEX_POINT('',#6770);
#1904=VERTEX_POINT('',#6772);
#1905=VERTEX_POINT('',#6774);
#1906=VERTEX_POINT('',#6776);
#1907=VERTEX_POINT('',#6779);
#1908=VERTEX_POINT('',#6780);
#1909=VERTEX_POINT('',#6782);
#1910=VERTEX_POINT('',#6784);
#1911=VERTEX_POINT('',#6786);
#1912=VERTEX_POINT('',#6788);
#1913=VERTEX_POINT('',#6790);
#1914=VERTEX_POINT('',#6792);
#1915=VERTEX_POINT('',#6795);
#1916=VERTEX_POINT('',#6797);
#1917=VERTEX_POINT('',#6799);
#1918=VERTEX_POINT('',#6802);
#1919=VERTEX_POINT('',#6808);
#1920=VERTEX_POINT('',#6819);
#1921=VERTEX_POINT('',#6821);
#1922=VERTEX_POINT('',#6825);
#1923=VERTEX_POINT('',#6829);
#1924=VERTEX_POINT('',#6831);
#1925=VERTEX_POINT('',#6836);
#1926=VERTEX_POINT('',#6838);
#1927=VERTEX_POINT('',#6840);
#1928=VERTEX_POINT('',#6846);
#1929=VERTEX_POINT('',#6848);
#1930=VERTEX_POINT('',#6852);
#1931=VERTEX_POINT('',#6856);
#1932=VERTEX_POINT('',#6858);
#1933=VERTEX_POINT('',#6863);
#1934=VERTEX_POINT('',#6865);
#1935=VERTEX_POINT('',#6867);
#1936=VERTEX_POINT('',#6873);
#1937=VERTEX_POINT('',#6875);
#1938=VERTEX_POINT('',#6879);
#1939=VERTEX_POINT('',#6883);
#1940=VERTEX_POINT('',#6885);
#1941=VERTEX_POINT('',#6890);
#1942=VERTEX_POINT('',#6892);
#1943=VERTEX_POINT('',#6894);
#1944=VERTEX_POINT('',#6912);
#1945=VERTEX_POINT('',#6914);
#1946=VERTEX_POINT('',#6918);
#1947=VERTEX_POINT('',#6922);
#1948=VERTEX_POINT('',#6926);
#1949=VERTEX_POINT('',#6930);
#1950=VERTEX_POINT('',#6934);
#1951=VERTEX_POINT('',#6938);
#1952=VERTEX_POINT('',#6944);
#1953=VERTEX_POINT('',#6946);
#1954=VERTEX_POINT('',#6950);
#1955=VERTEX_POINT('',#6954);
#1956=VERTEX_POINT('',#6956);
#1957=VERTEX_POINT('',#6962);
#1958=VERTEX_POINT('',#6966);
#1959=VERTEX_POINT('',#6970);
#1960=VERTEX_POINT('',#6976);
#1961=VERTEX_POINT('',#6978);
#1962=VERTEX_POINT('',#6982);
#1963=VERTEX_POINT('',#6986);
#1964=VERTEX_POINT('',#6988);
#1965=VERTEX_POINT('',#6994);
#1966=VERTEX_POINT('',#6996);
#1967=VERTEX_POINT('',#7002);
#1968=VERTEX_POINT('',#7008);
#1969=VERTEX_POINT('',#7012);
#1970=VERTEX_POINT('',#7015);
#1971=VERTEX_POINT('',#7019);
#1972=VERTEX_POINT('',#7022);
#1973=VERTEX_POINT('',#7026);
#1974=VERTEX_POINT('',#7038);
#1975=VERTEX_POINT('',#7042);
#1976=VERTEX_POINT('',#7045);
#1977=VERTEX_POINT('',#7049);
#1978=VERTEX_POINT('',#7052);
#1979=VERTEX_POINT('',#7056);
#1980=VERTEX_POINT('',#7065);
#1981=VERTEX_POINT('',#7067);
#1982=VERTEX_POINT('',#7072);
#1983=VERTEX_POINT('',#7074);
#1984=VERTEX_POINT('',#7079);
#1985=VERTEX_POINT('',#7081);
#1986=VERTEX_POINT('',#7086);
#1987=VERTEX_POINT('',#7088);
#1988=VERTEX_POINT('',#7093);
#1989=VERTEX_POINT('',#7095);
#1990=VERTEX_POINT('',#7100);
#1991=VERTEX_POINT('',#7102);
#1992=VERTEX_POINT('',#7107);
#1993=VERTEX_POINT('',#7109);
#1994=VERTEX_POINT('',#7114);
#1995=VERTEX_POINT('',#7116);
#1996=VERTEX_POINT('',#7121);
#1997=VERTEX_POINT('',#7123);
#1998=VERTEX_POINT('',#7128);
#1999=VERTEX_POINT('',#7130);
#2000=VERTEX_POINT('',#7135);
#2001=VERTEX_POINT('',#7137);
#2002=VERTEX_POINT('',#7142);
#2003=VERTEX_POINT('',#7144);
#2004=VERTEX_POINT('',#7149);
#2005=VERTEX_POINT('',#7151);
#2006=VERTEX_POINT('',#7156);
#2007=VERTEX_POINT('',#7158);
#2008=VERTEX_POINT('',#7163);
#2009=VERTEX_POINT('',#7165);
#2010=VERTEX_POINT('',#7170);
#2011=VERTEX_POINT('',#7172);
#2012=VERTEX_POINT('',#7177);
#2013=VERTEX_POINT('',#7179);
#2014=VERTEX_POINT('',#7184);
#2015=VERTEX_POINT('',#7186);
#2016=VERTEX_POINT('',#7191);
#2017=VERTEX_POINT('',#7193);
#2018=VERTEX_POINT('',#7198);
#2019=VERTEX_POINT('',#7200);
#2020=VERTEX_POINT('',#7205);
#2021=VERTEX_POINT('',#7207);
#2022=VERTEX_POINT('',#7212);
#2023=VERTEX_POINT('',#7214);
#2024=VERTEX_POINT('',#7219);
#2025=VERTEX_POINT('',#7221);
#2026=VERTEX_POINT('',#7226);
#2027=VERTEX_POINT('',#7228);
#2028=VERTEX_POINT('',#7233);
#2029=VERTEX_POINT('',#7235);
#2030=VERTEX_POINT('',#7240);
#2031=VERTEX_POINT('',#7242);
#2032=VERTEX_POINT('',#7247);
#2033=VERTEX_POINT('',#7249);
#2034=VERTEX_POINT('',#7254);
#2035=VERTEX_POINT('',#7256);
#2036=VERTEX_POINT('',#7261);
#2037=VERTEX_POINT('',#7263);
#2038=VERTEX_POINT('',#7268);
#2039=VERTEX_POINT('',#7270);
#2040=VERTEX_POINT('',#7275);
#2041=VERTEX_POINT('',#7276);
#2042=VERTEX_POINT('',#7278);
#2043=VERTEX_POINT('',#7280);
#2044=VERTEX_POINT('',#7284);
#2045=VERTEX_POINT('',#7285);
#2046=VERTEX_POINT('',#7287);
#2047=VERTEX_POINT('',#7289);
#2048=VERTEX_POINT('',#7291);
#2049=VERTEX_POINT('',#7293);
#2050=VERTEX_POINT('',#7295);
#2051=VERTEX_POINT('',#7297);
#2052=VERTEX_POINT('',#7299);
#2053=VERTEX_POINT('',#7301);
#2054=VERTEX_POINT('',#7303);
#2055=VERTEX_POINT('',#7305);
#2056=VERTEX_POINT('',#7307);
#2057=VERTEX_POINT('',#7309);
#2058=VERTEX_POINT('',#7311);
#2059=VERTEX_POINT('',#7313);
#2060=VERTEX_POINT('',#7316);
#2061=VERTEX_POINT('',#7317);
#2062=VERTEX_POINT('',#7319);
#2063=VERTEX_POINT('',#7321);
#2064=VERTEX_POINT('',#7325);
#2065=VERTEX_POINT('',#7326);
#2066=VERTEX_POINT('',#7328);
#2067=VERTEX_POINT('',#7330);
#2068=VERTEX_POINT('',#7332);
#2069=VERTEX_POINT('',#7334);
#2070=VERTEX_POINT('',#7336);
#2071=VERTEX_POINT('',#7338);
#2072=VERTEX_POINT('',#7342);
#2073=VERTEX_POINT('',#7344);
#2074=VERTEX_POINT('',#7346);
#2075=VERTEX_POINT('',#7349);
#2076=VERTEX_POINT('',#7351);
#2077=VERTEX_POINT('',#7353);
#2078=VERTEX_POINT('',#7356);
#2079=VERTEX_POINT('',#7358);
#2080=VERTEX_POINT('',#7360);
#2081=VERTEX_POINT('',#7362);
#2082=VERTEX_POINT('',#7365);
#2083=VERTEX_POINT('',#7367);
#2084=VERTEX_POINT('',#7369);
#2085=VERTEX_POINT('',#7372);
#2086=VERTEX_POINT('',#7374);
#2087=VERTEX_POINT('',#7376);
#2088=VERTEX_POINT('',#7379);
#2089=VERTEX_POINT('',#7397);
#2090=VERTEX_POINT('',#7399);
#2091=VERTEX_POINT('',#7403);
#2092=VERTEX_POINT('',#7407);
#2093=VERTEX_POINT('',#7409);
#2094=VERTEX_POINT('',#7411);
#2095=VERTEX_POINT('',#7414);
#2096=VERTEX_POINT('',#7416);
#2097=VERTEX_POINT('',#7418);
#2098=VERTEX_POINT('',#7421);
#2099=VERTEX_POINT('',#7424);
#2100=VERTEX_POINT('',#7430);
#2101=VERTEX_POINT('',#7432);
#2102=VERTEX_POINT('',#7434);
#2103=VERTEX_POINT('',#7438);
#2104=VERTEX_POINT('',#7440);
#2105=VERTEX_POINT('',#7442);
#2106=VERTEX_POINT('',#7444);
#2107=VERTEX_POINT('',#7447);
#2108=VERTEX_POINT('',#7449);
#2109=VERTEX_POINT('',#7451);
#2110=VERTEX_POINT('',#7456);
#2111=VERTEX_POINT('',#7458);
#2112=VERTEX_POINT('',#7464);
#2113=VERTEX_POINT('',#7472);
#2114=VERTEX_POINT('',#7477);
#2115=VERTEX_POINT('',#7479);
#2116=VERTEX_POINT('',#7481);
#2117=VERTEX_POINT('',#7483);
#2118=VERTEX_POINT('',#7489);
#2119=VERTEX_POINT('',#7495);
#2120=VERTEX_POINT('',#7499);
#2121=VERTEX_POINT('',#7506);
#2122=VERTEX_POINT('',#7526);
#2123=VERTEX_POINT('',#7528);
#2124=VERTEX_POINT('',#7532);
#2125=VERTEX_POINT('',#7533);
#2126=VERTEX_POINT('',#7535);
#2127=VERTEX_POINT('',#7537);
#2128=VERTEX_POINT('',#7539);
#2129=VERTEX_POINT('',#7541);
#2130=VERTEX_POINT('',#7548);
#2131=VERTEX_POINT('',#7551);
#2132=VERTEX_POINT('',#7553);
#2133=VERTEX_POINT('',#7555);
#2134=VERTEX_POINT('',#7557);
#2135=VERTEX_POINT('',#7558);
#2136=VERTEX_POINT('',#7560);
#2137=VERTEX_POINT('',#7562);
#2138=VERTEX_POINT('',#7564);
#2139=VERTEX_POINT('',#7566);
#2140=VERTEX_POINT('',#7568);
#2141=VERTEX_POINT('',#7570);
#2142=VERTEX_POINT('',#7573);
#2143=VERTEX_POINT('',#7574);
#2144=VERTEX_POINT('',#7576);
#2145=VERTEX_POINT('',#7578);
#2146=VERTEX_POINT('',#7580);
#2147=VERTEX_POINT('',#7582);
#2148=VERTEX_POINT('',#7584);
#2149=VERTEX_POINT('',#7586);
#2150=VERTEX_POINT('',#7589);
#2151=VERTEX_POINT('',#7590);
#2152=VERTEX_POINT('',#7592);
#2153=VERTEX_POINT('',#7594);
#2154=VERTEX_POINT('',#7596);
#2155=VERTEX_POINT('',#7598);
#2156=VERTEX_POINT('',#7600);
#2157=VERTEX_POINT('',#7602);
#2158=VERTEX_POINT('',#7606);
#2159=VERTEX_POINT('',#7610);
#2160=VERTEX_POINT('',#7612);
#2161=VERTEX_POINT('',#7615);
#2162=VERTEX_POINT('',#7616);
#2163=VERTEX_POINT('',#7618);
#2164=VERTEX_POINT('',#7620);
#2165=VERTEX_POINT('',#7622);
#2166=VERTEX_POINT('',#7624);
#2167=VERTEX_POINT('',#7626);
#2168=VERTEX_POINT('',#7628);
#2169=VERTEX_POINT('',#7631);
#2170=VERTEX_POINT('',#7632);
#2171=VERTEX_POINT('',#7634);
#2172=VERTEX_POINT('',#7636);
#2173=VERTEX_POINT('',#7638);
#2174=VERTEX_POINT('',#7640);
#2175=VERTEX_POINT('',#7642);
#2176=VERTEX_POINT('',#7644);
#2177=VERTEX_POINT('',#7647);
#2178=VERTEX_POINT('',#7648);
#2179=VERTEX_POINT('',#7650);
#2180=VERTEX_POINT('',#7652);
#2181=VERTEX_POINT('',#7654);
#2182=VERTEX_POINT('',#7656);
#2183=VERTEX_POINT('',#7658);
#2184=VERTEX_POINT('',#7660);
#2185=VERTEX_POINT('',#7663);
#2186=VERTEX_POINT('',#7665);
#2187=VERTEX_POINT('',#7667);
#2188=VERTEX_POINT('',#7670);
#2189=VERTEX_POINT('',#7676);
#2190=VERTEX_POINT('',#7687);
#2191=VERTEX_POINT('',#7689);
#2192=VERTEX_POINT('',#7693);
#2193=VERTEX_POINT('',#7697);
#2194=VERTEX_POINT('',#7699);
#2195=VERTEX_POINT('',#7704);
#2196=VERTEX_POINT('',#7706);
#2197=VERTEX_POINT('',#7708);
#2198=VERTEX_POINT('',#7714);
#2199=VERTEX_POINT('',#7716);
#2200=VERTEX_POINT('',#7720);
#2201=VERTEX_POINT('',#7724);
#2202=VERTEX_POINT('',#7726);
#2203=VERTEX_POINT('',#7731);
#2204=VERTEX_POINT('',#7733);
#2205=VERTEX_POINT('',#7735);
#2206=VERTEX_POINT('',#7741);
#2207=VERTEX_POINT('',#7743);
#2208=VERTEX_POINT('',#7747);
#2209=VERTEX_POINT('',#7751);
#2210=VERTEX_POINT('',#7753);
#2211=VERTEX_POINT('',#7758);
#2212=VERTEX_POINT('',#7760);
#2213=VERTEX_POINT('',#7762);
#2214=VERTEX_POINT('',#7780);
#2215=VERTEX_POINT('',#7782);
#2216=VERTEX_POINT('',#7786);
#2217=VERTEX_POINT('',#7790);
#2218=VERTEX_POINT('',#7794);
#2219=VERTEX_POINT('',#7798);
#2220=VERTEX_POINT('',#7802);
#2221=VERTEX_POINT('',#7806);
#2222=VERTEX_POINT('',#7812);
#2223=VERTEX_POINT('',#7814);
#2224=VERTEX_POINT('',#7818);
#2225=VERTEX_POINT('',#7822);
#2226=VERTEX_POINT('',#7824);
#2227=VERTEX_POINT('',#7830);
#2228=VERTEX_POINT('',#7834);
#2229=VERTEX_POINT('',#7838);
#2230=VERTEX_POINT('',#7844);
#2231=VERTEX_POINT('',#7846);
#2232=VERTEX_POINT('',#7850);
#2233=VERTEX_POINT('',#7854);
#2234=VERTEX_POINT('',#7856);
#2235=VERTEX_POINT('',#7862);
#2236=VERTEX_POINT('',#7864);
#2237=VERTEX_POINT('',#7870);
#2238=VERTEX_POINT('',#7876);
#2239=VERTEX_POINT('',#7880);
#2240=VERTEX_POINT('',#7883);
#2241=VERTEX_POINT('',#7887);
#2242=VERTEX_POINT('',#7890);
#2243=VERTEX_POINT('',#7894);
#2244=VERTEX_POINT('',#7906);
#2245=VERTEX_POINT('',#7910);
#2246=VERTEX_POINT('',#7913);
#2247=VERTEX_POINT('',#7917);
#2248=VERTEX_POINT('',#7920);
#2249=VERTEX_POINT('',#7924);
#2250=EDGE_CURVE('',#1833,#1834,#1165,.T.);
#2251=EDGE_CURVE('',#1833,#1835,#1166,.T.);
#2252=EDGE_CURVE('',#1835,#1836,#1167,.T.);
#2253=EDGE_CURVE('',#1836,#1834,#1168,.T.);
#2254=EDGE_CURVE('',#1837,#1838,#245,.T.);
#2255=EDGE_CURVE('',#1838,#1839,#1169,.T.);
#2256=EDGE_CURVE('',#1839,#1840,#246,.T.);
#2257=EDGE_CURVE('',#1840,#1841,#1170,.T.);
#2258=EDGE_CURVE('',#1841,#1836,#1171,.T.);
#2259=EDGE_CURVE('',#1842,#1835,#1172,.T.);
#2260=EDGE_CURVE('',#1842,#1843,#247,.T.);
#2261=EDGE_CURVE('',#1843,#1844,#1173,.T.);
#2262=EDGE_CURVE('',#1844,#1845,#248,.T.);
#2263=EDGE_CURVE('',#1837,#1845,#1174,.T.);
#2264=EDGE_CURVE('',#1834,#1846,#1175,.T.);
#2265=EDGE_CURVE('',#1841,#1846,#1176,.T.);
#2266=EDGE_CURVE('',#1837,#1847,#241,.T.);
#2267=EDGE_CURVE('',#1848,#1845,#242,.T.);
#2268=EDGE_CURVE('',#1849,#1848,#1177,.T.);
#2269=EDGE_CURVE('',#1842,#1849,#243,.T.);
#2270=EDGE_CURVE('',#1850,#1833,#1178,.T.);
#2271=EDGE_CURVE('',#1840,#1850,#1179,.T.);
#2272=EDGE_CURVE('',#1851,#1840,#244,.T.);
#2273=EDGE_CURVE('',#1847,#1851,#1180,.T.);
#2274=EDGE_CURVE('',#1846,#1850,#1181,.T.);
#2275=EDGE_CURVE('',#1845,#1852,#1182,.T.);
#2276=EDGE_CURVE('',#1853,#1852,#249,.T.);
#2277=EDGE_CURVE('',#1853,#1848,#1183,.T.);
#2278=EDGE_CURVE('',#1854,#1855,#1184,.T.);
#2279=EDGE_CURVE('',#1856,#1855,#1185,.T.);
#2280=EDGE_CURVE('',#1857,#1856,#250,.T.);
#2281=EDGE_CURVE('',#1858,#1857,#1186,.T.);
#2282=EDGE_CURVE('',#1859,#1858,#251,.T.);
#2283=EDGE_CURVE('',#1854,#1859,#1187,.T.);
#2284=EDGE_CURVE('',#1855,#1842,#1188,.T.);
#2285=EDGE_CURVE('',#1845,#1854,#1189,.T.);
#2286=EDGE_CURVE('',#1860,#1859,#1190,.T.);
#2287=EDGE_CURVE('',#1852,#1860,#252,.T.);
#2288=EDGE_CURVE('',#1861,#1861,#253,.T.);
#2289=EDGE_CURVE('',#1862,#1862,#254,.T.);
#2290=EDGE_CURVE('',#1863,#1863,#255,.T.);
#2291=EDGE_CURVE('',#1864,#1865,#1191,.T.);
#2292=EDGE_CURVE('',#1866,#1865,#256,.T.);
#2293=EDGE_CURVE('',#1866,#1867,#257,.T.);
#2294=EDGE_CURVE('',#1868,#1867,#258,.T.);
#2295=EDGE_CURVE('',#1868,#1869,#1192,.T.);
#2296=EDGE_CURVE('',#1870,#1869,#259,.T.);
#2297=EDGE_CURVE('',#1870,#1871,#260,.T.);
#2298=EDGE_CURVE('',#1864,#1871,#261,.T.);
#2299=EDGE_CURVE('',#1872,#1873,#262,.T.);
#2300=EDGE_CURVE('',#1874,#1873,#263,.T.);
#2301=EDGE_CURVE('',#1874,#1875,#1193,.T.);
#2302=EDGE_CURVE('',#1876,#1875,#264,.T.);
#2303=EDGE_CURVE('',#1876,#1877,#265,.T.);
#2304=EDGE_CURVE('',#1878,#1877,#266,.T.);
#2305=EDGE_CURVE('',#1878,#1879,#1194,.T.);
#2306=EDGE_CURVE('',#1872,#1879,#267,.T.);
#2307=EDGE_CURVE('',#1880,#1881,#1195,.T.);
#2308=EDGE_CURVE('',#1882,#1881,#268,.T.);
#2309=EDGE_CURVE('',#1882,#1883,#269,.T.);
#2310=EDGE_CURVE('',#1884,#1883,#270,.T.);
#2311=EDGE_CURVE('',#1884,#1885,#1196,.T.);
#2312=EDGE_CURVE('',#1886,#1885,#271,.T.);
#2313=EDGE_CURVE('',#1886,#1887,#272,.T.);
#2314=EDGE_CURVE('',#1880,#1887,#273,.T.);
#2315=EDGE_CURVE('',#1858,#1888,#1197,.T.);
#2316=EDGE_CURVE('',#1860,#1888,#274,.T.);
#2317=EDGE_CURVE('',#1889,#1842,#1198,.T.);
#2318=EDGE_CURVE('',#1890,#1889,#275,.T.);
#2319=EDGE_CURVE('',#1856,#1890,#1199,.T.);
#2320=EDGE_CURVE('',#1891,#1892,#1200,.T.);
#2321=EDGE_CURVE('',#1893,#1892,#276,.T.);
#2322=EDGE_CURVE('',#1893,#1894,#277,.T.);
#2323=EDGE_CURVE('',#1895,#1894,#278,.T.);
#2324=EDGE_CURVE('',#1895,#1896,#1201,.T.);
#2325=EDGE_CURVE('',#1897,#1896,#279,.T.);
#2326=EDGE_CURVE('',#1897,#1898,#280,.T.);
#2327=EDGE_CURVE('',#1891,#1898,#281,.T.);
#2328=EDGE_CURVE('',#1899,#1900,#282,.T.);
#2329=EDGE_CURVE('',#1901,#1900,#283,.T.);
#2330=EDGE_CURVE('',#1901,#1902,#1202,.T.);
#2331=EDGE_CURVE('',#1903,#1902,#284,.T.);
#2332=EDGE_CURVE('',#1903,#1904,#285,.T.);
#2333=EDGE_CURVE('',#1905,#1904,#286,.T.);
#2334=EDGE_CURVE('',#1905,#1906,#1203,.T.);
#2335=EDGE_CURVE('',#1899,#1906,#287,.T.);
#2336=EDGE_CURVE('',#1907,#1908,#1204,.T.);
#2337=EDGE_CURVE('',#1909,#1908,#288,.T.);
#2338=EDGE_CURVE('',#1909,#1910,#289,.T.);
#2339=EDGE_CURVE('',#1911,#1910,#290,.T.);
#2340=EDGE_CURVE('',#1911,#1912,#1205,.T.);
#2341=EDGE_CURVE('',#1913,#1912,#291,.T.);
#2342=EDGE_CURVE('',#1913,#1914,#292,.T.);
#2343=EDGE_CURVE('',#1907,#1914,#293,.T.);
#2344=EDGE_CURVE('',#1915,#1915,#294,.T.);
#2345=EDGE_CURVE('',#1916,#1916,#295,.T.);
#2346=EDGE_CURVE('',#1917,#1917,#296,.T.);
#2347=EDGE_CURVE('',#1918,#1857,#1206,.T.);
#2348=EDGE_CURVE('',#1888,#1918,#1207,.T.);
#2349=EDGE_CURVE('',#1888,#1853,#297,.T.);
#2350=EDGE_CURVE('',#1853,#1919,#1208,.T.);
#2351=EDGE_CURVE('',#1849,#1919,#1209,.T.);
#2352=EDGE_CURVE('',#1919,#1918,#298,.T.);
#2353=EDGE_CURVE('',#1890,#1918,#299,.T.);
#2354=EDGE_CURVE('',#1889,#1919,#300,.T.);
#2355=EDGE_CURVE('',#1881,#1920,#1210,.T.);
#2356=EDGE_CURVE('',#1921,#1920,#301,.T.);
#2357=EDGE_CURVE('',#1921,#1882,#1211,.T.);
#2358=EDGE_CURVE('',#1922,#1921,#302,.T.);
#2359=EDGE_CURVE('',#1883,#1922,#1212,.T.);
#2360=EDGE_CURVE('',#1887,#1923,#1213,.T.);
#2361=EDGE_CURVE('',#1924,#1923,#303,.T.);
#2362=EDGE_CURVE('',#1924,#1880,#1214,.T.);
#2363=EDGE_CURVE('',#1920,#1924,#1215,.T.);
#2364=EDGE_CURVE('',#1923,#1925,#304,.T.);
#2365=EDGE_CURVE('',#1925,#1926,#305,.T.);
#2366=EDGE_CURVE('',#1926,#1927,#1216,.T.);
#2367=EDGE_CURVE('',#1927,#1922,#306,.T.);
#2368=EDGE_CURVE('',#1925,#1886,#1217,.T.);
#2369=EDGE_CURVE('',#1865,#1928,#1218,.T.);
#2370=EDGE_CURVE('',#1929,#1928,#307,.T.);
#2371=EDGE_CURVE('',#1929,#1866,#1219,.T.);
#2372=EDGE_CURVE('',#1930,#1929,#308,.T.);
#2373=EDGE_CURVE('',#1867,#1930,#1220,.T.);
#2374=EDGE_CURVE('',#1871,#1931,#1221,.T.);
#2375=EDGE_CURVE('',#1932,#1931,#309,.T.);
#2376=EDGE_CURVE('',#1932,#1864,#1222,.T.);
#2377=EDGE_CURVE('',#1928,#1932,#1223,.T.);
#2378=EDGE_CURVE('',#1931,#1933,#310,.T.);
#2379=EDGE_CURVE('',#1933,#1934,#311,.T.);
#2380=EDGE_CURVE('',#1934,#1935,#1224,.T.);
#2381=EDGE_CURVE('',#1935,#1930,#312,.T.);
#2382=EDGE_CURVE('',#1933,#1870,#1225,.T.);
#2383=EDGE_CURVE('',#1875,#1936,#1226,.T.);
#2384=EDGE_CURVE('',#1937,#1936,#313,.T.);
#2385=EDGE_CURVE('',#1937,#1876,#1227,.T.);
#2386=EDGE_CURVE('',#1938,#1937,#314,.T.);
#2387=EDGE_CURVE('',#1877,#1938,#1228,.T.);
#2388=EDGE_CURVE('',#1873,#1939,#1229,.T.);
#2389=EDGE_CURVE('',#1940,#1939,#315,.T.);
#2390=EDGE_CURVE('',#1940,#1874,#1230,.T.);
#2391=EDGE_CURVE('',#1936,#1940,#1231,.T.);
#2392=EDGE_CURVE('',#1939,#1941,#316,.T.);
#2393=EDGE_CURVE('',#1941,#1942,#317,.T.);
#2394=EDGE_CURVE('',#1942,#1943,#1232,.T.);
#2395=EDGE_CURVE('',#1943,#1938,#318,.T.);
#2396=EDGE_CURVE('',#1941,#1872,#1233,.T.);
#2397=EDGE_CURVE('',#1879,#1942,#1234,.T.);
#2398=EDGE_CURVE('',#1943,#1878,#1235,.T.);
#2399=EDGE_CURVE('',#1869,#1934,#1236,.T.);
#2400=EDGE_CURVE('',#1935,#1868,#1237,.T.);
#2401=EDGE_CURVE('',#1885,#1926,#1238,.T.);
#2402=EDGE_CURVE('',#1927,#1884,#1239,.T.);
#2403=EDGE_CURVE('',#1892,#1944,#1240,.T.);
#2404=EDGE_CURVE('',#1945,#1944,#319,.T.);
#2405=EDGE_CURVE('',#1945,#1893,#1241,.T.);
#2406=EDGE_CURVE('',#1946,#1891,#1242,.T.);
#2407=EDGE_CURVE('',#1946,#1944,#1243,.T.);
#2408=EDGE_CURVE('',#1898,#1947,#1244,.T.);
#2409=EDGE_CURVE('',#1946,#1947,#320,.T.);
#2410=EDGE_CURVE('',#1948,#1897,#1245,.T.);
#2411=EDGE_CURVE('',#1948,#1947,#321,.T.);
#2412=EDGE_CURVE('',#1896,#1949,#1246,.T.);
#2413=EDGE_CURVE('',#1948,#1949,#322,.T.);
#2414=EDGE_CURVE('',#1950,#1895,#1247,.T.);
#2415=EDGE_CURVE('',#1950,#1949,#1248,.T.);
#2416=EDGE_CURVE('',#1894,#1951,#1249,.T.);
#2417=EDGE_CURVE('',#1950,#1951,#323,.T.);
#2418=EDGE_CURVE('',#1945,#1951,#324,.T.);
#2419=EDGE_CURVE('',#1908,#1952,#1250,.T.);
#2420=EDGE_CURVE('',#1953,#1952,#325,.T.);
#2421=EDGE_CURVE('',#1953,#1909,#1251,.T.);
#2422=EDGE_CURVE('',#1954,#1907,#1252,.T.);
#2423=EDGE_CURVE('',#1954,#1952,#1253,.T.);
#2424=EDGE_CURVE('',#1910,#1955,#1254,.T.);
#2425=EDGE_CURVE('',#1956,#1955,#326,.T.);
#2426=EDGE_CURVE('',#1956,#1911,#1255,.T.);
#2427=EDGE_CURVE('',#1953,#1955,#327,.T.);
#2428=EDGE_CURVE('',#1914,#1957,#1256,.T.);
#2429=EDGE_CURVE('',#1954,#1957,#328,.T.);
#2430=EDGE_CURVE('',#1958,#1913,#1257,.T.);
#2431=EDGE_CURVE('',#1958,#1957,#329,.T.);
#2432=EDGE_CURVE('',#1912,#1959,#1258,.T.);
#2433=EDGE_CURVE('',#1958,#1959,#330,.T.);
#2434=EDGE_CURVE('',#1956,#1959,#1259,.T.);
#2435=EDGE_CURVE('',#1900,#1960,#1260,.T.);
#2436=EDGE_CURVE('',#1961,#1960,#331,.T.);
#2437=EDGE_CURVE('',#1961,#1901,#1261,.T.);
#2438=EDGE_CURVE('',#1962,#1899,#1262,.T.);
#2439=EDGE_CURVE('',#1962,#1960,#332,.T.);
#2440=EDGE_CURVE('',#1902,#1963,#1263,.T.);
#2441=EDGE_CURVE('',#1964,#1963,#333,.T.);
#2442=EDGE_CURVE('',#1964,#1903,#1264,.T.);
#2443=EDGE_CURVE('',#1961,#1963,#1265,.T.);
#2444=EDGE_CURVE('',#1904,#1965,#1266,.T.);
#2445=EDGE_CURVE('',#1966,#1965,#334,.T.);
#2446=EDGE_CURVE('',#1966,#1905,#1267,.T.);
#2447=EDGE_CURVE('',#1964,#1965,#335,.T.);
#2448=EDGE_CURVE('',#1906,#1967,#1268,.T.);
#2449=EDGE_CURVE('',#1962,#1967,#336,.T.);
#2450=EDGE_CURVE('',#1966,#1967,#1269,.T.);
#2451=EDGE_CURVE('',#1968,#1968,#337,.T.);
#2452=EDGE_CURVE('',#1968,#1861,#1270,.T.);
#2453=EDGE_CURVE('',#1969,#1969,#338,.T.);
#2454=EDGE_CURVE('',#1970,#1970,#339,.T.);
#2455=EDGE_CURVE('',#1970,#1862,#1271,.T.);
#2456=EDGE_CURVE('',#1971,#1971,#340,.T.);
#2457=EDGE_CURVE('',#1972,#1972,#341,.T.);
#2458=EDGE_CURVE('',#1972,#1863,#1272,.T.);
#2459=EDGE_CURVE('',#1973,#1973,#342,.T.);
#2460=EDGE_CURVE('',#1915,#1974,#1273,.T.);
#2461=EDGE_CURVE('',#1974,#1974,#343,.T.);
#2462=EDGE_CURVE('',#1975,#1975,#344,.T.);
#2463=EDGE_CURVE('',#1916,#1976,#1274,.T.);
#2464=EDGE_CURVE('',#1976,#1976,#345,.T.);
#2465=EDGE_CURVE('',#1977,#1977,#346,.T.);
#2466=EDGE_CURVE('',#1917,#1978,#1275,.T.);
#2467=EDGE_CURVE('',#1978,#1978,#347,.T.);
#2468=EDGE_CURVE('',#1979,#1979,#348,.T.);
#2469=EDGE_CURVE('',#1969,#1979,#1276,.T.);
#2470=EDGE_CURVE('',#1973,#1975,#1277,.T.);
#2471=EDGE_CURVE('',#1971,#1977,#1278,.T.);
#2472=EDGE_CURVE('',#1980,#1980,#349,.T.);
#2473=EDGE_CURVE('',#1980,#1981,#1279,.T.);
#2474=EDGE_CURVE('',#1981,#1981,#350,.T.);
#2475=EDGE_CURVE('',#1982,#1982,#351,.T.);
#2476=EDGE_CURVE('',#1982,#1983,#1280,.T.);
#2477=EDGE_CURVE('',#1983,#1983,#352,.T.);
#2478=EDGE_CURVE('',#1984,#1984,#353,.T.);
#2479=EDGE_CURVE('',#1984,#1985,#1281,.T.);
#2480=EDGE_CURVE('',#1985,#1985,#354,.T.);
#2481=EDGE_CURVE('',#1986,#1986,#355,.T.);
#2482=EDGE_CURVE('',#1986,#1987,#1282,.T.);
#2483=EDGE_CURVE('',#1987,#1987,#356,.T.);
#2484=EDGE_CURVE('',#1988,#1988,#357,.T.);
#2485=EDGE_CURVE('',#1988,#1989,#1283,.T.);
#2486=EDGE_CURVE('',#1989,#1989,#358,.T.);
#2487=EDGE_CURVE('',#1990,#1990,#359,.T.);
#2488=EDGE_CURVE('',#1990,#1991,#1284,.T.);
#2489=EDGE_CURVE('',#1991,#1991,#360,.T.);
#2490=EDGE_CURVE('',#1992,#1992,#361,.T.);
#2491=EDGE_CURVE('',#1992,#1993,#1285,.T.);
#2492=EDGE_CURVE('',#1993,#1993,#362,.T.);
#2493=EDGE_CURVE('',#1994,#1994,#363,.T.);
#2494=EDGE_CURVE('',#1994,#1995,#1286,.T.);
#2495=EDGE_CURVE('',#1995,#1995,#364,.T.);
#2496=EDGE_CURVE('',#1996,#1996,#365,.T.);
#2497=EDGE_CURVE('',#1996,#1997,#1287,.T.);
#2498=EDGE_CURVE('',#1997,#1997,#366,.T.);
#2499=EDGE_CURVE('',#1998,#1998,#367,.T.);
#2500=EDGE_CURVE('',#1998,#1999,#1288,.T.);
#2501=EDGE_CURVE('',#1999,#1999,#368,.T.);
#2502=EDGE_CURVE('',#2000,#2000,#369,.T.);
#2503=EDGE_CURVE('',#2000,#2001,#1289,.T.);
#2504=EDGE_CURVE('',#2001,#2001,#370,.T.);
#2505=EDGE_CURVE('',#2002,#2002,#371,.T.);
#2506=EDGE_CURVE('',#2002,#2003,#1290,.T.);
#2507=EDGE_CURVE('',#2003,#2003,#372,.T.);
#2508=EDGE_CURVE('',#2004,#2004,#373,.T.);
#2509=EDGE_CURVE('',#2004,#2005,#1291,.T.);
#2510=EDGE_CURVE('',#2005,#2005,#374,.T.);
#2511=EDGE_CURVE('',#2006,#2006,#375,.T.);
#2512=EDGE_CURVE('',#2006,#2007,#1292,.T.);
#2513=EDGE_CURVE('',#2007,#2007,#376,.T.);
#2514=EDGE_CURVE('',#2008,#2008,#377,.T.);
#2515=EDGE_CURVE('',#2008,#2009,#1293,.T.);
#2516=EDGE_CURVE('',#2009,#2009,#378,.T.);
#2517=EDGE_CURVE('',#2010,#2010,#379,.T.);
#2518=EDGE_CURVE('',#2010,#2011,#1294,.T.);
#2519=EDGE_CURVE('',#2011,#2011,#380,.T.);
#2520=EDGE_CURVE('',#2012,#2012,#381,.T.);
#2521=EDGE_CURVE('',#2012,#2013,#1295,.T.);
#2522=EDGE_CURVE('',#2013,#2013,#382,.T.);
#2523=EDGE_CURVE('',#2014,#2014,#383,.T.);
#2524=EDGE_CURVE('',#2014,#2015,#1296,.T.);
#2525=EDGE_CURVE('',#2015,#2015,#384,.T.);
#2526=EDGE_CURVE('',#2016,#2016,#385,.T.);
#2527=EDGE_CURVE('',#2016,#2017,#1297,.T.);
#2528=EDGE_CURVE('',#2017,#2017,#386,.T.);
#2529=EDGE_CURVE('',#2018,#2018,#387,.T.);
#2530=EDGE_CURVE('',#2018,#2019,#1298,.T.);
#2531=EDGE_CURVE('',#2019,#2019,#388,.T.);
#2532=EDGE_CURVE('',#2020,#2020,#389,.T.);
#2533=EDGE_CURVE('',#2020,#2021,#1299,.T.);
#2534=EDGE_CURVE('',#2021,#2021,#390,.T.);
#2535=EDGE_CURVE('',#2022,#2022,#391,.T.);
#2536=EDGE_CURVE('',#2022,#2023,#1300,.T.);
#2537=EDGE_CURVE('',#2023,#2023,#392,.T.);
#2538=EDGE_CURVE('',#2024,#2024,#393,.T.);
#2539=EDGE_CURVE('',#2024,#2025,#1301,.T.);
#2540=EDGE_CURVE('',#2025,#2025,#394,.T.);
#2541=EDGE_CURVE('',#2026,#2026,#395,.T.);
#2542=EDGE_CURVE('',#2026,#2027,#1302,.T.);
#2543=EDGE_CURVE('',#2027,#2027,#396,.T.);
#2544=EDGE_CURVE('',#2028,#2028,#397,.T.);
#2545=EDGE_CURVE('',#2028,#2029,#1303,.T.);
#2546=EDGE_CURVE('',#2029,#2029,#398,.T.);
#2547=EDGE_CURVE('',#2030,#2030,#399,.T.);
#2548=EDGE_CURVE('',#2030,#2031,#1304,.T.);
#2549=EDGE_CURVE('',#2031,#2031,#400,.T.);
#2550=EDGE_CURVE('',#2032,#2032,#401,.T.);
#2551=EDGE_CURVE('',#2032,#2033,#1305,.T.);
#2552=EDGE_CURVE('',#2033,#2033,#402,.T.);
#2553=EDGE_CURVE('',#2034,#2034,#403,.T.);
#2554=EDGE_CURVE('',#2034,#2035,#1306,.T.);
#2555=EDGE_CURVE('',#2035,#2035,#404,.T.);
#2556=EDGE_CURVE('',#2036,#2036,#405,.T.);
#2557=EDGE_CURVE('',#2036,#2037,#1307,.T.);
#2558=EDGE_CURVE('',#2037,#2037,#406,.T.);
#2559=EDGE_CURVE('',#2038,#2038,#407,.T.);
#2560=EDGE_CURVE('',#2038,#2039,#1308,.T.);
#2561=EDGE_CURVE('',#2039,#2039,#408,.T.);
#2562=EDGE_CURVE('',#2040,#2041,#1309,.T.);
#2563=EDGE_CURVE('',#2042,#2041,#1310,.T.);
#2564=EDGE_CURVE('',#2043,#2042,#1311,.T.);
#2565=EDGE_CURVE('',#2043,#2040,#1312,.T.);
#2566=EDGE_CURVE('',#2044,#2045,#1313,.T.);
#2567=EDGE_CURVE('',#2044,#2046,#1314,.T.);
#2568=EDGE_CURVE('',#2046,#2047,#409,.T.);
#2569=EDGE_CURVE('',#2047,#2048,#1315,.T.);
#2570=EDGE_CURVE('',#2048,#2049,#410,.T.);
#2571=EDGE_CURVE('',#2049,#2050,#1316,.T.);
#2572=EDGE_CURVE('',#2050,#2051,#411,.T.);
#2573=EDGE_CURVE('',#2051,#2052,#1317,.T.);
#2574=EDGE_CURVE('',#2052,#2053,#412,.T.);
#2575=EDGE_CURVE('',#2053,#2054,#1318,.T.);
#2576=EDGE_CURVE('',#2055,#2054,#1319,.T.);
#2577=EDGE_CURVE('',#2056,#2055,#1320,.T.);
#2578=EDGE_CURVE('',#2057,#2056,#1321,.T.);
#2579=EDGE_CURVE('',#2058,#2057,#1322,.T.);
#2580=EDGE_CURVE('',#2059,#2058,#1323,.T.);
#2581=EDGE_CURVE('',#2045,#2059,#1324,.T.);
#2582=EDGE_CURVE('',#2060,#2061,#1325,.T.);
#2583=EDGE_CURVE('',#2062,#2060,#1326,.T.);
#2584=EDGE_CURVE('',#2063,#2062,#1327,.T.);
#2585=EDGE_CURVE('',#2061,#2063,#1328,.T.);
#2586=EDGE_CURVE('',#2064,#2065,#1329,.T.);
#2587=EDGE_CURVE('',#2065,#2066,#413,.T.);
#2588=EDGE_CURVE('',#2066,#2067,#1330,.T.);
#2589=EDGE_CURVE('',#2067,#2068,#414,.T.);
#2590=EDGE_CURVE('',#2068,#2069,#1331,.T.);
#2591=EDGE_CURVE('',#2069,#2070,#415,.T.);
#2592=EDGE_CURVE('',#2070,#2071,#1332,.T.);
#2593=EDGE_CURVE('',#2071,#2064,#416,.T.);
#2594=EDGE_CURVE('',#2043,#2072,#417,.T.);
#2595=EDGE_CURVE('',#2072,#2073,#1333,.T.);
#2596=EDGE_CURVE('',#2073,#2074,#1334,.T.);
#2597=EDGE_CURVE('',#2074,#2044,#1335,.T.);
#2598=EDGE_CURVE('',#2075,#2045,#1336,.T.);
#2599=EDGE_CURVE('',#2075,#2076,#1337,.T.);
#2600=EDGE_CURVE('',#2076,#2077,#1338,.T.);
#2601=EDGE_CURVE('',#2077,#2040,#418,.T.);
#2602=EDGE_CURVE('',#2078,#2078,#419,.T.);
#2603=EDGE_CURVE('',#2079,#2079,#420,.T.);
#2604=EDGE_CURVE('',#2080,#2080,#421,.T.);
#2605=EDGE_CURVE('',#2081,#2081,#422,.T.);
#2606=EDGE_CURVE('',#2082,#2061,#1339,.T.);
#2607=EDGE_CURVE('',#2082,#2083,#1340,.T.);
#2608=EDGE_CURVE('',#2083,#2084,#1341,.T.);
#2609=EDGE_CURVE('',#2084,#2042,#423,.T.);
#2610=EDGE_CURVE('',#2041,#2085,#424,.T.);
#2611=EDGE_CURVE('',#2086,#2085,#425,.T.);
#2612=EDGE_CURVE('',#2086,#2087,#1342,.T.);
#2613=EDGE_CURVE('',#2087,#2060,#1343,.T.);
#2614=EDGE_CURVE('',#2088,#2088,#426,.T.);
#2615=EDGE_CURVE('',#2065,#2053,#1344,.T.);
#2616=EDGE_CURVE('',#2066,#2052,#1345,.T.);
#2617=EDGE_CURVE('',#2067,#2051,#1346,.T.);
#2618=EDGE_CURVE('',#2068,#2050,#1347,.T.);
#2619=EDGE_CURVE('',#2069,#2049,#1348,.T.);
#2620=EDGE_CURVE('',#2070,#2048,#1349,.T.);
#2621=EDGE_CURVE('',#2071,#2047,#1350,.T.);
#2622=EDGE_CURVE('',#2064,#2046,#1351,.T.);
#2623=EDGE_CURVE('',#2089,#2063,#1352,.T.);
#2624=EDGE_CURVE('',#2090,#2089,#1353,.T.);
#2625=EDGE_CURVE('',#2082,#2090,#1354,.T.);
#2626=EDGE_CURVE('',#2091,#2059,#1355,.T.);
#2627=EDGE_CURVE('',#2091,#2075,#1356,.T.);
#2628=EDGE_CURVE('',#2092,#2062,#1357,.T.);
#2629=EDGE_CURVE('',#2092,#2093,#1358,.T.);
#2630=EDGE_CURVE('',#2093,#2094,#427,.T.);
#2631=EDGE_CURVE('',#2094,#2091,#1359,.T.);
#2632=EDGE_CURVE('',#2095,#2058,#1360,.T.);
#2633=EDGE_CURVE('',#2095,#2096,#1361,.T.);
#2634=EDGE_CURVE('',#2096,#2097,#1362,.T.);
#2635=EDGE_CURVE('',#2097,#2089,#1363,.T.);
#2636=EDGE_CURVE('',#2098,#2098,#428,.T.);
#2637=EDGE_CURVE('',#2099,#2057,#1364,.T.);
#2638=EDGE_CURVE('',#2095,#2099,#1365,.T.);
#2639=EDGE_CURVE('',#2087,#2092,#1366,.T.);
#2640=EDGE_CURVE('',#2100,#2100,#429,.T.);
#2641=EDGE_CURVE('',#2100,#2101,#430,.T.);
#2642=EDGE_CURVE('',#2101,#2102,#431,.T.);
#2643=EDGE_CURVE('',#2102,#2101,#432,.T.);
#2644=EDGE_CURVE('',#2103,#2054,#1367,.T.);
#2645=EDGE_CURVE('',#2103,#2104,#1368,.T.);
#2646=EDGE_CURVE('',#2104,#2105,#1369,.T.);
#2647=EDGE_CURVE('',#2105,#2106,#1370,.T.);
#2648=EDGE_CURVE('',#2106,#2055,#1371,.T.);
#2649=EDGE_CURVE('',#2107,#2107,#433,.T.);
#2650=EDGE_CURVE('',#2108,#2108,#434,.T.);
#2651=EDGE_CURVE('',#2109,#2109,#435,.T.);
#2652=EDGE_CURVE('',#2102,#2079,#1372,.T.);
#2653=EDGE_CURVE('',#2107,#2110,#436,.T.);
#2654=EDGE_CURVE('',#2110,#2111,#437,.T.);
#2655=EDGE_CURVE('',#2111,#2110,#438,.T.);
#2656=EDGE_CURVE('',#2111,#2078,#1373,.T.);
#2657=EDGE_CURVE('',#2112,#2056,#1374,.T.);
#2658=EDGE_CURVE('',#2112,#2099,#1375,.T.);
#2659=EDGE_CURVE('',#2098,#2088,#1376,.T.);
#2660=EDGE_CURVE('',#2086,#2093,#1377,.T.);
#2661=EDGE_CURVE('',#2113,#2090,#1378,.T.);
#2662=EDGE_CURVE('',#2113,#2097,#1379,.T.);
#2663=EDGE_CURVE('',#2096,#2105,#1380,.T.);
#2664=EDGE_CURVE('',#2104,#2114,#1381,.T.);
#2665=EDGE_CURVE('',#2114,#2115,#1382,.T.);
#2666=EDGE_CURVE('',#2116,#2115,#1383,.T.);
#2667=EDGE_CURVE('',#2116,#2117,#1384,.T.);
#2668=EDGE_CURVE('',#2090,#2117,#1385,.T.);
#2669=EDGE_CURVE('',#2106,#2112,#1386,.T.);
#2670=EDGE_CURVE('',#2118,#2094,#1387,.T.);
#2671=EDGE_CURVE('',#2076,#2118,#1388,.T.);
#2672=EDGE_CURVE('',#2118,#2085,#439,.T.);
#2673=EDGE_CURVE('',#2117,#2119,#1389,.T.);
#2674=EDGE_CURVE('',#2119,#2082,#1390,.T.);
#2675=EDGE_CURVE('',#2085,#2120,#440,.T.);
#2676=EDGE_CURVE('',#2120,#2118,#1391,.T.);
#2677=EDGE_CURVE('',#2072,#2084,#1392,.T.);
#2678=EDGE_CURVE('',#2073,#2083,#1393,.T.);
#2679=EDGE_CURVE('',#2121,#2119,#1394,.T.);
#2680=EDGE_CURVE('',#2074,#2121,#1395,.T.);
#2681=EDGE_CURVE('',#2116,#2121,#1396,.T.);
#2682=EDGE_CURVE('',#2077,#2120,#1397,.T.);
#2683=EDGE_CURVE('',#2115,#2074,#1398,.T.);
#2684=EDGE_CURVE('',#2080,#2109,#1399,.T.);
#2685=EDGE_CURVE('',#2081,#2108,#1400,.T.);
#2686=EDGE_CURVE('',#2103,#2115,#1401,.T.);
#2687=EDGE_CURVE('',#1840,#2122,#1402,.T.);
#2688=EDGE_CURVE('',#2123,#2122,#441,.T.);
#2689=EDGE_CURVE('',#2123,#1851,#1403,.T.);
#2690=EDGE_CURVE('',#2124,#2125,#1404,.T.);
#2691=EDGE_CURVE('',#2126,#2125,#1405,.T.);
#2692=EDGE_CURVE('',#2127,#2126,#442,.T.);
#2693=EDGE_CURVE('',#2128,#2127,#1406,.T.);
#2694=EDGE_CURVE('',#2129,#2128,#443,.T.);
#2695=EDGE_CURVE('',#2124,#2129,#1407,.T.);
#2696=EDGE_CURVE('',#2125,#1837,#1408,.T.);
#2697=EDGE_CURVE('',#1840,#2124,#1409,.T.);
#2698=EDGE_CURVE('',#2130,#2129,#1410,.T.);
#2699=EDGE_CURVE('',#2122,#2130,#444,.T.);
#2700=EDGE_CURVE('',#2131,#2131,#445,.T.);
#2701=EDGE_CURVE('',#2132,#2132,#446,.T.);
#2702=EDGE_CURVE('',#2133,#2133,#447,.T.);
#2703=EDGE_CURVE('',#2134,#2135,#1411,.T.);
#2704=EDGE_CURVE('',#2136,#2135,#448,.T.);
#2705=EDGE_CURVE('',#2136,#2137,#449,.T.);
#2706=EDGE_CURVE('',#2138,#2137,#450,.T.);
#2707=EDGE_CURVE('',#2138,#2139,#1412,.T.);
#2708=EDGE_CURVE('',#2140,#2139,#451,.T.);
#2709=EDGE_CURVE('',#2140,#2141,#452,.T.);
#2710=EDGE_CURVE('',#2134,#2141,#453,.T.);
#2711=EDGE_CURVE('',#2142,#2143,#454,.T.);
#2712=EDGE_CURVE('',#2144,#2143,#455,.T.);
#2713=EDGE_CURVE('',#2144,#2145,#1413,.T.);
#2714=EDGE_CURVE('',#2146,#2145,#456,.T.);
#2715=EDGE_CURVE('',#2146,#2147,#457,.T.);
#2716=EDGE_CURVE('',#2148,#2147,#458,.T.);
#2717=EDGE_CURVE('',#2148,#2149,#1414,.T.);
#2718=EDGE_CURVE('',#2142,#2149,#459,.T.);
#2719=EDGE_CURVE('',#2150,#2151,#1415,.T.);
#2720=EDGE_CURVE('',#2152,#2151,#460,.T.);
#2721=EDGE_CURVE('',#2152,#2153,#461,.T.);
#2722=EDGE_CURVE('',#2154,#2153,#462,.T.);
#2723=EDGE_CURVE('',#2154,#2155,#1416,.T.);
#2724=EDGE_CURVE('',#2156,#2155,#463,.T.);
#2725=EDGE_CURVE('',#2156,#2157,#464,.T.);
#2726=EDGE_CURVE('',#2150,#2157,#465,.T.);
#2727=EDGE_CURVE('',#2128,#2158,#1417,.T.);
#2728=EDGE_CURVE('',#2130,#2158,#466,.T.);
#2729=EDGE_CURVE('',#2159,#1837,#1418,.T.);
#2730=EDGE_CURVE('',#2160,#2159,#467,.T.);
#2731=EDGE_CURVE('',#2126,#2160,#1419,.T.);
#2732=EDGE_CURVE('',#2161,#2162,#1420,.T.);
#2733=EDGE_CURVE('',#2163,#2162,#468,.T.);
#2734=EDGE_CURVE('',#2163,#2164,#469,.T.);
#2735=EDGE_CURVE('',#2165,#2164,#470,.T.);
#2736=EDGE_CURVE('',#2165,#2166,#1421,.T.);
#2737=EDGE_CURVE('',#2167,#2166,#471,.T.);
#2738=EDGE_CURVE('',#2167,#2168,#472,.T.);
#2739=EDGE_CURVE('',#2161,#2168,#473,.T.);
#2740=EDGE_CURVE('',#2169,#2170,#474,.T.);
#2741=EDGE_CURVE('',#2171,#2170,#475,.T.);
#2742=EDGE_CURVE('',#2171,#2172,#1422,.T.);
#2743=EDGE_CURVE('',#2173,#2172,#476,.T.);
#2744=EDGE_CURVE('',#2173,#2174,#477,.T.);
#2745=EDGE_CURVE('',#2175,#2174,#478,.T.);
#2746=EDGE_CURVE('',#2175,#2176,#1423,.T.);
#2747=EDGE_CURVE('',#2169,#2176,#479,.T.);
#2748=EDGE_CURVE('',#2177,#2178,#1424,.T.);
#2749=EDGE_CURVE('',#2179,#2178,#480,.T.);
#2750=EDGE_CURVE('',#2179,#2180,#481,.T.);
#2751=EDGE_CURVE('',#2181,#2180,#482,.T.);
#2752=EDGE_CURVE('',#2181,#2182,#1425,.T.);
#2753=EDGE_CURVE('',#2183,#2182,#483,.T.);
#2754=EDGE_CURVE('',#2183,#2184,#484,.T.);
#2755=EDGE_CURVE('',#2177,#2184,#485,.T.);
#2756=EDGE_CURVE('',#2185,#2185,#486,.T.);
#2757=EDGE_CURVE('',#2186,#2186,#487,.T.);
#2758=EDGE_CURVE('',#2187,#2187,#488,.T.);
#2759=EDGE_CURVE('',#2188,#2127,#1426,.T.);
#2760=EDGE_CURVE('',#2158,#2188,#1427,.T.);
#2761=EDGE_CURVE('',#2158,#2123,#489,.T.);
#2762=EDGE_CURVE('',#2123,#2189,#1428,.T.);
#2763=EDGE_CURVE('',#1847,#2189,#1429,.T.);
#2764=EDGE_CURVE('',#2189,#2188,#490,.T.);
#2765=EDGE_CURVE('',#2160,#2188,#491,.T.);
#2766=EDGE_CURVE('',#2159,#2189,#492,.T.);
#2767=EDGE_CURVE('',#2151,#2190,#1430,.T.);
#2768=EDGE_CURVE('',#2191,#2190,#493,.T.);
#2769=EDGE_CURVE('',#2191,#2152,#1431,.T.);
#2770=EDGE_CURVE('',#2192,#2191,#494,.T.);
#2771=EDGE_CURVE('',#2153,#2192,#1432,.T.);
#2772=EDGE_CURVE('',#2157,#2193,#1433,.T.);
#2773=EDGE_CURVE('',#2194,#2193,#495,.T.);
#2774=EDGE_CURVE('',#2194,#2150,#1434,.T.);
#2775=EDGE_CURVE('',#2190,#2194,#1435,.T.);
#2776=EDGE_CURVE('',#2193,#2195,#496,.T.);
#2777=EDGE_CURVE('',#2195,#2196,#497,.T.);
#2778=EDGE_CURVE('',#2196,#2197,#1436,.T.);
#2779=EDGE_CURVE('',#2197,#2192,#498,.T.);
#2780=EDGE_CURVE('',#2195,#2156,#1437,.T.);
#2781=EDGE_CURVE('',#2135,#2198,#1438,.T.);
#2782=EDGE_CURVE('',#2199,#2198,#499,.T.);
#2783=EDGE_CURVE('',#2199,#2136,#1439,.T.);
#2784=EDGE_CURVE('',#2200,#2199,#500,.T.);
#2785=EDGE_CURVE('',#2137,#2200,#1440,.T.);
#2786=EDGE_CURVE('',#2141,#2201,#1441,.T.);
#2787=EDGE_CURVE('',#2202,#2201,#501,.T.);
#2788=EDGE_CURVE('',#2202,#2134,#1442,.T.);
#2789=EDGE_CURVE('',#2198,#2202,#1443,.T.);
#2790=EDGE_CURVE('',#2201,#2203,#502,.T.);
#2791=EDGE_CURVE('',#2203,#2204,#503,.T.);
#2792=EDGE_CURVE('',#2204,#2205,#1444,.T.);
#2793=EDGE_CURVE('',#2205,#2200,#504,.T.);
#2794=EDGE_CURVE('',#2203,#2140,#1445,.T.);
#2795=EDGE_CURVE('',#2145,#2206,#1446,.T.);
#2796=EDGE_CURVE('',#2207,#2206,#505,.T.);
#2797=EDGE_CURVE('',#2207,#2146,#1447,.T.);
#2798=EDGE_CURVE('',#2208,#2207,#506,.T.);
#2799=EDGE_CURVE('',#2147,#2208,#1448,.T.);
#2800=EDGE_CURVE('',#2143,#2209,#1449,.T.);
#2801=EDGE_CURVE('',#2210,#2209,#507,.T.);
#2802=EDGE_CURVE('',#2210,#2144,#1450,.T.);
#2803=EDGE_CURVE('',#2206,#2210,#1451,.T.);
#2804=EDGE_CURVE('',#2209,#2211,#508,.T.);
#2805=EDGE_CURVE('',#2211,#2212,#509,.T.);
#2806=EDGE_CURVE('',#2212,#2213,#1452,.T.);
#2807=EDGE_CURVE('',#2213,#2208,#510,.T.);
#2808=EDGE_CURVE('',#2211,#2142,#1453,.T.);
#2809=EDGE_CURVE('',#2149,#2212,#1454,.T.);
#2810=EDGE_CURVE('',#2213,#2148,#1455,.T.);
#2811=EDGE_CURVE('',#2139,#2204,#1456,.T.);
#2812=EDGE_CURVE('',#2205,#2138,#1457,.T.);
#2813=EDGE_CURVE('',#2155,#2196,#1458,.T.);
#2814=EDGE_CURVE('',#2197,#2154,#1459,.T.);
#2815=EDGE_CURVE('',#2162,#2214,#1460,.T.);
#2816=EDGE_CURVE('',#2215,#2214,#511,.T.);
#2817=EDGE_CURVE('',#2215,#2163,#1461,.T.);
#2818=EDGE_CURVE('',#2216,#2161,#1462,.T.);
#2819=EDGE_CURVE('',#2216,#2214,#1463,.T.);
#2820=EDGE_CURVE('',#2168,#2217,#1464,.T.);
#2821=EDGE_CURVE('',#2216,#2217,#512,.T.);
#2822=EDGE_CURVE('',#2218,#2167,#1465,.T.);
#2823=EDGE_CURVE('',#2218,#2217,#513,.T.);
#2824=EDGE_CURVE('',#2166,#2219,#1466,.T.);
#2825=EDGE_CURVE('',#2218,#2219,#514,.T.);
#2826=EDGE_CURVE('',#2220,#2165,#1467,.T.);
#2827=EDGE_CURVE('',#2220,#2219,#1468,.T.);
#2828=EDGE_CURVE('',#2164,#2221,#1469,.T.);
#2829=EDGE_CURVE('',#2220,#2221,#515,.T.);
#2830=EDGE_CURVE('',#2215,#2221,#516,.T.);
#2831=EDGE_CURVE('',#2178,#2222,#1470,.T.);
#2832=EDGE_CURVE('',#2223,#2222,#517,.T.);
#2833=EDGE_CURVE('',#2223,#2179,#1471,.T.);
#2834=EDGE_CURVE('',#2224,#2177,#1472,.T.);
#2835=EDGE_CURVE('',#2224,#2222,#1473,.T.);
#2836=EDGE_CURVE('',#2180,#2225,#1474,.T.);
#2837=EDGE_CURVE('',#2226,#2225,#518,.T.);
#2838=EDGE_CURVE('',#2226,#2181,#1475,.T.);
#2839=EDGE_CURVE('',#2223,#2225,#519,.T.);
#2840=EDGE_CURVE('',#2184,#2227,#1476,.T.);
#2841=EDGE_CURVE('',#2224,#2227,#520,.T.);
#2842=EDGE_CURVE('',#2228,#2183,#1477,.T.);
#2843=EDGE_CURVE('',#2228,#2227,#521,.T.);
#2844=EDGE_CURVE('',#2182,#2229,#1478,.T.);
#2845=EDGE_CURVE('',#2228,#2229,#522,.T.);
#2846=EDGE_CURVE('',#2226,#2229,#1479,.T.);
#2847=EDGE_CURVE('',#2170,#2230,#1480,.T.);
#2848=EDGE_CURVE('',#2231,#2230,#523,.T.);
#2849=EDGE_CURVE('',#2231,#2171,#1481,.T.);
#2850=EDGE_CURVE('',#2232,#2169,#1482,.T.);
#2851=EDGE_CURVE('',#2232,#2230,#524,.T.);
#2852=EDGE_CURVE('',#2172,#2233,#1483,.T.);
#2853=EDGE_CURVE('',#2234,#2233,#525,.T.);
#2854=EDGE_CURVE('',#2234,#2173,#1484,.T.);
#2855=EDGE_CURVE('',#2231,#2233,#1485,.T.);
#2856=EDGE_CURVE('',#2174,#2235,#1486,.T.);
#2857=EDGE_CURVE('',#2236,#2235,#526,.T.);
#2858=EDGE_CURVE('',#2236,#2175,#1487,.T.);
#2859=EDGE_CURVE('',#2234,#2235,#527,.T.);
#2860=EDGE_CURVE('',#2176,#2237,#1488,.T.);
#2861=EDGE_CURVE('',#2232,#2237,#528,.T.);
#2862=EDGE_CURVE('',#2236,#2237,#1489,.T.);
#2863=EDGE_CURVE('',#2238,#2238,#529,.T.);
#2864=EDGE_CURVE('',#2238,#2131,#1490,.T.);
#2865=EDGE_CURVE('',#2239,#2239,#530,.T.);
#2866=EDGE_CURVE('',#2240,#2240,#531,.T.);
#2867=EDGE_CURVE('',#2240,#2132,#1491,.T.);
#2868=EDGE_CURVE('',#2241,#2241,#532,.T.);
#2869=EDGE_CURVE('',#2242,#2242,#533,.T.);
#2870=EDGE_CURVE('',#2242,#2133,#1492,.T.);
#2871=EDGE_CURVE('',#2243,#2243,#534,.T.);
#2872=EDGE_CURVE('',#2185,#2244,#1493,.T.);
#2873=EDGE_CURVE('',#2244,#2244,#535,.T.);
#2874=EDGE_CURVE('',#2245,#2245,#536,.T.);
#2875=EDGE_CURVE('',#2186,#2246,#1494,.T.);
#2876=EDGE_CURVE('',#2246,#2246,#537,.T.);
#2877=EDGE_CURVE('',#2247,#2247,#538,.T.);
#2878=EDGE_CURVE('',#2187,#2248,#1495,.T.);
#2879=EDGE_CURVE('',#2248,#2248,#539,.T.);
#2880=EDGE_CURVE('',#2249,#2249,#540,.T.);
#2881=EDGE_CURVE('',#2239,#2249,#1496,.T.);
#2882=EDGE_CURVE('',#2243,#2245,#1497,.T.);
#2883=EDGE_CURVE('',#2241,#2247,#1498,.T.);
#2884=ORIENTED_EDGE('',*,*,#2250,.F.);
#2885=ORIENTED_EDGE('',*,*,#2251,.T.);
#2886=ORIENTED_EDGE('',*,*,#2252,.T.);
#2887=ORIENTED_EDGE('',*,*,#2253,.T.);
#2888=ORIENTED_EDGE('',*,*,#2254,.T.);
#2889=ORIENTED_EDGE('',*,*,#2255,.T.);
#2890=ORIENTED_EDGE('',*,*,#2256,.T.);
#2891=ORIENTED_EDGE('',*,*,#2257,.T.);
#2892=ORIENTED_EDGE('',*,*,#2258,.T.);
#2893=ORIENTED_EDGE('',*,*,#2252,.F.);
#2894=ORIENTED_EDGE('',*,*,#2259,.F.);
#2895=ORIENTED_EDGE('',*,*,#2260,.T.);
#2896=ORIENTED_EDGE('',*,*,#2261,.T.);
#2897=ORIENTED_EDGE('',*,*,#2262,.T.);
#2898=ORIENTED_EDGE('',*,*,#2263,.F.);
#2899=ORIENTED_EDGE('',*,*,#2264,.F.);
#2900=ORIENTED_EDGE('',*,*,#2253,.F.);
#2901=ORIENTED_EDGE('',*,*,#2258,.F.);
#2902=ORIENTED_EDGE('',*,*,#2265,.T.);
#2903=ORIENTED_EDGE('',*,*,#2266,.F.);
#2904=ORIENTED_EDGE('',*,*,#2263,.T.);
#2905=ORIENTED_EDGE('',*,*,#2267,.F.);
#2906=ORIENTED_EDGE('',*,*,#2268,.F.);
#2907=ORIENTED_EDGE('',*,*,#2269,.F.);
#2908=ORIENTED_EDGE('',*,*,#2259,.T.);
#2909=ORIENTED_EDGE('',*,*,#2251,.F.);
#2910=ORIENTED_EDGE('',*,*,#2270,.F.);
#2911=ORIENTED_EDGE('',*,*,#2271,.F.);
#2912=ORIENTED_EDGE('',*,*,#2272,.F.);
#2913=ORIENTED_EDGE('',*,*,#2273,.F.);
#2914=ORIENTED_EDGE('',*,*,#2274,.F.);
#2915=ORIENTED_EDGE('',*,*,#2265,.F.);
#2916=ORIENTED_EDGE('',*,*,#2257,.F.);
#2917=ORIENTED_EDGE('',*,*,#2271,.T.);
#2918=ORIENTED_EDGE('',*,*,#2267,.T.);
#2919=ORIENTED_EDGE('',*,*,#2275,.T.);
#2920=ORIENTED_EDGE('',*,*,#2276,.F.);
#2921=ORIENTED_EDGE('',*,*,#2277,.T.);
#2922=ORIENTED_EDGE('',*,*,#2278,.T.);
#2923=ORIENTED_EDGE('',*,*,#2279,.F.);
#2924=ORIENTED_EDGE('',*,*,#2280,.F.);
#2925=ORIENTED_EDGE('',*,*,#2281,.F.);
#2926=ORIENTED_EDGE('',*,*,#2282,.F.);
#2927=ORIENTED_EDGE('',*,*,#2283,.F.);
#2928=ORIENTED_EDGE('',*,*,#2284,.F.);
#2929=ORIENTED_EDGE('',*,*,#2278,.F.);
#2930=ORIENTED_EDGE('',*,*,#2285,.F.);
#2931=ORIENTED_EDGE('',*,*,#2262,.F.);
#2932=ORIENTED_EDGE('',*,*,#2261,.F.);
#2933=ORIENTED_EDGE('',*,*,#2260,.F.);
#2934=ORIENTED_EDGE('',*,*,#2285,.T.);
#2935=ORIENTED_EDGE('',*,*,#2283,.T.);
#2936=ORIENTED_EDGE('',*,*,#2286,.F.);
#2937=ORIENTED_EDGE('',*,*,#2287,.F.);
#2938=ORIENTED_EDGE('',*,*,#2275,.F.);
#2939=ORIENTED_EDGE('',*,*,#2288,.T.);
#2940=ORIENTED_EDGE('',*,*,#2289,.T.);
#2941=ORIENTED_EDGE('',*,*,#2290,.T.);
#2942=ORIENTED_EDGE('',*,*,#2291,.T.);
#2943=ORIENTED_EDGE('',*,*,#2292,.F.);
#2944=ORIENTED_EDGE('',*,*,#2293,.T.);
#2945=ORIENTED_EDGE('',*,*,#2294,.F.);
#2946=ORIENTED_EDGE('',*,*,#2295,.T.);
#2947=ORIENTED_EDGE('',*,*,#2296,.F.);
#2948=ORIENTED_EDGE('',*,*,#2297,.T.);
#2949=ORIENTED_EDGE('',*,*,#2298,.F.);
#2950=ORIENTED_EDGE('',*,*,#2299,.T.);
#2951=ORIENTED_EDGE('',*,*,#2300,.F.);
#2952=ORIENTED_EDGE('',*,*,#2301,.T.);
#2953=ORIENTED_EDGE('',*,*,#2302,.F.);
#2954=ORIENTED_EDGE('',*,*,#2303,.T.);
#2955=ORIENTED_EDGE('',*,*,#2304,.F.);
#2956=ORIENTED_EDGE('',*,*,#2305,.T.);
#2957=ORIENTED_EDGE('',*,*,#2306,.F.);
#2958=ORIENTED_EDGE('',*,*,#2307,.T.);
#2959=ORIENTED_EDGE('',*,*,#2308,.F.);
#2960=ORIENTED_EDGE('',*,*,#2309,.T.);
#2961=ORIENTED_EDGE('',*,*,#2310,.F.);
#2962=ORIENTED_EDGE('',*,*,#2311,.T.);
#2963=ORIENTED_EDGE('',*,*,#2312,.F.);
#2964=ORIENTED_EDGE('',*,*,#2313,.T.);
#2965=ORIENTED_EDGE('',*,*,#2314,.F.);
#2966=ORIENTED_EDGE('',*,*,#2282,.T.);
#2967=ORIENTED_EDGE('',*,*,#2315,.T.);
#2968=ORIENTED_EDGE('',*,*,#2316,.F.);
#2969=ORIENTED_EDGE('',*,*,#2286,.T.);
#2970=ORIENTED_EDGE('',*,*,#2284,.T.);
#2971=ORIENTED_EDGE('',*,*,#2317,.F.);
#2972=ORIENTED_EDGE('',*,*,#2318,.F.);
#2973=ORIENTED_EDGE('',*,*,#2319,.F.);
#2974=ORIENTED_EDGE('',*,*,#2279,.T.);
#2975=ORIENTED_EDGE('',*,*,#2320,.T.);
#2976=ORIENTED_EDGE('',*,*,#2321,.F.);
#2977=ORIENTED_EDGE('',*,*,#2322,.T.);
#2978=ORIENTED_EDGE('',*,*,#2323,.F.);
#2979=ORIENTED_EDGE('',*,*,#2324,.T.);
#2980=ORIENTED_EDGE('',*,*,#2325,.F.);
#2981=ORIENTED_EDGE('',*,*,#2326,.T.);
#2982=ORIENTED_EDGE('',*,*,#2327,.F.);
#2983=ORIENTED_EDGE('',*,*,#2328,.T.);
#2984=ORIENTED_EDGE('',*,*,#2329,.F.);
#2985=ORIENTED_EDGE('',*,*,#2330,.T.);
#2986=ORIENTED_EDGE('',*,*,#2331,.F.);
#2987=ORIENTED_EDGE('',*,*,#2332,.T.);
#2988=ORIENTED_EDGE('',*,*,#2333,.F.);
#2989=ORIENTED_EDGE('',*,*,#2334,.T.);
#2990=ORIENTED_EDGE('',*,*,#2335,.F.);
#2991=ORIENTED_EDGE('',*,*,#2336,.T.);
#2992=ORIENTED_EDGE('',*,*,#2337,.F.);
#2993=ORIENTED_EDGE('',*,*,#2338,.T.);
#2994=ORIENTED_EDGE('',*,*,#2339,.F.);
#2995=ORIENTED_EDGE('',*,*,#2340,.T.);
#2996=ORIENTED_EDGE('',*,*,#2341,.F.);
#2997=ORIENTED_EDGE('',*,*,#2342,.T.);
#2998=ORIENTED_EDGE('',*,*,#2343,.F.);
#2999=ORIENTED_EDGE('',*,*,#2344,.T.);
#3000=ORIENTED_EDGE('',*,*,#2345,.T.);
#3001=ORIENTED_EDGE('',*,*,#2346,.T.);
#3002=ORIENTED_EDGE('',*,*,#2281,.T.);
#3003=ORIENTED_EDGE('',*,*,#2347,.F.);
#3004=ORIENTED_EDGE('',*,*,#2348,.F.);
#3005=ORIENTED_EDGE('',*,*,#2315,.F.);
#3006=ORIENTED_EDGE('',*,*,#2276,.T.);
#3007=ORIENTED_EDGE('',*,*,#2287,.T.);
#3008=ORIENTED_EDGE('',*,*,#2316,.T.);
#3009=ORIENTED_EDGE('',*,*,#2349,.T.);
#3010=ORIENTED_EDGE('',*,*,#2268,.T.);
#3011=ORIENTED_EDGE('',*,*,#2277,.F.);
#3012=ORIENTED_EDGE('',*,*,#2350,.T.);
#3013=ORIENTED_EDGE('',*,*,#2351,.F.);
#3014=ORIENTED_EDGE('',*,*,#2349,.F.);
#3015=ORIENTED_EDGE('',*,*,#2348,.T.);
#3016=ORIENTED_EDGE('',*,*,#2352,.F.);
#3017=ORIENTED_EDGE('',*,*,#2350,.F.);
#3018=ORIENTED_EDGE('',*,*,#2280,.T.);
#3019=ORIENTED_EDGE('',*,*,#2319,.T.);
#3020=ORIENTED_EDGE('',*,*,#2353,.T.);
#3021=ORIENTED_EDGE('',*,*,#2347,.T.);
#3022=ORIENTED_EDGE('',*,*,#2354,.T.);
#3023=ORIENTED_EDGE('',*,*,#2352,.T.);
#3024=ORIENTED_EDGE('',*,*,#2353,.F.);
#3025=ORIENTED_EDGE('',*,*,#2318,.T.);
#3026=ORIENTED_EDGE('',*,*,#2269,.T.);
#3027=ORIENTED_EDGE('',*,*,#2351,.T.);
#3028=ORIENTED_EDGE('',*,*,#2354,.F.);
#3029=ORIENTED_EDGE('',*,*,#2317,.T.);
#3030=ORIENTED_EDGE('',*,*,#2355,.T.);
#3031=ORIENTED_EDGE('',*,*,#2356,.F.);
#3032=ORIENTED_EDGE('',*,*,#2357,.T.);
#3033=ORIENTED_EDGE('',*,*,#2308,.T.);
#3034=ORIENTED_EDGE('',*,*,#2357,.F.);
#3035=ORIENTED_EDGE('',*,*,#2358,.F.);
#3036=ORIENTED_EDGE('',*,*,#2359,.F.);
#3037=ORIENTED_EDGE('',*,*,#2309,.F.);
#3038=ORIENTED_EDGE('',*,*,#2360,.T.);
#3039=ORIENTED_EDGE('',*,*,#2361,.F.);
#3040=ORIENTED_EDGE('',*,*,#2362,.T.);
#3041=ORIENTED_EDGE('',*,*,#2314,.T.);
#3042=ORIENTED_EDGE('',*,*,#2356,.T.);
#3043=ORIENTED_EDGE('',*,*,#2363,.T.);
#3044=ORIENTED_EDGE('',*,*,#2361,.T.);
#3045=ORIENTED_EDGE('',*,*,#2364,.T.);
#3046=ORIENTED_EDGE('',*,*,#2365,.T.);
#3047=ORIENTED_EDGE('',*,*,#2366,.T.);
#3048=ORIENTED_EDGE('',*,*,#2367,.T.);
#3049=ORIENTED_EDGE('',*,*,#2358,.T.);
#3050=ORIENTED_EDGE('',*,*,#2360,.F.);
#3051=ORIENTED_EDGE('',*,*,#2313,.F.);
#3052=ORIENTED_EDGE('',*,*,#2368,.F.);
#3053=ORIENTED_EDGE('',*,*,#2364,.F.);
#3054=ORIENTED_EDGE('',*,*,#2369,.T.);
#3055=ORIENTED_EDGE('',*,*,#2370,.F.);
#3056=ORIENTED_EDGE('',*,*,#2371,.T.);
#3057=ORIENTED_EDGE('',*,*,#2292,.T.);
#3058=ORIENTED_EDGE('',*,*,#2371,.F.);
#3059=ORIENTED_EDGE('',*,*,#2372,.F.);
#3060=ORIENTED_EDGE('',*,*,#2373,.F.);
#3061=ORIENTED_EDGE('',*,*,#2293,.F.);
#3062=ORIENTED_EDGE('',*,*,#2374,.T.);
#3063=ORIENTED_EDGE('',*,*,#2375,.F.);
#3064=ORIENTED_EDGE('',*,*,#2376,.T.);
#3065=ORIENTED_EDGE('',*,*,#2298,.T.);
#3066=ORIENTED_EDGE('',*,*,#2370,.T.);
#3067=ORIENTED_EDGE('',*,*,#2377,.T.);
#3068=ORIENTED_EDGE('',*,*,#2375,.T.);
#3069=ORIENTED_EDGE('',*,*,#2378,.T.);
#3070=ORIENTED_EDGE('',*,*,#2379,.T.);
#3071=ORIENTED_EDGE('',*,*,#2380,.T.);
#3072=ORIENTED_EDGE('',*,*,#2381,.T.);
#3073=ORIENTED_EDGE('',*,*,#2372,.T.);
#3074=ORIENTED_EDGE('',*,*,#2374,.F.);
#3075=ORIENTED_EDGE('',*,*,#2297,.F.);
#3076=ORIENTED_EDGE('',*,*,#2382,.F.);
#3077=ORIENTED_EDGE('',*,*,#2378,.F.);
#3078=ORIENTED_EDGE('',*,*,#2383,.T.);
#3079=ORIENTED_EDGE('',*,*,#2384,.F.);
#3080=ORIENTED_EDGE('',*,*,#2385,.T.);
#3081=ORIENTED_EDGE('',*,*,#2302,.T.);
#3082=ORIENTED_EDGE('',*,*,#2385,.F.);
#3083=ORIENTED_EDGE('',*,*,#2386,.F.);
#3084=ORIENTED_EDGE('',*,*,#2387,.F.);
#3085=ORIENTED_EDGE('',*,*,#2303,.F.);
#3086=ORIENTED_EDGE('',*,*,#2388,.T.);
#3087=ORIENTED_EDGE('',*,*,#2389,.F.);
#3088=ORIENTED_EDGE('',*,*,#2390,.T.);
#3089=ORIENTED_EDGE('',*,*,#2300,.T.);
#3090=ORIENTED_EDGE('',*,*,#2384,.T.);
#3091=ORIENTED_EDGE('',*,*,#2391,.T.);
#3092=ORIENTED_EDGE('',*,*,#2389,.T.);
#3093=ORIENTED_EDGE('',*,*,#2392,.T.);
#3094=ORIENTED_EDGE('',*,*,#2393,.T.);
#3095=ORIENTED_EDGE('',*,*,#2394,.T.);
#3096=ORIENTED_EDGE('',*,*,#2395,.T.);
#3097=ORIENTED_EDGE('',*,*,#2386,.T.);
#3098=ORIENTED_EDGE('',*,*,#2388,.F.);
#3099=ORIENTED_EDGE('',*,*,#2299,.F.);
#3100=ORIENTED_EDGE('',*,*,#2396,.F.);
#3101=ORIENTED_EDGE('',*,*,#2392,.F.);
#3102=ORIENTED_EDGE('',*,*,#2397,.T.);
#3103=ORIENTED_EDGE('',*,*,#2393,.F.);
#3104=ORIENTED_EDGE('',*,*,#2396,.T.);
#3105=ORIENTED_EDGE('',*,*,#2306,.T.);
#3106=ORIENTED_EDGE('',*,*,#2387,.T.);
#3107=ORIENTED_EDGE('',*,*,#2395,.F.);
#3108=ORIENTED_EDGE('',*,*,#2398,.T.);
#3109=ORIENTED_EDGE('',*,*,#2304,.T.);
#3110=ORIENTED_EDGE('',*,*,#2399,.T.);
#3111=ORIENTED_EDGE('',*,*,#2379,.F.);
#3112=ORIENTED_EDGE('',*,*,#2382,.T.);
#3113=ORIENTED_EDGE('',*,*,#2296,.T.);
#3114=ORIENTED_EDGE('',*,*,#2373,.T.);
#3115=ORIENTED_EDGE('',*,*,#2381,.F.);
#3116=ORIENTED_EDGE('',*,*,#2400,.T.);
#3117=ORIENTED_EDGE('',*,*,#2294,.T.);
#3118=ORIENTED_EDGE('',*,*,#2401,.T.);
#3119=ORIENTED_EDGE('',*,*,#2365,.F.);
#3120=ORIENTED_EDGE('',*,*,#2368,.T.);
#3121=ORIENTED_EDGE('',*,*,#2312,.T.);
#3122=ORIENTED_EDGE('',*,*,#2359,.T.);
#3123=ORIENTED_EDGE('',*,*,#2367,.F.);
#3124=ORIENTED_EDGE('',*,*,#2402,.T.);
#3125=ORIENTED_EDGE('',*,*,#2310,.T.);
#3126=ORIENTED_EDGE('',*,*,#2403,.T.);
#3127=ORIENTED_EDGE('',*,*,#2404,.F.);
#3128=ORIENTED_EDGE('',*,*,#2405,.T.);
#3129=ORIENTED_EDGE('',*,*,#2321,.T.);
#3130=ORIENTED_EDGE('',*,*,#2403,.F.);
#3131=ORIENTED_EDGE('',*,*,#2320,.F.);
#3132=ORIENTED_EDGE('',*,*,#2406,.F.);
#3133=ORIENTED_EDGE('',*,*,#2407,.T.);
#3134=ORIENTED_EDGE('',*,*,#2408,.T.);
#3135=ORIENTED_EDGE('',*,*,#2409,.F.);
#3136=ORIENTED_EDGE('',*,*,#2406,.T.);
#3137=ORIENTED_EDGE('',*,*,#2327,.T.);
#3138=ORIENTED_EDGE('',*,*,#2408,.F.);
#3139=ORIENTED_EDGE('',*,*,#2326,.F.);
#3140=ORIENTED_EDGE('',*,*,#2410,.F.);
#3141=ORIENTED_EDGE('',*,*,#2411,.T.);
#3142=ORIENTED_EDGE('',*,*,#2412,.T.);
#3143=ORIENTED_EDGE('',*,*,#2413,.F.);
#3144=ORIENTED_EDGE('',*,*,#2410,.T.);
#3145=ORIENTED_EDGE('',*,*,#2325,.T.);
#3146=ORIENTED_EDGE('',*,*,#2412,.F.);
#3147=ORIENTED_EDGE('',*,*,#2324,.F.);
#3148=ORIENTED_EDGE('',*,*,#2414,.F.);
#3149=ORIENTED_EDGE('',*,*,#2415,.T.);
#3150=ORIENTED_EDGE('',*,*,#2416,.T.);
#3151=ORIENTED_EDGE('',*,*,#2417,.F.);
#3152=ORIENTED_EDGE('',*,*,#2414,.T.);
#3153=ORIENTED_EDGE('',*,*,#2323,.T.);
#3154=ORIENTED_EDGE('',*,*,#2405,.F.);
#3155=ORIENTED_EDGE('',*,*,#2418,.T.);
#3156=ORIENTED_EDGE('',*,*,#2416,.F.);
#3157=ORIENTED_EDGE('',*,*,#2322,.F.);
#3158=ORIENTED_EDGE('',*,*,#2419,.T.);
#3159=ORIENTED_EDGE('',*,*,#2420,.F.);
#3160=ORIENTED_EDGE('',*,*,#2421,.T.);
#3161=ORIENTED_EDGE('',*,*,#2337,.T.);
#3162=ORIENTED_EDGE('',*,*,#2419,.F.);
#3163=ORIENTED_EDGE('',*,*,#2336,.F.);
#3164=ORIENTED_EDGE('',*,*,#2422,.F.);
#3165=ORIENTED_EDGE('',*,*,#2423,.T.);
#3166=ORIENTED_EDGE('',*,*,#2424,.T.);
#3167=ORIENTED_EDGE('',*,*,#2425,.F.);
#3168=ORIENTED_EDGE('',*,*,#2426,.T.);
#3169=ORIENTED_EDGE('',*,*,#2339,.T.);
#3170=ORIENTED_EDGE('',*,*,#2421,.F.);
#3171=ORIENTED_EDGE('',*,*,#2427,.T.);
#3172=ORIENTED_EDGE('',*,*,#2424,.F.);
#3173=ORIENTED_EDGE('',*,*,#2338,.F.);
#3174=ORIENTED_EDGE('',*,*,#2428,.T.);
#3175=ORIENTED_EDGE('',*,*,#2429,.F.);
#3176=ORIENTED_EDGE('',*,*,#2422,.T.);
#3177=ORIENTED_EDGE('',*,*,#2343,.T.);
#3178=ORIENTED_EDGE('',*,*,#2428,.F.);
#3179=ORIENTED_EDGE('',*,*,#2342,.F.);
#3180=ORIENTED_EDGE('',*,*,#2430,.F.);
#3181=ORIENTED_EDGE('',*,*,#2431,.T.);
#3182=ORIENTED_EDGE('',*,*,#2432,.T.);
#3183=ORIENTED_EDGE('',*,*,#2433,.F.);
#3184=ORIENTED_EDGE('',*,*,#2430,.T.);
#3185=ORIENTED_EDGE('',*,*,#2341,.T.);
#3186=ORIENTED_EDGE('',*,*,#2426,.F.);
#3187=ORIENTED_EDGE('',*,*,#2434,.T.);
#3188=ORIENTED_EDGE('',*,*,#2432,.F.);
#3189=ORIENTED_EDGE('',*,*,#2340,.F.);
#3190=ORIENTED_EDGE('',*,*,#2435,.T.);
#3191=ORIENTED_EDGE('',*,*,#2436,.F.);
#3192=ORIENTED_EDGE('',*,*,#2437,.T.);
#3193=ORIENTED_EDGE('',*,*,#2329,.T.);
#3194=ORIENTED_EDGE('',*,*,#2435,.F.);
#3195=ORIENTED_EDGE('',*,*,#2328,.F.);
#3196=ORIENTED_EDGE('',*,*,#2438,.F.);
#3197=ORIENTED_EDGE('',*,*,#2439,.T.);
#3198=ORIENTED_EDGE('',*,*,#2440,.T.);
#3199=ORIENTED_EDGE('',*,*,#2441,.F.);
#3200=ORIENTED_EDGE('',*,*,#2442,.T.);
#3201=ORIENTED_EDGE('',*,*,#2331,.T.);
#3202=ORIENTED_EDGE('',*,*,#2437,.F.);
#3203=ORIENTED_EDGE('',*,*,#2443,.T.);
#3204=ORIENTED_EDGE('',*,*,#2440,.F.);
#3205=ORIENTED_EDGE('',*,*,#2330,.F.);
#3206=ORIENTED_EDGE('',*,*,#2444,.T.);
#3207=ORIENTED_EDGE('',*,*,#2445,.F.);
#3208=ORIENTED_EDGE('',*,*,#2446,.T.);
#3209=ORIENTED_EDGE('',*,*,#2333,.T.);
#3210=ORIENTED_EDGE('',*,*,#2442,.F.);
#3211=ORIENTED_EDGE('',*,*,#2447,.T.);
#3212=ORIENTED_EDGE('',*,*,#2444,.F.);
#3213=ORIENTED_EDGE('',*,*,#2332,.F.);
#3214=ORIENTED_EDGE('',*,*,#2448,.T.);
#3215=ORIENTED_EDGE('',*,*,#2449,.F.);
#3216=ORIENTED_EDGE('',*,*,#2438,.T.);
#3217=ORIENTED_EDGE('',*,*,#2335,.T.);
#3218=ORIENTED_EDGE('',*,*,#2446,.F.);
#3219=ORIENTED_EDGE('',*,*,#2450,.T.);
#3220=ORIENTED_EDGE('',*,*,#2448,.F.);
#3221=ORIENTED_EDGE('',*,*,#2334,.F.);
#3222=ORIENTED_EDGE('',*,*,#2451,.F.);
#3223=ORIENTED_EDGE('',*,*,#2452,.T.);
#3224=ORIENTED_EDGE('',*,*,#2288,.F.);
#3225=ORIENTED_EDGE('',*,*,#2452,.F.);
#3226=ORIENTED_EDGE('',*,*,#2451,.T.);
#3227=ORIENTED_EDGE('',*,*,#2453,.F.);
#3228=ORIENTED_EDGE('',*,*,#2454,.F.);
#3229=ORIENTED_EDGE('',*,*,#2455,.T.);
#3230=ORIENTED_EDGE('',*,*,#2289,.F.);
#3231=ORIENTED_EDGE('',*,*,#2455,.F.);
#3232=ORIENTED_EDGE('',*,*,#2454,.T.);
#3233=ORIENTED_EDGE('',*,*,#2456,.F.);
#3234=ORIENTED_EDGE('',*,*,#2457,.F.);
#3235=ORIENTED_EDGE('',*,*,#2458,.T.);
#3236=ORIENTED_EDGE('',*,*,#2290,.F.);
#3237=ORIENTED_EDGE('',*,*,#2458,.F.);
#3238=ORIENTED_EDGE('',*,*,#2457,.T.);
#3239=ORIENTED_EDGE('',*,*,#2459,.F.);
#3240=ORIENTED_EDGE('',*,*,#2369,.F.);
#3241=ORIENTED_EDGE('',*,*,#2291,.F.);
#3242=ORIENTED_EDGE('',*,*,#2376,.F.);
#3243=ORIENTED_EDGE('',*,*,#2377,.F.);
#3244=ORIENTED_EDGE('',*,*,#2399,.F.);
#3245=ORIENTED_EDGE('',*,*,#2295,.F.);
#3246=ORIENTED_EDGE('',*,*,#2400,.F.);
#3247=ORIENTED_EDGE('',*,*,#2380,.F.);
#3248=ORIENTED_EDGE('',*,*,#2383,.F.);
#3249=ORIENTED_EDGE('',*,*,#2301,.F.);
#3250=ORIENTED_EDGE('',*,*,#2390,.F.);
#3251=ORIENTED_EDGE('',*,*,#2391,.F.);
#3252=ORIENTED_EDGE('',*,*,#2397,.F.);
#3253=ORIENTED_EDGE('',*,*,#2305,.F.);
#3254=ORIENTED_EDGE('',*,*,#2398,.F.);
#3255=ORIENTED_EDGE('',*,*,#2394,.F.);
#3256=ORIENTED_EDGE('',*,*,#2355,.F.);
#3257=ORIENTED_EDGE('',*,*,#2307,.F.);
#3258=ORIENTED_EDGE('',*,*,#2362,.F.);
#3259=ORIENTED_EDGE('',*,*,#2363,.F.);
#3260=ORIENTED_EDGE('',*,*,#2401,.F.);
#3261=ORIENTED_EDGE('',*,*,#2311,.F.);
#3262=ORIENTED_EDGE('',*,*,#2402,.F.);
#3263=ORIENTED_EDGE('',*,*,#2366,.F.);
#3264=ORIENTED_EDGE('',*,*,#2404,.T.);
#3265=ORIENTED_EDGE('',*,*,#2407,.F.);
#3266=ORIENTED_EDGE('',*,*,#2409,.T.);
#3267=ORIENTED_EDGE('',*,*,#2411,.F.);
#3268=ORIENTED_EDGE('',*,*,#2413,.T.);
#3269=ORIENTED_EDGE('',*,*,#2415,.F.);
#3270=ORIENTED_EDGE('',*,*,#2417,.T.);
#3271=ORIENTED_EDGE('',*,*,#2418,.F.);
#3272=ORIENTED_EDGE('',*,*,#2436,.T.);
#3273=ORIENTED_EDGE('',*,*,#2439,.F.);
#3274=ORIENTED_EDGE('',*,*,#2449,.T.);
#3275=ORIENTED_EDGE('',*,*,#2450,.F.);
#3276=ORIENTED_EDGE('',*,*,#2445,.T.);
#3277=ORIENTED_EDGE('',*,*,#2447,.F.);
#3278=ORIENTED_EDGE('',*,*,#2441,.T.);
#3279=ORIENTED_EDGE('',*,*,#2443,.F.);
#3280=ORIENTED_EDGE('',*,*,#2420,.T.);
#3281=ORIENTED_EDGE('',*,*,#2423,.F.);
#3282=ORIENTED_EDGE('',*,*,#2429,.T.);
#3283=ORIENTED_EDGE('',*,*,#2431,.F.);
#3284=ORIENTED_EDGE('',*,*,#2433,.T.);
#3285=ORIENTED_EDGE('',*,*,#2434,.F.);
#3286=ORIENTED_EDGE('',*,*,#2425,.T.);
#3287=ORIENTED_EDGE('',*,*,#2427,.F.);
#3288=ORIENTED_EDGE('',*,*,#2344,.F.);
#3289=ORIENTED_EDGE('',*,*,#2460,.T.);
#3290=ORIENTED_EDGE('',*,*,#2461,.T.);
#3291=ORIENTED_EDGE('',*,*,#2460,.F.);
#3292=ORIENTED_EDGE('',*,*,#2461,.F.);
#3293=ORIENTED_EDGE('',*,*,#2462,.F.);
#3294=ORIENTED_EDGE('',*,*,#2345,.F.);
#3295=ORIENTED_EDGE('',*,*,#2463,.T.);
#3296=ORIENTED_EDGE('',*,*,#2464,.T.);
#3297=ORIENTED_EDGE('',*,*,#2463,.F.);
#3298=ORIENTED_EDGE('',*,*,#2464,.F.);
#3299=ORIENTED_EDGE('',*,*,#2465,.F.);
#3300=ORIENTED_EDGE('',*,*,#2346,.F.);
#3301=ORIENTED_EDGE('',*,*,#2466,.T.);
#3302=ORIENTED_EDGE('',*,*,#2467,.T.);
#3303=ORIENTED_EDGE('',*,*,#2466,.F.);
#3304=ORIENTED_EDGE('',*,*,#2467,.F.);
#3305=ORIENTED_EDGE('',*,*,#2468,.F.);
#3306=ORIENTED_EDGE('',*,*,#2453,.T.);
#3307=ORIENTED_EDGE('',*,*,#2469,.T.);
#3308=ORIENTED_EDGE('',*,*,#2468,.T.);
#3309=ORIENTED_EDGE('',*,*,#2469,.F.);
#3310=ORIENTED_EDGE('',*,*,#2459,.T.);
#3311=ORIENTED_EDGE('',*,*,#2470,.T.);
#3312=ORIENTED_EDGE('',*,*,#2462,.T.);
#3313=ORIENTED_EDGE('',*,*,#2470,.F.);
#3314=ORIENTED_EDGE('',*,*,#2456,.T.);
#3315=ORIENTED_EDGE('',*,*,#2471,.T.);
#3316=ORIENTED_EDGE('',*,*,#2465,.T.);
#3317=ORIENTED_EDGE('',*,*,#2471,.F.);
#3318=ORIENTED_EDGE('',*,*,#2472,.T.);
#3319=ORIENTED_EDGE('',*,*,#2473,.T.);
#3320=ORIENTED_EDGE('',*,*,#2474,.T.);
#3321=ORIENTED_EDGE('',*,*,#2473,.F.);
#3322=ORIENTED_EDGE('',*,*,#2474,.F.);
#3323=ORIENTED_EDGE('',*,*,#2475,.T.);
#3324=ORIENTED_EDGE('',*,*,#2476,.T.);
#3325=ORIENTED_EDGE('',*,*,#2477,.T.);
#3326=ORIENTED_EDGE('',*,*,#2476,.F.);
#3327=ORIENTED_EDGE('',*,*,#2477,.F.);
#3328=ORIENTED_EDGE('',*,*,#2478,.T.);
#3329=ORIENTED_EDGE('',*,*,#2479,.T.);
#3330=ORIENTED_EDGE('',*,*,#2480,.T.);
#3331=ORIENTED_EDGE('',*,*,#2479,.F.);
#3332=ORIENTED_EDGE('',*,*,#2480,.F.);
#3333=ORIENTED_EDGE('',*,*,#2481,.T.);
#3334=ORIENTED_EDGE('',*,*,#2482,.T.);
#3335=ORIENTED_EDGE('',*,*,#2483,.T.);
#3336=ORIENTED_EDGE('',*,*,#2482,.F.);
#3337=ORIENTED_EDGE('',*,*,#2483,.F.);
#3338=ORIENTED_EDGE('',*,*,#2484,.T.);
#3339=ORIENTED_EDGE('',*,*,#2485,.T.);
#3340=ORIENTED_EDGE('',*,*,#2486,.T.);
#3341=ORIENTED_EDGE('',*,*,#2485,.F.);
#3342=ORIENTED_EDGE('',*,*,#2486,.F.);
#3343=ORIENTED_EDGE('',*,*,#2487,.T.);
#3344=ORIENTED_EDGE('',*,*,#2488,.T.);
#3345=ORIENTED_EDGE('',*,*,#2489,.T.);
#3346=ORIENTED_EDGE('',*,*,#2488,.F.);
#3347=ORIENTED_EDGE('',*,*,#2489,.F.);
#3348=ORIENTED_EDGE('',*,*,#2490,.T.);
#3349=ORIENTED_EDGE('',*,*,#2491,.T.);
#3350=ORIENTED_EDGE('',*,*,#2492,.T.);
#3351=ORIENTED_EDGE('',*,*,#2491,.F.);
#3352=ORIENTED_EDGE('',*,*,#2492,.F.);
#3353=ORIENTED_EDGE('',*,*,#2493,.F.);
#3354=ORIENTED_EDGE('',*,*,#2494,.T.);
#3355=ORIENTED_EDGE('',*,*,#2495,.T.);
#3356=ORIENTED_EDGE('',*,*,#2494,.F.);
#3357=ORIENTED_EDGE('',*,*,#2495,.F.);
#3358=ORIENTED_EDGE('',*,*,#2487,.F.);
#3359=ORIENTED_EDGE('',*,*,#2496,.F.);
#3360=ORIENTED_EDGE('',*,*,#2497,.T.);
#3361=ORIENTED_EDGE('',*,*,#2498,.T.);
#3362=ORIENTED_EDGE('',*,*,#2497,.F.);
#3363=ORIENTED_EDGE('',*,*,#2498,.F.);
#3364=ORIENTED_EDGE('',*,*,#2481,.F.);
#3365=ORIENTED_EDGE('',*,*,#2499,.F.);
#3366=ORIENTED_EDGE('',*,*,#2500,.T.);
#3367=ORIENTED_EDGE('',*,*,#2501,.T.);
#3368=ORIENTED_EDGE('',*,*,#2500,.F.);
#3369=ORIENTED_EDGE('',*,*,#2501,.F.);
#3370=ORIENTED_EDGE('',*,*,#2475,.F.);
#3371=ORIENTED_EDGE('',*,*,#2502,.F.);
#3372=ORIENTED_EDGE('',*,*,#2503,.T.);
#3373=ORIENTED_EDGE('',*,*,#2504,.T.);
#3374=ORIENTED_EDGE('',*,*,#2503,.F.);
#3375=ORIENTED_EDGE('',*,*,#2504,.F.);
#3376=ORIENTED_EDGE('',*,*,#2472,.F.);
#3377=ORIENTED_EDGE('',*,*,#2505,.F.);
#3378=ORIENTED_EDGE('',*,*,#2506,.T.);
#3379=ORIENTED_EDGE('',*,*,#2507,.T.);
#3380=ORIENTED_EDGE('',*,*,#2506,.F.);
#3381=ORIENTED_EDGE('',*,*,#2507,.F.);
#3382=ORIENTED_EDGE('',*,*,#2478,.F.);
#3383=ORIENTED_EDGE('',*,*,#2508,.F.);
#3384=ORIENTED_EDGE('',*,*,#2509,.T.);
#3385=ORIENTED_EDGE('',*,*,#2510,.T.);
#3386=ORIENTED_EDGE('',*,*,#2509,.F.);
#3387=ORIENTED_EDGE('',*,*,#2510,.F.);
#3388=ORIENTED_EDGE('',*,*,#2484,.F.);
#3389=ORIENTED_EDGE('',*,*,#2511,.F.);
#3390=ORIENTED_EDGE('',*,*,#2512,.T.);
#3391=ORIENTED_EDGE('',*,*,#2513,.T.);
#3392=ORIENTED_EDGE('',*,*,#2512,.F.);
#3393=ORIENTED_EDGE('',*,*,#2513,.F.);
#3394=ORIENTED_EDGE('',*,*,#2490,.F.);
#3395=ORIENTED_EDGE('',*,*,#2514,.T.);
#3396=ORIENTED_EDGE('',*,*,#2515,.T.);
#3397=ORIENTED_EDGE('',*,*,#2516,.T.);
#3398=ORIENTED_EDGE('',*,*,#2515,.F.);
#3399=ORIENTED_EDGE('',*,*,#2516,.F.);
#3400=ORIENTED_EDGE('',*,*,#2517,.T.);
#3401=ORIENTED_EDGE('',*,*,#2518,.T.);
#3402=ORIENTED_EDGE('',*,*,#2519,.T.);
#3403=ORIENTED_EDGE('',*,*,#2518,.F.);
#3404=ORIENTED_EDGE('',*,*,#2519,.F.);
#3405=ORIENTED_EDGE('',*,*,#2520,.T.);
#3406=ORIENTED_EDGE('',*,*,#2521,.T.);
#3407=ORIENTED_EDGE('',*,*,#2522,.T.);
#3408=ORIENTED_EDGE('',*,*,#2521,.F.);
#3409=ORIENTED_EDGE('',*,*,#2522,.F.);
#3410=ORIENTED_EDGE('',*,*,#2523,.T.);
#3411=ORIENTED_EDGE('',*,*,#2524,.T.);
#3412=ORIENTED_EDGE('',*,*,#2525,.T.);
#3413=ORIENTED_EDGE('',*,*,#2524,.F.);
#3414=ORIENTED_EDGE('',*,*,#2525,.F.);
#3415=ORIENTED_EDGE('',*,*,#2526,.F.);
#3416=ORIENTED_EDGE('',*,*,#2527,.T.);
#3417=ORIENTED_EDGE('',*,*,#2528,.T.);
#3418=ORIENTED_EDGE('',*,*,#2527,.F.);
#3419=ORIENTED_EDGE('',*,*,#2528,.F.);
#3420=ORIENTED_EDGE('',*,*,#2514,.F.);
#3421=ORIENTED_EDGE('',*,*,#2529,.F.);
#3422=ORIENTED_EDGE('',*,*,#2530,.T.);
#3423=ORIENTED_EDGE('',*,*,#2531,.T.);
#3424=ORIENTED_EDGE('',*,*,#2530,.F.);
#3425=ORIENTED_EDGE('',*,*,#2531,.F.);
#3426=ORIENTED_EDGE('',*,*,#2520,.F.);
#3427=ORIENTED_EDGE('',*,*,#2532,.F.);
#3428=ORIENTED_EDGE('',*,*,#2533,.T.);
#3429=ORIENTED_EDGE('',*,*,#2534,.T.);
#3430=ORIENTED_EDGE('',*,*,#2533,.F.);
#3431=ORIENTED_EDGE('',*,*,#2534,.F.);
#3432=ORIENTED_EDGE('',*,*,#2523,.F.);
#3433=ORIENTED_EDGE('',*,*,#2535,.F.);
#3434=ORIENTED_EDGE('',*,*,#2536,.T.);
#3435=ORIENTED_EDGE('',*,*,#2537,.T.);
#3436=ORIENTED_EDGE('',*,*,#2536,.F.);
#3437=ORIENTED_EDGE('',*,*,#2537,.F.);
#3438=ORIENTED_EDGE('',*,*,#2517,.F.);
#3439=ORIENTED_EDGE('',*,*,#2538,.T.);
#3440=ORIENTED_EDGE('',*,*,#2539,.T.);
#3441=ORIENTED_EDGE('',*,*,#2540,.T.);
#3442=ORIENTED_EDGE('',*,*,#2539,.F.);
#3443=ORIENTED_EDGE('',*,*,#2540,.F.);
#3444=ORIENTED_EDGE('',*,*,#2541,.T.);
#3445=ORIENTED_EDGE('',*,*,#2542,.T.);
#3446=ORIENTED_EDGE('',*,*,#2543,.T.);
#3447=ORIENTED_EDGE('',*,*,#2542,.F.);
#3448=ORIENTED_EDGE('',*,*,#2543,.F.);
#3449=ORIENTED_EDGE('',*,*,#2544,.T.);
#3450=ORIENTED_EDGE('',*,*,#2545,.T.);
#3451=ORIENTED_EDGE('',*,*,#2546,.T.);
#3452=ORIENTED_EDGE('',*,*,#2545,.F.);
#3453=ORIENTED_EDGE('',*,*,#2546,.F.);
#3454=ORIENTED_EDGE('',*,*,#2547,.T.);
#3455=ORIENTED_EDGE('',*,*,#2548,.T.);
#3456=ORIENTED_EDGE('',*,*,#2549,.T.);
#3457=ORIENTED_EDGE('',*,*,#2548,.F.);
#3458=ORIENTED_EDGE('',*,*,#2549,.F.);
#3459=ORIENTED_EDGE('',*,*,#2550,.F.);
#3460=ORIENTED_EDGE('',*,*,#2551,.T.);
#3461=ORIENTED_EDGE('',*,*,#2552,.T.);
#3462=ORIENTED_EDGE('',*,*,#2551,.F.);
#3463=ORIENTED_EDGE('',*,*,#2552,.F.);
#3464=ORIENTED_EDGE('',*,*,#2538,.F.);
#3465=ORIENTED_EDGE('',*,*,#2553,.F.);
#3466=ORIENTED_EDGE('',*,*,#2554,.T.);
#3467=ORIENTED_EDGE('',*,*,#2555,.T.);
#3468=ORIENTED_EDGE('',*,*,#2554,.F.);
#3469=ORIENTED_EDGE('',*,*,#2555,.F.);
#3470=ORIENTED_EDGE('',*,*,#2541,.F.);
#3471=ORIENTED_EDGE('',*,*,#2556,.F.);
#3472=ORIENTED_EDGE('',*,*,#2557,.T.);
#3473=ORIENTED_EDGE('',*,*,#2558,.T.);
#3474=ORIENTED_EDGE('',*,*,#2557,.F.);
#3475=ORIENTED_EDGE('',*,*,#2558,.F.);
#3476=ORIENTED_EDGE('',*,*,#2544,.F.);
#3477=ORIENTED_EDGE('',*,*,#2559,.F.);
#3478=ORIENTED_EDGE('',*,*,#2560,.T.);
#3479=ORIENTED_EDGE('',*,*,#2561,.T.);
#3480=ORIENTED_EDGE('',*,*,#2560,.F.);
#3481=ORIENTED_EDGE('',*,*,#2561,.F.);
#3482=ORIENTED_EDGE('',*,*,#2547,.F.);
#3483=ORIENTED_EDGE('',*,*,#2562,.T.);
#3484=ORIENTED_EDGE('',*,*,#2563,.F.);
#3485=ORIENTED_EDGE('',*,*,#2564,.F.);
#3486=ORIENTED_EDGE('',*,*,#2565,.T.);
#3487=ORIENTED_EDGE('',*,*,#2566,.F.);
#3488=ORIENTED_EDGE('',*,*,#2567,.T.);
#3489=ORIENTED_EDGE('',*,*,#2568,.T.);
#3490=ORIENTED_EDGE('',*,*,#2569,.T.);
#3491=ORIENTED_EDGE('',*,*,#2570,.T.);
#3492=ORIENTED_EDGE('',*,*,#2571,.T.);
#3493=ORIENTED_EDGE('',*,*,#2572,.T.);
#3494=ORIENTED_EDGE('',*,*,#2573,.T.);
#3495=ORIENTED_EDGE('',*,*,#2574,.T.);
#3496=ORIENTED_EDGE('',*,*,#2575,.T.);
#3497=ORIENTED_EDGE('',*,*,#2576,.F.);
#3498=ORIENTED_EDGE('',*,*,#2577,.F.);
#3499=ORIENTED_EDGE('',*,*,#2578,.F.);
#3500=ORIENTED_EDGE('',*,*,#2579,.F.);
#3501=ORIENTED_EDGE('',*,*,#2580,.F.);
#3502=ORIENTED_EDGE('',*,*,#2581,.F.);
#3503=ORIENTED_EDGE('',*,*,#2270,.T.);
#3504=ORIENTED_EDGE('',*,*,#2250,.T.);
#3505=ORIENTED_EDGE('',*,*,#2264,.T.);
#3506=ORIENTED_EDGE('',*,*,#2274,.T.);
#3507=ORIENTED_EDGE('',*,*,#2582,.F.);
#3508=ORIENTED_EDGE('',*,*,#2583,.F.);
#3509=ORIENTED_EDGE('',*,*,#2584,.F.);
#3510=ORIENTED_EDGE('',*,*,#2585,.F.);
#3511=ORIENTED_EDGE('',*,*,#2586,.T.);
#3512=ORIENTED_EDGE('',*,*,#2587,.T.);
#3513=ORIENTED_EDGE('',*,*,#2588,.T.);
#3514=ORIENTED_EDGE('',*,*,#2589,.T.);
#3515=ORIENTED_EDGE('',*,*,#2590,.T.);
#3516=ORIENTED_EDGE('',*,*,#2591,.T.);
#3517=ORIENTED_EDGE('',*,*,#2592,.T.);
#3518=ORIENTED_EDGE('',*,*,#2593,.T.);
#3519=ORIENTED_EDGE('',*,*,#2594,.T.);
#3520=ORIENTED_EDGE('',*,*,#2595,.T.);
#3521=ORIENTED_EDGE('',*,*,#2596,.T.);
#3522=ORIENTED_EDGE('',*,*,#2597,.T.);
#3523=ORIENTED_EDGE('',*,*,#2566,.T.);
#3524=ORIENTED_EDGE('',*,*,#2598,.F.);
#3525=ORIENTED_EDGE('',*,*,#2599,.T.);
#3526=ORIENTED_EDGE('',*,*,#2600,.T.);
#3527=ORIENTED_EDGE('',*,*,#2601,.T.);
#3528=ORIENTED_EDGE('',*,*,#2565,.F.);
#3529=ORIENTED_EDGE('',*,*,#2602,.T.);
#3530=ORIENTED_EDGE('',*,*,#2603,.T.);
#3531=ORIENTED_EDGE('',*,*,#2604,.T.);
#3532=ORIENTED_EDGE('',*,*,#2605,.T.);
#3533=ORIENTED_EDGE('',*,*,#2582,.T.);
#3534=ORIENTED_EDGE('',*,*,#2606,.F.);
#3535=ORIENTED_EDGE('',*,*,#2607,.T.);
#3536=ORIENTED_EDGE('',*,*,#2608,.T.);
#3537=ORIENTED_EDGE('',*,*,#2609,.T.);
#3538=ORIENTED_EDGE('',*,*,#2563,.T.);
#3539=ORIENTED_EDGE('',*,*,#2610,.T.);
#3540=ORIENTED_EDGE('',*,*,#2611,.F.);
#3541=ORIENTED_EDGE('',*,*,#2612,.T.);
#3542=ORIENTED_EDGE('',*,*,#2613,.T.);
#3543=ORIENTED_EDGE('',*,*,#2614,.T.);
#3544=ORIENTED_EDGE('',*,*,#2615,.T.);
#3545=ORIENTED_EDGE('',*,*,#2574,.F.);
#3546=ORIENTED_EDGE('',*,*,#2616,.F.);
#3547=ORIENTED_EDGE('',*,*,#2587,.F.);
#3548=ORIENTED_EDGE('',*,*,#2616,.T.);
#3549=ORIENTED_EDGE('',*,*,#2573,.F.);
#3550=ORIENTED_EDGE('',*,*,#2617,.F.);
#3551=ORIENTED_EDGE('',*,*,#2588,.F.);
#3552=ORIENTED_EDGE('',*,*,#2535,.T.);
#3553=ORIENTED_EDGE('',*,*,#2532,.T.);
#3554=ORIENTED_EDGE('',*,*,#2529,.T.);
#3555=ORIENTED_EDGE('',*,*,#2526,.T.);
#3556=ORIENTED_EDGE('',*,*,#2617,.T.);
#3557=ORIENTED_EDGE('',*,*,#2572,.F.);
#3558=ORIENTED_EDGE('',*,*,#2618,.F.);
#3559=ORIENTED_EDGE('',*,*,#2589,.F.);
#3560=ORIENTED_EDGE('',*,*,#2618,.T.);
#3561=ORIENTED_EDGE('',*,*,#2571,.F.);
#3562=ORIENTED_EDGE('',*,*,#2619,.F.);
#3563=ORIENTED_EDGE('',*,*,#2590,.F.);
#3564=ORIENTED_EDGE('',*,*,#2619,.T.);
#3565=ORIENTED_EDGE('',*,*,#2570,.F.);
#3566=ORIENTED_EDGE('',*,*,#2620,.F.);
#3567=ORIENTED_EDGE('',*,*,#2591,.F.);
#3568=ORIENTED_EDGE('',*,*,#2620,.T.);
#3569=ORIENTED_EDGE('',*,*,#2569,.F.);
#3570=ORIENTED_EDGE('',*,*,#2621,.F.);
#3571=ORIENTED_EDGE('',*,*,#2592,.F.);
#3572=ORIENTED_EDGE('',*,*,#2559,.T.);
#3573=ORIENTED_EDGE('',*,*,#2556,.T.);
#3574=ORIENTED_EDGE('',*,*,#2553,.T.);
#3575=ORIENTED_EDGE('',*,*,#2550,.T.);
#3576=ORIENTED_EDGE('',*,*,#2621,.T.);
#3577=ORIENTED_EDGE('',*,*,#2568,.F.);
#3578=ORIENTED_EDGE('',*,*,#2622,.F.);
#3579=ORIENTED_EDGE('',*,*,#2593,.F.);
#3580=ORIENTED_EDGE('',*,*,#2585,.T.);
#3581=ORIENTED_EDGE('',*,*,#2623,.F.);
#3582=ORIENTED_EDGE('',*,*,#2624,.F.);
#3583=ORIENTED_EDGE('',*,*,#2625,.F.);
#3584=ORIENTED_EDGE('',*,*,#2606,.T.);
#3585=ORIENTED_EDGE('',*,*,#2581,.T.);
#3586=ORIENTED_EDGE('',*,*,#2626,.F.);
#3587=ORIENTED_EDGE('',*,*,#2627,.T.);
#3588=ORIENTED_EDGE('',*,*,#2598,.T.);
#3589=ORIENTED_EDGE('',*,*,#2584,.T.);
#3590=ORIENTED_EDGE('',*,*,#2628,.F.);
#3591=ORIENTED_EDGE('',*,*,#2629,.T.);
#3592=ORIENTED_EDGE('',*,*,#2630,.T.);
#3593=ORIENTED_EDGE('',*,*,#2631,.T.);
#3594=ORIENTED_EDGE('',*,*,#2626,.T.);
#3595=ORIENTED_EDGE('',*,*,#2580,.T.);
#3596=ORIENTED_EDGE('',*,*,#2632,.F.);
#3597=ORIENTED_EDGE('',*,*,#2633,.T.);
#3598=ORIENTED_EDGE('',*,*,#2634,.T.);
#3599=ORIENTED_EDGE('',*,*,#2635,.T.);
#3600=ORIENTED_EDGE('',*,*,#2623,.T.);
#3601=ORIENTED_EDGE('',*,*,#2636,.T.);
#3602=ORIENTED_EDGE('',*,*,#2579,.T.);
#3603=ORIENTED_EDGE('',*,*,#2637,.F.);
#3604=ORIENTED_EDGE('',*,*,#2638,.F.);
#3605=ORIENTED_EDGE('',*,*,#2632,.T.);
#3606=ORIENTED_EDGE('',*,*,#2583,.T.);
#3607=ORIENTED_EDGE('',*,*,#2613,.F.);
#3608=ORIENTED_EDGE('',*,*,#2639,.T.);
#3609=ORIENTED_EDGE('',*,*,#2628,.T.);
#3610=ORIENTED_EDGE('',*,*,#2640,.T.);
#3611=ORIENTED_EDGE('',*,*,#2641,.T.);
#3612=ORIENTED_EDGE('',*,*,#2642,.T.);
#3613=ORIENTED_EDGE('',*,*,#2643,.T.);
#3614=ORIENTED_EDGE('',*,*,#2641,.F.);
#3615=ORIENTED_EDGE('',*,*,#2576,.T.);
#3616=ORIENTED_EDGE('',*,*,#2644,.F.);
#3617=ORIENTED_EDGE('',*,*,#2645,.T.);
#3618=ORIENTED_EDGE('',*,*,#2646,.T.);
#3619=ORIENTED_EDGE('',*,*,#2647,.T.);
#3620=ORIENTED_EDGE('',*,*,#2648,.T.);
#3621=ORIENTED_EDGE('',*,*,#2649,.F.);
#3622=ORIENTED_EDGE('',*,*,#2650,.T.);
#3623=ORIENTED_EDGE('',*,*,#2651,.T.);
#3624=ORIENTED_EDGE('',*,*,#2640,.F.);
#3625=ORIENTED_EDGE('',*,*,#2643,.F.);
#3626=ORIENTED_EDGE('',*,*,#2652,.T.);
#3627=ORIENTED_EDGE('',*,*,#2603,.F.);
#3628=ORIENTED_EDGE('',*,*,#2652,.F.);
#3629=ORIENTED_EDGE('',*,*,#2642,.F.);
#3630=ORIENTED_EDGE('',*,*,#2649,.T.);
#3631=ORIENTED_EDGE('',*,*,#2653,.T.);
#3632=ORIENTED_EDGE('',*,*,#2654,.T.);
#3633=ORIENTED_EDGE('',*,*,#2655,.T.);
#3634=ORIENTED_EDGE('',*,*,#2653,.F.);
#3635=ORIENTED_EDGE('',*,*,#2655,.F.);
#3636=ORIENTED_EDGE('',*,*,#2656,.T.);
#3637=ORIENTED_EDGE('',*,*,#2602,.F.);
#3638=ORIENTED_EDGE('',*,*,#2656,.F.);
#3639=ORIENTED_EDGE('',*,*,#2654,.F.);
#3640=ORIENTED_EDGE('',*,*,#2578,.T.);
#3641=ORIENTED_EDGE('',*,*,#2657,.F.);
#3642=ORIENTED_EDGE('',*,*,#2658,.T.);
#3643=ORIENTED_EDGE('',*,*,#2637,.T.);
#3644=ORIENTED_EDGE('',*,*,#2636,.F.);
#3645=ORIENTED_EDGE('',*,*,#2659,.T.);
#3646=ORIENTED_EDGE('',*,*,#2614,.F.);
#3647=ORIENTED_EDGE('',*,*,#2659,.F.);
#3648=ORIENTED_EDGE('',*,*,#2612,.F.);
#3649=ORIENTED_EDGE('',*,*,#2660,.T.);
#3650=ORIENTED_EDGE('',*,*,#2629,.F.);
#3651=ORIENTED_EDGE('',*,*,#2639,.F.);
#3652=ORIENTED_EDGE('',*,*,#2661,.T.);
#3653=ORIENTED_EDGE('',*,*,#2624,.T.);
#3654=ORIENTED_EDGE('',*,*,#2635,.F.);
#3655=ORIENTED_EDGE('',*,*,#2662,.F.);
#3656=ORIENTED_EDGE('',*,*,#2662,.T.);
#3657=ORIENTED_EDGE('',*,*,#2634,.F.);
#3658=ORIENTED_EDGE('',*,*,#2663,.T.);
#3659=ORIENTED_EDGE('',*,*,#2646,.F.);
#3660=ORIENTED_EDGE('',*,*,#2664,.T.);
#3661=ORIENTED_EDGE('',*,*,#2665,.T.);
#3662=ORIENTED_EDGE('',*,*,#2666,.F.);
#3663=ORIENTED_EDGE('',*,*,#2667,.T.);
#3664=ORIENTED_EDGE('',*,*,#2668,.F.);
#3665=ORIENTED_EDGE('',*,*,#2661,.F.);
#3666=ORIENTED_EDGE('',*,*,#2663,.F.);
#3667=ORIENTED_EDGE('',*,*,#2633,.F.);
#3668=ORIENTED_EDGE('',*,*,#2638,.T.);
#3669=ORIENTED_EDGE('',*,*,#2658,.F.);
#3670=ORIENTED_EDGE('',*,*,#2669,.F.);
#3671=ORIENTED_EDGE('',*,*,#2647,.F.);
#3672=ORIENTED_EDGE('',*,*,#2627,.F.);
#3673=ORIENTED_EDGE('',*,*,#2631,.F.);
#3674=ORIENTED_EDGE('',*,*,#2670,.F.);
#3675=ORIENTED_EDGE('',*,*,#2671,.F.);
#3676=ORIENTED_EDGE('',*,*,#2599,.F.);
#3677=ORIENTED_EDGE('',*,*,#2611,.T.);
#3678=ORIENTED_EDGE('',*,*,#2672,.F.);
#3679=ORIENTED_EDGE('',*,*,#2670,.T.);
#3680=ORIENTED_EDGE('',*,*,#2630,.F.);
#3681=ORIENTED_EDGE('',*,*,#2660,.F.);
#3682=ORIENTED_EDGE('',*,*,#2625,.T.);
#3683=ORIENTED_EDGE('',*,*,#2668,.T.);
#3684=ORIENTED_EDGE('',*,*,#2673,.T.);
#3685=ORIENTED_EDGE('',*,*,#2674,.T.);
#3686=ORIENTED_EDGE('',*,*,#2672,.T.);
#3687=ORIENTED_EDGE('',*,*,#2675,.T.);
#3688=ORIENTED_EDGE('',*,*,#2676,.T.);
#3689=ORIENTED_EDGE('',*,*,#2595,.F.);
#3690=ORIENTED_EDGE('',*,*,#2677,.T.);
#3691=ORIENTED_EDGE('',*,*,#2608,.F.);
#3692=ORIENTED_EDGE('',*,*,#2678,.F.);
#3693=ORIENTED_EDGE('',*,*,#2596,.F.);
#3694=ORIENTED_EDGE('',*,*,#2678,.T.);
#3695=ORIENTED_EDGE('',*,*,#2607,.F.);
#3696=ORIENTED_EDGE('',*,*,#2674,.F.);
#3697=ORIENTED_EDGE('',*,*,#2679,.F.);
#3698=ORIENTED_EDGE('',*,*,#2680,.F.);
#3699=ORIENTED_EDGE('',*,*,#2681,.T.);
#3700=ORIENTED_EDGE('',*,*,#2679,.T.);
#3701=ORIENTED_EDGE('',*,*,#2673,.F.);
#3702=ORIENTED_EDGE('',*,*,#2667,.F.);
#3703=ORIENTED_EDGE('',*,*,#2671,.T.);
#3704=ORIENTED_EDGE('',*,*,#2676,.F.);
#3705=ORIENTED_EDGE('',*,*,#2682,.F.);
#3706=ORIENTED_EDGE('',*,*,#2600,.F.);
#3707=ORIENTED_EDGE('',*,*,#2601,.F.);
#3708=ORIENTED_EDGE('',*,*,#2682,.T.);
#3709=ORIENTED_EDGE('',*,*,#2675,.F.);
#3710=ORIENTED_EDGE('',*,*,#2610,.F.);
#3711=ORIENTED_EDGE('',*,*,#2562,.F.);
#3712=ORIENTED_EDGE('',*,*,#2594,.F.);
#3713=ORIENTED_EDGE('',*,*,#2564,.T.);
#3714=ORIENTED_EDGE('',*,*,#2609,.F.);
#3715=ORIENTED_EDGE('',*,*,#2677,.F.);
#3716=ORIENTED_EDGE('',*,*,#2683,.T.);
#3717=ORIENTED_EDGE('',*,*,#2680,.T.);
#3718=ORIENTED_EDGE('',*,*,#2681,.F.);
#3719=ORIENTED_EDGE('',*,*,#2666,.T.);
#3720=ORIENTED_EDGE('',*,*,#2604,.F.);
#3721=ORIENTED_EDGE('',*,*,#2684,.T.);
#3722=ORIENTED_EDGE('',*,*,#2651,.F.);
#3723=ORIENTED_EDGE('',*,*,#2684,.F.);
#3724=ORIENTED_EDGE('',*,*,#2605,.F.);
#3725=ORIENTED_EDGE('',*,*,#2685,.T.);
#3726=ORIENTED_EDGE('',*,*,#2650,.F.);
#3727=ORIENTED_EDGE('',*,*,#2685,.F.);
#3728=ORIENTED_EDGE('',*,*,#2645,.F.);
#3729=ORIENTED_EDGE('',*,*,#2686,.T.);
#3730=ORIENTED_EDGE('',*,*,#2665,.F.);
#3731=ORIENTED_EDGE('',*,*,#2664,.F.);
#3732=ORIENTED_EDGE('',*,*,#2577,.T.);
#3733=ORIENTED_EDGE('',*,*,#2648,.F.);
#3734=ORIENTED_EDGE('',*,*,#2669,.T.);
#3735=ORIENTED_EDGE('',*,*,#2657,.T.);
#3736=ORIENTED_EDGE('',*,*,#2597,.F.);
#3737=ORIENTED_EDGE('',*,*,#2683,.F.);
#3738=ORIENTED_EDGE('',*,*,#2686,.F.);
#3739=ORIENTED_EDGE('',*,*,#2644,.T.);
#3740=ORIENTED_EDGE('',*,*,#2575,.F.);
#3741=ORIENTED_EDGE('',*,*,#2615,.F.);
#3742=ORIENTED_EDGE('',*,*,#2586,.F.);
#3743=ORIENTED_EDGE('',*,*,#2622,.T.);
#3744=ORIENTED_EDGE('',*,*,#2567,.F.);
#3745=ORIENTED_EDGE('',*,*,#2511,.T.);
#3746=ORIENTED_EDGE('',*,*,#2508,.T.);
#3747=ORIENTED_EDGE('',*,*,#2505,.T.);
#3748=ORIENTED_EDGE('',*,*,#2502,.T.);
#3749=ORIENTED_EDGE('',*,*,#2499,.T.);
#3750=ORIENTED_EDGE('',*,*,#2496,.T.);
#3751=ORIENTED_EDGE('',*,*,#2493,.T.);
#3752=ORIENTED_EDGE('',*,*,#2272,.T.);
#3753=ORIENTED_EDGE('',*,*,#2687,.T.);
#3754=ORIENTED_EDGE('',*,*,#2688,.F.);
#3755=ORIENTED_EDGE('',*,*,#2689,.T.);
#3756=ORIENTED_EDGE('',*,*,#2690,.T.);
#3757=ORIENTED_EDGE('',*,*,#2691,.F.);
#3758=ORIENTED_EDGE('',*,*,#2692,.F.);
#3759=ORIENTED_EDGE('',*,*,#2693,.F.);
#3760=ORIENTED_EDGE('',*,*,#2694,.F.);
#3761=ORIENTED_EDGE('',*,*,#2695,.F.);
#3762=ORIENTED_EDGE('',*,*,#2696,.F.);
#3763=ORIENTED_EDGE('',*,*,#2690,.F.);
#3764=ORIENTED_EDGE('',*,*,#2697,.F.);
#3765=ORIENTED_EDGE('',*,*,#2256,.F.);
#3766=ORIENTED_EDGE('',*,*,#2255,.F.);
#3767=ORIENTED_EDGE('',*,*,#2254,.F.);
#3768=ORIENTED_EDGE('',*,*,#2697,.T.);
#3769=ORIENTED_EDGE('',*,*,#2695,.T.);
#3770=ORIENTED_EDGE('',*,*,#2698,.F.);
#3771=ORIENTED_EDGE('',*,*,#2699,.F.);
#3772=ORIENTED_EDGE('',*,*,#2687,.F.);
#3773=ORIENTED_EDGE('',*,*,#2700,.T.);
#3774=ORIENTED_EDGE('',*,*,#2701,.T.);
#3775=ORIENTED_EDGE('',*,*,#2702,.T.);
#3776=ORIENTED_EDGE('',*,*,#2703,.T.);
#3777=ORIENTED_EDGE('',*,*,#2704,.F.);
#3778=ORIENTED_EDGE('',*,*,#2705,.T.);
#3779=ORIENTED_EDGE('',*,*,#2706,.F.);
#3780=ORIENTED_EDGE('',*,*,#2707,.T.);
#3781=ORIENTED_EDGE('',*,*,#2708,.F.);
#3782=ORIENTED_EDGE('',*,*,#2709,.T.);
#3783=ORIENTED_EDGE('',*,*,#2710,.F.);
#3784=ORIENTED_EDGE('',*,*,#2711,.T.);
#3785=ORIENTED_EDGE('',*,*,#2712,.F.);
#3786=ORIENTED_EDGE('',*,*,#2713,.T.);
#3787=ORIENTED_EDGE('',*,*,#2714,.F.);
#3788=ORIENTED_EDGE('',*,*,#2715,.T.);
#3789=ORIENTED_EDGE('',*,*,#2716,.F.);
#3790=ORIENTED_EDGE('',*,*,#2717,.T.);
#3791=ORIENTED_EDGE('',*,*,#2718,.F.);
#3792=ORIENTED_EDGE('',*,*,#2719,.T.);
#3793=ORIENTED_EDGE('',*,*,#2720,.F.);
#3794=ORIENTED_EDGE('',*,*,#2721,.T.);
#3795=ORIENTED_EDGE('',*,*,#2722,.F.);
#3796=ORIENTED_EDGE('',*,*,#2723,.T.);
#3797=ORIENTED_EDGE('',*,*,#2724,.F.);
#3798=ORIENTED_EDGE('',*,*,#2725,.T.);
#3799=ORIENTED_EDGE('',*,*,#2726,.F.);
#3800=ORIENTED_EDGE('',*,*,#2694,.T.);
#3801=ORIENTED_EDGE('',*,*,#2727,.T.);
#3802=ORIENTED_EDGE('',*,*,#2728,.F.);
#3803=ORIENTED_EDGE('',*,*,#2698,.T.);
#3804=ORIENTED_EDGE('',*,*,#2696,.T.);
#3805=ORIENTED_EDGE('',*,*,#2729,.F.);
#3806=ORIENTED_EDGE('',*,*,#2730,.F.);
#3807=ORIENTED_EDGE('',*,*,#2731,.F.);
#3808=ORIENTED_EDGE('',*,*,#2691,.T.);
#3809=ORIENTED_EDGE('',*,*,#2732,.T.);
#3810=ORIENTED_EDGE('',*,*,#2733,.F.);
#3811=ORIENTED_EDGE('',*,*,#2734,.T.);
#3812=ORIENTED_EDGE('',*,*,#2735,.F.);
#3813=ORIENTED_EDGE('',*,*,#2736,.T.);
#3814=ORIENTED_EDGE('',*,*,#2737,.F.);
#3815=ORIENTED_EDGE('',*,*,#2738,.T.);
#3816=ORIENTED_EDGE('',*,*,#2739,.F.);
#3817=ORIENTED_EDGE('',*,*,#2740,.T.);
#3818=ORIENTED_EDGE('',*,*,#2741,.F.);
#3819=ORIENTED_EDGE('',*,*,#2742,.T.);
#3820=ORIENTED_EDGE('',*,*,#2743,.F.);
#3821=ORIENTED_EDGE('',*,*,#2744,.T.);
#3822=ORIENTED_EDGE('',*,*,#2745,.F.);
#3823=ORIENTED_EDGE('',*,*,#2746,.T.);
#3824=ORIENTED_EDGE('',*,*,#2747,.F.);
#3825=ORIENTED_EDGE('',*,*,#2748,.T.);
#3826=ORIENTED_EDGE('',*,*,#2749,.F.);
#3827=ORIENTED_EDGE('',*,*,#2750,.T.);
#3828=ORIENTED_EDGE('',*,*,#2751,.F.);
#3829=ORIENTED_EDGE('',*,*,#2752,.T.);
#3830=ORIENTED_EDGE('',*,*,#2753,.F.);
#3831=ORIENTED_EDGE('',*,*,#2754,.T.);
#3832=ORIENTED_EDGE('',*,*,#2755,.F.);
#3833=ORIENTED_EDGE('',*,*,#2756,.T.);
#3834=ORIENTED_EDGE('',*,*,#2757,.T.);
#3835=ORIENTED_EDGE('',*,*,#2758,.T.);
#3836=ORIENTED_EDGE('',*,*,#2693,.T.);
#3837=ORIENTED_EDGE('',*,*,#2759,.F.);
#3838=ORIENTED_EDGE('',*,*,#2760,.F.);
#3839=ORIENTED_EDGE('',*,*,#2727,.F.);
#3840=ORIENTED_EDGE('',*,*,#2688,.T.);
#3841=ORIENTED_EDGE('',*,*,#2699,.T.);
#3842=ORIENTED_EDGE('',*,*,#2728,.T.);
#3843=ORIENTED_EDGE('',*,*,#2761,.T.);
#3844=ORIENTED_EDGE('',*,*,#2273,.T.);
#3845=ORIENTED_EDGE('',*,*,#2689,.F.);
#3846=ORIENTED_EDGE('',*,*,#2762,.T.);
#3847=ORIENTED_EDGE('',*,*,#2763,.F.);
#3848=ORIENTED_EDGE('',*,*,#2761,.F.);
#3849=ORIENTED_EDGE('',*,*,#2760,.T.);
#3850=ORIENTED_EDGE('',*,*,#2764,.F.);
#3851=ORIENTED_EDGE('',*,*,#2762,.F.);
#3852=ORIENTED_EDGE('',*,*,#2692,.T.);
#3853=ORIENTED_EDGE('',*,*,#2731,.T.);
#3854=ORIENTED_EDGE('',*,*,#2765,.T.);
#3855=ORIENTED_EDGE('',*,*,#2759,.T.);
#3856=ORIENTED_EDGE('',*,*,#2766,.T.);
#3857=ORIENTED_EDGE('',*,*,#2764,.T.);
#3858=ORIENTED_EDGE('',*,*,#2765,.F.);
#3859=ORIENTED_EDGE('',*,*,#2730,.T.);
#3860=ORIENTED_EDGE('',*,*,#2266,.T.);
#3861=ORIENTED_EDGE('',*,*,#2763,.T.);
#3862=ORIENTED_EDGE('',*,*,#2766,.F.);
#3863=ORIENTED_EDGE('',*,*,#2729,.T.);
#3864=ORIENTED_EDGE('',*,*,#2767,.T.);
#3865=ORIENTED_EDGE('',*,*,#2768,.F.);
#3866=ORIENTED_EDGE('',*,*,#2769,.T.);
#3867=ORIENTED_EDGE('',*,*,#2720,.T.);
#3868=ORIENTED_EDGE('',*,*,#2769,.F.);
#3869=ORIENTED_EDGE('',*,*,#2770,.F.);
#3870=ORIENTED_EDGE('',*,*,#2771,.F.);
#3871=ORIENTED_EDGE('',*,*,#2721,.F.);
#3872=ORIENTED_EDGE('',*,*,#2772,.T.);
#3873=ORIENTED_EDGE('',*,*,#2773,.F.);
#3874=ORIENTED_EDGE('',*,*,#2774,.T.);
#3875=ORIENTED_EDGE('',*,*,#2726,.T.);
#3876=ORIENTED_EDGE('',*,*,#2768,.T.);
#3877=ORIENTED_EDGE('',*,*,#2775,.T.);
#3878=ORIENTED_EDGE('',*,*,#2773,.T.);
#3879=ORIENTED_EDGE('',*,*,#2776,.T.);
#3880=ORIENTED_EDGE('',*,*,#2777,.T.);
#3881=ORIENTED_EDGE('',*,*,#2778,.T.);
#3882=ORIENTED_EDGE('',*,*,#2779,.T.);
#3883=ORIENTED_EDGE('',*,*,#2770,.T.);
#3884=ORIENTED_EDGE('',*,*,#2772,.F.);
#3885=ORIENTED_EDGE('',*,*,#2725,.F.);
#3886=ORIENTED_EDGE('',*,*,#2780,.F.);
#3887=ORIENTED_EDGE('',*,*,#2776,.F.);
#3888=ORIENTED_EDGE('',*,*,#2781,.T.);
#3889=ORIENTED_EDGE('',*,*,#2782,.F.);
#3890=ORIENTED_EDGE('',*,*,#2783,.T.);
#3891=ORIENTED_EDGE('',*,*,#2704,.T.);
#3892=ORIENTED_EDGE('',*,*,#2783,.F.);
#3893=ORIENTED_EDGE('',*,*,#2784,.F.);
#3894=ORIENTED_EDGE('',*,*,#2785,.F.);
#3895=ORIENTED_EDGE('',*,*,#2705,.F.);
#3896=ORIENTED_EDGE('',*,*,#2786,.T.);
#3897=ORIENTED_EDGE('',*,*,#2787,.F.);
#3898=ORIENTED_EDGE('',*,*,#2788,.T.);
#3899=ORIENTED_EDGE('',*,*,#2710,.T.);
#3900=ORIENTED_EDGE('',*,*,#2782,.T.);
#3901=ORIENTED_EDGE('',*,*,#2789,.T.);
#3902=ORIENTED_EDGE('',*,*,#2787,.T.);
#3903=ORIENTED_EDGE('',*,*,#2790,.T.);
#3904=ORIENTED_EDGE('',*,*,#2791,.T.);
#3905=ORIENTED_EDGE('',*,*,#2792,.T.);
#3906=ORIENTED_EDGE('',*,*,#2793,.T.);
#3907=ORIENTED_EDGE('',*,*,#2784,.T.);
#3908=ORIENTED_EDGE('',*,*,#2786,.F.);
#3909=ORIENTED_EDGE('',*,*,#2709,.F.);
#3910=ORIENTED_EDGE('',*,*,#2794,.F.);
#3911=ORIENTED_EDGE('',*,*,#2790,.F.);
#3912=ORIENTED_EDGE('',*,*,#2795,.T.);
#3913=ORIENTED_EDGE('',*,*,#2796,.F.);
#3914=ORIENTED_EDGE('',*,*,#2797,.T.);
#3915=ORIENTED_EDGE('',*,*,#2714,.T.);
#3916=ORIENTED_EDGE('',*,*,#2797,.F.);
#3917=ORIENTED_EDGE('',*,*,#2798,.F.);
#3918=ORIENTED_EDGE('',*,*,#2799,.F.);
#3919=ORIENTED_EDGE('',*,*,#2715,.F.);
#3920=ORIENTED_EDGE('',*,*,#2800,.T.);
#3921=ORIENTED_EDGE('',*,*,#2801,.F.);
#3922=ORIENTED_EDGE('',*,*,#2802,.T.);
#3923=ORIENTED_EDGE('',*,*,#2712,.T.);
#3924=ORIENTED_EDGE('',*,*,#2796,.T.);
#3925=ORIENTED_EDGE('',*,*,#2803,.T.);
#3926=ORIENTED_EDGE('',*,*,#2801,.T.);
#3927=ORIENTED_EDGE('',*,*,#2804,.T.);
#3928=ORIENTED_EDGE('',*,*,#2805,.T.);
#3929=ORIENTED_EDGE('',*,*,#2806,.T.);
#3930=ORIENTED_EDGE('',*,*,#2807,.T.);
#3931=ORIENTED_EDGE('',*,*,#2798,.T.);
#3932=ORIENTED_EDGE('',*,*,#2800,.F.);
#3933=ORIENTED_EDGE('',*,*,#2711,.F.);
#3934=ORIENTED_EDGE('',*,*,#2808,.F.);
#3935=ORIENTED_EDGE('',*,*,#2804,.F.);
#3936=ORIENTED_EDGE('',*,*,#2809,.T.);
#3937=ORIENTED_EDGE('',*,*,#2805,.F.);
#3938=ORIENTED_EDGE('',*,*,#2808,.T.);
#3939=ORIENTED_EDGE('',*,*,#2718,.T.);
#3940=ORIENTED_EDGE('',*,*,#2799,.T.);
#3941=ORIENTED_EDGE('',*,*,#2807,.F.);
#3942=ORIENTED_EDGE('',*,*,#2810,.T.);
#3943=ORIENTED_EDGE('',*,*,#2716,.T.);
#3944=ORIENTED_EDGE('',*,*,#2811,.T.);
#3945=ORIENTED_EDGE('',*,*,#2791,.F.);
#3946=ORIENTED_EDGE('',*,*,#2794,.T.);
#3947=ORIENTED_EDGE('',*,*,#2708,.T.);
#3948=ORIENTED_EDGE('',*,*,#2785,.T.);
#3949=ORIENTED_EDGE('',*,*,#2793,.F.);
#3950=ORIENTED_EDGE('',*,*,#2812,.T.);
#3951=ORIENTED_EDGE('',*,*,#2706,.T.);
#3952=ORIENTED_EDGE('',*,*,#2813,.T.);
#3953=ORIENTED_EDGE('',*,*,#2777,.F.);
#3954=ORIENTED_EDGE('',*,*,#2780,.T.);
#3955=ORIENTED_EDGE('',*,*,#2724,.T.);
#3956=ORIENTED_EDGE('',*,*,#2771,.T.);
#3957=ORIENTED_EDGE('',*,*,#2779,.F.);
#3958=ORIENTED_EDGE('',*,*,#2814,.T.);
#3959=ORIENTED_EDGE('',*,*,#2722,.T.);
#3960=ORIENTED_EDGE('',*,*,#2815,.T.);
#3961=ORIENTED_EDGE('',*,*,#2816,.F.);
#3962=ORIENTED_EDGE('',*,*,#2817,.T.);
#3963=ORIENTED_EDGE('',*,*,#2733,.T.);
#3964=ORIENTED_EDGE('',*,*,#2815,.F.);
#3965=ORIENTED_EDGE('',*,*,#2732,.F.);
#3966=ORIENTED_EDGE('',*,*,#2818,.F.);
#3967=ORIENTED_EDGE('',*,*,#2819,.T.);
#3968=ORIENTED_EDGE('',*,*,#2820,.T.);
#3969=ORIENTED_EDGE('',*,*,#2821,.F.);
#3970=ORIENTED_EDGE('',*,*,#2818,.T.);
#3971=ORIENTED_EDGE('',*,*,#2739,.T.);
#3972=ORIENTED_EDGE('',*,*,#2820,.F.);
#3973=ORIENTED_EDGE('',*,*,#2738,.F.);
#3974=ORIENTED_EDGE('',*,*,#2822,.F.);
#3975=ORIENTED_EDGE('',*,*,#2823,.T.);
#3976=ORIENTED_EDGE('',*,*,#2824,.T.);
#3977=ORIENTED_EDGE('',*,*,#2825,.F.);
#3978=ORIENTED_EDGE('',*,*,#2822,.T.);
#3979=ORIENTED_EDGE('',*,*,#2737,.T.);
#3980=ORIENTED_EDGE('',*,*,#2824,.F.);
#3981=ORIENTED_EDGE('',*,*,#2736,.F.);
#3982=ORIENTED_EDGE('',*,*,#2826,.F.);
#3983=ORIENTED_EDGE('',*,*,#2827,.T.);
#3984=ORIENTED_EDGE('',*,*,#2828,.T.);
#3985=ORIENTED_EDGE('',*,*,#2829,.F.);
#3986=ORIENTED_EDGE('',*,*,#2826,.T.);
#3987=ORIENTED_EDGE('',*,*,#2735,.T.);
#3988=ORIENTED_EDGE('',*,*,#2817,.F.);
#3989=ORIENTED_EDGE('',*,*,#2830,.T.);
#3990=ORIENTED_EDGE('',*,*,#2828,.F.);
#3991=ORIENTED_EDGE('',*,*,#2734,.F.);
#3992=ORIENTED_EDGE('',*,*,#2831,.T.);
#3993=ORIENTED_EDGE('',*,*,#2832,.F.);
#3994=ORIENTED_EDGE('',*,*,#2833,.T.);
#3995=ORIENTED_EDGE('',*,*,#2749,.T.);
#3996=ORIENTED_EDGE('',*,*,#2831,.F.);
#3997=ORIENTED_EDGE('',*,*,#2748,.F.);
#3998=ORIENTED_EDGE('',*,*,#2834,.F.);
#3999=ORIENTED_EDGE('',*,*,#2835,.T.);
#4000=ORIENTED_EDGE('',*,*,#2836,.T.);
#4001=ORIENTED_EDGE('',*,*,#2837,.F.);
#4002=ORIENTED_EDGE('',*,*,#2838,.T.);
#4003=ORIENTED_EDGE('',*,*,#2751,.T.);
#4004=ORIENTED_EDGE('',*,*,#2833,.F.);
#4005=ORIENTED_EDGE('',*,*,#2839,.T.);
#4006=ORIENTED_EDGE('',*,*,#2836,.F.);
#4007=ORIENTED_EDGE('',*,*,#2750,.F.);
#4008=ORIENTED_EDGE('',*,*,#2840,.T.);
#4009=ORIENTED_EDGE('',*,*,#2841,.F.);
#4010=ORIENTED_EDGE('',*,*,#2834,.T.);
#4011=ORIENTED_EDGE('',*,*,#2755,.T.);
#4012=ORIENTED_EDGE('',*,*,#2840,.F.);
#4013=ORIENTED_EDGE('',*,*,#2754,.F.);
#4014=ORIENTED_EDGE('',*,*,#2842,.F.);
#4015=ORIENTED_EDGE('',*,*,#2843,.T.);
#4016=ORIENTED_EDGE('',*,*,#2844,.T.);
#4017=ORIENTED_EDGE('',*,*,#2845,.F.);
#4018=ORIENTED_EDGE('',*,*,#2842,.T.);
#4019=ORIENTED_EDGE('',*,*,#2753,.T.);
#4020=ORIENTED_EDGE('',*,*,#2838,.F.);
#4021=ORIENTED_EDGE('',*,*,#2846,.T.);
#4022=ORIENTED_EDGE('',*,*,#2844,.F.);
#4023=ORIENTED_EDGE('',*,*,#2752,.F.);
#4024=ORIENTED_EDGE('',*,*,#2847,.T.);
#4025=ORIENTED_EDGE('',*,*,#2848,.F.);
#4026=ORIENTED_EDGE('',*,*,#2849,.T.);
#4027=ORIENTED_EDGE('',*,*,#2741,.T.);
#4028=ORIENTED_EDGE('',*,*,#2847,.F.);
#4029=ORIENTED_EDGE('',*,*,#2740,.F.);
#4030=ORIENTED_EDGE('',*,*,#2850,.F.);
#4031=ORIENTED_EDGE('',*,*,#2851,.T.);
#4032=ORIENTED_EDGE('',*,*,#2852,.T.);
#4033=ORIENTED_EDGE('',*,*,#2853,.F.);
#4034=ORIENTED_EDGE('',*,*,#2854,.T.);
#4035=ORIENTED_EDGE('',*,*,#2743,.T.);
#4036=ORIENTED_EDGE('',*,*,#2849,.F.);
#4037=ORIENTED_EDGE('',*,*,#2855,.T.);
#4038=ORIENTED_EDGE('',*,*,#2852,.F.);
#4039=ORIENTED_EDGE('',*,*,#2742,.F.);
#4040=ORIENTED_EDGE('',*,*,#2856,.T.);
#4041=ORIENTED_EDGE('',*,*,#2857,.F.);
#4042=ORIENTED_EDGE('',*,*,#2858,.T.);
#4043=ORIENTED_EDGE('',*,*,#2745,.T.);
#4044=ORIENTED_EDGE('',*,*,#2854,.F.);
#4045=ORIENTED_EDGE('',*,*,#2859,.T.);
#4046=ORIENTED_EDGE('',*,*,#2856,.F.);
#4047=ORIENTED_EDGE('',*,*,#2744,.F.);
#4048=ORIENTED_EDGE('',*,*,#2860,.T.);
#4049=ORIENTED_EDGE('',*,*,#2861,.F.);
#4050=ORIENTED_EDGE('',*,*,#2850,.T.);
#4051=ORIENTED_EDGE('',*,*,#2747,.T.);
#4052=ORIENTED_EDGE('',*,*,#2858,.F.);
#4053=ORIENTED_EDGE('',*,*,#2862,.T.);
#4054=ORIENTED_EDGE('',*,*,#2860,.F.);
#4055=ORIENTED_EDGE('',*,*,#2746,.F.);
#4056=ORIENTED_EDGE('',*,*,#2863,.F.);
#4057=ORIENTED_EDGE('',*,*,#2864,.T.);
#4058=ORIENTED_EDGE('',*,*,#2700,.F.);
#4059=ORIENTED_EDGE('',*,*,#2864,.F.);
#4060=ORIENTED_EDGE('',*,*,#2863,.T.);
#4061=ORIENTED_EDGE('',*,*,#2865,.F.);
#4062=ORIENTED_EDGE('',*,*,#2866,.F.);
#4063=ORIENTED_EDGE('',*,*,#2867,.T.);
#4064=ORIENTED_EDGE('',*,*,#2701,.F.);
#4065=ORIENTED_EDGE('',*,*,#2867,.F.);
#4066=ORIENTED_EDGE('',*,*,#2866,.T.);
#4067=ORIENTED_EDGE('',*,*,#2868,.F.);
#4068=ORIENTED_EDGE('',*,*,#2869,.F.);
#4069=ORIENTED_EDGE('',*,*,#2870,.T.);
#4070=ORIENTED_EDGE('',*,*,#2702,.F.);
#4071=ORIENTED_EDGE('',*,*,#2870,.F.);
#4072=ORIENTED_EDGE('',*,*,#2869,.T.);
#4073=ORIENTED_EDGE('',*,*,#2871,.F.);
#4074=ORIENTED_EDGE('',*,*,#2781,.F.);
#4075=ORIENTED_EDGE('',*,*,#2703,.F.);
#4076=ORIENTED_EDGE('',*,*,#2788,.F.);
#4077=ORIENTED_EDGE('',*,*,#2789,.F.);
#4078=ORIENTED_EDGE('',*,*,#2811,.F.);
#4079=ORIENTED_EDGE('',*,*,#2707,.F.);
#4080=ORIENTED_EDGE('',*,*,#2812,.F.);
#4081=ORIENTED_EDGE('',*,*,#2792,.F.);
#4082=ORIENTED_EDGE('',*,*,#2795,.F.);
#4083=ORIENTED_EDGE('',*,*,#2713,.F.);
#4084=ORIENTED_EDGE('',*,*,#2802,.F.);
#4085=ORIENTED_EDGE('',*,*,#2803,.F.);
#4086=ORIENTED_EDGE('',*,*,#2809,.F.);
#4087=ORIENTED_EDGE('',*,*,#2717,.F.);
#4088=ORIENTED_EDGE('',*,*,#2810,.F.);
#4089=ORIENTED_EDGE('',*,*,#2806,.F.);
#4090=ORIENTED_EDGE('',*,*,#2767,.F.);
#4091=ORIENTED_EDGE('',*,*,#2719,.F.);
#4092=ORIENTED_EDGE('',*,*,#2774,.F.);
#4093=ORIENTED_EDGE('',*,*,#2775,.F.);
#4094=ORIENTED_EDGE('',*,*,#2813,.F.);
#4095=ORIENTED_EDGE('',*,*,#2723,.F.);
#4096=ORIENTED_EDGE('',*,*,#2814,.F.);
#4097=ORIENTED_EDGE('',*,*,#2778,.F.);
#4098=ORIENTED_EDGE('',*,*,#2816,.T.);
#4099=ORIENTED_EDGE('',*,*,#2819,.F.);
#4100=ORIENTED_EDGE('',*,*,#2821,.T.);
#4101=ORIENTED_EDGE('',*,*,#2823,.F.);
#4102=ORIENTED_EDGE('',*,*,#2825,.T.);
#4103=ORIENTED_EDGE('',*,*,#2827,.F.);
#4104=ORIENTED_EDGE('',*,*,#2829,.T.);
#4105=ORIENTED_EDGE('',*,*,#2830,.F.);
#4106=ORIENTED_EDGE('',*,*,#2848,.T.);
#4107=ORIENTED_EDGE('',*,*,#2851,.F.);
#4108=ORIENTED_EDGE('',*,*,#2861,.T.);
#4109=ORIENTED_EDGE('',*,*,#2862,.F.);
#4110=ORIENTED_EDGE('',*,*,#2857,.T.);
#4111=ORIENTED_EDGE('',*,*,#2859,.F.);
#4112=ORIENTED_EDGE('',*,*,#2853,.T.);
#4113=ORIENTED_EDGE('',*,*,#2855,.F.);
#4114=ORIENTED_EDGE('',*,*,#2832,.T.);
#4115=ORIENTED_EDGE('',*,*,#2835,.F.);
#4116=ORIENTED_EDGE('',*,*,#2841,.T.);
#4117=ORIENTED_EDGE('',*,*,#2843,.F.);
#4118=ORIENTED_EDGE('',*,*,#2845,.T.);
#4119=ORIENTED_EDGE('',*,*,#2846,.F.);
#4120=ORIENTED_EDGE('',*,*,#2837,.T.);
#4121=ORIENTED_EDGE('',*,*,#2839,.F.);
#4122=ORIENTED_EDGE('',*,*,#2756,.F.);
#4123=ORIENTED_EDGE('',*,*,#2872,.T.);
#4124=ORIENTED_EDGE('',*,*,#2873,.T.);
#4125=ORIENTED_EDGE('',*,*,#2872,.F.);
#4126=ORIENTED_EDGE('',*,*,#2873,.F.);
#4127=ORIENTED_EDGE('',*,*,#2874,.F.);
#4128=ORIENTED_EDGE('',*,*,#2757,.F.);
#4129=ORIENTED_EDGE('',*,*,#2875,.T.);
#4130=ORIENTED_EDGE('',*,*,#2876,.T.);
#4131=ORIENTED_EDGE('',*,*,#2875,.F.);
#4132=ORIENTED_EDGE('',*,*,#2876,.F.);
#4133=ORIENTED_EDGE('',*,*,#2877,.F.);
#4134=ORIENTED_EDGE('',*,*,#2758,.F.);
#4135=ORIENTED_EDGE('',*,*,#2878,.T.);
#4136=ORIENTED_EDGE('',*,*,#2879,.T.);
#4137=ORIENTED_EDGE('',*,*,#2878,.F.);
#4138=ORIENTED_EDGE('',*,*,#2879,.F.);
#4139=ORIENTED_EDGE('',*,*,#2880,.F.);
#4140=ORIENTED_EDGE('',*,*,#2865,.T.);
#4141=ORIENTED_EDGE('',*,*,#2881,.T.);
#4142=ORIENTED_EDGE('',*,*,#2880,.T.);
#4143=ORIENTED_EDGE('',*,*,#2881,.F.);
#4144=ORIENTED_EDGE('',*,*,#2871,.T.);
#4145=ORIENTED_EDGE('',*,*,#2882,.T.);
#4146=ORIENTED_EDGE('',*,*,#2874,.T.);
#4147=ORIENTED_EDGE('',*,*,#2882,.F.);
#4148=ORIENTED_EDGE('',*,*,#2868,.T.);
#4149=ORIENTED_EDGE('',*,*,#2883,.T.);
#4150=ORIENTED_EDGE('',*,*,#2877,.T.);
#4151=ORIENTED_EDGE('',*,*,#2883,.F.);
#4152=PLANE('',#4552);
#4153=PLANE('',#4553);
#4154=PLANE('',#4558);
#4155=PLANE('',#4559);
#4156=PLANE('',#4564);
#4157=PLANE('',#4567);
#4158=PLANE('',#4570);
#4159=PLANE('',#4571);
#4160=PLANE('',#4596);
#4161=PLANE('',#4619);
#4162=PLANE('',#4622);
#4163=PLANE('',#4636);
#4164=PLANE('',#4647);
#4165=PLANE('',#4658);
#4166=PLANE('',#4671);
#4167=PLANE('',#4678);
#4168=PLANE('',#4685);
#4169=PLANE('',#4696);
#4170=PLANE('',#4703);
#4171=PLANE('',#4710);
#4172=PLANE('',#4713);
#4173=PLANE('',#4717);
#4174=PLANE('',#4721);
#4175=PLANE('',#4723);
#4176=PLANE('',#4724);
#4177=PLANE('',#4725);
#4178=PLANE('',#4726);
#4179=PLANE('',#4727);
#4180=PLANE('',#4728);
#4181=PLANE('',#4729);
#4182=PLANE('',#4730);
#4183=PLANE('',#4731);
#4184=PLANE('',#4734);
#4185=PLANE('',#4738);
#4186=PLANE('',#4742);
#4187=PLANE('',#4750);
#4188=PLANE('',#4754);
#4189=PLANE('',#4758);
#4190=PLANE('',#4762);
#4191=PLANE('',#4766);
#4192=PLANE('',#4770);
#4193=PLANE('',#4774);
#4194=PLANE('',#4778);
#4195=PLANE('',#4782);
#4196=PLANE('',#4786);
#4197=PLANE('',#4790);
#4198=PLANE('',#4794);
#4199=PLANE('',#4798);
#4200=PLANE('',#4802);
#4201=PLANE('',#4806);
#4202=PLANE('',#4810);
#4203=PLANE('',#4814);
#4204=PLANE('',#4818);
#4205=PLANE('',#4822);
#4206=PLANE('',#4826);
#4207=PLANE('',#4830);
#4208=PLANE('',#4834);
#4209=PLANE('',#4838);
#4210=PLANE('',#4842);
#4211=PLANE('',#4846);
#4212=PLANE('',#4850);
#4213=PLANE('',#4854);
#4214=PLANE('',#4858);
#4215=PLANE('',#4862);
#4216=PLANE('',#4866);
#4217=PLANE('',#4867);
#4218=PLANE('',#4868);
#4219=PLANE('',#4873);
#4220=PLANE('',#4878);
#4221=PLANE('',#4885);
#4222=PLANE('',#4891);
#4223=PLANE('',#4893);
#4224=PLANE('',#4895);
#4225=PLANE('',#4897);
#4226=PLANE('',#4898);
#4227=PLANE('',#4899);
#4228=PLANE('',#4902);
#4229=PLANE('',#4903);
#4230=PLANE('',#4909);
#4231=PLANE('',#4919);
#4232=PLANE('',#4921);
#4233=PLANE('',#4922);
#4234=PLANE('',#4923);
#4235=PLANE('',#4924);
#4236=PLANE('',#4925);
#4237=PLANE('',#4928);
#4238=PLANE('',#4929);
#4239=PLANE('',#4931);
#4240=PLANE('',#4932);
#4241=PLANE('',#4933);
#4242=PLANE('',#4934);
#4243=PLANE('',#4937);
#4244=PLANE('',#4940);
#4245=PLANE('',#4941);
#4246=PLANE('',#4942);
#4247=PLANE('',#4945);
#4248=PLANE('',#4948);
#4249=PLANE('',#4949);
#4250=PLANE('',#4974);
#4251=PLANE('',#4997);
#4252=PLANE('',#5000);
#4253=PLANE('',#5014);
#4254=PLANE('',#5025);
#4255=PLANE('',#5036);
#4256=PLANE('',#5049);
#4257=PLANE('',#5056);
#4258=PLANE('',#5063);
#4259=PLANE('',#5074);
#4260=PLANE('',#5081);
#4261=PLANE('',#5088);
#4262=PLANE('',#5091);
#4263=PLANE('',#5095);
#4264=PLANE('',#5099);
#4265=PLANE('',#5101);
#4266=PLANE('',#5102);
#4267=PLANE('',#5103);
#4268=PLANE('',#5104);
#4269=PLANE('',#5105);
#4270=PLANE('',#5106);
#4271=PLANE('',#5107);
#4272=PLANE('',#5108);
#4273=PLANE('',#5109);
#4274=PLANE('',#5112);
#4275=PLANE('',#5116);
#4276=PLANE('',#5120);
#4277=ADVANCED_FACE('',(#541),#4152,.T.);
#4278=ADVANCED_FACE('',(#542),#4153,.T.);
#4279=ADVANCED_FACE('',(#543),#4154,.T.);
#4280=ADVANCED_FACE('',(#544),#4155,.T.);
#4281=ADVANCED_FACE('',(#545),#4156,.T.);
#4282=ADVANCED_FACE('',(#546),#99,.T.);
#4283=ADVANCED_FACE('',(#547),#4157,.F.);
#4284=ADVANCED_FACE('',(#548),#4158,.F.);
#4285=ADVANCED_FACE('',(#549,#21,#22,#23,#24,#25,#26),#4159,.F.);
#4286=ADVANCED_FACE('',(#550),#100,.T.);
#4287=ADVANCED_FACE('',(#551,#27,#28,#29,#30,#31,#32),#4160,.T.);
#4288=ADVANCED_FACE('',(#552),#4161,.T.);
#4289=ADVANCED_FACE('',(#553),#15,.T.);
#4290=ADVANCED_FACE('',(#554),#4162,.T.);
#4291=ADVANCED_FACE('',(#555),#101,.T.);
#4292=ADVANCED_FACE('',(#556),#102,.T.);
#4293=ADVANCED_FACE('',(#557),#16,.T.);
#4294=ADVANCED_FACE('',(#558),#103,.T.);
#4295=ADVANCED_FACE('',(#559),#104,.F.);
#4296=ADVANCED_FACE('',(#560),#105,.T.);
#4297=ADVANCED_FACE('',(#561),#106,.F.);
#4298=ADVANCED_FACE('',(#562),#4163,.F.);
#4299=ADVANCED_FACE('',(#563),#107,.T.);
#4300=ADVANCED_FACE('',(#564),#108,.F.);
#4301=ADVANCED_FACE('',(#565),#109,.T.);
#4302=ADVANCED_FACE('',(#566),#110,.F.);
#4303=ADVANCED_FACE('',(#567),#4164,.F.);
#4304=ADVANCED_FACE('',(#568),#111,.T.);
#4305=ADVANCED_FACE('',(#569),#112,.F.);
#4306=ADVANCED_FACE('',(#570),#113,.T.);
#4307=ADVANCED_FACE('',(#571),#114,.F.);
#4308=ADVANCED_FACE('',(#572),#4165,.F.);
#4309=ADVANCED_FACE('',(#573),#115,.T.);
#4310=ADVANCED_FACE('',(#574),#116,.F.);
#4311=ADVANCED_FACE('',(#575),#117,.F.);
#4312=ADVANCED_FACE('',(#576),#118,.F.);
#4313=ADVANCED_FACE('',(#577),#119,.F.);
#4314=ADVANCED_FACE('',(#578),#120,.F.);
#4315=ADVANCED_FACE('',(#579),#121,.F.);
#4316=ADVANCED_FACE('',(#580),#122,.F.);
#4317=ADVANCED_FACE('',(#581),#4166,.F.);
#4318=ADVANCED_FACE('',(#582),#123,.F.);
#4319=ADVANCED_FACE('',(#583),#124,.T.);
#4320=ADVANCED_FACE('',(#584),#125,.F.);
#4321=ADVANCED_FACE('',(#585),#4167,.F.);
#4322=ADVANCED_FACE('',(#586),#126,.F.);
#4323=ADVANCED_FACE('',(#587),#127,.T.);
#4324=ADVANCED_FACE('',(#588),#128,.F.);
#4325=ADVANCED_FACE('',(#589),#4168,.F.);
#4326=ADVANCED_FACE('',(#590),#129,.F.);
#4327=ADVANCED_FACE('',(#591),#130,.T.);
#4328=ADVANCED_FACE('',(#592),#131,.F.);
#4329=ADVANCED_FACE('',(#593),#132,.T.);
#4330=ADVANCED_FACE('',(#594),#133,.F.);
#4331=ADVANCED_FACE('',(#595),#4169,.F.);
#4332=ADVANCED_FACE('',(#596),#134,.F.);
#4333=ADVANCED_FACE('',(#597),#135,.T.);
#4334=ADVANCED_FACE('',(#598),#136,.F.);
#4335=ADVANCED_FACE('',(#599),#4170,.F.);
#4336=ADVANCED_FACE('',(#600),#137,.F.);
#4337=ADVANCED_FACE('',(#601),#138,.T.);
#4338=ADVANCED_FACE('',(#602),#139,.F.);
#4339=ADVANCED_FACE('',(#603),#4171,.F.);
#4340=ADVANCED_FACE('',(#604),#140,.F.);
#4341=ADVANCED_FACE('',(#605,#33),#4172,.F.);
#4342=ADVANCED_FACE('',(#606),#141,.F.);
#4343=ADVANCED_FACE('',(#607,#34),#4173,.F.);
#4344=ADVANCED_FACE('',(#608),#142,.F.);
#4345=ADVANCED_FACE('',(#609,#35),#4174,.F.);
#4346=ADVANCED_FACE('',(#610),#4175,.T.);
#4347=ADVANCED_FACE('',(#611),#4176,.T.);
#4348=ADVANCED_FACE('',(#612),#4177,.T.);
#4349=ADVANCED_FACE('',(#613),#4178,.T.);
#4350=ADVANCED_FACE('',(#614),#4179,.T.);
#4351=ADVANCED_FACE('',(#615),#4180,.T.);
#4352=ADVANCED_FACE('',(#616),#4181,.T.);
#4353=ADVANCED_FACE('',(#617),#4182,.T.);
#4354=ADVANCED_FACE('',(#618),#4183,.T.);
#4355=ADVANCED_FACE('',(#619),#143,.F.);
#4356=ADVANCED_FACE('',(#620,#36),#4184,.T.);
#4357=ADVANCED_FACE('',(#621),#144,.F.);
#4358=ADVANCED_FACE('',(#622,#37),#4185,.T.);
#4359=ADVANCED_FACE('',(#623),#145,.F.);
#4360=ADVANCED_FACE('',(#624,#38),#4186,.T.);
#4361=ADVANCED_FACE('',(#625),#146,.F.);
#4362=ADVANCED_FACE('',(#626),#147,.F.);
#4363=ADVANCED_FACE('',(#627),#148,.F.);
#4364=ADVANCED_FACE('',(#628),#149,.F.);
#4365=ADVANCED_FACE('',(#629),#4187,.T.);
#4366=ADVANCED_FACE('',(#630),#150,.F.);
#4367=ADVANCED_FACE('',(#631),#4188,.T.);
#4368=ADVANCED_FACE('',(#632),#151,.F.);
#4369=ADVANCED_FACE('',(#633),#4189,.T.);
#4370=ADVANCED_FACE('',(#634),#152,.F.);
#4371=ADVANCED_FACE('',(#635),#4190,.T.);
#4372=ADVANCED_FACE('',(#636),#153,.F.);
#4373=ADVANCED_FACE('',(#637),#4191,.T.);
#4374=ADVANCED_FACE('',(#638),#154,.F.);
#4375=ADVANCED_FACE('',(#639),#4192,.T.);
#4376=ADVANCED_FACE('',(#640),#155,.F.);
#4377=ADVANCED_FACE('',(#641),#4193,.T.);
#4378=ADVANCED_FACE('',(#642),#156,.F.);
#4379=ADVANCED_FACE('',(#643,#39),#4194,.T.);
#4380=ADVANCED_FACE('',(#644),#157,.F.);
#4381=ADVANCED_FACE('',(#645,#40),#4195,.T.);
#4382=ADVANCED_FACE('',(#646),#158,.F.);
#4383=ADVANCED_FACE('',(#647,#41),#4196,.T.);
#4384=ADVANCED_FACE('',(#648),#159,.F.);
#4385=ADVANCED_FACE('',(#649,#42),#4197,.T.);
#4386=ADVANCED_FACE('',(#650),#160,.F.);
#4387=ADVANCED_FACE('',(#651,#43),#4198,.T.);
#4388=ADVANCED_FACE('',(#652),#161,.F.);
#4389=ADVANCED_FACE('',(#653,#44),#4199,.T.);
#4390=ADVANCED_FACE('',(#654),#162,.F.);
#4391=ADVANCED_FACE('',(#655,#45),#4200,.T.);
#4392=ADVANCED_FACE('',(#656),#163,.F.);
#4393=ADVANCED_FACE('',(#657),#4201,.T.);
#4394=ADVANCED_FACE('',(#658),#164,.F.);
#4395=ADVANCED_FACE('',(#659),#4202,.T.);
#4396=ADVANCED_FACE('',(#660),#165,.F.);
#4397=ADVANCED_FACE('',(#661),#4203,.T.);
#4398=ADVANCED_FACE('',(#662),#166,.F.);
#4399=ADVANCED_FACE('',(#663),#4204,.T.);
#4400=ADVANCED_FACE('',(#664),#167,.F.);
#4401=ADVANCED_FACE('',(#665,#46),#4205,.T.);
#4402=ADVANCED_FACE('',(#666),#168,.F.);
#4403=ADVANCED_FACE('',(#667,#47),#4206,.T.);
#4404=ADVANCED_FACE('',(#668),#169,.F.);
#4405=ADVANCED_FACE('',(#669,#48),#4207,.T.);
#4406=ADVANCED_FACE('',(#670),#170,.F.);
#4407=ADVANCED_FACE('',(#671,#49),#4208,.T.);
#4408=ADVANCED_FACE('',(#672),#171,.F.);
#4409=ADVANCED_FACE('',(#673),#4209,.T.);
#4410=ADVANCED_FACE('',(#674),#172,.F.);
#4411=ADVANCED_FACE('',(#675),#4210,.T.);
#4412=ADVANCED_FACE('',(#676),#173,.F.);
#4413=ADVANCED_FACE('',(#677),#4211,.T.);
#4414=ADVANCED_FACE('',(#678),#174,.F.);
#4415=ADVANCED_FACE('',(#679),#4212,.T.);
#4416=ADVANCED_FACE('',(#680),#175,.F.);
#4417=ADVANCED_FACE('',(#681,#50),#4213,.T.);
#4418=ADVANCED_FACE('',(#682),#176,.F.);
#4419=ADVANCED_FACE('',(#683,#51),#4214,.T.);
#4420=ADVANCED_FACE('',(#684),#177,.F.);
#4421=ADVANCED_FACE('',(#685,#52),#4215,.T.);
#4422=ADVANCED_FACE('',(#686),#178,.F.);
#4423=ADVANCED_FACE('',(#687,#53),#4216,.T.);
#4424=ADVANCED_FACE('',(#688),#4217,.F.);
#4425=ADVANCED_FACE('',(#689,#54,#55),#4218,.T.);
#4426=ADVANCED_FACE('',(#690),#4219,.F.);
#4427=ADVANCED_FACE('',(#691,#56,#57,#58,#59),#4220,.F.);
#4428=ADVANCED_FACE('',(#692,#60),#4221,.T.);
#4429=ADVANCED_FACE('',(#693),#179,.T.);
#4430=ADVANCED_FACE('',(#694,#61,#62,#63,#64),#4222,.T.);
#4431=ADVANCED_FACE('',(#695),#180,.T.);
#4432=ADVANCED_FACE('',(#696),#4223,.T.);
#4433=ADVANCED_FACE('',(#697),#181,.T.);
#4434=ADVANCED_FACE('',(#698,#65,#66,#67,#68),#4224,.T.);
#4435=ADVANCED_FACE('',(#699),#182,.T.);
#4436=ADVANCED_FACE('',(#700),#4225,.T.);
#4437=ADVANCED_FACE('',(#701),#4226,.T.);
#4438=ADVANCED_FACE('',(#702,#69),#4227,.F.);
#4439=ADVANCED_FACE('',(#703),#4228,.T.);
#4440=ADVANCED_FACE('',(#704),#4229,.T.);
#4441=ADVANCED_FACE('',(#705),#17,.T.);
#4442=ADVANCED_FACE('',(#706,#70,#71,#72,#73),#4230,.T.);
#4443=ADVANCED_FACE('',(#707),#183,.F.);
#4444=ADVANCED_FACE('',(#708),#18,.T.);
#4445=ADVANCED_FACE('',(#709),#184,.F.);
#4446=ADVANCED_FACE('',(#710),#4231,.F.);
#4447=ADVANCED_FACE('',(#711),#185,.F.);
#4448=ADVANCED_FACE('',(#712),#4232,.T.);
#4449=ADVANCED_FACE('',(#713),#4233,.T.);
#4450=ADVANCED_FACE('',(#714),#4234,.T.);
#4451=ADVANCED_FACE('',(#715),#4235,.T.);
#4452=ADVANCED_FACE('',(#716),#4236,.T.);
#4453=ADVANCED_FACE('',(#717),#186,.F.);
#4454=ADVANCED_FACE('',(#718),#4237,.F.);
#4455=ADVANCED_FACE('',(#719),#4238,.F.);
#4456=ADVANCED_FACE('',(#720),#4239,.T.);
#4457=ADVANCED_FACE('',(#721),#4240,.T.);
#4458=ADVANCED_FACE('',(#722),#4241,.T.);
#4459=ADVANCED_FACE('',(#723),#4242,.T.);
#4460=ADVANCED_FACE('',(#724),#187,.F.);
#4461=ADVANCED_FACE('',(#725),#188,.T.);
#4462=ADVANCED_FACE('',(#726),#4243,.T.);
#4463=ADVANCED_FACE('',(#727),#189,.F.);
#4464=ADVANCED_FACE('',(#728),#190,.F.);
#4465=ADVANCED_FACE('',(#729),#4244,.T.);
#4466=ADVANCED_FACE('',(#730),#4245,.T.);
#4467=ADVANCED_FACE('',(#731,#74,#75,#76,#77,#78,#79,#80),#4246,.T.);
#4468=ADVANCED_FACE('',(#732),#191,.T.);
#4469=ADVANCED_FACE('',(#733),#4247,.F.);
#4470=ADVANCED_FACE('',(#734),#4248,.F.);
#4471=ADVANCED_FACE('',(#735,#81,#82,#83,#84,#85,#86),#4249,.F.);
#4472=ADVANCED_FACE('',(#736),#192,.T.);
#4473=ADVANCED_FACE('',(#737,#87,#88,#89,#90,#91,#92),#4250,.T.);
#4474=ADVANCED_FACE('',(#738),#4251,.T.);
#4475=ADVANCED_FACE('',(#739),#19,.T.);
#4476=ADVANCED_FACE('',(#740),#4252,.T.);
#4477=ADVANCED_FACE('',(#741),#193,.T.);
#4478=ADVANCED_FACE('',(#742),#194,.T.);
#4479=ADVANCED_FACE('',(#743),#20,.T.);
#4480=ADVANCED_FACE('',(#744),#195,.T.);
#4481=ADVANCED_FACE('',(#745),#196,.F.);
#4482=ADVANCED_FACE('',(#746),#197,.T.);
#4483=ADVANCED_FACE('',(#747),#198,.F.);
#4484=ADVANCED_FACE('',(#748),#4253,.F.);
#4485=ADVANCED_FACE('',(#749),#199,.T.);
#4486=ADVANCED_FACE('',(#750),#200,.F.);
#4487=ADVANCED_FACE('',(#751),#201,.T.);
#4488=ADVANCED_FACE('',(#752),#202,.F.);
#4489=ADVANCED_FACE('',(#753),#4254,.F.);
#4490=ADVANCED_FACE('',(#754),#203,.T.);
#4491=ADVANCED_FACE('',(#755),#204,.F.);
#4492=ADVANCED_FACE('',(#756),#205,.T.);
#4493=ADVANCED_FACE('',(#757),#206,.F.);
#4494=ADVANCED_FACE('',(#758),#4255,.F.);
#4495=ADVANCED_FACE('',(#759),#207,.T.);
#4496=ADVANCED_FACE('',(#760),#208,.F.);
#4497=ADVANCED_FACE('',(#761),#209,.F.);
#4498=ADVANCED_FACE('',(#762),#210,.F.);
#4499=ADVANCED_FACE('',(#763),#211,.F.);
#4500=ADVANCED_FACE('',(#764),#212,.F.);
#4501=ADVANCED_FACE('',(#765),#213,.F.);
#4502=ADVANCED_FACE('',(#766),#214,.F.);
#4503=ADVANCED_FACE('',(#767),#4256,.F.);
#4504=ADVANCED_FACE('',(#768),#215,.F.);
#4505=ADVANCED_FACE('',(#769),#216,.T.);
#4506=ADVANCED_FACE('',(#770),#217,.F.);
#4507=ADVANCED_FACE('',(#771),#4257,.F.);
#4508=ADVANCED_FACE('',(#772),#218,.F.);
#4509=ADVANCED_FACE('',(#773),#219,.T.);
#4510=ADVANCED_FACE('',(#774),#220,.F.);
#4511=ADVANCED_FACE('',(#775),#4258,.F.);
#4512=ADVANCED_FACE('',(#776),#221,.F.);
#4513=ADVANCED_FACE('',(#777),#222,.T.);
#4514=ADVANCED_FACE('',(#778),#223,.F.);
#4515=ADVANCED_FACE('',(#779),#224,.T.);
#4516=ADVANCED_FACE('',(#780),#225,.F.);
#4517=ADVANCED_FACE('',(#781),#4259,.F.);
#4518=ADVANCED_FACE('',(#782),#226,.F.);
#4519=ADVANCED_FACE('',(#783),#227,.T.);
#4520=ADVANCED_FACE('',(#784),#228,.F.);
#4521=ADVANCED_FACE('',(#785),#4260,.F.);
#4522=ADVANCED_FACE('',(#786),#229,.F.);
#4523=ADVANCED_FACE('',(#787),#230,.T.);
#4524=ADVANCED_FACE('',(#788),#231,.F.);
#4525=ADVANCED_FACE('',(#789),#4261,.F.);
#4526=ADVANCED_FACE('',(#790),#232,.F.);
#4527=ADVANCED_FACE('',(#791,#93),#4262,.F.);
#4528=ADVANCED_FACE('',(#792),#233,.F.);
#4529=ADVANCED_FACE('',(#793,#94),#4263,.F.);
#4530=ADVANCED_FACE('',(#794),#234,.F.);
#4531=ADVANCED_FACE('',(#795,#95),#4264,.F.);
#4532=ADVANCED_FACE('',(#796),#4265,.T.);
#4533=ADVANCED_FACE('',(#797),#4266,.T.);
#4534=ADVANCED_FACE('',(#798),#4267,.T.);
#4535=ADVANCED_FACE('',(#799),#4268,.T.);
#4536=ADVANCED_FACE('',(#800),#4269,.T.);
#4537=ADVANCED_FACE('',(#801),#4270,.T.);
#4538=ADVANCED_FACE('',(#802),#4271,.T.);
#4539=ADVANCED_FACE('',(#803),#4272,.T.);
#4540=ADVANCED_FACE('',(#804),#4273,.T.);
#4541=ADVANCED_FACE('',(#805),#235,.F.);
#4542=ADVANCED_FACE('',(#806,#96),#4274,.T.);
#4543=ADVANCED_FACE('',(#807),#236,.F.);
#4544=ADVANCED_FACE('',(#808,#97),#4275,.T.);
#4545=ADVANCED_FACE('',(#809),#237,.F.);
#4546=ADVANCED_FACE('',(#810,#98),#4276,.T.);
#4547=ADVANCED_FACE('',(#811),#238,.F.);
#4548=ADVANCED_FACE('',(#812),#239,.F.);
#4549=ADVANCED_FACE('',(#813),#240,.F.);
#4550=CLOSED_SHELL('',(#4277,#4278,#4279,#4280,#4281,#4282,#4283,#4284,
#4285,#4286,#4287,#4288,#4289,#4290,#4291,#4292,#4293,#4294,#4295,#4296,
#4297,#4298,#4299,#4300,#4301,#4302,#4303,#4304,#4305,#4306,#4307,#4308,
#4309,#4310,#4311,#4312,#4313,#4314,#4315,#4316,#4317,#4318,#4319,#4320,
#4321,#4322,#4323,#4324,#4325,#4326,#4327,#4328,#4329,#4330,#4331,#4332,
#4333,#4334,#4335,#4336,#4337,#4338,#4339,#4340,#4341,#4342,#4343,#4344,
#4345,#4346,#4347,#4348,#4349,#4350,#4351,#4352,#4353,#4354,#4355,#4356,
#4357,#4358,#4359,#4360,#4361,#4362,#4363,#4364,#4365,#4366,#4367,#4368,
#4369,#4370,#4371,#4372,#4373,#4374,#4375,#4376,#4377,#4378,#4379,#4380,
#4381,#4382,#4383,#4384,#4385,#4386,#4387,#4388,#4389,#4390,#4391,#4392,
#4393,#4394,#4395,#4396,#4397,#4398,#4399,#4400,#4401,#4402,#4403,#4404,
#4405,#4406,#4407,#4408,#4409,#4410,#4411,#4412,#4413,#4414,#4415,#4416,
#4417,#4418,#4419,#4420,#4421,#4422,#4423,#4424,#4425,#4426,#4427,#4428,
#4429,#4430,#4431,#4432,#4433,#4434,#4435,#4436,#4437,#4438,#4439,#4440,
#4441,#4442,#4443,#4444,#4445,#4446,#4447,#4448,#4449,#4450,#4451,#4452,
#4453,#4454,#4455,#4456,#4457,#4458,#4459,#4460,#4461,#4462,#4463,#4464,
#4465,#4466,#4467,#4468,#4469,#4470,#4471,#4472,#4473,#4474,#4475,#4476,
#4477,#4478,#4479,#4480,#4481,#4482,#4483,#4484,#4485,#4486,#4487,#4488,
#4489,#4490,#4491,#4492,#4493,#4494,#4495,#4496,#4497,#4498,#4499,#4500,
#4501,#4502,#4503,#4504,#4505,#4506,#4507,#4508,#4509,#4510,#4511,#4512,
#4513,#4514,#4515,#4516,#4517,#4518,#4519,#4520,#4521,#4522,#4523,#4524,
#4525,#4526,#4527,#4528,#4529,#4530,#4531,#4532,#4533,#4534,#4535,#4536,
#4537,#4538,#4539,#4540,#4541,#4542,#4543,#4544,#4545,#4546,#4547,#4548,
#4549));
#4551=AXIS2_PLACEMENT_3D('',#6607,#5125,#5126);
#4552=AXIS2_PLACEMENT_3D('',#6608,#5127,#5128);
#4553=AXIS2_PLACEMENT_3D('',#6617,#5133,#5134);
#4554=AXIS2_PLACEMENT_3D('',#6620,#5135,#5136);
#4555=AXIS2_PLACEMENT_3D('',#6624,#5138,#5139);
#4556=AXIS2_PLACEMENT_3D('',#6631,#5143,#5144);
#4557=AXIS2_PLACEMENT_3D('',#6635,#5146,#5147);
#4558=AXIS2_PLACEMENT_3D('',#6637,#5149,#5150);
#4559=AXIS2_PLACEMENT_3D('',#6641,#5153,#5154);
#4560=AXIS2_PLACEMENT_3D('',#6643,#5155,#5156);
#4561=AXIS2_PLACEMENT_3D('',#6645,#5157,#5158);
#4562=AXIS2_PLACEMENT_3D('',#6648,#5160,#5161);
#4563=AXIS2_PLACEMENT_3D('',#6653,#5164,#5165);
#4564=AXIS2_PLACEMENT_3D('',#6655,#5167,#5168);
#4565=AXIS2_PLACEMENT_3D('',#6657,#5170,#5171);
#4566=AXIS2_PLACEMENT_3D('',#6661,#5173,#5174);
#4567=AXIS2_PLACEMENT_3D('',#6663,#5176,#5177);
#4568=AXIS2_PLACEMENT_3D('',#6670,#5180,#5181);
#4569=AXIS2_PLACEMENT_3D('',#6674,#5183,#5184);
#4570=AXIS2_PLACEMENT_3D('',#6676,#5186,#5187);
#4571=AXIS2_PLACEMENT_3D('',#6679,#5190,#5191);
#4572=AXIS2_PLACEMENT_3D('',#6682,#5193,#5194);
#4573=AXIS2_PLACEMENT_3D('',#6684,#5195,#5196);
#4574=AXIS2_PLACEMENT_3D('',#6686,#5197,#5198);
#4575=AXIS2_PLACEMENT_3D('',#6688,#5199,#5200);
#4576=AXIS2_PLACEMENT_3D('',#6693,#5202,#5203);
#4577=AXIS2_PLACEMENT_3D('',#6695,#5204,#5205);
#4578=AXIS2_PLACEMENT_3D('',#6697,#5206,#5207);
#4579=AXIS2_PLACEMENT_3D('',#6701,#5209,#5210);
#4580=AXIS2_PLACEMENT_3D('',#6703,#5211,#5212);
#4581=AXIS2_PLACEMENT_3D('',#6704,#5213,#5214);
#4582=AXIS2_PLACEMENT_3D('',#6707,#5215,#5216);
#4583=AXIS2_PLACEMENT_3D('',#6709,#5217,#5218);
#4584=AXIS2_PLACEMENT_3D('',#6713,#5220,#5221);
#4585=AXIS2_PLACEMENT_3D('',#6715,#5222,#5223);
#4586=AXIS2_PLACEMENT_3D('',#6717,#5224,#5225);
#4587=AXIS2_PLACEMENT_3D('',#6720,#5227,#5228);
#4588=AXIS2_PLACEMENT_3D('',#6725,#5230,#5231);
#4589=AXIS2_PLACEMENT_3D('',#6727,#5232,#5233);
#4590=AXIS2_PLACEMENT_3D('',#6729,#5234,#5235);
#4591=AXIS2_PLACEMENT_3D('',#6733,#5237,#5238);
#4592=AXIS2_PLACEMENT_3D('',#6735,#5239,#5240);
#4593=AXIS2_PLACEMENT_3D('',#6736,#5241,#5242);
#4594=AXIS2_PLACEMENT_3D('',#6737,#5243,#5244);
#4595=AXIS2_PLACEMENT_3D('',#6740,#5246,#5247);
#4596=AXIS2_PLACEMENT_3D('',#6741,#5248,#5249);
#4597=AXIS2_PLACEMENT_3D('',#6745,#5251,#5252);
#4598=AXIS2_PLACEMENT_3D('',#6751,#5255,#5256);
#4599=AXIS2_PLACEMENT_3D('',#6753,#5257,#5258);
#4600=AXIS2_PLACEMENT_3D('',#6755,#5259,#5260);
#4601=AXIS2_PLACEMENT_3D('',#6759,#5262,#5263);
#4602=AXIS2_PLACEMENT_3D('',#6761,#5264,#5265);
#4603=AXIS2_PLACEMENT_3D('',#6762,#5266,#5267);
#4604=AXIS2_PLACEMENT_3D('',#6765,#5268,#5269);
#4605=AXIS2_PLACEMENT_3D('',#6767,#5270,#5271);
#4606=AXIS2_PLACEMENT_3D('',#6771,#5273,#5274);
#4607=AXIS2_PLACEMENT_3D('',#6773,#5275,#5276);
#4608=AXIS2_PLACEMENT_3D('',#6775,#5277,#5278);
#4609=AXIS2_PLACEMENT_3D('',#6778,#5280,#5281);
#4610=AXIS2_PLACEMENT_3D('',#6783,#5283,#5284);
#4611=AXIS2_PLACEMENT_3D('',#6785,#5285,#5286);
#4612=AXIS2_PLACEMENT_3D('',#6787,#5287,#5288);
#4613=AXIS2_PLACEMENT_3D('',#6791,#5290,#5291);
#4614=AXIS2_PLACEMENT_3D('',#6793,#5292,#5293);
#4615=AXIS2_PLACEMENT_3D('',#6794,#5294,#5295);
#4616=AXIS2_PLACEMENT_3D('',#6796,#5296,#5297);
#4617=AXIS2_PLACEMENT_3D('',#6798,#5298,#5299);
#4618=AXIS2_PLACEMENT_3D('',#6800,#5300,#5301);
#4619=AXIS2_PLACEMENT_3D('',#6801,#5302,#5303);
#4620=AXIS2_PLACEMENT_3D('',#6805,#5306,#5307);
#4621=AXIS2_PLACEMENT_3D('',#6806,#5308,#5309);
#4622=AXIS2_PLACEMENT_3D('',#6807,#5310,#5311);
#4623=AXIS2_PLACEMENT_3D('',#6811,#5314,#5315);
#4624=AXIS2_PLACEMENT_3D('',#6812,#5316,#5317);
#4625=AXIS2_PLACEMENT_3D('',#6813,#5318,#5319);
#4626=AXIS2_PLACEMENT_3D('',#6814,#5320,#5321);
#4627=AXIS2_PLACEMENT_3D('',#6815,#5322,#5323);
#4628=AXIS2_PLACEMENT_3D('',#6816,#5324,#5325);
#4629=AXIS2_PLACEMENT_3D('',#6817,#5326,#5327);
#4630=AXIS2_PLACEMENT_3D('',#6818,#5328,#5329);
#4631=AXIS2_PLACEMENT_3D('',#6822,#5331,#5332);
#4632=AXIS2_PLACEMENT_3D('',#6824,#5334,#5335);
#4633=AXIS2_PLACEMENT_3D('',#6826,#5336,#5337);
#4634=AXIS2_PLACEMENT_3D('',#6828,#5339,#5340);
#4635=AXIS2_PLACEMENT_3D('',#6832,#5342,#5343);
#4636=AXIS2_PLACEMENT_3D('',#6834,#5345,#5346);
#4637=AXIS2_PLACEMENT_3D('',#6837,#5348,#5349);
#4638=AXIS2_PLACEMENT_3D('',#6839,#5350,#5351);
#4639=AXIS2_PLACEMENT_3D('',#6842,#5353,#5354);
#4640=AXIS2_PLACEMENT_3D('',#6843,#5355,#5356);
#4641=AXIS2_PLACEMENT_3D('',#6845,#5358,#5359);
#4642=AXIS2_PLACEMENT_3D('',#6849,#5361,#5362);
#4643=AXIS2_PLACEMENT_3D('',#6851,#5364,#5365);
#4644=AXIS2_PLACEMENT_3D('',#6853,#5366,#5367);
#4645=AXIS2_PLACEMENT_3D('',#6855,#5369,#5370);
#4646=AXIS2_PLACEMENT_3D('',#6859,#5372,#5373);
#4647=AXIS2_PLACEMENT_3D('',#6861,#5375,#5376);
#4648=AXIS2_PLACEMENT_3D('',#6864,#5378,#5379);
#4649=AXIS2_PLACEMENT_3D('',#6866,#5380,#5381);
#4650=AXIS2_PLACEMENT_3D('',#6869,#5383,#5384);
#4651=AXIS2_PLACEMENT_3D('',#6870,#5385,#5386);
#4652=AXIS2_PLACEMENT_3D('',#6872,#5388,#5389);
#4653=AXIS2_PLACEMENT_3D('',#6876,#5391,#5392);
#4654=AXIS2_PLACEMENT_3D('',#6878,#5394,#5395);
#4655=AXIS2_PLACEMENT_3D('',#6880,#5396,#5397);
#4656=AXIS2_PLACEMENT_3D('',#6882,#5399,#5400);
#4657=AXIS2_PLACEMENT_3D('',#6886,#5402,#5403);
#4658=AXIS2_PLACEMENT_3D('',#6888,#5405,#5406);
#4659=AXIS2_PLACEMENT_3D('',#6891,#5408,#5409);
#4660=AXIS2_PLACEMENT_3D('',#6893,#5410,#5411);
#4661=AXIS2_PLACEMENT_3D('',#6896,#5413,#5414);
#4662=AXIS2_PLACEMENT_3D('',#6897,#5415,#5416);
#4663=AXIS2_PLACEMENT_3D('',#6899,#5418,#5419);
#4664=AXIS2_PLACEMENT_3D('',#6901,#5421,#5422);
#4665=AXIS2_PLACEMENT_3D('',#6903,#5424,#5425);
#4666=AXIS2_PLACEMENT_3D('',#6905,#5427,#5428);
#4667=AXIS2_PLACEMENT_3D('',#6907,#5430,#5431);
#4668=AXIS2_PLACEMENT_3D('',#6909,#5433,#5434);
#4669=AXIS2_PLACEMENT_3D('',#6911,#5436,#5437);
#4670=AXIS2_PLACEMENT_3D('',#6915,#5439,#5440);
#4671=AXIS2_PLACEMENT_3D('',#6917,#5442,#5443);
#4672=AXIS2_PLACEMENT_3D('',#6921,#5446,#5447);
#4673=AXIS2_PLACEMENT_3D('',#6924,#5449,#5450);
#4674=AXIS2_PLACEMENT_3D('',#6925,#5451,#5452);
#4675=AXIS2_PLACEMENT_3D('',#6928,#5454,#5455);
#4676=AXIS2_PLACEMENT_3D('',#6929,#5456,#5457);
#4677=AXIS2_PLACEMENT_3D('',#6932,#5459,#5460);
#4678=AXIS2_PLACEMENT_3D('',#6933,#5461,#5462);
#4679=AXIS2_PLACEMENT_3D('',#6937,#5465,#5466);
#4680=AXIS2_PLACEMENT_3D('',#6940,#5468,#5469);
#4681=AXIS2_PLACEMENT_3D('',#6941,#5470,#5471);
#4682=AXIS2_PLACEMENT_3D('',#6942,#5472,#5473);
#4683=AXIS2_PLACEMENT_3D('',#6943,#5474,#5475);
#4684=AXIS2_PLACEMENT_3D('',#6947,#5477,#5478);
#4685=AXIS2_PLACEMENT_3D('',#6949,#5480,#5481);
#4686=AXIS2_PLACEMENT_3D('',#6953,#5484,#5485);
#4687=AXIS2_PLACEMENT_3D('',#6957,#5487,#5488);
#4688=AXIS2_PLACEMENT_3D('',#6959,#5490,#5491);
#4689=AXIS2_PLACEMENT_3D('',#6960,#5492,#5493);
#4690=AXIS2_PLACEMENT_3D('',#6961,#5494,#5495);
#4691=AXIS2_PLACEMENT_3D('',#6964,#5497,#5498);
#4692=AXIS2_PLACEMENT_3D('',#6965,#5499,#5500);
#4693=AXIS2_PLACEMENT_3D('',#6968,#5502,#5503);
#4694=AXIS2_PLACEMENT_3D('',#6969,#5504,#5505);
#4695=AXIS2_PLACEMENT_3D('',#6972,#5507,#5508);
#4696=AXIS2_PLACEMENT_3D('',#6973,#5509,#5510);
#4697=AXIS2_PLACEMENT_3D('',#6975,#5512,#5513);
#4698=AXIS2_PLACEMENT_3D('',#6979,#5515,#5516);
#4699=AXIS2_PLACEMENT_3D('',#6981,#5518,#5519);
#4700=AXIS2_PLACEMENT_3D('',#6984,#5521,#5522);
#4701=AXIS2_PLACEMENT_3D('',#6985,#5523,#5524);
#4702=AXIS2_PLACEMENT_3D('',#6989,#5526,#5527);
#4703=AXIS2_PLACEMENT_3D('',#6991,#5529,#5530);
#4704=AXIS2_PLACEMENT_3D('',#6993,#5532,#5533);
#4705=AXIS2_PLACEMENT_3D('',#6997,#5535,#5536);
#4706=AXIS2_PLACEMENT_3D('',#6999,#5538,#5539);
#4707=AXIS2_PLACEMENT_3D('',#7000,#5540,#5541);
#4708=AXIS2_PLACEMENT_3D('',#7001,#5542,#5543);
#4709=AXIS2_PLACEMENT_3D('',#7004,#5545,#5546);
#4710=AXIS2_PLACEMENT_3D('',#7005,#5547,#5548);
#4711=AXIS2_PLACEMENT_3D('',#7007,#5550,#5551);
#4712=AXIS2_PLACEMENT_3D('',#7009,#5552,#5553);
#4713=AXIS2_PLACEMENT_3D('',#7011,#5555,#5556);
#4714=AXIS2_PLACEMENT_3D('',#7013,#5557,#5558);
#4715=AXIS2_PLACEMENT_3D('',#7014,#5559,#5560);
#4716=AXIS2_PLACEMENT_3D('',#7016,#5561,#5562);
#4717=AXIS2_PLACEMENT_3D('',#7018,#5564,#5565);
#4718=AXIS2_PLACEMENT_3D('',#7020,#5566,#5567);
#4719=AXIS2_PLACEMENT_3D('',#7021,#5568,#5569);
#4720=AXIS2_PLACEMENT_3D('',#7023,#5570,#5571);
#4721=AXIS2_PLACEMENT_3D('',#7025,#5573,#5574);
#4722=AXIS2_PLACEMENT_3D('',#7027,#5575,#5576);
#4723=AXIS2_PLACEMENT_3D('',#7028,#5577,#5578);
#4724=AXIS2_PLACEMENT_3D('',#7029,#5579,#5580);
#4725=AXIS2_PLACEMENT_3D('',#7030,#5581,#5582);
#4726=AXIS2_PLACEMENT_3D('',#7031,#5583,#5584);
#4727=AXIS2_PLACEMENT_3D('',#7032,#5585,#5586);
#4728=AXIS2_PLACEMENT_3D('',#7033,#5587,#5588);
#4729=AXIS2_PLACEMENT_3D('',#7034,#5589,#5590);
#4730=AXIS2_PLACEMENT_3D('',#7035,#5591,#5592);
#4731=AXIS2_PLACEMENT_3D('',#7036,#5593,#5594);
#4732=AXIS2_PLACEMENT_3D('',#7037,#5595,#5596);
#4733=AXIS2_PLACEMENT_3D('',#7040,#5598,#5599);
#4734=AXIS2_PLACEMENT_3D('',#7041,#5600,#5601);
#4735=AXIS2_PLACEMENT_3D('',#7043,#5602,#5603);
#4736=AXIS2_PLACEMENT_3D('',#7044,#5604,#5605);
#4737=AXIS2_PLACEMENT_3D('',#7047,#5607,#5608);
#4738=AXIS2_PLACEMENT_3D('',#7048,#5609,#5610);
#4739=AXIS2_PLACEMENT_3D('',#7050,#5611,#5612);
#4740=AXIS2_PLACEMENT_3D('',#7051,#5613,#5614);
#4741=AXIS2_PLACEMENT_3D('',#7054,#5616,#5617);
#4742=AXIS2_PLACEMENT_3D('',#7055,#5618,#5619);
#4743=AXIS2_PLACEMENT_3D('',#7057,#5620,#5621);
#4744=AXIS2_PLACEMENT_3D('',#7058,#5622,#5623);
#4745=AXIS2_PLACEMENT_3D('',#7060,#5625,#5626);
#4746=AXIS2_PLACEMENT_3D('',#7062,#5628,#5629);
#4747=AXIS2_PLACEMENT_3D('',#7064,#5631,#5632);
#4748=AXIS2_PLACEMENT_3D('',#7066,#5633,#5634);
#4749=AXIS2_PLACEMENT_3D('',#7069,#5636,#5637);
#4750=AXIS2_PLACEMENT_3D('',#7070,#5638,#5639);
#4751=AXIS2_PLACEMENT_3D('',#7071,#5640,#5641);
#4752=AXIS2_PLACEMENT_3D('',#7073,#5642,#5643);
#4753=AXIS2_PLACEMENT_3D('',#7076,#5645,#5646);
#4754=AXIS2_PLACEMENT_3D('',#7077,#5647,#5648);
#4755=AXIS2_PLACEMENT_3D('',#7078,#5649,#5650);
#4756=AXIS2_PLACEMENT_3D('',#7080,#5651,#5652);
#4757=AXIS2_PLACEMENT_3D('',#7083,#5654,#5655);
#4758=AXIS2_PLACEMENT_3D('',#7084,#5656,#5657);
#4759=AXIS2_PLACEMENT_3D('',#7085,#5658,#5659);
#4760=AXIS2_PLACEMENT_3D('',#7087,#5660,#5661);
#4761=AXIS2_PLACEMENT_3D('',#7090,#5663,#5664);
#4762=AXIS2_PLACEMENT_3D('',#7091,#5665,#5666);
#4763=AXIS2_PLACEMENT_3D('',#7092,#5667,#5668);
#4764=AXIS2_PLACEMENT_3D('',#7094,#5669,#5670);
#4765=AXIS2_PLACEMENT_3D('',#7097,#5672,#5673);
#4766=AXIS2_PLACEMENT_3D('',#7098,#5674,#5675);
#4767=AXIS2_PLACEMENT_3D('',#7099,#5676,#5677);
#4768=AXIS2_PLACEMENT_3D('',#7101,#5678,#5679);
#4769=AXIS2_PLACEMENT_3D('',#7104,#5681,#5682);
#4770=AXIS2_PLACEMENT_3D('',#7105,#5683,#5684);
#4771=AXIS2_PLACEMENT_3D('',#7106,#5685,#5686);
#4772=AXIS2_PLACEMENT_3D('',#7108,#5687,#5688);
#4773=AXIS2_PLACEMENT_3D('',#7111,#5690,#5691);
#4774=AXIS2_PLACEMENT_3D('',#7112,#5692,#5693);
#4775=AXIS2_PLACEMENT_3D('',#7113,#5694,#5695);
#4776=AXIS2_PLACEMENT_3D('',#7115,#5696,#5697);
#4777=AXIS2_PLACEMENT_3D('',#7118,#5699,#5700);
#4778=AXIS2_PLACEMENT_3D('',#7119,#5701,#5702);
#4779=AXIS2_PLACEMENT_3D('',#7120,#5703,#5704);
#4780=AXIS2_PLACEMENT_3D('',#7122,#5705,#5706);
#4781=AXIS2_PLACEMENT_3D('',#7125,#5708,#5709);
#4782=AXIS2_PLACEMENT_3D('',#7126,#5710,#5711);
#4783=AXIS2_PLACEMENT_3D('',#7127,#5712,#5713);
#4784=AXIS2_PLACEMENT_3D('',#7129,#5714,#5715);
#4785=AXIS2_PLACEMENT_3D('',#7132,#5717,#5718);
#4786=AXIS2_PLACEMENT_3D('',#7133,#5719,#5720);
#4787=AXIS2_PLACEMENT_3D('',#7134,#5721,#5722);
#4788=AXIS2_PLACEMENT_3D('',#7136,#5723,#5724);
#4789=AXIS2_PLACEMENT_3D('',#7139,#5726,#5727);
#4790=AXIS2_PLACEMENT_3D('',#7140,#5728,#5729);
#4791=AXIS2_PLACEMENT_3D('',#7141,#5730,#5731);
#4792=AXIS2_PLACEMENT_3D('',#7143,#5732,#5733);
#4793=AXIS2_PLACEMENT_3D('',#7146,#5735,#5736);
#4794=AXIS2_PLACEMENT_3D('',#7147,#5737,#5738);
#4795=AXIS2_PLACEMENT_3D('',#7148,#5739,#5740);
#4796=AXIS2_PLACEMENT_3D('',#7150,#5741,#5742);
#4797=AXIS2_PLACEMENT_3D('',#7153,#5744,#5745);
#4798=AXIS2_PLACEMENT_3D('',#7154,#5746,#5747);
#4799=AXIS2_PLACEMENT_3D('',#7155,#5748,#5749);
#4800=AXIS2_PLACEMENT_3D('',#7157,#5750,#5751);
#4801=AXIS2_PLACEMENT_3D('',#7160,#5753,#5754);
#4802=AXIS2_PLACEMENT_3D('',#7161,#5755,#5756);
#4803=AXIS2_PLACEMENT_3D('',#7162,#5757,#5758);
#4804=AXIS2_PLACEMENT_3D('',#7164,#5759,#5760);
#4805=AXIS2_PLACEMENT_3D('',#7167,#5762,#5763);
#4806=AXIS2_PLACEMENT_3D('',#7168,#5764,#5765);
#4807=AXIS2_PLACEMENT_3D('',#7169,#5766,#5767);
#4808=AXIS2_PLACEMENT_3D('',#7171,#5768,#5769);
#4809=AXIS2_PLACEMENT_3D('',#7174,#5771,#5772);
#4810=AXIS2_PLACEMENT_3D('',#7175,#5773,#5774);
#4811=AXIS2_PLACEMENT_3D('',#7176,#5775,#5776);
#4812=AXIS2_PLACEMENT_3D('',#7178,#5777,#5778);
#4813=AXIS2_PLACEMENT_3D('',#7181,#5780,#5781);
#4814=AXIS2_PLACEMENT_3D('',#7182,#5782,#5783);
#4815=AXIS2_PLACEMENT_3D('',#7183,#5784,#5785);
#4816=AXIS2_PLACEMENT_3D('',#7185,#5786,#5787);
#4817=AXIS2_PLACEMENT_3D('',#7188,#5789,#5790);
#4818=AXIS2_PLACEMENT_3D('',#7189,#5791,#5792);
#4819=AXIS2_PLACEMENT_3D('',#7190,#5793,#5794);
#4820=AXIS2_PLACEMENT_3D('',#7192,#5795,#5796);
#4821=AXIS2_PLACEMENT_3D('',#7195,#5798,#5799);
#4822=AXIS2_PLACEMENT_3D('',#7196,#5800,#5801);
#4823=AXIS2_PLACEMENT_3D('',#7197,#5802,#5803);
#4824=AXIS2_PLACEMENT_3D('',#7199,#5804,#5805);
#4825=AXIS2_PLACEMENT_3D('',#7202,#5807,#5808);
#4826=AXIS2_PLACEMENT_3D('',#7203,#5809,#5810);
#4827=AXIS2_PLACEMENT_3D('',#7204,#5811,#5812);
#4828=AXIS2_PLACEMENT_3D('',#7206,#5813,#5814);
#4829=AXIS2_PLACEMENT_3D('',#7209,#5816,#5817);
#4830=AXIS2_PLACEMENT_3D('',#7210,#5818,#5819);
#4831=AXIS2_PLACEMENT_3D('',#7211,#5820,#5821);
#4832=AXIS2_PLACEMENT_3D('',#7213,#5822,#5823);
#4833=AXIS2_PLACEMENT_3D('',#7216,#5825,#5826);
#4834=AXIS2_PLACEMENT_3D('',#7217,#5827,#5828);
#4835=AXIS2_PLACEMENT_3D('',#7218,#5829,#5830);
#4836=AXIS2_PLACEMENT_3D('',#7220,#5831,#5832);
#4837=AXIS2_PLACEMENT_3D('',#7223,#5834,#5835);
#4838=AXIS2_PLACEMENT_3D('',#7224,#5836,#5837);
#4839=AXIS2_PLACEMENT_3D('',#7225,#5838,#5839);
#4840=AXIS2_PLACEMENT_3D('',#7227,#5840,#5841);
#4841=AXIS2_PLACEMENT_3D('',#7230,#5843,#5844);
#4842=AXIS2_PLACEMENT_3D('',#7231,#5845,#5846);
#4843=AXIS2_PLACEMENT_3D('',#7232,#5847,#5848);
#4844=AXIS2_PLACEMENT_3D('',#7234,#5849,#5850);
#4845=AXIS2_PLACEMENT_3D('',#7237,#5852,#5853);
#4846=AXIS2_PLACEMENT_3D('',#7238,#5854,#5855);
#4847=AXIS2_PLACEMENT_3D('',#7239,#5856,#5857);
#4848=AXIS2_PLACEMENT_3D('',#7241,#5858,#5859);
#4849=AXIS2_PLACEMENT_3D('',#7244,#5861,#5862);
#4850=AXIS2_PLACEMENT_3D('',#7245,#5863,#5864);
#4851=AXIS2_PLACEMENT_3D('',#7246,#5865,#5866);
#4852=AXIS2_PLACEMENT_3D('',#7248,#5867,#5868);
#4853=AXIS2_PLACEMENT_3D('',#7251,#5870,#5871);
#4854=AXIS2_PLACEMENT_3D('',#7252,#5872,#5873);
#4855=AXIS2_PLACEMENT_3D('',#7253,#5874,#5875);
#4856=AXIS2_PLACEMENT_3D('',#7255,#5876,#5877);
#4857=AXIS2_PLACEMENT_3D('',#7258,#5879,#5880);
#4858=AXIS2_PLACEMENT_3D('',#7259,#5881,#5882);
#4859=AXIS2_PLACEMENT_3D('',#7260,#5883,#5884);
#4860=AXIS2_PLACEMENT_3D('',#7262,#5885,#5886);
#4861=AXIS2_PLACEMENT_3D('',#7265,#5888,#5889);
#4862=AXIS2_PLACEMENT_3D('',#7266,#5890,#5891);
#4863=AXIS2_PLACEMENT_3D('',#7267,#5892,#5893);
#4864=AXIS2_PLACEMENT_3D('',#7269,#5894,#5895);
#4865=AXIS2_PLACEMENT_3D('',#7272,#5897,#5898);
#4866=AXIS2_PLACEMENT_3D('',#7273,#5899,#5900);
#4867=AXIS2_PLACEMENT_3D('',#7274,#5901,#5902);
#4868=AXIS2_PLACEMENT_3D('',#7283,#5907,#5908);
#4869=AXIS2_PLACEMENT_3D('',#7290,#5911,#5912);
#4870=AXIS2_PLACEMENT_3D('',#7294,#5914,#5915);
#4871=AXIS2_PLACEMENT_3D('',#7298,#5917,#5918);
#4872=AXIS2_PLACEMENT_3D('',#7302,#5920,#5921);
#4873=AXIS2_PLACEMENT_3D('',#7324,#5933,#5934);
#4874=AXIS2_PLACEMENT_3D('',#7329,#5936,#5937);
#4875=AXIS2_PLACEMENT_3D('',#7333,#5939,#5940);
#4876=AXIS2_PLACEMENT_3D('',#7337,#5942,#5943);
#4877=AXIS2_PLACEMENT_3D('',#7340,#5945,#5946);
#4878=AXIS2_PLACEMENT_3D('',#7341,#5947,#5948);
#4879=AXIS2_PLACEMENT_3D('',#7343,#5949,#5950);
#4880=AXIS2_PLACEMENT_3D('',#7355,#5957,#5958);
#4881=AXIS2_PLACEMENT_3D('',#7357,#5959,#5960);
#4882=AXIS2_PLACEMENT_3D('',#7359,#5961,#5962);
#4883=AXIS2_PLACEMENT_3D('',#7361,#5963,#5964);
#4884=AXIS2_PLACEMENT_3D('',#7363,#5965,#5966);
#4885=AXIS2_PLACEMENT_3D('',#7364,#5967,#5968);
#4886=AXIS2_PLACEMENT_3D('',#7371,#5972,#5973);
#4887=AXIS2_PLACEMENT_3D('',#7373,#5974,#5975);
#4888=AXIS2_PLACEMENT_3D('',#7375,#5976,#5977);
#4889=AXIS2_PLACEMENT_3D('',#7380,#5980,#5981);
#4890=AXIS2_PLACEMENT_3D('',#7381,#5982,#5983);
#4891=AXIS2_PLACEMENT_3D('',#7384,#5986,#5987);
#4892=AXIS2_PLACEMENT_3D('',#7386,#5989,#5990);
#4893=AXIS2_PLACEMENT_3D('',#7388,#5992,#5993);
#4894=AXIS2_PLACEMENT_3D('',#7390,#5995,#5996);
#4895=AXIS2_PLACEMENT_3D('',#7392,#5998,#5999);
#4896=AXIS2_PLACEMENT_3D('',#7394,#6001,#6002);
#4897=AXIS2_PLACEMENT_3D('',#7396,#6004,#6005);
#4898=AXIS2_PLACEMENT_3D('',#7402,#6009,#6010);
#4899=AXIS2_PLACEMENT_3D('',#7406,#6013,#6014);
#4900=AXIS2_PLACEMENT_3D('',#7412,#6017,#6018);
#4901=AXIS2_PLACEMENT_3D('',#7422,#6024,#6025);
#4902=AXIS2_PLACEMENT_3D('',#7423,#6026,#6027);
#4903=AXIS2_PLACEMENT_3D('',#7427,#6030,#6031);
#4904=AXIS2_PLACEMENT_3D('',#7429,#6033,#6034);
#4905=AXIS2_PLACEMENT_3D('',#7431,#6035,#6036);
#4906=AXIS2_PLACEMENT_3D('',#7433,#6037,#6038);
#4907=AXIS2_PLACEMENT_3D('',#7435,#6039,#6040);
#4908=AXIS2_PLACEMENT_3D('',#7436,#6041,#6042);
#4909=AXIS2_PLACEMENT_3D('',#7437,#6043,#6044);
#4910=AXIS2_PLACEMENT_3D('',#7448,#6050,#6051);
#4911=AXIS2_PLACEMENT_3D('',#7450,#6052,#6053);
#4912=AXIS2_PLACEMENT_3D('',#7452,#6054,#6055);
#4913=AXIS2_PLACEMENT_3D('',#7453,#6056,#6057);
#4914=AXIS2_PLACEMENT_3D('',#7455,#6059,#6060);
#4915=AXIS2_PLACEMENT_3D('',#7457,#6061,#6062);
#4916=AXIS2_PLACEMENT_3D('',#7459,#6063,#6064);
#4917=AXIS2_PLACEMENT_3D('',#7460,#6065,#6066);
#4918=AXIS2_PLACEMENT_3D('',#7461,#6067,#6068);
#4919=AXIS2_PLACEMENT_3D('',#7463,#6070,#6071);
#4920=AXIS2_PLACEMENT_3D('',#7467,#6074,#6075);
#4921=AXIS2_PLACEMENT_3D('',#7469,#6077,#6078);
#4922=AXIS2_PLACEMENT_3D('',#7471,#6080,#6081);
#4923=AXIS2_PLACEMENT_3D('',#7475,#6084,#6085);
#4924=AXIS2_PLACEMENT_3D('',#7486,#6092,#6093);
#4925=AXIS2_PLACEMENT_3D('',#7488,#6095,#6096);
#4926=AXIS2_PLACEMENT_3D('',#7492,#6099,#6100);
#4927=AXIS2_PLACEMENT_3D('',#7493,#6101,#6102);
#4928=AXIS2_PLACEMENT_3D('',#7494,#6103,#6104);
#4929=AXIS2_PLACEMENT_3D('',#7498,#6107,#6108);
#4930=AXIS2_PLACEMENT_3D('',#7500,#6109,#6110);
#4931=AXIS2_PLACEMENT_3D('',#7502,#6112,#6113);
#4932=AXIS2_PLACEMENT_3D('',#7505,#6116,#6117);
#4933=AXIS2_PLACEMENT_3D('',#7509,#6120,#6121);
#4934=AXIS2_PLACEMENT_3D('',#7511,#6123,#6124);
#4935=AXIS2_PLACEMENT_3D('',#7513,#6126,#6127);
#4936=AXIS2_PLACEMENT_3D('',#7514,#6128,#6129);
#4937=AXIS2_PLACEMENT_3D('',#7515,#6130,#6131);
#4938=AXIS2_PLACEMENT_3D('',#7517,#6133,#6134);
#4939=AXIS2_PLACEMENT_3D('',#7519,#6136,#6137);
#4940=AXIS2_PLACEMENT_3D('',#7521,#6139,#6140);
#4941=AXIS2_PLACEMENT_3D('',#7523,#6142,#6143);
#4942=AXIS2_PLACEMENT_3D('',#7524,#6144,#6145);
#4943=AXIS2_PLACEMENT_3D('',#7525,#6146,#6147);
#4944=AXIS2_PLACEMENT_3D('',#7529,#6149,#6150);
#4945=AXIS2_PLACEMENT_3D('',#7531,#6152,#6153);
#4946=AXIS2_PLACEMENT_3D('',#7538,#6156,#6157);
#4947=AXIS2_PLACEMENT_3D('',#7542,#6159,#6160);
#4948=AXIS2_PLACEMENT_3D('',#7544,#6162,#6163);
#4949=AXIS2_PLACEMENT_3D('',#7547,#6166,#6167);
#4950=AXIS2_PLACEMENT_3D('',#7550,#6169,#6170);
#4951=AXIS2_PLACEMENT_3D('',#7552,#6171,#6172);
#4952=AXIS2_PLACEMENT_3D('',#7554,#6173,#6174);
#4953=AXIS2_PLACEMENT_3D('',#7556,#6175,#6176);
#4954=AXIS2_PLACEMENT_3D('',#7561,#6178,#6179);
#4955=AXIS2_PLACEMENT_3D('',#7563,#6180,#6181);
#4956=AXIS2_PLACEMENT_3D('',#7565,#6182,#6183);
#4957=AXIS2_PLACEMENT_3D('',#7569,#6185,#6186);
#4958=AXIS2_PLACEMENT_3D('',#7571,#6187,#6188);
#4959=AXIS2_PLACEMENT_3D('',#7572,#6189,#6190);
#4960=AXIS2_PLACEMENT_3D('',#7575,#6191,#6192);
#4961=AXIS2_PLACEMENT_3D('',#7577,#6193,#6194);
#4962=AXIS2_PLACEMENT_3D('',#7581,#6196,#6197);
#4963=AXIS2_PLACEMENT_3D('',#7583,#6198,#6199);
#4964=AXIS2_PLACEMENT_3D('',#7585,#6200,#6201);
#4965=AXIS2_PLACEMENT_3D('',#7588,#6203,#6204);
#4966=AXIS2_PLACEMENT_3D('',#7593,#6206,#6207);
#4967=AXIS2_PLACEMENT_3D('',#7595,#6208,#6209);
#4968=AXIS2_PLACEMENT_3D('',#7597,#6210,#6211);
#4969=AXIS2_PLACEMENT_3D('',#7601,#6213,#6214);
#4970=AXIS2_PLACEMENT_3D('',#7603,#6215,#6216);
#4971=AXIS2_PLACEMENT_3D('',#7604,#6217,#6218);
#4972=AXIS2_PLACEMENT_3D('',#7605,#6219,#6220);
#4973=AXIS2_PLACEMENT_3D('',#7608,#6222,#6223);
#4974=AXIS2_PLACEMENT_3D('',#7609,#6224,#6225);
#4975=AXIS2_PLACEMENT_3D('',#7613,#6227,#6228);
#4976=AXIS2_PLACEMENT_3D('',#7619,#6231,#6232);
#4977=AXIS2_PLACEMENT_3D('',#7621,#6233,#6234);
#4978=AXIS2_PLACEMENT_3D('',#7623,#6235,#6236);
#4979=AXIS2_PLACEMENT_3D('',#7627,#6238,#6239);
#4980=AXIS2_PLACEMENT_3D('',#7629,#6240,#6241);
#4981=AXIS2_PLACEMENT_3D('',#7630,#6242,#6243);
#4982=AXIS2_PLACEMENT_3D('',#7633,#6244,#6245);
#4983=AXIS2_PLACEMENT_3D('',#7635,#6246,#6247);
#4984=AXIS2_PLACEMENT_3D('',#7639,#6249,#6250);
#4985=AXIS2_PLACEMENT_3D('',#7641,#6251,#6252);
#4986=AXIS2_PLACEMENT_3D('',#7643,#6253,#6254);
#4987=AXIS2_PLACEMENT_3D('',#7646,#6256,#6257);
#4988=AXIS2_PLACEMENT_3D('',#7651,#6259,#6260);
#4989=AXIS2_PLACEMENT_3D('',#7653,#6261,#6262);
#4990=AXIS2_PLACEMENT_3D('',#7655,#6263,#6264);
#4991=AXIS2_PLACEMENT_3D('',#7659,#6266,#6267);
#4992=AXIS2_PLACEMENT_3D('',#7661,#6268,#6269);
#4993=AXIS2_PLACEMENT_3D('',#7662,#6270,#6271);
#4994=AXIS2_PLACEMENT_3D('',#7664,#6272,#6273);
#4995=AXIS2_PLACEMENT_3D('',#7666,#6274,#6275);
#4996=AXIS2_PLACEMENT_3D('',#7668,#6276,#6277);
#4997=AXIS2_PLACEMENT_3D('',#7669,#6278,#6279);
#4998=AXIS2_PLACEMENT_3D('',#7673,#6282,#6283);
#4999=AXIS2_PLACEMENT_3D('',#7674,#6284,#6285);
#5000=AXIS2_PLACEMENT_3D('',#7675,#6286,#6287);
#5001=AXIS2_PLACEMENT_3D('',#7679,#6290,#6291);
#5002=AXIS2_PLACEMENT_3D('',#7680,#6292,#6293);
#5003=AXIS2_PLACEMENT_3D('',#7681,#6294,#6295);
#5004=AXIS2_PLACEMENT_3D('',#7682,#6296,#6297);
#5005=AXIS2_PLACEMENT_3D('',#7683,#6298,#6299);
#5006=AXIS2_PLACEMENT_3D('',#7684,#6300,#6301);
#5007=AXIS2_PLACEMENT_3D('',#7685,#6302,#6303);
#5008=AXIS2_PLACEMENT_3D('',#7686,#6304,#6305);
#5009=AXIS2_PLACEMENT_3D('',#7690,#6307,#6308);
#5010=AXIS2_PLACEMENT_3D('',#7692,#6310,#6311);
#5011=AXIS2_PLACEMENT_3D('',#7694,#6312,#6313);
#5012=AXIS2_PLACEMENT_3D('',#7696,#6315,#6316);
#5013=AXIS2_PLACEMENT_3D('',#7700,#6318,#6319);
#5014=AXIS2_PLACEMENT_3D('',#7702,#6321,#6322);
#5015=AXIS2_PLACEMENT_3D('',#7705,#6324,#6325);
#5016=AXIS2_PLACEMENT_3D('',#7707,#6326,#6327);
#5017=AXIS2_PLACEMENT_3D('',#7710,#6329,#6330);
#5018=AXIS2_PLACEMENT_3D('',#7711,#6331,#6332);
#5019=AXIS2_PLACEMENT_3D('',#7713,#6334,#6335);
#5020=AXIS2_PLACEMENT_3D('',#7717,#6337,#6338);
#5021=AXIS2_PLACEMENT_3D('',#7719,#6340,#6341);
#5022=AXIS2_PLACEMENT_3D('',#7721,#6342,#6343);
#5023=AXIS2_PLACEMENT_3D('',#7723,#6345,#6346);
#5024=AXIS2_PLACEMENT_3D('',#7727,#6348,#6349);
#5025=AXIS2_PLACEMENT_3D('',#7729,#6351,#6352);
#5026=AXIS2_PLACEMENT_3D('',#7732,#6354,#6355);
#5027=AXIS2_PLACEMENT_3D('',#7734,#6356,#6357);
#5028=AXIS2_PLACEMENT_3D('',#7737,#6359,#6360);
#5029=AXIS2_PLACEMENT_3D('',#7738,#6361,#6362);
#5030=AXIS2_PLACEMENT_3D('',#7740,#6364,#6365);
#5031=AXIS2_PLACEMENT_3D('',#7744,#6367,#6368);
#5032=AXIS2_PLACEMENT_3D('',#7746,#6370,#6371);
#5033=AXIS2_PLACEMENT_3D('',#7748,#6372,#6373);
#5034=AXIS2_PLACEMENT_3D('',#7750,#6375,#6376);
#5035=AXIS2_PLACEMENT_3D('',#7754,#6378,#6379);
#5036=AXIS2_PLACEMENT_3D('',#7756,#6381,#6382);
#5037=AXIS2_PLACEMENT_3D('',#7759,#6384,#6385);
#5038=AXIS2_PLACEMENT_3D('',#7761,#6386,#6387);
#5039=AXIS2_PLACEMENT_3D('',#7764,#6389,#6390);
#5040=AXIS2_PLACEMENT_3D('',#7765,#6391,#6392);
#5041=AXIS2_PLACEMENT_3D('',#7767,#6394,#6395);
#5042=AXIS2_PLACEMENT_3D('',#7769,#6397,#6398);
#5043=AXIS2_PLACEMENT_3D('',#7771,#6400,#6401);
#5044=AXIS2_PLACEMENT_3D('',#7773,#6403,#6404);
#5045=AXIS2_PLACEMENT_3D('',#7775,#6406,#6407);
#5046=AXIS2_PLACEMENT_3D('',#7777,#6409,#6410);
#5047=AXIS2_PLACEMENT_3D('',#7779,#6412,#6413);
#5048=AXIS2_PLACEMENT_3D('',#7783,#6415,#6416);
#5049=AXIS2_PLACEMENT_3D('',#7785,#6418,#6419);
#5050=AXIS2_PLACEMENT_3D('',#7789,#6422,#6423);
#5051=AXIS2_PLACEMENT_3D('',#7792,#6425,#6426);
#5052=AXIS2_PLACEMENT_3D('',#7793,#6427,#6428);
#5053=AXIS2_PLACEMENT_3D('',#7796,#6430,#6431);
#5054=AXIS2_PLACEMENT_3D('',#7797,#6432,#6433);
#5055=AXIS2_PLACEMENT_3D('',#7800,#6435,#6436);
#5056=AXIS2_PLACEMENT_3D('',#7801,#6437,#6438);
#5057=AXIS2_PLACEMENT_3D('',#7805,#6441,#6442);
#5058=AXIS2_PLACEMENT_3D('',#7808,#6444,#6445);
#5059=AXIS2_PLACEMENT_3D('',#7809,#6446,#6447);
#5060=AXIS2_PLACEMENT_3D('',#7810,#6448,#6449);
#5061=AXIS2_PLACEMENT_3D('',#7811,#6450,#6451);
#5062=AXIS2_PLACEMENT_3D('',#7815,#6453,#6454);
#5063=AXIS2_PLACEMENT_3D('',#7817,#6456,#6457);
#5064=AXIS2_PLACEMENT_3D('',#7821,#6460,#6461);
#5065=AXIS2_PLACEMENT_3D('',#7825,#6463,#6464);
#5066=AXIS2_PLACEMENT_3D('',#7827,#6466,#6467);
#5067=AXIS2_PLACEMENT_3D('',#7828,#6468,#6469);
#5068=AXIS2_PLACEMENT_3D('',#7829,#6470,#6471);
#5069=AXIS2_PLACEMENT_3D('',#7832,#6473,#6474);
#5070=AXIS2_PLACEMENT_3D('',#7833,#6475,#6476);
#5071=AXIS2_PLACEMENT_3D('',#7836,#6478,#6479);
#5072=AXIS2_PLACEMENT_3D('',#7837,#6480,#6481);
#5073=AXIS2_PLACEMENT_3D('',#7840,#6483,#6484);
#5074=AXIS2_PLACEMENT_3D('',#7841,#6485,#6486);
#5075=AXIS2_PLACEMENT_3D('',#7843,#6488,#6489);
#5076=AXIS2_PLACEMENT_3D('',#7847,#6491,#6492);
#5077=AXIS2_PLACEMENT_3D('',#7849,#6494,#6495);
#5078=AXIS2_PLACEMENT_3D('',#7852,#6497,#6498);
#5079=AXIS2_PLACEMENT_3D('',#7853,#6499,#6500);
#5080=AXIS2_PLACEMENT_3D('',#7857,#6502,#6503);
#5081=AXIS2_PLACEMENT_3D('',#7859,#6505,#6506);
#5082=AXIS2_PLACEMENT_3D('',#7861,#6508,#6509);
#5083=AXIS2_PLACEMENT_3D('',#7865,#6511,#6512);
#5084=AXIS2_PLACEMENT_3D('',#7867,#6514,#6515);
#5085=AXIS2_PLACEMENT_3D('',#7868,#6516,#6517);
#5086=AXIS2_PLACEMENT_3D('',#7869,#6518,#6519);
#5087=AXIS2_PLACEMENT_3D('',#7872,#6521,#6522);
#5088=AXIS2_PLACEMENT_3D('',#7873,#6523,#6524);
#5089=AXIS2_PLACEMENT_3D('',#7875,#6526,#6527);
#5090=AXIS2_PLACEMENT_3D('',#7877,#6528,#6529);
#5091=AXIS2_PLACEMENT_3D('',#7879,#6531,#6532);
#5092=AXIS2_PLACEMENT_3D('',#7881,#6533,#6534);
#5093=AXIS2_PLACEMENT_3D('',#7882,#6535,#6536);
#5094=AXIS2_PLACEMENT_3D('',#7884,#6537,#6538);
#5095=AXIS2_PLACEMENT_3D('',#7886,#6540,#6541);
#5096=AXIS2_PLACEMENT_3D('',#7888,#6542,#6543);
#5097=AXIS2_PLACEMENT_3D('',#7889,#6544,#6545);
#5098=AXIS2_PLACEMENT_3D('',#7891,#6546,#6547);
#5099=AXIS2_PLACEMENT_3D('',#7893,#6549,#6550);
#5100=AXIS2_PLACEMENT_3D('',#7895,#6551,#6552);
#5101=AXIS2_PLACEMENT_3D('',#7896,#6553,#6554);
#5102=AXIS2_PLACEMENT_3D('',#7897,#6555,#6556);
#5103=AXIS2_PLACEMENT_3D('',#7898,#6557,#6558);
#5104=AXIS2_PLACEMENT_3D('',#7899,#6559,#6560);
#5105=AXIS2_PLACEMENT_3D('',#7900,#6561,#6562);
#5106=AXIS2_PLACEMENT_3D('',#7901,#6563,#6564);
#5107=AXIS2_PLACEMENT_3D('',#7902,#6565,#6566);
#5108=AXIS2_PLACEMENT_3D('',#7903,#6567,#6568);
#5109=AXIS2_PLACEMENT_3D('',#7904,#6569,#6570);
#5110=AXIS2_PLACEMENT_3D('',#7905,#6571,#6572);
#5111=AXIS2_PLACEMENT_3D('',#7908,#6574,#6575);
#5112=AXIS2_PLACEMENT_3D('',#7909,#6576,#6577);
#5113=AXIS2_PLACEMENT_3D('',#7911,#6578,#6579);
#5114=AXIS2_PLACEMENT_3D('',#7912,#6580,#6581);
#5115=AXIS2_PLACEMENT_3D('',#7915,#6583,#6584);
#5116=AXIS2_PLACEMENT_3D('',#7916,#6585,#6586);
#5117=AXIS2_PLACEMENT_3D('',#7918,#6587,#6588);
#5118=AXIS2_PLACEMENT_3D('',#7919,#6589,#6590);
#5119=AXIS2_PLACEMENT_3D('',#7922,#6592,#6593);
#5120=AXIS2_PLACEMENT_3D('',#7923,#6594,#6595);
#5121=AXIS2_PLACEMENT_3D('',#7925,#6596,#6597);
#5122=AXIS2_PLACEMENT_3D('',#7926,#6598,#6599);
#5123=AXIS2_PLACEMENT_3D('',#7928,#6601,#6602);
#5124=AXIS2_PLACEMENT_3D('',#7930,#6604,#6605);
#5125=DIRECTION('axis',(0.,0.,1.));
#5126=DIRECTION('refdir',(1.,0.,0.));
#5127=DIRECTION('center_axis',(2.83821078795155E-6,-0.99999999999118,3.09586156538992E-6));
#5128=DIRECTION('ref_axis',(0.,-3.09586156540239E-6,-0.999999999995208));
#5129=DIRECTION('',(0.999999999995972,2.83821078796516E-6,8.30421297078216E-17));
#5130=DIRECTION('',(0.717667730797758,-1.19021394313358E-7,-0.696385689235198));
#5131=DIRECTION('',(2.68769827126646E-5,3.09593784679198E-6,0.999999999634022));
#5132=DIRECTION('',(-0.717667730797758,1.19021394358407E-7,0.696385689235199));
#5133=DIRECTION('center_axis',(0.999999999634786,2.83812757949506E-6,-2.68769914993518E-5));
#5134=DIRECTION('ref_axis',(2.68769827126646E-5,3.09593784679198E-6,0.999999999634022));
#5135=DIRECTION('center_axis',(-0.999999999915182,-2.83817143498618E-6,
1.27114753020577E-5));
#5136=DIRECTION('ref_axis',(1.09952822669344E-5,-0.707104592015022,0.707108970265809));
#5137=DIRECTION('',(-2.8382107881697E-6,0.99999999999118,-3.09586156535552E-6));
#5138=DIRECTION('center_axis',(-0.999999999915182,-2.83817143498618E-6,
1.27114753020577E-5));
#5139=DIRECTION('ref_axis',(6.98144607763576E-6,0.707108970275106,0.707104592056747));
#5140=DIRECTION('',(2.68769827126646E-5,3.09593784679198E-6,0.999999999634022));
#5141=DIRECTION('',(2.83821078795155E-6,-0.99999999999118,3.09586156538992E-6));
#5142=DIRECTION('',(2.83821078795155E-6,-0.99999999999118,3.09586156538992E-6));
#5143=DIRECTION('center_axis',(-0.999999999915182,-2.83817143498618E-6,
1.27114753020577E-5));
#5144=DIRECTION('ref_axis',(1.09952822669344E-5,-0.707104592015022,0.707108970265809));
#5145=DIRECTION('',(-2.8382107881697E-6,0.99999999999118,-3.09586156535552E-6));
#5146=DIRECTION('center_axis',(-0.999999999915182,-2.83817143498618E-6,
1.27114753020577E-5));
#5147=DIRECTION('ref_axis',(6.98144607763576E-6,0.707108970275106,0.707104592056747));
#5148=DIRECTION('',(2.83821078795155E-6,-0.99999999999118,3.09586156538992E-6));
#5149=DIRECTION('center_axis',(0.696385689229425,4.1982893202598E-6,0.71766773079109));
#5150=DIRECTION('ref_axis',(-0.717667730797758,1.19021394358406E-7,0.696385689235199));
#5151=DIRECTION('',(-6.02868408194047E-6,0.999999999981828,-8.84716588763439E-16));
#5152=DIRECTION('',(-0.717667730797758,1.19021394358406E-7,0.696385689235199));
#5153=DIRECTION('center_axis',(-0.696385689229425,-4.1982893202598E-6,-0.717667730791091));
#5154=DIRECTION('ref_axis',(0.717667730797758,-1.19021394313358E-7,-0.696385689235198));
#5155=DIRECTION('center_axis',(-0.696385689229425,-4.1982893202598E-6,-0.717667730791091));
#5156=DIRECTION('ref_axis',(-0.717667730797758,1.19021394313851E-7,0.696385689235198));
#5157=DIRECTION('center_axis',(-0.696385689229425,-4.1982893202598E-6,-0.717667730791091));
#5158=DIRECTION('ref_axis',(-0.717667730797758,1.19021394072251E-7,0.696385689235198));
#5159=DIRECTION('',(-2.838210787987E-6,0.99999999999118,-3.09586156535553E-6));
#5160=DIRECTION('center_axis',(-0.696385689229425,-4.1982893202598E-6,-0.717667730791091));
#5161=DIRECTION('ref_axis',(-0.717667730797758,1.19021394313851E-7,0.696385689235198));
#5162=DIRECTION('',(6.02868408194047E-6,-0.999999999981828,8.84716588763439E-16));
#5163=DIRECTION('',(-0.717667730797758,1.19021394313358E-7,0.696385689235198));
#5164=DIRECTION('center_axis',(-0.696385689229425,-4.1982893202598E-6,-0.717667730791091));
#5165=DIRECTION('ref_axis',(-0.717667730797758,1.19021394072251E-7,0.696385689235198));
#5166=DIRECTION('',(-2.838210787987E-6,0.99999999999118,-3.09586156535553E-6));
#5167=DIRECTION('center_axis',(-2.83821078786735E-6,0.99999999999118,-3.09586156535541E-6));
#5168=DIRECTION('ref_axis',(-0.999999999995972,-2.83821078788095E-6,-4.68087928753528E-22));
#5169=DIRECTION('',(-0.999999999995972,-2.83821078788095E-6,-8.30421297078217E-17));
#5170=DIRECTION('center_axis',(-0.999999999634786,-2.83812757956042E-6,
2.68769914891945E-5));
#5171=DIRECTION('ref_axis',(1.69979786321315E-5,0.707108970339006,0.707104591823005));
#5172=DIRECTION('',(-0.999999999634786,-2.83812757956042E-6,2.68769914891945E-5));
#5173=DIRECTION('center_axis',(-0.999999999634786,-2.83812757956042E-6,
2.68769914891945E-5));
#5174=DIRECTION('ref_axis',(2.68769827025074E-5,3.09593784679207E-6,0.999999999634021));
#5175=DIRECTION('',(0.999999999634786,2.83812757956042E-6,-2.68769914891945E-5));
#5176=DIRECTION('center_axis',(-0.999999999634786,-2.83812757971322E-6,
2.68769914943616E-5));
#5177=DIRECTION('ref_axis',(2.68769827076745E-5,3.09593784679196E-6,0.999999999634022));
#5178=DIRECTION('',(2.83821078801855E-6,-0.99999999999118,3.09586156535541E-6));
#5179=DIRECTION('',(2.68769827076745E-5,3.09593784679196E-6,0.999999999634022));
#5180=DIRECTION('center_axis',(-0.999999999634786,-2.83812757971322E-6,
2.68769914943616E-5));
#5181=DIRECTION('ref_axis',(-1.69979786321315E-5,-0.707108970339006,-0.707104591823005));
#5182=DIRECTION('',(2.8382107881697E-6,-0.99999999999118,3.09586156535552E-6));
#5183=DIRECTION('center_axis',(-0.999999999634786,-2.83812757971322E-6,
2.68769914943616E-5));
#5184=DIRECTION('ref_axis',(-2.10118148214104E-5,0.707104592022066,-0.707108970032067));
#5185=DIRECTION('',(-2.68769827076745E-5,-3.09593784679196E-6,-0.999999999634022));
#5186=DIRECTION('center_axis',(-0.999999999915182,-2.83817143498618E-6,
1.27114753020577E-5));
#5187=DIRECTION('ref_axis',(1.27114665153597E-5,3.09589764293918E-6,0.999999999914417));
#5188=DIRECTION('',(1.27114665153597E-5,3.09589764293915E-6,0.999999999914417));
#5189=DIRECTION('',(-1.27114665153597E-5,-3.09589764293915E-6,-0.999999999914417));
#5190=DIRECTION('center_axis',(2.83821078801855E-6,-0.99999999999118,3.09586156535541E-6));
#5191=DIRECTION('ref_axis',(2.68769827025108E-5,3.09593784679195E-6,0.999999999634022));
#5192=DIRECTION('',(0.999999999634786,2.83812757956042E-6,-2.68769914891945E-5));
#5193=DIRECTION('center_axis',(2.83821078801855E-6,-0.99999999999118,3.09586156535541E-6));
#5194=DIRECTION('ref_axis',(-0.999999999634786,-2.83812757956208E-6,2.68769914892544E-5));
#5195=DIRECTION('center_axis',(2.83821078801855E-6,-0.99999999999118,3.09586156535541E-6));
#5196=DIRECTION('ref_axis',(-2.68769827025108E-5,-3.09593784679195E-6,-0.999999999634021));
#5197=DIRECTION('center_axis',(2.83821078801855E-6,-0.99999999999118,3.09586156535541E-6));
#5198=DIRECTION('ref_axis',(-2.68769827025108E-5,-3.09593784679195E-6,-0.999999999634021));
#5199=DIRECTION('center_axis',(2.83821078801855E-6,-0.99999999999118,3.09586156535541E-6));
#5200=DIRECTION('ref_axis',(-2.68769827025108E-5,-3.09593784679195E-6,-0.999999999634021));
#5201=DIRECTION('',(0.999999999634786,2.83812757956042E-6,-2.68769914891945E-5));
#5202=DIRECTION('center_axis',(-2.83821078801855E-6,0.99999999999118,-3.09586156535541E-6));
#5203=DIRECTION('ref_axis',(0.917652255317107,1.37424352987238E-6,-0.397384370993046));
#5204=DIRECTION('center_axis',(-2.83821078801855E-6,0.99999999999118,-3.09586156535541E-6));
#5205=DIRECTION('ref_axis',(-0.628518456505201,6.24076763166673E-7,0.777794670740248));
#5206=DIRECTION('center_axis',(-2.83821078801855E-6,0.99999999999118,-3.09586156535541E-6));
#5207=DIRECTION('ref_axis',(0.917673614977133,3.8346454419953E-6,0.397335042955057));
#5208=DIRECTION('',(-0.999999999634786,-2.83812757956042E-6,2.68769914891945E-5));
#5209=DIRECTION('center_axis',(-2.83821078801855E-6,0.99999999999118,-3.09586156535541E-6));
#5210=DIRECTION('ref_axis',(-0.917652255317107,-1.37424352987238E-6,0.397384370993046));
#5211=DIRECTION('center_axis',(-2.83821078801855E-6,0.99999999999118,-3.09586156535541E-6));
#5212=DIRECTION('ref_axis',(0.628518456505201,-6.24076763166673E-7,-0.777794670740248));
#5213=DIRECTION('center_axis',(-2.83821078801855E-6,0.99999999999118,-3.09586156535541E-6));
#5214=DIRECTION('ref_axis',(-0.917673614977133,-3.8346454419953E-6,-0.397335042955057));
#5215=DIRECTION('center_axis',(-2.83821078801855E-6,0.99999999999118,-3.09586156535541E-6));
#5216=DIRECTION('ref_axis',(0.628518456505201,-6.24076763166673E-7,-0.777794670740248));
#5217=DIRECTION('center_axis',(-2.83821078801855E-6,0.99999999999118,-3.09586156535541E-6));
#5218=DIRECTION('ref_axis',(-0.917673614977133,-3.8346454419953E-6,-0.397335042955057));
#5219=DIRECTION('',(0.999999999634786,2.83812757956042E-6,-2.68769914891945E-5));
#5220=DIRECTION('center_axis',(-2.83821078801855E-6,0.99999999999118,-3.09586156535541E-6));
#5221=DIRECTION('ref_axis',(0.917652255317107,1.37424352987238E-6,-0.397384370993046));
#5222=DIRECTION('center_axis',(-2.83821078801855E-6,0.99999999999118,-3.09586156535541E-6));
#5223=DIRECTION('ref_axis',(-0.628518456505201,6.24076763166673E-7,0.777794670740248));
#5224=DIRECTION('center_axis',(-2.83821078801855E-6,0.99999999999118,-3.09586156535541E-6));
#5225=DIRECTION('ref_axis',(0.917673614977133,3.8346454419953E-6,0.397335042955057));
#5226=DIRECTION('',(-0.999999999634786,-2.83812757956042E-6,2.68769914891945E-5));
#5227=DIRECTION('center_axis',(-2.83821078801855E-6,0.99999999999118,-3.09586156535541E-6));
#5228=DIRECTION('ref_axis',(-0.917652255317107,-1.37424352987238E-6,0.397384370993046));
#5229=DIRECTION('',(0.999999999634786,2.83812757956042E-6,-2.68769914891945E-5));
#5230=DIRECTION('center_axis',(-2.83821078801855E-6,0.99999999999118,-3.09586156535541E-6));
#5231=DIRECTION('ref_axis',(0.917652255317107,1.37424352987238E-6,-0.397384370993046));
#5232=DIRECTION('center_axis',(-2.83821078801855E-6,0.99999999999118,-3.09586156535541E-6));
#5233=DIRECTION('ref_axis',(-0.628518456505201,6.24076763166673E-7,0.777794670740248));
#5234=DIRECTION('center_axis',(-2.83821078801855E-6,0.99999999999118,-3.09586156535541E-6));
#5235=DIRECTION('ref_axis',(0.917673614977133,3.8346454419953E-6,0.397335042955057));
#5236=DIRECTION('',(-0.999999999634786,-2.83812757956042E-6,2.68769914891945E-5));
#5237=DIRECTION('center_axis',(-2.83821078801855E-6,0.99999999999118,-3.09586156535541E-6));
#5238=DIRECTION('ref_axis',(-0.917652255317107,-1.37424352987238E-6,0.397384370993046));
#5239=DIRECTION('center_axis',(-2.83821078801855E-6,0.99999999999118,-3.09586156535541E-6));
#5240=DIRECTION('ref_axis',(0.628518456505201,-6.24076763166673E-7,-0.777794670740248));
#5241=DIRECTION('center_axis',(-2.83821078801855E-6,0.99999999999118,-3.09586156535541E-6));
#5242=DIRECTION('ref_axis',(-0.917673614977133,-3.8346454419953E-6,-0.397335042955057));
#5243=DIRECTION('center_axis',(0.999999999634786,2.83812757956042E-6,-2.68769914891945E-5));
#5244=DIRECTION('ref_axis',(-2.10118148214104E-5,0.707104592022066,-0.707108970032067));
#5245=DIRECTION('',(-0.999999999634786,-2.83812757956042E-6,2.68769914891945E-5));
#5246=DIRECTION('center_axis',(-0.999999999634786,-2.83812757956042E-6,
2.68769914891945E-5));
#5247=DIRECTION('ref_axis',(-2.83821078801688E-6,0.99999999999118,-3.09586156535541E-6));
#5248=DIRECTION('center_axis',(2.83821078801855E-6,-0.99999999999118,3.09586156535541E-6));
#5249=DIRECTION('ref_axis',(2.68769827025108E-5,3.09593784679195E-6,0.999999999634022));
#5250=DIRECTION('',(0.999999999634786,2.83812757956042E-6,-2.68769914891945E-5));
#5251=DIRECTION('center_axis',(-2.83821078801855E-6,0.99999999999118,-3.09586156535541E-6));
#5252=DIRECTION('ref_axis',(-0.999999999634786,-2.83812757956208E-6,2.68769914892544E-5));
#5253=DIRECTION('',(-0.999999999634786,-2.83812757956041E-6,2.68769914891945E-5));
#5254=DIRECTION('',(-0.999999999634786,-2.83812757956042E-6,2.68769914891945E-5));
#5255=DIRECTION('center_axis',(2.83821078801855E-6,-0.99999999999118,3.09586156535541E-6));
#5256=DIRECTION('ref_axis',(-0.917673614977133,-3.8346454419953E-6,-0.397335042955057));
#5257=DIRECTION('center_axis',(2.83821078801855E-6,-0.99999999999118,3.09586156535541E-6));
#5258=DIRECTION('ref_axis',(0.628518456505201,-6.24076763166673E-7,-0.777794670740248));
#5259=DIRECTION('center_axis',(2.83821078801855E-6,-0.99999999999118,3.09586156535541E-6));
#5260=DIRECTION('ref_axis',(-0.917652255317107,-1.37424352987238E-6,0.397384370993046));
#5261=DIRECTION('',(0.999999999634786,2.83812757956042E-6,-2.68769914891945E-5));
#5262=DIRECTION('center_axis',(2.83821078801855E-6,-0.99999999999118,3.09586156535541E-6));
#5263=DIRECTION('ref_axis',(0.917673614977133,3.8346454419953E-6,0.397335042955057));
#5264=DIRECTION('center_axis',(2.83821078801855E-6,-0.99999999999118,3.09586156535541E-6));
#5265=DIRECTION('ref_axis',(-0.628518456505201,6.24076763166673E-7,0.777794670740248));
#5266=DIRECTION('center_axis',(2.83821078801855E-6,-0.99999999999118,3.09586156535541E-6));
#5267=DIRECTION('ref_axis',(0.917652255317107,1.37424352987238E-6,-0.397384370993046));
#5268=DIRECTION('center_axis',(2.83821078801855E-6,-0.99999999999118,3.09586156535541E-6));
#5269=DIRECTION('ref_axis',(0.628518456505201,-6.24076763166673E-7,-0.777794670740248));
#5270=DIRECTION('center_axis',(2.83821078801855E-6,-0.99999999999118,3.09586156535541E-6));
#5271=DIRECTION('ref_axis',(-0.917652255317107,-1.37424352987238E-6,0.397384370993046));
#5272=DIRECTION('',(0.999999999634786,2.83812757956042E-6,-2.68769914891945E-5));
#5273=DIRECTION('center_axis',(2.83821078801855E-6,-0.99999999999118,3.09586156535541E-6));
#5274=DIRECTION('ref_axis',(0.917673614977133,3.8346454419953E-6,0.397335042955057));
#5275=DIRECTION('center_axis',(2.83821078801855E-6,-0.99999999999118,3.09586156535541E-6));
#5276=DIRECTION('ref_axis',(-0.628518456505201,6.24076763166673E-7,0.777794670740248));
#5277=DIRECTION('center_axis',(2.83821078801855E-6,-0.99999999999118,3.09586156535541E-6));
#5278=DIRECTION('ref_axis',(0.917652255317107,1.37424352987238E-6,-0.397384370993046));
#5279=DIRECTION('',(-0.999999999634786,-2.83812757956042E-6,2.68769914891945E-5));
#5280=DIRECTION('center_axis',(2.83821078801855E-6,-0.99999999999118,3.09586156535541E-6));
#5281=DIRECTION('ref_axis',(-0.917673614977133,-3.8346454419953E-6,-0.397335042955057));
#5282=DIRECTION('',(-0.999999999634786,-2.83812757956042E-6,2.68769914891945E-5));
#5283=DIRECTION('center_axis',(2.83821078801855E-6,-0.99999999999118,3.09586156535541E-6));
#5284=DIRECTION('ref_axis',(-0.917673614977133,-3.8346454419953E-6,-0.397335042955057));
#5285=DIRECTION('center_axis',(2.83821078801855E-6,-0.99999999999118,3.09586156535541E-6));
#5286=DIRECTION('ref_axis',(0.628518456505201,-6.24076763166673E-7,-0.777794670740248));
#5287=DIRECTION('center_axis',(2.83821078801855E-6,-0.99999999999118,3.09586156535541E-6));
#5288=DIRECTION('ref_axis',(-0.917652255317107,-1.37424352987238E-6,0.397384370993046));
#5289=DIRECTION('',(0.999999999634786,2.83812757956042E-6,-2.68769914891945E-5));
#5290=DIRECTION('center_axis',(2.83821078801855E-6,-0.99999999999118,3.09586156535541E-6));
#5291=DIRECTION('ref_axis',(0.917673614977133,3.8346454419953E-6,0.397335042955057));
#5292=DIRECTION('center_axis',(2.83821078801855E-6,-0.99999999999118,3.09586156535541E-6));
#5293=DIRECTION('ref_axis',(-0.628518456505201,6.24076763166673E-7,0.777794670740248));
#5294=DIRECTION('center_axis',(2.83821078801855E-6,-0.99999999999118,3.09586156535541E-6));
#5295=DIRECTION('ref_axis',(0.917652255317107,1.37424352987238E-6,-0.397384370993046));
#5296=DIRECTION('center_axis',(-2.83821078801855E-6,0.99999999999118,-3.09586156535541E-6));
#5297=DIRECTION('ref_axis',(-2.68769827025108E-5,-3.09593784679195E-6,-0.999999999634021));
#5298=DIRECTION('center_axis',(-2.83821078801855E-6,0.99999999999118,-3.09586156535541E-6));
#5299=DIRECTION('ref_axis',(-2.68769827025108E-5,-3.09593784679195E-6,-0.999999999634021));
#5300=DIRECTION('center_axis',(-2.83821078801855E-6,0.99999999999118,-3.09586156535541E-6));
#5301=DIRECTION('ref_axis',(-2.68769827025108E-5,-3.09593784679195E-6,-0.999999999634021));
#5302=DIRECTION('center_axis',(-2.68769827025108E-5,-3.09593784679207E-6,
-0.999999999634022));
#5303=DIRECTION('ref_axis',(2.83821078801855E-6,-0.99999999999118,3.09586156535553E-6));
#5304=DIRECTION('',(0.999999999634786,2.83812757956042E-6,-2.68769914891945E-5));
#5305=DIRECTION('',(2.83821078801855E-6,-0.99999999999118,3.09586156535541E-6));
#5306=DIRECTION('center_axis',(2.83821078801855E-6,-0.99999999999118,3.09586156535541E-6));
#5307=DIRECTION('ref_axis',(2.6876982703625E-5,3.09593784682723E-6,0.999999999634022));
#5308=DIRECTION('center_axis',(-2.83821078801855E-6,0.99999999999118,-3.09586156535541E-6));
#5309=DIRECTION('ref_axis',(-0.999999999634786,-2.83812757956208E-6,2.68769914892545E-5));
#5310=DIRECTION('center_axis',(2.68769827025108E-5,3.09593784679207E-6,
0.999999999634022));
#5311=DIRECTION('ref_axis',(-2.83821078801855E-6,0.99999999999118,-3.09586156535553E-6));
#5312=DIRECTION('',(2.83821078801855E-6,-0.99999999999118,3.09586156535541E-6));
#5313=DIRECTION('',(-0.999999999634786,-2.83812757956042E-6,2.68769914891945E-5));
#5314=DIRECTION('center_axis',(2.83821078801855E-6,-0.99999999999118,3.09586156535541E-6));
#5315=DIRECTION('ref_axis',(2.68769827025108E-5,3.09593784679195E-6,0.999999999634021));
#5316=DIRECTION('center_axis',(2.83821078801855E-6,-0.99999999999118,3.09586156535541E-6));
#5317=DIRECTION('ref_axis',(-0.999999999634786,-2.83812757956208E-6,2.68769914892545E-5));
#5318=DIRECTION('center_axis',(-0.999999999634786,-2.83812757956042E-6,
2.68769914891945E-5));
#5319=DIRECTION('ref_axis',(-1.69979786321315E-5,-0.707108970339006,-0.707104591823005));
#5320=DIRECTION('center_axis',(0.999999999634786,2.83812757956042E-6,-2.68769914891945E-5));
#5321=DIRECTION('ref_axis',(2.83821078801688E-6,-0.99999999999118,3.09586156535541E-6));
#5322=DIRECTION('center_axis',(-2.83821078801855E-6,0.99999999999118,-3.09586156535541E-6));
#5323=DIRECTION('ref_axis',(-2.6876982703625E-5,-3.09593784682723E-6,-0.999999999634022));
#5324=DIRECTION('center_axis',(-0.999999999634786,-2.83812757956042E-6,
2.68769914891945E-5));
#5325=DIRECTION('ref_axis',(2.83821078801688E-6,-0.99999999999118,3.09586156535541E-6));
#5326=DIRECTION('center_axis',(0.999999999634786,2.83812757956042E-6,-2.68769914891945E-5));
#5327=DIRECTION('ref_axis',(2.10118148214104E-5,-0.707104592022066,0.707108970032067));
#5328=DIRECTION('center_axis',(2.83821078801855E-6,-0.99999999999118,3.09586156535541E-6));
#5329=DIRECTION('ref_axis',(0.917652255317107,1.37424352987238E-6,-0.397384370993046));
#5330=DIRECTION('',(2.83821078801855E-6,-0.99999999999118,3.09586156535541E-6));
#5331=DIRECTION('center_axis',(-2.83821078801855E-6,0.99999999999118,-3.09586156535541E-6));
#5332=DIRECTION('ref_axis',(0.917652255317107,1.37424352987238E-6,-0.397384370993046));
#5333=DIRECTION('',(-2.83821078801855E-6,0.99999999999118,-3.09586156535541E-6));
#5334=DIRECTION('center_axis',(-2.83821078801855E-6,0.99999999999118,-3.09586156535541E-6));
#5335=DIRECTION('ref_axis',(-0.628518456505201,6.24076763166673E-7,0.777794670740248));
#5336=DIRECTION('center_axis',(2.83821078801855E-6,-0.99999999999118,3.09586156535541E-6));
#5337=DIRECTION('ref_axis',(-0.628518456505201,6.24076763166673E-7,0.777794670740248));
#5338=DIRECTION('',(2.83821078801855E-6,-0.99999999999118,3.09586156535541E-6));
#5339=DIRECTION('center_axis',(2.83821078801855E-6,-0.99999999999118,3.09586156535541E-6));
#5340=DIRECTION('ref_axis',(-0.917673614977133,-3.8346454419953E-6,-0.397335042955057));
#5341=DIRECTION('',(2.83821078801855E-6,-0.99999999999118,3.09586156535541E-6));
#5342=DIRECTION('center_axis',(-2.83821078801855E-6,0.99999999999118,-3.09586156535541E-6));
#5343=DIRECTION('ref_axis',(-0.917673614977133,-3.8346454419953E-6,-0.397335042955057));
#5344=DIRECTION('',(-2.83821078801855E-6,0.99999999999118,-3.09586156535541E-6));
#5345=DIRECTION('center_axis',(2.83821078801855E-6,-0.99999999999118,3.09586156535541E-6));
#5346=DIRECTION('ref_axis',(2.68769827025108E-5,3.09593784679195E-6,0.999999999634022));
#5347=DIRECTION('',(-0.999999999634786,-2.83812757956042E-6,2.68769914891945E-5));
#5348=DIRECTION('center_axis',(2.83821078801855E-6,-0.99999999999118,3.09586156535541E-6));
#5349=DIRECTION('ref_axis',(0.628518456505201,-6.24076763166673E-7,-0.777794670740248));
#5350=DIRECTION('center_axis',(-2.83821078801855E-6,0.99999999999118,-3.09586156535541E-6));
#5351=DIRECTION('ref_axis',(-0.917652255317107,-1.37424352987238E-6,0.397384370993046));
#5352=DIRECTION('',(0.999999999634786,2.83812757956042E-6,-2.68769914891945E-5));
#5353=DIRECTION('center_axis',(-2.83821078801855E-6,0.99999999999118,-3.09586156535541E-6));
#5354=DIRECTION('ref_axis',(0.917673614977133,3.8346454419953E-6,0.397335042955057));
#5355=DIRECTION('center_axis',(-2.83821078801855E-6,0.99999999999118,-3.09586156535541E-6));
#5356=DIRECTION('ref_axis',(0.628518456505201,-6.24076763166673E-7,-0.777794670740248));
#5357=DIRECTION('',(-2.83821078801855E-6,0.99999999999118,-3.09586156535541E-6));
#5358=DIRECTION('center_axis',(2.83821078801855E-6,-0.99999999999118,3.09586156535541E-6));
#5359=DIRECTION('ref_axis',(0.917652255317107,1.37424352987238E-6,-0.397384370993046));
#5360=DIRECTION('',(2.83821078801855E-6,-0.99999999999118,3.09586156535541E-6));
#5361=DIRECTION('center_axis',(-2.83821078801855E-6,0.99999999999118,-3.09586156535541E-6));
#5362=DIRECTION('ref_axis',(0.917652255317107,1.37424352987238E-6,-0.397384370993046));
#5363=DIRECTION('',(-2.83821078801855E-6,0.99999999999118,-3.09586156535541E-6));
#5364=DIRECTION('center_axis',(-2.83821078801855E-6,0.99999999999118,-3.09586156535541E-6));
#5365=DIRECTION('ref_axis',(-0.628518456505201,6.24076763166673E-7,0.777794670740248));
#5366=DIRECTION('center_axis',(2.83821078801855E-6,-0.99999999999118,3.09586156535541E-6));
#5367=DIRECTION('ref_axis',(-0.628518456505201,6.24076763166673E-7,0.777794670740248));
#5368=DIRECTION('',(2.83821078801855E-6,-0.99999999999118,3.09586156535541E-6));
#5369=DIRECTION('center_axis',(2.83821078801855E-6,-0.99999999999118,3.09586156535541E-6));
#5370=DIRECTION('ref_axis',(-0.917673614977133,-3.8346454419953E-6,-0.397335042955057));
#5371=DIRECTION('',(2.83821078801855E-6,-0.99999999999118,3.09586156535541E-6));
#5372=DIRECTION('center_axis',(-2.83821078801855E-6,0.99999999999118,-3.09586156535541E-6));
#5373=DIRECTION('ref_axis',(-0.917673614977133,-3.8346454419953E-6,-0.397335042955057));
#5374=DIRECTION('',(-2.83821078801855E-6,0.99999999999118,-3.09586156535541E-6));
#5375=DIRECTION('center_axis',(2.83821078801855E-6,-0.99999999999118,3.09586156535541E-6));
#5376=DIRECTION('ref_axis',(2.68769827025108E-5,3.09593784679195E-6,0.999999999634022));
#5377=DIRECTION('',(-0.999999999634786,-2.83812757956042E-6,2.68769914891945E-5));
#5378=DIRECTION('center_axis',(2.83821078801855E-6,-0.99999999999118,3.09586156535541E-6));
#5379=DIRECTION('ref_axis',(0.628518456505201,-6.24076763166673E-7,-0.777794670740248));
#5380=DIRECTION('center_axis',(-2.83821078801855E-6,0.99999999999118,-3.09586156535541E-6));
#5381=DIRECTION('ref_axis',(-0.917652255317107,-1.37424352987238E-6,0.397384370993046));
#5382=DIRECTION('',(0.999999999634786,2.83812757956042E-6,-2.68769914891945E-5));
#5383=DIRECTION('center_axis',(-2.83821078801855E-6,0.99999999999118,-3.09586156535541E-6));
#5384=DIRECTION('ref_axis',(0.917673614977133,3.8346454419953E-6,0.397335042955057));
#5385=DIRECTION('center_axis',(-2.83821078801855E-6,0.99999999999118,-3.09586156535541E-6));
#5386=DIRECTION('ref_axis',(0.628518456505201,-6.24076763166673E-7,-0.777794670740248));
#5387=DIRECTION('',(-2.83821078801855E-6,0.99999999999118,-3.09586156535541E-6));
#5388=DIRECTION('center_axis',(2.83821078801855E-6,-0.99999999999118,3.09586156535541E-6));
#5389=DIRECTION('ref_axis',(0.917652255317107,1.37424352987238E-6,-0.397384370993046));
#5390=DIRECTION('',(2.83821078801855E-6,-0.99999999999118,3.09586156535541E-6));
#5391=DIRECTION('center_axis',(-2.83821078801855E-6,0.99999999999118,-3.09586156535541E-6));
#5392=DIRECTION('ref_axis',(0.917652255317107,1.37424352987238E-6,-0.397384370993046));
#5393=DIRECTION('',(-2.83821078801855E-6,0.99999999999118,-3.09586156535541E-6));
#5394=DIRECTION('center_axis',(-2.83821078801855E-6,0.99999999999118,-3.09586156535541E-6));
#5395=DIRECTION('ref_axis',(-0.628518456505201,6.24076763166673E-7,0.777794670740248));
#5396=DIRECTION('center_axis',(2.83821078801855E-6,-0.99999999999118,3.09586156535541E-6));
#5397=DIRECTION('ref_axis',(-0.628518456505201,6.24076763166673E-7,0.777794670740248));
#5398=DIRECTION('',(2.83821078801855E-6,-0.99999999999118,3.09586156535541E-6));
#5399=DIRECTION('center_axis',(2.83821078801855E-6,-0.99999999999118,3.09586156535541E-6));
#5400=DIRECTION('ref_axis',(-0.917673614977133,-3.8346454419953E-6,-0.397335042955057));
#5401=DIRECTION('',(2.83821078801855E-6,-0.99999999999118,3.09586156535541E-6));
#5402=DIRECTION('center_axis',(-2.83821078801855E-6,0.99999999999118,-3.09586156535541E-6));
#5403=DIRECTION('ref_axis',(-0.917673614977133,-3.8346454419953E-6,-0.397335042955057));
#5404=DIRECTION('',(-2.83821078801855E-6,0.99999999999118,-3.09586156535541E-6));
#5405=DIRECTION('center_axis',(2.83821078801855E-6,-0.99999999999118,3.09586156535541E-6));
#5406=DIRECTION('ref_axis',(2.68769827025108E-5,3.09593784679195E-6,0.999999999634022));
#5407=DIRECTION('',(-0.999999999634786,-2.83812757956042E-6,2.68769914891945E-5));
#5408=DIRECTION('center_axis',(2.83821078801855E-6,-0.99999999999118,3.09586156535541E-6));
#5409=DIRECTION('ref_axis',(0.628518456505201,-6.24076763166673E-7,-0.777794670740248));
#5410=DIRECTION('center_axis',(-2.83821078801855E-6,0.99999999999118,-3.09586156535541E-6));
#5411=DIRECTION('ref_axis',(-0.917652255317107,-1.37424352987238E-6,0.397384370993046));
#5412=DIRECTION('',(0.999999999634786,2.83812757956042E-6,-2.68769914891945E-5));
#5413=DIRECTION('center_axis',(-2.83821078801855E-6,0.99999999999118,-3.09586156535541E-6));
#5414=DIRECTION('ref_axis',(0.917673614977133,3.8346454419953E-6,0.397335042955057));
#5415=DIRECTION('center_axis',(-2.83821078801855E-6,0.99999999999118,-3.09586156535541E-6));
#5416=DIRECTION('ref_axis',(0.628518456505201,-6.24076763166673E-7,-0.777794670740248));
#5417=DIRECTION('',(-2.83821078801855E-6,0.99999999999118,-3.09586156535541E-6));
#5418=DIRECTION('center_axis',(2.83821078801855E-6,-0.99999999999118,3.09586156535541E-6));
#5419=DIRECTION('ref_axis',(-0.917652255317107,-1.37424352987238E-6,0.397384370993046));
#5420=DIRECTION('',(2.83821078801855E-6,-0.99999999999118,3.09586156535541E-6));
#5421=DIRECTION('center_axis',(2.83821078801855E-6,-0.99999999999118,3.09586156535541E-6));
#5422=DIRECTION('ref_axis',(0.917673614977133,3.8346454419953E-6,0.397335042955057));
#5423=DIRECTION('',(-2.83821078801855E-6,0.99999999999118,-3.09586156535541E-6));
#5424=DIRECTION('center_axis',(2.83821078801855E-6,-0.99999999999118,3.09586156535541E-6));
#5425=DIRECTION('ref_axis',(-0.917652255317107,-1.37424352987238E-6,0.397384370993046));
#5426=DIRECTION('',(2.83821078801855E-6,-0.99999999999118,3.09586156535541E-6));
#5427=DIRECTION('center_axis',(2.83821078801855E-6,-0.99999999999118,3.09586156535541E-6));
#5428=DIRECTION('ref_axis',(0.917673614977133,3.8346454419953E-6,0.397335042955057));
#5429=DIRECTION('',(-2.83821078801855E-6,0.99999999999118,-3.09586156535541E-6));
#5430=DIRECTION('center_axis',(2.83821078801855E-6,-0.99999999999118,3.09586156535541E-6));
#5431=DIRECTION('ref_axis',(-0.917652255317107,-1.37424352987238E-6,0.397384370993046));
#5432=DIRECTION('',(2.83821078801855E-6,-0.99999999999118,3.09586156535541E-6));
#5433=DIRECTION('center_axis',(2.83821078801855E-6,-0.99999999999118,3.09586156535541E-6));
#5434=DIRECTION('ref_axis',(0.917673614977133,3.8346454419953E-6,0.397335042955057));
#5435=DIRECTION('',(-2.83821078801855E-6,0.99999999999118,-3.09586156535541E-6));
#5436=DIRECTION('center_axis',(-2.83821078801855E-6,0.99999999999118,-3.09586156535541E-6));
#5437=DIRECTION('ref_axis',(-0.917673614977133,-3.8346454419953E-6,-0.397335042955057));
#5438=DIRECTION('',(-2.83821078801855E-6,0.99999999999118,-3.09586156535541E-6));
#5439=DIRECTION('center_axis',(2.83821078801855E-6,-0.99999999999118,3.09586156535541E-6));
#5440=DIRECTION('ref_axis',(-0.917673614977133,-3.8346454419953E-6,-0.397335042955057));
#5441=DIRECTION('',(2.83821078801855E-6,-0.99999999999118,3.09586156535541E-6));
#5442=DIRECTION('center_axis',(-2.68769827025108E-5,-3.09593784679207E-6,
-0.999999999634022));
#5443=DIRECTION('ref_axis',(-0.999999999634786,-2.83812757956042E-6,2.68769914891979E-5));
#5444=DIRECTION('',(2.83821078801855E-6,-0.99999999999118,3.09586156535541E-6));
#5445=DIRECTION('',(-0.999999999634786,-2.83812757956042E-6,2.68769914891945E-5));
#5446=DIRECTION('center_axis',(-2.83821078801855E-6,0.99999999999118,-3.09586156535541E-6));
#5447=DIRECTION('ref_axis',(0.917652255317107,1.37424352987238E-6,-0.397384370993046));
#5448=DIRECTION('',(-2.83821078801855E-6,0.99999999999118,-3.09586156535541E-6));
#5449=DIRECTION('center_axis',(2.83821078801855E-6,-0.99999999999118,3.09586156535541E-6));
#5450=DIRECTION('ref_axis',(0.917652255317107,1.37424352987238E-6,-0.397384370993046));
#5451=DIRECTION('center_axis',(-2.83821078801855E-6,0.99999999999118,-3.09586156535541E-6));
#5452=DIRECTION('ref_axis',(-0.628518456505201,6.24076763166673E-7,0.777794670740248));
#5453=DIRECTION('',(2.83821078801855E-6,-0.99999999999118,3.09586156535541E-6));
#5454=DIRECTION('center_axis',(2.83821078801855E-6,-0.99999999999118,3.09586156535541E-6));
#5455=DIRECTION('ref_axis',(-0.628518456505201,6.24076763166673E-7,0.777794670740248));
#5456=DIRECTION('center_axis',(-2.83821078801855E-6,0.99999999999118,-3.09586156535541E-6));
#5457=DIRECTION('ref_axis',(0.917673614977133,3.8346454419953E-6,0.397335042955057));
#5458=DIRECTION('',(-2.83821078801855E-6,0.99999999999118,-3.09586156535541E-6));
#5459=DIRECTION('center_axis',(2.83821078801855E-6,-0.99999999999118,3.09586156535541E-6));
#5460=DIRECTION('ref_axis',(0.917673614977133,3.8346454419953E-6,0.397335042955057));
#5461=DIRECTION('center_axis',(2.68769827025108E-5,3.09593784679207E-6,
0.999999999634022));
#5462=DIRECTION('ref_axis',(0.999999999634786,2.83812757956042E-6,-2.68769914891979E-5));
#5463=DIRECTION('',(2.83821078801855E-6,-0.99999999999118,3.09586156535541E-6));
#5464=DIRECTION('',(0.999999999634786,2.83812757956042E-6,-2.68769914891945E-5));
#5465=DIRECTION('center_axis',(-2.83821078801855E-6,0.99999999999118,-3.09586156535541E-6));
#5466=DIRECTION('ref_axis',(-0.917652255317107,-1.37424352987238E-6,0.397384370993046));
#5467=DIRECTION('',(-2.83821078801855E-6,0.99999999999118,-3.09586156535541E-6));
#5468=DIRECTION('center_axis',(2.83821078801855E-6,-0.99999999999118,3.09586156535541E-6));
#5469=DIRECTION('ref_axis',(-0.917652255317107,-1.37424352987238E-6,0.397384370993046));
#5470=DIRECTION('center_axis',(-2.83821078801855E-6,0.99999999999118,-3.09586156535541E-6));
#5471=DIRECTION('ref_axis',(0.628518456505201,-6.24076763166673E-7,-0.777794670740248));
#5472=DIRECTION('center_axis',(2.83821078801855E-6,-0.99999999999118,3.09586156535541E-6));
#5473=DIRECTION('ref_axis',(0.628518456505201,-6.24076763166673E-7,-0.777794670740248));
#5474=DIRECTION('center_axis',(-2.83821078801855E-6,0.99999999999118,-3.09586156535541E-6));
#5475=DIRECTION('ref_axis',(-0.917673614977133,-3.8346454419953E-6,-0.397335042955057));
#5476=DIRECTION('',(-2.83821078801855E-6,0.99999999999118,-3.09586156535541E-6));
#5477=DIRECTION('center_axis',(2.83821078801855E-6,-0.99999999999118,3.09586156535541E-6));
#5478=DIRECTION('ref_axis',(-0.917673614977133,-3.8346454419953E-6,-0.397335042955057));
#5479=DIRECTION('',(2.83821078801855E-6,-0.99999999999118,3.09586156535541E-6));
#5480=DIRECTION('center_axis',(-2.68769827025108E-5,-3.09593784679207E-6,
-0.999999999634022));
#5481=DIRECTION('ref_axis',(-0.999999999634786,-2.83812757956042E-6,2.68769914891979E-5));
#5482=DIRECTION('',(2.83821078801855E-6,-0.99999999999118,3.09586156535541E-6));
#5483=DIRECTION('',(-0.999999999634786,-2.83812757956042E-6,2.68769914891945E-5));
#5484=DIRECTION('center_axis',(-2.83821078801855E-6,0.99999999999118,-3.09586156535541E-6));
#5485=DIRECTION('ref_axis',(-0.917652255317107,-1.37424352987238E-6,0.397384370993046));
#5486=DIRECTION('',(-2.83821078801855E-6,0.99999999999118,-3.09586156535541E-6));
#5487=DIRECTION('center_axis',(2.83821078801855E-6,-0.99999999999118,3.09586156535541E-6));
#5488=DIRECTION('ref_axis',(-0.917652255317107,-1.37424352987238E-6,0.397384370993046));
#5489=DIRECTION('',(2.83821078801855E-6,-0.99999999999118,3.09586156535541E-6));
#5490=DIRECTION('center_axis',(-2.83821078801855E-6,0.99999999999118,-3.09586156535541E-6));
#5491=DIRECTION('ref_axis',(0.628518456505201,-6.24076763166673E-7,-0.777794670740248));
#5492=DIRECTION('center_axis',(2.83821078801855E-6,-0.99999999999118,3.09586156535541E-6));
#5493=DIRECTION('ref_axis',(0.628518456505201,-6.24076763166673E-7,-0.777794670740248));
#5494=DIRECTION('center_axis',(-2.83821078801855E-6,0.99999999999118,-3.09586156535541E-6));
#5495=DIRECTION('ref_axis',(0.917652255317107,1.37424352987238E-6,-0.397384370993046));
#5496=DIRECTION('',(-2.83821078801855E-6,0.99999999999118,-3.09586156535541E-6));
#5497=DIRECTION('center_axis',(2.83821078801855E-6,-0.99999999999118,3.09586156535541E-6));
#5498=DIRECTION('ref_axis',(0.917652255317107,1.37424352987238E-6,-0.397384370993046));
#5499=DIRECTION('center_axis',(-2.83821078801855E-6,0.99999999999118,-3.09586156535541E-6));
#5500=DIRECTION('ref_axis',(-0.628518456505201,6.24076763166673E-7,0.777794670740248));
#5501=DIRECTION('',(2.83821078801855E-6,-0.99999999999118,3.09586156535541E-6));
#5502=DIRECTION('center_axis',(2.83821078801855E-6,-0.99999999999118,3.09586156535541E-6));
#5503=DIRECTION('ref_axis',(-0.628518456505201,6.24076763166673E-7,0.777794670740248));
#5504=DIRECTION('center_axis',(-2.83821078801855E-6,0.99999999999118,-3.09586156535541E-6));
#5505=DIRECTION('ref_axis',(0.917673614977133,3.8346454419953E-6,0.397335042955057));
#5506=DIRECTION('',(-2.83821078801855E-6,0.99999999999118,-3.09586156535541E-6));
#5507=DIRECTION('center_axis',(2.83821078801855E-6,-0.99999999999118,3.09586156535541E-6));
#5508=DIRECTION('ref_axis',(0.917673614977133,3.8346454419953E-6,0.397335042955057));
#5509=DIRECTION('center_axis',(2.68769827025108E-5,3.09593784679207E-6,
0.999999999634022));
#5510=DIRECTION('ref_axis',(0.999999999634786,2.83812757956042E-6,-2.68769914891979E-5));
#5511=DIRECTION('',(0.999999999634786,2.83812757956042E-6,-2.68769914891945E-5));
#5512=DIRECTION('center_axis',(-2.83821078801855E-6,0.99999999999118,-3.09586156535541E-6));
#5513=DIRECTION('ref_axis',(-0.917652255317107,-1.37424352987238E-6,0.397384370993046));
#5514=DIRECTION('',(-2.83821078801855E-6,0.99999999999118,-3.09586156535541E-6));
#5515=DIRECTION('center_axis',(2.83821078801855E-6,-0.99999999999118,3.09586156535541E-6));
#5516=DIRECTION('ref_axis',(-0.917652255317107,-1.37424352987238E-6,0.397384370993046));
#5517=DIRECTION('',(2.83821078801855E-6,-0.99999999999118,3.09586156535541E-6));
#5518=DIRECTION('center_axis',(-2.83821078801855E-6,0.99999999999118,-3.09586156535541E-6));
#5519=DIRECTION('ref_axis',(0.628518456505201,-6.24076763166673E-7,-0.777794670740248));
#5520=DIRECTION('',(2.83821078801855E-6,-0.99999999999118,3.09586156535541E-6));
#5521=DIRECTION('center_axis',(2.83821078801855E-6,-0.99999999999118,3.09586156535541E-6));
#5522=DIRECTION('ref_axis',(0.628518456505201,-6.24076763166673E-7,-0.777794670740248));
#5523=DIRECTION('center_axis',(-2.83821078801855E-6,0.99999999999118,-3.09586156535541E-6));
#5524=DIRECTION('ref_axis',(0.917673614977133,3.8346454419953E-6,0.397335042955057));
#5525=DIRECTION('',(-2.83821078801855E-6,0.99999999999118,-3.09586156535541E-6));
#5526=DIRECTION('center_axis',(2.83821078801855E-6,-0.99999999999118,3.09586156535541E-6));
#5527=DIRECTION('ref_axis',(0.917673614977133,3.8346454419953E-6,0.397335042955057));
#5528=DIRECTION('',(2.83821078801855E-6,-0.99999999999118,3.09586156535541E-6));
#5529=DIRECTION('center_axis',(2.68769827025108E-5,3.09593784679207E-6,
0.999999999634022));
#5530=DIRECTION('ref_axis',(0.999999999634786,2.83812757956042E-6,-2.68769914891979E-5));
#5531=DIRECTION('',(0.999999999634786,2.83812757956042E-6,-2.68769914891945E-5));
#5532=DIRECTION('center_axis',(-2.83821078801855E-6,0.99999999999118,-3.09586156535541E-6));
#5533=DIRECTION('ref_axis',(0.917652255317107,1.37424352987238E-6,-0.397384370993046));
#5534=DIRECTION('',(-2.83821078801855E-6,0.99999999999118,-3.09586156535541E-6));
#5535=DIRECTION('center_axis',(2.83821078801855E-6,-0.99999999999118,3.09586156535541E-6));
#5536=DIRECTION('ref_axis',(0.917652255317107,1.37424352987238E-6,-0.397384370993046));
#5537=DIRECTION('',(2.83821078801855E-6,-0.99999999999118,3.09586156535541E-6));
#5538=DIRECTION('center_axis',(-2.83821078801855E-6,0.99999999999118,-3.09586156535541E-6));
#5539=DIRECTION('ref_axis',(-0.628518456505201,6.24076763166673E-7,0.777794670740248));
#5540=DIRECTION('center_axis',(2.83821078801855E-6,-0.99999999999118,3.09586156535541E-6));
#5541=DIRECTION('ref_axis',(-0.628518456505201,6.24076763166673E-7,0.777794670740248));
#5542=DIRECTION('center_axis',(-2.83821078801855E-6,0.99999999999118,-3.09586156535541E-6));
#5543=DIRECTION('ref_axis',(-0.917673614977133,-3.8346454419953E-6,-0.397335042955057));
#5544=DIRECTION('',(-2.83821078801855E-6,0.99999999999118,-3.09586156535541E-6));
#5545=DIRECTION('center_axis',(2.83821078801855E-6,-0.99999999999118,3.09586156535541E-6));
#5546=DIRECTION('ref_axis',(-0.917673614977133,-3.8346454419953E-6,-0.397335042955057));
#5547=DIRECTION('center_axis',(-2.68769827025108E-5,-3.09593784679207E-6,
-0.999999999634022));
#5548=DIRECTION('ref_axis',(-0.999999999634786,-2.83812757956042E-6,2.68769914891979E-5));
#5549=DIRECTION('',(-0.999999999634786,-2.83812757956042E-6,2.68769914891945E-5));
#5550=DIRECTION('center_axis',(-2.83821078801855E-6,0.99999999999118,-3.09586156535541E-6));
#5551=DIRECTION('ref_axis',(-2.68769827025108E-5,-3.09593784679195E-6,-0.999999999634021));
#5552=DIRECTION('center_axis',(-2.83821078801855E-6,0.99999999999118,-3.09586156535541E-6));
#5553=DIRECTION('ref_axis',(-2.68769827025108E-5,-3.09593784679195E-6,-0.999999999634021));
#5554=DIRECTION('',(-2.83821078801855E-6,0.99999999999118,-3.09586156535541E-6));
#5555=DIRECTION('center_axis',(2.83821078801855E-6,-0.99999999999118,3.09586156535541E-6));
#5556=DIRECTION('ref_axis',(2.68769827025108E-5,3.09593784679195E-6,0.999999999634022));
#5557=DIRECTION('center_axis',(-2.83821078801855E-6,0.99999999999118,-3.09586156535541E-6));
#5558=DIRECTION('ref_axis',(-2.68769827025108E-5,-3.09593784679195E-6,-0.999999999634021));
#5559=DIRECTION('center_axis',(-2.83821078801855E-6,0.99999999999118,-3.09586156535541E-6));
#5560=DIRECTION('ref_axis',(-2.68769827025108E-5,-3.09593784679195E-6,-0.999999999634021));
#5561=DIRECTION('center_axis',(-2.83821078801855E-6,0.99999999999118,-3.09586156535541E-6));
#5562=DIRECTION('ref_axis',(-2.68769827025108E-5,-3.09593784679195E-6,-0.999999999634021));
#5563=DIRECTION('',(-2.83821078801855E-6,0.99999999999118,-3.09586156535541E-6));
#5564=DIRECTION('center_axis',(2.83821078801855E-6,-0.99999999999118,3.09586156535541E-6));
#5565=DIRECTION('ref_axis',(2.68769827025108E-5,3.09593784679195E-6,0.999999999634022));
#5566=DIRECTION('center_axis',(-2.83821078801855E-6,0.99999999999118,-3.09586156535541E-6));
#5567=DIRECTION('ref_axis',(-2.68769827025108E-5,-3.09593784679195E-6,-0.999999999634021));
#5568=DIRECTION('center_axis',(-2.83821078801855E-6,0.99999999999118,-3.09586156535541E-6));
#5569=DIRECTION('ref_axis',(-2.68769827025108E-5,-3.09593784679195E-6,-0.999999999634021));
#5570=DIRECTION('center_axis',(-2.83821078801855E-6,0.99999999999118,-3.09586156535541E-6));
#5571=DIRECTION('ref_axis',(-2.68769827025108E-5,-3.09593784679195E-6,-0.999999999634021));
#5572=DIRECTION('',(-2.83821078801855E-6,0.99999999999118,-3.09586156535541E-6));
#5573=DIRECTION('center_axis',(2.83821078801855E-6,-0.99999999999118,3.09586156535541E-6));
#5574=DIRECTION('ref_axis',(2.68769827025108E-5,3.09593784679195E-6,0.999999999634022));
#5575=DIRECTION('center_axis',(-2.83821078801855E-6,0.99999999999118,-3.09586156535541E-6));
#5576=DIRECTION('ref_axis',(-2.68769827025108E-5,-3.09593784679195E-6,-0.999999999634021));
#5577=DIRECTION('center_axis',(2.68769827025108E-5,3.09593784679207E-6,
0.999999999634022));
#5578=DIRECTION('ref_axis',(-0.999999999634786,-2.83812757956042E-6,2.68769914891979E-5));
#5579=DIRECTION('center_axis',(-2.68769827025108E-5,-3.09593784679207E-6,
-0.999999999634022));
#5580=DIRECTION('ref_axis',(0.999999999634786,2.83812757956042E-6,-2.68769914891979E-5));
#5581=DIRECTION('center_axis',(2.68769827025108E-5,3.09593784679207E-6,
0.999999999634022));
#5582=DIRECTION('ref_axis',(-0.999999999634786,-2.83812757956042E-6,2.68769914891979E-5));
#5583=DIRECTION('center_axis',(-2.68769827025108E-5,-3.09593784679207E-6,
-0.999999999634022));
#5584=DIRECTION('ref_axis',(0.999999999634786,2.83812757956042E-6,-2.68769914891979E-5));
#5585=DIRECTION('center_axis',(2.68769827025108E-5,3.09593784679207E-6,
0.999999999634022));
#5586=DIRECTION('ref_axis',(-0.999999999634786,-2.83812757956042E-6,2.68769914891979E-5));
#5587=DIRECTION('center_axis',(-2.68769827025108E-5,-3.09593784679207E-6,
-0.999999999634022));
#5588=DIRECTION('ref_axis',(0.999999999634786,2.83812757956042E-6,-2.68769914891979E-5));
#5589=DIRECTION('center_axis',(2.83821078801855E-6,-0.99999999999118,3.09586156535541E-6));
#5590=DIRECTION('ref_axis',(2.68769827025108E-5,3.09593784679195E-6,0.999999999634022));
#5591=DIRECTION('center_axis',(2.83821078801855E-6,-0.99999999999118,3.09586156535541E-6));
#5592=DIRECTION('ref_axis',(2.68769827025108E-5,3.09593784679195E-6,0.999999999634022));
#5593=DIRECTION('center_axis',(2.83821078801855E-6,-0.99999999999118,3.09586156535541E-6));
#5594=DIRECTION('ref_axis',(2.68769827025108E-5,3.09593784679195E-6,0.999999999634022));
#5595=DIRECTION('center_axis',(-2.83821078801855E-6,0.99999999999118,-3.09586156535541E-6));
#5596=DIRECTION('ref_axis',(-2.68769827025108E-5,-3.09593784679195E-6,-0.999999999634021));
#5597=DIRECTION('',(-2.83821078801855E-6,0.99999999999118,-3.09586156535541E-6));
#5598=DIRECTION('center_axis',(-2.83821078801855E-6,0.99999999999118,-3.09586156535541E-6));
#5599=DIRECTION('ref_axis',(-2.68769827025108E-5,-3.09593784679195E-6,-0.999999999634021));
#5600=DIRECTION('center_axis',(2.83821078801855E-6,-0.99999999999118,3.09586156535541E-6));
#5601=DIRECTION('ref_axis',(2.68769827025108E-5,3.09593784679195E-6,0.999999999634022));
#5602=DIRECTION('center_axis',(2.83821078801855E-6,-0.99999999999118,3.09586156535541E-6));
#5603=DIRECTION('ref_axis',(-2.68769827025108E-5,-3.09593784679195E-6,-0.999999999634021));
#5604=DIRECTION('center_axis',(-2.83821078801855E-6,0.99999999999118,-3.09586156535541E-6));
#5605=DIRECTION('ref_axis',(-2.68769827025108E-5,-3.09593784679195E-6,-0.999999999634021));
#5606=DIRECTION('',(-2.83821078801855E-6,0.99999999999118,-3.09586156535541E-6));
#5607=DIRECTION('center_axis',(-2.83821078801855E-6,0.99999999999118,-3.09586156535541E-6));
#5608=DIRECTION('ref_axis',(-2.68769827025108E-5,-3.09593784679195E-6,-0.999999999634021));
#5609=DIRECTION('center_axis',(2.83821078801855E-6,-0.99999999999118,3.09586156535541E-6));
#5610=DIRECTION('ref_axis',(2.68769827025108E-5,3.09593784679195E-6,0.999999999634022));
#5611=DIRECTION('center_axis',(2.83821078801855E-6,-0.99999999999118,3.09586156535541E-6));
#5612=DIRECTION('ref_axis',(-2.68769827025108E-5,-3.09593784679195E-6,-0.999999999634021));
#5613=DIRECTION('center_axis',(-2.83821078801855E-6,0.99999999999118,-3.09586156535541E-6));
#5614=DIRECTION('ref_axis',(-2.68769827025108E-5,-3.09593784679195E-6,-0.999999999634021));
#5615=DIRECTION('',(-2.83821078801855E-6,0.99999999999118,-3.09586156535541E-6));
#5616=DIRECTION('center_axis',(-2.83821078801855E-6,0.99999999999118,-3.09586156535541E-6));
#5617=DIRECTION('ref_axis',(-2.68769827025108E-5,-3.09593784679195E-6,-0.999999999634021));
#5618=DIRECTION('center_axis',(2.83821078801855E-6,-0.99999999999118,3.09586156535541E-6));
#5619=DIRECTION('ref_axis',(2.68769827025108E-5,3.09593784679195E-6,0.999999999634022));
#5620=DIRECTION('center_axis',(2.83821078801855E-6,-0.99999999999118,3.09586156535541E-6));
#5621=DIRECTION('ref_axis',(-2.68769827025108E-5,-3.09593784679195E-6,-0.999999999634021));
#5622=DIRECTION('center_axis',(2.83821078801855E-6,-0.99999999999118,3.09586156535541E-6));
#5623=DIRECTION('ref_axis',(-2.68769827025108E-5,-3.09593784679195E-6,-0.999999999634021));
#5624=DIRECTION('',(2.83821078801855E-6,-0.99999999999118,3.09586156535541E-6));
#5625=DIRECTION('center_axis',(2.83821078801855E-6,-0.99999999999118,3.09586156535541E-6));
#5626=DIRECTION('ref_axis',(-2.68769827025108E-5,-3.09593784679195E-6,-0.999999999634021));
#5627=DIRECTION('',(2.83821078801855E-6,-0.99999999999118,3.09586156535541E-6));
#5628=DIRECTION('center_axis',(2.83821078801855E-6,-0.99999999999118,3.09586156535541E-6));
#5629=DIRECTION('ref_axis',(-2.68769827025108E-5,-3.09593784679195E-6,-0.999999999634021));
#5630=DIRECTION('',(2.83821078801855E-6,-0.99999999999118,3.09586156535541E-6));
#5631=DIRECTION('center_axis',(-1.,0.,-4.38606627012407E-15));
#5632=DIRECTION('ref_axis',(0.,1.,0.));
#5633=DIRECTION('center_axis',(1.,0.,0.));
#5634=DIRECTION('ref_axis',(0.,1.,0.));
#5635=DIRECTION('',(-1.,0.,-4.38606627012407E-15));
#5636=DIRECTION('center_axis',(-1.,-3.6223204831577E-30,-3.99680288865056E-15));
#5637=DIRECTION('ref_axis',(0.,1.,0.));
#5638=DIRECTION('center_axis',(1.,3.6223204831577E-30,3.99680288865056E-15));
#5639=DIRECTION('ref_axis',(-3.99680288865056E-15,8.11850586754627E-16,
1.));
#5640=DIRECTION('center_axis',(-1.,0.,-4.38606627012407E-15));
#5641=DIRECTION('ref_axis',(0.,1.,0.));
#5642=DIRECTION('center_axis',(1.,0.,0.));
#5643=DIRECTION('ref_axis',(0.,1.,0.));
#5644=DIRECTION('',(-1.,0.,-4.38606627012407E-15));
#5645=DIRECTION('center_axis',(-1.,-3.6223204831577E-30,-3.99680288865056E-15));
#5646=DIRECTION('ref_axis',(0.,1.,0.));
#5647=DIRECTION('center_axis',(1.,3.6223204831577E-30,3.99680288865056E-15));
#5648=DIRECTION('ref_axis',(-3.99680288865056E-15,8.11850586754627E-16,
1.));
#5649=DIRECTION('center_axis',(-1.,0.,-4.38606627012407E-15));
#5650=DIRECTION('ref_axis',(0.,1.,0.));
#5651=DIRECTION('center_axis',(1.,0.,0.));
#5652=DIRECTION('ref_axis',(0.,1.,0.));
#5653=DIRECTION('',(-1.,0.,-4.38606627012407E-15));
#5654=DIRECTION('center_axis',(-1.,-3.6223204831577E-30,-3.99680288865056E-15));
#5655=DIRECTION('ref_axis',(0.,1.,0.));
#5656=DIRECTION('center_axis',(1.,3.6223204831577E-30,3.99680288865056E-15));
#5657=DIRECTION('ref_axis',(-3.99680288865056E-15,8.11850586754627E-16,
1.));
#5658=DIRECTION('center_axis',(-1.,0.,-4.38606627012407E-15));
#5659=DIRECTION('ref_axis',(0.,1.,0.));
#5660=DIRECTION('center_axis',(1.,0.,0.));
#5661=DIRECTION('ref_axis',(0.,1.,0.));
#5662=DIRECTION('',(-1.,0.,-4.38606627012407E-15));
#5663=DIRECTION('center_axis',(-1.,-3.6223204831577E-30,-3.99680288865056E-15));
#5664=DIRECTION('ref_axis',(0.,1.,0.));
#5665=DIRECTION('center_axis',(1.,3.6223204831577E-30,3.99680288865056E-15));
#5666=DIRECTION('ref_axis',(-3.99680288865056E-15,8.11850586754627E-16,
1.));
#5667=DIRECTION('center_axis',(-1.,0.,-4.38606627012407E-15));
#5668=DIRECTION('ref_axis',(0.,1.,0.));
#5669=DIRECTION('center_axis',(1.,0.,0.));
#5670=DIRECTION('ref_axis',(0.,1.,0.));
#5671=DIRECTION('',(-1.,0.,-4.38606627012407E-15));
#5672=DIRECTION('center_axis',(-1.,-3.6223204831577E-30,-3.99680288865056E-15));
#5673=DIRECTION('ref_axis',(0.,1.,0.));
#5674=DIRECTION('center_axis',(1.,3.6223204831577E-30,3.99680288865056E-15));
#5675=DIRECTION('ref_axis',(-3.99680288865056E-15,8.11850586754627E-16,
1.));
#5676=DIRECTION('center_axis',(-1.,0.,-4.38606627012407E-15));
#5677=DIRECTION('ref_axis',(0.,1.,0.));
#5678=DIRECTION('center_axis',(1.,0.,0.));
#5679=DIRECTION('ref_axis',(0.,1.,0.));
#5680=DIRECTION('',(-1.,0.,-4.38606627012407E-15));
#5681=DIRECTION('center_axis',(-1.,-3.6223204831577E-30,-3.99680288865056E-15));
#5682=DIRECTION('ref_axis',(0.,1.,0.));
#5683=DIRECTION('center_axis',(1.,3.6223204831577E-30,3.99680288865056E-15));
#5684=DIRECTION('ref_axis',(-3.99680288865056E-15,8.11850586754627E-16,
1.));
#5685=DIRECTION('center_axis',(-1.,0.,-4.38606627012407E-15));
#5686=DIRECTION('ref_axis',(0.,1.,0.));
#5687=DIRECTION('center_axis',(1.,0.,0.));
#5688=DIRECTION('ref_axis',(0.,1.,0.));
#5689=DIRECTION('',(-1.,0.,-4.38606627012407E-15));
#5690=DIRECTION('center_axis',(-1.,-3.6223204831577E-30,-3.99680288865056E-15));
#5691=DIRECTION('ref_axis',(0.,1.,0.));
#5692=DIRECTION('center_axis',(1.,3.6223204831577E-30,3.99680288865056E-15));
#5693=DIRECTION('ref_axis',(-3.99680288865056E-15,8.11850586754627E-16,
1.));
#5694=DIRECTION('center_axis',(-1.,0.,0.));
#5695=DIRECTION('ref_axis',(0.,1.,0.));
#5696=DIRECTION('center_axis',(-1.,-3.6223204831577E-30,-3.99680288865056E-15));
#5697=DIRECTION('ref_axis',(0.,1.,0.));
#5698=DIRECTION('',(-1.,0.,0.));
#5699=DIRECTION('center_axis',(-1.,0.,0.));
#5700=DIRECTION('ref_axis',(0.,1.,0.));
#5701=DIRECTION('center_axis',(1.,0.,0.));
#5702=DIRECTION('ref_axis',(0.,1.,0.));
#5703=DIRECTION('center_axis',(-1.,0.,0.));
#5704=DIRECTION('ref_axis',(0.,1.,0.));
#5705=DIRECTION('center_axis',(-1.,-3.6223204831577E-30,-3.99680288865056E-15));
#5706=DIRECTION('ref_axis',(0.,1.,0.));
#5707=DIRECTION('',(-1.,0.,0.));
#5708=DIRECTION('center_axis',(-1.,0.,0.));
#5709=DIRECTION('ref_axis',(0.,1.,0.));
#5710=DIRECTION('center_axis',(1.,0.,0.));
#5711=DIRECTION('ref_axis',(0.,1.,0.));
#5712=DIRECTION('center_axis',(-1.,0.,0.));
#5713=DIRECTION('ref_axis',(0.,1.,0.));
#5714=DIRECTION('center_axis',(-1.,-3.6223204831577E-30,-3.99680288865056E-15));
#5715=DIRECTION('ref_axis',(0.,1.,0.));
#5716=DIRECTION('',(-1.,0.,0.));
#5717=DIRECTION('center_axis',(-1.,0.,0.));
#5718=DIRECTION('ref_axis',(0.,1.,0.));
#5719=DIRECTION('center_axis',(1.,0.,0.));
#5720=DIRECTION('ref_axis',(0.,1.,0.));
#5721=DIRECTION('center_axis',(-1.,0.,0.));
#5722=DIRECTION('ref_axis',(0.,1.,0.));
#5723=DIRECTION('center_axis',(-1.,-3.6223204831577E-30,-3.99680288865056E-15));
#5724=DIRECTION('ref_axis',(0.,1.,0.));
#5725=DIRECTION('',(-1.,0.,0.));
#5726=DIRECTION('center_axis',(-1.,0.,0.));
#5727=DIRECTION('ref_axis',(0.,1.,0.));
#5728=DIRECTION('center_axis',(1.,0.,0.));
#5729=DIRECTION('ref_axis',(0.,1.,0.));
#5730=DIRECTION('center_axis',(-1.,0.,0.));
#5731=DIRECTION('ref_axis',(0.,1.,0.));
#5732=DIRECTION('center_axis',(-1.,-3.6223204831577E-30,-3.99680288865056E-15));
#5733=DIRECTION('ref_axis',(0.,1.,0.));
#5734=DIRECTION('',(-1.,0.,0.));
#5735=DIRECTION('center_axis',(-1.,0.,0.));
#5736=DIRECTION('ref_axis',(0.,1.,0.));
#5737=DIRECTION('center_axis',(1.,0.,0.));
#5738=DIRECTION('ref_axis',(0.,1.,0.));
#5739=DIRECTION('center_axis',(-1.,0.,0.));
#5740=DIRECTION('ref_axis',(0.,1.,0.));
#5741=DIRECTION('center_axis',(-1.,-3.6223204831577E-30,-3.99680288865056E-15));
#5742=DIRECTION('ref_axis',(0.,1.,0.));
#5743=DIRECTION('',(-1.,0.,0.));
#5744=DIRECTION('center_axis',(-1.,0.,0.));
#5745=DIRECTION('ref_axis',(0.,1.,0.));
#5746=DIRECTION('center_axis',(1.,0.,0.));
#5747=DIRECTION('ref_axis',(0.,1.,0.));
#5748=DIRECTION('center_axis',(-1.,0.,0.));
#5749=DIRECTION('ref_axis',(0.,1.,0.));
#5750=DIRECTION('center_axis',(-1.,-3.6223204831577E-30,-3.99680288865056E-15));
#5751=DIRECTION('ref_axis',(0.,1.,0.));
#5752=DIRECTION('',(-1.,0.,0.));
#5753=DIRECTION('center_axis',(-1.,0.,0.));
#5754=DIRECTION('ref_axis',(0.,1.,0.));
#5755=DIRECTION('center_axis',(1.,0.,0.));
#5756=DIRECTION('ref_axis',(0.,1.,0.));
#5757=DIRECTION('center_axis',(-4.38606627012408E-15,-1.,1.09651656753102E-15));
#5758=DIRECTION('ref_axis',(-1.,4.38606627012408E-15,-4.80939433148003E-30));
#5759=DIRECTION('center_axis',(7.88860905221022E-31,1.,2.3954622743832E-67));
#5760=DIRECTION('ref_axis',(-1.,8.21730109608528E-31,0.));
#5761=DIRECTION('',(-4.38606627012408E-15,-1.,1.09651656753102E-15));
#5762=DIRECTION('center_axis',(-4.78938579556978E-15,-1.,1.48029736616688E-15));
#5763=DIRECTION('ref_axis',(-1.,0.,0.));
#5764=DIRECTION('center_axis',(4.78938579556978E-15,1.,-1.48029736616688E-15));
#5765=DIRECTION('ref_axis',(1.,-4.78938579556978E-15,8.3044640718906E-17));
#5766=DIRECTION('center_axis',(-4.38606627012407E-15,-1.,1.09651656753102E-15));
#5767=DIRECTION('ref_axis',(-1.,4.38606627012407E-15,-4.80939433148002E-30));
#5768=DIRECTION('center_axis',(7.88860905221022E-31,1.,2.3954622743832E-67));
#5769=DIRECTION('ref_axis',(-1.,8.21730109608528E-31,0.));
#5770=DIRECTION('',(-4.38606627012407E-15,-1.,1.09651656753102E-15));
#5771=DIRECTION('center_axis',(-4.78938579556978E-15,-1.,1.48029736616688E-15));
#5772=DIRECTION('ref_axis',(-1.,0.,0.));
#5773=DIRECTION('center_axis',(4.78938579556978E-15,1.,-1.48029736616688E-15));
#5774=DIRECTION('ref_axis',(1.,-4.78938579556978E-15,8.3044640718906E-17));
#5775=DIRECTION('center_axis',(-4.38606627012408E-15,-1.,1.09651656753102E-15));
#5776=DIRECTION('ref_axis',(-1.,4.38606627012408E-15,-4.80939433148003E-30));
#5777=DIRECTION('center_axis',(7.88860905221022E-31,1.,2.3954622743832E-67));
#5778=DIRECTION('ref_axis',(-1.,8.21730109608528E-31,0.));
#5779=DIRECTION('',(-4.38606627012408E-15,-1.,1.09651656753102E-15));
#5780=DIRECTION('center_axis',(-4.78938579556978E-15,-1.,1.48029736616688E-15));
#5781=DIRECTION('ref_axis',(-1.,0.,0.));
#5782=DIRECTION('center_axis',(4.78938579556978E-15,1.,-1.48029736616688E-15));
#5783=DIRECTION('ref_axis',(1.,-4.78938579556978E-15,8.3044640718906E-17));
#5784=DIRECTION('center_axis',(-4.38606627012407E-15,-1.,1.09651656753102E-15));
#5785=DIRECTION('ref_axis',(-1.,4.38606627012407E-15,-4.80939433148002E-30));
#5786=DIRECTION('center_axis',(7.88860905221022E-31,1.,2.3954622743832E-67));
#5787=DIRECTION('ref_axis',(-1.,8.21730109608528E-31,0.));
#5788=DIRECTION('',(-4.38606627012407E-15,-1.,1.09651656753102E-15));
#5789=DIRECTION('center_axis',(-4.78938579556978E-15,-1.,1.48029736616688E-15));
#5790=DIRECTION('ref_axis',(-1.,0.,0.));
#5791=DIRECTION('center_axis',(4.78938579556978E-15,1.,-1.48029736616688E-15));
#5792=DIRECTION('ref_axis',(1.,-4.78938579556978E-15,8.3044640718906E-17));
#5793=DIRECTION('center_axis',(0.,-1.,0.));
#5794=DIRECTION('ref_axis',(-1.,0.,0.));
#5795=DIRECTION('center_axis',(-4.78938579556978E-15,-1.,1.48029736616688E-15));
#5796=DIRECTION('ref_axis',(-1.,0.,0.));
#5797=DIRECTION('',(0.,-1.,0.));
#5798=DIRECTION('center_axis',(-1.0494886796942E-44,-1.,1.04038702508351E-80));
#5799=DIRECTION('ref_axis',(-1.,0.,0.));
#5800=DIRECTION('center_axis',(0.,1.,0.));
#5801=DIRECTION('ref_axis',(-1.,0.,0.));
#5802=DIRECTION('center_axis',(0.,-1.,0.));
#5803=DIRECTION('ref_axis',(-1.,0.,0.));
#5804=DIRECTION('center_axis',(-4.78938579556978E-15,-1.,1.48029736616688E-15));
#5805=DIRECTION('ref_axis',(-1.,0.,0.));
#5806=DIRECTION('',(0.,-1.,0.));
#5807=DIRECTION('center_axis',(-1.0494886796942E-44,-1.,1.04038702508351E-80));
#5808=DIRECTION('ref_axis',(-1.,0.,0.));
#5809=DIRECTION('center_axis',(0.,1.,0.));
#5810=DIRECTION('ref_axis',(-1.,0.,0.));
#5811=DIRECTION('center_axis',(0.,-1.,0.));
#5812=DIRECTION('ref_axis',(-1.,0.,0.));
#5813=DIRECTION('center_axis',(-4.78938579556978E-15,-1.,1.48029736616688E-15));
#5814=DIRECTION('ref_axis',(-1.,0.,0.));
#5815=DIRECTION('',(0.,-1.,0.));
#5816=DIRECTION('center_axis',(-1.0494886796942E-44,-1.,1.04038702508351E-80));
#5817=DIRECTION('ref_axis',(-1.,0.,0.));
#5818=DIRECTION('center_axis',(0.,1.,0.));
#5819=DIRECTION('ref_axis',(-1.,0.,0.));
#5820=DIRECTION('center_axis',(0.,-1.,0.));
#5821=DIRECTION('ref_axis',(-1.,0.,0.));
#5822=DIRECTION('center_axis',(-4.78938579556978E-15,-1.,1.48029736616688E-15));
#5823=DIRECTION('ref_axis',(-1.,0.,0.));
#5824=DIRECTION('',(0.,-1.,0.));
#5825=DIRECTION('center_axis',(-1.0494886796942E-44,-1.,1.04038702508351E-80));
#5826=DIRECTION('ref_axis',(-1.,0.,0.));
#5827=DIRECTION('center_axis',(0.,1.,0.));
#5828=DIRECTION('ref_axis',(-1.,0.,0.));
#5829=DIRECTION('center_axis',(0.,1.,0.));
#5830=DIRECTION('ref_axis',(1.,0.,0.));
#5831=DIRECTION('center_axis',(1.55375505468884E-22,-1.,6.34028917544386E-23));
#5832=DIRECTION('ref_axis',(1.,1.55375505468884E-22,0.));
#5833=DIRECTION('',(0.,1.,0.));
#5834=DIRECTION('center_axis',(-1.55375505468884E-22,1.,-6.34028917544386E-23));
#5835=DIRECTION('ref_axis',(1.,1.55375505468884E-22,0.));
#5836=DIRECTION('center_axis',(1.55375505468884E-22,-1.,6.34028917544386E-23));
#5837=DIRECTION('ref_axis',(1.,1.55375505468884E-22,0.));
#5838=DIRECTION('center_axis',(0.,1.,0.));
#5839=DIRECTION('ref_axis',(1.,0.,0.));
#5840=DIRECTION('center_axis',(1.55375505468884E-22,-1.,6.34028917544386E-23));
#5841=DIRECTION('ref_axis',(1.,1.55375505468884E-22,0.));
#5842=DIRECTION('',(0.,1.,0.));
#5843=DIRECTION('center_axis',(-1.55375505468884E-22,1.,-6.34028917544386E-23));
#5844=DIRECTION('ref_axis',(1.,1.55375505468884E-22,0.));
#5845=DIRECTION('center_axis',(1.55375505468884E-22,-1.,6.34028917544386E-23));
#5846=DIRECTION('ref_axis',(1.,1.55375505468884E-22,0.));
#5847=DIRECTION('center_axis',(0.,1.,0.));
#5848=DIRECTION('ref_axis',(1.,0.,0.));
#5849=DIRECTION('center_axis',(1.55375505468884E-22,-1.,6.34028917544386E-23));
#5850=DIRECTION('ref_axis',(1.,1.55375505468884E-22,0.));
#5851=DIRECTION('',(0.,1.,0.));
#5852=DIRECTION('center_axis',(-1.55375505468884E-22,1.,-6.34028917544386E-23));
#5853=DIRECTION('ref_axis',(1.,1.55375505468884E-22,0.));
#5854=DIRECTION('center_axis',(1.55375505468884E-22,-1.,6.34028917544386E-23));
#5855=DIRECTION('ref_axis',(1.,1.55375505468884E-22,0.));
#5856=DIRECTION('center_axis',(0.,1.,0.));
#5857=DIRECTION('ref_axis',(1.,0.,0.));
#5858=DIRECTION('center_axis',(1.55375505468884E-22,-1.,6.34028917544386E-23));
#5859=DIRECTION('ref_axis',(1.,1.55375505468884E-22,0.));
#5860=DIRECTION('',(0.,1.,0.));
#5861=DIRECTION('center_axis',(-1.55375505468884E-22,1.,-6.34028917544386E-23));
#5862=DIRECTION('ref_axis',(1.,1.55375505468884E-22,0.));
#5863=DIRECTION('center_axis',(1.55375505468884E-22,-1.,6.34028917544386E-23));
#5864=DIRECTION('ref_axis',(1.,1.55375505468884E-22,0.));
#5865=DIRECTION('center_axis',(0.,1.,0.));
#5866=DIRECTION('ref_axis',(1.,0.,0.));
#5867=DIRECTION('center_axis',(4.56875726808184E-15,1.,-1.48029736616688E-15));
#5868=DIRECTION('ref_axis',(1.,0.,0.));
#5869=DIRECTION('',(0.,1.,0.));
#5870=DIRECTION('center_axis',(-4.15197251100512E-23,1.,2.06984270468883E-22));
#5871=DIRECTION('ref_axis',(1.,4.15197251100512E-23,0.));
#5872=DIRECTION('center_axis',(4.15197251100512E-23,-1.,-2.06984270468883E-22));
#5873=DIRECTION('ref_axis',(1.,4.15197251100512E-23,0.));
#5874=DIRECTION('center_axis',(0.,1.,0.));
#5875=DIRECTION('ref_axis',(1.,0.,0.));
#5876=DIRECTION('center_axis',(4.56875726808184E-15,1.,-1.48029736616688E-15));
#5877=DIRECTION('ref_axis',(1.,0.,0.));
#5878=DIRECTION('',(0.,1.,0.));
#5879=DIRECTION('center_axis',(-4.15197251100512E-23,1.,2.06984270468883E-22));
#5880=DIRECTION('ref_axis',(1.,4.15197251100512E-23,0.));
#5881=DIRECTION('center_axis',(4.15197251100512E-23,-1.,-2.06984270468883E-22));
#5882=DIRECTION('ref_axis',(1.,4.15197251100512E-23,0.));
#5883=DIRECTION('center_axis',(0.,1.,0.));
#5884=DIRECTION('ref_axis',(1.,0.,0.));
#5885=DIRECTION('center_axis',(4.56875726808184E-15,1.,-1.48029736616688E-15));
#5886=DIRECTION('ref_axis',(1.,0.,0.));
#5887=DIRECTION('',(0.,1.,0.));
#5888=DIRECTION('center_axis',(-4.15197251100512E-23,1.,2.06984270468883E-22));
#5889=DIRECTION('ref_axis',(1.,4.15197251100512E-23,0.));
#5890=DIRECTION('center_axis',(4.15197251100512E-23,-1.,-2.06984270468883E-22));
#5891=DIRECTION('ref_axis',(1.,4.15197251100512E-23,0.));
#5892=DIRECTION('center_axis',(0.,1.,0.));
#5893=DIRECTION('ref_axis',(1.,0.,0.));
#5894=DIRECTION('center_axis',(4.56875726808184E-15,1.,-1.48029736616688E-15));
#5895=DIRECTION('ref_axis',(1.,0.,0.));
#5896=DIRECTION('',(0.,1.,0.));
#5897=DIRECTION('center_axis',(-4.15197251100512E-23,1.,2.06984270468883E-22));
#5898=DIRECTION('ref_axis',(1.,4.15197251100512E-23,0.));
#5899=DIRECTION('center_axis',(4.15197251100512E-23,-1.,-2.06984270468883E-22));
#5900=DIRECTION('ref_axis',(1.,4.15197251100512E-23,0.));
#5901=DIRECTION('center_axis',(3.5527136788005E-15,0.,-1.));
#5902=DIRECTION('ref_axis',(0.,-1.,0.));
#5903=DIRECTION('',(0.,-1.,0.));
#5904=DIRECTION('',(-1.,0.,-3.5527136788005E-15));
#5905=DIRECTION('',(0.,-1.,0.));
#5906=DIRECTION('',(-1.,0.,-3.5527136788005E-15));
#5907=DIRECTION('center_axis',(8.30446407189017E-17,-8.84716088129612E-16,
-1.));
#5908=DIRECTION('ref_axis',(1.,4.34362649125502E-29,8.30446407189017E-17));
#5909=DIRECTION('',(-1.,5.63785129692328E-16,-8.30446407189022E-17));
#5910=DIRECTION('',(-4.6165205995712E-15,-1.,8.84716088129612E-16));
#5911=DIRECTION('center_axis',(8.30446407189017E-17,-8.84716088129612E-16,
-1.));
#5912=DIRECTION('ref_axis',(1.,-1.26882631385731E-14,8.30446407189129E-17));
#5913=DIRECTION('',(-1.,4.56875726808184E-15,-8.30446407189057E-17));
#5914=DIRECTION('center_axis',(8.30446407189017E-17,-8.84716088129612E-16,
-1.));
#5915=DIRECTION('ref_axis',(-7.89491928622326E-15,-1.,8.84716088129612E-16));
#5916=DIRECTION('',(4.3208679877303E-15,1.,-8.84716088129612E-16));
#5917=DIRECTION('center_axis',(8.30446407189017E-17,-8.84716088129613E-16,
-1.));
#5918=DIRECTION('ref_axis',(-1.,3.94745964311162E-15,-8.30446407189051E-17));
#5919=DIRECTION('',(1.,-4.78938579556978E-15,8.3044640718906E-17));
#5920=DIRECTION('center_axis',(8.30446407189015E-17,-8.84716088129612E-16,
-1.));
#5921=DIRECTION('ref_axis',(3.94745964311164E-15,1.,-8.84716088129612E-16));
#5922=DIRECTION('',(-4.6165205995712E-15,-1.,8.84716088129612E-16));
#5923=DIRECTION('',(1.,-5.63785129692328E-16,8.30446407189022E-17));
#5924=DIRECTION('',(-3.83487406602862E-32,1.,-8.84716088129612E-16));
#5925=DIRECTION('',(-1.,5.63785129692328E-16,-8.30446407189022E-17));
#5926=DIRECTION('',(0.,1.,-8.84716088129612E-16));
#5927=DIRECTION('',(-1.,0.,-8.30446407189017E-17));
#5928=DIRECTION('',(0.,-1.,8.84716088129612E-16));
#5929=DIRECTION('',(1.,0.,8.30446407189017E-17));
#5930=DIRECTION('',(0.,1.,-8.84716088129612E-16));
#5931=DIRECTION('',(-1.,0.,-8.30446407189017E-17));
#5932=DIRECTION('',(0.,-1.,8.84716088129612E-16));
#5933=DIRECTION('center_axis',(8.30446407189017E-17,-8.84716088129612E-16,
-1.));
#5934=DIRECTION('ref_axis',(1.,4.34362649125502E-29,8.30446407189017E-17));
#5935=DIRECTION('',(4.6165205995712E-15,1.,-8.84716088129612E-16));
#5936=DIRECTION('center_axis',(-8.30446407189015E-17,8.84716088129612E-16,
1.));
#5937=DIRECTION('ref_axis',(3.94745964311164E-15,1.,-8.84716088129612E-16));
#5938=DIRECTION('',(-1.,4.78938579556978E-15,-8.3044640718906E-17));
#5939=DIRECTION('center_axis',(-8.30446407189017E-17,8.84716088129613E-16,
1.));
#5940=DIRECTION('ref_axis',(-1.,3.94745964311162E-15,-8.30446407189051E-17));
#5941=DIRECTION('',(-4.3208679877303E-15,-1.,8.84716088129612E-16));
#5942=DIRECTION('center_axis',(-8.30446407189017E-17,8.84716088129612E-16,
1.));
#5943=DIRECTION('ref_axis',(-7.89491928622326E-15,-1.,8.84716088129612E-16));
#5944=DIRECTION('',(1.,-4.56875726808184E-15,8.30446407189057E-17));
#5945=DIRECTION('center_axis',(-8.30446407189017E-17,8.84716088129612E-16,
1.));
#5946=DIRECTION('ref_axis',(1.,-1.26882631385731E-14,8.30446407189129E-17));
#5947=DIRECTION('center_axis',(5.63785129692328E-16,1.,-8.11850586754625E-16));
#5948=DIRECTION('ref_axis',(-1.,5.63785129692328E-16,7.88860905221012E-31));
#5949=DIRECTION('center_axis',(5.63785129692328E-16,1.,-8.11850586754625E-16));
#5950=DIRECTION('ref_axis',(0.999999999999632,0.,-8.58297567588448E-7));
#5951=DIRECTION('',(-5.71393105022356E-15,-8.11850586754621E-16,-1.));
#5952=DIRECTION('',(1.,-5.63785129692325E-16,3.42638023284121E-15));
#5953=DIRECTION('',(-3.99680288865056E-15,8.11850586754627E-16,1.));
#5954=DIRECTION('',(0.,0.,1.));
#5955=DIRECTION('',(-1.09882196616978E-7,-8.11850524804672E-16,-0.999999999999994));
#5956=DIRECTION('',(1.,-5.63785129692337E-16,-1.11039194855089E-14));
#5957=DIRECTION('center_axis',(-5.63785129692328E-16,-1.,8.11850586754625E-16));
#5958=DIRECTION('ref_axis',(0.999999999999994,0.,1.10130811442987E-7));
#5959=DIRECTION('center_axis',(5.63785129692328E-16,1.,-8.11850586754625E-16));
#5960=DIRECTION('ref_axis',(-1.,0.,1.62343054778862E-30));
#5961=DIRECTION('center_axis',(5.63785129692328E-16,1.,-8.11850586754625E-16));
#5962=DIRECTION('ref_axis',(-1.,0.,1.20614572650481E-30));
#5963=DIRECTION('center_axis',(5.63785129692327E-16,1.,-8.11850586754625E-16));
#5964=DIRECTION('ref_axis',(-1.,5.63785129692327E-16,7.88860905221012E-31));
#5965=DIRECTION('center_axis',(5.63785129692328E-16,1.,-8.11850586754625E-16));
#5966=DIRECTION('ref_axis',(-1.,5.63785129692328E-16,7.88860905221012E-31));
#5967=DIRECTION('center_axis',(0.,1.,0.));
#5968=DIRECTION('ref_axis',(1.,0.,0.));
#5969=DIRECTION('',(0.,0.,1.));
#5970=DIRECTION('',(-1.,0.,-3.42638023284121E-15));
#5971=DIRECTION('',(5.71393105022356E-15,0.,1.));
#5972=DIRECTION('center_axis',(0.,-1.,0.));
#5973=DIRECTION('ref_axis',(0.999999999999632,0.,-8.58297567588448E-7));
#5974=DIRECTION('center_axis',(0.,1.,0.));
#5975=DIRECTION('ref_axis',(0.999999999999994,0.,1.10130811442987E-7));
#5976=DIRECTION('center_axis',(0.,1.,0.));
#5977=DIRECTION('ref_axis',(0.999999999999994,0.,1.10130811442987E-7));
#5978=DIRECTION('',(-1.10130811478231E-7,0.,0.999999999999994));
#5979=DIRECTION('',(0.,0.,1.));
#5980=DIRECTION('center_axis',(0.,-1.,0.));
#5981=DIRECTION('ref_axis',(1.,0.,0.));
#5982=DIRECTION('center_axis',(0.,-1.48029736616688E-15,-1.));
#5983=DIRECTION('ref_axis',(3.94745964311164E-15,1.,-1.48029736616688E-15));
#5984=DIRECTION('',(0.,-1.48029736616688E-15,-1.));
#5985=DIRECTION('',(0.,-1.48029736616688E-15,-1.));
#5986=DIRECTION('center_axis',(4.78938579556978E-15,1.,-1.48029736616688E-15));
#5987=DIRECTION('ref_axis',(1.,-4.78938579556978E-15,8.3044640718906E-17));
#5988=DIRECTION('',(0.,-1.48029736616688E-15,-1.));
#5989=DIRECTION('center_axis',(0.,-1.48029736616688E-15,-1.));
#5990=DIRECTION('ref_axis',(-1.,3.94745964311162E-15,-5.84797928002381E-30));
#5991=DIRECTION('',(0.,-1.48029736616688E-15,-1.));
#5992=DIRECTION('center_axis',(-1.,4.3208679877303E-15,-6.39616950179193E-30));
#5993=DIRECTION('ref_axis',(4.3208679877303E-15,1.,-8.84716088129612E-16));
#5994=DIRECTION('',(0.,-1.48029736616688E-15,-1.));
#5995=DIRECTION('center_axis',(0.,-1.48029736616688E-15,-1.));
#5996=DIRECTION('ref_axis',(-7.89491928622326E-15,-1.,1.48029736616688E-15));
#5997=DIRECTION('',(0.,-1.48029736616688E-15,-1.));
#5998=DIRECTION('center_axis',(-4.56875726808184E-15,-1.,1.48029736616688E-15));
#5999=DIRECTION('ref_axis',(-1.,4.56875726808184E-15,-8.30446407189057E-17));
#6000=DIRECTION('',(0.,-1.48029736616688E-15,-1.));
#6001=DIRECTION('center_axis',(0.,-1.48029736616688E-15,-1.));
#6002=DIRECTION('ref_axis',(1.,-1.26882631385731E-14,1.87882720060449E-29));
#6003=DIRECTION('',(0.,-1.48029736616688E-15,-1.));
#6004=DIRECTION('center_axis',(1.,0.,0.));
#6005=DIRECTION('ref_axis',(0.,0.,1.));
#6006=DIRECTION('',(0.,0.,1.));
#6007=DIRECTION('',(0.,-1.,0.));
#6008=DIRECTION('',(0.,0.,-1.));
#6009=DIRECTION('center_axis',(1.,0.,0.));
#6010=DIRECTION('ref_axis',(0.,1.,0.));
#6011=DIRECTION('',(0.,0.,1.));
#6012=DIRECTION('',(0.,1.,0.));
#6013=DIRECTION('center_axis',(0.,1.,0.));
#6014=DIRECTION('ref_axis',(1.,0.,0.));
#6015=DIRECTION('',(0.,0.,1.));
#6016=DIRECTION('',(1.10130811478231E-7,0.,-0.999999999999994));
#6017=DIRECTION('center_axis',(0.,1.,0.));
#6018=DIRECTION('ref_axis',(0.999999999999994,0.,1.10130811442987E-7));
#6019=DIRECTION('',(1.09882196616978E-7,0.,0.999999999999994));
#6020=DIRECTION('',(0.,0.,1.));
#6021=DIRECTION('',(-0.000100188069735854,0.,-0.999999994981175));
#6022=DIRECTION('',(1.,0.,-1.60751772389187E-9));
#6023=DIRECTION('',(1.,0.,3.22311621842776E-15));
#6024=DIRECTION('center_axis',(0.,1.,0.));
#6025=DIRECTION('ref_axis',(1.,0.,0.));
#6026=DIRECTION('center_axis',(-1.,0.,0.));
#6027=DIRECTION('ref_axis',(0.,0.,-1.));
#6028=DIRECTION('',(0.,0.,1.));
#6029=DIRECTION('',(0.,1.,0.));
#6030=DIRECTION('center_axis',(-1.,0.,0.));
#6031=DIRECTION('ref_axis',(0.,-1.,0.));
#6032=DIRECTION('',(0.,-1.,0.));
#6033=DIRECTION('center_axis',(-5.63785129692328E-16,-1.,8.11850586754625E-16));
#6034=DIRECTION('ref_axis',(0.,-7.72328891082481E-16,-1.));
#6035=DIRECTION('center_axis',(5.63785129692328E-16,1.,-8.11850586754625E-16));
#6036=DIRECTION('ref_axis',(-1.,5.63785129692328E-16,2.9341587346074E-16));
#6037=DIRECTION('center_axis',(-1.,5.63785129692328E-16,-4.35427544024068E-31));
#6038=DIRECTION('ref_axis',(0.,7.72328891082481E-16,1.));
#6039=DIRECTION('center_axis',(-5.63785129692328E-16,-1.,8.11850586754625E-16));
#6040=DIRECTION('ref_axis',(-1.,6.34412699380802E-16,2.9341587346074E-16));
#6041=DIRECTION('center_axis',(-5.63785129692328E-16,-1.,8.11850586754625E-16));
#6042=DIRECTION('ref_axis',(-1.,6.34412699380802E-16,2.9341587346074E-16));
#6043=DIRECTION('center_axis',(5.63785129692328E-16,1.,-8.11850586754625E-16));
#6044=DIRECTION('ref_axis',(-1.,5.63785129692328E-16,7.88860905221012E-31));
#6045=DIRECTION('',(-3.99680288865056E-15,8.11850586754627E-16,1.));
#6046=DIRECTION('',(-1.,5.63785129692325E-16,-3.77576270118904E-15));
#6047=DIRECTION('',(-1.,0.,1.60751772389187E-9));
#6048=DIRECTION('',(0.000100188069735854,0.,0.999999994981175));
#6049=DIRECTION('',(-1.77635683940025E-15,8.11850586754626E-16,1.));
#6050=DIRECTION('center_axis',(5.63785129692328E-16,1.,-8.11850586754625E-16));
#6051=DIRECTION('ref_axis',(-1.,5.63785129692327E-16,-1.60982290864017E-15));
#6052=DIRECTION('center_axis',(-5.63785129692328E-16,-1.,8.11850586754625E-16));
#6053=DIRECTION('ref_axis',(-1.,5.63785129692328E-16,7.88860905221012E-31));
#6054=DIRECTION('center_axis',(-5.63785129692327E-16,-1.,8.11850586754625E-16));
#6055=DIRECTION('ref_axis',(-1.,5.63785129692327E-16,7.88860905221012E-31));
#6056=DIRECTION('center_axis',(0.,-1.,7.40148683083438E-16));
#6057=DIRECTION('ref_axis',(-1.,0.,1.20614572650481E-30));
#6058=DIRECTION('',(0.,-1.,7.40148683083438E-16));
#6059=DIRECTION('center_axis',(-5.63785129692328E-16,-1.,8.11850586754625E-16));
#6060=DIRECTION('ref_axis',(0.,-7.72328990950033E-16,-1.));
#6061=DIRECTION('center_axis',(-1.,5.63785129692328E-16,-4.35427600327909E-31));
#6062=DIRECTION('ref_axis',(0.,7.72328990950034E-16,1.));
#6063=DIRECTION('center_axis',(-5.63785129692328E-16,-1.,8.11850586754625E-16));
#6064=DIRECTION('ref_axis',(-1.,6.34412968921098E-16,-1.60982290864017E-15));
#6065=DIRECTION('center_axis',(-5.63785129692328E-16,-1.,8.11850586754625E-16));
#6066=DIRECTION('ref_axis',(-1.,6.34412968921098E-16,-1.60982290864017E-15));
#6067=DIRECTION('center_axis',(0.,-1.,1.48029736616688E-15));
#6068=DIRECTION('ref_axis',(-1.,0.,1.62343054778862E-30));
#6069=DIRECTION('',(0.,-1.,1.48029736616688E-15));
#6070=DIRECTION('center_axis',(5.63785129692328E-16,1.,-8.11850586754625E-16));
#6071=DIRECTION('ref_axis',(-1.,5.63785129692328E-16,7.88860905221012E-31));
#6072=DIRECTION('',(0.,0.,1.));
#6073=DIRECTION('',(0.000100188069735854,8.11794098136199E-16,0.999999994981175));
#6074=DIRECTION('center_axis',(0.,-1.,0.));
#6075=DIRECTION('ref_axis',(1.,0.,0.));
#6076=DIRECTION('',(0.,1.,0.));
#6077=DIRECTION('center_axis',(-0.999999999999994,0.,-1.10130811478231E-7));
#6078=DIRECTION('ref_axis',(1.10130811478231E-7,0.,-0.999999999999994));
#6079=DIRECTION('',(0.,-1.,0.));
#6080=DIRECTION('center_axis',(3.22311621842776E-15,0.,-1.));
#6081=DIRECTION('ref_axis',(1.,0.,3.22311621842776E-15));
#6082=DIRECTION('',(1.,0.,-1.60751772389187E-9));
#6083=DIRECTION('',(0.,-1.,0.));
#6084=DIRECTION('center_axis',(-1.60751772389187E-9,0.,-1.));
#6085=DIRECTION('ref_axis',(1.,0.,-1.60751772389187E-9));
#6086=DIRECTION('',(0.,1.,0.));
#6087=DIRECTION('',(0.,-1.,9.06304509898087E-16));
#6088=DIRECTION('',(1.,-5.63785129692325E-16,3.77576270118904E-15));
#6089=DIRECTION('',(-1.,0.,1.60751772389187E-9));
#6090=DIRECTION('',(0.,-1.,0.));
#6091=DIRECTION('',(1.,0.,-1.60751772389187E-9));
#6092=DIRECTION('center_axis',(-0.999999994981175,0.,0.000100188069735854));
#6093=DIRECTION('ref_axis',(-0.000100188069735854,0.,-0.999999994981175));
#6094=DIRECTION('',(1.60992021470821E-30,-1.,1.60689811758313E-26));
#6095=DIRECTION('center_axis',(0.999999999999994,0.,-1.09882196616978E-7));
#6096=DIRECTION('ref_axis',(1.09882196616978E-7,0.,0.999999999999994));
#6097=DIRECTION('',(0.,-1.,0.));
#6098=DIRECTION('',(0.,-1.,0.));
#6099=DIRECTION('center_axis',(0.,-1.,0.));
#6100=DIRECTION('ref_axis',(1.24308042174049E-10,0.,-1.));
#6101=DIRECTION('center_axis',(0.,-1.,0.));
#6102=DIRECTION('ref_axis',(0.999999999999994,0.,1.10130811442987E-7));
#6103=DIRECTION('center_axis',(0.,1.,0.));
#6104=DIRECTION('ref_axis',(1.,0.,0.));
#6105=DIRECTION('',(-2.12989281850006E-6,0.,0.999999999997732));
#6106=DIRECTION('',(-1.,0.,-3.42638023284121E-15));
#6107=DIRECTION('center_axis',(0.,1.,0.));
#6108=DIRECTION('ref_axis',(1.,0.,0.));
#6109=DIRECTION('center_axis',(0.,1.,0.));
#6110=DIRECTION('ref_axis',(0.999999999999994,0.,1.10130811442987E-7));
#6111=DIRECTION('',(-1.,0.,1.11039194855089E-14));
#6112=DIRECTION('center_axis',(1.,0.,-5.71393105022356E-15));
#6113=DIRECTION('ref_axis',(5.71393105022356E-15,0.,1.));
#6114=DIRECTION('',(0.,-1.,0.));
#6115=DIRECTION('',(0.,-1.,0.));
#6116=DIRECTION('center_axis',(-3.42638023284121E-15,0.,1.));
#6117=DIRECTION('ref_axis',(-1.,0.,-3.42638023284121E-15));
#6118=DIRECTION('',(0.,-1.,0.));
#6119=DIRECTION('',(1.,0.,3.42638023284121E-15));
#6120=DIRECTION('center_axis',(0.999999999997732,0.,2.12989281850006E-6));
#6121=DIRECTION('ref_axis',(-2.12989281850006E-6,0.,0.999999999997732));
#6122=DIRECTION('',(-2.12989281850006E-6,0.,0.999999999997732));
#6123=DIRECTION('center_axis',(1.11039194855089E-14,0.,1.));
#6124=DIRECTION('ref_axis',(-1.,0.,1.11039194855089E-14));
#6125=DIRECTION('',(0.,-1.,0.));
#6126=DIRECTION('center_axis',(0.,-1.,0.));
#6127=DIRECTION('ref_axis',(4.56287235311567E-15,0.,-1.));
#6128=DIRECTION('center_axis',(0.,-1.,0.));
#6129=DIRECTION('ref_axis',(0.999999999999632,0.,-8.58297567588448E-7));
#6130=DIRECTION('center_axis',(0.,1.,0.));
#6131=DIRECTION('ref_axis',(1.,0.,0.));
#6132=DIRECTION('',(-3.99680288865056E-15,8.11850586754627E-16,1.));
#6133=DIRECTION('center_axis',(0.,-1.,9.06304509898087E-16));
#6134=DIRECTION('ref_axis',(-1.,0.,1.29982191087465E-30));
#6135=DIRECTION('',(0.,1.,-9.06304509898087E-16));
#6136=DIRECTION('center_axis',(0.,-1.,9.06304509898087E-16));
#6137=DIRECTION('ref_axis',(-1.,0.,1.29982191087465E-30));
#6138=DIRECTION('',(0.,1.,-9.06304509898087E-16));
#6139=DIRECTION('center_axis',(3.77576270118904E-15,-9.06304509898087E-16,
-1.));
#6140=DIRECTION('ref_axis',(1.,-5.63785129692325E-16,3.77576270118904E-15));
#6141=DIRECTION('',(0.,-1.,9.06304509898087E-16));
#6142=DIRECTION('center_axis',(-1.,-1.60992021473676E-30,-1.77635683940025E-15));
#6143=DIRECTION('ref_axis',(1.77635683940025E-15,-8.11850586754626E-16,
-1.));
#6144=DIRECTION('center_axis',(1.,3.6223204831577E-30,3.99680288865056E-15));
#6145=DIRECTION('ref_axis',(-3.99680288865056E-15,8.11850586754627E-16,
1.));
#6146=DIRECTION('center_axis',(-0.999999999634786,-2.83812757956042E-6,
2.68769914891945E-5));
#6147=DIRECTION('ref_axis',(1.69979786321315E-5,0.707108970339006,0.707104591823005));
#6148=DIRECTION('',(-0.999999999634786,-2.83812757956042E-6,2.68769914891945E-5));
#6149=DIRECTION('center_axis',(-0.999999999634786,-2.83812757956042E-6,
2.68769914891945E-5));
#6150=DIRECTION('ref_axis',(2.68769827025074E-5,3.09593784679207E-6,0.999999999634021));
#6151=DIRECTION('',(0.999999999634786,2.83812757956042E-6,-2.68769914891945E-5));
#6152=DIRECTION('center_axis',(-0.999999999634786,-2.83812757971322E-6,
2.68769914943616E-5));
#6153=DIRECTION('ref_axis',(2.68769827076745E-5,3.09593784679196E-6,0.999999999634022));
#6154=DIRECTION('',(2.83821078801855E-6,-0.99999999999118,3.09586156535541E-6));
#6155=DIRECTION('',(2.68769827076745E-5,3.09593784679196E-6,0.999999999634022));
#6156=DIRECTION('center_axis',(-0.999999999634786,-2.83812757971322E-6,
2.68769914943616E-5));
#6157=DIRECTION('ref_axis',(-1.69979786321315E-5,-0.707108970339006,-0.707104591823005));
#6158=DIRECTION('',(2.8382107881697E-6,-0.99999999999118,3.09586156535552E-6));
#6159=DIRECTION('center_axis',(-0.999999999634786,-2.83812757971322E-6,
2.68769914943616E-5));
#6160=DIRECTION('ref_axis',(-2.10118148214104E-5,0.707104592022066,-0.707108970032067));
#6161=DIRECTION('',(-2.68769827076745E-5,-3.09593784679196E-6,-0.999999999634022));
#6162=DIRECTION('center_axis',(-0.999999999915182,-2.83817143498618E-6,
1.27114753020577E-5));
#6163=DIRECTION('ref_axis',(1.27114665153597E-5,3.09589764293918E-6,0.999999999914417));
#6164=DIRECTION('',(1.27114665153597E-5,3.09589764293915E-6,0.999999999914417));
#6165=DIRECTION('',(-1.27114665153597E-5,-3.09589764293915E-6,-0.999999999914417));
#6166=DIRECTION('center_axis',(2.83821078801855E-6,-0.99999999999118,3.09586156535541E-6));
#6167=DIRECTION('ref_axis',(2.68769827025108E-5,3.09593784679195E-6,0.999999999634022));
#6168=DIRECTION('',(0.999999999634786,2.83812757956042E-6,-2.68769914891945E-5));
#6169=DIRECTION('center_axis',(2.83821078801855E-6,-0.99999999999118,3.09586156535541E-6));
#6170=DIRECTION('ref_axis',(-0.999999999634786,-2.83812757956208E-6,2.68769914892544E-5));
#6171=DIRECTION('center_axis',(2.83821078801855E-6,-0.99999999999118,3.09586156535541E-6));
#6172=DIRECTION('ref_axis',(-2.68769827025108E-5,-3.09593784679195E-6,-0.999999999634021));
#6173=DIRECTION('center_axis',(2.83821078801855E-6,-0.99999999999118,3.09586156535541E-6));
#6174=DIRECTION('ref_axis',(-2.68769827025108E-5,-3.09593784679195E-6,-0.999999999634021));
#6175=DIRECTION('center_axis',(2.83821078801855E-6,-0.99999999999118,3.09586156535541E-6));
#6176=DIRECTION('ref_axis',(-2.68769827025108E-5,-3.09593784679195E-6,-0.999999999634021));
#6177=DIRECTION('',(0.999999999634786,2.83812757956042E-6,-2.68769914891945E-5));
#6178=DIRECTION('center_axis',(-2.83821078801855E-6,0.99999999999118,-3.09586156535541E-6));
#6179=DIRECTION('ref_axis',(0.917652255317107,1.37424352987238E-6,-0.397384370993046));
#6180=DIRECTION('center_axis',(-2.83821078801855E-6,0.99999999999118,-3.09586156535541E-6));
#6181=DIRECTION('ref_axis',(-0.628518456505201,6.24076763166673E-7,0.777794670740248));
#6182=DIRECTION('center_axis',(-2.83821078801855E-6,0.99999999999118,-3.09586156535541E-6));
#6183=DIRECTION('ref_axis',(0.917673614977133,3.8346454419953E-6,0.397335042955057));
#6184=DIRECTION('',(-0.999999999634786,-2.83812757956042E-6,2.68769914891945E-5));
#6185=DIRECTION('center_axis',(-2.83821078801855E-6,0.99999999999118,-3.09586156535541E-6));
#6186=DIRECTION('ref_axis',(-0.917652255317107,-1.37424352987238E-6,0.397384370993046));
#6187=DIRECTION('center_axis',(-2.83821078801855E-6,0.99999999999118,-3.09586156535541E-6));
#6188=DIRECTION('ref_axis',(0.628518456505201,-6.24076763166673E-7,-0.777794670740248));
#6189=DIRECTION('center_axis',(-2.83821078801855E-6,0.99999999999118,-3.09586156535541E-6));
#6190=DIRECTION('ref_axis',(-0.917673614977133,-3.8346454419953E-6,-0.397335042955057));
#6191=DIRECTION('center_axis',(-2.83821078801855E-6,0.99999999999118,-3.09586156535541E-6));
#6192=DIRECTION('ref_axis',(0.628518456505201,-6.24076763166673E-7,-0.777794670740248));
#6193=DIRECTION('center_axis',(-2.83821078801855E-6,0.99999999999118,-3.09586156535541E-6));
#6194=DIRECTION('ref_axis',(-0.917673614977133,-3.8346454419953E-6,-0.397335042955057));
#6195=DIRECTION('',(0.999999999634786,2.83812757956042E-6,-2.68769914891945E-5));
#6196=DIRECTION('center_axis',(-2.83821078801855E-6,0.99999999999118,-3.09586156535541E-6));
#6197=DIRECTION('ref_axis',(0.917652255317107,1.37424352987238E-6,-0.397384370993046));
#6198=DIRECTION('center_axis',(-2.83821078801855E-6,0.99999999999118,-3.09586156535541E-6));
#6199=DIRECTION('ref_axis',(-0.628518456505201,6.24076763166673E-7,0.777794670740248));
#6200=DIRECTION('center_axis',(-2.83821078801855E-6,0.99999999999118,-3.09586156535541E-6));
#6201=DIRECTION('ref_axis',(0.917673614977133,3.8346454419953E-6,0.397335042955057));
#6202=DIRECTION('',(-0.999999999634786,-2.83812757956042E-6,2.68769914891945E-5));
#6203=DIRECTION('center_axis',(-2.83821078801855E-6,0.99999999999118,-3.09586156535541E-6));
#6204=DIRECTION('ref_axis',(-0.917652255317107,-1.37424352987238E-6,0.397384370993046));
#6205=DIRECTION('',(0.999999999634786,2.83812757956042E-6,-2.68769914891945E-5));
#6206=DIRECTION('center_axis',(-2.83821078801855E-6,0.99999999999118,-3.09586156535541E-6));
#6207=DIRECTION('ref_axis',(0.917652255317107,1.37424352987238E-6,-0.397384370993046));
#6208=DIRECTION('center_axis',(-2.83821078801855E-6,0.99999999999118,-3.09586156535541E-6));
#6209=DIRECTION('ref_axis',(-0.628518456505201,6.24076763166673E-7,0.777794670740248));
#6210=DIRECTION('center_axis',(-2.83821078801855E-6,0.99999999999118,-3.09586156535541E-6));
#6211=DIRECTION('ref_axis',(0.917673614977133,3.8346454419953E-6,0.397335042955057));
#6212=DIRECTION('',(-0.999999999634786,-2.83812757956042E-6,2.68769914891945E-5));
#6213=DIRECTION('center_axis',(-2.83821078801855E-6,0.99999999999118,-3.09586156535541E-6));
#6214=DIRECTION('ref_axis',(-0.917652255317107,-1.37424352987238E-6,0.397384370993046));
#6215=DIRECTION('center_axis',(-2.83821078801855E-6,0.99999999999118,-3.09586156535541E-6));
#6216=DIRECTION('ref_axis',(0.628518456505201,-6.24076763166673E-7,-0.777794670740248));
#6217=DIRECTION('center_axis',(-2.83821078801855E-6,0.99999999999118,-3.09586156535541E-6));
#6218=DIRECTION('ref_axis',(-0.917673614977133,-3.8346454419953E-6,-0.397335042955057));
#6219=DIRECTION('center_axis',(0.999999999634786,2.83812757956042E-6,-2.68769914891945E-5));
#6220=DIRECTION('ref_axis',(-2.10118148214104E-5,0.707104592022066,-0.707108970032067));
#6221=DIRECTION('',(-0.999999999634786,-2.83812757956042E-6,2.68769914891945E-5));
#6222=DIRECTION('center_axis',(-0.999999999634786,-2.83812757956042E-6,
2.68769914891945E-5));
#6223=DIRECTION('ref_axis',(-2.83821078801688E-6,0.99999999999118,-3.09586156535541E-6));
#6224=DIRECTION('center_axis',(2.83821078801855E-6,-0.99999999999118,3.09586156535541E-6));
#6225=DIRECTION('ref_axis',(2.68769827025108E-5,3.09593784679195E-6,0.999999999634022));
#6226=DIRECTION('',(0.999999999634786,2.83812757956042E-6,-2.68769914891945E-5));
#6227=DIRECTION('center_axis',(-2.83821078801855E-6,0.99999999999118,-3.09586156535541E-6));
#6228=DIRECTION('ref_axis',(-0.999999999634786,-2.83812757956208E-6,2.68769914892544E-5));
#6229=DIRECTION('',(-0.999999999634786,-2.83812757956041E-6,2.68769914891945E-5));
#6230=DIRECTION('',(-0.999999999634786,-2.83812757956042E-6,2.68769914891945E-5));
#6231=DIRECTION('center_axis',(2.83821078801855E-6,-0.99999999999118,3.09586156535541E-6));
#6232=DIRECTION('ref_axis',(-0.917673614977133,-3.8346454419953E-6,-0.397335042955057));
#6233=DIRECTION('center_axis',(2.83821078801855E-6,-0.99999999999118,3.09586156535541E-6));
#6234=DIRECTION('ref_axis',(0.628518456505201,-6.24076763166673E-7,-0.777794670740248));
#6235=DIRECTION('center_axis',(2.83821078801855E-6,-0.99999999999118,3.09586156535541E-6));
#6236=DIRECTION('ref_axis',(-0.917652255317107,-1.37424352987238E-6,0.397384370993046));
#6237=DIRECTION('',(0.999999999634786,2.83812757956042E-6,-2.68769914891945E-5));
#6238=DIRECTION('center_axis',(2.83821078801855E-6,-0.99999999999118,3.09586156535541E-6));
#6239=DIRECTION('ref_axis',(0.917673614977133,3.8346454419953E-6,0.397335042955057));
#6240=DIRECTION('center_axis',(2.83821078801855E-6,-0.99999999999118,3.09586156535541E-6));
#6241=DIRECTION('ref_axis',(-0.628518456505201,6.24076763166673E-7,0.777794670740248));
#6242=DIRECTION('center_axis',(2.83821078801855E-6,-0.99999999999118,3.09586156535541E-6));
#6243=DIRECTION('ref_axis',(0.917652255317107,1.37424352987238E-6,-0.397384370993046));
#6244=DIRECTION('center_axis',(2.83821078801855E-6,-0.99999999999118,3.09586156535541E-6));
#6245=DIRECTION('ref_axis',(0.628518456505201,-6.24076763166673E-7,-0.777794670740248));
#6246=DIRECTION('center_axis',(2.83821078801855E-6,-0.99999999999118,3.09586156535541E-6));
#6247=DIRECTION('ref_axis',(-0.917652255317107,-1.37424352987238E-6,0.397384370993046));
#6248=DIRECTION('',(0.999999999634786,2.83812757956042E-6,-2.68769914891945E-5));
#6249=DIRECTION('center_axis',(2.83821078801855E-6,-0.99999999999118,3.09586156535541E-6));
#6250=DIRECTION('ref_axis',(0.917673614977133,3.8346454419953E-6,0.397335042955057));
#6251=DIRECTION('center_axis',(2.83821078801855E-6,-0.99999999999118,3.09586156535541E-6));
#6252=DIRECTION('ref_axis',(-0.628518456505201,6.24076763166673E-7,0.777794670740248));
#6253=DIRECTION('center_axis',(2.83821078801855E-6,-0.99999999999118,3.09586156535541E-6));
#6254=DIRECTION('ref_axis',(0.917652255317107,1.37424352987238E-6,-0.397384370993046));
#6255=DIRECTION('',(-0.999999999634786,-2.83812757956042E-6,2.68769914891945E-5));
#6256=DIRECTION('center_axis',(2.83821078801855E-6,-0.99999999999118,3.09586156535541E-6));
#6257=DIRECTION('ref_axis',(-0.917673614977133,-3.8346454419953E-6,-0.397335042955057));
#6258=DIRECTION('',(-0.999999999634786,-2.83812757956042E-6,2.68769914891945E-5));
#6259=DIRECTION('center_axis',(2.83821078801855E-6,-0.99999999999118,3.09586156535541E-6));
#6260=DIRECTION('ref_axis',(-0.917673614977133,-3.8346454419953E-6,-0.397335042955057));
#6261=DIRECTION('center_axis',(2.83821078801855E-6,-0.99999999999118,3.09586156535541E-6));
#6262=DIRECTION('ref_axis',(0.628518456505201,-6.24076763166673E-7,-0.777794670740248));
#6263=DIRECTION('center_axis',(2.83821078801855E-6,-0.99999999999118,3.09586156535541E-6));
#6264=DIRECTION('ref_axis',(-0.917652255317107,-1.37424352987238E-6,0.397384370993046));
#6265=DIRECTION('',(0.999999999634786,2.83812757956042E-6,-2.68769914891945E-5));
#6266=DIRECTION('center_axis',(2.83821078801855E-6,-0.99999999999118,3.09586156535541E-6));
#6267=DIRECTION('ref_axis',(0.917673614977133,3.8346454419953E-6,0.397335042955057));
#6268=DIRECTION('center_axis',(2.83821078801855E-6,-0.99999999999118,3.09586156535541E-6));
#6269=DIRECTION('ref_axis',(-0.628518456505201,6.24076763166673E-7,0.777794670740248));
#6270=DIRECTION('center_axis',(2.83821078801855E-6,-0.99999999999118,3.09586156535541E-6));
#6271=DIRECTION('ref_axis',(0.917652255317107,1.37424352987238E-6,-0.397384370993046));
#6272=DIRECTION('center_axis',(-2.83821078801855E-6,0.99999999999118,-3.09586156535541E-6));
#6273=DIRECTION('ref_axis',(-2.68769827025108E-5,-3.09593784679195E-6,-0.999999999634021));
#6274=DIRECTION('center_axis',(-2.83821078801855E-6,0.99999999999118,-3.09586156535541E-6));
#6275=DIRECTION('ref_axis',(-2.68769827025108E-5,-3.09593784679195E-6,-0.999999999634021));
#6276=DIRECTION('center_axis',(-2.83821078801855E-6,0.99999999999118,-3.09586156535541E-6));
#6277=DIRECTION('ref_axis',(-2.68769827025108E-5,-3.09593784679195E-6,-0.999999999634021));
#6278=DIRECTION('center_axis',(-2.68769827025108E-5,-3.09593784679207E-6,
-0.999999999634022));
#6279=DIRECTION('ref_axis',(2.83821078801855E-6,-0.99999999999118,3.09586156535553E-6));
#6280=DIRECTION('',(0.999999999634786,2.83812757956042E-6,-2.68769914891945E-5));
#6281=DIRECTION('',(2.83821078801855E-6,-0.99999999999118,3.09586156535541E-6));
#6282=DIRECTION('center_axis',(2.83821078801855E-6,-0.99999999999118,3.09586156535541E-6));
#6283=DIRECTION('ref_axis',(2.6876982703625E-5,3.09593784682723E-6,0.999999999634022));
#6284=DIRECTION('center_axis',(-2.83821078801855E-6,0.99999999999118,-3.09586156535541E-6));
#6285=DIRECTION('ref_axis',(-0.999999999634786,-2.83812757956208E-6,2.68769914892545E-5));
#6286=DIRECTION('center_axis',(2.68769827025108E-5,3.09593784679207E-6,
0.999999999634022));
#6287=DIRECTION('ref_axis',(-2.83821078801855E-6,0.99999999999118,-3.09586156535553E-6));
#6288=DIRECTION('',(2.83821078801855E-6,-0.99999999999118,3.09586156535541E-6));
#6289=DIRECTION('',(-0.999999999634786,-2.83812757956042E-6,2.68769914891945E-5));
#6290=DIRECTION('center_axis',(2.83821078801855E-6,-0.99999999999118,3.09586156535541E-6));
#6291=DIRECTION('ref_axis',(2.68769827025108E-5,3.09593784679195E-6,0.999999999634021));
#6292=DIRECTION('center_axis',(2.83821078801855E-6,-0.99999999999118,3.09586156535541E-6));
#6293=DIRECTION('ref_axis',(-0.999999999634786,-2.83812757956208E-6,2.68769914892545E-5));
#6294=DIRECTION('center_axis',(-0.999999999634786,-2.83812757956042E-6,
2.68769914891945E-5));
#6295=DIRECTION('ref_axis',(-1.69979786321315E-5,-0.707108970339006,-0.707104591823005));
#6296=DIRECTION('center_axis',(0.999999999634786,2.83812757956042E-6,-2.68769914891945E-5));
#6297=DIRECTION('ref_axis',(2.83821078801688E-6,-0.99999999999118,3.09586156535541E-6));
#6298=DIRECTION('center_axis',(-2.83821078801855E-6,0.99999999999118,-3.09586156535541E-6));
#6299=DIRECTION('ref_axis',(-2.6876982703625E-5,-3.09593784682723E-6,-0.999999999634022));
#6300=DIRECTION('center_axis',(-0.999999999634786,-2.83812757956042E-6,
2.68769914891945E-5));
#6301=DIRECTION('ref_axis',(2.83821078801688E-6,-0.99999999999118,3.09586156535541E-6));
#6302=DIRECTION('center_axis',(0.999999999634786,2.83812757956042E-6,-2.68769914891945E-5));
#6303=DIRECTION('ref_axis',(2.10118148214104E-5,-0.707104592022066,0.707108970032067));
#6304=DIRECTION('center_axis',(2.83821078801855E-6,-0.99999999999118,3.09586156535541E-6));
#6305=DIRECTION('ref_axis',(0.917652255317107,1.37424352987238E-6,-0.397384370993046));
#6306=DIRECTION('',(2.83821078801855E-6,-0.99999999999118,3.09586156535541E-6));
#6307=DIRECTION('center_axis',(-2.83821078801855E-6,0.99999999999118,-3.09586156535541E-6));
#6308=DIRECTION('ref_axis',(0.917652255317107,1.37424352987238E-6,-0.397384370993046));
#6309=DIRECTION('',(-2.83821078801855E-6,0.99999999999118,-3.09586156535541E-6));
#6310=DIRECTION('center_axis',(-2.83821078801855E-6,0.99999999999118,-3.09586156535541E-6));
#6311=DIRECTION('ref_axis',(-0.628518456505201,6.24076763166673E-7,0.777794670740248));
#6312=DIRECTION('center_axis',(2.83821078801855E-6,-0.99999999999118,3.09586156535541E-6));
#6313=DIRECTION('ref_axis',(-0.628518456505201,6.24076763166673E-7,0.777794670740248));
#6314=DIRECTION('',(2.83821078801855E-6,-0.99999999999118,3.09586156535541E-6));
#6315=DIRECTION('center_axis',(2.83821078801855E-6,-0.99999999999118,3.09586156535541E-6));
#6316=DIRECTION('ref_axis',(-0.917673614977133,-3.8346454419953E-6,-0.397335042955057));
#6317=DIRECTION('',(2.83821078801855E-6,-0.99999999999118,3.09586156535541E-6));
#6318=DIRECTION('center_axis',(-2.83821078801855E-6,0.99999999999118,-3.09586156535541E-6));
#6319=DIRECTION('ref_axis',(-0.917673614977133,-3.8346454419953E-6,-0.397335042955057));
#6320=DIRECTION('',(-2.83821078801855E-6,0.99999999999118,-3.09586156535541E-6));
#6321=DIRECTION('center_axis',(2.83821078801855E-6,-0.99999999999118,3.09586156535541E-6));
#6322=DIRECTION('ref_axis',(2.68769827025108E-5,3.09593784679195E-6,0.999999999634022));
#6323=DIRECTION('',(-0.999999999634786,-2.83812757956042E-6,2.68769914891945E-5));
#6324=DIRECTION('center_axis',(2.83821078801855E-6,-0.99999999999118,3.09586156535541E-6));
#6325=DIRECTION('ref_axis',(0.628518456505201,-6.24076763166673E-7,-0.777794670740248));
#6326=DIRECTION('center_axis',(-2.83821078801855E-6,0.99999999999118,-3.09586156535541E-6));
#6327=DIRECTION('ref_axis',(-0.917652255317107,-1.37424352987238E-6,0.397384370993046));
#6328=DIRECTION('',(0.999999999634786,2.83812757956042E-6,-2.68769914891945E-5));
#6329=DIRECTION('center_axis',(-2.83821078801855E-6,0.99999999999118,-3.09586156535541E-6));
#6330=DIRECTION('ref_axis',(0.917673614977133,3.8346454419953E-6,0.397335042955057));
#6331=DIRECTION('center_axis',(-2.83821078801855E-6,0.99999999999118,-3.09586156535541E-6));
#6332=DIRECTION('ref_axis',(0.628518456505201,-6.24076763166673E-7,-0.777794670740248));
#6333=DIRECTION('',(-2.83821078801855E-6,0.99999999999118,-3.09586156535541E-6));
#6334=DIRECTION('center_axis',(2.83821078801855E-6,-0.99999999999118,3.09586156535541E-6));
#6335=DIRECTION('ref_axis',(0.917652255317107,1.37424352987238E-6,-0.397384370993046));
#6336=DIRECTION('',(2.83821078801855E-6,-0.99999999999118,3.09586156535541E-6));
#6337=DIRECTION('center_axis',(-2.83821078801855E-6,0.99999999999118,-3.09586156535541E-6));
#6338=DIRECTION('ref_axis',(0.917652255317107,1.37424352987238E-6,-0.397384370993046));
#6339=DIRECTION('',(-2.83821078801855E-6,0.99999999999118,-3.09586156535541E-6));
#6340=DIRECTION('center_axis',(-2.83821078801855E-6,0.99999999999118,-3.09586156535541E-6));
#6341=DIRECTION('ref_axis',(-0.628518456505201,6.24076763166673E-7,0.777794670740248));
#6342=DIRECTION('center_axis',(2.83821078801855E-6,-0.99999999999118,3.09586156535541E-6));
#6343=DIRECTION('ref_axis',(-0.628518456505201,6.24076763166673E-7,0.777794670740248));
#6344=DIRECTION('',(2.83821078801855E-6,-0.99999999999118,3.09586156535541E-6));
#6345=DIRECTION('center_axis',(2.83821078801855E-6,-0.99999999999118,3.09586156535541E-6));
#6346=DIRECTION('ref_axis',(-0.917673614977133,-3.8346454419953E-6,-0.397335042955057));
#6347=DIRECTION('',(2.83821078801855E-6,-0.99999999999118,3.09586156535541E-6));
#6348=DIRECTION('center_axis',(-2.83821078801855E-6,0.99999999999118,-3.09586156535541E-6));
#6349=DIRECTION('ref_axis',(-0.917673614977133,-3.8346454419953E-6,-0.397335042955057));
#6350=DIRECTION('',(-2.83821078801855E-6,0.99999999999118,-3.09586156535541E-6));
#6351=DIRECTION('center_axis',(2.83821078801855E-6,-0.99999999999118,3.09586156535541E-6));
#6352=DIRECTION('ref_axis',(2.68769827025108E-5,3.09593784679195E-6,0.999999999634022));
#6353=DIRECTION('',(-0.999999999634786,-2.83812757956042E-6,2.68769914891945E-5));
#6354=DIRECTION('center_axis',(2.83821078801855E-6,-0.99999999999118,3.09586156535541E-6));
#6355=DIRECTION('ref_axis',(0.628518456505201,-6.24076763166673E-7,-0.777794670740248));
#6356=DIRECTION('center_axis',(-2.83821078801855E-6,0.99999999999118,-3.09586156535541E-6));
#6357=DIRECTION('ref_axis',(-0.917652255317107,-1.37424352987238E-6,0.397384370993046));
#6358=DIRECTION('',(0.999999999634786,2.83812757956042E-6,-2.68769914891945E-5));
#6359=DIRECTION('center_axis',(-2.83821078801855E-6,0.99999999999118,-3.09586156535541E-6));
#6360=DIRECTION('ref_axis',(0.917673614977133,3.8346454419953E-6,0.397335042955057));
#6361=DIRECTION('center_axis',(-2.83821078801855E-6,0.99999999999118,-3.09586156535541E-6));
#6362=DIRECTION('ref_axis',(0.628518456505201,-6.24076763166673E-7,-0.777794670740248));
#6363=DIRECTION('',(-2.83821078801855E-6,0.99999999999118,-3.09586156535541E-6));
#6364=DIRECTION('center_axis',(2.83821078801855E-6,-0.99999999999118,3.09586156535541E-6));
#6365=DIRECTION('ref_axis',(0.917652255317107,1.37424352987238E-6,-0.397384370993046));
#6366=DIRECTION('',(2.83821078801855E-6,-0.99999999999118,3.09586156535541E-6));
#6367=DIRECTION('center_axis',(-2.83821078801855E-6,0.99999999999118,-3.09586156535541E-6));
#6368=DIRECTION('ref_axis',(0.917652255317107,1.37424352987238E-6,-0.397384370993046));
#6369=DIRECTION('',(-2.83821078801855E-6,0.99999999999118,-3.09586156535541E-6));
#6370=DIRECTION('center_axis',(-2.83821078801855E-6,0.99999999999118,-3.09586156535541E-6));
#6371=DIRECTION('ref_axis',(-0.628518456505201,6.24076763166673E-7,0.777794670740248));
#6372=DIRECTION('center_axis',(2.83821078801855E-6,-0.99999999999118,3.09586156535541E-6));
#6373=DIRECTION('ref_axis',(-0.628518456505201,6.24076763166673E-7,0.777794670740248));
#6374=DIRECTION('',(2.83821078801855E-6,-0.99999999999118,3.09586156535541E-6));
#6375=DIRECTION('center_axis',(2.83821078801855E-6,-0.99999999999118,3.09586156535541E-6));
#6376=DIRECTION('ref_axis',(-0.917673614977133,-3.8346454419953E-6,-0.397335042955057));
#6377=DIRECTION('',(2.83821078801855E-6,-0.99999999999118,3.09586156535541E-6));
#6378=DIRECTION('center_axis',(-2.83821078801855E-6,0.99999999999118,-3.09586156535541E-6));
#6379=DIRECTION('ref_axis',(-0.917673614977133,-3.8346454419953E-6,-0.397335042955057));
#6380=DIRECTION('',(-2.83821078801855E-6,0.99999999999118,-3.09586156535541E-6));
#6381=DIRECTION('center_axis',(2.83821078801855E-6,-0.99999999999118,3.09586156535541E-6));
#6382=DIRECTION('ref_axis',(2.68769827025108E-5,3.09593784679195E-6,0.999999999634022));
#6383=DIRECTION('',(-0.999999999634786,-2.83812757956042E-6,2.68769914891945E-5));
#6384=DIRECTION('center_axis',(2.83821078801855E-6,-0.99999999999118,3.09586156535541E-6));
#6385=DIRECTION('ref_axis',(0.628518456505201,-6.24076763166673E-7,-0.777794670740248));
#6386=DIRECTION('center_axis',(-2.83821078801855E-6,0.99999999999118,-3.09586156535541E-6));
#6387=DIRECTION('ref_axis',(-0.917652255317107,-1.37424352987238E-6,0.397384370993046));
#6388=DIRECTION('',(0.999999999634786,2.83812757956042E-6,-2.68769914891945E-5));
#6389=DIRECTION('center_axis',(-2.83821078801855E-6,0.99999999999118,-3.09586156535541E-6));
#6390=DIRECTION('ref_axis',(0.917673614977133,3.8346454419953E-6,0.397335042955057));
#6391=DIRECTION('center_axis',(-2.83821078801855E-6,0.99999999999118,-3.09586156535541E-6));
#6392=DIRECTION('ref_axis',(0.628518456505201,-6.24076763166673E-7,-0.777794670740248));
#6393=DIRECTION('',(-2.83821078801855E-6,0.99999999999118,-3.09586156535541E-6));
#6394=DIRECTION('center_axis',(2.83821078801855E-6,-0.99999999999118,3.09586156535541E-6));
#6395=DIRECTION('ref_axis',(-0.917652255317107,-1.37424352987238E-6,0.397384370993046));
#6396=DIRECTION('',(2.83821078801855E-6,-0.99999999999118,3.09586156535541E-6));
#6397=DIRECTION('center_axis',(2.83821078801855E-6,-0.99999999999118,3.09586156535541E-6));
#6398=DIRECTION('ref_axis',(0.917673614977133,3.8346454419953E-6,0.397335042955057));
#6399=DIRECTION('',(-2.83821078801855E-6,0.99999999999118,-3.09586156535541E-6));
#6400=DIRECTION('center_axis',(2.83821078801855E-6,-0.99999999999118,3.09586156535541E-6));
#6401=DIRECTION('ref_axis',(-0.917652255317107,-1.37424352987238E-6,0.397384370993046));
#6402=DIRECTION('',(2.83821078801855E-6,-0.99999999999118,3.09586156535541E-6));
#6403=DIRECTION('center_axis',(2.83821078801855E-6,-0.99999999999118,3.09586156535541E-6));
#6404=DIRECTION('ref_axis',(0.917673614977133,3.8346454419953E-6,0.397335042955057));
#6405=DIRECTION('',(-2.83821078801855E-6,0.99999999999118,-3.09586156535541E-6));
#6406=DIRECTION('center_axis',(2.83821078801855E-6,-0.99999999999118,3.09586156535541E-6));
#6407=DIRECTION('ref_axis',(-0.917652255317107,-1.37424352987238E-6,0.397384370993046));
#6408=DIRECTION('',(2.83821078801855E-6,-0.99999999999118,3.09586156535541E-6));
#6409=DIRECTION('center_axis',(2.83821078801855E-6,-0.99999999999118,3.09586156535541E-6));
#6410=DIRECTION('ref_axis',(0.917673614977133,3.8346454419953E-6,0.397335042955057));
#6411=DIRECTION('',(-2.83821078801855E-6,0.99999999999118,-3.09586156535541E-6));
#6412=DIRECTION('center_axis',(-2.83821078801855E-6,0.99999999999118,-3.09586156535541E-6));
#6413=DIRECTION('ref_axis',(-0.917673614977133,-3.8346454419953E-6,-0.397335042955057));
#6414=DIRECTION('',(-2.83821078801855E-6,0.99999999999118,-3.09586156535541E-6));
#6415=DIRECTION('center_axis',(2.83821078801855E-6,-0.99999999999118,3.09586156535541E-6));
#6416=DIRECTION('ref_axis',(-0.917673614977133,-3.8346454419953E-6,-0.397335042955057));
#6417=DIRECTION('',(2.83821078801855E-6,-0.99999999999118,3.09586156535541E-6));
#6418=DIRECTION('center_axis',(-2.68769827025108E-5,-3.09593784679207E-6,
-0.999999999634022));
#6419=DIRECTION('ref_axis',(-0.999999999634786,-2.83812757956042E-6,2.68769914891979E-5));
#6420=DIRECTION('',(2.83821078801855E-6,-0.99999999999118,3.09586156535541E-6));
#6421=DIRECTION('',(-0.999999999634786,-2.83812757956042E-6,2.68769914891945E-5));
#6422=DIRECTION('center_axis',(-2.83821078801855E-6,0.99999999999118,-3.09586156535541E-6));
#6423=DIRECTION('ref_axis',(0.917652255317107,1.37424352987238E-6,-0.397384370993046));
#6424=DIRECTION('',(-2.83821078801855E-6,0.99999999999118,-3.09586156535541E-6));
#6425=DIRECTION('center_axis',(2.83821078801855E-6,-0.99999999999118,3.09586156535541E-6));
#6426=DIRECTION('ref_axis',(0.917652255317107,1.37424352987238E-6,-0.397384370993046));
#6427=DIRECTION('center_axis',(-2.83821078801855E-6,0.99999999999118,-3.09586156535541E-6));
#6428=DIRECTION('ref_axis',(-0.628518456505201,6.24076763166673E-7,0.777794670740248));
#6429=DIRECTION('',(2.83821078801855E-6,-0.99999999999118,3.09586156535541E-6));
#6430=DIRECTION('center_axis',(2.83821078801855E-6,-0.99999999999118,3.09586156535541E-6));
#6431=DIRECTION('ref_axis',(-0.628518456505201,6.24076763166673E-7,0.777794670740248));
#6432=DIRECTION('center_axis',(-2.83821078801855E-6,0.99999999999118,-3.09586156535541E-6));
#6433=DIRECTION('ref_axis',(0.917673614977133,3.8346454419953E-6,0.397335042955057));
#6434=DIRECTION('',(-2.83821078801855E-6,0.99999999999118,-3.09586156535541E-6));
#6435=DIRECTION('center_axis',(2.83821078801855E-6,-0.99999999999118,3.09586156535541E-6));
#6436=DIRECTION('ref_axis',(0.917673614977133,3.8346454419953E-6,0.397335042955057));
#6437=DIRECTION('center_axis',(2.68769827025108E-5,3.09593784679207E-6,
0.999999999634022));
#6438=DIRECTION('ref_axis',(0.999999999634786,2.83812757956042E-6,-2.68769914891979E-5));
#6439=DIRECTION('',(2.83821078801855E-6,-0.99999999999118,3.09586156535541E-6));
#6440=DIRECTION('',(0.999999999634786,2.83812757956042E-6,-2.68769914891945E-5));
#6441=DIRECTION('center_axis',(-2.83821078801855E-6,0.99999999999118,-3.09586156535541E-6));
#6442=DIRECTION('ref_axis',(-0.917652255317107,-1.37424352987238E-6,0.397384370993046));
#6443=DIRECTION('',(-2.83821078801855E-6,0.99999999999118,-3.09586156535541E-6));
#6444=DIRECTION('center_axis',(2.83821078801855E-6,-0.99999999999118,3.09586156535541E-6));
#6445=DIRECTION('ref_axis',(-0.917652255317107,-1.37424352987238E-6,0.397384370993046));
#6446=DIRECTION('center_axis',(-2.83821078801855E-6,0.99999999999118,-3.09586156535541E-6));
#6447=DIRECTION('ref_axis',(0.628518456505201,-6.24076763166673E-7,-0.777794670740248));
#6448=DIRECTION('center_axis',(2.83821078801855E-6,-0.99999999999118,3.09586156535541E-6));
#6449=DIRECTION('ref_axis',(0.628518456505201,-6.24076763166673E-7,-0.777794670740248));
#6450=DIRECTION('center_axis',(-2.83821078801855E-6,0.99999999999118,-3.09586156535541E-6));
#6451=DIRECTION('ref_axis',(-0.917673614977133,-3.8346454419953E-6,-0.397335042955057));
#6452=DIRECTION('',(-2.83821078801855E-6,0.99999999999118,-3.09586156535541E-6));
#6453=DIRECTION('center_axis',(2.83821078801855E-6,-0.99999999999118,3.09586156535541E-6));
#6454=DIRECTION('ref_axis',(-0.917673614977133,-3.8346454419953E-6,-0.397335042955057));
#6455=DIRECTION('',(2.83821078801855E-6,-0.99999999999118,3.09586156535541E-6));
#6456=DIRECTION('center_axis',(-2.68769827025108E-5,-3.09593784679207E-6,
-0.999999999634022));
#6457=DIRECTION('ref_axis',(-0.999999999634786,-2.83812757956042E-6,2.68769914891979E-5));
#6458=DIRECTION('',(2.83821078801855E-6,-0.99999999999118,3.09586156535541E-6));
#6459=DIRECTION('',(-0.999999999634786,-2.83812757956042E-6,2.68769914891945E-5));
#6460=DIRECTION('center_axis',(-2.83821078801855E-6,0.99999999999118,-3.09586156535541E-6));
#6461=DIRECTION('ref_axis',(-0.917652255317107,-1.37424352987238E-6,0.397384370993046));
#6462=DIRECTION('',(-2.83821078801855E-6,0.99999999999118,-3.09586156535541E-6));
#6463=DIRECTION('center_axis',(2.83821078801855E-6,-0.99999999999118,3.09586156535541E-6));
#6464=DIRECTION('ref_axis',(-0.917652255317107,-1.37424352987238E-6,0.397384370993046));
#6465=DIRECTION('',(2.83821078801855E-6,-0.99999999999118,3.09586156535541E-6));
#6466=DIRECTION('center_axis',(-2.83821078801855E-6,0.99999999999118,-3.09586156535541E-6));
#6467=DIRECTION('ref_axis',(0.628518456505201,-6.24076763166673E-7,-0.777794670740248));
#6468=DIRECTION('center_axis',(2.83821078801855E-6,-0.99999999999118,3.09586156535541E-6));
#6469=DIRECTION('ref_axis',(0.628518456505201,-6.24076763166673E-7,-0.777794670740248));
#6470=DIRECTION('center_axis',(-2.83821078801855E-6,0.99999999999118,-3.09586156535541E-6));
#6471=DIRECTION('ref_axis',(0.917652255317107,1.37424352987238E-6,-0.397384370993046));
#6472=DIRECTION('',(-2.83821078801855E-6,0.99999999999118,-3.09586156535541E-6));
#6473=DIRECTION('center_axis',(2.83821078801855E-6,-0.99999999999118,3.09586156535541E-6));
#6474=DIRECTION('ref_axis',(0.917652255317107,1.37424352987238E-6,-0.397384370993046));
#6475=DIRECTION('center_axis',(-2.83821078801855E-6,0.99999999999118,-3.09586156535541E-6));
#6476=DIRECTION('ref_axis',(-0.628518456505201,6.24076763166673E-7,0.777794670740248));
#6477=DIRECTION('',(2.83821078801855E-6,-0.99999999999118,3.09586156535541E-6));
#6478=DIRECTION('center_axis',(2.83821078801855E-6,-0.99999999999118,3.09586156535541E-6));
#6479=DIRECTION('ref_axis',(-0.628518456505201,6.24076763166673E-7,0.777794670740248));
#6480=DIRECTION('center_axis',(-2.83821078801855E-6,0.99999999999118,-3.09586156535541E-6));
#6481=DIRECTION('ref_axis',(0.917673614977133,3.8346454419953E-6,0.397335042955057));
#6482=DIRECTION('',(-2.83821078801855E-6,0.99999999999118,-3.09586156535541E-6));
#6483=DIRECTION('center_axis',(2.83821078801855E-6,-0.99999999999118,3.09586156535541E-6));
#6484=DIRECTION('ref_axis',(0.917673614977133,3.8346454419953E-6,0.397335042955057));
#6485=DIRECTION('center_axis',(2.68769827025108E-5,3.09593784679207E-6,
0.999999999634022));
#6486=DIRECTION('ref_axis',(0.999999999634786,2.83812757956042E-6,-2.68769914891979E-5));
#6487=DIRECTION('',(0.999999999634786,2.83812757956042E-6,-2.68769914891945E-5));
#6488=DIRECTION('center_axis',(-2.83821078801855E-6,0.99999999999118,-3.09586156535541E-6));
#6489=DIRECTION('ref_axis',(-0.917652255317107,-1.37424352987238E-6,0.397384370993046));
#6490=DIRECTION('',(-2.83821078801855E-6,0.99999999999118,-3.09586156535541E-6));
#6491=DIRECTION('center_axis',(2.83821078801855E-6,-0.99999999999118,3.09586156535541E-6));
#6492=DIRECTION('ref_axis',(-0.917652255317107,-1.37424352987238E-6,0.397384370993046));
#6493=DIRECTION('',(2.83821078801855E-6,-0.99999999999118,3.09586156535541E-6));
#6494=DIRECTION('center_axis',(-2.83821078801855E-6,0.99999999999118,-3.09586156535541E-6));
#6495=DIRECTION('ref_axis',(0.628518456505201,-6.24076763166673E-7,-0.777794670740248));
#6496=DIRECTION('',(2.83821078801855E-6,-0.99999999999118,3.09586156535541E-6));
#6497=DIRECTION('center_axis',(2.83821078801855E-6,-0.99999999999118,3.09586156535541E-6));
#6498=DIRECTION('ref_axis',(0.628518456505201,-6.24076763166673E-7,-0.777794670740248));
#6499=DIRECTION('center_axis',(-2.83821078801855E-6,0.99999999999118,-3.09586156535541E-6));
#6500=DIRECTION('ref_axis',(0.917673614977133,3.8346454419953E-6,0.397335042955057));
#6501=DIRECTION('',(-2.83821078801855E-6,0.99999999999118,-3.09586156535541E-6));
#6502=DIRECTION('center_axis',(2.83821078801855E-6,-0.99999999999118,3.09586156535541E-6));
#6503=DIRECTION('ref_axis',(0.917673614977133,3.8346454419953E-6,0.397335042955057));
#6504=DIRECTION('',(2.83821078801855E-6,-0.99999999999118,3.09586156535541E-6));
#6505=DIRECTION('center_axis',(2.68769827025108E-5,3.09593784679207E-6,
0.999999999634022));
#6506=DIRECTION('ref_axis',(0.999999999634786,2.83812757956042E-6,-2.68769914891979E-5));
#6507=DIRECTION('',(0.999999999634786,2.83812757956042E-6,-2.68769914891945E-5));
#6508=DIRECTION('center_axis',(-2.83821078801855E-6,0.99999999999118,-3.09586156535541E-6));
#6509=DIRECTION('ref_axis',(0.917652255317107,1.37424352987238E-6,-0.397384370993046));
#6510=DIRECTION('',(-2.83821078801855E-6,0.99999999999118,-3.09586156535541E-6));
#6511=DIRECTION('center_axis',(2.83821078801855E-6,-0.99999999999118,3.09586156535541E-6));
#6512=DIRECTION('ref_axis',(0.917652255317107,1.37424352987238E-6,-0.397384370993046));
#6513=DIRECTION('',(2.83821078801855E-6,-0.99999999999118,3.09586156535541E-6));
#6514=DIRECTION('center_axis',(-2.83821078801855E-6,0.99999999999118,-3.09586156535541E-6));
#6515=DIRECTION('ref_axis',(-0.628518456505201,6.24076763166673E-7,0.777794670740248));
#6516=DIRECTION('center_axis',(2.83821078801855E-6,-0.99999999999118,3.09586156535541E-6));
#6517=DIRECTION('ref_axis',(-0.628518456505201,6.24076763166673E-7,0.777794670740248));
#6518=DIRECTION('center_axis',(-2.83821078801855E-6,0.99999999999118,-3.09586156535541E-6));
#6519=DIRECTION('ref_axis',(-0.917673614977133,-3.8346454419953E-6,-0.397335042955057));
#6520=DIRECTION('',(-2.83821078801855E-6,0.99999999999118,-3.09586156535541E-6));
#6521=DIRECTION('center_axis',(2.83821078801855E-6,-0.99999999999118,3.09586156535541E-6));
#6522=DIRECTION('ref_axis',(-0.917673614977133,-3.8346454419953E-6,-0.397335042955057));
#6523=DIRECTION('center_axis',(-2.68769827025108E-5,-3.09593784679207E-6,
-0.999999999634022));
#6524=DIRECTION('ref_axis',(-0.999999999634786,-2.83812757956042E-6,2.68769914891979E-5));
#6525=DIRECTION('',(-0.999999999634786,-2.83812757956042E-6,2.68769914891945E-5));
#6526=DIRECTION('center_axis',(-2.83821078801855E-6,0.99999999999118,-3.09586156535541E-6));
#6527=DIRECTION('ref_axis',(-2.68769827025108E-5,-3.09593784679195E-6,-0.999999999634021));
#6528=DIRECTION('center_axis',(-2.83821078801855E-6,0.99999999999118,-3.09586156535541E-6));
#6529=DIRECTION('ref_axis',(-2.68769827025108E-5,-3.09593784679195E-6,-0.999999999634021));
#6530=DIRECTION('',(-2.83821078801855E-6,0.99999999999118,-3.09586156535541E-6));
#6531=DIRECTION('center_axis',(2.83821078801855E-6,-0.99999999999118,3.09586156535541E-6));
#6532=DIRECTION('ref_axis',(2.68769827025108E-5,3.09593784679195E-6,0.999999999634022));
#6533=DIRECTION('center_axis',(-2.83821078801855E-6,0.99999999999118,-3.09586156535541E-6));
#6534=DIRECTION('ref_axis',(-2.68769827025108E-5,-3.09593784679195E-6,-0.999999999634021));
#6535=DIRECTION('center_axis',(-2.83821078801855E-6,0.99999999999118,-3.09586156535541E-6));
#6536=DIRECTION('ref_axis',(-2.68769827025108E-5,-3.09593784679195E-6,-0.999999999634021));
#6537=DIRECTION('center_axis',(-2.83821078801855E-6,0.99999999999118,-3.09586156535541E-6));
#6538=DIRECTION('ref_axis',(-2.68769827025108E-5,-3.09593784679195E-6,-0.999999999634021));
#6539=DIRECTION('',(-2.83821078801855E-6,0.99999999999118,-3.09586156535541E-6));
#6540=DIRECTION('center_axis',(2.83821078801855E-6,-0.99999999999118,3.09586156535541E-6));
#6541=DIRECTION('ref_axis',(2.68769827025108E-5,3.09593784679195E-6,0.999999999634022));
#6542=DIRECTION('center_axis',(-2.83821078801855E-6,0.99999999999118,-3.09586156535541E-6));
#6543=DIRECTION('ref_axis',(-2.68769827025108E-5,-3.09593784679195E-6,-0.999999999634021));
#6544=DIRECTION('center_axis',(-2.83821078801855E-6,0.99999999999118,-3.09586156535541E-6));
#6545=DIRECTION('ref_axis',(-2.68769827025108E-5,-3.09593784679195E-6,-0.999999999634021));
#6546=DIRECTION('center_axis',(-2.83821078801855E-6,0.99999999999118,-3.09586156535541E-6));
#6547=DIRECTION('ref_axis',(-2.68769827025108E-5,-3.09593784679195E-6,-0.999999999634021));
#6548=DIRECTION('',(-2.83821078801855E-6,0.99999999999118,-3.09586156535541E-6));
#6549=DIRECTION('center_axis',(2.83821078801855E-6,-0.99999999999118,3.09586156535541E-6));
#6550=DIRECTION('ref_axis',(2.68769827025108E-5,3.09593784679195E-6,0.999999999634022));
#6551=DIRECTION('center_axis',(-2.83821078801855E-6,0.99999999999118,-3.09586156535541E-6));
#6552=DIRECTION('ref_axis',(-2.68769827025108E-5,-3.09593784679195E-6,-0.999999999634021));
#6553=DIRECTION('center_axis',(2.68769827025108E-5,3.09593784679207E-6,
0.999999999634022));
#6554=DIRECTION('ref_axis',(-0.999999999634786,-2.83812757956042E-6,2.68769914891979E-5));
#6555=DIRECTION('center_axis',(-2.68769827025108E-5,-3.09593784679207E-6,
-0.999999999634022));
#6556=DIRECTION('ref_axis',(0.999999999634786,2.83812757956042E-6,-2.68769914891979E-5));
#6557=DIRECTION('center_axis',(2.68769827025108E-5,3.09593784679207E-6,
0.999999999634022));
#6558=DIRECTION('ref_axis',(-0.999999999634786,-2.83812757956042E-6,2.68769914891979E-5));
#6559=DIRECTION('center_axis',(-2.68769827025108E-5,-3.09593784679207E-6,
-0.999999999634022));
#6560=DIRECTION('ref_axis',(0.999999999634786,2.83812757956042E-6,-2.68769914891979E-5));
#6561=DIRECTION('center_axis',(2.68769827025108E-5,3.09593784679207E-6,
0.999999999634022));
#6562=DIRECTION('ref_axis',(-0.999999999634786,-2.83812757956042E-6,2.68769914891979E-5));
#6563=DIRECTION('center_axis',(-2.68769827025108E-5,-3.09593784679207E-6,
-0.999999999634022));
#6564=DIRECTION('ref_axis',(0.999999999634786,2.83812757956042E-6,-2.68769914891979E-5));
#6565=DIRECTION('center_axis',(2.83821078801855E-6,-0.99999999999118,3.09586156535541E-6));
#6566=DIRECTION('ref_axis',(2.68769827025108E-5,3.09593784679195E-6,0.999999999634022));
#6567=DIRECTION('center_axis',(2.83821078801855E-6,-0.99999999999118,3.09586156535541E-6));
#6568=DIRECTION('ref_axis',(2.68769827025108E-5,3.09593784679195E-6,0.999999999634022));
#6569=DIRECTION('center_axis',(2.83821078801855E-6,-0.99999999999118,3.09586156535541E-6));
#6570=DIRECTION('ref_axis',(2.68769827025108E-5,3.09593784679195E-6,0.999999999634022));
#6571=DIRECTION('center_axis',(-2.83821078801855E-6,0.99999999999118,-3.09586156535541E-6));
#6572=DIRECTION('ref_axis',(-2.68769827025108E-5,-3.09593784679195E-6,-0.999999999634021));
#6573=DIRECTION('',(-2.83821078801855E-6,0.99999999999118,-3.09586156535541E-6));
#6574=DIRECTION('center_axis',(-2.83821078801855E-6,0.99999999999118,-3.09586156535541E-6));
#6575=DIRECTION('ref_axis',(-2.68769827025108E-5,-3.09593784679195E-6,-0.999999999634021));
#6576=DIRECTION('center_axis',(2.83821078801855E-6,-0.99999999999118,3.09586156535541E-6));
#6577=DIRECTION('ref_axis',(2.68769827025108E-5,3.09593784679195E-6,0.999999999634022));
#6578=DIRECTION('center_axis',(2.83821078801855E-6,-0.99999999999118,3.09586156535541E-6));
#6579=DIRECTION('ref_axis',(-2.68769827025108E-5,-3.09593784679195E-6,-0.999999999634021));
#6580=DIRECTION('center_axis',(-2.83821078801855E-6,0.99999999999118,-3.09586156535541E-6));
#6581=DIRECTION('ref_axis',(-2.68769827025108E-5,-3.09593784679195E-6,-0.999999999634021));
#6582=DIRECTION('',(-2.83821078801855E-6,0.99999999999118,-3.09586156535541E-6));
#6583=DIRECTION('center_axis',(-2.83821078801855E-6,0.99999999999118,-3.09586156535541E-6));
#6584=DIRECTION('ref_axis',(-2.68769827025108E-5,-3.09593784679195E-6,-0.999999999634021));
#6585=DIRECTION('center_axis',(2.83821078801855E-6,-0.99999999999118,3.09586156535541E-6));
#6586=DIRECTION('ref_axis',(2.68769827025108E-5,3.09593784679195E-6,0.999999999634022));
#6587=DIRECTION('center_axis',(2.83821078801855E-6,-0.99999999999118,3.09586156535541E-6));
#6588=DIRECTION('ref_axis',(-2.68769827025108E-5,-3.09593784679195E-6,-0.999999999634021));
#6589=DIRECTION('center_axis',(-2.83821078801855E-6,0.99999999999118,-3.09586156535541E-6));
#6590=DIRECTION('ref_axis',(-2.68769827025108E-5,-3.09593784679195E-6,-0.999999999634021));
#6591=DIRECTION('',(-2.83821078801855E-6,0.99999999999118,-3.09586156535541E-6));
#6592=DIRECTION('center_axis',(-2.83821078801855E-6,0.99999999999118,-3.09586156535541E-6));
#6593=DIRECTION('ref_axis',(-2.68769827025108E-5,-3.09593784679195E-6,-0.999999999634021));
#6594=DIRECTION('center_axis',(2.83821078801855E-6,-0.99999999999118,3.09586156535541E-6));
#6595=DIRECTION('ref_axis',(2.68769827025108E-5,3.09593784679195E-6,0.999999999634022));
#6596=DIRECTION('center_axis',(2.83821078801855E-6,-0.99999999999118,3.09586156535541E-6));
#6597=DIRECTION('ref_axis',(-2.68769827025108E-5,-3.09593784679195E-6,-0.999999999634021));
#6598=DIRECTION('center_axis',(2.83821078801855E-6,-0.99999999999118,3.09586156535541E-6));
#6599=DIRECTION('ref_axis',(-2.68769827025108E-5,-3.09593784679195E-6,-0.999999999634021));
#6600=DIRECTION('',(2.83821078801855E-6,-0.99999999999118,3.09586156535541E-6));
#6601=DIRECTION('center_axis',(2.83821078801855E-6,-0.99999999999118,3.09586156535541E-6));
#6602=DIRECTION('ref_axis',(-2.68769827025108E-5,-3.09593784679195E-6,-0.999999999634021));
#6603=DIRECTION('',(2.83821078801855E-6,-0.99999999999118,3.09586156535541E-6));
#6604=DIRECTION('center_axis',(2.83821078801855E-6,-0.99999999999118,3.09586156535541E-6));
#6605=DIRECTION('ref_axis',(-2.68769827025108E-5,-3.09593784679195E-6,-0.999999999634021));
#6606=DIRECTION('',(2.83821078801855E-6,-0.99999999999118,3.09586156535541E-6));
#6607=CARTESIAN_POINT('',(0.,0.,0.));
#6608=CARTESIAN_POINT('Origin',(9.70327496912691,-3.70001855433328,3.4850533624043));
#6609=CARTESIAN_POINT('',(8.2347697147742,-3.7000183108232,4.91000000000004));
#6610=CARTESIAN_POINT('',(9.0963612283127,-3.70001586544487,4.91000000000004));
#6611=CARTESIAN_POINT('',(10.7728213910908,-3.70001110729755,4.91000000000004));
#6612=CARTESIAN_POINT('',(11.171787265722,-3.70001879791202,2.06007808803239));
#6613=CARTESIAN_POINT('',(11.171787265722,-3.70001879791202,2.06007808803239));
#6614=CARTESIAN_POINT('',(11.1718097354087,-3.70001620964702,2.89609777608426));
#6615=CARTESIAN_POINT('',(11.171787265722,-3.70001879791202,2.06007808803239));
#6616=CARTESIAN_POINT('',(11.1718097354087,-3.70001620964702,2.89609777608426));
#6617=CARTESIAN_POINT('Origin',(11.1717710879205,1.99998120203771,2.06006044162147));
#6618=CARTESIAN_POINT('',(11.1717733584891,1.19998120204482,2.06006291831078));
#6619=CARTESIAN_POINT('',(11.1717734572217,1.20998123300365,2.07006288735227));
#6620=CARTESIAN_POINT('Origin',(11.171773330107,1.20998120204465,2.06006288735217));
#6621=CARTESIAN_POINT('',(11.1717712434172,1.98998123299675,2.07006047258027));
#6622=CARTESIAN_POINT('',(11.1717729179616,1.39998123300201,2.07006229913861));
#6623=CARTESIAN_POINT('',(11.1717710879205,1.99998120203775,2.06006044162147));
#6624=CARTESIAN_POINT('Origin',(11.1717711163026,1.98998120203785,2.06006047258007));
#6625=CARTESIAN_POINT('',(11.1717935576072,1.99998379030271,2.89608012967334));
#6626=CARTESIAN_POINT('',(11.1717710879205,1.99998120203771,2.06006044162147));
#6627=CARTESIAN_POINT('',(11.1717935576072,1.99998379030271,2.89608012967334));
#6628=CARTESIAN_POINT('',(11.1717824407621,-2.00001879792698,2.06007282506779));
#6629=CARTESIAN_POINT('',(11.1717710879205,1.99998120203771,2.06006044162147));
#6630=CARTESIAN_POINT('',(11.1717825394947,-1.99001876696816,2.07007279410928));
#6631=CARTESIAN_POINT('Origin',(11.17178241238,-1.99001879792715,2.06007279410918));
#6632=CARTESIAN_POINT('',(11.1717803256903,-1.21001876697506,2.07007037933728));
#6633=CARTESIAN_POINT('',(11.1717820002346,-1.80001876696979,2.07007220589562));
#6634=CARTESIAN_POINT('',(11.1717801701935,-1.20001879793405,2.06007034837848));
#6635=CARTESIAN_POINT('Origin',(11.1717801985756,-1.21001879793395,2.06007037933708));
#6636=CARTESIAN_POINT('',(11.1717710879205,1.99998120203771,2.06006044162147));
#6637=CARTESIAN_POINT('Origin',(11.1717935576072,1.99998379030271,2.89608012967334));
#6638=CARTESIAN_POINT('',(9.09632686481343,1.99998413450787,4.91000000000004));
#6639=CARTESIAN_POINT('',(9.09633289353835,0.999977361546138,4.91000000000004));
#6640=CARTESIAN_POINT('',(11.1717935576072,1.99998379030271,2.89608012967334));
#6641=CARTESIAN_POINT('Origin',(8.23472402503631,1.99998168913142,4.91001099036528));
#6642=CARTESIAN_POINT('',(11.1614674375402,1.20998120375385,2.07006316434708));
#6643=CARTESIAN_POINT('Origin',(11.1717733301069,1.20998120204465,2.06006288735217));
#6644=CARTESIAN_POINT('',(11.1614743060103,-1.21001879622485,2.07007065633209));
#6645=CARTESIAN_POINT('Origin',(11.1717801985771,-1.21001879793395,2.06007037933708));
#6646=CARTESIAN_POINT('',(11.1614765198147,-1.99001879621795,2.07007307110409));
#6647=CARTESIAN_POINT('',(11.161470304133,0.199981203762756,2.0700662911673));
#6648=CARTESIAN_POINT('Origin',(11.1717824123815,-1.99001879792715,2.06007279410918));
#6649=CARTESIAN_POINT('',(8.23473535127493,1.99998168912954,4.91000000000004));
#6650=CARTESIAN_POINT('',(8.23474137996938,0.999979970029621,4.91000000000004));
#6651=CARTESIAN_POINT('',(11.1717710879205,1.99998120203771,2.06006044162147));
#6652=CARTESIAN_POINT('',(11.1614652237357,1.98998120374695,2.07006074957508));
#6653=CARTESIAN_POINT('Origin',(11.1717711163026,1.98998120203785,2.06006047258007));
#6654=CARTESIAN_POINT('',(11.1614657629958,1.79998120374866,2.07006133778879));
#6655=CARTESIAN_POINT('Origin',(9.70325879132542,1.99998144561645,3.48503571599337));
#6656=CARTESIAN_POINT('',(10.7728052132893,1.99998889270681,4.91000000000004));
#6657=CARTESIAN_POINT('Origin',(11.0499013265153,-1.21001914384174,2.06007365507449));
#6658=CARTESIAN_POINT('',(8.64990129901028,-1.20002595534806,2.06013812889548));
#6659=CARTESIAN_POINT('',(11.0499012981333,-1.20001914384184,2.06007362411589));
#6660=CARTESIAN_POINT('',(8.64990159616228,-1.21002592438856,2.07013815985048));
#6661=CARTESIAN_POINT('Origin',(8.64990132739228,-1.21002595534796,2.06013815985408));
#6662=CARTESIAN_POINT('',(11.0499015952853,-1.21001911288244,2.07007365507089));
#6663=CARTESIAN_POINT('Origin',(11.1717637547181,-2.00002105635791,1.33058998228865));
#6664=CARTESIAN_POINT('',(11.1717793444012,-1.20001899905709,1.99510598863109));
#6665=CARTESIAN_POINT('',(11.1717816149698,-2.00001899904999,1.99510846532034));
#6666=CARTESIAN_POINT('',(11.1717816149698,-2.00001899905002,1.99510846532034));
#6667=CARTESIAN_POINT('',(11.1717645471279,-2.00002096508086,1.36007282529921));
#6668=CARTESIAN_POINT('',(11.1717632012115,-2.00002112011589,1.30999590702933));
#6669=CARTESIAN_POINT('',(11.171764249976,-1.9900209960404,1.35007279434429));
#6670=CARTESIAN_POINT('Origin',(11.1717645187458,-1.990020965081,1.36007279434059));
#6671=CARTESIAN_POINT('',(11.1717620361716,-1.2100209960473,1.35007037957219));
#6672=CARTESIAN_POINT('',(11.1717637107159,-1.80002099604201,1.35007220613058));
#6673=CARTESIAN_POINT('',(11.1717622765593,-1.200020965088,1.36007034860999));
#6674=CARTESIAN_POINT('Origin',(11.1717623049414,-1.2100209650879,1.36007037956859));
#6675=CARTESIAN_POINT('',(11.1717609306428,-1.20002112012295,1.30999343034008));
#6676=CARTESIAN_POINT('Origin',(11.1717816149698,-2.00001899904999,1.99510846532034));
#6677=CARTESIAN_POINT('',(11.1717798031542,-2.00001944032053,1.85257450984573));
#6678=CARTESIAN_POINT('',(11.1717775325856,-1.20001944032763,1.85257203315647));
#6679=CARTESIAN_POINT('Origin',(13.4498918903133,-1.20001341591393,1.71000911946443));
#6680=CARTESIAN_POINT('',(8.64988248512228,-1.20002812250456,1.36013812915168));
#6681=CARTESIAN_POINT('',(15.849882482492,-1.20000768798601,1.35994461481299));
#6682=CARTESIAN_POINT('Origin',(8.64989189206628,-1.20002703892636,1.71013812902358));
#6683=CARTESIAN_POINT('',(10.2499002233463,-1.20002153818145,2.02009512572378));
#6684=CARTESIAN_POINT('Origin',(10.2498918914813,-1.20002249792215,1.71009512583719));
#6685=CARTESIAN_POINT('',(8.64990022393028,-1.20002607918556,2.02013812891008));
#6686=CARTESIAN_POINT('Origin',(8.64989189206628,-1.20002703892636,1.71013812902358));
#6687=CARTESIAN_POINT('',(9.44990022363828,-1.20002380868355,2.02011662731688));
#6688=CARTESIAN_POINT('Origin',(9.44989189177428,-1.20002476842425,1.71011662743039));
#6689=CARTESIAN_POINT('',(9.72701249532828,-1.20002484876185,1.43010917916248));
#6690=CARTESIAN_POINT('',(9.97275623681628,-1.20002415130975,1.43010257431008));
#6691=CARTESIAN_POINT('',(11.7367472803933,-1.20001914487814,1.43005516353779));
#6692=CARTESIAN_POINT('',(9.98734283315228,-1.20002400562945,1.46378639280459));
#6693=CARTESIAN_POINT('Origin',(9.97275677435628,-1.20002408939105,1.45010257430268));
#6694=CARTESIAN_POINT('',(9.98735607360328,-1.20002248047275,1.95641797157159));
#6695=CARTESIAN_POINT('Origin',(10.2498918914813,-1.20002249792215,1.71009512583719));
#6696=CARTESIAN_POINT('',(9.97277128792728,-1.20002241758455,1.99010257410508));
#6697=CARTESIAN_POINT('Origin',(9.97277075038728,-1.20002247950335,1.97010257411238));
#6698=CARTESIAN_POINT('',(9.72702754643828,-1.20002311503665,1.99010917895758));
#6699=CARTESIAN_POINT('',(11.5630365015473,-1.20001790420904,1.99005983256049));
#6700=CARTESIAN_POINT('',(9.71244095010328,-1.20002326071695,1.95642536046308));
#6701=CARTESIAN_POINT('Origin',(9.72702700889928,-1.20002317695545,1.97010917896488));
#6702=CARTESIAN_POINT('',(9.71242770965228,-1.20002478587365,1.46379378169598));
#6703=CARTESIAN_POINT('Origin',(9.44989189177428,-1.20002476842425,1.71011662743039));
#6704=CARTESIAN_POINT('Origin',(9.72701303286828,-1.20002478684305,1.45010917915518));
#6705=CARTESIAN_POINT('',(8.91244095039528,-1.20002553121896,1.95644686205628));
#6706=CARTESIAN_POINT('',(8.91242770994428,-1.20002705637576,1.46381528328918));
#6707=CARTESIAN_POINT('Origin',(8.64989189206628,-1.20002703892636,1.71013812902358));
#6708=CARTESIAN_POINT('',(8.92701249562028,-1.20002711926395,1.43013068075568));
#6709=CARTESIAN_POINT('Origin',(8.92701303316028,-1.20002705734515,1.45013068074838));
#6710=CARTESIAN_POINT('',(9.17275623710928,-1.20002642181185,1.43012407590318));
#6711=CARTESIAN_POINT('',(11.3367472805393,-1.20002028012914,1.43006591433439));
#6712=CARTESIAN_POINT('',(9.18734283344428,-1.20002627613155,1.46380789439768));
#6713=CARTESIAN_POINT('Origin',(9.17275677464828,-1.20002635989305,1.45012407589588));
#6714=CARTESIAN_POINT('',(9.18735607389528,-1.20002475097485,1.95643947316478));
#6715=CARTESIAN_POINT('Origin',(9.44989189177428,-1.20002476842425,1.71011662743039));
#6716=CARTESIAN_POINT('',(9.17277128821928,-1.20002468808665,1.99012407569828));
#6717=CARTESIAN_POINT('Origin',(9.17277075067928,-1.20002475000535,1.97012407570558));
#6718=CARTESIAN_POINT('',(8.92702754673128,-1.20002538553875,1.99013068055068));
#6719=CARTESIAN_POINT('',(11.1630365016933,-1.20001903946004,1.99007058335708));
#6720=CARTESIAN_POINT('Origin',(8.92702700919128,-1.20002544745745,1.97013068055808));
#6721=CARTESIAN_POINT('',(10.5270124950363,-1.20002257825974,1.43008767756928));
#6722=CARTESIAN_POINT('',(10.7727562365243,-1.20002188080774,1.43008107271688));
#6723=CARTESIAN_POINT('',(12.1367472802473,-1.20001800962714,1.43004441274119));
#6724=CARTESIAN_POINT('',(10.7873428328603,-1.20002173512744,1.46376489121138));
#6725=CARTESIAN_POINT('Origin',(10.7727567740643,-1.20002181888894,1.45008107270948));
#6726=CARTESIAN_POINT('',(10.7873560733103,-1.20002020997064,1.95639646997838));
#6727=CARTESIAN_POINT('Origin',(11.0498918911893,-1.20002022742014,1.710073624244));
#6728=CARTESIAN_POINT('',(10.7727712876353,-1.20002014708254,1.99008107251188));
#6729=CARTESIAN_POINT('Origin',(10.7727707500953,-1.20002020900124,1.97008107251918));
#6730=CARTESIAN_POINT('',(10.5270275461463,-1.20002084453465,1.99008767736438));
#6731=CARTESIAN_POINT('',(11.9630365014013,-1.20001676895794,1.99004908176389));
#6732=CARTESIAN_POINT('',(10.5124409498113,-1.20002099021485,1.95640385886988));
#6733=CARTESIAN_POINT('Origin',(10.5270270086073,-1.20002090645335,1.97008767737168));
#6734=CARTESIAN_POINT('',(10.5124277093603,-1.20002251537165,1.46377228010279));
#6735=CARTESIAN_POINT('Origin',(10.2498918914813,-1.20002249792215,1.7100951258372));
#6736=CARTESIAN_POINT('Origin',(10.5270130325763,-1.20002251634105,1.45008767756199));
#6737=CARTESIAN_POINT('Origin',(15.8498825108742,-1.21000768798591,1.35994464577159));
#6738=CARTESIAN_POINT('',(8.64988224473428,-1.21002815346386,1.35013816011398));
#6739=CARTESIAN_POINT('',(15.8498822421043,-1.21000771894531,1.34994464577519));
#6740=CARTESIAN_POINT('Origin',(8.64988251350428,-1.21002812250446,1.36013816011028));
#6741=CARTESIAN_POINT('Origin',(13.4498941608813,-2.00001341590683,1.71001159615368));
#6742=CARTESIAN_POINT('',(8.64990356957829,-2.00002595534106,2.06014060558478));
#6743=CARTESIAN_POINT('',(11.0499035687023,-2.00001914383484,2.06007610080519));
#6744=CARTESIAN_POINT('',(8.64988475569029,-2.00002812249746,1.36014060584088));
#6745=CARTESIAN_POINT('Origin',(8.64989416263429,-2.00002703891926,1.71014060571283));
#6746=CARTESIAN_POINT('',(15.8498847530607,-2.00000768797891,1.35994709150219));
#6747=CARTESIAN_POINT('',(10.7727585070933,-2.00002188080065,1.43008354940608));
#6748=CARTESIAN_POINT('',(10.5270147656053,-2.00002257825275,1.43009015425859));
#6749=CARTESIAN_POINT('',(12.1367495508163,-2.00001800962004,1.43004688943039));
#6750=CARTESIAN_POINT('',(10.5124299799293,-2.00002251536455,1.46377475679199));
#6751=CARTESIAN_POINT('Origin',(10.5270153031443,-2.00002251633395,1.45009015425119));
#6752=CARTESIAN_POINT('',(10.5124432203793,-2.00002099020785,1.95640633555908));
#6753=CARTESIAN_POINT('Origin',(10.2498941620503,-2.00002249791515,1.71009760252645));
#6754=CARTESIAN_POINT('',(10.5270298167153,-2.00002084452754,1.99009015405359));
#6755=CARTESIAN_POINT('Origin',(10.5270292791753,-2.00002090644634,1.97009015406088));
#6756=CARTESIAN_POINT('',(10.7727735582033,-2.00002014707544,1.99008354920119));
#6757=CARTESIAN_POINT('',(11.9630387719693,-2.00001676895094,1.99005155845309));
#6758=CARTESIAN_POINT('',(10.7873583438793,-2.00002020996364,1.95639894666769));
#6759=CARTESIAN_POINT('Origin',(10.7727730206633,-2.00002020899424,1.97008354920849));
#6760=CARTESIAN_POINT('',(10.7873451034293,-2.00002173512034,1.46376736790059));
#6761=CARTESIAN_POINT('Origin',(11.0498941617583,-2.00002022741304,1.71007610093326));
#6762=CARTESIAN_POINT('Origin',(10.7727590446323,-2.00002181888184,1.45008354939879));
#6763=CARTESIAN_POINT('',(8.91242998051329,-2.00002705636865,1.46381775997838));
#6764=CARTESIAN_POINT('',(8.91244322096429,-2.00002553121195,1.95644933874549));
#6765=CARTESIAN_POINT('Origin',(8.64989416263429,-2.00002703891926,1.71014060571283));
#6766=CARTESIAN_POINT('',(8.92702981729929,-2.00002538553165,1.99013315723998));
#6767=CARTESIAN_POINT('Origin',(8.92702927976029,-2.00002544745045,1.97013315724729));
#6768=CARTESIAN_POINT('',(9.17277355878729,-2.00002468807955,1.99012655238758));
#6769=CARTESIAN_POINT('',(11.1630387722613,-2.00001903945294,1.99007306004629));
#6770=CARTESIAN_POINT('',(9.18735834446329,-2.00002475096775,1.95644194985409));
#6771=CARTESIAN_POINT('Origin',(9.17277302124829,-2.00002474999835,1.97012655239488));
#6772=CARTESIAN_POINT('',(9.18734510401329,-2.00002627612445,1.46381037108698));
#6773=CARTESIAN_POINT('Origin',(9.44989416234229,-2.00002476841715,1.71011910411964));
#6774=CARTESIAN_POINT('',(9.17275850767729,-2.00002642180475,1.43012655259249));
#6775=CARTESIAN_POINT('Origin',(9.17275904521729,-2.00002635988605,1.45012655258518));
#6776=CARTESIAN_POINT('',(8.92701476618929,-2.00002711925685,1.43013315744489));
#6777=CARTESIAN_POINT('',(11.3367495511083,-2.00002028012214,1.43006839102359));
#6778=CARTESIAN_POINT('Origin',(8.92701530372929,-2.00002705733815,1.45013315743758));
#6779=CARTESIAN_POINT('',(9.97275850738529,-2.00002415130275,1.43010505099928));
#6780=CARTESIAN_POINT('',(9.72701476589729,-2.00002484875475,1.43011165585178));
#6781=CARTESIAN_POINT('',(11.7367495509623,-2.00001914487104,1.43005764022699));
#6782=CARTESIAN_POINT('',(9.71242998022129,-2.00002478586665,1.46379625838518));
#6783=CARTESIAN_POINT('Origin',(9.72701530343629,-2.00002478683605,1.45011165584438));
#6784=CARTESIAN_POINT('',(9.71244322067129,-2.00002326070985,1.95642783715228));
#6785=CARTESIAN_POINT('Origin',(9.44989416234229,-2.00002476841715,1.71011910411964));
#6786=CARTESIAN_POINT('',(9.72702981700729,-2.00002311502965,1.99011165564678));
#6787=CARTESIAN_POINT('Origin',(9.72702927946729,-2.00002317694835,1.97011165565408));
#6788=CARTESIAN_POINT('',(9.97277355849529,-2.00002241757755,1.99010505079439));
#6789=CARTESIAN_POINT('',(11.5630387721153,-2.00001790420194,1.99006230924969));
#6790=CARTESIAN_POINT('',(9.98735834417129,-2.00002248046565,1.95642044826088));
#6791=CARTESIAN_POINT('Origin',(9.97277302095629,-2.00002247949625,1.97010505080168));
#6792=CARTESIAN_POINT('',(9.98734510372129,-2.00002400562245,1.46378886949378));
#6793=CARTESIAN_POINT('Origin',(10.2498941620503,-2.00002249791515,1.71009760252645));
#6794=CARTESIAN_POINT('Origin',(9.97275904492528,-2.00002408938395,1.45010505099198));
#6795=CARTESIAN_POINT('',(9.44990249420729,-2.00002380867645,2.02011910400619));
#6796=CARTESIAN_POINT('Origin',(9.44989416234229,-2.00002476841715,1.71011910411964));
#6797=CARTESIAN_POINT('',(8.64990249449929,-2.00002607917856,2.02014060559938));
#6798=CARTESIAN_POINT('Origin',(8.64989416263429,-2.00002703891926,1.71014060571283));
#6799=CARTESIAN_POINT('',(10.2499024939153,-2.00002153817435,2.02009760241299));
#6800=CARTESIAN_POINT('Origin',(10.2498941620503,-2.00002249791515,1.71009760252645));
#6801=CARTESIAN_POINT('Origin',(18.24988334813,-1.6000009074356,1.34988134838169));
#6802=CARTESIAN_POINT('',(8.64988445853829,-1.99002815345696,1.35014057488598));
#6803=CARTESIAN_POINT('',(15.8498844559087,-1.99000771893841,1.34994706054729));
#6804=CARTESIAN_POINT('',(8.64988335163628,-1.60002815346036,1.35013936749998));
#6805=CARTESIAN_POINT('Origin',(8.64989192044828,-1.21002703892626,1.71013815998219));
#6806=CARTESIAN_POINT('Origin',(8.64989192044828,-1.21002703892626,1.71013815998219));
#6807=CARTESIAN_POINT('Origin',(8.64990270306428,-1.60002592438516,2.07013936723648));
#6808=CARTESIAN_POINT('',(8.64990380996629,-1.99002592438176,2.07014057462249));
#6809=CARTESIAN_POINT('',(8.64990270306428,-1.60002592438516,2.07013936723648));
#6810=CARTESIAN_POINT('',(11.0499038090893,-1.99001911287554,2.07007606984289));
#6811=CARTESIAN_POINT('Origin',(8.64989302735028,-1.60002703892276,1.71013936736821));
#6812=CARTESIAN_POINT('Origin',(8.64989413425229,-1.99002703891936,1.71014057475421));
#6813=CARTESIAN_POINT('Origin',(15.8498847246786,-1.99000768797901,1.35994706054359));
#6814=CARTESIAN_POINT('Origin',(8.64988472730829,-1.99002812249756,1.36014057488229));
#6815=CARTESIAN_POINT('Origin',(8.64989413425229,-1.99002703891936,1.71014057475421));
#6816=CARTESIAN_POINT('Origin',(8.64990354119629,-1.99002595534106,2.06014057462609));
#6817=CARTESIAN_POINT('Origin',(11.0499035403203,-1.99001914383494,2.06007606984658));
#6818=CARTESIAN_POINT('Origin',(10.7727567740643,-1.20002181888894,1.45008107270948));
#6819=CARTESIAN_POINT('',(10.7727571163703,-1.51002188080494,1.43008203243389));
#6820=CARTESIAN_POINT('',(10.7727562365243,-1.20002188080774,1.43008107271688));
#6821=CARTESIAN_POINT('',(10.7873437127053,-1.51002173512464,1.46376585092839));
#6822=CARTESIAN_POINT('Origin',(10.7727576539093,-1.51002181888624,1.45008203242659));
#6823=CARTESIAN_POINT('',(10.7873428328603,-1.20002173512744,1.46376489121138));
#6824=CARTESIAN_POINT('Origin',(11.0498918911893,-1.20002022742014,1.710073624244));
#6825=CARTESIAN_POINT('',(10.7873569531563,-1.51002020996794,1.95639742969549));
#6826=CARTESIAN_POINT('Origin',(11.0498927710353,-1.51002022741734,1.71007458396109));
#6827=CARTESIAN_POINT('',(10.7873560733103,-1.20002020997064,1.95639646997838));
#6828=CARTESIAN_POINT('Origin',(10.5270130325763,-1.20002251634105,1.45008767756199));
#6829=CARTESIAN_POINT('',(10.5124285892053,-1.51002251536885,1.46377323981988));
#6830=CARTESIAN_POINT('',(10.5124277093603,-1.20002251537165,1.46377228010279));
#6831=CARTESIAN_POINT('',(10.5270133748813,-1.51002257825705,1.43008863728639));
#6832=CARTESIAN_POINT('Origin',(10.5270139124213,-1.51002251633835,1.45008863727908));
#6833=CARTESIAN_POINT('',(10.5270124950363,-1.20002257825974,1.43008767756928));
#6834=CARTESIAN_POINT('Origin',(10.6498927711813,-1.51002136266844,1.71008533475768));
#6835=CARTESIAN_POINT('',(10.8236110755823,-1.51002173647494,1.43008066563249));
#6836=CARTESIAN_POINT('',(10.5124418296563,-1.51002099021214,1.95640481858698));
#6837=CARTESIAN_POINT('Origin',(10.2498927713273,-1.51002249791945,1.71009608555428));
#6838=CARTESIAN_POINT('',(10.5270284259923,-1.51002084453184,1.99008863708149));
#6839=CARTESIAN_POINT('Origin',(10.5270278884523,-1.51002090645065,1.97008863708878));
#6840=CARTESIAN_POINT('',(10.7727721674803,-1.51002014707974,1.99008203222898));
#6841=CARTESIAN_POINT('',(10.4761744667793,-1.51002098886185,1.99009000388288));
#6842=CARTESIAN_POINT('Origin',(10.7727716299403,-1.51002020899854,1.97008203223629));
#6843=CARTESIAN_POINT('Origin',(10.2498918914813,-1.20002249792215,1.7100951258372));
#6844=CARTESIAN_POINT('',(10.5124409498113,-1.20002099021485,1.95640385886988));
#6845=CARTESIAN_POINT('Origin',(9.97275677435628,-1.20002408939105,1.45010257430268));
#6846=CARTESIAN_POINT('',(9.97275711666228,-1.51002415130705,1.43010353402708));
#6847=CARTESIAN_POINT('',(9.97275623681628,-1.20002415130975,1.43010257431008));
#6848=CARTESIAN_POINT('',(9.98734371299728,-1.51002400562675,1.46378735252159));
#6849=CARTESIAN_POINT('Origin',(9.97275765420128,-1.51002408938825,1.45010353401979));
#6850=CARTESIAN_POINT('',(9.98734283315228,-1.20002400562945,1.46378639280459));
#6851=CARTESIAN_POINT('Origin',(10.2498918914813,-1.20002249792215,1.71009512583719));
#6852=CARTESIAN_POINT('',(9.98735695344828,-1.51002248047005,1.95641893128868));
#6853=CARTESIAN_POINT('Origin',(10.2498927713273,-1.51002249791945,1.71009608555428));
#6854=CARTESIAN_POINT('',(9.98735607360328,-1.20002248047275,1.95641797157159));
#6855=CARTESIAN_POINT('Origin',(9.72701303286828,-1.20002478684305,1.45010917915518));
#6856=CARTESIAN_POINT('',(9.71242858949828,-1.51002478587095,1.46379474141308));
#6857=CARTESIAN_POINT('',(9.71242770965228,-1.20002478587365,1.46379378169598));
#6858=CARTESIAN_POINT('',(9.72701337517428,-1.51002484875915,1.43011013887958));
#6859=CARTESIAN_POINT('Origin',(9.72701391271328,-1.51002478684035,1.45011013887228));
#6860=CARTESIAN_POINT('',(9.72701249532828,-1.20002484876185,1.43010917916248));
#6861=CARTESIAN_POINT('Origin',(9.84989277147328,-1.51002363317045,1.71010683635088));
#6862=CARTESIAN_POINT('',(10.0236110758743,-1.51002400697705,1.43010216722568));
#6863=CARTESIAN_POINT('',(9.71244182994828,-1.51002326071425,1.95642632018008));
#6864=CARTESIAN_POINT('Origin',(9.44989277161928,-1.51002476842155,1.71011758714747));
#6865=CARTESIAN_POINT('',(9.72702842628428,-1.51002311503395,1.99011013867459));
#6866=CARTESIAN_POINT('Origin',(9.72702788874428,-1.51002317695265,1.97011013868199));
#6867=CARTESIAN_POINT('',(9.97277216777228,-1.51002241758185,1.99010353382219));
#6868=CARTESIAN_POINT('',(9.67617446707128,-1.51002325936395,1.99011150547608));
#6869=CARTESIAN_POINT('Origin',(9.97277163023228,-1.51002247950055,1.97010353382948));
#6870=CARTESIAN_POINT('Origin',(9.44989189177428,-1.20002476842425,1.71011662743039));
#6871=CARTESIAN_POINT('',(9.71244095010328,-1.20002326071695,1.95642536046308));
#6872=CARTESIAN_POINT('Origin',(9.17275677464828,-1.20002635989305,1.45012407589588));
#6873=CARTESIAN_POINT('',(9.17275711695428,-1.51002642180905,1.43012503562028));
#6874=CARTESIAN_POINT('',(9.17275623710928,-1.20002642181185,1.43012407590318));
#6875=CARTESIAN_POINT('',(9.18734371329028,-1.51002627612885,1.46380885411478));
#6876=CARTESIAN_POINT('Origin',(9.17275765449428,-1.51002635989035,1.45012503561298));
#6877=CARTESIAN_POINT('',(9.18734283344428,-1.20002627613155,1.46380789439768));
#6878=CARTESIAN_POINT('Origin',(9.44989189177428,-1.20002476842425,1.71011662743039));
#6879=CARTESIAN_POINT('',(9.18735695374028,-1.51002475097205,1.95644043288188));
#6880=CARTESIAN_POINT('Origin',(9.44989277161928,-1.51002476842155,1.71011758714747));
#6881=CARTESIAN_POINT('',(9.18735607389528,-1.20002475097485,1.95643947316478));
#6882=CARTESIAN_POINT('Origin',(8.92701303316028,-1.20002705734515,1.45013068074838));
#6883=CARTESIAN_POINT('',(8.91242858979028,-1.51002705637305,1.46381624300628));
#6884=CARTESIAN_POINT('',(8.91242770994428,-1.20002705637576,1.46381528328918));
#6885=CARTESIAN_POINT('',(8.92701337546628,-1.51002711926115,1.43013164047278));
#6886=CARTESIAN_POINT('Origin',(8.92701391300528,-1.51002705734246,1.45013164046548));
#6887=CARTESIAN_POINT('',(8.92701249562028,-1.20002711926395,1.43013068075568));
#6888=CARTESIAN_POINT('Origin',(9.04989277176528,-1.51002590367255,1.71012833794407));
#6889=CARTESIAN_POINT('',(9.22361107616728,-1.51002627747905,1.43012366881888));
#6890=CARTESIAN_POINT('',(8.91244183024028,-1.51002553121625,1.95644782177328));
#6891=CARTESIAN_POINT('Origin',(8.64989277191128,-1.51002703892356,1.71013908874066));
#6892=CARTESIAN_POINT('',(8.92702842657628,-1.51002538553595,1.99013164026778));
#6893=CARTESIAN_POINT('Origin',(8.92702788903628,-1.51002544745475,1.97013164027518));
#6894=CARTESIAN_POINT('',(9.17277216806428,-1.51002468808385,1.99012503541538));
#6895=CARTESIAN_POINT('',(8.87617446736328,-1.51002552986606,1.99013300706928));
#6896=CARTESIAN_POINT('Origin',(9.17277163052528,-1.51002475000265,1.97012503542268));
#6897=CARTESIAN_POINT('Origin',(8.64989189206628,-1.20002703892636,1.71013812902358));
#6898=CARTESIAN_POINT('',(8.91244095039528,-1.20002553121896,1.95644686205628));
#6899=CARTESIAN_POINT('Origin',(8.92702700919128,-1.20002544745745,1.97013068055808));
#6900=CARTESIAN_POINT('',(8.92702754673128,-1.20002538553875,1.99013068055068));
#6901=CARTESIAN_POINT('Origin',(9.17277075067928,-1.20002475000535,1.97012407570558));
#6902=CARTESIAN_POINT('',(9.17277128821928,-1.20002468808665,1.99012407569828));
#6903=CARTESIAN_POINT('Origin',(9.72702700889928,-1.20002317695545,1.97010917896488));
#6904=CARTESIAN_POINT('',(9.72702754643828,-1.20002311503665,1.99010917895758));
#6905=CARTESIAN_POINT('Origin',(9.97277075038728,-1.20002247950335,1.97010257411238));
#6906=CARTESIAN_POINT('',(9.97277128792728,-1.20002241758455,1.99010257410508));
#6907=CARTESIAN_POINT('Origin',(10.5270270086073,-1.20002090645335,1.97008767737168));
#6908=CARTESIAN_POINT('',(10.5270275461463,-1.20002084453465,1.99008767736438));
#6909=CARTESIAN_POINT('Origin',(10.7727707500953,-1.20002020900124,1.97008107251918));
#6910=CARTESIAN_POINT('',(10.7727712876353,-1.20002014708254,1.99008107251188));
#6911=CARTESIAN_POINT('Origin',(10.5270153031443,-2.00002251633395,1.45009015425119));
#6912=CARTESIAN_POINT('',(10.5270138857593,-1.69002257825544,1.43008919454148));
#6913=CARTESIAN_POINT('',(10.5270147656053,-2.00002257825275,1.43009015425859));
#6914=CARTESIAN_POINT('',(10.5124291000833,-1.69002251536735,1.46377379707499));
#6915=CARTESIAN_POINT('Origin',(10.5270144232993,-1.69002251633675,1.45008919453419));
#6916=CARTESIAN_POINT('',(10.5124299799293,-2.00002251536455,1.46377475679199));
#6917=CARTESIAN_POINT('Origin',(10.8236124663063,-2.00002173647064,1.43008218260469));
#6918=CARTESIAN_POINT('',(10.7727576272473,-1.69002188080334,1.43008258968899));
#6919=CARTESIAN_POINT('',(10.7727585070933,-2.00002188080065,1.43008354940608));
#6920=CARTESIAN_POINT('',(10.8236115864603,-1.69002173647334,1.43008122288759));
#6921=CARTESIAN_POINT('Origin',(10.7727590446323,-2.00002181888184,1.45008354939879));
#6922=CARTESIAN_POINT('',(10.7873442235833,-1.69002173512314,1.46376640818348));
#6923=CARTESIAN_POINT('',(10.7873451034293,-2.00002173512034,1.46376736790059));
#6924=CARTESIAN_POINT('Origin',(10.7727581647873,-1.69002181888464,1.45008258968168));
#6925=CARTESIAN_POINT('Origin',(11.0498941617583,-2.00002022741304,1.71007610093326));
#6926=CARTESIAN_POINT('',(10.7873574640343,-1.69002020996634,1.95639798695059));
#6927=CARTESIAN_POINT('',(10.7873583438793,-2.00002020996364,1.95639894666769));
#6928=CARTESIAN_POINT('Origin',(11.0498932819123,-1.69002022741584,1.71007514121617));
#6929=CARTESIAN_POINT('Origin',(10.7727730206633,-2.00002020899424,1.97008354920849));
#6930=CARTESIAN_POINT('',(10.7727726783583,-1.69002014707814,1.99008258948408));
#6931=CARTESIAN_POINT('',(10.7727735582033,-2.00002014707544,1.99008354920119));
#6932=CARTESIAN_POINT('Origin',(10.7727721408183,-1.69002020899694,1.97008258949139));
#6933=CARTESIAN_POINT('Origin',(10.4761758575023,-2.00002098885755,1.99009152085499));
#6934=CARTESIAN_POINT('',(10.5270289368703,-1.69002084453025,1.99008919433648));
#6935=CARTESIAN_POINT('',(10.5270298167153,-2.00002084452754,1.99009015405359));
#6936=CARTESIAN_POINT('',(10.4761749776573,-1.69002098886035,1.99009056113799));
#6937=CARTESIAN_POINT('Origin',(10.5270292791753,-2.00002090644634,1.97009015406088));
#6938=CARTESIAN_POINT('',(10.5124423405343,-1.69002099021055,1.95640537584199));
#6939=CARTESIAN_POINT('',(10.5124432203793,-2.00002099020785,1.95640633555908));
#6940=CARTESIAN_POINT('Origin',(10.5270283993303,-1.69002090644905,1.97008919434388));
#6941=CARTESIAN_POINT('Origin',(10.2498941620503,-2.00002249791515,1.71009760252645));
#6942=CARTESIAN_POINT('Origin',(10.2498932822053,-1.69002249791785,1.71009664280936));
#6943=CARTESIAN_POINT('Origin',(9.72701530343629,-2.00002478683605,1.45011165584438));
#6944=CARTESIAN_POINT('',(9.72701388605128,-1.69002484875755,1.43011069613468));
#6945=CARTESIAN_POINT('',(9.72701476589729,-2.00002484875475,1.43011165585178));
#6946=CARTESIAN_POINT('',(9.71242910037629,-1.69002478586935,1.46379529866818));
#6947=CARTESIAN_POINT('Origin',(9.72701442359128,-1.69002478683875,1.45011069612738));
#6948=CARTESIAN_POINT('',(9.71242998022129,-2.00002478586665,1.46379625838518));
#6949=CARTESIAN_POINT('Origin',(10.0236124665983,-2.00002400697265,1.43010368419788));
#6950=CARTESIAN_POINT('',(9.97275762754028,-1.69002415130545,1.43010409128219));
#6951=CARTESIAN_POINT('',(9.97275850738529,-2.00002415130275,1.43010505099928));
#6952=CARTESIAN_POINT('',(10.0236115867523,-1.69002400697545,1.43010272448078));
#6953=CARTESIAN_POINT('Origin',(9.72702927946729,-2.00002317694835,1.97011165565408));
#6954=CARTESIAN_POINT('',(9.71244234082628,-1.69002326071265,1.95642687743518));
#6955=CARTESIAN_POINT('',(9.71244322067129,-2.00002326070985,1.95642783715228));
#6956=CARTESIAN_POINT('',(9.72702893716228,-1.69002311503235,1.99011069592969));
#6957=CARTESIAN_POINT('Origin',(9.72702839962228,-1.69002317695105,1.97011069593698));
#6958=CARTESIAN_POINT('',(9.72702981700729,-2.00002311502965,1.99011165564678));
#6959=CARTESIAN_POINT('Origin',(9.44989416234229,-2.00002476841715,1.71011910411964));
#6960=CARTESIAN_POINT('Origin',(9.44989328249728,-1.69002476841995,1.71011814440255));
#6961=CARTESIAN_POINT('Origin',(9.97275904492528,-2.00002408938395,1.45010505099198));
#6962=CARTESIAN_POINT('',(9.98734422387528,-1.69002400562515,1.46378790977669));
#6963=CARTESIAN_POINT('',(9.98734510372129,-2.00002400562245,1.46378886949378));
#6964=CARTESIAN_POINT('Origin',(9.97275816507928,-1.69002408938665,1.45010409127489));
#6965=CARTESIAN_POINT('Origin',(10.2498941620503,-2.00002249791515,1.71009760252645));
#6966=CARTESIAN_POINT('',(9.98735746432629,-1.69002248046845,1.95641948854379));
#6967=CARTESIAN_POINT('',(9.98735834417129,-2.00002248046565,1.95642044826088));
#6968=CARTESIAN_POINT('Origin',(10.2498932822053,-1.69002249791785,1.71009664280936));
#6969=CARTESIAN_POINT('Origin',(9.97277302095629,-2.00002247949625,1.97010505080168));
#6970=CARTESIAN_POINT('',(9.97277267865028,-1.69002241758025,1.99010409107728));
#6971=CARTESIAN_POINT('',(9.97277355849529,-2.00002241757755,1.99010505079439));
#6972=CARTESIAN_POINT('Origin',(9.97277214111029,-1.69002247949905,1.97010409108459));
#6973=CARTESIAN_POINT('Origin',(9.67617585779429,-2.00002325935965,1.99011302244818));
#6974=CARTESIAN_POINT('',(9.67617497794928,-1.69002325936235,1.99011206273118));
#6975=CARTESIAN_POINT('Origin',(8.92702927976029,-2.00002544745045,1.97013315724729));
#6976=CARTESIAN_POINT('',(8.91244234111828,-1.69002553121465,1.95644837902838));
#6977=CARTESIAN_POINT('',(8.91244322096429,-2.00002553121195,1.95644933874549));
#6978=CARTESIAN_POINT('',(8.92702893745428,-1.69002538553435,1.99013219752288));
#6979=CARTESIAN_POINT('Origin',(8.92702839991428,-1.69002544745315,1.97013219753018));
#6980=CARTESIAN_POINT('',(8.92702981729929,-2.00002538553165,1.99013315723998));
#6981=CARTESIAN_POINT('Origin',(8.64989416263429,-2.00002703891926,1.71014060571283));
#6982=CARTESIAN_POINT('',(8.91242910066828,-1.69002705637146,1.46381680026128));
#6983=CARTESIAN_POINT('',(8.91242998051329,-2.00002705636865,1.46381775997838));
#6984=CARTESIAN_POINT('Origin',(8.64989328278928,-1.69002703892196,1.71013964599575));
#6985=CARTESIAN_POINT('Origin',(9.17277302124829,-2.00002474999835,1.97012655239488));
#6986=CARTESIAN_POINT('',(9.17277267894228,-1.69002468808235,1.99012559267049));
#6987=CARTESIAN_POINT('',(9.17277355878729,-2.00002468807955,1.99012655238758));
#6988=CARTESIAN_POINT('',(9.18735746461828,-1.69002475097045,1.95644099013698));
#6989=CARTESIAN_POINT('Origin',(9.17277214140228,-1.69002475000105,1.97012559267778));
#6990=CARTESIAN_POINT('',(9.18735834446329,-2.00002475096775,1.95644194985409));
#6991=CARTESIAN_POINT('Origin',(8.87617585808728,-2.00002552986166,1.99013452404138));
#6992=CARTESIAN_POINT('',(8.87617497824128,-1.69002552986445,1.99013356432428));
#6993=CARTESIAN_POINT('Origin',(9.17275904521729,-2.00002635988605,1.45012655258518));
#6994=CARTESIAN_POINT('',(9.18734422416828,-1.69002627612725,1.46380941136989));
#6995=CARTESIAN_POINT('',(9.18734510401329,-2.00002627612445,1.46381037108698));
#6996=CARTESIAN_POINT('',(9.17275762783228,-1.69002642180755,1.43012559287538));
#6997=CARTESIAN_POINT('Origin',(9.17275816537128,-1.69002635988875,1.45012559286809));
#6998=CARTESIAN_POINT('',(9.17275850767729,-2.00002642180475,1.43012655259249));
#6999=CARTESIAN_POINT('Origin',(9.44989416234229,-2.00002476841715,1.71011910411964));
#7000=CARTESIAN_POINT('Origin',(9.44989328249728,-1.69002476841995,1.71011814440255));
#7001=CARTESIAN_POINT('Origin',(8.92701530372929,-2.00002705733815,1.45013315743758));
#7002=CARTESIAN_POINT('',(8.92701388634428,-1.69002711925955,1.43013219772788));
#7003=CARTESIAN_POINT('',(8.92701476618929,-2.00002711925685,1.43013315744489));
#7004=CARTESIAN_POINT('Origin',(8.92701442388328,-1.69002705734085,1.45013219772048));
#7005=CARTESIAN_POINT('Origin',(9.22361246689029,-2.00002627747475,1.43012518579109));
#7006=CARTESIAN_POINT('',(9.22361158704529,-1.69002627747745,1.43012422607398));
#7007=CARTESIAN_POINT('Origin',(10.2498918914813,-1.20002249792215,1.71009512583719));
#7008=CARTESIAN_POINT('',(10.2499004504033,-1.28002153818075,2.02009537339269));
#7009=CARTESIAN_POINT('Origin',(10.2498921185383,-1.28002249792145,1.71009537350612));
#7010=CARTESIAN_POINT('',(10.2499002233459,-1.20002153818141,2.02009512572374));
#7011=CARTESIAN_POINT('Origin',(10.2498921185383,-1.28002249792145,1.71009537350612));
#7012=CARTESIAN_POINT('',(10.2498985690143,-1.28002175489635,1.95009537341828));
#7013=CARTESIAN_POINT('Origin',(10.2498921185383,-1.28002249792145,1.71009537350612));
#7014=CARTESIAN_POINT('Origin',(8.64989189206628,-1.20002703892636,1.71013812902358));
#7015=CARTESIAN_POINT('',(8.64990045098728,-1.28002607918486,2.02013837657908));
#7016=CARTESIAN_POINT('Origin',(8.64989211912328,-1.28002703892556,1.7101383766925));
#7017=CARTESIAN_POINT('',(8.64990022393092,-1.20002607918562,2.02013812891013));
#7018=CARTESIAN_POINT('Origin',(8.64989211912328,-1.28002703892556,1.7101383766925));
#7019=CARTESIAN_POINT('',(8.64989856959828,-1.28002629590056,1.95013837660468));
#7020=CARTESIAN_POINT('Origin',(8.64989211912328,-1.28002703892556,1.7101383766925));
#7021=CARTESIAN_POINT('Origin',(9.44989189177428,-1.20002476842425,1.71011662743039));
#7022=CARTESIAN_POINT('',(9.44990045069528,-1.28002380868285,2.02011687498588));
#7023=CARTESIAN_POINT('Origin',(9.44989211883028,-1.28002476842355,1.71011687509931));
#7024=CARTESIAN_POINT('',(9.44990022363892,-1.20002380868352,2.02011662731693));
#7025=CARTESIAN_POINT('Origin',(9.44989211883028,-1.28002476842355,1.71011687509931));
#7026=CARTESIAN_POINT('',(9.44989856930628,-1.28002402539845,1.95011687501149));
#7027=CARTESIAN_POINT('Origin',(9.44989211883028,-1.28002476842355,1.71011687509931));
#7028=CARTESIAN_POINT('Origin',(10.0236101960293,-1.20002400697975,1.43010120750859));
#7029=CARTESIAN_POINT('Origin',(9.67617358722628,-1.20002325936665,1.99011054575898));
#7030=CARTESIAN_POINT('Origin',(9.22361019632128,-1.20002627748185,1.43012270910178));
#7031=CARTESIAN_POINT('Origin',(8.87617358751828,-1.20002552986876,1.99013204735218));
#7032=CARTESIAN_POINT('Origin',(10.8236101957373,-1.20002173647764,1.43007970591538));
#7033=CARTESIAN_POINT('Origin',(10.4761735869343,-1.20002098886465,1.99008904416579));
#7034=CARTESIAN_POINT('Origin',(10.6498932820593,-1.69002136266684,1.71008589201277));
#7035=CARTESIAN_POINT('Origin',(9.04989328264328,-1.69002590367095,1.71012889519915));
#7036=CARTESIAN_POINT('Origin',(9.84989328235128,-1.69002363316885,1.71010739360596));
#7037=CARTESIAN_POINT('Origin',(9.44989416234229,-2.00002476841715,1.71011910411964));
#7038=CARTESIAN_POINT('',(9.44990226715029,-1.92002380867715,2.02011885633728));
#7039=CARTESIAN_POINT('',(9.44990249420692,-2.00002380867642,2.02011910400619));
#7040=CARTESIAN_POINT('Origin',(9.44989393528528,-1.92002476841785,1.71011885645071));
#7041=CARTESIAN_POINT('Origin',(9.44989393528528,-1.92002476841785,1.71011885645071));
#7042=CARTESIAN_POINT('',(9.44990038576129,-1.92002402539285,1.95011885636289));
#7043=CARTESIAN_POINT('Origin',(9.44989393528528,-1.92002476841785,1.71011885645071));
#7044=CARTESIAN_POINT('Origin',(8.64989416263429,-2.00002703891926,1.71014060571283));
#7045=CARTESIAN_POINT('',(8.64990226744229,-1.92002607917926,2.02014035793048));
#7046=CARTESIAN_POINT('',(8.64990249449892,-2.00002607917852,2.02014060559938));
#7047=CARTESIAN_POINT('Origin',(8.64989393557729,-1.92002703891996,1.71014035804391));
#7048=CARTESIAN_POINT('Origin',(8.64989393557729,-1.92002703891996,1.71014035804391));
#7049=CARTESIAN_POINT('',(8.64990038605329,-1.92002629589486,1.95014035795608));
#7050=CARTESIAN_POINT('Origin',(8.64989393557729,-1.92002703891996,1.71014035804391));
#7051=CARTESIAN_POINT('Origin',(10.2498941620503,-2.00002249791515,1.71009760252645));
#7052=CARTESIAN_POINT('',(10.2499022668583,-1.92002153817515,2.02009735474409));
#7053=CARTESIAN_POINT('',(10.2499024939149,-2.00002153817441,2.02009760241299));
#7054=CARTESIAN_POINT('Origin',(10.2498939349933,-1.92002249791585,1.71009735485752));
#7055=CARTESIAN_POINT('Origin',(10.2498939349933,-1.92002249791585,1.71009735485752));
#7056=CARTESIAN_POINT('',(10.2499003854693,-1.92002175489075,1.95009735476969));
#7057=CARTESIAN_POINT('Origin',(10.2498939349933,-1.92002249791585,1.71009735485752));
#7058=CARTESIAN_POINT('Origin',(10.2498930267663,-1.60002249791865,1.71009636418182));
#7059=CARTESIAN_POINT('',(10.2498994772421,-1.60002175489356,1.95009636409399));
#7060=CARTESIAN_POINT('Origin',(9.44989302705828,-1.60002476842075,1.71011786577501));
#7061=CARTESIAN_POINT('',(9.44989947753413,-1.60002402539567,1.95011786568718));
#7062=CARTESIAN_POINT('Origin',(8.64989302735028,-1.60002703892276,1.71013936736821));
#7063=CARTESIAN_POINT('',(8.64989947782613,-1.60002629589767,1.95013936728037));
#7064=CARTESIAN_POINT('Origin',(15.45,3.19999977002112,5.30021526360085));
#7065=CARTESIAN_POINT('',(15.37,2.95999977002208,5.30021526360085));
#7066=CARTESIAN_POINT('Origin',(15.37,3.19999977002112,5.30021526360085));
#7067=CARTESIAN_POINT('',(14.64,2.95999977002208,5.30021526360084));
#7068=CARTESIAN_POINT('',(15.45,2.95999977002208,5.30021526360085));
#7069=CARTESIAN_POINT('Origin',(14.64,3.19999977002112,5.30021526360084));
#7070=CARTESIAN_POINT('Origin',(14.64,2.97749999999994,-7.21644966006357E-16));
#7071=CARTESIAN_POINT('Origin',(15.45,-2.28810883129427E-7,5.30012925722808));
#7072=CARTESIAN_POINT('',(15.37,-0.240000228809917,5.30012925722808));
#7073=CARTESIAN_POINT('Origin',(15.37,-2.28810883129427E-7,5.30012925722808));
#7074=CARTESIAN_POINT('',(14.64,-0.240000228809917,5.30012925722808));
#7075=CARTESIAN_POINT('',(15.45,-0.240000228809917,5.30012925722808));
#7076=CARTESIAN_POINT('Origin',(14.64,-2.28810883129427E-7,5.30012925722808));
#7077=CARTESIAN_POINT('Origin',(14.64,2.97749999999994,-7.21644966006357E-16));
#7078=CARTESIAN_POINT('Origin',(15.45,-3.20000022764128,5.30004325085532));
#7079=CARTESIAN_POINT('',(15.37,-3.44000022764032,5.30004325085532));
#7080=CARTESIAN_POINT('Origin',(15.37,-3.20000022764128,5.30004325085532));
#7081=CARTESIAN_POINT('',(14.64,-3.44000022764032,5.30004325085531));
#7082=CARTESIAN_POINT('',(15.45,-3.44000022764032,5.30004325085532));
#7083=CARTESIAN_POINT('Origin',(14.64,-3.20000022764128,5.30004325085531));
#7084=CARTESIAN_POINT('Origin',(14.64,2.97749999999994,-7.21644966006357E-16));
#7085=CARTESIAN_POINT('Origin',(15.45,-4.80000022705688,5.30000024766893));
#7086=CARTESIAN_POINT('',(15.37,-5.04000022705592,5.30000024766893));
#7087=CARTESIAN_POINT('Origin',(15.37,-4.80000022705688,5.30000024766893));
#7088=CARTESIAN_POINT('',(14.64,-5.04000022705592,5.30000024766893));
#7089=CARTESIAN_POINT('',(15.45,-5.04000022705592,5.30000024766893));
#7090=CARTESIAN_POINT('Origin',(14.64,-4.80000022705688,5.30000024766893));
#7091=CARTESIAN_POINT('Origin',(14.64,2.97749999999994,-7.21644966006357E-16));
#7092=CARTESIAN_POINT('Origin',(15.45,-1.60000022822561,5.3000862540417));
#7093=CARTESIAN_POINT('',(15.37,-1.84000022822465,5.3000862540417));
#7094=CARTESIAN_POINT('Origin',(15.37,-1.60000022822561,5.3000862540417));
#7095=CARTESIAN_POINT('',(14.64,-1.84000022822465,5.3000862540417));
#7096=CARTESIAN_POINT('',(15.45,-1.84000022822465,5.3000862540417));
#7097=CARTESIAN_POINT('Origin',(14.64,-1.60000022822561,5.3000862540417));
#7098=CARTESIAN_POINT('Origin',(14.64,2.97749999999994,-7.21644966006357E-16));
#7099=CARTESIAN_POINT('Origin',(15.45,1.59999977060512,5.30017226041446));
#7100=CARTESIAN_POINT('',(15.37,1.35999977060608,5.30017226041446));
#7101=CARTESIAN_POINT('Origin',(15.37,1.59999977060512,5.30017226041446));
#7102=CARTESIAN_POINT('',(14.64,1.35999977060608,5.30017226041446));
#7103=CARTESIAN_POINT('',(15.45,1.35999977060608,5.30017226041446));
#7104=CARTESIAN_POINT('Origin',(14.64,1.59999977060512,5.30017226041446));
#7105=CARTESIAN_POINT('Origin',(14.64,2.97749999999994,-7.21644966006357E-16));
#7106=CARTESIAN_POINT('Origin',(15.45,4.79999976943612,5.30025826678723));
#7107=CARTESIAN_POINT('',(15.37,4.55999976943709,5.30025826678723));
#7108=CARTESIAN_POINT('Origin',(15.37,4.79999976943612,5.30025826678723));
#7109=CARTESIAN_POINT('',(14.64,4.55999976943709,5.30025826678723));
#7110=CARTESIAN_POINT('',(15.45,4.55999976943709,5.30025826678723));
#7111=CARTESIAN_POINT('Origin',(14.64,4.79999976943612,5.30025826678723));
#7112=CARTESIAN_POINT('Origin',(14.64,2.97749999999994,-7.21644966006357E-16));
#7113=CARTESIAN_POINT('Origin',(15.45,1.59999999766212,5.30017201274554));
#7114=CARTESIAN_POINT('',(15.45,1.28999999766336,5.30017201274554));
#7115=CARTESIAN_POINT('Origin',(15.45,1.59999999766212,5.30017201274554));
#7116=CARTESIAN_POINT('',(15.37,1.28999999766336,5.30017201274554));
#7117=CARTESIAN_POINT('',(15.45,1.28999999766336,5.30017201274554));
#7118=CARTESIAN_POINT('Origin',(15.37,1.59999999766212,5.30017201274554));
#7119=CARTESIAN_POINT('Origin',(15.37,1.59999999766212,5.30017201274554));
#7120=CARTESIAN_POINT('Origin',(15.45,-4.80000000000008,5.30000000000001));
#7121=CARTESIAN_POINT('',(15.45,-5.10999999999883,5.30000000000001));
#7122=CARTESIAN_POINT('Origin',(15.45,-4.80000000000008,5.30000000000001));
#7123=CARTESIAN_POINT('',(15.37,-5.10999999999883,5.30000000000001));
#7124=CARTESIAN_POINT('',(15.45,-5.10999999999883,5.30000000000001));
#7125=CARTESIAN_POINT('Origin',(15.37,-4.80000000000008,5.30000000000001));
#7126=CARTESIAN_POINT('Origin',(15.37,-4.80000000000008,5.30000000000001));
#7127=CARTESIAN_POINT('Origin',(15.45,-1.75388237266816E-9,5.30012900955916));
#7128=CARTESIAN_POINT('',(15.45,-0.310000001752634,5.30012900955916));
#7129=CARTESIAN_POINT('Origin',(15.45,-1.75388237266816E-9,5.30012900955916));
#7130=CARTESIAN_POINT('',(15.37,-0.310000001752634,5.30012900955916));
#7131=CARTESIAN_POINT('',(15.45,-0.310000001752634,5.30012900955916));
#7132=CARTESIAN_POINT('Origin',(15.37,-1.75388237266816E-9,5.30012900955916));
#7133=CARTESIAN_POINT('Origin',(15.37,-1.75388237266816E-9,5.30012900955916));
#7134=CARTESIAN_POINT('Origin',(15.45,3.19999999707812,5.30021501593192));
#7135=CARTESIAN_POINT('',(15.45,2.88999999707937,5.30021501593192));
#7136=CARTESIAN_POINT('Origin',(15.45,3.19999999707812,5.30021501593192));
#7137=CARTESIAN_POINT('',(15.37,2.88999999707937,5.30021501593192));
#7138=CARTESIAN_POINT('',(15.45,2.88999999707937,5.30021501593192));
#7139=CARTESIAN_POINT('Origin',(15.37,3.19999999707812,5.30021501593192));
#7140=CARTESIAN_POINT('Origin',(15.37,3.19999999707812,5.30021501593192));
#7141=CARTESIAN_POINT('Origin',(15.45,-3.20000000058439,5.30004300318639));
#7142=CARTESIAN_POINT('',(15.45,-3.51000000058314,5.30004300318639));
#7143=CARTESIAN_POINT('Origin',(15.45,-3.20000000058439,5.30004300318639));
#7144=CARTESIAN_POINT('',(15.37,-3.51000000058314,5.30004300318639));
#7145=CARTESIAN_POINT('',(15.45,-3.51000000058314,5.30004300318639));
#7146=CARTESIAN_POINT('Origin',(15.37,-3.20000000058439,5.30004300318639));
#7147=CARTESIAN_POINT('Origin',(15.37,-3.20000000058439,5.30004300318639));
#7148=CARTESIAN_POINT('Origin',(15.45,-1.60000000116876,5.30008600637277));
#7149=CARTESIAN_POINT('',(15.45,-1.91000000116751,5.30008600637277));
#7150=CARTESIAN_POINT('Origin',(15.45,-1.60000000116876,5.30008600637277));
#7151=CARTESIAN_POINT('',(15.37,-1.91000000116751,5.30008600637277));
#7152=CARTESIAN_POINT('',(15.45,-1.91000000116751,5.30008600637277));
#7153=CARTESIAN_POINT('Origin',(15.37,-1.60000000116876,5.30008600637277));
#7154=CARTESIAN_POINT('Origin',(15.37,-1.60000000116876,5.30008600637277));
#7155=CARTESIAN_POINT('Origin',(15.45,4.79999999649312,5.30025801911831));
#7156=CARTESIAN_POINT('',(15.45,4.48999999649437,5.30025801911831));
#7157=CARTESIAN_POINT('Origin',(15.45,4.79999999649312,5.30025801911831));
#7158=CARTESIAN_POINT('',(15.37,4.48999999649437,5.30025801911831));
#7159=CARTESIAN_POINT('',(15.45,4.48999999649437,5.30025801911831));
#7160=CARTESIAN_POINT('Origin',(15.37,4.79999999649312,5.30025801911831));
#7161=CARTESIAN_POINT('Origin',(15.37,4.79999999649312,5.30025801911831));
#7162=CARTESIAN_POINT('Origin',(11.0500020446804,5.99999999999995,5.31008823539308));
#7163=CARTESIAN_POINT('',(11.2900020446795,5.91999999999993,5.31008823539308));
#7164=CARTESIAN_POINT('Origin',(11.0500020446804,5.91999999999993,5.31008823539308));
#7165=CARTESIAN_POINT('',(11.2900020446795,5.18999999999993,5.31008823539308));
#7166=CARTESIAN_POINT('',(11.2900020446795,5.99999999999995,5.31008823539308));
#7167=CARTESIAN_POINT('Origin',(11.0500020446804,5.18999999999995,5.31008823539308));
#7168=CARTESIAN_POINT('Origin',(8.68471394933605,5.18999999999995,5.51000000000004));
#7169=CARTESIAN_POINT('Origin',(14.2500020435117,5.99999999999995,5.31000222902032));
#7170=CARTESIAN_POINT('',(14.4900020435107,5.91999999999993,5.31000222902032));
#7171=CARTESIAN_POINT('Origin',(14.2500020435117,5.91999999999993,5.31000222902032));
#7172=CARTESIAN_POINT('',(14.4900020435107,5.18999999999993,5.31000222902032));
#7173=CARTESIAN_POINT('',(14.4900020435107,5.99999999999995,5.31000222902032));
#7174=CARTESIAN_POINT('Origin',(14.2500020435117,5.18999999999995,5.31000222902032));
#7175=CARTESIAN_POINT('Origin',(8.68471394933605,5.18999999999995,5.51000000000004));
#7176=CARTESIAN_POINT('Origin',(12.6500020440961,5.99999999999995,5.3100452322067));
#7177=CARTESIAN_POINT('',(12.8900020440951,5.91999999999993,5.3100452322067));
#7178=CARTESIAN_POINT('Origin',(12.6500020440961,5.91999999999993,5.3100452322067));
#7179=CARTESIAN_POINT('',(12.8900020440951,5.18999999999993,5.3100452322067));
#7180=CARTESIAN_POINT('',(12.8900020440951,5.99999999999995,5.3100452322067));
#7181=CARTESIAN_POINT('Origin',(12.6500020440961,5.18999999999995,5.3100452322067));
#7182=CARTESIAN_POINT('Origin',(8.68471394933605,5.18999999999995,5.51000000000004));
#7183=CARTESIAN_POINT('Origin',(9.45000204526482,5.99999999999995,5.31013123857947));
#7184=CARTESIAN_POINT('',(9.69000204526385,5.91999999999993,5.31013123857947));
#7185=CARTESIAN_POINT('Origin',(9.45000204526482,5.91999999999993,5.31013123857947));
#7186=CARTESIAN_POINT('',(9.69000204526385,5.18999999999993,5.31013123857947));
#7187=CARTESIAN_POINT('',(9.69000204526385,5.99999999999995,5.31013123857947));
#7188=CARTESIAN_POINT('Origin',(9.45000204526481,5.18999999999995,5.31013123857947));
#7189=CARTESIAN_POINT('Origin',(8.68471394933605,5.18999999999995,5.51000000000004));
#7190=CARTESIAN_POINT('Origin',(11.0500022717373,5.99999999999993,5.31008848306201));
#7191=CARTESIAN_POINT('',(11.3600022717361,5.99999999999993,5.31008848306201));
#7192=CARTESIAN_POINT('Origin',(11.0500022717373,5.99999999999995,5.31008848306201));
#7193=CARTESIAN_POINT('',(11.3600022717361,5.91999999999993,5.31008848306201));
#7194=CARTESIAN_POINT('',(11.3600022717361,5.99999999999993,5.31008848306201));
#7195=CARTESIAN_POINT('Origin',(11.0500022717373,5.91999999999993,5.31008848306201));
#7196=CARTESIAN_POINT('Origin',(11.0500022717373,5.91999999999993,5.31008848306201));
#7197=CARTESIAN_POINT('Origin',(12.650002271153,5.99999999999993,5.31004547987563));
#7198=CARTESIAN_POINT('',(12.9600022711518,5.99999999999993,5.31004547987563));
#7199=CARTESIAN_POINT('Origin',(12.650002271153,5.99999999999995,5.31004547987563));
#7200=CARTESIAN_POINT('',(12.9600022711518,5.91999999999993,5.31004547987563));
#7201=CARTESIAN_POINT('',(12.9600022711518,5.99999999999993,5.31004547987563));
#7202=CARTESIAN_POINT('Origin',(12.650002271153,5.91999999999993,5.31004547987563));
#7203=CARTESIAN_POINT('Origin',(12.650002271153,5.91999999999993,5.31004547987563));
#7204=CARTESIAN_POINT('Origin',(9.45000227232182,5.99999999999993,5.31013148624839));
#7205=CARTESIAN_POINT('',(9.76000227232057,5.99999999999993,5.31013148624839));
#7206=CARTESIAN_POINT('Origin',(9.45000227232182,5.99999999999995,5.31013148624839));
#7207=CARTESIAN_POINT('',(9.76000227232057,5.91999999999993,5.31013148624839));
#7208=CARTESIAN_POINT('',(9.76000227232057,5.99999999999993,5.31013148624839));
#7209=CARTESIAN_POINT('Origin',(9.45000227232182,5.91999999999993,5.31013148624839));
#7210=CARTESIAN_POINT('Origin',(9.45000227232182,5.91999999999993,5.31013148624839));
#7211=CARTESIAN_POINT('Origin',(14.2500022705686,5.99999999999993,5.31000247668924));
#7212=CARTESIAN_POINT('',(14.5600022705674,5.99999999999993,5.31000247668924));
#7213=CARTESIAN_POINT('Origin',(14.2500022705686,5.99999999999995,5.31000247668924));
#7214=CARTESIAN_POINT('',(14.5600022705674,5.91999999999993,5.31000247668924));
#7215=CARTESIAN_POINT('',(14.5600022705674,5.99999999999993,5.31000247668924));
#7216=CARTESIAN_POINT('Origin',(14.2500022705686,5.91999999999993,5.31000247668924));
#7217=CARTESIAN_POINT('Origin',(14.2500022705686,5.91999999999993,5.31000247668924));
#7218=CARTESIAN_POINT('Origin',(11.0500020446804,-6.00000000000006,5.31008823539309));
#7219=CARTESIAN_POINT('',(10.8100020446814,-5.92000000000006,5.31008823539309));
#7220=CARTESIAN_POINT('Origin',(11.0500020446804,-5.92000000000006,5.31008823539309));
#7221=CARTESIAN_POINT('',(10.8100020446814,-5.19000000000006,5.31008823539309));
#7222=CARTESIAN_POINT('',(10.8100020446814,-6.00000000000006,5.31008823539309));
#7223=CARTESIAN_POINT('Origin',(11.0500020446804,-5.19000000000006,5.31008823539309));
#7224=CARTESIAN_POINT('Origin',(11.0500020446804,-5.19000000000006,5.31008823539309));
#7225=CARTESIAN_POINT('Origin',(12.6500020440961,-6.00000000000006,5.31004523220671));
#7226=CARTESIAN_POINT('',(12.4100020440971,-5.92000000000006,5.31004523220671));
#7227=CARTESIAN_POINT('Origin',(12.6500020440961,-5.92000000000006,5.31004523220671));
#7228=CARTESIAN_POINT('',(12.4100020440971,-5.19000000000006,5.31004523220671));
#7229=CARTESIAN_POINT('',(12.4100020440971,-6.00000000000006,5.31004523220671));
#7230=CARTESIAN_POINT('Origin',(12.6500020440961,-5.19000000000006,5.31004523220671));
#7231=CARTESIAN_POINT('Origin',(12.6500020440961,-5.19000000000006,5.31004523220671));
#7232=CARTESIAN_POINT('Origin',(9.45000204526479,-6.00000000000006,5.31013123857948));
#7233=CARTESIAN_POINT('',(9.21000204526575,-5.92000000000006,5.31013123857948));
#7234=CARTESIAN_POINT('Origin',(9.45000204526479,-5.92000000000006,5.31013123857948));
#7235=CARTESIAN_POINT('',(9.21000204526575,-5.19000000000006,5.31013123857948));
#7236=CARTESIAN_POINT('',(9.21000204526575,-6.00000000000006,5.31013123857948));
#7237=CARTESIAN_POINT('Origin',(9.45000204526479,-5.19000000000006,5.31013123857948));
#7238=CARTESIAN_POINT('Origin',(9.45000204526479,-5.19000000000006,5.31013123857948));
#7239=CARTESIAN_POINT('Origin',(14.2500020435117,-6.00000000000006,5.31000222902033));
#7240=CARTESIAN_POINT('',(14.0100020435127,-5.92000000000006,5.31000222902033));
#7241=CARTESIAN_POINT('Origin',(14.2500020435117,-5.92000000000006,5.31000222902033));
#7242=CARTESIAN_POINT('',(14.0100020435127,-5.19000000000006,5.31000222902033));
#7243=CARTESIAN_POINT('',(14.0100020435127,-6.00000000000006,5.31000222902033));
#7244=CARTESIAN_POINT('Origin',(14.2500020435117,-5.19000000000006,5.31000222902033));
#7245=CARTESIAN_POINT('Origin',(14.2500020435117,-5.19000000000006,5.31000222902033));
#7246=CARTESIAN_POINT('Origin',(11.0500022717373,-6.00000000000006,5.31008848306202));
#7247=CARTESIAN_POINT('',(10.7400022717385,-6.00000000000006,5.31008848306202));
#7248=CARTESIAN_POINT('Origin',(11.0500022717373,-6.00000000000008,5.31008848306202));
#7249=CARTESIAN_POINT('',(10.7400022717385,-5.92000000000006,5.31008848306202));
#7250=CARTESIAN_POINT('',(10.7400022717385,-6.00000000000006,5.31008848306202));
#7251=CARTESIAN_POINT('Origin',(11.0500022717373,-5.92000000000006,5.31008848306202));
#7252=CARTESIAN_POINT('Origin',(11.0500022717373,-5.92000000000006,5.31008848306202));
#7253=CARTESIAN_POINT('Origin',(12.650002271153,-6.00000000000006,5.31004547987563));
#7254=CARTESIAN_POINT('',(12.3400022711542,-6.00000000000006,5.31004547987563));
#7255=CARTESIAN_POINT('Origin',(12.650002271153,-6.00000000000008,5.31004547987563));
#7256=CARTESIAN_POINT('',(12.3400022711542,-5.92000000000006,5.31004547987563));
#7257=CARTESIAN_POINT('',(12.3400022711542,-6.00000000000006,5.31004547987563));
#7258=CARTESIAN_POINT('Origin',(12.650002271153,-5.92000000000006,5.31004547987563));
#7259=CARTESIAN_POINT('Origin',(12.650002271153,-5.92000000000006,5.31004547987563));
#7260=CARTESIAN_POINT('Origin',(9.45000227232179,-6.00000000000006,5.3101314862484));
#7261=CARTESIAN_POINT('',(9.14000227232304,-6.00000000000006,5.3101314862484));
#7262=CARTESIAN_POINT('Origin',(9.45000227232179,-6.00000000000008,5.3101314862484));
#7263=CARTESIAN_POINT('',(9.14000227232304,-5.92000000000006,5.3101314862484));
#7264=CARTESIAN_POINT('',(9.14000227232304,-6.00000000000006,5.3101314862484));
#7265=CARTESIAN_POINT('Origin',(9.45000227232179,-5.92000000000006,5.3101314862484));
#7266=CARTESIAN_POINT('Origin',(9.45000227232179,-5.92000000000006,5.3101314862484));
#7267=CARTESIAN_POINT('Origin',(14.2500022705686,-6.00000000000006,5.31000247668925));
#7268=CARTESIAN_POINT('',(13.9400022705698,-6.00000000000006,5.31000247668925));
#7269=CARTESIAN_POINT('Origin',(14.2500022705686,-6.00000000000008,5.31000247668925));
#7270=CARTESIAN_POINT('',(13.9400022705698,-5.92000000000006,5.31000247668925));
#7271=CARTESIAN_POINT('',(13.9400022705698,-6.00000000000006,5.31000247668925));
#7272=CARTESIAN_POINT('Origin',(14.2500022705686,-5.92000000000006,5.31000247668925));
#7273=CARTESIAN_POINT('Origin',(14.2500022705686,-5.92000000000006,5.31000247668925));
#7274=CARTESIAN_POINT('Origin',(14.2238185922051,2.73249999999995,1.82500027922483));
#7275=CARTESIAN_POINT('',(13.9718184371801,2.73249999999995,1.82500027922482));
#7276=CARTESIAN_POINT('',(13.9718184371801,-4.42250000000005,1.82500027922482));
#7277=CARTESIAN_POINT('',(13.9718184371801,2.73249999999995,1.82500027922482));
#7278=CARTESIAN_POINT('',(14.2238185922051,-4.42250000000005,1.82500027922483));
#7279=CARTESIAN_POINT('',(14.2238185922051,-4.42250000000005,1.82500027922483));
#7280=CARTESIAN_POINT('',(14.2238185922051,2.73249999999995,1.82500027922483));
#7281=CARTESIAN_POINT('',(14.2238185922051,2.73249999999995,1.82500027922483));
#7282=CARTESIAN_POINT('',(14.2238185922051,2.73249999999995,1.82500027922483));
#7283=CARTESIAN_POINT('Origin',(11.8423573116643,-6.3948846218409E-14,4.91000000000004));
#7284=CARTESIAN_POINT('',(15.4500006739926,2.73249999999995,4.91000000000004));
#7285=CARTESIAN_POINT('',(11.471772653588,2.73249999999995,4.91000000000004));
#7286=CARTESIAN_POINT('',(12.576610313838,2.73249999999995,4.91000000000004));
#7287=CARTESIAN_POINT('',(15.4500006739926,-5.65000000000008,4.91000000000005));
#7288=CARTESIAN_POINT('',(15.4500006739926,3.19999999999998,4.91000000000004));
#7289=CARTESIAN_POINT('',(15.1000006739926,-6.00000000000008,4.91000000000005));
#7290=CARTESIAN_POINT('Origin',(15.1000006739926,-5.65000000000008,4.91000000000005));
#7291=CARTESIAN_POINT('',(8.684713949336,-6.00000000000005,4.91000000000005));
#7292=CARTESIAN_POINT('',(15.1000006739926,-6.00000000000008,4.91000000000005));
#7293=CARTESIAN_POINT('',(8.234713949336,-5.55000000000005,4.91000000000005));
#7294=CARTESIAN_POINT('Origin',(8.684713949336,-5.55000000000005,4.91000000000005));
#7295=CARTESIAN_POINT('',(8.23471394933605,5.54999999999995,4.91000000000004));
#7296=CARTESIAN_POINT('',(8.234713949336,-5.55000000000005,4.91000000000005));
#7297=CARTESIAN_POINT('',(8.68471394933605,5.99999999999995,4.91000000000004));
#7298=CARTESIAN_POINT('Origin',(8.68471394933605,5.54999999999995,4.91000000000004));
#7299=CARTESIAN_POINT('',(15.0000006739927,5.99999999999992,4.91000000000004));
#7300=CARTESIAN_POINT('',(8.68471394933605,5.99999999999995,4.91000000000004));
#7301=CARTESIAN_POINT('',(15.4500006739927,5.54999999999992,4.91000000000004));
#7302=CARTESIAN_POINT('Origin',(15.0000006739927,5.54999999999992,4.91000000000004));
#7303=CARTESIAN_POINT('',(15.4500006739926,2.97749999999995,4.91000000000004));
#7304=CARTESIAN_POINT('',(15.4500006739926,3.19999999999998,4.91000000000004));
#7305=CARTESIAN_POINT('',(11.1717266320235,2.97749999999995,4.91000000000004));
#7306=CARTESIAN_POINT('',(12.576610313838,2.97749999999995,4.91000000000004));
#7307=CARTESIAN_POINT('',(11.1717266320235,2.73249999999995,4.91000000000004));
#7308=CARTESIAN_POINT('',(11.1717266320235,1.48874999999994,4.91000000000004));
#7309=CARTESIAN_POINT('',(11.1718637118919,2.73249999999995,4.91000000000004));
#7310=CARTESIAN_POINT('',(12.576610313838,2.73249999999995,4.91000000000004));
#7311=CARTESIAN_POINT('',(11.1718637118919,-4.72250000000005,4.91000000000005));
#7312=CARTESIAN_POINT('',(11.1718637118919,-2.21125000000006,4.91000000000004));
#7313=CARTESIAN_POINT('',(11.471772653588,-4.72250000000005,4.91000000000005));
#7314=CARTESIAN_POINT('',(12.5765932549746,-4.72250000000005,4.91000000000004));
#7315=CARTESIAN_POINT('',(11.471772653588,-2.36125000000006,4.91000000000004));
#7316=CARTESIAN_POINT('',(13.9717724342579,-4.42250000000005,4.91000000000005));
#7317=CARTESIAN_POINT('',(15.449977527934,-4.42250000000005,4.91000000000005));
#7318=CARTESIAN_POINT('',(12.5765932549746,-4.42250000000005,4.91000000000004));
#7319=CARTESIAN_POINT('',(13.9717724342579,-4.72250000000005,4.91000000000005));
#7320=CARTESIAN_POINT('',(13.9717724342579,-2.21125000000006,4.91000000000004));
#7321=CARTESIAN_POINT('',(15.449977527934,-4.72250000000005,4.91000000000005));
#7322=CARTESIAN_POINT('',(12.5765932549746,-4.72250000000005,4.91000000000004));
#7323=CARTESIAN_POINT('',(15.449977527934,-2.21125000000006,4.91000000000004));
#7324=CARTESIAN_POINT('Origin',(11.8423573116643,-6.30606677987089E-14,
5.67100000000004));
#7325=CARTESIAN_POINT('',(15.4500006739926,-5.65000000000008,5.67100000000005));
#7326=CARTESIAN_POINT('',(15.4500006739927,5.54999999999992,5.67100000000004));
#7327=CARTESIAN_POINT('',(15.4500006739926,3.19999999999998,5.67100000000004));
#7328=CARTESIAN_POINT('',(15.0000006739927,5.99999999999992,5.67100000000003));
#7329=CARTESIAN_POINT('Origin',(15.0000006739927,5.54999999999992,5.67100000000004));
#7330=CARTESIAN_POINT('',(8.68471394933605,5.99999999999995,5.67100000000003));
#7331=CARTESIAN_POINT('',(8.68471394933605,5.99999999999995,5.67100000000003));
#7332=CARTESIAN_POINT('',(8.23471394933605,5.54999999999995,5.67100000000003));
#7333=CARTESIAN_POINT('Origin',(8.68471394933605,5.54999999999995,5.67100000000003));
#7334=CARTESIAN_POINT('',(8.234713949336,-5.55000000000005,5.67100000000004));
#7335=CARTESIAN_POINT('',(8.234713949336,-5.55000000000005,5.67100000000004));
#7336=CARTESIAN_POINT('',(8.684713949336,-6.00000000000005,5.67100000000005));
#7337=CARTESIAN_POINT('Origin',(8.684713949336,-5.55000000000005,5.67100000000004));
#7338=CARTESIAN_POINT('',(15.1000006739926,-6.00000000000008,5.67100000000005));
#7339=CARTESIAN_POINT('',(15.1000006739926,-6.00000000000008,5.67100000000005));
#7340=CARTESIAN_POINT('Origin',(15.1000006739926,-5.65000000000007,5.67100000000005));
#7341=CARTESIAN_POINT('Origin',(13.3108633160117,2.73249999999995,1.99999999999999));
#7342=CARTESIAN_POINT('',(13.5706943489271,2.73249999999995,0.585881830636783));
#7343=CARTESIAN_POINT('Origin',(12.7218157023729,2.73249999999995,1.82500156839025));
#7344=CARTESIAN_POINT('',(13.5706943489271,2.73249999999995,0.275000088489973));
#7345=CARTESIAN_POINT('',(13.5706943489271,2.73249999999995,1.13750004424498));
#7346=CARTESIAN_POINT('',(15.45,2.73249999999995,0.275000088489979));
#7347=CARTESIAN_POINT('',(14.3804430108543,2.73249999999994,0.275000088489976));
#7348=CARTESIAN_POINT('',(15.45,2.73249999999994,3.05311331771917E-15));
#7349=CARTESIAN_POINT('',(11.471772653588,2.73249999999995,3.99999999999999));
#7350=CARTESIAN_POINT('',(11.471772653588,2.73249999999995,3.99999999999999));
#7351=CARTESIAN_POINT('',(11.4717724145943,2.73249999999995,1.82500027922481));
#7352=CARTESIAN_POINT('',(11.4717725437058,2.73249999999995,3.00000013084399));
#7353=CARTESIAN_POINT('',(11.471818177982,2.73249999999995,1.82500027922481));
#7354=CARTESIAN_POINT('',(12.3913407469969,2.73249999999995,1.8250002792248));
#7355=CARTESIAN_POINT('Origin',(12.7218183075811,2.73249999999995,1.82500014156129));
#7356=CARTESIAN_POINT('',(12.8967950148373,2.73249999999995,2.67499999497713));
#7357=CARTESIAN_POINT('Origin',(12.7217949629762,2.73249999999995,2.67499999497713));
#7358=CARTESIAN_POINT('',(12.8967951163922,2.73249999999995,0.975000040710395));
#7359=CARTESIAN_POINT('Origin',(12.7217949901796,2.73249999999995,0.975000040710395));
#7360=CARTESIAN_POINT('',(13.1217948826509,2.73249999999995,1.82499988184899));
#7361=CARTESIAN_POINT('Origin',(12.7217949073246,2.73249999999995,1.82499988184899));
#7362=CARTESIAN_POINT('',(15.0487950039091,2.73249999999995,1.05999994277953));
#7363=CARTESIAN_POINT('Origin',(14.6337950039091,2.73249999999995,1.05999994277953));
#7364=CARTESIAN_POINT('Origin',(13.3108291982849,-4.42250000000005,2.00000002980232));
#7365=CARTESIAN_POINT('',(15.449977527934,-4.42250000000005,0.275000088489979));
#7366=CARTESIAN_POINT('',(15.449977527934,-4.42250000000005,6.88668158535478E-16));
#7367=CARTESIAN_POINT('',(13.5706943489271,-4.42250000000005,0.275000088489973));
#7368=CARTESIAN_POINT('',(13.5706943489271,-4.42250000000005,0.275000088489973));
#7369=CARTESIAN_POINT('',(13.5706943489271,-4.42250000000005,0.585881830636783));
#7370=CARTESIAN_POINT('',(13.5706943489271,-4.42250000000005,0.585881830636783));
#7371=CARTESIAN_POINT('Origin',(12.7218157023729,-4.42250000000005,1.82500156839025));
#7372=CARTESIAN_POINT('',(12.7216075723303,-4.42250000000005,0.575000029725987));
#7373=CARTESIAN_POINT('Origin',(12.7218183075811,-4.42250000000005,1.82500014156129));
#7374=CARTESIAN_POINT('',(13.9717726737924,-4.42250000000005,1.82500028610227));
#7375=CARTESIAN_POINT('Origin',(12.7217725441933,-4.42250000000005,1.82500014843874));
#7376=CARTESIAN_POINT('',(13.9717724342579,-4.42250000000005,4.00000005960464));
#7377=CARTESIAN_POINT('',(13.9717726737924,-4.42250000000005,1.82500028610227));
#7378=CARTESIAN_POINT('',(13.9717724342579,-4.42250000000005,4.00000005960464));
#7379=CARTESIAN_POINT('',(14.2187725324414,-4.42250000000005,1.05999994277953));
#7380=CARTESIAN_POINT('Origin',(14.6337725324414,-4.42250000000005,1.05999994277953));
#7381=CARTESIAN_POINT('Origin',(15.0000006739927,5.54999999999992,5.51000000000004));
#7382=CARTESIAN_POINT('',(15.4500006739927,5.54999999999992,5.51000000000004));
#7383=CARTESIAN_POINT('',(15.0000006739927,5.99999999999992,5.51000000000004));
#7384=CARTESIAN_POINT('Origin',(8.68471394933605,5.99999999999995,5.51000000000004));
#7385=CARTESIAN_POINT('',(8.68471394933605,5.99999999999995,5.51000000000004));
#7386=CARTESIAN_POINT('Origin',(8.68471394933605,5.54999999999995,5.51000000000004));
#7387=CARTESIAN_POINT('',(8.23471394933605,5.54999999999995,5.51000000000004));
#7388=CARTESIAN_POINT('Origin',(8.234713949336,-5.55000000000005,5.51000000000005));
#7389=CARTESIAN_POINT('',(8.234713949336,-5.55000000000005,5.51000000000005));
#7390=CARTESIAN_POINT('Origin',(8.684713949336,-5.55000000000005,5.51000000000005));
#7391=CARTESIAN_POINT('',(8.684713949336,-6.00000000000005,5.51000000000005));
#7392=CARTESIAN_POINT('Origin',(15.1000006739926,-6.00000000000008,5.51000000000005));
#7393=CARTESIAN_POINT('',(15.1000006739926,-6.00000000000008,5.51000000000005));
#7394=CARTESIAN_POINT('Origin',(15.1000006739926,-5.65000000000007,5.51000000000005));
#7395=CARTESIAN_POINT('',(15.4500006739926,-5.65000000000008,5.51000000000005));
#7396=CARTESIAN_POINT('Origin',(15.449977527934,-4.42250000000005,6.88668158535478E-16));
#7397=CARTESIAN_POINT('',(15.449977527934,-4.72250000000005,6.66133814775094E-16));
#7398=CARTESIAN_POINT('',(15.449977527934,-4.72250000000005,6.88668158535478E-16));
#7399=CARTESIAN_POINT('',(15.449977527934,-4.42250000000005,6.88668158535478E-16));
#7400=CARTESIAN_POINT('',(15.449977527934,-4.42250000000005,6.88668158535478E-16));
#7401=CARTESIAN_POINT('',(15.449977527934,-4.42250000000005,0.456250068086844));
#7402=CARTESIAN_POINT('Origin',(11.471772653588,-4.72250000000005,4.00000005960464));
#7403=CARTESIAN_POINT('',(11.471772653588,-4.72250000000005,4.00000005960464));
#7404=CARTESIAN_POINT('',(11.471772653588,-4.72250000000005,4.00000005960464));
#7405=CARTESIAN_POINT('',(11.471772653588,-4.42250000000005,4.00000005960464));
#7406=CARTESIAN_POINT('Origin',(13.3108291982849,-4.72250000000005,2.00000002980232));
#7407=CARTESIAN_POINT('',(13.9717724342579,-4.72250000000005,4.00000005960464));
#7408=CARTESIAN_POINT('',(13.9717724342579,-4.72250000000005,4.00000005960464));
#7409=CARTESIAN_POINT('',(13.9717726737924,-4.72250000000005,1.82500028610227));
#7410=CARTESIAN_POINT('',(13.9717726737924,-4.72250000000005,1.82500028610227));
#7411=CARTESIAN_POINT('',(11.4717724145943,-4.72250000000005,1.8250002857915));
#7412=CARTESIAN_POINT('Origin',(12.7217725441933,-4.72250000000005,1.82500014843874));
#7413=CARTESIAN_POINT('',(11.4717724145943,-4.72250000000005,1.8250002857915));
#7414=CARTESIAN_POINT('',(11.1718637118919,-4.72250000000005,1.82500028610226));
#7415=CARTESIAN_POINT('',(11.1718637118919,-4.72250000000005,4.00000005960464));
#7416=CARTESIAN_POINT('',(11.1716808686358,-4.72250000000005,6.87743839655752E-9));
#7417=CARTESIAN_POINT('',(11.1718637118912,-4.72250000000005,1.8250002792406));
#7418=CARTESIAN_POINT('',(11.1717266320235,-4.72250000000005,3.4386757885585E-9));
#7419=CARTESIAN_POINT('',(15.449977527934,-4.72250000000005,6.88668158535478E-16));
#7420=CARTESIAN_POINT('',(15.449977527934,-4.72250000000005,6.88668158535478E-16));
#7421=CARTESIAN_POINT('',(14.2187725324414,-4.72250000000005,1.05999994277953));
#7422=CARTESIAN_POINT('Origin',(14.6337725324414,-4.72250000000005,1.05999994277953));
#7423=CARTESIAN_POINT('Origin',(11.1718637118919,-4.42250000000005,4.00000005960464));
#7424=CARTESIAN_POINT('',(11.1718637118919,2.73249999999995,1.82500028610226));
#7425=CARTESIAN_POINT('',(11.1718637118919,2.73249999999995,4.00000005960464));
#7426=CARTESIAN_POINT('',(11.1718637118919,-4.42250000000005,1.82500028610226));
#7427=CARTESIAN_POINT('Origin',(13.9717724342579,-4.42250000000005,4.00000005960464));
#7428=CARTESIAN_POINT('',(13.9717724342579,-4.42250000000005,4.00000005960464));
#7429=CARTESIAN_POINT('Origin',(12.7217949901796,2.77749999999995,0.975000040710395));
#7430=CARTESIAN_POINT('',(12.7217949901796,2.97749999999995,1.35000016692299));
#7431=CARTESIAN_POINT('Origin',(12.7217949901796,2.97749999999995,0.975000040710395));
#7432=CARTESIAN_POINT('',(12.7217949901796,2.77749999999995,1.15000016692299));
#7433=CARTESIAN_POINT('Origin',(12.7217949901796,2.77749999999995,1.35000016692299));
#7434=CARTESIAN_POINT('',(12.8967951163922,2.77749999999995,0.975000040710395));
#7435=CARTESIAN_POINT('Origin',(12.7217949901796,2.77749999999995,0.975000040710395));
#7436=CARTESIAN_POINT('Origin',(12.7217949901796,2.77749999999995,0.975000040710395));
#7437=CARTESIAN_POINT('Origin',(13.3108633160117,2.97749999999995,1.99999999999999));
#7438=CARTESIAN_POINT('',(15.45,2.97749999999994,2.83106871279414E-15));
#7439=CARTESIAN_POINT('',(15.45,2.97749999999994,2.83106871279414E-15));
#7440=CARTESIAN_POINT('',(11.1717266320235,2.97749999999995,-1.33226762955019E-14));
#7441=CARTESIAN_POINT('',(15.45,2.97749999999994,2.83106871279414E-15));
#7442=CARTESIAN_POINT('',(11.1716808686358,2.97749999999995,6.87743839655752E-9));
#7443=CARTESIAN_POINT('',(15.449977527934,2.97749999999995,6.88668158535478E-16));
#7444=CARTESIAN_POINT('',(11.1717266320235,2.97749999999995,0.456774826834985));
#7445=CARTESIAN_POINT('',(11.1718637118912,2.97749999999995,1.8250002792406));
#7446=CARTESIAN_POINT('',(11.1717266320235,2.97749999999995,-1.33226762955019E-14));
#7447=CARTESIAN_POINT('',(12.7217949629762,2.97749999999995,3.05000004683818));
#7448=CARTESIAN_POINT('Origin',(12.7217949629762,2.97749999999995,2.67499999497713));
#7449=CARTESIAN_POINT('',(15.0487950039091,2.97749999999995,1.05999994277953));
#7450=CARTESIAN_POINT('Origin',(14.6337950039091,2.97749999999995,1.05999994277953));
#7451=CARTESIAN_POINT('',(13.1217948826509,2.97749999999995,1.82499988184899));
#7452=CARTESIAN_POINT('Origin',(12.7217949073246,2.97749999999995,1.82499988184899));
#7453=CARTESIAN_POINT('Origin',(12.7217949901796,2.97749999999995,0.975000040710395));
#7454=CARTESIAN_POINT('',(12.8967951163922,2.97749999999995,0.975000040710395));
#7455=CARTESIAN_POINT('Origin',(12.7217949629762,2.77749999999995,2.67499999497713));
#7456=CARTESIAN_POINT('',(12.7217949629762,2.77749999999995,2.85000004683818));
#7457=CARTESIAN_POINT('Origin',(12.7217949629762,2.77749999999995,3.05000004683818));
#7458=CARTESIAN_POINT('',(12.8967950148373,2.77749999999995,2.67499999497713));
#7459=CARTESIAN_POINT('Origin',(12.7217949629762,2.77749999999995,2.67499999497713));
#7460=CARTESIAN_POINT('Origin',(12.7217949629762,2.77749999999995,2.67499999497713));
#7461=CARTESIAN_POINT('Origin',(12.7217949629762,2.97749999999995,2.67499999497713));
#7462=CARTESIAN_POINT('',(12.8967950148373,2.97749999999995,2.67499999497713));
#7463=CARTESIAN_POINT('Origin',(13.3108633160117,2.73249999999995,1.99999999999999));
#7464=CARTESIAN_POINT('',(11.1717266320235,2.73249999999995,0.456774826834984));
#7465=CARTESIAN_POINT('',(11.1717266320235,2.73249999999995,3.99999999999999));
#7466=CARTESIAN_POINT('',(11.1717810674408,2.73249999999995,1.00010715368063));
#7467=CARTESIAN_POINT('Origin',(14.6337725324414,-4.42250000000005,1.05999994277953));
#7468=CARTESIAN_POINT('',(14.2187725324414,-4.42250000000005,1.05999994277953));
#7469=CARTESIAN_POINT('Origin',(13.9717724342579,-4.42250000000005,4.00000005960465));
#7470=CARTESIAN_POINT('',(13.9717726737924,-4.42250000000005,1.82500028610227));
#7471=CARTESIAN_POINT('Origin',(11.1717266320235,-4.42250000000005,-1.31006316905768E-14));
#7472=CARTESIAN_POINT('',(11.1717266320235,-4.42250000000005,-1.31006316905768E-14));
#7473=CARTESIAN_POINT('',(15.4500232913218,-4.42250000000005,-6.87745080852105E-9));
#7474=CARTESIAN_POINT('',(11.1717266320235,-4.42250000000005,3.43867586523446E-9));
#7475=CARTESIAN_POINT('Origin',(11.1716808686358,-4.42250000000005,6.87743839655752E-9));
#7476=CARTESIAN_POINT('',(11.1716808686358,-4.42250000000005,6.87743839655752E-9));
#7477=CARTESIAN_POINT('',(11.1717266320235,2.73249999999995,-1.31006316905768E-14));
#7478=CARTESIAN_POINT('',(11.1717266320235,2.97749999999995,-1.33226762955019E-14));
#7479=CARTESIAN_POINT('',(15.45,2.73249999999994,3.10862446895044E-15));
#7480=CARTESIAN_POINT('',(15.45,2.73249999999994,3.05311331771917E-15));
#7481=CARTESIAN_POINT('',(15.4500232913218,2.73249999999995,-6.87745080852105E-9));
#7482=CARTESIAN_POINT('',(15.4500232913218,2.73249999999995,-6.87745080852105E-9));
#7483=CARTESIAN_POINT('',(15.4500232913218,-4.42250000000005,-6.8774508310554E-9));
#7484=CARTESIAN_POINT('',(15.4500232913218,2.73249999999995,-6.87745080852105E-9));
#7485=CARTESIAN_POINT('',(15.4500232913218,-4.42250000000005,-6.87745080852105E-9));
#7486=CARTESIAN_POINT('Origin',(11.1718637118919,-4.42250000000005,1.82500028610226));
#7487=CARTESIAN_POINT('',(11.1717266320235,-0.722500000000052,0.456774826827148));
#7488=CARTESIAN_POINT('Origin',(11.4717724145943,-4.42250000000005,1.8250002857915));
#7489=CARTESIAN_POINT('',(11.4717724145943,-4.42250000000005,1.8250002857915));
#7490=CARTESIAN_POINT('',(11.4717724145943,-4.42250000000005,1.8250002857915));
#7491=CARTESIAN_POINT('',(11.4717724145943,-0.845000000000053,1.82500027922481));
#7492=CARTESIAN_POINT('Origin',(12.7217725441933,-4.42250000000005,1.82500014843874));
#7493=CARTESIAN_POINT('Origin',(12.7217725441933,-4.42250000000005,1.82500014843874));
#7494=CARTESIAN_POINT('Origin',(13.3108749616726,-4.42250000000005,0.912500136173688));
#7495=CARTESIAN_POINT('',(15.4500227056968,-4.42250000000005,0.275000088489978));
#7496=CARTESIAN_POINT('',(15.4500232913218,-4.42250000000005,-6.87745080852105E-9));
#7497=CARTESIAN_POINT('',(13.5706943489271,-4.42250000000005,0.275000088489973));
#7498=CARTESIAN_POINT('Origin',(13.3108749616726,-4.42250000000005,0.912500136173688));
#7499=CARTESIAN_POINT('',(11.471818177982,-4.42250000000005,1.82500027922481));
#7500=CARTESIAN_POINT('Origin',(12.7218183075811,-4.42250000000005,1.82500014156129));
#7501=CARTESIAN_POINT('',(11.471818177982,-4.42250000000005,1.82500027922481));
#7502=CARTESIAN_POINT('Origin',(13.5706943489271,2.73249999999995,0.275000088489973));
#7503=CARTESIAN_POINT('',(13.5706943489271,2.73249999999995,0.585881830636783));
#7504=CARTESIAN_POINT('',(13.5706943489271,2.73249999999995,0.275000088489973));
#7505=CARTESIAN_POINT('Origin',(15.4500227056968,2.73249999999995,0.275000088489979));
#7506=CARTESIAN_POINT('',(15.4500227056968,2.73249999999995,0.275000088489978));
#7507=CARTESIAN_POINT('',(15.4500227056968,2.73249999999995,0.275000088489978));
#7508=CARTESIAN_POINT('',(13.5706943489271,2.73249999999995,0.275000088489973));
#7509=CARTESIAN_POINT('Origin',(15.4500232913218,2.73249999999995,-6.87745080852105E-9));
#7510=CARTESIAN_POINT('',(15.4500232913218,2.73249999999995,-6.87745080852105E-9));
#7511=CARTESIAN_POINT('Origin',(11.471818177982,2.73249999999995,1.82500027922481));
#7512=CARTESIAN_POINT('',(11.471818177982,2.73249999999995,1.82500027922481));
#7513=CARTESIAN_POINT('Origin',(12.7218183075811,2.73249999999995,1.82500014156129));
#7514=CARTESIAN_POINT('Origin',(12.7218157023729,2.73249999999995,1.82500156839025));
#7515=CARTESIAN_POINT('Origin',(13.3108749616726,2.73249999999995,0.912500136173688));
#7516=CARTESIAN_POINT('',(15.45,2.73249999999994,3.05311331771917E-15));
#7517=CARTESIAN_POINT('Origin',(12.7217949073246,2.97749999999995,1.82499988184899));
#7518=CARTESIAN_POINT('',(13.1217948826509,2.97749999999995,1.82499988184899));
#7519=CARTESIAN_POINT('Origin',(14.6337950039091,2.97749999999995,1.05999994277953));
#7520=CARTESIAN_POINT('',(15.0487950039091,2.97749999999995,1.05999994277953));
#7521=CARTESIAN_POINT('Origin',(11.1717266320235,2.97749999999995,-1.33226762955019E-14));
#7522=CARTESIAN_POINT('',(15.45,2.97749999999994,2.83106871279414E-15));
#7523=CARTESIAN_POINT('Origin',(11.1717266320235,2.97749999999995,3.99999999999999));
#7524=CARTESIAN_POINT('Origin',(15.45,2.97749999999994,2.83106871279414E-15));
#7525=CARTESIAN_POINT('Origin',(11.0498922442423,1.98998085613006,2.06006374831747));
#7526=CARTESIAN_POINT('',(8.64989221673726,1.99997404462374,2.06012822213847));
#7527=CARTESIAN_POINT('',(11.0498922158603,1.99998085612996,2.06006371735887));
#7528=CARTESIAN_POINT('',(8.64989251388926,1.98997407558324,2.07012825309347));
#7529=CARTESIAN_POINT('Origin',(8.64989224511926,1.98997404462385,2.06012825309707));
#7530=CARTESIAN_POINT('',(11.0498925130123,1.98998088708936,2.07006374831387));
#7531=CARTESIAN_POINT('Origin',(11.171754672445,1.19997894361389,1.33058007553164));
#7532=CARTESIAN_POINT('',(11.1717702621282,1.99998100091471,1.99509608187408));
#7533=CARTESIAN_POINT('',(11.1717725326968,1.19998100092181,1.99509855856333));
#7534=CARTESIAN_POINT('',(11.1717725326968,1.19998100092178,1.99509855856333));
#7535=CARTESIAN_POINT('',(11.1717554648549,1.19997903489094,1.3600629185422));
#7536=CARTESIAN_POINT('',(11.1717541189384,1.19997887985591,1.30998600027232));
#7537=CARTESIAN_POINT('',(11.171755167703,1.20997900393141,1.35006288758728));
#7538=CARTESIAN_POINT('Origin',(11.1717554364728,1.20997903489081,1.36006288758358));
#7539=CARTESIAN_POINT('',(11.1717529538986,1.98997900392451,1.35006047281518));
#7540=CARTESIAN_POINT('',(11.1717546284429,1.39997900392979,1.35006229937357));
#7541=CARTESIAN_POINT('',(11.1717531942863,1.99997903488381,1.36006044185298));
#7542=CARTESIAN_POINT('Origin',(11.1717532226684,1.98997903488391,1.36006047281158));
#7543=CARTESIAN_POINT('',(11.1717518483698,1.99997887984885,1.30998352358307));
#7544=CARTESIAN_POINT('Origin',(11.1717725326968,1.19998100092181,1.99509855856333));
#7545=CARTESIAN_POINT('',(11.1717707208812,1.19998055965127,1.85256460308872));
#7546=CARTESIAN_POINT('',(11.1717684503126,1.99998055964417,1.85256212639946));
#7547=CARTESIAN_POINT('Origin',(13.4498828080403,1.99998658405787,1.70999921270742));
#7548=CARTESIAN_POINT('',(8.64987340284926,1.99997187746725,1.36012822239467));
#7549=CARTESIAN_POINT('',(15.849873400219,1.99999231198579,1.35993470805597));
#7550=CARTESIAN_POINT('Origin',(8.64988280979326,1.99997296104545,1.71012822226657));
#7551=CARTESIAN_POINT('',(10.2498911410733,1.99997846179036,2.02008521896677));
#7552=CARTESIAN_POINT('Origin',(10.2498828092083,1.99997750204965,1.71008521908018));
#7553=CARTESIAN_POINT('',(8.64989114165726,1.99997392078625,2.02012822215307));
#7554=CARTESIAN_POINT('Origin',(8.64988280979326,1.99997296104545,1.71012822226657));
#7555=CARTESIAN_POINT('',(9.44989114136526,1.99997619128825,2.02010672055987));
#7556=CARTESIAN_POINT('Origin',(9.44988280950126,1.99997523154755,1.71010672067338));
#7557=CARTESIAN_POINT('',(9.72700341305526,1.99997515120995,1.43009927240547));
#7558=CARTESIAN_POINT('',(9.97274715454326,1.99997584866205,1.43009266755307));
#7559=CARTESIAN_POINT('',(11.7367381981203,1.99998085509366,1.43004525678077));
#7560=CARTESIAN_POINT('',(9.98733375087926,1.99997599434235,1.46377648604757));
#7561=CARTESIAN_POINT('Origin',(9.97274769208326,1.99997591058075,1.45009266754567));
#7562=CARTESIAN_POINT('',(9.98734699133026,1.99997751949905,1.95640806481457));
#7563=CARTESIAN_POINT('Origin',(10.2498828092083,1.99997750204965,1.71008521908018));
#7564=CARTESIAN_POINT('',(9.97276220565426,1.99997758238725,1.99009266734807));
#7565=CARTESIAN_POINT('Origin',(9.97276166811426,1.99997752046845,1.97009266735537));
#7566=CARTESIAN_POINT('',(9.72701846416526,1.99997688493515,1.99009927220057));
#7567=CARTESIAN_POINT('',(11.5630274192743,1.99998209576276,1.99004992580347));
#7568=CARTESIAN_POINT('',(9.71243186783026,1.99997673925485,1.95641545370607));
#7569=CARTESIAN_POINT('Origin',(9.72701792662626,1.99997682301635,1.97009927220787));
#7570=CARTESIAN_POINT('',(9.71241862737926,1.99997521409815,1.46378387493897));
#7571=CARTESIAN_POINT('Origin',(9.44988280950126,1.99997523154755,1.71010672067338));
#7572=CARTESIAN_POINT('Origin',(9.72700395059526,1.99997521312875,1.45009927239817));
#7573=CARTESIAN_POINT('',(8.91243186812226,1.99997446875285,1.95643695529927));
#7574=CARTESIAN_POINT('',(8.91241862767126,1.99997294359605,1.46380537653217));
#7575=CARTESIAN_POINT('Origin',(8.64988280979326,1.99997296104545,1.71012822226657));
#7576=CARTESIAN_POINT('',(8.92700341334726,1.99997288070785,1.43012077399867));
#7577=CARTESIAN_POINT('Origin',(8.92700395088726,1.99997294262665,1.45012077399137));
#7578=CARTESIAN_POINT('',(9.17274715483626,1.99997357815995,1.43011416914617));
#7579=CARTESIAN_POINT('',(11.3367381982663,1.99997971984266,1.43005600757737));
#7580=CARTESIAN_POINT('',(9.18733375117126,1.99997372384025,1.46379798764067));
#7581=CARTESIAN_POINT('Origin',(9.17274769237526,1.99997364007875,1.45011416913887));
#7582=CARTESIAN_POINT('',(9.18734699162226,1.99997524899695,1.95642956640777));
#7583=CARTESIAN_POINT('Origin',(9.44988280950126,1.99997523154755,1.71010672067338));
#7584=CARTESIAN_POINT('',(9.17276220594626,1.99997531188515,1.99011416894127));
#7585=CARTESIAN_POINT('Origin',(9.17276166840626,1.99997524996645,1.97011416894857));
#7586=CARTESIAN_POINT('',(8.92701846445826,1.99997461443305,1.99012077379367));
#7587=CARTESIAN_POINT('',(11.1630274194203,1.99998096051176,1.99006067660007));
#7588=CARTESIAN_POINT('Origin',(8.92701792691826,1.99997455251435,1.97012077380107));
#7589=CARTESIAN_POINT('',(10.5270034127633,1.99997742171206,1.43007777081227));
#7590=CARTESIAN_POINT('',(10.7727471542513,1.99997811916406,1.43007116595987));
#7591=CARTESIAN_POINT('',(12.1367381979743,1.99998199034466,1.43003450598417));
#7592=CARTESIAN_POINT('',(10.7873337505873,1.99997826484436,1.46375498445437));
#7593=CARTESIAN_POINT('Origin',(10.7727476917913,1.99997818108286,1.45007116595247));
#7594=CARTESIAN_POINT('',(10.7873469910373,1.99997979000116,1.95638656322137));
#7595=CARTESIAN_POINT('Origin',(11.0498828089163,1.99997977255166,1.71006371748699));
#7596=CARTESIAN_POINT('',(10.7727622053623,1.99997985288926,1.99007116575487));
#7597=CARTESIAN_POINT('Origin',(10.7727616678223,1.99997979097056,1.97007116576217));
#7598=CARTESIAN_POINT('',(10.5270184638733,1.99997915543716,1.99007777060737));
#7599=CARTESIAN_POINT('',(11.9630274191283,1.99998323101386,1.99003917500687));
#7600=CARTESIAN_POINT('',(10.5124318675383,1.99997900975696,1.95639395211287));
#7601=CARTESIAN_POINT('Origin',(10.5270179263343,1.99997909351845,1.97007777061467));
#7602=CARTESIAN_POINT('',(10.5124186270873,1.99997748460016,1.46376237334577));
#7603=CARTESIAN_POINT('Origin',(10.2498828092083,1.99997750204965,1.71008521908018));
#7604=CARTESIAN_POINT('Origin',(10.5270039503033,1.99997748363076,1.45007777080497));
#7605=CARTESIAN_POINT('Origin',(15.8498734286012,1.98999231198589,1.35993473901457));
#7606=CARTESIAN_POINT('',(8.64987316246126,1.98997184650795,1.35012825335697));
#7607=CARTESIAN_POINT('',(15.8498731598313,1.98999228102649,1.34993473901817));
#7608=CARTESIAN_POINT('Origin',(8.64987343123126,1.98997187746735,1.36012825335327));
#7609=CARTESIAN_POINT('Origin',(13.4498850786083,1.19998658406497,1.71000168939667));
#7610=CARTESIAN_POINT('',(8.64989448730526,1.19997404463075,2.06013069882777));
#7611=CARTESIAN_POINT('',(11.0498944864293,1.19998085613696,2.06006619404817));
#7612=CARTESIAN_POINT('',(8.64987567341726,1.19997187747435,1.36013069908387));
#7613=CARTESIAN_POINT('Origin',(8.64988508036127,1.19997296105254,1.71013069895582));
#7614=CARTESIAN_POINT('',(15.8498756707877,1.19999231199289,1.35993718474518));
#7615=CARTESIAN_POINT('',(10.7727494248203,1.19997811917116,1.43007364264907));
#7616=CARTESIAN_POINT('',(10.5270056833323,1.19997742171905,1.43008024750157));
#7617=CARTESIAN_POINT('',(12.1367404685433,1.19998199035177,1.43003698267337));
#7618=CARTESIAN_POINT('',(10.5124208976563,1.19997748460726,1.46376485003497));
#7619=CARTESIAN_POINT('Origin',(10.5270062208713,1.19997748363786,1.45008024749417));
#7620=CARTESIAN_POINT('',(10.5124341381063,1.19997900976396,1.95639642880207));
#7621=CARTESIAN_POINT('Origin',(10.2498850797773,1.19997750205665,1.71008769576944));
#7622=CARTESIAN_POINT('',(10.5270207344423,1.19997915544426,1.99008024729657));
#7623=CARTESIAN_POINT('Origin',(10.5270201969023,1.19997909352546,1.97008024730387));
#7624=CARTESIAN_POINT('',(10.7727644759303,1.19997985289636,1.99007364244417));
#7625=CARTESIAN_POINT('',(11.9630296896963,1.19998323102086,1.99004165169607));
#7626=CARTESIAN_POINT('',(10.7873492616063,1.19997979000816,1.95638903991067));
#7627=CARTESIAN_POINT('Origin',(10.7727639383903,1.19997979097756,1.97007364245147));
#7628=CARTESIAN_POINT('',(10.7873360211563,1.19997826485146,1.46375746114357));
#7629=CARTESIAN_POINT('Origin',(11.0498850794853,1.19997977255876,1.71006619417625));
#7630=CARTESIAN_POINT('Origin',(10.7727499623593,1.19997818108996,1.45007364264177));
#7631=CARTESIAN_POINT('',(8.91242089824027,1.19997294360315,1.46380785322137));
#7632=CARTESIAN_POINT('',(8.91243413869127,1.19997446875985,1.95643943198847));
#7633=CARTESIAN_POINT('Origin',(8.64988508036127,1.19997296105254,1.71013069895582));
#7634=CARTESIAN_POINT('',(8.92702073502627,1.19997461444015,1.99012325048297));
#7635=CARTESIAN_POINT('Origin',(8.92702019748726,1.19997455252135,1.97012325049027));
#7636=CARTESIAN_POINT('',(9.17276447651427,1.19997531189225,1.99011664563057));
#7637=CARTESIAN_POINT('',(11.1630296899883,1.19998096051886,1.99006315328927));
#7638=CARTESIAN_POINT('',(9.18734926219027,1.19997524900405,1.95643204309707));
#7639=CARTESIAN_POINT('Origin',(9.17276393897527,1.19997524997345,1.97011664563787));
#7640=CARTESIAN_POINT('',(9.18733602174026,1.19997372384735,1.46380046432997));
#7641=CARTESIAN_POINT('Origin',(9.44988508006927,1.19997523155465,1.71010919736263));
#7642=CARTESIAN_POINT('',(9.17274942540426,1.19997357816705,1.43011664583547));
#7643=CARTESIAN_POINT('Origin',(9.17274996294426,1.19997364008575,1.45011664582817));
#7644=CARTESIAN_POINT('',(8.92700568391627,1.19997288071495,1.43012325068787));
#7645=CARTESIAN_POINT('',(11.3367404688353,1.19997971984966,1.43005848426657));
#7646=CARTESIAN_POINT('Origin',(8.92700622145627,1.19997294263365,1.45012325068057));
#7647=CARTESIAN_POINT('',(9.97274942511227,1.19997584866905,1.43009514424227));
#7648=CARTESIAN_POINT('',(9.72700568362426,1.19997515121705,1.43010174909477));
#7649=CARTESIAN_POINT('',(11.7367404686893,1.19998085510076,1.43004773346997));
#7650=CARTESIAN_POINT('',(9.71242089794826,1.19997521410515,1.46378635162817));
#7651=CARTESIAN_POINT('Origin',(9.72700622116326,1.19997521313575,1.45010174908737));
#7652=CARTESIAN_POINT('',(9.71243413839827,1.19997673926195,1.95641793039527));
#7653=CARTESIAN_POINT('Origin',(9.44988508006927,1.19997523155465,1.71010919736263));
#7654=CARTESIAN_POINT('',(9.72702073473427,1.19997688494215,1.99010174888977));
#7655=CARTESIAN_POINT('Origin',(9.72702019719427,1.19997682302345,1.97010174889707));
#7656=CARTESIAN_POINT('',(9.97276447622226,1.19997758239425,1.99009514403737));
#7657=CARTESIAN_POINT('',(11.5630296898423,1.19998209576986,1.99005240249267));
#7658=CARTESIAN_POINT('',(9.98734926189826,1.19997751950615,1.95641054150387));
#7659=CARTESIAN_POINT('Origin',(9.97276393868326,1.19997752047555,1.97009514404467));
#7660=CARTESIAN_POINT('',(9.98733602144827,1.19997599434935,1.46377896273677));
#7661=CARTESIAN_POINT('Origin',(10.2498850797773,1.19997750205665,1.71008769576944));
#7662=CARTESIAN_POINT('Origin',(9.97274996265226,1.19997591058785,1.45009514423497));
#7663=CARTESIAN_POINT('',(9.44989341193427,1.19997619129535,2.02010919724917));
#7664=CARTESIAN_POINT('Origin',(9.44988508006927,1.19997523155465,1.71010919736263));
#7665=CARTESIAN_POINT('',(8.64989341222626,1.19997392079324,2.02013069884237));
#7666=CARTESIAN_POINT('Origin',(8.64988508036127,1.19997296105254,1.71013069895582));
#7667=CARTESIAN_POINT('',(10.2498934116423,1.19997846179745,2.02008769565597));
#7668=CARTESIAN_POINT('Origin',(10.2498850797773,1.19997750205665,1.71008769576944));
#7669=CARTESIAN_POINT('Origin',(18.249874265857,1.5999990925362,1.34987144162468));
#7670=CARTESIAN_POINT('',(8.64987537626527,1.20997184651485,1.35013066812897));
#7671=CARTESIAN_POINT('',(15.8498753736357,1.20999228103339,1.34993715379028));
#7672=CARTESIAN_POINT('',(8.64987426936326,1.59997184651144,1.35012946074297));
#7673=CARTESIAN_POINT('Origin',(8.64988283817526,1.98997296104555,1.71012825322518));
#7674=CARTESIAN_POINT('Origin',(8.64988283817526,1.98997296104555,1.71012825322518));
#7675=CARTESIAN_POINT('Origin',(8.64989362079126,1.59997407558665,2.07012946047947));
#7676=CARTESIAN_POINT('',(8.64989472769327,1.20997407559005,2.07013066786547));
#7677=CARTESIAN_POINT('',(8.64989362079126,1.59997407558665,2.07012946047947));
#7678=CARTESIAN_POINT('',(11.0498947268163,1.20998088709626,2.07006616308587));
#7679=CARTESIAN_POINT('Origin',(8.64988394507726,1.59997296104904,1.71012946061119));
#7680=CARTESIAN_POINT('Origin',(8.64988505197926,1.20997296105245,1.7101306679972));
#7681=CARTESIAN_POINT('Origin',(15.8498756424056,1.20999231199279,1.35993715378657));
#7682=CARTESIAN_POINT('Origin',(8.64987564503527,1.20997187747425,1.36013066812527));
#7683=CARTESIAN_POINT('Origin',(8.64988505197926,1.20997296105245,1.7101306679972));
#7684=CARTESIAN_POINT('Origin',(8.64989445892327,1.20997404463074,2.06013066786907));
#7685=CARTESIAN_POINT('Origin',(11.0498944580473,1.20998085613686,2.06006616308957));
#7686=CARTESIAN_POINT('Origin',(10.7727476917913,1.99997818108286,1.45007116595247));
#7687=CARTESIAN_POINT('',(10.7727480340973,1.68997811916686,1.43007212567687));
#7688=CARTESIAN_POINT('',(10.7727471542513,1.99997811916406,1.43007116595987));
#7689=CARTESIAN_POINT('',(10.7873346304323,1.68997826484716,1.46375594417137));
#7690=CARTESIAN_POINT('Origin',(10.7727485716363,1.68997818108556,1.45007212566957));
#7691=CARTESIAN_POINT('',(10.7873337505873,1.99997826484436,1.46375498445437));
#7692=CARTESIAN_POINT('Origin',(11.0498828089163,1.99997977255166,1.71006371748699));
#7693=CARTESIAN_POINT('',(10.7873478708833,1.68997979000386,1.95638752293847));
#7694=CARTESIAN_POINT('Origin',(11.0498836887623,1.68997977255446,1.71006467720408));
#7695=CARTESIAN_POINT('',(10.7873469910373,1.99997979000116,1.95638656322137));
#7696=CARTESIAN_POINT('Origin',(10.5270039503033,1.99997748363076,1.45007777080497));
#7697=CARTESIAN_POINT('',(10.5124195069323,1.68997748460296,1.46376333306287));
#7698=CARTESIAN_POINT('',(10.5124186270873,1.99997748460016,1.46376237334577));
#7699=CARTESIAN_POINT('',(10.5270042926083,1.68997742171476,1.43007873052937));
#7700=CARTESIAN_POINT('Origin',(10.5270048301483,1.68997748363346,1.45007873052207));
#7701=CARTESIAN_POINT('',(10.5270034127633,1.99997742171206,1.43007777081227));
#7702=CARTESIAN_POINT('Origin',(10.6498836889083,1.68997863730336,1.71007542800067));
#7703=CARTESIAN_POINT('',(10.8236019933093,1.68997826349686,1.43007075887547));
#7704=CARTESIAN_POINT('',(10.5124327473833,1.68997900975966,1.95639491182997));
#7705=CARTESIAN_POINT('Origin',(10.2498836890543,1.68997750205235,1.71008617879727));
#7706=CARTESIAN_POINT('',(10.5270193437193,1.68997915543996,1.99007873032447));
#7707=CARTESIAN_POINT('Origin',(10.5270188061793,1.68997909352116,1.97007873033177));
#7708=CARTESIAN_POINT('',(10.7727630852073,1.68997985289206,1.99007212547197));
#7709=CARTESIAN_POINT('',(10.4761653845063,1.68997901110995,1.99008009712587));
#7710=CARTESIAN_POINT('Origin',(10.7727625476673,1.68997979097326,1.97007212547927));
#7711=CARTESIAN_POINT('Origin',(10.2498828092083,1.99997750204965,1.71008521908018));
#7712=CARTESIAN_POINT('',(10.5124318675383,1.99997900975696,1.95639395211287));
#7713=CARTESIAN_POINT('Origin',(9.97274769208326,1.99997591058075,1.45009266754567));
#7714=CARTESIAN_POINT('',(9.97274803438926,1.68997584866475,1.43009362727007));
#7715=CARTESIAN_POINT('',(9.97274715454326,1.99997584866205,1.43009266755307));
#7716=CARTESIAN_POINT('',(9.98733463072426,1.68997599434505,1.46377744576457));
#7717=CARTESIAN_POINT('Origin',(9.97274857192826,1.68997591058355,1.45009362726277));
#7718=CARTESIAN_POINT('',(9.98733375087926,1.99997599434235,1.46377648604757));
#7719=CARTESIAN_POINT('Origin',(10.2498828092083,1.99997750204965,1.71008521908018));
#7720=CARTESIAN_POINT('',(9.98734787117526,1.68997751950175,1.95640902453167));
#7721=CARTESIAN_POINT('Origin',(10.2498836890543,1.68997750205235,1.71008617879727));
#7722=CARTESIAN_POINT('',(9.98734699133026,1.99997751949905,1.95640806481457));
#7723=CARTESIAN_POINT('Origin',(9.72700395059526,1.99997521312875,1.45009927239817));
#7724=CARTESIAN_POINT('',(9.71241950722526,1.68997521410085,1.46378483465607));
#7725=CARTESIAN_POINT('',(9.71241862737926,1.99997521409815,1.46378387493897));
#7726=CARTESIAN_POINT('',(9.72700429290126,1.68997515121265,1.43010023212257));
#7727=CARTESIAN_POINT('Origin',(9.72700483044026,1.68997521313145,1.45010023211527));
#7728=CARTESIAN_POINT('',(9.72700341305526,1.99997515120995,1.43009927240547));
#7729=CARTESIAN_POINT('Origin',(9.84988368920026,1.68997636680135,1.71009692959387));
#7730=CARTESIAN_POINT('',(10.0236019936013,1.68997599299475,1.43009226046867));
#7731=CARTESIAN_POINT('',(9.71243274767526,1.68997673925755,1.95641641342307));
#7732=CARTESIAN_POINT('Origin',(9.44988368934626,1.68997523155025,1.71010768039046));
#7733=CARTESIAN_POINT('',(9.72701934401126,1.68997688493785,1.99010023191757));
#7734=CARTESIAN_POINT('Origin',(9.72701880647126,1.68997682301915,1.97010023192497));
#7735=CARTESIAN_POINT('',(9.97276308549926,1.68997758238995,1.99009362706517));
#7736=CARTESIAN_POINT('',(9.67616538479826,1.68997674060785,1.99010159871907));
#7737=CARTESIAN_POINT('Origin',(9.97276254795926,1.68997752047125,1.97009362707247));
#7738=CARTESIAN_POINT('Origin',(9.44988280950126,1.99997523154755,1.71010672067338));
#7739=CARTESIAN_POINT('',(9.71243186783026,1.99997673925485,1.95641545370607));
#7740=CARTESIAN_POINT('Origin',(9.17274769237526,1.99997364007875,1.45011416913887));
#7741=CARTESIAN_POINT('',(9.17274803468126,1.68997357816275,1.43011512886327));
#7742=CARTESIAN_POINT('',(9.17274715483626,1.99997357815995,1.43011416914617));
#7743=CARTESIAN_POINT('',(9.18733463101726,1.68997372384295,1.46379894735777));
#7744=CARTESIAN_POINT('Origin',(9.17274857222126,1.68997364008145,1.45011512885597));
#7745=CARTESIAN_POINT('',(9.18733375117126,1.99997372384025,1.46379798764067));
#7746=CARTESIAN_POINT('Origin',(9.44988280950126,1.99997523154755,1.71010672067338));
#7747=CARTESIAN_POINT('',(9.18734787146726,1.68997524899975,1.95643052612487));
#7748=CARTESIAN_POINT('Origin',(9.44988368934626,1.68997523155025,1.71010768039046));
#7749=CARTESIAN_POINT('',(9.18734699162226,1.99997524899695,1.95642956640777));
#7750=CARTESIAN_POINT('Origin',(8.92700395088726,1.99997294262665,1.45012077399137));
#7751=CARTESIAN_POINT('',(8.91241950751726,1.68997294359875,1.46380633624927));
#7752=CARTESIAN_POINT('',(8.91241862767126,1.99997294359605,1.46380537653217));
#7753=CARTESIAN_POINT('',(8.92700429319326,1.68997288071065,1.43012173371577));
#7754=CARTESIAN_POINT('Origin',(8.92700483073226,1.68997294262935,1.45012173370847));
#7755=CARTESIAN_POINT('',(8.92700341334726,1.99997288070785,1.43012077399867));
#7756=CARTESIAN_POINT('Origin',(9.04988368949226,1.68997409629925,1.71011843118706));
#7757=CARTESIAN_POINT('',(9.22360199389426,1.68997372249275,1.43011376206187));
#7758=CARTESIAN_POINT('',(8.91243274796726,1.68997446875555,1.95643791501627));
#7759=CARTESIAN_POINT('Origin',(8.64988368963826,1.68997296104824,1.71012918198365));
#7760=CARTESIAN_POINT('',(8.92701934430326,1.68997461443585,1.99012173351077));
#7761=CARTESIAN_POINT('Origin',(8.92701880676326,1.68997455251705,1.97012173351817));
#7762=CARTESIAN_POINT('',(9.17276308579126,1.68997531188795,1.99011512865837));
#7763=CARTESIAN_POINT('',(8.87616538509026,1.68997447010575,1.99012310031227));
#7764=CARTESIAN_POINT('Origin',(9.17276254825226,1.68997524996915,1.97011512866567));
#7765=CARTESIAN_POINT('Origin',(8.64988280979326,1.99997296104545,1.71012822226657));
#7766=CARTESIAN_POINT('',(8.91243186812226,1.99997446875285,1.95643695529927));
#7767=CARTESIAN_POINT('Origin',(8.92701792691826,1.99997455251435,1.97012077380107));
#7768=CARTESIAN_POINT('',(8.92701846445826,1.99997461443305,1.99012077379367));
#7769=CARTESIAN_POINT('Origin',(9.17276166840626,1.99997524996645,1.97011416894857));
#7770=CARTESIAN_POINT('',(9.17276220594626,1.99997531188515,1.99011416894127));
#7771=CARTESIAN_POINT('Origin',(9.72701792662626,1.99997682301635,1.97009927220787));
#7772=CARTESIAN_POINT('',(9.72701846416526,1.99997688493515,1.99009927220057));
#7773=CARTESIAN_POINT('Origin',(9.97276166811426,1.99997752046845,1.97009266735537));
#7774=CARTESIAN_POINT('',(9.97276220565426,1.99997758238725,1.99009266734807));
#7775=CARTESIAN_POINT('Origin',(10.5270179263343,1.99997909351845,1.97007777061467));
#7776=CARTESIAN_POINT('',(10.5270184638733,1.99997915543716,1.99007777060737));
#7777=CARTESIAN_POINT('Origin',(10.7727616678223,1.99997979097056,1.97007116576217));
#7778=CARTESIAN_POINT('',(10.7727622053623,1.99997985288926,1.99007116575487));
#7779=CARTESIAN_POINT('Origin',(10.5270062208713,1.19997748363786,1.45008024749417));
#7780=CARTESIAN_POINT('',(10.5270048034863,1.50997742171636,1.43007928778447));
#7781=CARTESIAN_POINT('',(10.5270056833323,1.19997742171905,1.43008024750157));
#7782=CARTESIAN_POINT('',(10.5124200178103,1.50997748460446,1.46376389031797));
#7783=CARTESIAN_POINT('Origin',(10.5270053410263,1.50997748363505,1.45007928777717));
#7784=CARTESIAN_POINT('',(10.5124208976563,1.19997748460726,1.46376485003497));
#7785=CARTESIAN_POINT('Origin',(10.8236033840333,1.19997826350116,1.43007227584767));
#7786=CARTESIAN_POINT('',(10.7727485449743,1.50997811916846,1.43007268293197));
#7787=CARTESIAN_POINT('',(10.7727494248203,1.19997811917116,1.43007364264907));
#7788=CARTESIAN_POINT('',(10.8236025041873,1.50997826349846,1.43007131613057));
#7789=CARTESIAN_POINT('Origin',(10.7727499623593,1.19997818108996,1.45007364264177));
#7790=CARTESIAN_POINT('',(10.7873351413103,1.50997826484866,1.46375650142647));
#7791=CARTESIAN_POINT('',(10.7873360211563,1.19997826485146,1.46375746114357));
#7792=CARTESIAN_POINT('Origin',(10.7727490825143,1.50997818108716,1.45007268292467));
#7793=CARTESIAN_POINT('Origin',(11.0498850794853,1.19997977255876,1.71006619417625));
#7794=CARTESIAN_POINT('',(10.7873483817613,1.50997979000546,1.95638808019357));
#7795=CARTESIAN_POINT('',(10.7873492616063,1.19997979000816,1.95638903991067));
#7796=CARTESIAN_POINT('Origin',(11.0498841996393,1.50997977255596,1.71006523445916));
#7797=CARTESIAN_POINT('Origin',(10.7727639383903,1.19997979097756,1.97007364245147));
#7798=CARTESIAN_POINT('',(10.7727635960853,1.50997985289366,1.99007268272707));
#7799=CARTESIAN_POINT('',(10.7727644759303,1.19997985289636,1.99007364244417));
#7800=CARTESIAN_POINT('Origin',(10.7727630585453,1.50997979097486,1.97007268273437));
#7801=CARTESIAN_POINT('Origin',(10.4761667752293,1.19997901111426,1.99008161409797));
#7802=CARTESIAN_POINT('',(10.5270198545973,1.50997915544156,1.99007928757947));
#7803=CARTESIAN_POINT('',(10.5270207344423,1.19997915544426,1.99008024729657));
#7804=CARTESIAN_POINT('',(10.4761658953843,1.50997901111146,1.99008065438097));
#7805=CARTESIAN_POINT('Origin',(10.5270201969023,1.19997909352546,1.97008024730387));
#7806=CARTESIAN_POINT('',(10.5124332582613,1.50997900976126,1.95639546908497));
#7807=CARTESIAN_POINT('',(10.5124341381063,1.19997900976396,1.95639642880207));
#7808=CARTESIAN_POINT('Origin',(10.5270193170573,1.50997909352276,1.97007928758687));
#7809=CARTESIAN_POINT('Origin',(10.2498850797773,1.19997750205665,1.71008769576944));
#7810=CARTESIAN_POINT('Origin',(10.2498841999323,1.50997750205395,1.71008673605235));
#7811=CARTESIAN_POINT('Origin',(9.72700622116326,1.19997521313575,1.45010174908737));
#7812=CARTESIAN_POINT('',(9.72700480377826,1.50997515121425,1.43010078937767));
#7813=CARTESIAN_POINT('',(9.72700568362426,1.19997515121705,1.43010174909477));
#7814=CARTESIAN_POINT('',(9.71242001810326,1.50997521410245,1.46378539191117));
#7815=CARTESIAN_POINT('Origin',(9.72700534131826,1.50997521313305,1.45010078937037));
#7816=CARTESIAN_POINT('',(9.71242089794826,1.19997521410515,1.46378635162817));
#7817=CARTESIAN_POINT('Origin',(10.0236033843253,1.19997599299915,1.43009377744087));
#7818=CARTESIAN_POINT('',(9.97274854526726,1.50997584866635,1.43009418452517));
#7819=CARTESIAN_POINT('',(9.97274942511227,1.19997584866905,1.43009514424227));
#7820=CARTESIAN_POINT('',(10.0236025044793,1.50997599299635,1.43009281772377));
#7821=CARTESIAN_POINT('Origin',(9.72702019719427,1.19997682302345,1.97010174889707));
#7822=CARTESIAN_POINT('',(9.71243325855326,1.50997673925915,1.95641697067817));
#7823=CARTESIAN_POINT('',(9.71243413839827,1.19997673926195,1.95641793039527));
#7824=CARTESIAN_POINT('',(9.72701985488926,1.50997688493945,1.99010078917267));
#7825=CARTESIAN_POINT('Origin',(9.72701931734926,1.50997682302075,1.97010078917997));
#7826=CARTESIAN_POINT('',(9.72702073473427,1.19997688494215,1.99010174888977));
#7827=CARTESIAN_POINT('Origin',(9.44988508006927,1.19997523155465,1.71010919736263));
#7828=CARTESIAN_POINT('Origin',(9.44988420022426,1.50997523155185,1.71010823764554));
#7829=CARTESIAN_POINT('Origin',(9.97274996265226,1.19997591058785,1.45009514423497));
#7830=CARTESIAN_POINT('',(9.98733514160226,1.50997599434665,1.46377800301967));
#7831=CARTESIAN_POINT('',(9.98733602144827,1.19997599434935,1.46377896273677));
#7832=CARTESIAN_POINT('Origin',(9.97274908280626,1.50997591058515,1.45009418451787));
#7833=CARTESIAN_POINT('Origin',(10.2498850797773,1.19997750205665,1.71008769576944));
#7834=CARTESIAN_POINT('',(9.98734838205326,1.50997751950335,1.95640958178677));
#7835=CARTESIAN_POINT('',(9.98734926189826,1.19997751950615,1.95641054150387));
#7836=CARTESIAN_POINT('Origin',(10.2498841999323,1.50997750205395,1.71008673605235));
#7837=CARTESIAN_POINT('Origin',(9.97276393868326,1.19997752047555,1.97009514404467));
#7838=CARTESIAN_POINT('',(9.97276359637726,1.50997758239155,1.99009418432027));
#7839=CARTESIAN_POINT('',(9.97276447622226,1.19997758239425,1.99009514403737));
#7840=CARTESIAN_POINT('Origin',(9.97276305883726,1.50997752047275,1.97009418432757));
#7841=CARTESIAN_POINT('Origin',(9.67616677552127,1.19997674061215,1.99010311569117));
#7842=CARTESIAN_POINT('',(9.67616589567626,1.50997674060945,1.99010215597417));
#7843=CARTESIAN_POINT('Origin',(8.92702019748726,1.19997455252135,1.97012325049027));
#7844=CARTESIAN_POINT('',(8.91243325884526,1.50997446875715,1.95643847227137));
#7845=CARTESIAN_POINT('',(8.91243413869127,1.19997446875985,1.95643943198847));
#7846=CARTESIAN_POINT('',(8.92701985518126,1.50997461443745,1.99012229076587));
#7847=CARTESIAN_POINT('Origin',(8.92701931764126,1.50997455251865,1.97012229077317));
#7848=CARTESIAN_POINT('',(8.92702073502627,1.19997461444015,1.99012325048297));
#7849=CARTESIAN_POINT('Origin',(8.64988508036127,1.19997296105254,1.71013069895582));
#7850=CARTESIAN_POINT('',(8.91242001839526,1.50997294360035,1.46380689350427));
#7851=CARTESIAN_POINT('',(8.91242089824027,1.19997294360315,1.46380785322137));
#7852=CARTESIAN_POINT('Origin',(8.64988420051626,1.50997296104985,1.71012973923873));
#7853=CARTESIAN_POINT('Origin',(9.17276393897527,1.19997524997345,1.97011664563787));
#7854=CARTESIAN_POINT('',(9.17276359666926,1.50997531188945,1.99011568591347));
#7855=CARTESIAN_POINT('',(9.17276447651427,1.19997531189225,1.99011664563057));
#7856=CARTESIAN_POINT('',(9.18734838234526,1.50997524900135,1.95643108337997));
#7857=CARTESIAN_POINT('Origin',(9.17276305912926,1.50997524997075,1.97011568592077));
#7858=CARTESIAN_POINT('',(9.18734926219027,1.19997524900405,1.95643204309707));
#7859=CARTESIAN_POINT('Origin',(8.87616677581426,1.19997447011015,1.99012461728437));
#7860=CARTESIAN_POINT('',(8.87616589596826,1.50997447010735,1.99012365756727));
#7861=CARTESIAN_POINT('Origin',(9.17274996294426,1.19997364008575,1.45011664582817));
#7862=CARTESIAN_POINT('',(9.18733514189526,1.50997372384455,1.46379950461287));
#7863=CARTESIAN_POINT('',(9.18733602174026,1.19997372384735,1.46380046432997));
#7864=CARTESIAN_POINT('',(9.17274854555926,1.50997357816425,1.43011568611837));
#7865=CARTESIAN_POINT('Origin',(9.17274908309826,1.50997364008305,1.45011568611107));
#7866=CARTESIAN_POINT('',(9.17274942540426,1.19997357816705,1.43011664583547));
#7867=CARTESIAN_POINT('Origin',(9.44988508006927,1.19997523155465,1.71010919736263));
#7868=CARTESIAN_POINT('Origin',(9.44988420022426,1.50997523155185,1.71010823764554));
#7869=CARTESIAN_POINT('Origin',(8.92700622145627,1.19997294263365,1.45012325068057));
#7870=CARTESIAN_POINT('',(8.92700480407126,1.50997288071225,1.43012229097087));
#7871=CARTESIAN_POINT('',(8.92700568391627,1.19997288071495,1.43012325068787));
#7872=CARTESIAN_POINT('Origin',(8.92700534161026,1.50997294263095,1.45012229096347));
#7873=CARTESIAN_POINT('Origin',(9.22360338461726,1.19997372249705,1.43011527903407));
#7874=CARTESIAN_POINT('',(9.22360250477226,1.50997372249435,1.43011431931697));
#7875=CARTESIAN_POINT('Origin',(10.2498828092083,1.99997750204965,1.71008521908018));
#7876=CARTESIAN_POINT('',(10.2498913681303,1.91997846179105,2.02008546663567));
#7877=CARTESIAN_POINT('Origin',(10.2498830362653,1.91997750205035,1.71008546674911));
#7878=CARTESIAN_POINT('',(10.2498911410729,1.99997846179039,2.02008521896673));
#7879=CARTESIAN_POINT('Origin',(10.2498830362653,1.91997750205035,1.71008546674911));
#7880=CARTESIAN_POINT('',(10.2498894867413,1.91997824507546,1.95008546666127));
#7881=CARTESIAN_POINT('Origin',(10.2498830362653,1.91997750205035,1.71008546674911));
#7882=CARTESIAN_POINT('Origin',(8.64988280979326,1.99997296104545,1.71012822226657));
#7883=CARTESIAN_POINT('',(8.64989136871426,1.91997392078695,2.02012846982207));
#7884=CARTESIAN_POINT('Origin',(8.64988303685026,1.91997296104624,1.71012846993549));
#7885=CARTESIAN_POINT('',(8.6498911416579,1.99997392078618,2.02012822215311));
#7886=CARTESIAN_POINT('Origin',(8.64988303685026,1.91997296104624,1.71012846993549));
#7887=CARTESIAN_POINT('',(8.64988948732526,1.91997370407125,1.95012846984767));
#7888=CARTESIAN_POINT('Origin',(8.64988303685026,1.91997296104624,1.71012846993549));
#7889=CARTESIAN_POINT('Origin',(9.44988280950126,1.99997523154755,1.71010672067338));
#7890=CARTESIAN_POINT('',(9.44989136842226,1.91997619128895,2.02010696822887));
#7891=CARTESIAN_POINT('Origin',(9.44988303655726,1.91997523154825,1.7101069683423));
#7892=CARTESIAN_POINT('',(9.4498911413659,1.99997619128828,2.02010672055992));
#7893=CARTESIAN_POINT('Origin',(9.44988303655726,1.91997523154825,1.7101069683423));
#7894=CARTESIAN_POINT('',(9.44988948703326,1.91997597457335,1.95010696825447));
#7895=CARTESIAN_POINT('Origin',(9.44988303655726,1.91997523154825,1.7101069683423));
#7896=CARTESIAN_POINT('Origin',(10.0236011137563,1.99997599299205,1.43009130075157));
#7897=CARTESIAN_POINT('Origin',(9.67616450495326,1.99997674060515,1.99010063900197));
#7898=CARTESIAN_POINT('Origin',(9.22360111404826,1.99997372248995,1.43011280234477));
#7899=CARTESIAN_POINT('Origin',(8.87616450524526,1.99997447010305,1.99012214059517));
#7900=CARTESIAN_POINT('Origin',(10.8236011134643,1.99997826349416,1.43006979915837));
#7901=CARTESIAN_POINT('Origin',(10.4761645046613,1.99997901110716,1.99007913740877));
#7902=CARTESIAN_POINT('Origin',(10.6498841997863,1.50997863730496,1.71007598525576));
#7903=CARTESIAN_POINT('Origin',(9.04988420037026,1.50997409630085,1.71011898844214));
#7904=CARTESIAN_POINT('Origin',(9.84988420007826,1.50997636680295,1.71009748684895));
#7905=CARTESIAN_POINT('Origin',(9.44988508006927,1.19997523155465,1.71010919736263));
#7906=CARTESIAN_POINT('',(9.44989318487726,1.27997619129465,2.02010894958027));
#7907=CARTESIAN_POINT('',(9.4498934119339,1.19997619129538,2.02010919724917));
#7908=CARTESIAN_POINT('Origin',(9.44988485301226,1.27997523155395,1.7101089496937));
#7909=CARTESIAN_POINT('Origin',(9.44988485301226,1.27997523155395,1.7101089496937));
#7910=CARTESIAN_POINT('',(9.44989130348826,1.27997597457895,1.95010894960587));
#7911=CARTESIAN_POINT('Origin',(9.44988485301226,1.27997523155395,1.7101089496937));
#7912=CARTESIAN_POINT('Origin',(8.64988508036127,1.19997296105254,1.71013069895582));
#7913=CARTESIAN_POINT('',(8.64989318516927,1.27997392079255,2.02013045117347));
#7914=CARTESIAN_POINT('',(8.6498934122259,1.19997392079328,2.02013069884237));
#7915=CARTESIAN_POINT('Origin',(8.64988485330426,1.27997296105185,1.71013045128689));
#7916=CARTESIAN_POINT('Origin',(8.64988485330426,1.27997296105185,1.71013045128689));
#7917=CARTESIAN_POINT('',(8.64989130378027,1.27997370407694,1.95013045119907));
#7918=CARTESIAN_POINT('Origin',(8.64988485330426,1.27997296105185,1.71013045128689));
#7919=CARTESIAN_POINT('Origin',(10.2498850797773,1.19997750205665,1.71008769576944));
#7920=CARTESIAN_POINT('',(10.2498931845853,1.27997846179666,2.02008744798707));
#7921=CARTESIAN_POINT('',(10.2498934116419,1.19997846179739,2.02008769565598));
#7922=CARTESIAN_POINT('Origin',(10.2498848527203,1.27997750205595,1.71008744810051));
#7923=CARTESIAN_POINT('Origin',(10.2498848527203,1.27997750205595,1.71008744810051));
#7924=CARTESIAN_POINT('',(10.2498913031963,1.27997824508105,1.95008744801267));
#7925=CARTESIAN_POINT('Origin',(10.2498848527203,1.27997750205595,1.71008744810051));
#7926=CARTESIAN_POINT('Origin',(10.2498839444933,1.59997750205315,1.71008645742481));
#7927=CARTESIAN_POINT('',(10.2498903949691,1.59997824507824,1.95008645733697));
#7928=CARTESIAN_POINT('Origin',(9.44988394478526,1.59997523155105,1.710107959018));
#7929=CARTESIAN_POINT('',(9.44989039526111,1.59997597457613,1.95010795893017));
#7930=CARTESIAN_POINT('Origin',(8.64988394507726,1.59997296104904,1.71012946061119));
#7931=CARTESIAN_POINT('',(8.64989039555311,1.59997370407413,1.95012946052336));
#7932=UNCERTAINTY_MEASURE_WITH_UNIT(LENGTH_MEASURE(0.001),#7936,
'DISTANCE_ACCURACY_VALUE',
'Maximum model space distance between geometric entities at asserted c
onnectivities');
#7933=UNCERTAINTY_MEASURE_WITH_UNIT(LENGTH_MEASURE(0.001),#7936,
'DISTANCE_ACCURACY_VALUE',
'Maximum model space distance between geometric entities at asserted c
onnectivities');
#7934=(
GEOMETRIC_REPRESENTATION_CONTEXT(3)
GLOBAL_UNCERTAINTY_ASSIGNED_CONTEXT((#7932))
GLOBAL_UNIT_ASSIGNED_CONTEXT((#7936,#7937,#7938))
REPRESENTATION_CONTEXT('','3D')
);
#7935=(
GEOMETRIC_REPRESENTATION_CONTEXT(3)
GLOBAL_UNCERTAINTY_ASSIGNED_CONTEXT((#7933))
GLOBAL_UNIT_ASSIGNED_CONTEXT((#7936,#7937,#7938))
REPRESENTATION_CONTEXT('','3D')
);
#7936=(
LENGTH_UNIT()
NAMED_UNIT(*)
SI_UNIT(.CENTI.,.METRE.)
);
#7937=(
NAMED_UNIT(*)
PLANE_ANGLE_UNIT()
SI_UNIT($,.RADIAN.)
);
#7938=(
NAMED_UNIT(*)
SI_UNIT($,.STERADIAN.)
SOLID_ANGLE_UNIT()
);
#7939=SHAPE_DEFINITION_REPRESENTATION(#7940,#7941);
#7940=PRODUCT_DEFINITION_SHAPE('',$,#7943);
#7941=SHAPE_REPRESENTATION('',(#4551),#7934);
#7942=PRODUCT_DEFINITION_CONTEXT('part definition',#7947,'design');
#7943=PRODUCT_DEFINITION('New Body Mt+Jetson','New Body Mt+Jetson v4',#7944,
#7942);
#7944=PRODUCT_DEFINITION_FORMATION('',$,#7949);
#7945=PRODUCT_RELATED_PRODUCT_CATEGORY('New Body Mt+Jetson v4',
'New Body Mt+Jetson v4',(#7949));
#7946=APPLICATION_PROTOCOL_DEFINITION('international standard',
'automotive_design',2009,#7947);
#7947=APPLICATION_CONTEXT(
'Core Data for Automotive Mechanical Design Process');
#7948=PRODUCT_CONTEXT('part definition',#7947,'mechanical');
#7949=PRODUCT('New Body Mt+Jetson','New Body Mt+Jetson v4',$,(#7948));
#7950=PRESENTATION_STYLE_ASSIGNMENT((#7952));
#7951=PRESENTATION_STYLE_ASSIGNMENT((#7953));
#7952=SURFACE_STYLE_USAGE(.BOTH.,#7954);
#7953=SURFACE_STYLE_USAGE(.BOTH.,#7955);
#7954=SURFACE_SIDE_STYLE('',(#7956));
#7955=SURFACE_SIDE_STYLE('',(#7957));
#7956=SURFACE_STYLE_FILL_AREA(#7958);
#7957=SURFACE_STYLE_FILL_AREA(#7959);
#7958=FILL_AREA_STYLE('Steel - Satin',(#7960));
#7959=FILL_AREA_STYLE('Opaque(100,100,100)',(#7961));
#7960=FILL_AREA_STYLE_COLOUR('Steel - Satin',#7962);
#7961=FILL_AREA_STYLE_COLOUR('Opaque(100,100,100)',#7963);
#7962=COLOUR_RGB('Steel - Satin',0.627450980392157,0.627450980392157,0.627450980392157);
#7963=COLOUR_RGB('Opaque(100,100,100)',0.392156862745098,0.392156862745098,
0.392156862745098);
ENDSEC;
END-ISO-10303-21;
